label,text,source,text_clean,has_url,has_phone,predicted_as,categories
smish,"Attractive job এবং study, monthly salary 2 lakh+ এবং PR opportunity @ South Korea।
Free education এবং accommodation.
01720557103
01720557120
01321200716
01550402100",CodeMix,"Attractive job এবং study, monthly salary 2 lakh+ এবং PR opportunity @ South Korea। Free education এবং accommodation. [PHONE] [PHONE]",False,True,promo,"['no_url', 'has_numbers']"
smish,জয়ধ্বনি! আপনার নাম সরকারি লটারিতে এসেছে। ৫০ লক্ষ টাকার পুরস্কার।,Bengali,জয়ধ্বনি! আপনার নাম সরকারি লটারিতে এসেছে। ৫০ লক্ষ টাকার পুরস্কার।,False,False,normal,"['no_url', 'no_phone', 'has_numbers']"
smish,আপনার mobile recharge করতে call করুন: +8801818788890,CodeMix,আপনার mobile recharge করতে call করুন: [PHONE],False,True,normal,"['no_url', 'short_text']"
smish,100% scholarship for studying abroad. No fee required. Contact today to apply. Contact: 01567546390,English,100% scholarship for studying abroad. No fee required. Contact today to apply. Contact: [PHONE],False,True,promo,"['no_url', 'has_numbers', 'no_bangla']"
smish,আপনার মোবাইল রিচার্জ করতে কল করুন: +8801818899001,Bengali,আপনার মোবাইল রিচার্জ করতে কল করুন: [PHONE],False,True,normal,"['no_url', 'short_text']"
smish,আপনার পুরস্কারের টাকা পেতে কল করুন: +8801811234567,Bengali,আপনার পুরস্কারের টাকা পেতে কল করুন: [PHONE],False,True,normal,"['no_url', 'short_text']"
smish,আপনি আমাদের lucky customer! আপনার free 1 বছরের internet subscription claim করুন। Call করুন 019XXXXXXXX।,CodeMix,আপনি আমাদের lucky customer! আপনার free 1 বছরের internet subscription claim করুন। Call করুন 019XX।,False,False,promo,"['no_url', 'no_phone', 'has_numbers']"
smish,Apnar number ta ekta bishesh offer e nirbachito hoyeche! Puroskar pete call korun +8801716677889,Banglish,Apnar number ta ekta bishesh offer e nirbachito hoyeche! Puroskar pete call korun [PHONE],False,True,normal,"['no_url', 'no_bangla']"
smish,প্রিয়জনের মুখে হাসি ফুটাতে ডায়াল *213*6551# চার্জ ৮২.৬৭ প্রতিদিন,Bengali,প্রিয়জনের মুখে হাসি ফুটাতে ডায়াল *213*6551# চার্জ ৮২.৬৭ প্রতিদিন,False,False,promo,"['no_url', 'no_phone', 'has_numbers']"
smish,There is a problem with Bangladesh Bank account. Call: +8801818899001,English,There is a problem with Bangladesh Bank account. Call: [PHONE],False,True,normal,"['no_url', 'no_bangla']"
smish,Sonali Bank theke apnar jonno joruri barta. Call korun: +8801716677889,Banglish,Sonali Bank theke apnar jonno joruri barta. Call korun: [PHONE],False,True,normal,"['no_url', 'no_bangla']"
smish,খণ্ডকালীন জব।বেতন 5000 BDT/দিন।ঘরে বসে কাজ : wa.me/85295102105,Bengali,খণ্ডকালীন জব।বেতন 5000 BDT/দিন।ঘরে বসে কাজ : wa.me/ [PHONE],False,True,promo,"['no_url', 'has_numbers']"
smish,"1,00,000 TK binyoge 2,00,000 TK pan! Call korun: +8801919899901",Banglish,"1,00,000 TK binyoge 2,00,000 TK pan! Call korun: [PHONE]",False,True,normal,"['no_url', 'has_numbers', 'no_bangla']"
smish,"Good Afternoon!! আমি HYPE Dhaka (RB DIGITAL LIMITED) থেকে marketing manager Mithila বলছি, আমাদের company তে একটি campaign চলছে, join করে বাসায় বসেই income করতে পারেন।",CodeMix,"Good Afternoon!! আমি HYPE Dhaka (RB DIGITAL LIMITED) থেকে marketing manager Mithila বলছি, আমাদের company তে একটি campaign চলছে, join করে বাসায় বসেই income করতে পারেন।",False,False,normal,"['no_url', 'no_phone']"
smish,"Urgent recruitment:
Office assistant
Accommodation and meals provided",English,Urgent recruitment: Office assistant Accommodation and meals provided,False,False,promo,"['no_url', 'no_phone', 'no_bangla']"
smish,"জরুরী ভিত্তিতে নিয়োগ: 
Office assistant
থাকা খাওয়ার সুন্দর ব্যবস্থা আছে",CodeMix,জরুরী ভিত্তিতে নিয়োগ: Office assistant থাকা খাওয়ার সুন্দর ব্যবস্থা আছে,False,False,promo,"['no_url', 'no_phone']"
smish,Priyo grahok apnar bidyut shongog bichchinno kora hobe aj raat 10.30 minute theke bidyut office. Karon apnar ager masher bill chilo na update obilombe doya kore amader shathe jogajog korun bidyut kormokrta 9163657962 dhonnobad,Banglish,Priyo grahok apnar bidyut shongog bichchinno kora hobe aj raat 10.30 minute theke bidyut office. Karon apnar ager masher bill chilo na update obilombe doya kore amader shathe jogajog korun bidyut kormokrta [PHONE] dhonnobad,False,True,promo,"['no_url', 'has_numbers', 'no_bangla']"
smish,অ্যাপল আইফোন ১৩ জিতেছেন! ডেলিভারি নিশ্চিত করতে কল করুন: +8801814567890,Bengali,অ্যাপল আইফোন ১৩ জিতেছেন! ডেলিভারি নিশ্চিত করতে কল করুন: [PHONE],False,True,promo,"['no_url', 'has_numbers']"
smish,"Dear customer, your card information needs to be updated. Please call the number below quickly and tell your pin number. Contact number: 01345678956",English,"Dear customer, your card information needs to be updated. Please call the number below quickly and tell your pin number. Contact number: [PHONE]",False,True,normal,"['no_url', 'no_bangla']"
smish,"Invest TK 8,000 and get TK 24,000! Call: +8801919900112",English,"Invest TK 8,000 and get TK 24,000! Call: [PHONE]",False,True,promo,"['no_url', 'short_text', 'has_numbers', 'no_bangla']"
smish,Apnar number ti ekti bishesh offer e nirbachito hoyeche! Puroshkar pete call korun +8801711122334,Banglish,Apnar number ti ekti bishesh offer e nirbachito hoyeche! Puroshkar pete call korun [PHONE],False,True,normal,"['no_url', 'no_bangla']"
smish,দারুণ খবর! আমাদের ভ্রমণ প্যাকেজে ৭০% ডিসকাউন্ট! দ্রুত বুকিং করুন এই নম্বরে :01317235293,Bengali,দারুণ খবর! আমাদের ভ্রমণ প্যাকেজে ৭০% ডিসকাউন্ট! দ্রুত বুকিং করুন এই নম্বরে : [PHONE],False,True,promo,"['no_url', 'has_numbers']"
smish,You have $200 cash value from Amazon expiring in 2 days. We can credit up to $500. Click to claim your automatic savings.,English,You have $200 cash value from Amazon expiring in 2 days. We can credit up to $500. Click to claim your automatic savings.,False,False,promo,"['no_url', 'no_phone', 'has_numbers', 'no_bangla']"
smish,"মহান স্বাধীনতা দিবসের শুভেচ্ছা। বিশ্বস্ত ও স্মার্ট ব্যাংকিং সেবায় ২৪/৭ সোনালী ব্যাংক আপনার পাশে।
মোঃ আফজাল করিম
সিইও এন্ড এমডি",Bengali,মহান স্বাধীনতা দিবসের শুভেচ্ছা। বিশ্বস্ত ও স্মার্ট ব্যাংকিং সেবায় ২৪/৭ সোনালী ব্যাংক আপনার পাশে। মোঃ আফজাল করিম সিইও এন্ড এমডি,False,False,promo,"['no_url', 'no_phone', 'has_numbers']"
smish,"Joruri niyog, thaka khawar shubidha shoh 30,000 taka beton/salary jogajog 01727827826",Banglish,"Joruri niyog, thaka khawar shubidha shoh 30,000 taka beton/salary jogajog [PHONE]",False,True,promo,"['no_url', 'has_numbers', 'no_bangla']"
smish,"1,00,000 টাকা investment-এ 3,00,000 টাকা পান! Call করুন: +8801914344356",CodeMix,"1,00,000 টাকা investment-এ 3,00,000 টাকা পান! Call করুন: [PHONE]",False,True,normal,"['no_url', 'has_numbers']"
smish,আপনার নম্বরটি পুরস্কার জিতেছে। বিস্তারিত জানতে কল করুন +8801718899001,Bengali,আপনার নম্বরটি পুরস্কার জিতেছে। বিস্তারিত জানতে কল করুন [PHONE],False,True,normal,['no_url']
smish,"Greetings on the great Independence Day. Sonali Bank is with you 24/7 in trusted and smart banking services.
Md. Afzal Karim
CEO and MD",English,Greetings on the great Independence Day. Sonali Bank is with you 24/7 in trusted and smart banking services. Md. Afzal Karim CEO and MD,False,False,promo,"['no_url', 'no_phone', 'has_numbers', 'no_bangla']"
smish,"Dear customer, your electricity connection will be disconnected from the electricity office today at 11:30 PM because last month's bill has not been paid. Please contact our electricity officer immediately at 09874567456. Thank you.",English,"Dear customer, your electricity connection will be disconnected from the electricity office today at 11:30 PM because last month's bill has not been paid. Please contact our electricity officer immediately at [PHONE] . Thank you.",False,True,normal,"['no_url', 'has_numbers', 'no_bangla']"
smish,Jonota Bank theke guruttopurno barta. Call korun: +8801715455567,Banglish,Jonota Bank theke guruttopurno barta. Call korun: [PHONE],False,True,normal,"['no_url', 'no_bangla']"
smish,"Priyo abedonkari, Mongol 04/05 tarikh-e sokal 9 tay @1st tolay kendro shotru netritwer sathe ekti inter-view-er jonno apnake bachai kora hoyeche. Onusondhaner jonno onugroho kore jogajog korun: 09029900659",Banglish,"Priyo abedonkari, Mongol 04/05 tarikh-e sokal 9 tay @1st tolay kendro shotru netritwer sathe ekti inter-view-er jonno apnake bachai kora hoyeche. Onusondhaner jonno onugroho kore jogajog korun: [PHONE]",False,True,promo,"['no_url', 'has_numbers', 'no_bangla']"
smish,"Nagad account এ TK10,000 জমা হয়েছে। বিস্তারিত জানতে call করুন: +8801817677789",CodeMix,"Nagad account এ TK10,000 জমা হয়েছে। বিস্তারিত জানতে call করুন: [PHONE]",False,True,normal,"['no_url', 'has_numbers']"
smish,Jonota Bank theke joruri borto. Call korun: +8801719900112,Banglish,Jonota Bank theke joruri borto. Call korun: [PHONE],False,True,normal,"['no_url', 'no_bangla']"
smish,আপনার gas bill due রয়েছে। Immediately payment করুন। Call করুন +8801814455667,CodeMix,আপনার gas bill due রয়েছে। Immediately payment করুন। Call করুন [PHONE],False,True,normal,['no_url']
smish,protidin 500-700 taka income korun notun sim nie! bistarito jante inbox korun.,Banglish,protidin 500-700 taka income korun notun sim nie! bistarito jante inbox korun.,False,False,normal,"['no_url', 'no_phone', 'has_numbers', 'no_bangla']"
smish,"Your land sale money has been deposited, call: +8801819900112",English,"Your land sale money has been deposited, call: [PHONE]",False,True,normal,"['no_url', 'no_bangla']"
smish,"প্রিয় customer আপনার
electric connection disconnect করা হবে
today রাত ১০.৩০ minute-এ
থেকে
electricity office।
কারণ আপনার
last month-র bill pay ছিল না
Update immediately please
আমাদের সাথে contact করুন
electric officer
9163657962 Thank you",CodeMix,প্রিয় customer আপনার electric connection disconnect করা হবে today রাত ১০.৩০ minute-এ থেকে electricity office। কারণ আপনার last month-র bill pay ছিল না Update immediately please আমাদের সাথে contact করুন electric officer [PHONE] Thank you,False,True,normal,"['no_url', 'has_numbers']"
smish,"1,000 taka has been deposited in Nagad account. Call for details: +8801711011123",English,"1,000 taka has been deposited in Nagad account. Call for details: [PHONE]",False,True,normal,"['no_url', 'has_numbers', 'no_bangla']"
smish,Download the largest social gaming app to play 100+ mobile games and win cash prizes up to 25 crore taka daily.,English,Download the largest social gaming app to play 100+ mobile games and win cash prizes up to 25 crore taka daily.,False,False,promo,"['no_url', 'no_phone', 'has_numbers', 'no_bangla']"
smish,আপনার internet connection আবার চালু করতে call করুন +8801811122334,CodeMix,আপনার internet connection আবার চালু করতে call করুন [PHONE],False,True,normal,['no_url']
smish,"আপনার মৌলিক স্থায়ীত্বের মধ্যে ক্যামব্রিজ ইউনিভার্সিটি এপ্লিকেশন ফি মুক্ত! পড়ার স্বপ্ন পূরণ করতে আজই যোগাযোগ করুন - ০১৭৪৬৬৩৫৭২৫""",Bengali,"আপনার মৌলিক স্থায়ীত্বের মধ্যে ক্যামব্রিজ ইউনিভার্সিটি এপ্লিকেশন ফি মুক্ত! পড়ার স্বপ্ন পূরণ করতে আজই যোগাযোগ করুন - [PHONE] """,False,True,promo,['no_url']
smish,"""Abhinondon! Apni pasen"" ""Bkash"""" & BRAC""""N.G.O"""" pokko teke """"STUDENT britt"""" (Taka-10,499/) apnar poriman ID: ekhon apnar prothoi nirbachon korun: Bistrito janta kol korun office: 01794567889 (am 11 to 5pm) othoba""""thik achhe""""lekha SMS korbo? Amra apnar kacha kol korbo.!""",Banglish,"""Abhinondon! Apni pasen"" ""Bkash"""" & BRAC""""N.G.O"""" pokko teke """"STUDENT britt"""" (Taka-10,499/) apnar poriman ID: ekhon apnar prothoi nirbachon korun: Bistrito janta kol korun office: [PHONE] (am 11 to 5pm) othoba""""thik achhe""""lekha SMS korbo? Amra apnar kacha kol korbo.!""",False,True,normal,"['no_url', 'has_numbers', 'no_bangla']"
smish,"You will not get your money delayed, call quickly: +8801912345678",English,"You will not get your money delayed, call quickly: [PHONE]",False,True,normal,"['no_url', 'no_bangla']"
smish,জনতা ব্যাংক থেকে জরুরি বার্তা। কল করুন: +8801913233245,Bengali,জনতা ব্যাংক থেকে জরুরি বার্তা। কল করুন: [PHONE],False,True,normal,"['no_url', 'short_text']"
smish,আপনার মোবাইল রিচার্জ করতে কল করুন: +8801814344356,Bengali,আপনার মোবাইল রিচার্জ করতে কল করুন: [PHONE],False,True,normal,"['no_url', 'short_text']"
smish,"১০০% গেরান্টিসহ মালেশিয়ান, ইউরোপিয়ান,আমেরিকা, কানাডা ভিসা পেতে আজই যোগাযোগ করুন ০১৭৬৫৪৩৩৪২২, অগ্রীম ফি লাগবে না। ",Bengali,"১০০% গেরান্টিসহ মালেশিয়ান, ইউরোপিয়ান,আমেরিকা, কানাডা ভিসা পেতে আজই যোগাযোগ করুন [PHONE] , অগ্রীম ফি লাগবে না।",False,True,promo,"['no_url', 'has_numbers']"
smish,আপনার মোবাইল রিচার্জ করতে কল করুন: +8801815455567,Bengali,আপনার মোবাইল রিচার্জ করতে কল করুন: [PHONE],False,True,normal,"['no_url', 'short_text']"
smish,Apni 4 bhori shona jitechen! Bistarito jante call korun: +8801719900112,Banglish,Apni 4 bhori shona jitechen! Bistarito jante call korun: [PHONE],False,True,normal,"['no_url', 'has_numbers', 'no_bangla']"
smish,"50,000 taka biniyog e 1,50,000 taka orjon korun! Call korun: +8801717677789",Banglish,"50,000 taka biniyog e 1,50,000 taka orjon korun! Call korun: [PHONE]",False,True,normal,"['no_url', 'has_numbers', 'no_bangla']"
smish,Kono down payment charai 100% gari loan shubidha. Ajei abednon korun. Jogajog: 01867546389,Banglish,Kono down payment charai 100% gari loan shubidha. Ajei abednon korun. Jogajog: [PHONE],False,True,normal,"['no_url', 'has_numbers', 'no_bangla']"
smish,Apple iPhone 12 jitechen! Delivery nishchit korte call korun: +8801814455667,Banglish,Apple iPhone 12 jitechen! Delivery nishchit korte call korun: [PHONE],False,True,promo,"['no_url', 'has_numbers', 'no_bangla']"
smish,আপনার ছেলে সমস্যায় আছে জলদি টাকা পাঠান এই নাম্বারে,Bengali,আপনার ছেলে সমস্যায় আছে জলদি টাকা পাঠান এই নাম্বারে,False,False,normal,"['no_url', 'no_phone']"
smish,Call to verify your bank account +8801812233445,English,Call to verify your bank account [PHONE],False,True,normal,"['no_url', 'short_text', 'no_bangla']"
smish,আপনার গ্যাস সংযোগ পুনরায় সক্রিয় করতে কল করুন +8801719900012,Bengali,আপনার গ্যাস সংযোগ পুনরায় সক্রিয় করতে কল করুন [PHONE],False,True,normal,['no_url']
smish,Sonali Bank accounte shomoshya hoyeche. Call korun: +8801813233345,Banglish,Sonali Bank accounte shomoshya hoyeche. Call korun: [PHONE],False,True,normal,"['no_url', 'no_bangla']"
smish,"You have been selected for government bonus scheme, contact 01723122576 to receive up to 50,000
Bonus scheme
Bangladesh Ministry of Finance",English,"You have been selected for government bonus scheme, contact [PHONE] to receive up to 50,000 Bonus scheme Bangladesh Ministry of Finance",False,True,promo,"['no_url', 'has_numbers', 'no_bangla']"
smish,Your basic sustainability includes Cambridge University application fee waiver! Contact today to fulfill your dream of studying - 01746635725,English,Your basic sustainability includes Cambridge University application fee waiver! Contact today to fulfill your dream of studying - [PHONE],False,True,promo,"['no_url', 'no_bangla']"
smish,Apnar mobile number ti high-end laptop jiteche! Puraskar pete kol korun +8801819900012,Banglish,Apnar mobile number ti high-end laptop jiteche! Puraskar pete kol korun [PHONE],False,True,promo,"['no_url', 'no_bangla']"
smish,Bangladesh Bank theke guruttopurno barta. Joruri bhittite call korun: +8801812345678,Banglish,Bangladesh Bank theke guruttopurno barta. Joruri bhittite call korun: [PHONE],False,True,normal,"['no_url', 'no_bangla']"
smish,Bangladesh Bank theke joruri barta. Call korun: +8801915566778,Banglish,Bangladesh Bank theke joruri barta. Call korun: [PHONE],False,True,normal,"['no_url', 'no_bangla']"
smish,"Uddipan।Post: FPO & Branch Accountant। Exam: ০৪/০৫/২৪ (Saturday)। Time: ০৯:০০ AM। Venue: Sylhet Zone Office। Documents: ২ copy photo, CV, application, NID copy, certificates। Address: Shobhashram, ২/১,J block, Shahjalal Uposhohor। Contact: ০১৩২২-৮০৩৫১২।",CodeMix,"Uddipan।Post: FPO & Branch Accountant। Exam: ০৪/০৫/২৪ (Saturday)। Time: ০৯:০০ AM। Venue: Sylhet Zone Office। Documents: ২ copy photo, CV, application, NID copy, certificates। Address: Shobhashram, ২/১,J block, Shahjalal Uposhohor। Contact: [PHONE] ।",False,True,promo,"['no_url', 'has_numbers']"
smish,আপনার সঞ্চয় দ্বিগুণ করার সুযোগ! কল করুন: +8801712122234,Bengali,আপনার সঞ্চয় দ্বিগুণ করার সুযোগ! কল করুন: [PHONE],False,True,normal,"['no_url', 'short_text']"
smish,Alert! Order ID #MFHK98Z Your card has been charged $765.00 on AMZ for SONY Alpha SLT-A55 DSLR camera. To cancel and get refund? Call us + 1844 6620 383,English,Alert! Order ID #MFHK98Z Your card has been charged $765.00 on AMZ for SONY Alpha SLT-A55 DSLR camera. To cancel and get refund? Call us + 1844 6620 383,False,False,promo,"['no_url', 'no_phone', 'has_numbers', 'no_bangla']"
smish,"Scholarship facilities for meritorious students and direct free consultation with experienced doctors along with TK190000 health coverage per year and other benefits of Health Plus, write START RP and send to 28477.",English,"Scholarship facilities for meritorious students and direct free consultation with experienced doctors along with TK1900 health coverage per year and other benefits of Health Plus, write START RP and send to 28477.",False,False,promo,"['no_url', 'no_phone', 'has_numbers', 'no_bangla']"
smish,Apni Royal Tulip Sea Pearl Resort-e binamulye 3 diner obosthan jitechen. Nishchito korte 017XXXXXXXX e call korun.,Banglish,Apni Royal Tulip Sea Pearl Resort-e binamulye 3 diner obosthan jitechen. Nishchito korte 017XX e call korun.,False,False,promo,"['no_url', 'no_phone', 'has_numbers', 'no_bangla']"
smish,"Get 3,00,000 taka by investing 1,00,000 taka! Call: +8801914344356",English,"Get 3,00,000 taka by investing 1,00,000 taka! Call: [PHONE]",False,True,promo,"['no_url', 'has_numbers', 'no_bangla']"
smish,"Dear applicant, you have been selected for an interview with the center enemy leadership on Tuesday 04/05 at 9 AM @1st floor. Please contact for inquiry: 09029900659",English,"Dear applicant, you have been selected for an interview with the center enemy leadership on Tuesday 04/05 at 9 AM @1st floor. Please contact for inquiry: [PHONE]",False,True,promo,"['no_url', 'has_numbers', 'no_bangla']"
smish,"Thank you for your recent Amazon purchase. You have been charged $180.34. If there is any mistake, please call (407)438-4356",English,"Thank you for your recent Amazon purchase. You have been charged $180.34. If there is any mistake, please call (407)438-4356",False,False,normal,"['no_url', 'no_phone', 'has_numbers', 'no_bangla']"
smish,Great news! 70% discount on our travel packages! Quick booking at this number: 01317235293,English,Great news! 70% discount on our travel packages! Quick booking at this number: [PHONE],False,True,promo,"['no_url', 'has_numbers', 'no_bangla']"
smish,আপনার মোবাইল রিচার্জ করতে কল করুন: +8801812233445,Bengali,আপনার মোবাইল রিচার্জ করতে কল করুন: [PHONE],False,True,normal,"['no_url', 'short_text']"
smish,আপনার mobile recharge করতে call করুন: +8801811011023,CodeMix,আপনার mobile recharge করতে call করুন: [PHONE],False,True,normal,"['no_url', 'short_text']"
smish,"Congratulations! You've been selected for BRAC NGO student scholarship (10,499TK). Call office: 01794567889 (11am-5pm) or reply 'OK' via SMS.",English,"Congratulations! You've been selected for BRAC NGO student scholarship (10,499TK). Call office: [PHONE] (11am-5pm) or reply 'OK' via SMS.",False,True,promo,"['no_url', 'has_numbers', 'no_bangla']"
smish,"Your son is in trouble, so send money quickly.",English,"Your son is in trouble, so send money quickly.",False,False,normal,"['no_url', 'no_phone', 'short_text', 'no_bangla']"
smish,Get help with career planning! Choose the ideal workplace for you and plan the right strategy. Get professional help - 01746635725,English,Get help with career planning! Choose the ideal workplace for you and plan the right strategy. Get professional help - [PHONE],False,True,promo,"['no_url', 'no_bangla']"
smish,apnar chele somasyay ache joldi taka pathan ei number e,Banglish,apnar chele somasyay ache joldi taka pathan ei number e,False,False,normal,"['no_url', 'no_phone', 'no_bangla']"
smish,Call +8801914455667 to reset your debit card PIN.,English,Call [PHONE] to reset your debit card PIN.,False,True,normal,"['no_url', 'short_text', 'no_bangla']"
smish,Call +8801715566778 to update your credit score,English,Call [PHONE] to update your credit score,False,True,normal,"['no_url', 'short_text', 'no_bangla']"
smish,Sonali Bank account e truti dekha diyeche. Call korun: +8801914455667,Banglish,Sonali Bank account e truti dekha diyeche. Call korun: [PHONE],False,True,normal,"['no_url', 'no_bangla']"
smish,Urgent message from Bangladesh Bank. Call: +8801911011023,English,Urgent message from Bangladesh Bank. Call: [PHONE],False,True,normal,"['no_url', 'no_bangla']"
smish,Jonota Bank account e shomoshya hoyeche. Call korun: +8801816566678,Banglish,Jonota Bank account e shomoshya hoyeche. Call korun: [PHONE],False,True,normal,"['no_url', 'no_bangla']"
smish,"To recharge your mobile, call now: +8801812233445",CodeMix,"To recharge your mobile, call now: [PHONE]",False,True,normal,"['no_url', 'short_text', 'no_bangla']"
smish," সুবর্ণ সুযোগ! ঘরে বসে ডাটা এন্ট্রি করে প্রতিদিন ১০০০-২০০০ টাকা আয় করুন। রেজিস্ট্রেশন ফি মাত্র ১০০ টাকা। নাম,বয়স,শহর, জাতীয় পরিচয়পত্র নম্বর সহ যোগাযোগ  whatsapp ৭৬০২২৩৬৩১৭",Bengali,"সুবর্ণ সুযোগ! ঘরে বসে ডাটা এন্ট্রি করে প্রতিদিন ১০০০-২০০০ টাকা আয় করুন। রেজিস্ট্রেশন ফি মাত্র ১০০ টাকা। নাম,বয়স,শহর, জাতীয় পরিচয়পত্র নম্বর সহ যোগাযোগ whatsapp [PHONE]",False,True,promo,"['no_url', 'has_numbers']"
smish,বিদেশে education-এর জন্য 100% scholarship। কোন fee নেই। Apply করতে আজই contact করুন। Contact: ০১৫৬৭৫৪৬৩৯০,CodeMix,বিদেশে education-এর জন্য 100% scholarship। কোন fee নেই। Apply করতে আজই contact করুন। Contact: [PHONE],False,True,promo,"['no_url', 'has_numbers']"
smish,Urgent message from Janata Bank. Call: +8801913233345,English,Urgent message from Janata Bank. Call: [PHONE],False,True,normal,"['no_url', 'short_text', 'no_bangla']"
smish,Apnar number-ti ekti bishesh offer-e nirbachito hoyeche! Puruskar pete call korun +8801712233445,Banglish,Apnar number-ti ekti bishesh offer-e nirbachito hoyeche! Puruskar pete call korun [PHONE],False,True,normal,"['no_url', 'no_bangla']"
smish,Stable job. Salary 1500 BDT/day. Work from home: cutt.ly/U6zMFGQ,English,Stable job. Salary 1500 BDT/day. Work from home: cutt.ly/U6zMFGQ,False,False,promo,"['no_url', 'no_phone', 'has_numbers', 'no_bangla']"
smish,100% car loan facility without any down payment. Apply today. Contact: 01867546389,English,100% car loan facility without any down payment. Apply today. Contact: [PHONE],False,True,promo,"['no_url', 'has_numbers', 'no_bangla']"
smish,"Priyo prarthi, Apni bachai kora hoyechen BRAC Bank PLC er jonno Relationship Executive pother jonno prathomic shakkhatkar. Mhadi Support Services Limited er chakrir odhine. Tarikh-29 April (Shombar), 2024. Shomoy-2.00 PM. Beton-24000/- Apnake obosshoi ekti update kora CV ebong SSC certificate er photocopy ante hobe. Thikana: Gulshan Grace, 8 South Gulshan Avenue, Level-5, 2nd Building. Gulshan-1, Dhaka. (Prokar: obsthan pete Google Map e Mahadi Corporate Office) Shubhechcha, Mahadi Support Services Limited.",Banglish,"Priyo prarthi, Apni bachai kora hoyechen BRAC Bank PLC er jonno Relationship Executive pother jonno prathomic shakkhatkar. Mhadi Support Services Limited er chakrir odhine. Tarikh-29 April (Shombar), 2024. Shomoy-2.00 PM. Beton-24000/- Apnake obosshoi ekti update kora CV ebong SSC certificate er photocopy ante hobe. Thikana: Gulshan Grace, 8 South Gulshan Avenue, Level-5, 2nd Building. Gulshan-1, Dhaka. (Prokar: obsthan pete Google Map e Mahadi Corporate Office) Shubhechcha, Mahadi Support Services Limited.",False,False,promo,"['no_url', 'no_phone', 'has_numbers', 'no_bangla']"
smish,Apnar account shurakkkhito noy. 4000 taka pathan ei number e: 01789765432l.,Banglish,Apnar account shurakkkhito noy. 4000 taka pathan ei number e: [PHONE] l.,False,True,normal,"['no_url', 'has_numbers', 'no_bangla']"
smish,Janata Bank থেকে important বার্তা। call করুন: +8801715455567,CodeMix,Janata Bank থেকে important বার্তা। call করুন: [PHONE],False,True,normal,['no_url']
smish,অনলাইনে সার্চ দিন  প্রিয় কেসিনো এবং জিতে নিন হাজার হাজার বোনাস মাত্র কয়েক ঘন্টায়।,Bengali,অনলাইনে সার্চ দিন প্রিয় কেসিনো এবং জিতে নিন হাজার হাজার বোনাস মাত্র কয়েক ঘন্টায়।,False,False,promo,"['no_url', 'no_phone']"
smish,"Emergency নিয়োগ,  থাকা খাওয়ার facility সহ ৩০,০০০ টাকার salary যোগাযোগ ০১৭২৭৮২৭৮২৬",CodeMix,"Emergency নিয়োগ, থাকা খাওয়ার facility সহ ৩০,০০০ টাকার salary যোগাযোগ [PHONE]",False,True,promo,"['no_url', 'has_numbers']"
smish,"আপনার জমি বিক্রির টাকা জমা হয়েছে, কল করুন: +8801816677889",Bengali,"আপনার জমি বিক্রির টাকা জমা হয়েছে, কল করুন: [PHONE]",False,True,normal,['no_url']
smish,সোনালী ব্যাংক থেকে আপনার জন্য জরুরি বার্তা। কল করুন: +8801716677889,Bengali,সোনালী ব্যাংক থেকে আপনার জন্য জরুরি বার্তা। কল করুন: [PHONE],False,True,normal,['no_url']
smish,"Apnar poroborthi Grameenphone recharge e BDT 2,000 discount pan.",Banglish,"Apnar poroborthi Grameenphone recharge e BDT 2,000 discount pan.",False,False,promo,"['no_url', 'no_phone', 'has_numbers', 'no_bangla']"
smish,Please send money urgently for your son's problem.,English,Please send money urgently for your son's problem.,False,False,normal,"['no_url', 'no_phone', 'no_bangla']"
smish,Shortoktoa! Order ID #MFHK98Z SONY Alpha SLT-A55 DSLR camera er jonno AMZ-e apnar card theke $765.00 charge kora hoyeche. Batil ebong ferot pete? Amader call korun + 1844 6620 383,Banglish,Shortoktoa! Order ID #MFHK98Z SONY Alpha SLT-A55 DSLR camera er jonno AMZ-e apnar card theke $765.00 charge kora hoyeche. Batil ebong ferot pete? Amader call korun + 1844 6620 383,False,False,promo,"['no_url', 'no_phone', 'has_numbers', 'no_bangla']"
smish,"Golden opportunity for unemployed youth, women, housewives, retired persons to earn a lot of money online from home in a short time",English,"Golden opportunity for unemployed youth, women, housewives, retired persons to earn a lot of money online from home in a short time",False,False,promo,"['no_url', 'no_phone', 'no_bangla']"
smish,"Apnar jomi bikrir taka joma hoyeche, call korun: +8801819899901",Banglish,"Apnar jomi bikrir taka joma hoyeche, call korun: [PHONE]",False,True,normal,"['no_url', 'no_bangla']"
smish,Bangladesh Bank থেকে emergency message। Call করুন: +8801915566778,CodeMix,Bangladesh Bank থেকে emergency message। Call করুন: [PHONE],False,True,normal,['no_url']
smish,Your account will be blocked. Contact 01789765432.,English,Your account will be blocked. Contact [PHONE] .,False,True,normal,"['no_url', 'short_text', 'no_bangla']"
smish,Abhinondon! apni Radisson Blu-te dujoner jonno ekti binamullo dinner jitechen. apnar table book korte call korun 017XXXXXXXX.,Banglish,Abhinondon! apni Radisson Blu-te dujoner jonno ekti binamullo dinner jitechen. apnar table book korte call korun 017XX.,False,False,normal,"['no_url', 'no_phone', 'has_numbers', 'no_bangla']"
smish,"জরুরি নিয়োগ,  থাকা খাওয়ার সুবিধাসহ ৩০,০০০ টাকার বেতন/ সেলারি  যোগাযোগ ০১৭২৭৮২৭৮২৬",Bengali,"জরুরি নিয়োগ, থাকা খাওয়ার সুবিধাসহ ৩০,০০০ টাকার বেতন/ সেলারি যোগাযোগ [PHONE]",False,True,promo,"['no_url', 'has_numbers']"
smish,Urgent police verification required. Fine avoid korte 2000TK bKash korun 01798765432 e.,Banglish,Urgent police verification required. Fine avoid korte 2000TK bKash korun [PHONE] e.,False,True,normal,"['no_url', 'has_numbers', 'no_bangla']"
smish,স্থিতিশীল কাজ। বেতন 1500 BDT/দিন। ঘরে বসে কাজ: cutt.ly/U6zMFGQ,Bengali,স্থিতিশীল কাজ। বেতন 1500 BDT/দিন। ঘরে বসে কাজ: cutt.ly/U6zMFGQ,False,False,promo,"['no_url', 'no_phone', 'has_numbers']"
smish,"If anyone wants to earn income online from home, inbox me. 200 to 500 taka daily.",English,"If anyone wants to earn income online from home, inbox me. 200 to 500 taka daily.",False,False,normal,"['no_url', 'no_phone', 'has_numbers', 'no_bangla']"
smish,আপনার গ্যাস বিল বকেয়া রয়েছে। অবিলম্বে পেমেন্ট করুন। কল করুন +8801814455667,Bengali,আপনার গ্যাস বিল বকেয়া রয়েছে। অবিলম্বে পেমেন্ট করুন। কল করুন [PHONE],False,True,normal,['no_url']
smish,"Good Afternoon!! I am Mithila, Marketing Manager at HYPE Dhaka (RB DIGITAL LIMITED). Our company is running a campaign where you can join and earn from home.",English,"Good Afternoon!! I am Mithila, Marketing Manager at HYPE Dhaka (RB DIGITAL LIMITED). Our company is running a campaign where you can join and earn from home.",False,False,promo,"['no_url', 'no_phone', 'no_bangla']"
smish,২৪ ঘণ্টার মধ্যে ৫ লক্ষ টাকা লোন নিশ্চিত। কোন জমা বা দালালি নেই। আজই আবেদন করুন। যোগাযোগ: ০১৮৬৭৫৪৬৩৮৯,Bengali,২৪ ঘণ্টার মধ্যে ৫ লক্ষ টাকা লোন নিশ্চিত। কোন জমা বা দালালি নেই। আজই আবেদন করুন। যোগাযোগ: [PHONE],False,True,promo,"['no_url', 'has_numbers']"
smish,"*Home-এ বসে form fillup কাজ। 
* ৫ form = ৫১০TK, 
আমাদের company-তে hiring চলছে। 
*Qualification: বাংলা পড়তে পারলেই হবে 
*WhatsApp থাকতে হবে। 
*Salary: ৮০০০-১৮০০০TK",CodeMix,"*Home-এ বসে form fillup কাজ। * ৫ form = ৫১০TK, আমাদের company-তে hiring চলছে। *Qualification: বাংলা পড়তে পারলেই হবে *WhatsApp থাকতে হবে। *Salary: [PHONE] TK",False,True,promo,"['no_url', 'has_numbers']"
smish,"Dear customer your
electricity connection will be disconnected
today at 10.30 PM
from
Electricity Office.
Because your
previous month's bill was not
updated please
contact us immediately
Electricity Officer
9163657962 Thank you",English,Dear customer your electricity connection will be disconnected today at 10.30 PM from Electricity Office. Because your previous month's bill was not updated please contact us immediately Electricity Officer [PHONE] Thank you,False,True,normal,"['no_url', 'has_numbers', 'no_bangla']"
smish,Call to reactivate your gas connection +8801719900012,English,Call to reactivate your gas connection [PHONE],False,True,normal,"['no_url', 'short_text', 'no_bangla']"
smish,"Juktorajye nibondhito nurse hisabe ekta career toiri korun , mashik minimum soho 2 bochor er kajer visa. Prarombhik beton 3 lakh taka BSB,Dhaka Please Contact Us: 01332518402 , 01332518406",Banglish,"Juktorajye nibondhito nurse hisabe ekta career toiri korun , mashik minimum soho 2 bochor er kajer visa. Prarombhik beton 3 lakh taka BSB,Dhaka Please Contact Us: [PHONE] , [PHONE]",False,True,promo,"['no_url', 'has_numbers', 'no_bangla']"
smish,জনতা ব্যাংক অ্যাকাউন্টে সমস্যা হয়েছে। কল করুন: +8801816566678,Bengali,জনতা ব্যাংক অ্যাকাউন্টে সমস্যা হয়েছে। কল করুন: [PHONE],False,True,normal,['no_url']
smish,আপনার number-টি prize জিতেছে। বিস্তারিত জানতে call করুন +8801718899001,CodeMix,আপনার number-টি prize জিতেছে। বিস্তারিত জানতে call করুন [PHONE],False,True,normal,['no_url']
smish,"Dear Customer, 23-02-2020 tarikh e card XX diye Rs.8990 len-den hoyeche K Enterprice ds POS/ECOM theke. len-den number paoya jayni. jodi eti apnar dora na hoye thake, tobe registered mobile number theke 18604195555 e SMS preron korun.",Banglish,"Dear Customer, 23-02-2020 tarikh e card XX diye Rs.8990 len-den hoyeche K Enterprice ds POS/ECOM theke. len-den number paoya jayni. jodi eti apnar dora na hoye thake, tobe registered mobile number theke [PHONE] e SMS preron korun.",False,True,normal,"['no_url', 'has_numbers', 'no_bangla']"
smish,"100% guaranteed job opportunity abroad. No fee, just need your passport and educational qualifications. Contact: 01867546389",English,"100% guaranteed job opportunity abroad. No fee, just need your passport and educational qualifications. Contact: [PHONE]",False,True,promo,"['no_url', 'has_numbers', 'no_bangla']"
smish,Bangladesh Bank theke joruri barta. call korun: +8801916566678,Banglish,Bangladesh Bank theke joruri barta. call korun: [PHONE],False,True,normal,"['no_url', 'no_bangla']"
smish,Shudhu mobile thakle apniyo parben mashe kompokkhe 15000-20000 taka ay korte. Bistarito jante 01783627284,Banglish,Shudhu mobile thakle apniyo parben mashe kompokkhe [PHONE] taka ay korte. Bistarito jante [PHONE],False,True,normal,"['no_url', 'no_bangla']"
smish,মেধাবী students-দের জন্য scholarship facility ও experienced doctor-এর সাথে directly free consultation সহ বছরে ৳190000 health coverage-এর সাথে Health Plus-এর অন্যান্য benefit পেতে START RP লিখে send করুন 28477.,CodeMix,মেধাবী students-দের জন্য scholarship facility ও experienced doctor-এর সাথে directly free consultation সহ বছরে ৳1900 health coverage-এর সাথে Health Plus-এর অন্যান্য benefit পেতে START RP লিখে send করুন 28477.,False,False,promo,"['no_url', 'no_phone', 'has_numbers']"
smish,There's a problem with your account. Contact this number quickly 01728375843.,English,There's a problem with your account. Contact this number quickly [PHONE] .,False,True,normal,"['no_url', 'no_bangla']"
smish,"Dear customer, আপনার City Bank credit card update দরকার। Please confirm your info 018XXXXXXXX নম্বরে call করুন।",CodeMix,"Dear customer, আপনার City Bank credit card update দরকার। Please confirm your info 018XX নম্বরে call করুন।",False,False,normal,"['no_url', 'no_phone', 'has_numbers']"
smish,Doya kore apnar cheler shomoshyar jonno taratari taka pathan.,Banglish,Doya kore apnar cheler shomoshyar jonno taratari taka pathan.,False,False,normal,"['no_url', 'no_phone', 'no_bangla']"
smish,"২০,০০০ TK investment-এ ৬০,০০০ TK পান! Call করুন: +8801916566678",CodeMix,"২০,০০০ TK investment-এ ৬০,০০০ TK পান! Call করুন: [PHONE]",False,True,promo,"['no_url', 'has_numbers']"
smish,"Dear student, Congratulations on passing your secondary exam. Today you are the future of Bangladesh, we await you. Comilla City College (EIIN:134648) Kotbari, Comilla Mobile: 01781939370 01859412805",English,"Dear student, Congratulations on passing your secondary exam. Today you are the future of Bangladesh, we await you. Comilla City College (EIIN:134648) Kotbari, Comilla Mobile: [PHONE]",False,True,promo,"['no_url', 'has_numbers', 'no_bangla']"
smish,"Invest TK 1,00,000 and get TK 3,00,000! Call: +8801911011023",English,"Invest TK 1,00,000 and get TK 3,00,000! Call: [PHONE]",False,True,normal,"['no_url', 'has_numbers', 'no_bangla']"
smish,"সাইপ্রাস/ইউরোপে স্পট ভর্তি প্রতিনিধির উপস্থিতিতে (মিঃ পাম্বোস) 10-11 অক্টোবর, 100% ভিসার নিশ্চয়তা, ক্রেডিট ট্রান্সফার, টিউশন ফি 5000 ইউরো শুধুমাত্র, বিএসবি, ঢাকা যোগাযোগের নম্বর: 01720577099",Bengali,"সাইপ্রাস/ইউরোপে স্পট ভর্তি প্রতিনিধির উপস্থিতিতে (মিঃ পাম্বোস) 10-11 অক্টোবর, 100% ভিসার নিশ্চয়তা, ক্রেডিট ট্রান্সফার, টিউশন ফি 5000 ইউরো শুধুমাত্র, বিএসবি, ঢাকা যোগাযোগের নম্বর: [PHONE]",False,True,promo,"['no_url', 'has_numbers']"
smish,বাংলাদেশ ব্যাংক থেকে আপনার জন্য জরুরি বার্তা। কল করুন: +8801911011123,Bengali,বাংলাদেশ ব্যাংক থেকে আপনার জন্য জরুরি বার্তা। কল করুন: [PHONE],False,True,normal,['no_url']
smish,"Priyo grahok, apnar mobile numberTi block kora hochhe. Eta erate 017XXXXXXXX number e call kore apnar porichoy nishchito korun.",Banglish,"Priyo grahok, apnar mobile numberTi block kora hochhe. Eta erate 017XX number e call kore apnar porichoy nishchito korun.",False,False,normal,"['no_url', 'no_phone', 'has_numbers', 'no_bangla']"
smish,"প্রিয় candidate,
আপনি selected হয়েছে
BRAC Bank PLC-এর জন্য Relationship Executive পদের জন্য preliminary interview। Mhadi Support Services Limited-এর job-এর অধীনে। Date-29 April (Monday), 2024। Time-2.00 PM। Salary-24000/- আপনাকে অবশ্যই একটি updated CV এবং SSC certificate-এর photocopy আনতে হবে। Address: Gulshan Grace, 8 South Gulshan Avenue, Level-5, 2nd Building। Gulshan-1, Dhaka। (Type: location পেতে Google Map-এ 'Mahadi Corporate Office') Best regards,
Mahadi Support Services Limited।",CodeMix,"প্রিয় candidate, আপনি selected হয়েছে BRAC Bank PLC-এর জন্য Relationship Executive পদের জন্য preliminary interview। Mhadi Support Services Limited-এর job-এর অধীনে। Date-29 April (Monday), 2024। Time-2.00 PM। Salary-24000/- আপনাকে অবশ্যই একটি updated CV এবং SSC certificate-এর photocopy আনতে হবে। Address: Gulshan Grace, 8 South Gulshan Avenue, Level-5, 2nd Building। Gulshan-1, Dhaka। (Type: location পেতে Google Map-এ 'Mahadi Corporate Office') Best regards, Mahadi Support Services Limited।",False,False,promo,"['no_url', 'no_phone', 'has_numbers']"
smish,আপনার account secure নয়। ৪০০০ টাকা send করুন এই number-এ: ০১৭৮৯৭৬৫৪৩২১।,CodeMix,আপনার account secure নয়। ৪০০০ টাকা send করুন এই number-এ: [PHONE] ।,False,True,normal,"['no_url', 'has_numbers']"
smish,"আপনার son problem-এ আছে, তাই দ্রুত টাকা পাঠান।",CodeMix,"আপনার son problem-এ আছে, তাই দ্রুত টাকা পাঠান।",False,False,normal,"['no_url', 'no_phone', 'short_text']"
smish,Krishok der jonno sorkar dicche panchas hajar taka porjonto bhortuki. Bhortuki pete akhonii jogajog korun 01538272734,Banglish,Krishok der jonno sorkar dicche panchas hajar taka porjonto bhortuki. Bhortuki pete akhonii jogajog korun [PHONE],False,True,normal,"['no_url', 'no_bangla']"
smish,"Smartphone জেতার amazing offer! Simple কিছু question এর answer দিয়ে win করুন ১৪,৯৯৯ TK এর attractive smartphone Oppo A17 মাত্র ২.৭৮TK/day, Dial *213*664#",CodeMix,"Smartphone জেতার amazing offer! Simple কিছু question এর answer দিয়ে win করুন ১৪,৯৯৯ TK এর attractive smartphone Oppo A17 মাত্র ২.৭৮TK/day, Dial *213*664#",False,False,promo,"['no_url', 'no_phone', 'has_numbers']"
smish,jonta bank account block hoyeche. punoray chalute call korun: +8801815566778,Banglish,jonta bank account block hoyeche. punoray chalute call korun: [PHONE],False,True,normal,"['no_url', 'no_bangla']"
smish,An urgent message has come from Bangladesh Bank. Call: +8801914567890,English,An urgent message has come from Bangladesh Bank. Call: [PHONE],False,True,normal,"['no_url', 'no_bangla']"
smish,"Apnar shamprotik Amazon kenar jonno apnake dhonnobad. Apnake $180.34 charge kora hoyeche. Jodi kono vul hoye thake, onugroho kore call korun (407)438-4356",Banglish,"Apnar shamprotik Amazon kenar jonno apnake dhonnobad. Apnake $180.34 charge kora hoyeche. Jodi kono vul hoye thake, onugroho kore call korun (407)438-4356",False,False,normal,"['no_url', 'no_phone', 'has_numbers', 'no_bangla']"
smish,Bangladesh Bank account e shomoshya hoyeche. Call korun: +8801818899001,Banglish,Bangladesh Bank account e shomoshya hoyeche. Call korun: [PHONE],False,True,normal,"['no_url', 'no_bangla']"
smish,"দুঃখিত, আমি ভুল করে আপনাকে একটি 6 digit-এর OTP পাঠিয়ে দিয়েছি। আপনি আমাকে OTP-টা forward করতে পারবেন? এখনই দরকার",CodeMix,"দুঃখিত, আমি ভুল করে আপনাকে একটি 6 digit-এর OTP পাঠিয়ে দিয়েছি। আপনি আমাকে OTP-টা forward করতে পারবেন? এখনই দরকার",False,False,normal,"['no_url', 'no_phone', 'has_numbers']"
smish,Apnar shonchoy digun korun! Ekhoni call korun: +8801919876543,Banglish,Apnar shonchoy digun korun! Ekhoni call korun: [PHONE],False,True,normal,"['no_url', 'no_bangla']"
smish,বাংলাদেশ bank থেকে আপনার জন্য urgent message। call করুন: +8801911011123,CodeMix,বাংলাদেশ bank থেকে আপনার জন্য urgent message। call করুন: [PHONE],False,True,normal,['no_url']
smish,You have won a free 3-day stay at Royal Tulip Sea Pearl Resort. Call 017XXXXXXXX to confirm.,English,You have won a free 3-day stay at Royal Tulip Sea Pearl Resort. Call 017XX to confirm.,False,False,promo,"['no_url', 'no_phone', 'has_numbers', 'no_bangla']"
smish,Apnar kache Amazon theke $200 nagod mulyo royechhe 2 diner modhhe mayad shesh hobe. Amra apnake $500 porjonto paona dite pari. Ekta samprekkho shiddhant er karone gat borsho amra apnake onek beshi charge korte perechhi. Apnar swayongkriyo sonchoy prostut.,Banglish,Apnar kache Amazon theke $200 nagod mulyo royechhe 2 diner modhhe mayad shesh hobe. Amra apnake $500 porjonto paona dite pari. Ekta samprekkho shiddhant er karone gat borsho amra apnake onek beshi charge korte perechhi. Apnar swayongkriyo sonchoy prostut.,False,False,normal,"['no_url', 'no_phone', 'has_numbers', 'no_bangla']"
smish,Win signed gloves by Mashrafe by betting at the casino. Start now: xini.eu/00Qe,English,Win signed gloves by Mashrafe by betting at the casino. Start now: xini.eu/00Qe,False,False,promo,"['no_url', 'no_phone', 'has_numbers', 'no_bangla']"
smish,"প্রিয় প্রার্থী,
আপনি বাছাই করা হয়েছে
ব্র্যাক ব্যাংক পিএলসি-এর জন্য রিলেশনশিপ এক্সিকিউটিভ"" পদের জন্য প্রাথমিক সাক্ষাৎকার। Mhadi সাপোর্ট সার্ভিসেস লিমিটেডের চাকরির অধীনে। তারিখ-২৯ এপ্রিল (সোমবার), 2024। সময়-2.00 PM। বেতন-24000/- আপনাকে অবশ্যই একটি আপডেট করা CV এবং SSC সার্টিফিকেটের ফটোকপি আনতে হবে। ঠিকানা: গুলশান গ্রেস, 8 সাউথ গুলশান এভিনিউ, লেভেল-5, ২য় বিল্ডিং। গুলশান-১, ঢাকা। (প্রকার: অবস্থান পেতে গুগল ম্যাপে ""মাহাদি কর্পোরেট অফিস"") শুভেচ্ছা,
মাহাদি সাপোর্ট সার্ভিসেস লিমিটেড।",Bengali,"প্রিয় প্রার্থী, আপনি বাছাই করা হয়েছে ব্র্যাক ব্যাংক পিএলসি-এর জন্য রিলেশনশিপ এক্সিকিউটিভ"" পদের জন্য প্রাথমিক সাক্ষাৎকার। Mhadi সাপোর্ট সার্ভিসেস লিমিটেডের চাকরির অধীনে। তারিখ-২৯ এপ্রিল (সোমবার), 2024। সময়-2.00 PM। বেতন-24000/- আপনাকে অবশ্যই একটি আপডেট করা CV এবং SSC সার্টিফিকেটের ফটোকপি আনতে হবে। ঠিকানা: গুলশান গ্রেস, 8 সাউথ গুলশান এভিনিউ, লেভেল-5, ২য় বিল্ডিং। গুলশান-১, ঢাকা। (প্রকার: অবস্থান পেতে গুগল ম্যাপে ""মাহাদি কর্পোরেট অফিস"") শুভেচ্ছা, মাহাদি সাপোর্ট সার্ভিসেস লিমিটেড।",False,False,promo,"['no_url', 'no_phone', 'has_numbers']"
smish,"Dear countrymen! (COVID-19)
TK2,500 government
assistance will be given for coronavirus.
Contact the number below to receive money:- 01810559231",English,"Dear countrymen! (COVID-19) TK2,500 government assistance will be given for coronavirus. Contact the number below to receive money:- [PHONE]",False,True,normal,"['no_url', 'has_numbers', 'no_bangla']"
smish,Apnar shonchoy diguon korar sujog! Call korun: +8801718899001,Banglish,Apnar shonchoy diguon korar sujog! Call korun: [PHONE],False,True,normal,"['no_url', 'no_bangla']"
smish,"বিলম্বে আপনার টাকা পাবেন না, দ্রুত call করুন: +8801912345678",CodeMix,"বিলম্বে আপনার টাকা পাবেন না, দ্রুত call করুন: [PHONE]",False,True,normal,['no_url']
smish,Apni amader bhagyoban grahok! Apnar binamulyer 1 bochorer internet subscription dabi korun. Call korun 019XXXXXXXX.,Banglish,Apni amader bhagyoban grahok! Apnar binamulyer 1 bochorer internet subscription dabi korun. Call korun 019XX.,False,False,promo,"['no_url', 'no_phone', 'has_numbers', 'no_bangla']"
smish,আপনার ক্রেডিট কার্ড সাময়িকভাবে লক করা হয়েছে। কার্ড সার্ভিস লাইন কল করুন. (786) 319- 4482,Bengali,আপনার ক্রেডিট কার্ড সাময়িকভাবে লক করা হয়েছে। কার্ড সার্ভিস লাইন কল করুন. (786) 319- 4482,False,False,promo,"['no_url', 'no_phone', 'has_numbers']"
smish,"bKash অ্যাকাউন্টে ৫,০০০ টাকা জমা হয়েছে। বিস্তারিত জানতে কল করুন: +8801810900912",Bengali,"bKash অ্যাকাউন্টে ৫,০০০ টাকা জমা হয়েছে। বিস্তারিত জানতে কল করুন: [PHONE]",False,True,normal,"['no_url', 'has_numbers']"
smish,Apnar bank account theke ojana transaction hoyeche. Bistarito jante call korun +8801914455667,Banglish,Apnar bank account theke ojana transaction hoyeche. Bistarito jante call korun [PHONE],False,True,normal,"['no_url', 'no_bangla']"
smish,Protidin 500-700 taka income korun! Flexiload sim bybohar kore ghore boshe. Bistarito jante inbox korun.,Banglish,Protidin 500-700 taka income korun! Flexiload sim bybohar kore ghore boshe. Bistarito jante inbox korun.,False,False,normal,"['no_url', 'no_phone', 'has_numbers', 'no_bangla']"
smish,"প্রিয় ব্যবহারকারী, আপনি কি বাস ভাড়া নিয়ে চিন্তিত, এই ঈদে সস্তায় বাসের টিকেট পেতে এখনই নিচের লিঙ্কে ক্লিক করুন।",Bengali,"প্রিয় ব্যবহারকারী, আপনি কি বাস ভাড়া নিয়ে চিন্তিত, এই ঈদে সস্তায় বাসের টিকেট পেতে এখনই নিচের লিঙ্কে ক্লিক করুন।",False,False,promo,"['no_url', 'no_phone']"
smish,"Customs duty notice! Foreign parcel held, pay 3000TK clearance fee.",Banglish,"Customs duty notice! Foreign parcel held, pay 3000TK clearance fee.",False,False,promo,"['no_url', 'no_phone', 'has_numbers', 'no_bangla']"
smish,"আপনার জমি বিক্রির টাকা জমা হয়েছে, কল করুন: +8801819899901",Bengali,"আপনার জমি বিক্রির টাকা জমা হয়েছে, কল করুন: [PHONE]",False,True,normal,['no_url']
smish,"1,00,000 টাকা investment-এ 3,00,000 টাকা পান! Call করুন: +8801911011023",CodeMix,"1,00,000 টাকা investment-এ 3,00,000 টাকা পান! Call করুন: [PHONE]",False,True,normal,"['no_url', 'has_numbers']"
smish,Earn TK 500–700 daily with a new SIM! Inbox for details.,English,Earn TK 500–700 daily with a new SIM! Inbox for details.,False,False,promo,"['no_url', 'no_phone', 'has_numbers', 'no_bangla']"
smish,বাংলাদেশ ব্যাংক থেকে জরুরি বার্তা। কল করুন: +8801911011023,Bengali,বাংলাদেশ ব্যাংক থেকে জরুরি বার্তা। কল করুন: [PHONE],False,True,normal,['no_url']
smish,Urgent message from Bangladesh Bank. Call: +8801915566778,English,Urgent message from Bangladesh Bank. Call: [PHONE],False,True,normal,"['no_url', 'no_bangla']"
smish,Call to recharge your mobile: +8801812233445,English,Call to recharge your mobile: [PHONE],False,True,normal,"['no_url', 'short_text', 'no_bangla']"
smish,"Spot admission in Cyprus/Europe in presence of representative (Mr. Pambos) 10-11 October, 100% visa guarantee, credit transfer, tuition fee only 5000 euros, BSB, Dhaka contact number: 01720577099",English,"Spot admission in Cyprus/Europe in presence of representative (Mr. Pambos) 10-11 October, 100% visa guarantee, credit transfer, tuition fee only 5000 euros, BSB, Dhaka contact number: [PHONE]",False,True,promo,"['no_url', 'has_numbers', 'no_bangla']"
smish,Delivery agent bolchi: Apnar parcel customs e atke geche for tax clearance. Please pay 2500TK Nagad number 01788992211 te akhoni. Payment chara parcel release hobe na.,Banglish,Delivery agent bolchi: Apnar parcel customs e atke geche for tax clearance. Please pay 2500TK Nagad number [PHONE] te akhoni. Payment chara parcel release hobe na.,False,True,normal,"['no_url', 'has_numbers', 'no_bangla']"
smish,আপনার basic residency এর মধ্যে Cambridge University application fee free! পড়ার dream পূরণ করতে আজই contact করুন - ০১৭৪৬৬৩৫৭২৫,CodeMix,আপনার basic residency এর মধ্যে Cambridge University application fee free! পড়ার dream পূরণ করতে আজই contact করুন - [PHONE],False,True,promo,['no_url']
smish,Apnar number ta puroshkar jiteche. Bishtar janate call korun +8801718899001,Banglish,Apnar number ta puroshkar jiteche. Bishtar janate call korun [PHONE],False,True,normal,"['no_url', 'no_bangla']"
smish,Earn TK500-700 daily! Using Flexiload SIM from home. Inbox for details.,English,Earn TK500-700 daily! Using Flexiload SIM from home. Inbox for details.,False,False,promo,"['no_url', 'no_phone', 'has_numbers', 'no_bangla']"
smish,"Shuborn shujog! Ghore boshe data entry kore protidin 1000-2000 taka ay korun. Registration fee matro 100 taka. Naam, boyosh, shohor, jatiyo porichoyopotro number shoho jogajog whatsapp 7602236317",Banglish,"Shuborn shujog! Ghore boshe data entry kore protidin 1000-2000 taka ay korun. Registration fee matro 100 taka. Naam, boyosh, shohor, jatiyo porichoyopotro number shoho jogajog whatsapp [PHONE]",False,True,promo,"['no_url', 'has_numbers', 'no_bangla']"
smish,Government tax amnesty program! Register with 10000TK or face penalty.,Banglish,Government tax amnesty program! Register with 100TK or face penalty.,False,False,promo,"['no_url', 'no_phone', 'has_numbers', 'no_bangla']"
smish,"Dear Customer,
২৩-০২-২০২০ তারিখে card XX দিয়ে Rs.8990 transaction হয়েছে K Enterprice ds POS/ECOM থেকে। Transaction নম্বর পাওয়া যায়নি। যদি এটা আপনার না হয়, তবে registered mobile থেকে 18604195555 এ SMS করুন।",CodeMix,"Dear Customer, ২৩-০২-২০২০ তারিখে card XX দিয়ে Rs.8990 transaction হয়েছে K Enterprice ds POS/ECOM থেকে। Transaction নম্বর পাওয়া যায়নি। যদি এটা আপনার না হয়, তবে registered mobile থেকে [PHONE] এ SMS করুন।",False,True,normal,"['no_url', 'has_numbers']"
smish,"Dear customer, your City Bank credit card needs to be updated. Please call 018XXXXXXXX to confirm your details.",English,"Dear customer, your City Bank credit card needs to be updated. Please call 018XX to confirm your details.",False,False,normal,"['no_url', 'no_phone', 'has_numbers', 'no_bangla']"
smish,"Apnar jomi bikrir taka joma hoyeche, call korun: +8801914567890",Banglish,"Apnar jomi bikrir taka joma hoyeche, call korun: [PHONE]",False,True,normal,"['no_url', 'no_bangla']"
smish,Medical emergency fund! Contribute 2000TK for cancer patient treatment.,Banglish,Medical emergency fund! Contribute 2000TK for cancer patient treatment.,False,False,promo,"['no_url', 'no_phone', 'has_numbers', 'no_bangla']"
smish,"বেকার যুবক, যুবতী, গৃহিণী, রিটায়ার্ড ব্যক্তিদের জন্য ঘরে বসে অনলাইনে স্বল্প সময়ে প্রচুর টাকা উপার্জন করার সুবর্ণ সুযোগ",Bengali,"বেকার যুবক, যুবতী, গৃহিণী, রিটায়ার্ড ব্যক্তিদের জন্য ঘরে বসে অনলাইনে স্বল্প সময়ে প্রচুর টাকা উপার্জন করার সুবর্ণ সুযোগ",False,False,promo,"['no_url', 'no_phone']"
smish,"Obhinondon! Apni 50,000 taka nogod puroskar jitechen. Apnar puroskar dabi korte 018XXXXXXXXX number e call korun.",Banglish,"Obhinondon! Apni 50,000 taka nogod puroskar jitechen. Apnar puroskar dabi korte 018XX number e call korun.",False,False,normal,"['no_url', 'no_phone', 'has_numbers', 'no_bangla']"
smish,"50,000 taka biniyog-e 1,00,000 taka pan! Call korun: +8801918788890",Banglish,"50,000 taka biniyog-e 1,00,000 taka pan! Call korun: [PHONE]",False,True,normal,"['no_url', 'has_numbers', 'no_bangla']"
smish,"priyo grahok, 8990 Taka. K Enterprice ds POS/ECOM.Txn# e 23-02-2020 tarikhe XX karde txn kora hoyeche. Apnar dwara kora hoyni, nibondhito mobile NB theke ei SMS ti forward korun. 18604195555",Banglish,"priyo grahok, 8990 Taka. K Enterprice ds POS/ECOM.Txn# e 23-02-2020 tarikhe XX karde txn kora hoyeche. Apnar dwara kora hoyni, nibondhito mobile NB theke ei SMS ti forward korun. [PHONE]",False,True,promo,"['no_url', 'has_numbers', 'no_bangla']"
smish,শুধু mobile থাকলে আপনিও পারবেন মাসে কমপক্ষে 15000-20000 টাকা earn করতে। বিস্তারিত জানতে 01783627284,CodeMix,শুধু mobile থাকলে আপনিও পারবেন মাসে কমপক্ষে [PHONE] টাকা earn করতে। বিস্তারিত জানতে [PHONE],False,True,promo,['no_url']
smish,Apnar hate jodi daily 3-4 ghonta shomoy free thake tahole janaben. asha kori khub bhalo ekta kajer shondhan dite parbo. inbox koren,Banglish,Apnar hate jodi daily 3-4 ghonta shomoy free thake tahole janaben. asha kori khub bhalo ekta kajer shondhan dite parbo. inbox koren,False,False,normal,"['no_url', 'no_phone', 'has_numbers', 'no_bangla']"
smish,Welcome to মেঘের রঙ! চলুন আপনার home সাজিয়ে নেই easy installment-e. Online order দিন এবং maybe এই month-এর মধ্যে পাওয়ার chance নিন - ০১৭৪৬৬৩৫৭২৫,CodeMix,Welcome to মেঘের রঙ! চলুন আপনার home সাজিয়ে নেই easy installment-e. Online order দিন এবং maybe এই month-এর মধ্যে পাওয়ার chance নিন - [PHONE],False,True,promo,['no_url']
smish,Upobrittir 4200 taka jonno jogajog korun: 01320660547 Shikkha board,Banglish,Upobrittir 4200 taka jonno jogajog korun: [PHONE] Shikkha board,False,True,promo,"['no_url', 'has_numbers', 'no_bangla']"
smish,Bangladesh Bank account-e truti dekha diyeche. Call korun: +8801814344456,Banglish,Bangladesh Bank account-e truti dekha diyeche. Call korun: [PHONE],False,True,normal,"['no_url', 'no_bangla']"
smish,"◆ If qualified, you can earn online by teaching. Contact User-10381381741225860264.",English,"◆ If qualified, you can earn online by teaching. Contact User- [PHONE] .",False,True,normal,"['no_url', 'no_bangla']"
smish,Call to recharge your mobile: +8801818899001,English,Call to recharge your mobile: [PHONE],False,True,normal,"['no_url', 'short_text', 'no_bangla']"
smish,"Apnar mobile number ta 10,000 taka lottery jiteche! Bistarito jante call korun +8801712345678",Banglish,"Apnar mobile number ta 10,000 taka lottery jiteche! Bistarito jante call korun [PHONE]",False,True,normal,"['no_url', 'has_numbers', 'no_bangla']"
smish,"১০০% guarantee সহ Malaysian, European, America, Canada visa পেতে আজই contact করুন ০১৭৬৫৪৩৩৪২২, advance fee লাগবে না। ",CodeMix,"১০০% guarantee সহ Malaysian, European, America, Canada visa পেতে আজই contact করুন [PHONE] , advance fee লাগবে না।",False,True,promo,"['no_url', 'has_numbers']"
smish,বাংলাদেশ ব্যাংক থেকে জরুরি বার্তা। কল করুন: +8801916566678,Bengali,বাংলাদেশ ব্যাংক থেকে জরুরি বার্তা। কল করুন: [PHONE],False,True,normal,['no_url']
smish,"2,000 taka binoyog korun ebong 5 minite 4,000 taka pan! kol korun: +8801714567890",Banglish,"2,000 taka binoyog korun ebong 5 minite 4,000 taka pan! kol korun: [PHONE]",False,True,promo,"['no_url', 'has_numbers', 'no_bangla']"
smish,শাকিব আল হাসানের সাথে একান্ত সাক্ষাতের সুযোগ পেতে আজই আইপিএলে বাজি ধরুন। এখনই শুরু করুন: xini.eu/00Qe,Bengali,শাকিব আল হাসানের সাথে একান্ত সাক্ষাতের সুযোগ পেতে আজই আইপিএলে বাজি ধরুন। এখনই শুরু করুন: xini.eu/00Qe,False,False,promo,"['no_url', 'no_phone', 'has_numbers']"
smish,Apnar mobile recharge korte call korun: +8801818899001,Banglish,Apnar mobile recharge korte call korun: [PHONE],False,True,normal,"['no_url', 'short_text', 'no_bangla']"
smish,Apnar mobile recharge korte call korun: +8801818788890,Banglish,Apnar mobile recharge korte call korun: [PHONE],False,True,normal,"['no_url', 'short_text', 'no_bangla']"
smish,"Dear user, আপনি কি bus fare নিয়ে worried, এই Eid-এ cheaply bus ticket পেতে এখনই নিচের link-এ click করুন।",CodeMix,"Dear user, আপনি কি bus fare নিয়ে worried, এই Eid-এ cheaply bus ticket পেতে এখনই নিচের link-এ click করুন।",False,False,promo,"['no_url', 'no_phone']"
smish,"Hello, your FEDEX package with tracking code Dz-8342-FY344 is waiting for you to set your delivery preference: c4info/Gm0843vz1",English,"Hello, your FEDEX package with tracking code Dz-8342-FY344 is waiting for you to set your delivery preference: c4info/Gm0843vz1",False,False,promo,"['no_url', 'no_phone', 'has_numbers', 'no_bangla']"
smish,কোন ক্রেডিট চেক ছাড়াই ১০০% ক্রেডিট কার্ড অনুমোদন। আজই আবেদন করুন। যোগাযোগ: ০১৫৬৭৫৪৬৩৯০,Bengali,কোন ক্রেডিট চেক ছাড়াই ১০০% ক্রেডিট কার্ড অনুমোদন। আজই আবেদন করুন। যোগাযোগ: [PHONE],False,True,promo,"['no_url', 'has_numbers']"
smish,Bangladesh Bank থেকে important message। Emergency basis-এ call করুন: +8801812345678,CodeMix,Bangladesh Bank থেকে important message। Emergency basis-এ call করুন: [PHONE],False,True,normal,['no_url']
smish,আপনার mobile number-এ laptop জিতেছেন! Claim: +8801819900012,CodeMix,আপনার mobile number-এ laptop জিতেছেন! Claim: [PHONE],False,True,normal,['no_url']
smish,"আপনার ছেলে সমস্যায় আছে, তাই দ্রুত টাকা পাঠান।",Bengali,"আপনার ছেলে সমস্যায় আছে, তাই দ্রুত টাকা পাঠান।",False,False,normal,"['no_url', 'no_phone', 'short_text']"
smish,"1,00,000 taka biniyoge 3,00,000 taka pan! Call korun: +8801911011023",Banglish,"1,00,000 taka biniyoge 3,00,000 taka pan! Call korun: [PHONE]",False,True,normal,"['no_url', 'has_numbers', 'no_bangla']"
smish,"আপনার জমি selling-এর টাকা জমা হয়েছে, call করুন: +8801816566678",CodeMix,"আপনার জমি selling-এর টাকা জমা হয়েছে, call করুন: [PHONE]",False,True,normal,['no_url']
smish,"Mohaan shadhiinota dibosher shubhecha. Bishwosto o smart banking shebay 24/7 Sonali Bank apnar pashe.
Mo: Afzal Karim
CEO and MD",Banglish,Mohaan shadhiinota dibosher shubhecha. Bishwosto o smart banking shebay 24/7 Sonali Bank apnar pashe. Mo: Afzal Karim CEO and MD,False,False,promo,"['no_url', 'no_phone', 'has_numbers', 'no_bangla']"
smish,"আপনার জমি বিক্রির টাকা জমা হয়েছে, কল করুন: +8801816566678",Bengali,"আপনার জমি বিক্রির টাকা জমা হয়েছে, কল করুন: [PHONE]",False,True,normal,['no_url']
smish,"প্রিয় দেশবাসি ! (COVID-19)
করনা ভাইরাস এর জন্য
2,500 টাকা সরকারী
শুনুদান দেওয়া হবে।
টাকা নেওয়ার জন্য নিচের নাম্বারে যোগাযোগ করুনঃ-01810559231",Bengali,"প্রিয় দেশবাসি ! (COVID-19) করনা ভাইরাস এর জন্য 2,500 টাকা সরকারী শুনুদান দেওয়া হবে। টাকা নেওয়ার জন্য নিচের নাম্বারে যোগাযোগ করুনঃ- [PHONE]",False,True,promo,"['no_url', 'has_numbers']"
smish,অ্যাপল আইফোন ১৮ জিতেছেন! ডেলিভারি নিশ্চিত করতে কল করুন: +8801810900912,Bengali,অ্যাপল আইফোন ১৮ জিতেছেন! ডেলিভারি নিশ্চিত করতে কল করুন: [PHONE],False,True,promo,"['no_url', 'has_numbers']"
smish,Apni 1 bhori shona jitechen! Puruskar nite call korun: +8801819876543,Banglish,Apni 1 bhori shona jitechen! Puruskar nite call korun: [PHONE],False,True,normal,"['no_url', 'has_numbers', 'no_bangla']"
smish,Apnar gas shongjog punoray shokriyo korte call korun +8801719900012,Banglish,Apnar gas shongjog punoray shokriyo korte call korun [PHONE],False,True,promo,"['no_url', 'no_bangla']"
smish,"If you have 1/2 hour free time in your day, let me know. I'll show you some processes from which you can earn income.
Then say Hi now..",English,"If you have 1/2 hour free time in your day, let me know. I'll show you some processes from which you can earn income. Then say Hi now..",False,False,normal,"['no_url', 'no_phone', 'has_numbers', 'no_bangla']"
smish,"1,00,000 taka binimoye 2,00,000 taka pan! Kol korun: +8801912122134",Banglish,"1,00,000 taka binimoye 2,00,000 taka pan! Kol korun: [PHONE]",False,True,normal,"['no_url', 'has_numbers', 'no_bangla']"
smish,আপনি Royal Tulip Sea Pearl Resort-এ free 3 দিনের stay জিতেছেন। Confirm করতে 017XXXXXXXX-এ call করুন।,CodeMix,আপনি Royal Tulip Sea Pearl Resort-এ free 3 দিনের stay জিতেছেন। Confirm করতে 017XX-এ call করুন।,False,False,promo,"['no_url', 'no_phone', 'has_numbers']"
smish,Important message from Janata Bank. Call: +8801710900912,English,Important message from Janata Bank. Call: [PHONE],False,True,normal,"['no_url', 'short_text', 'no_bangla']"
smish,Janata Bank থেকে urgent message। Call করুন: +8801719900112,CodeMix,Janata Bank থেকে urgent message। Call করুন: [PHONE],False,True,normal,['no_url']
smish,"প্রিয় গ্রাহক, 8990 টাকা। K Enterprice ds POS/ECOM.Txn# এ 23-02-2020 তারিখে XX কার্ডে txn করা হয়েছে। আপনার দ্বারা করা হয়নি, নিবন্ধিত মোবাইল এনবি থেকে এই এসএমএসটি ফরোয়ার্ড করুন। 18604195555",Bengali,"প্রিয় গ্রাহক, 8990 টাকা। K Enterprice ds POS/ECOM.Txn# এ 23-02-2020 তারিখে XX কার্ডে txn করা হয়েছে। আপনার দ্বারা করা হয়নি, নিবন্ধিত মোবাইল এনবি থেকে এই এসএমএসটি ফরোয়ার্ড করুন। [PHONE]",False,True,promo,"['no_url', 'has_numbers']"
smish,"স্মার্টফোন জেতার দুর্দান্ত অফার! সহজ কিছু প্রশ্নের উত্তর দিয়ে জিতে নিন ১৪,৯৯৯ টাকার আকর্ষণীয় স্মার্টফোন Oppo A17 মাত্র ৳২.৭৮/দিন, ডায়াল *213*664#",Bengali,"স্মার্টফোন জেতার দুর্দান্ত অফার! সহজ কিছু প্রশ্নের উত্তর দিয়ে জিতে নিন ১৪,৯৯৯ টাকার আকর্ষণীয় স্মার্টফোন Oppo A17 মাত্র ৳২.৭৮/দিন, ডায়াল *213*664#",False,False,promo,"['no_url', 'no_phone', 'has_numbers']"
smish,"Bilombe apnar taka paben na, druto call korun: +8801912345678",Banglish,"Bilombe apnar taka paben na, druto call korun: [PHONE]",False,True,normal,"['no_url', 'no_bangla']"
smish,Important message from Bangladesh Bank. Call urgently: +8801812345678,English,Important message from Bangladesh Bank. Call urgently: [PHONE],False,True,normal,"['no_url', 'no_bangla']"
smish,Urgent message from Bangladesh Bank. Call: +8801916566678,English,Urgent message from Bangladesh Bank. Call: [PHONE],False,True,normal,"['no_url', 'no_bangla']"
smish,"Get 60,000TK return on 20,000TK investment! Call: +8801916566678",English,"Get 60,000TK return on 20,000TK investment! Call: [PHONE]",False,True,promo,"['no_url', 'has_numbers', 'no_bangla']"
smish,"Dear applicant, Tuesday 04/05 তারিখে সকাল 9am @1st floor center enemy leadership-এর সাথে একটি interview-এর জন্য আপনাকে select করা হয়েছে। Query-র জন্য please contact: 09029900659",CodeMix,"Dear applicant, Tuesday 04/05 তারিখে সকাল 9am @1st floor center enemy leadership-এর সাথে একটি interview-এর জন্য আপনাকে select করা হয়েছে। Query-র জন্য please contact: [PHONE]",False,True,promo,"['no_url', 'has_numbers']"
smish,"Hello, tracking code Dz-8342-FY344 সহ আপনার FEDEX package আপনার delivery preference set করার জন্য waiting করছে: c4info/Gm0843vz1",CodeMix,"Hello, tracking code Dz-8342-FY344 সহ আপনার FEDEX package আপনার delivery preference set করার জন্য waiting করছে: c4info/Gm0843vz1",False,False,promo,"['no_url', 'no_phone', 'has_numbers']"
smish,Call to recharge your mobile: +8801811011023,English,Call to recharge your mobile: [PHONE],False,True,normal,"['no_url', 'short_text', 'no_bangla']"
smish,"হ্যালো, ট্র্যাকিং কোড Dz-8342-FY344 সহ আপনার FEDEX প্যাকেজ আপনার ডেলিভারি পছন্দ সেট করার জন্য অপেক্ষা করছে: c4info/Gm0843vz1",Bengali,"হ্যালো, ট্র্যাকিং কোড Dz-8342-FY344 সহ আপনার FEDEX প্যাকেজ আপনার ডেলিভারি পছন্দ সেট করার জন্য অপেক্ষা করছে: c4info/Gm0843vz1",False,False,promo,"['no_url', 'no_phone', 'has_numbers']"
smish,Govt. Reg. - 180727/2022 National Agency Company part-time job। পড়াশোনার পাশাপাশি online platform-এ advertisement promote করার জন্য boy girl workers নিয়োগ চলছে। Position: Call Center। Monthly salary: 10/12 হাজার। Daily working time: 4/5ঘন্টা। Interested সবাই directly inbox-এ contact করুন বা phone 01984766558,CodeMix,Govt. Reg. - 180727/2022 National Agency Company part-time job। পড়াশোনার পাশাপাশি online platform-এ advertisement promote করার জন্য boy girl workers নিয়োগ চলছে। Position: Call Center। Monthly salary: 10/12 হাজার। Daily working time: 4/5ঘন্টা। Interested সবাই directly inbox-এ contact করুন বা phone [PHONE],False,True,promo,"['no_url', 'has_numbers']"
smish,"আপনার land বিক্রির টাকা জমা হয়েছে, call করুন: +8801819899901",CodeMix,"আপনার land বিক্রির টাকা জমা হয়েছে, call করুন: [PHONE]",False,True,normal,['no_url']
smish,আপনার prize money পেতে call করুন: +8801811234567,CodeMix,আপনার prize money পেতে call করুন: [PHONE],False,True,normal,"['no_url', 'short_text']"
smish,জরুরি বার্তা! আপনার গ্যাস কানেকশন বন্ধ হবে। বিল পরিশোধ: gas-bill-pay.ml,Bengali,জরুরি বার্তা! আপনার গ্যাস কানেকশন বন্ধ হবে। বিল পরিশোধ: gas-bill-pay.ml,False,False,normal,"['no_url', 'no_phone']"
smish,"Unemployed যুবক-যুবতী, গৃহিণী ও retired ব্যক্তিদের জন্য golden chance, ঘরে বসেই short time এ income করুন।",CodeMix,"Unemployed যুবক-যুবতী, গৃহিণী ও retired ব্যক্তিদের জন্য golden chance, ঘরে বসেই short time এ income করুন।",False,False,promo,"['no_url', 'no_phone']"
smish,"Dial *213*6551# to bring smile to loved one's face, charge 82.67 daily",English,"Dial *213*6551# to bring smile to loved one's face, charge 82.67 daily",False,False,promo,"['no_url', 'no_phone', 'has_numbers', 'no_bangla']"
smish,UNO office theke notice. Land documents verify na korle problem hobe.,Banglish,UNO office theke notice. Land documents verify na korle problem hobe.,False,False,normal,"['no_url', 'no_phone', 'no_bangla']"
smish,Sonali Bank account-এ problem হয়েছে। Call করুন: +8801813233345,CodeMix,Sonali Bank account-এ problem হয়েছে। Call করুন: [PHONE],False,True,normal,['no_url']
smish,অ্যাপল আইফোন ১২ জিতেছেন! ডেলিভারি নিশ্চিত করতে কল করুন: +8801814455667,Bengali,অ্যাপল আইফোন ১২ জিতেছেন! ডেলিভারি নিশ্চিত করতে কল করুন: [PHONE],False,True,promo,"['no_url', 'has_numbers']"
smish,"দুঃখিত, আমি ভুল করে আপনাকে একটি ৬ সংখ্যার OTP পাঠিয়ে দিয়েছি। আপনি আমাকে OTP-টা ফরওয়ার্ড করতে পারবেন? এখনই দরকার",Bengali,"দুঃখিত, আমি ভুল করে আপনাকে একটি ৬ সংখ্যার OTP পাঠিয়ে দিয়েছি। আপনি আমাকে OTP-টা ফরওয়ার্ড করতে পারবেন? এখনই দরকার",False,False,normal,"['no_url', 'no_phone', 'has_numbers']"
smish,Career planning-এ সহায়তা নিন! আপনার জন্য ideal workplace নির্বাচন করুন এবং correct strategy plan করুন। Professional support পান - 01746635725,CodeMix,Career planning-এ সহায়তা নিন! আপনার জন্য ideal workplace নির্বাচন করুন এবং correct strategy plan করুন। Professional support পান - [PHONE],False,True,promo,['no_url']
smish,Alert: আপনার ইন্টারনেট বিল পেমেন্ট পেন্ডিং। সার্ভিস বন্ধের আগে: pay-now.tk,Bengali,Alert: আপনার ইন্টারনেট বিল পেমেন্ট পেন্ডিং। সার্ভিস বন্ধের আগে: pay-now.tk,False,False,promo,"['no_url', 'no_phone']"
smish,Your electricity connection will be cut off for non-payment of bill. Call +8801912233445,English,Your electricity connection will be cut off for non-payment of bill. Call [PHONE],False,True,normal,"['no_url', 'no_bangla']"
smish,"You can do the work with the phone you have in my team. I need 20 trusted people. Those who can earn 500/1000 TK daily in halal way along with studies or job. Those who are interested come to inbox
I will teach everything, no problem Inshallah",English,"You can do the work with the phone you have in my team. I need 20 trusted people. Those who can earn 500/1000 TK daily in halal way along with studies or job. Those who are interested come to inbox I will teach everything, no problem Inshallah",False,False,normal,"['no_url', 'no_phone', 'has_numbers', 'no_bangla']"
smish,"Invest TK 2,000 and get TK 4,000 in 5 minutes! Call now: +8801714567890",English,"Invest TK 2,000 and get TK 4,000 in 5 minutes! Call now: [PHONE]",False,True,promo,"['no_url', 'has_numbers', 'no_bangla']"
smish,"15,000 taka biniyog e 45,000 taka orjon korun! Call korun: +8801913233345",Banglish,"15,000 taka biniyog e 45,000 taka orjon korun! Call korun: [PHONE]",False,True,normal,"['no_url', 'has_numbers', 'no_bangla']"
smish,Medhabi chatrachatrider jonno shikkhabrittir shubidha o obhiggo daktarer shathe shorashori free poramorsho shoho bochhore TK190000 health coverage er shathe Health Plus er onnanno shubidha pete START RP likhe pathiye din 28477.,Banglish,Medhabi chatrachatrider jonno shikkhabrittir shubidha o obhiggo daktarer shathe shorashori free poramorsho shoho bochhore TK1900 health coverage er shathe Health Plus er onnanno shubidha pete START RP likhe pathiye din 28477.,False,False,promo,"['no_url', 'no_phone', 'has_numbers', 'no_bangla']"
smish,"Urgent recruitment, salary of TK 30,000 with accommodation and food facilities, contact 01727827826",English,"Urgent recruitment, salary of TK 30,000 with accommodation and food facilities, contact [PHONE]",False,True,promo,"['no_url', 'has_numbers', 'no_bangla']"
smish,Jonota Bank theke jururi borta. Call korun: +8801913233245,Banglish,Jonota Bank theke jururi borta. Call korun: [PHONE],False,True,normal,"['no_url', 'no_bangla']"
smish,Janata Bank account-এ problem হয়েছে। Call করুন: +8801816566678,CodeMix,Janata Bank account-এ problem হয়েছে। Call করুন: [PHONE],False,True,normal,['no_url']
smish,100% home loan facility without any deposit. Approval within 24 hours. Contact: 01567546390,English,100% home loan facility without any deposit. Approval within 24 hours. Contact: [PHONE],False,True,promo,"['no_url', 'has_numbers', 'no_bangla']"
smish,আপনার একাউন্ট সুরক্ষিত নয়। ৪০০০ টাকা পাঠান এই নাম্বারে: ০১৭৮৯৭৬৫৪৩২১।,Bengali,আপনার একাউন্ট সুরক্ষিত নয়। ৪০০০ টাকা পাঠান এই নাম্বারে: [PHONE] ।,False,True,normal,"['no_url', 'has_numbers']"
smish,"Cyprus/Europe-e spot bhorti protidhir uposthitite (Mr. Pambos) 10-11 October, 100% visa'r nishchoyota, credit transfer, tuition fee 5000 euro shudhomatro, BSB, Dhaka jogajog nombar: 01720577099",Banglish,"Cyprus/Europe-e spot bhorti protidhir uposthitite (Mr. Pambos) 10-11 October, 100% visa'r nishchoyota, credit transfer, tuition fee 5000 euro shudhomatro, BSB, Dhaka jogajog nombar: [PHONE]",False,True,promo,"['no_url', 'has_numbers', 'no_bangla']"
smish,আপনার সঞ্চয় দ্বিগুণ করার সুযোগ! কল করুন: +8801715455567,Bengali,আপনার সঞ্চয় দ্বিগুণ করার সুযোগ! কল করুন: [PHONE],False,True,normal,"['no_url', 'short_text']"
smish,"Your son is in trouble, urgently send money to this number",English,"Your son is in trouble, urgently send money to this number",False,False,normal,"['no_url', 'no_phone', 'no_bangla']"
smish,Jodi apnar hathe diner 1/2 ghonta free shomoy thake tahole janaben. Apnake kichu process dekhiye dibo apni shekhan theke income korte parben. Tahole ekhoni Hi bolun..,Banglish,Jodi apnar hathe diner 1/2 ghonta free shomoy thake tahole janaben. Apnake kichu process dekhiye dibo apni shekhan theke income korte parben. Tahole ekhoni Hi bolun..,False,False,normal,"['no_url', 'no_phone', 'has_numbers', 'no_bangla']"
smish,আপনার account-এ problem হয়েছে। দ্রুত এই number-এ যোগাযোগ করুন ০১৭২৮৩৭৫৮৪ৃ।,CodeMix,আপনার account-এ problem হয়েছে। দ্রুত এই number-এ যোগাযোগ করুন [PHONE] ৃ।,False,True,normal,['no_url']
smish,"প্রিয় শিক্ষার্থী! Coronavirus এর কারণে তোমাদের উপবৃত্তির ৪,২০০ টাকা দেওয়া হচ্ছে। টাকা গ্রহনের জন্য নিম্নোক্ত শিক্ষাবোর্ডের নম্বরে যোগাযোগ করুন।
মোবাঃ 01813849152,
যোগাযোগের সময় সকাল 10 টা রাত 7:30 টা পযন্ত বি:দ্র: একটা বিকাশ নাম্বার নিয়ে ফোন দিতে হবে",Bengali,"প্রিয় শিক্ষার্থী! Coronavirus এর কারণে তোমাদের উপবৃত্তির ৪,২০০ টাকা দেওয়া হচ্ছে। টাকা গ্রহনের জন্য নিম্নোক্ত শিক্ষাবোর্ডের নম্বরে যোগাযোগ করুন। মোবাঃ [PHONE] , যোগাযোগের সময় সকাল 10 টা রাত 7:30 টা পযন্ত বি:দ্র: একটা বিকাশ নাম্বার নিয়ে ফোন দিতে হবে",False,True,normal,"['no_url', 'has_numbers']"
smish,আপনার একাউন্ট ব্লক হয়ে যাবে। যোগাযোগ করুন ০১৭৮৯৭৬৫৪৩২১।,Bengali,আপনার একাউন্ট ব্লক হয়ে যাবে। যোগাযোগ করুন [PHONE] ।,False,True,normal,['no_url']
smish,আপনার পেন্ডিং বিলটি পেমেন্ট করুন এবং অবিলম্বে যোগাযোগ করুন +8801812345678,Bengali,আপনার পেন্ডিং বিলটি পেমেন্ট করুন এবং অবিলম্বে যোগাযোগ করুন [PHONE],False,True,normal,['no_url']
smish,Call to recharge your mobile: +8801818788890,English,Call to recharge your mobile: [PHONE],False,True,normal,"['no_url', 'short_text', 'no_bangla']"
smish,কোন down payment ছাড়াই 100% car loan facility। আজই apply করুন। Contact: ০১৮৬৭৫৪৬৩৮৯,CodeMix,কোন down payment ছাড়াই 100% car loan facility। আজই apply করুন। Contact: [PHONE],False,True,promo,"['no_url', 'has_numbers']"
smish,Apnar hate thaka phone ti diye kaj ti korte parben amar team e. 20 jon bishshto lok chai. Jara porasona kingba chakrir pashapashi halal vabe daily 500/1000 taka income korte parben jara. Agrgrahi tara inbox e asun shob kichui shikhiye debo kono shomoshya nei Inshallah,Banglish,Apnar hate thaka phone ti diye kaj ti korte parben amar team e. 20 jon bishshto lok chai. Jara porasona kingba chakrir pashapashi halal vabe daily 500/1000 taka income korte parben jara. Agrgrahi tara inbox e asun shob kichui shikhiye debo kono shomoshya nei Inshallah,False,False,normal,"['no_url', 'no_phone', 'has_numbers', 'no_bangla']"
smish,আপনার মোবাইল নম্বরটি আইফোন জিতেছে! পুরস্কার পেতে কল করুন +8801813344556,Bengali,আপনার মোবাইল নম্বরটি আইফোন জিতেছে! পুরস্কার পেতে কল করুন [PHONE],False,True,normal,['no_url']
smish,মেধাবী ছাত্রছাত্রীদের জন্য শিক্ষাবৃত্তির সুবিধা ও অভিজ্ঞ ডাক্তারের সাথে সরাসরি ফ্রি পরামর্শসহ বছরে ৳১৯০০০০ হেলথ কভারেজের সাথে হেলথ প্লাসের অন্যান্ন সুবিধা পেতে START RP লিখে পাঠিয়ে দিন 28477.,Bengali,মেধাবী ছাত্রছাত্রীদের জন্য শিক্ষাবৃত্তির সুবিধা ও অভিজ্ঞ ডাক্তারের সাথে সরাসরি ফ্রি পরামর্শসহ বছরে ৳১৯০০ হেলথ কভারেজের সাথে হেলথ প্লাসের অন্যান্ন সুবিধা পেতে START RP লিখে পাঠিয়ে দিন 28477.,False,False,promo,"['no_url', 'no_phone', 'has_numbers']"
smish,"Apnar jomi bikrir taka joma hoyeche, call korun: +8801816677889",Banglish,"Apnar jomi bikrir taka joma hoyeche, call korun: [PHONE]",False,True,normal,"['no_url', 'no_bangla']"
smish,Electricity bill due! Pay 8000TK within 24 hours or connection cut.,Banglish,Electricity bill due! Pay 8000TK within 24 hours or connection cut.,False,False,promo,"['no_url', 'no_phone', 'has_numbers', 'no_bangla']"
smish,"Your land sale money has been deposited, call: +8801819899901",English,"Your land sale money has been deposited, call: [PHONE]",False,True,normal,"['no_url', 'no_bangla']"
smish,Apnar mobile recharge korte call korun: +8801814344356,Banglish,Apnar mobile recharge korte call korun: [PHONE],False,True,normal,"['no_url', 'short_text', 'no_bangla']"
smish,"আপনার land selling-এর money জমা হয়েছে, call করুন: +8801816677889",CodeMix,"আপনার land selling-এর money জমা হয়েছে, call করুন: [PHONE]",False,True,normal,['no_url']
smish,কৃষকদের জন্য সরকার দিচ্ছে পঞ্চাশ হাজার টাকা পর্যন্ত ভর্তুকি। ভর্তুকি পেতে এখনই যোগাযোগ করুন ০১৫৩৮২৭২৭৩৪,Bengali,কৃষকদের জন্য সরকার দিচ্ছে পঞ্চাশ হাজার টাকা পর্যন্ত ভর্তুকি। ভর্তুকি পেতে এখনই যোগাযোগ করুন [PHONE],False,True,promo,['no_url']
smish,"Nagad account e 10,000 TK joma hoyeche. bistarito jante call korun: +8801817677789",Banglish,"Nagad account e 10,000 TK joma hoyeche. bistarito jante call korun: [PHONE]",False,True,normal,"['no_url', 'has_numbers', 'no_bangla']"
smish,Call to restart your internet connection +8801811122334,English,Call to restart your internet connection [PHONE],False,True,normal,"['no_url', 'short_text', 'no_bangla']"
smish,Sonali bank account-e somossa hoyeche. Call korun: +8801813233245,Banglish,Sonali bank account-e somossa hoyeche. Call korun: [PHONE],False,True,normal,"['no_url', 'no_bangla']"
smish,Call to update your insurance policy +8801816677889,English,Call to update your insurance policy [PHONE],False,True,normal,"['no_url', 'short_text', 'no_bangla']"
smish,"Dear student! Due to Coronavirus, your 4,200TK stipend is being processed. Contact education board at 01813849152 (10am-7:30pm). Note: Must have bKash number when calling.",English,"Dear student! Due to Coronavirus, your 4,200TK stipend is being processed. Contact education board at [PHONE] (10am-7:30pm). Note: Must have bKash number when calling.",False,True,normal,"['no_url', 'has_numbers', 'no_bangla']"
smish,"""Welcome to cloud colors! Let's decorate your home easily with installments. Order online and possibly get it within this month - 01746635725""",English,"""Welcome to cloud colors! Let's decorate your home easily with installments. Order online and possibly get it within this month - [PHONE] """,False,True,promo,"['no_url', 'no_bangla']"
smish,"Meta pro space work opportunity. Invest 750TK (6 USD) for lifetime income with monthly salary, free 5-line income, slot income. Special offer until 30 June - get free 0.05 bnb mps nft worth 3625TK (29 USD). Don't miss this chance!",English,"Meta pro space work opportunity. Invest 750TK (6 USD) for lifetime income with monthly salary, free 5-line income, slot income. Special offer until 30 June - get free 0.05 bnb mps nft worth 3625TK (29 USD). Don't miss this chance!",False,False,promo,"['no_url', 'no_phone', 'has_numbers', 'no_bangla']"
smish,Apnar mobile recharge korte call korun: +8801812233445,Banglish,Apnar mobile recharge korte call korun: [PHONE],False,True,normal,"['no_url', 'short_text', 'no_bangla']"
smish,SCHOOL PART TIME TEACHER POST APPLY Now. Online selection process. Selection will be based on numbers. Send B.SC pass Marksheet and certificate to WhatsApp 7602236317,English,SCHOOL PART TIME TEACHER POST APPLY Now. Online selection process. Selection will be based on numbers. Send B.SC pass Marksheet and certificate to WhatsApp [PHONE],False,True,promo,"['no_url', 'no_bangla']"
smish,"20,000 taka biniyoge 60,000 taka pan! Call korun: +8801714344456",Banglish,"20,000 taka biniyoge 60,000 taka pan! Call korun: [PHONE]",False,True,normal,"['no_url', 'has_numbers', 'no_bangla']"
smish,Important message from Janata Bank. Call: +8801715455567,English,Important message from Janata Bank. Call: [PHONE],False,True,normal,"['no_url', 'short_text', 'no_bangla']"
smish,বাংলাদেশ ব্যাংক থেকে গুরুত্বপূর্ণ বার্তা। জরুরি ভিত্তিতে কল করুন: +8801812345678,Bengali,বাংলাদেশ ব্যাংক থেকে গুরুত্বপূর্ণ বার্তা। জরুরি ভিত্তিতে কল করুন: [PHONE],False,True,normal,['no_url']
smish,Apnar credit card samoyikbhabe lock kora hoyeche. card service line call korun. (786) 319- 4482,Banglish,Apnar credit card samoyikbhabe lock kora hoyeche. card service line call korun. (786) 319- 4482,False,False,normal,"['no_url', 'no_phone', 'has_numbers', 'no_bangla']"
smish,জনতা ব্যাংক থেকে গুরুত্বপূর্ণ বার্তা। কল করুন: +8801715455567,Bengali,জনতা ব্যাংক থেকে গুরুত্বপূর্ণ বার্তা। কল করুন: [PHONE],False,True,normal,['no_url']
smish,"Bekar jubok, juboti, grihini, retired bektider jonno ghore bose online-e somoy kom niye prochur TK uporjon korar suborno sujog",Banglish,"Bekar jubok, juboti, grihini, retired bektider jonno ghore bose online-e somoy kom niye prochur TK uporjon korar suborno sujog",False,False,promo,"['no_url', 'no_phone', 'no_bangla']"
smish,"100% guarantee shoh Malaysian, European, America, Canada visa pete ajei jogajog korun 01765433422, ogrim fee lagbe na.",Banglish,"100% guarantee shoh Malaysian, European, America, Canada visa pete ajei jogajog korun [PHONE] , ogrim fee lagbe na.",False,True,promo,"['no_url', 'has_numbers', 'no_bangla']"
smish,"আপনার জমি selling-এর টাকা জমা হয়েছে, call করুন: +8801914567890",CodeMix,"আপনার জমি selling-এর টাকা জমা হয়েছে, call করুন: [PHONE]",False,True,normal,['no_url']
smish,"Bhalobhabe cheshta korle mashe 30-60 hajar taka income korte parben ...!🥰Kaj korte na chaile o ekbar amader online class ta korun, asha kori bhalo lagbe.
Shudhu telegram id lagbe.",Banglish,"Bhalobhabe cheshta korle mashe 30-60 hajar taka income korte parben ...!🥰Kaj korte na chaile o ekbar amader online class ta korun, asha kori bhalo lagbe. Shudhu telegram id lagbe.",False,False,normal,"['no_url', 'no_phone', 'has_numbers', 'no_bangla']"
smish,Land registration office notice! Complete process with 25000TK fee immediately.,Banglish,Land registration office notice! Complete process with 25000TK fee immediately.,False,False,promo,"['no_url', 'no_phone', 'has_numbers', 'no_bangla']"
smish,DXN মাল্টিনেশনাল কোম্পানি দিচ্ছে ভাতাসহ উচ্চবেতনে চাকরির সুযোগ। জরুরি যোগাযোগ করুন ০১৭৯৩২৫১০০২,Bengali,DXN মাল্টিনেশনাল কোম্পানি দিচ্ছে ভাতাসহ উচ্চবেতনে চাকরির সুযোগ। জরুরি যোগাযোগ করুন [PHONE],False,True,promo,['no_url']
smish,Bangladesh Bank থেকে একটি emergency message এসেছে। Call করুন: +8801914567890,CodeMix,Bangladesh Bank থেকে একটি emergency message এসেছে। Call করুন: [PHONE],False,True,normal,['no_url']
smish,Apnar puroskar er taka pete call korun: +8801811234567,Banglish,Apnar puroskar er taka pete call korun: [PHONE],False,True,normal,"['no_url', 'short_text', 'no_bangla']"
smish,"Attractive jobs and studies, monthly salary 2 lakh+ and PR opportunity in South Korea.
Free education and accommodation.
01720557103
01720557120
01321200716
01550402100",English,"Attractive jobs and studies, monthly salary 2 lakh+ and PR opportunity in South Korea. Free education and accommodation. [PHONE] [PHONE]",False,True,promo,"['no_url', 'has_numbers', 'no_bangla']"
smish,Work for our company. Earn online sitting with your mobile/computer. Contact number: 01720577099,English,Work for our company. Earn online sitting with your mobile/computer. Contact number: [PHONE],False,True,promo,"['no_url', 'no_bangla']"
smish,"Apnar jomi bikrir taka joma hoyeche, call korun: +8801816566678",Banglish,"Apnar jomi bikrir taka joma hoyeche, call korun: [PHONE]",False,True,normal,"['no_url', 'no_bangla']"
smish,"Attractive job ও study, monthly salary ২ lakh+ এবং South Korea এ permanent residence এর opportunity।
Free tuition ও accommodation এর ব্যবস্থা।
Contact করুন:
01720557103
01720557120
01321200716
01550402100",CodeMix,"Attractive job ও study, monthly salary ২ lakh+ এবং South Korea এ permanent residence এর opportunity। Free tuition ও accommodation এর ব্যবস্থা। Contact করুন: [PHONE] [PHONE]",False,True,promo,"['no_url', 'has_numbers']"
smish,"10,000 taka biniyoge 30,000 taka orjon korun! Call korun: +8801711011123",Banglish,"10,000 taka biniyoge 30,000 taka orjon korun! Call korun: [PHONE]",False,True,normal,"['no_url', 'has_numbers', 'no_bangla']"
smish,Emergency: আপনার হেলথ ইন্স্যুরেন্স ক্যানসেল। রিনিউ: health-insurance.cf,Bengali,Emergency: আপনার হেলথ ইন্স্যুরেন্স ক্যানসেল। রিনিউ: health-insurance.cf,False,False,promo,"['no_url', 'no_phone']"
smish,"বেকার যুবক, যুবতী, housewife, retired ব্যক্তিদের জন্য ঘরে বসে online-এ স্বল্প সময়ে প্রচুর টাকা earning করার golden opportunity",CodeMix,"বেকার যুবক, যুবতী, housewife, retired ব্যক্তিদের জন্য ঘরে বসে online-এ স্বল্প সময়ে প্রচুর টাকা earning করার golden opportunity",False,False,promo,"['no_url', 'no_phone']"
smish,Bangladesh Bank থেকে urgent message। Call করুন: +8801916566678,CodeMix,Bangladesh Bank থেকে urgent message। Call করুন: [PHONE],False,True,normal,['no_url']
smish,Apnar number ti puraskar jiteche. Bistrito jante kol korun +8801713344556,Banglish,Apnar number ti puraskar jiteche. Bistrito jante kol korun [PHONE],False,True,normal,"['no_url', 'no_bangla']"
smish,"Your land sale money has been deposited, call: +8801816566678",English,"Your land sale money has been deposited, call: [PHONE]",False,True,normal,"['no_url', 'no_bangla']"
smish,Priyojoner mukhe hashi futate dial *213*6551# charge 82.67 protidin,Banglish,Priyojoner mukhe hashi futate dial *213*6551# charge 82.67 protidin,False,False,promo,"['no_url', 'no_phone', 'has_numbers', 'no_bangla']"
smish,Your account is not secure. Send 4000 taka to this number: 01789765432l.,English,Your account is not secure. Send 4000 taka to this number: [PHONE] l.,False,True,normal,"['no_url', 'has_numbers', 'no_bangla']"
smish,Emergency! আপনার ক্রেডিট কার্ড ব্লক। আনব্লক: unblock-credit.cf,Bengali,Emergency! আপনার ক্রেডিট কার্ড ব্লক। আনব্লক: unblock-credit.cf,False,False,promo,"['no_url', 'no_phone']"
smish,"Priyo grahok, aj rat 11.30 tay bidyut office theke apnar bidyut shongjog bichchinno kora hobe karon apnar ager mash er bill porishod kora hoynii. Onugroho kore obilombo amader bidyut kormokortai shathe 09874567456 number e jogajog korun dhonnobad।",Banglish,"Priyo grahok, aj rat 11.30 tay bidyut office theke apnar bidyut shongjog bichchinno kora hobe karon apnar ager mash er bill porishod kora hoynii. Onugroho kore obilombo amader bidyut kormokortai shathe [PHONE] number e jogajog korun dhonnobad।",False,True,normal,"['no_url', 'has_numbers', 'no_bangla']"
smish,◆ তেমন যোগ‍্যতা থাকলে অনলাইনে পড়িয়ে রোজগার করা যায়। এইজন‍্য User-10381381741225860264 মহাশয়ের সাথে যোগাযোগ করতে পারেন।,Bengali,◆ তেমন যোগ‍্যতা থাকলে অনলাইনে পড়িয়ে রোজগার করা যায়। এইজন‍্য User- [PHONE] মহাশয়ের সাথে যোগাযোগ করতে পারেন।,False,True,normal,['no_url']
smish,"প্রিয় শিক্ষার্থী,
মাধ্যমিক পরীক্ষায় উত্তীর্ণ হওয়ায় অভিনন্দন। আজকের তুমি আগামী বাংলাদেশের ভবিষ্যৎ, আমরা
তোমার অপেক্ষায়।
কুমিল্লা সিটি
কলেজ(EIIN:134648)কোটবাড়ি,
কুমিল্লা
মোবাইল:01781939370
01859412805",Bengali,"প্রিয় শিক্ষার্থী, মাধ্যমিক পরীক্ষায় উত্তীর্ণ হওয়ায় অভিনন্দন। আজকের তুমি আগামী বাংলাদেশের ভবিষ্যৎ, আমরা তোমার অপেক্ষায়। কুমিল্লা সিটি কলেজ(EIIN:134648)কোটবাড়ি, কুমিল্লা মোবাইল: [PHONE]",False,True,normal,"['no_url', 'has_numbers']"
smish,Bangladesh Bank accounte truti dekha diyeche. Call korun: +8801819899901,Banglish,Bangladesh Bank accounte truti dekha diyeche. Call korun: [PHONE],False,True,normal,"['no_url', 'no_bangla']"
smish,দয়া করে আপনার ছেলের সমস্যার জন্য তাড়াতাড়ি টাকা পাঠান।,Bengali,দয়া করে আপনার ছেলের সমস্যার জন্য তাড়াতাড়ি টাকা পাঠান।,False,False,normal,"['no_url', 'no_phone']"
smish,অ্যাপল আইফোন ১৫ জিতেছেন! ডেলিভারি নিশ্চিত করতে কল করুন: +8801811011123,Bengali,অ্যাপল আইফোন ১৫ জিতেছেন! ডেলিভারি নিশ্চিত করতে কল করুন: [PHONE],False,True,promo,"['no_url', 'has_numbers']"
smish,"Urgent. Post Name: FPO & Branch Accountant. Your Exam Date:04/05/24 (Saturday). Time:09:00 AM. Venue: Sylhet Zone Office. Bring 2 passport photos, CV, manual job application (in Bengali), referral form (if any), NID photocopy, attested copies of original certificates. Address: Baitul Jannat Jame Masjid opposite, Shahjalal Upashahar Main Road. Contact:01322-80351. Apply to: Deputy Director, HR Department, Head Office, Ring Road, Adabor Dhaka 1207.",English,"Urgent. Post Name: FPO & Branch Accountant. Your Exam Date:04/05/24 (Saturday). Time:09:00 AM. Venue: Sylhet Zone Office. Bring 2 passport photos, CV, manual job application (in Bengali), referral form (if any), NID photocopy, attested copies of original certificates. Address: Baitul Jannat Jame Masjid opposite, Shahjalal Upashahar Main Road. Contact: [PHONE] . Apply to: Deputy Director, HR Department, Head Office, Ring Road, Adabor Dhaka 1207.",False,True,normal,"['no_url', 'has_numbers', 'no_bangla']"
smish,"Priyo grahak, apnar City Bank credit card update kora proyojon. doya kore apnar tothho nischit korte 018XXXXXXXX number e call korun.",Banglish,"Priyo grahak, apnar City Bank credit card update kora proyojon. doya kore apnar tothho nischit korte 018XX number e call korun.",False,False,normal,"['no_url', 'no_phone', 'has_numbers', 'no_bangla']"
smish,আপনার electricity bill pay না হওয়ায় connection কেটে দেয়া হবে। Call করুন +8801912233445,CodeMix,আপনার electricity bill pay না হওয়ায় connection কেটে দেয়া হবে। Call করুন [PHONE],False,True,normal,['no_url']
smish,"বিলম্বে আপনার টাকা পাবেন না, দ্রুত কল করুন: +8801912345678",Bengali,"বিলম্বে আপনার টাকা পাবেন না, দ্রুত কল করুন: [PHONE]",False,True,normal,['no_url']
smish,আপনার কাছে Amazon থেকে $200 নগদ মূল্য রয়েছে 2 দিনের মধ্যে মেয়াদ শেষ হবে৷ আমরা আপনাকে $500 পর্যন্ত পাওনা দিতে পারি। একটি সাম্প্রতিক সিদ্ধান্তের কারণে গত বছর আমরা আপনাকে অনেক বেশি চার্জ করতে পেরেছি। আপনার স্বয়ংক্রিয় সঞ্চয় প্রস্তুত.,Bengali,আপনার কাছে Amazon থেকে $200 নগদ মূল্য রয়েছে 2 দিনের মধ্যে মেয়াদ শেষ হবে৷ আমরা আপনাকে $500 পর্যন্ত পাওনা দিতে পারি। একটি সাম্প্রতিক সিদ্ধান্তের কারণে গত বছর আমরা আপনাকে অনেক বেশি চার্জ করতে পেরেছি। আপনার স্বয়ংক্রিয় সঞ্চয় প্রস্তুত.,False,False,normal,"['no_url', 'no_phone', 'has_numbers']"
smish,Income tax refund 8500 TK ready for collection. Claim: tax-refund-bd.gov/collect Code: TR9923,English,Income tax refund 8500 TK ready for collection. Claim: tax-refund-bd.gov/collect Code: TR9923,False,False,promo,"['no_url', 'no_phone', 'has_numbers', 'no_bangla']"
smish,"2,00,000 taka biniyoge 4,00,000 taka orjon korun! Call korun: +8801710900912",Banglish,"2,00,000 taka biniyoge 4,00,000 taka orjon korun! Call korun: [PHONE]",False,True,normal,"['no_url', 'has_numbers', 'no_bangla']"
smish,"priyo shikkharthi, madhyamik porikkhay uttirno howay abhinondon. ajker tumi agami Bangladesher vobisshot, amra tomar opekkhay. Cumilla City College (EIIN:134648) Kotbari, Cumilla Mobile:01781939370 01859412805",Banglish,"priyo shikkharthi, madhyamik porikkhay uttirno howay abhinondon. ajker tumi agami Bangladesher vobisshot, amra tomar opekkhay. Cumilla City College (EIIN:134648) Kotbari, Cumilla Mobile: [PHONE]",False,True,promo,"['no_url', 'has_numbers', 'no_bangla']"
smish,Career planning e shahaijyo nin! Apnar jonno adorsho kormosthal nirbachon korun ebong shothik koushol porikolpona korun. Professional shahaijyo pan - 01746635725,Banglish,Career planning e shahaijyo nin! Apnar jonno adorsho kormosthal nirbachon korun ebong shothik koushol porikolpona korun. Professional shahaijyo pan - [PHONE],False,True,promo,"['no_url', 'no_bangla']"
smish,Bet on IPL today to get a chance for private meeting with Shakib Al Hasan. Start now: xini.eu/00Qe,English,Bet on IPL today to get a chance for private meeting with Shakib Al Hasan. Start now: xini.eu/00Qe,False,False,promo,"['no_url', 'no_phone', 'has_numbers', 'no_bangla']"
smish,প্রতিদিন ৫০০-৭০০ TK income করুন! Flexiload SIM ব্যবহার করে ঘরে বসে। Details জানতে inbox করুন।,CodeMix,প্রতিদিন ৫০০-৭০০ TK income করুন! Flexiload SIM ব্যবহার করে ঘরে বসে। Details জানতে inbox করুন।,False,False,promo,"['no_url', 'no_phone', 'has_numbers']"
smish,"akorshoniyo chakri ebong porashona, mashik beton 2 lakh+ ebong PR sujog @ dokkhin Korea. 
binamulle shikkhadan ebong bashosthan.
01720557103
01720557120
01321200716
01550402100",Banglish,"akorshoniyo chakri ebong porashona, mashik beton 2 lakh+ ebong PR sujog @ dokkhin Korea. binamulle shikkhadan ebong bashosthan. [PHONE] [PHONE]",False,True,promo,"['no_url', 'has_numbers', 'no_bangla']"
smish,"Joruri vittite niyog: 
Office shohokari
Thaka khawar shundor bebostha ache",Banglish,Joruri vittite niyog: Office shohokari Thaka khawar shundor bebostha ache,False,False,normal,"['no_url', 'no_phone', 'no_bangla']"
smish,"Obhinondon! Apni Airtel lottery te 5,00,000 BDT jitechen. Apnar puroskar dabi korte, apnar bektigoto biboran pathan 017XXXXXXXXXX e.",Banglish,"Obhinondon! Apni Airtel lottery te 5,00,000 BDT jitechen. Apnar puroskar dabi korte, apnar bektigoto biboran pathan 017XX e.",False,False,promo,"['no_url', 'no_phone', 'has_numbers', 'no_bangla']"
smish,"উপবৃত্তির 4200 টাকার জন্য
Contact করুন: 01320660547
শিক্ষা বোর্ড",CodeMix,উপবৃত্তির 4200 টাকার জন্য Contact করুন: [PHONE] শিক্ষা বোর্ড,False,True,normal,"['no_url', 'has_numbers']"
smish,"Dear Candidate,
You have been selected for a preliminary interview for the position of ""Relationship Executive"" at BRAC Bank PLC under the employment of Mhadi Support Services Limited. Date - April 29 (Monday), 2024. Time - 2:00 PM. Salary - 24000/- You must bring an updated CV and photocopy of SSC certificate. Address: Gulshan Grace, 8 South Gulshan Avenue, Level-5, 2nd Building. Gulshan-1, Dhaka. (Type: ""Mhadi Corporate Office"" on Google Maps to get location) Best wishes,
Mhadi Support Services Limited.",English,"Dear Candidate, You have been selected for a preliminary interview for the position of ""Relationship Executive"" at BRAC Bank PLC under the employment of Mhadi Support Services Limited. Date - April 29 (Monday), 2024. Time - 2:00 PM. Salary - 24000/- You must bring an updated CV and photocopy of SSC certificate. Address: Gulshan Grace, 8 South Gulshan Avenue, Level-5, 2nd Building. Gulshan-1, Dhaka. (Type: ""Mhadi Corporate Office"" on Google Maps to get location) Best wishes, Mhadi Support Services Limited.",False,False,promo,"['no_url', 'no_phone', 'has_numbers', 'no_bangla']"
smish,"প্রিয় customer, আপনার bKash account-এ 10,000 টাকা deposit হয়েছে। Details জানতে call করুন: +8801712345678",CodeMix,"প্রিয় customer, আপনার bKash account-এ 10,000 টাকা deposit হয়েছে। Details জানতে call করুন: [PHONE]",False,True,normal,"['no_url', 'has_numbers']"
smish,Apni 7 vori shona jitechen! bistarito jante call korun: +8801719899901,Banglish,Apni 7 vori shona jitechen! bistarito jante call korun: [PHONE],False,True,normal,"['no_url', 'has_numbers', 'no_bangla']"
smish,"আপনার next Grameenphone recharge-এ BDT 2,000 discount পান।",CodeMix,"আপনার next Grameenphone recharge-এ BDT 2,000 discount পান।",False,False,promo,"['no_url', 'no_phone', 'has_numbers']"
smish,DXN multinational company dichche bhata-soho uchchobetone chakrir sujog. Joruri jogajog korun 01793251002,Banglish,DXN multinational company dichche bhata-soho uchchobetone chakrir sujog. Joruri jogajog korun [PHONE],False,True,promo,"['no_url', 'no_bangla']"
smish,💖 Do you want to learn free work? Do you want to earn alongside work? You can earn 400 to 500 TK daily? Then why delay? Contact now: 01722672391,English,💖 Do you want to learn free work? Do you want to earn alongside work? You can earn 400 to 500 TK daily? Then why delay? Contact now: [PHONE],False,True,normal,"['no_url', 'has_numbers', 'no_bangla']"
smish,Sonali Bank account-e problem হয়েছে। Call করুন: +8801813233245,CodeMix,Sonali Bank account-e problem হয়েছে। Call করুন: [PHONE],False,True,normal,['no_url']
smish,Call to recharge your mobile: +8801815455567,English,Call to recharge your mobile: [PHONE],False,True,normal,"['no_url', 'short_text', 'no_bangla']"
smish,Call to receive your prize money: +8801811234567,English,Call to receive your prize money: [PHONE],False,True,normal,"['no_url', 'short_text', 'no_bangla']"
smish,আপনার mobile recharge করতে call করুন: +8801814344356,CodeMix,আপনার mobile recharge করতে call করুন: [PHONE],False,True,normal,"['no_url', 'short_text']"
smish,"Invest TK 5,000 and get TK 20,000! Call: +8801918899001",English,"Invest TK 5,000 and get TK 20,000! Call: [PHONE]",False,True,promo,"['no_url', 'short_text', 'has_numbers', 'no_bangla']"
smish,Bangladesh Bank theke apnar jonno joruri barta. call korun: +8801911011123,Banglish,Bangladesh Bank theke apnar jonno joruri barta. call korun: [PHONE],False,True,normal,"['no_url', 'no_bangla']"
smish,আপনার credit card-এর limit increase করার জন্য call করুন +8801812233445,CodeMix,আপনার credit card-এর limit increase করার জন্য call করুন [PHONE],False,True,normal,['no_url']
smish,"Hello, I'm ALIYE from Amazon HR. We're offering part-time work (no fees/investment). Earn 300-1200TK daily in 5-10 minutes. Interested?",English,"Hello, I'm ALIYE from Amazon HR. We're offering part-time work (no fees/investment). Earn 300-1200TK daily in 5-10 minutes. Interested?",False,False,promo,"['no_url', 'no_phone', 'has_numbers', 'no_bangla']"
smish,"গভঃ রেজিঃ  - ১৮০৭২৭/২০২২ National agancy company পার্ট-টাইম চাকরি
পড়াশোনার পাশাপাশি অনলাইন প্লাটফর্মে বিজ্ঞাপন প্রচার করার জন্য ছেলে মেয়ে কর্মী নিয়োগ চলছে।
পদের_নামঃ কল সেন্টার
মাসিক বেতনঃ 10/12 হাজার 
দৈনিক কাজের সময়ঃ ৪/৫ঘন্টা
আগ্রহী আপুরা ও ভাইয়েরা সরাসরি ইনবক্স_এ যোগাযোগ করুন।বা ফোন . 01984766558",Bengali,গভঃ রেজিঃ - ১৮০৭২৭/২০২২ National agancy company পার্ট-টাইম চাকরি পড়াশোনার পাশাপাশি অনলাইন প্লাটফর্মে বিজ্ঞাপন প্রচার করার জন্য ছেলে মেয়ে কর্মী নিয়োগ চলছে। পদের_নামঃ কল সেন্টার মাসিক বেতনঃ 10/12 হাজার দৈনিক কাজের সময়ঃ ৪/৫ঘন্টা আগ্রহী আপুরা ও ভাইয়েরা সরাসরি ইনবক্স_এ যোগাযোগ করুন।বা ফোন . [PHONE],False,True,promo,"['no_url', 'has_numbers']"
smish,আপনার টেলিফোন বিল ৩ মাস বকেয়া। লাইন কাটা হবে: pay-phone.cf,Bengali,আপনার টেলিফোন বিল ৩ মাস বকেয়া। লাইন কাটা হবে: pay-phone.cf,False,False,normal,"['no_url', 'no_phone', 'has_numbers']"
smish,"Dear student, মাধ্যমিক exam এ pass করায় congrats! আজকের তুমি আগামীর future, আমরা তোমার অপেক্ষায়। Cumilla City College (EIIN:134648), Kotbari, Cumilla. Mobile: 01781939370, 01859412805",CodeMix,"Dear student, মাধ্যমিক exam এ pass করায় congrats! আজকের তুমি আগামীর future, আমরা তোমার অপেক্ষায়। Cumilla City College (EIIN:134648), Kotbari, Cumilla. Mobile: [PHONE] , [PHONE]",False,True,promo,"['no_url', 'has_numbers']"
smish,Sthitishil kaj. Beton 1500 BDT/din. Ghore boshe kaj: cutt.ly/U6zMFGQ,Banglish,Sthitishil kaj. Beton 1500 BDT/din. Ghore boshe kaj: cutt.ly/U6zMFGQ,False,False,promo,"['no_url', 'no_phone', 'has_numbers', 'no_bangla']"
smish,Part-time job।বেতন 5000 BDT/দিন।ঘরে বসে কাজ : wa.me/85295102105,CodeMix,Part-time job।বেতন 5000 BDT/দিন।ঘরে বসে কাজ : wa.me/ [PHONE],False,True,promo,"['no_url', 'has_numbers']"
smish,"Bekar jubok, juboti, grihini, retired bektigder jonno gore bose online e sholpo somoy e prochur taka uparjon korar shuborgo sujog",Banglish,"Bekar jubok, juboti, grihini, retired bektigder jonno gore bose online e sholpo somoy e prochur taka uparjon korar shuborgo sujog",False,False,promo,"['no_url', 'no_phone', 'no_bangla']"
smish,"মহান Independence Day-র শুভেচ্ছা। বিশ্বস্ত ও smart banking service-এ ২৪/৭ সোনালী Bank আপনার side-এ।
মোঃ আফজাল করিম
CEO এন্ড MD",CodeMix,মহান Independence Day-র শুভেচ্ছা। বিশ্বস্ত ও smart banking service-এ ২৪/৭ সোনালী Bank আপনার side-এ। মোঃ আফজাল করিম CEO এন্ড MD,False,False,promo,"['no_url', 'no_phone', 'has_numbers']"
smish,"ad fee lagbe na. 🎁🎁
protodin $1 theke $2 dollar income korte parben echharao aro income ache jodi keu korte chan inbox-e message den.",Banglish,ad fee lagbe na. 🎁🎁 protodin $1 theke $2 dollar income korte parben echharao aro income ache jodi keu korte chan inbox-e message den.,False,False,normal,"['no_url', 'no_phone', 'has_numbers', 'no_bangla']"
smish,"Dear customer, আজ রাত ১১.৩০ টায় electricity office থেকে আপনার electricity connection disconnect করা হবে কারণ আপনার previous month-এর bill payment করা হয়নি। Please অবিলম্বে আমাদের electricity officer-এর সাথে 09874567456 number-এ contact করুন thanks।",CodeMix,"Dear customer, আজ রাত ১১.৩০ টায় electricity office থেকে আপনার electricity connection disconnect করা হবে কারণ আপনার previous month-এর bill payment করা হয়নি। Please অবিলম্বে আমাদের electricity officer-এর সাথে [PHONE] number-এ contact করুন thanks।",False,True,normal,"['no_url', 'has_numbers']"
smish,জনতা ব্যাংক থেকে জরুরি বার্তা। কল করুন: +8801719900112,Bengali,জনতা ব্যাংক থেকে জরুরি বার্তা। কল করুন: [PHONE],False,True,normal,"['no_url', 'short_text']"
smish,"Get BDT 2,000 discount on your next Grameenphone recharge.",English,"Get BDT 2,000 discount on your next Grameenphone recharge.",False,False,promo,"['no_url', 'no_phone', 'has_numbers', 'no_bangla']"
smish,সতর্কতা ! অর্ডার আইডি #MFHK98Z SONY Alpha SLT-A55 DSLR ক্যামেরার জন্য AMZ-এ আপনার কার্ড থেকে $765.00 চার্জ করা হয়েছে। বাতিল এবং ফেরত পেতে? আমাদের কল করুন + 1844 6620 383,Bengali,সতর্কতা ! অর্ডার আইডি #MFHK98Z SONY Alpha SLT-A55 DSLR ক্যামেরার জন্য AMZ-এ আপনার কার্ড থেকে $765.00 চার্জ করা হয়েছে। বাতিল এবং ফেরত পেতে? আমাদের কল করুন + 1844 6620 383,False,False,promo,"['no_url', 'no_phone', 'has_numbers']"
smish,Earn TK 46 lakh for free from 46 mining apps - from home with mobile,English,Earn TK 46 lakh for free from 46 mining apps - from home with mobile,False,False,promo,"['no_url', 'no_phone', 'has_numbers', 'no_bangla']"
smish,Call to update your internet package +8801714455667,English,Call to update your internet package [PHONE],False,True,normal,"['no_url', 'short_text', 'no_bangla']"
smish,Apnar phone number ti 5000 taka puroshkar jiteche! Bistarito jante call korun +8801715566778,Banglish,Apnar phone number ti 5000 taka puroshkar jiteche! Bistarito jante call korun [PHONE],False,True,normal,"['no_url', 'has_numbers', 'no_bangla']"
smish,দারুণ খবর! আমাদের travel package-এ ৭০% discount! দ্রুত booking করুন এই number-এ :01317235293,CodeMix,দারুণ খবর! আমাদের travel package-এ ৭০% discount! দ্রুত booking করুন এই number-এ : [PHONE],False,True,promo,"['no_url', 'has_numbers']"
smish,"Apnar chele problem এ আছে, quickly টাকা পাঠান এই number এ।",CodeMix,"Apnar chele problem এ আছে, quickly টাকা পাঠান এই number এ।",False,False,normal,"['no_url', 'no_phone']"
smish,5 lakh taka loan guaranteed within 24 hours. No deposit or brokerage. Apply today. Contact: 01867546389,English,5 lakh taka loan guaranteed within 24 hours. No deposit or brokerage. Apply today. Contact: [PHONE],False,True,promo,"['no_url', 'has_numbers', 'no_bangla']"
smish,Apnar sonchoy digun korar sujog! Call korun: +8801715455567,Banglish,Apnar sonchoy digun korar sujog! Call korun: [PHONE],False,True,normal,"['no_url', 'no_bangla']"
smish,Courier alert: Apnar DHL parcel customs e hold hoyeche. Release korte 3000TK pay korte hobe bkash 01722334455 e. Na korle parcel return hobe automatically.,Banglish,Courier alert: Apnar DHL parcel customs e hold hoyeche. Release korte 3000TK pay korte hobe bkash [PHONE] e. Na korle parcel return hobe automatically.,False,True,promo,"['no_url', 'has_numbers', 'no_bangla']"
smish,Call +8801812233445 to increase your credit card limit,English,Call [PHONE] to increase your credit card limit,False,True,normal,"['no_url', 'short_text', 'no_bangla']"
smish,আপনার নম্বরটি পুরস্কার জিতেছে। বিস্তারিত জানতে কল করুন +8801713344556,Bengali,আপনার নম্বরটি পুরস্কার জিতেছে। বিস্তারিত জানতে কল করুন [PHONE],False,True,normal,['no_url']
smish,"Government providing up to 50,000TK subsidy for farmers. Call now to claim: 01538272734",English,"Government providing up to 50,000TK subsidy for farmers. Call now to claim: [PHONE]",False,True,promo,"['no_url', 'has_numbers', 'no_bangla']"
smish,Apnar account er shurokha jachhai korte call korun +8801916677889,Banglish,Apnar account er shurokha jachhai korte call korun [PHONE],False,True,normal,"['no_url', 'no_bangla']"
smish,"
বেকার যুবক, যুবতী, গৃহিণী, রিটায়ার্ড ব্যক্তিদের জন্য ঘরে বসে অনলাইনে স্বল্প সময়ে প্রচুর টাকা উপার্জন করার
সুবর্ণ সুযোগ",Bengali,"বেকার যুবক, যুবতী, গৃহিণী, রিটায়ার্ড ব্যক্তিদের জন্য ঘরে বসে অনলাইনে স্বল্প সময়ে প্রচুর টাকা উপার্জন করার সুবর্ণ সুযোগ",False,False,promo,"['no_url', 'no_phone']"
smish,"If you have 3-4 hours free daily, then let me know. I hope I can provide you with a very good job opportunity. Inbox me",English,"If you have 3-4 hours free daily, then let me know. I hope I can provide you with a very good job opportunity. Inbox me",False,False,normal,"['no_url', 'no_phone', 'has_numbers', 'no_bangla']"
smish,Khondokalin job.Beton 5000 BDT/din.Ghore boshe kaj : wa.me/85295102105,Banglish,Khondokalin job.Beton 5000 BDT/din.Ghore boshe kaj : wa.me/ [PHONE],False,True,promo,"['no_url', 'has_numbers', 'no_bangla']"
smish,Warning! Order ID #MFHK98Z SONY Alpha SLT-A55 DSLR camera-র জন্য AMZ-এ আপনার card থেকে $765.00 charge করা হয়েছে। Cancel এবং refund পেতে? আমাদের call করুন + 1844 6620 383,CodeMix,Warning! Order ID #MFHK98Z SONY Alpha SLT-A55 DSLR camera-র জন্য AMZ-এ আপনার card থেকে $765.00 charge করা হয়েছে। Cancel এবং refund পেতে? আমাদের call করুন + 1844 6620 383,False,False,promo,"['no_url', 'no_phone', 'has_numbers']"
smish,"Sorry, I mistakenly sent you a 6-digit OTP. Can you forward the OTP to me? I need it right now",English,"Sorry, I mistakenly sent you a 6-digit OTP. Can you forward the OTP to me? I need it right now",False,False,normal,"['no_url', 'no_phone', 'has_numbers', 'no_bangla']"
smish,Apnar shonchoy digun korar sujog! Call korun: +8801712122234,Banglish,Apnar shonchoy digun korar sujog! Call korun: [PHONE],False,True,normal,"['no_url', 'no_bangla']"
smish,বাংলাদেশ ব্যাংক থেকে একটি জরুরি বার্তা এসেছে। কল করুন: +8801914567890,Bengali,বাংলাদেশ ব্যাংক থেকে একটি জরুরি বার্তা এসেছে। কল করুন: [PHONE],False,True,normal,['no_url']
smish,"প্রিয় গ্রাহক, আপনার কার্ডের তথ্য আপডেট করতে হবে। দয়া করে দ্রুত নিচের নম্বরে কল করুন এবং আপনার পিন নাম্বারটি বলুন। যোগাযোগের নম্বর: ০১৩৪৫৬৭৮৯৫৬",Bengali,"প্রিয় গ্রাহক, আপনার কার্ডের তথ্য আপডেট করতে হবে। দয়া করে দ্রুত নিচের নম্বরে কল করুন এবং আপনার পিন নাম্বারটি বলুন। যোগাযোগের নম্বর: [PHONE]",False,True,normal,['no_url']
smish,আপনার সঞ্চয় দ্বিগুণ করার সুযোগ! কল করুন: +8801711011023,Bengali,আপনার সঞ্চয় দ্বিগুণ করার সুযোগ! কল করুন: [PHONE],False,True,normal,"['no_url', 'short_text']"
smish,Apnar mobile number ta iPhone jiteche! Puroshkar pete call korun +8801813344556,Banglish,Apnar mobile number ta iPhone jiteche! Puroshkar pete call korun [PHONE],False,True,normal,"['no_url', 'no_bangla']"
smish,"Dear customer, TK25000 has been withdrawn from A/cXXXXX on 31-12-2019 at Kolkata TS ATM.Txn# S32131611-20191005. If not done by you, forward this SMS from your registered mobile number to 7679786941 to block your card or call 7029892098 immediately -State Bank of India",English,"Dear customer, TK25000 has been withdrawn from A/cXX on 31-12-2019 at Kolkata TS ATM.Txn# S [PHONE] . If not done by you, forward this SMS from your registered mobile number to [PHONE] to block your card or call [PHONE] immediately -State Bank of India",False,True,promo,"['no_url', 'has_numbers', 'no_bangla']"
smish,অভিনন্দন! আপনি Radisson Blu-তে দুজনের জন্য একটি বিনামূল্যের ডিনার জিতেছেন। আপনার টেবিল বুক করতে কল করুন 017XXXXXXXX।,Bengali,অভিনন্দন! আপনি Radisson Blu-তে দুজনের জন্য একটি বিনামূল্যের ডিনার জিতেছেন। আপনার টেবিল বুক করতে কল করুন 017XX।,False,False,normal,"['no_url', 'no_phone', 'has_numbers']"
smish,Urgent message from Janata Bank. Call: +8801719900112,English,Urgent message from Janata Bank. Call: [PHONE],False,True,normal,"['no_url', 'short_text', 'no_bangla']"
smish,"১,০০,০০০ TK investment-এ ২,০০,০০০ TK পান! Call করুন: +8801912122134",CodeMix,"১,০০,০০০ TK investment-এ ২,০০,০০০ TK পান! Call করুন: [PHONE]",False,True,promo,"['no_url', 'has_numbers']"
smish,Apnar gas bill baki achhe. Obilombhe payment korun. Kol korun +8801814455667,Banglish,Apnar gas bill baki achhe. Obilombhe payment korun. Kol korun [PHONE],False,True,normal,"['no_url', 'no_bangla']"
smish,Janata Bank theke joruri barta. Kol korun: +8801913233345,Banglish,Janata Bank theke joruri barta. Kol korun: [PHONE],False,True,normal,"['no_url', 'no_bangla']"
smish,"Agora: Congratulations!! Your March bill has been paid. Thank you, here is a small gift for you. Contact us: 01456783489",English,"Agora: Congratulations!! Your March bill has been paid. Thank you, here is a small gift for you. Contact us: [PHONE]",False,True,normal,"['no_url', 'no_bangla']"
smish,bKash account punoray chalu korte call korun: +8801714344356,Banglish,bKash account punoray chalu korte call korun: [PHONE],False,True,normal,"['no_url', 'no_bangla']"
smish,"Agora: Congratulations!! আপনার March মাসের bill pay হয়েছে। Thank you, এখানে আপনার জন্য একটি ছোট gift রয়েছে। আমাদের সাথে contact করুন: 01456783489",CodeMix,"Agora: Congratulations!! আপনার March মাসের bill pay হয়েছে। Thank you, এখানে আপনার জন্য একটি ছোট gift রয়েছে। আমাদের সাথে contact করুন: [PHONE]",False,True,normal,['no_url']
smish,"Agora: অভিনন্দন!! আপনার মার্চ মাসের বিল পরিশোধ হয়েছে। ধন্যবাদ, এখানে আপনার জন্য একটি ছোট উপহার রয়েছে। আমাদের সাথে যোগাযোগ করুন: 01456783489",Bengali,"Agora: অভিনন্দন!! আপনার মার্চ মাসের বিল পরিশোধ হয়েছে। ধন্যবাদ, এখানে আপনার জন্য একটি ছোট উপহার রয়েছে। আমাদের সাথে যোগাযোগ করুন: [PHONE]",False,True,normal,['no_url']
smish,"আপনার জমি বিক্রির টাকা জমা হয়েছে, কল করুন: +8801914567890",Bengali,"আপনার জমি বিক্রির টাকা জমা হয়েছে, কল করুন: [PHONE]",False,True,normal,['no_url']
smish,আপনার সঞ্চয় দ্বিগুণ করুন! এখনই কল করুন: +8801919876543,Bengali,আপনার সঞ্চয় দ্বিগুণ করুন! এখনই কল করুন: [PHONE],False,True,normal,"['no_url', 'short_text']"
smish,Sonali Bank account e truti dekha diyeche. Joruri bhittite call korun: +8801711234567,Banglish,Sonali Bank account e truti dekha diyeche. Joruri bhittite call korun: [PHONE],False,True,normal,"['no_url', 'no_bangla']"
smish,Apple iPhone 15 jitechen! delivery nischit korte call korun: +8801811011123,Banglish,Apple iPhone 15 jitechen! delivery nischit korte call korun: [PHONE],False,True,promo,"['no_url', 'has_numbers', 'no_bangla']"
smish,"প্রবাসে ১০০% নিশ্চিত চাকরির সুযোগ। কোন ফি নেই, শুধু আপনার পাসপোর্ট এবং শিক্ষাগত যোগ্যতা দরকার। যোগাযোগ:০১৮৬৭৫৪৬৩৮৯",Bengali,"প্রবাসে ১০০% নিশ্চিত চাকরির সুযোগ। কোন ফি নেই, শুধু আপনার পাসপোর্ট এবং শিক্ষাগত যোগ্যতা দরকার। যোগাযোগ: [PHONE]",False,True,promo,"['no_url', 'has_numbers']"
smish,Win free match tickets with Shakib Al Hasan by betting on IPL today. Click here: xini.eu/00Qe,English,Win free match tickets with Shakib Al Hasan by betting on IPL today. Click here: xini.eu/00Qe,False,False,promo,"['no_url', 'no_phone', 'has_numbers', 'no_bangla']"
smish,আপনার mobile recharge করতে call করুন: +8801818899001,CodeMix,আপনার mobile recharge করতে call করুন: [PHONE],False,True,normal,"['no_url', 'short_text']"
smish,"apnar jomi bikrir taka joma hoyeche, call korun: +8801819900112",Banglish,"apnar jomi bikrir taka joma hoyeche, call korun: [PHONE]",False,True,normal,"['no_url', 'no_bangla']"
smish,Apnar internet shongjog punoray chalu korte call korun +8801816677889,Banglish,Apnar internet shongjog punoray chalu korte call korun [PHONE],False,True,promo,"['no_url', 'no_bangla']"
smish,For stipend of 4200 TK contact: 01320660547 Education Board,English,For stipend of 4200 TK contact: [PHONE] Education Board,False,True,normal,"['no_url', 'has_numbers', 'no_bangla']"
smish,"Attractive job and education, monthly salary TK2 lakh+ and opportunity for permanent residence in South Korea.
Free tuition and accommodation.
Contact:
01720557103
01720557120
01321200716
01550402100",English,"Attractive job and education, monthly salary TK2 lakh+ and opportunity for permanent residence in South Korea. Free tuition and accommodation. Contact: [PHONE] [PHONE]",False,True,promo,"['no_url', 'has_numbers', 'no_bangla']"
smish,"Priyo grohok, apnar bKash account-e 10,000 taka joma hoyeche. Bistarito jante call korun: +8801712345678",Banglish,"Priyo grohok, apnar bKash account-e 10,000 taka joma hoyeche. Bistarito jante call korun: [PHONE]",False,True,normal,"['no_url', 'has_numbers', 'no_bangla']"
smish,সর্তকবার্তা: আপনার পেনশন পেমেন্ট স্টপ। রিস্টার্ট: restart-pension.cf,Bengali,সর্তকবার্তা: আপনার পেনশন পেমেন্ট স্টপ। রিস্টার্ট: restart-pension.cf,False,False,promo,"['no_url', 'no_phone']"
smish,Call to verify your income tax +8801913344556,English,Call to verify your income tax [PHONE],False,True,normal,"['no_url', 'short_text', 'no_bangla']"
smish,Your gas bill is overdue. Make payment immediately. Call +8801814455667,English,Your gas bill is overdue. Make payment immediately. Call [PHONE],False,True,normal,"['no_url', 'no_bangla']"
smish,"বিনিয়োগে দ্বিগুণ লাভ, কল করুন: +8801911234567",Bengali,"বিনিয়োগে দ্বিগুণ লাভ, কল করুন: [PHONE]",False,True,normal,"['no_url', 'short_text']"
smish,Invest TK100000 এবং পান TK200000! Call now: +8801919899901,CodeMix,Invest TK100 এবং পান TK200! Call now: [PHONE],False,True,promo,"['no_url', 'short_text', 'has_numbers']"
smish,Sonali Bank থেকে আপনার জন্য urgent message। Call করুন: +8801716677889,CodeMix,Sonali Bank থেকে আপনার জন্য urgent message। Call করুন: [PHONE],False,True,normal,['no_url']
smish,"Apnar chele shomoshyay ache, tai druto taka pathan.",Banglish,"Apnar chele shomoshyay ache, tai druto taka pathan.",False,False,normal,"['no_url', 'no_phone', 'no_bangla']"
smish,Apnar bKash account block hoyeche. Punoray shokrio korte call korun: +8801819876543,Banglish,Apnar bKash account block hoyeche. Punoray shokrio korte call korun: [PHONE],False,True,normal,"['no_url', 'no_bangla']"
smish,You are our lucky customer! Claim your free 1-year internet subscription. Call 019XXXXXXXX.,English,You are our lucky customer! Claim your free 1-year internet subscription. Call 019XX.,False,False,promo,"['no_url', 'no_phone', 'has_numbers', 'no_bangla']"
smish,গুরুত্বপূর্ণ: আপনার ভ্যাকসিন সার্টিফিকেট এক্সপায়ার। আপডেট: update-vaccine.tk,Bengali,গুরুত্বপূর্ণ: আপনার ভ্যাকসিন সার্টিফিকেট এক্সপায়ার। আপডেট: update-vaccine.tk,False,False,promo,"['no_url', 'no_phone']"
smish,"Jonota Bank theke 2,000 taka puroshkar jitechen! Call korun: +8801714455667",Banglish,"Jonota Bank theke 2,000 taka puroshkar jitechen! Call korun: [PHONE]",False,True,normal,"['no_url', 'has_numbers', 'no_bangla']"
smish,➡️Do you want to work online?? Our project name is: Forgsec.io 🆓 We will give 1-2 live classes on Telegram for free and teach you the complete work✅✅ 🔜 We have daily income and monthly salary arrangements☑️☑️ Know everything and work with proof 100% real work✅,English,➡️Do you want to work online?? Our project name is: Forgsec.io 🆓 We will give 1-2 live classes on Telegram for free and teach you the complete work✅✅ 🔜 We have daily income and monthly salary arrangements☑️☑️ Know everything and work with proof 100% real work✅,False,False,promo,"['no_url', 'no_phone', 'has_numbers', 'no_bangla']"
smish,Apnar shonchoy dwigun korar shujog! Call korun: +8801711011023,Banglish,Apnar shonchoy dwigun korar shujog! Call korun: [PHONE],False,True,normal,"['no_url', 'no_bangla']"
smish,আপনার সঞ্চয় দ্বিগুণ করার সুযোগ! কল করুন: +8801718788890,Bengali,আপনার সঞ্চয় দ্বিগুণ করার সুযোগ! কল করুন: [PHONE],False,True,normal,"['no_url', 'short_text']"
smish,"Your land sale money has been deposited, call করুন: +8801819900112",CodeMix,"Your land sale money has been deposited, call করুন: [PHONE]",False,True,normal,['no_url']
smish,জনতা ব্যাংক থেকে জরুরি বার্তা। কল করুন: +8801913233345,Bengali,জনতা ব্যাংক থেকে জরুরি বার্তা। কল করুন: [PHONE],False,True,normal,"['no_url', 'short_text']"
smish,"Hello, tracking code Dz-8342-FY344 shoho apnar FEDEX package apnar delivery pochondo set korar jonno opekkha korche: c4info/Gm0843vz1",Banglish,"Hello, tracking code Dz-8342-FY344 shoho apnar FEDEX package apnar delivery pochondo set korar jonno opekkha korche: c4info/Gm0843vz1",False,False,promo,"['no_url', 'no_phone', 'has_numbers', 'no_bangla']"
smish,Apple iPhone 18 jitechen! Delivery nishchito korte call korun: +8801810900912,Banglish,Apple iPhone 18 jitechen! Delivery nishchito korte call korun: [PHONE],False,True,promo,"['no_url', 'has_numbers', 'no_bangla']"
smish,Ekta Samsung Galaxy phone jetar sujog! Ei borto te 'GALAXY' uttor din.,Banglish,Ekta Samsung Galaxy phone jetar sujog! Ei borto te 'GALAXY' uttor din.,False,False,normal,"['no_url', 'no_phone', 'no_bangla']"
smish,Apnar bidyut bill porishod na howar karon shongjog kete dewa hobe. Call korun +8801912233445,Banglish,Apnar bidyut bill porishod na howar karon shongjog kete dewa hobe. Call korun [PHONE],False,True,normal,"['no_url', 'no_bangla']"
smish,কোন ডাউন পেমেন্ট ছাড়াই ১০০% গাড়ি লোন সুবিধা। আজই আবেদন করুন। যোগাযোগ: ০১৮৬৭৫৪৬৩৮৯,Bengali,কোন ডাউন পেমেন্ট ছাড়াই ১০০% গাড়ি লোন সুবিধা। আজই আবেদন করুন। যোগাযোগ: [PHONE],False,True,promo,"['no_url', 'has_numbers']"
smish,"Priyo beboharikari, apni ekta free concert-er ticket jitechen. Ei bartay 'CONCERT' uttor din.",Banglish,"Priyo beboharikari, apni ekta free concert-er ticket jitechen. Ei bartay 'CONCERT' uttor din.",False,False,normal,"['no_url', 'no_phone', 'no_bangla']"
smish,"Get Malaysian, European, American, Canadian visa with 100% guarantee, contact today 01765433422, no advance fee required.",English,"Get Malaysian, European, American, Canadian visa with 100% guarantee, contact today [PHONE] , no advance fee required.",False,True,promo,"['no_url', 'has_numbers', 'no_bangla']"
smish,আপনার account block হয়ে যাবে। contact করুন ০১৭৮৯৭৬৫৪৩২১।,CodeMix,আপনার account block হয়ে যাবে। contact করুন [PHONE] ।,False,True,normal,['no_url']
smish,প্রিয়জনের মুখে হাসি ফুটাতে dial *213*6551# charge ৮২.৬৭ প্রতিদিন,CodeMix,প্রিয়জনের মুখে হাসি ফুটাতে dial *213*6551# charge ৮২.৬৭ প্রতিদিন,False,False,promo,"['no_url', 'no_phone', 'has_numbers']"
smish,"প্রিয় গ্রাহক আপনার
বিদ্যুৎ সংযোগ বিচ্ছিন্ন করা হবে
আজ রাত ১০.৩০ মিনিটে
থেকে
বিদ্যুৎ অফিস।
কারণ আপনার
আগের মাসের বিল ছিল না
আপডেট অবিলম্বে দয়া করে
আমাদের সাথে যোগাযোগ করুন
বিদ্যুৎ কর্মকর্তা
9163657962 ধন্যবাদ",Bengali,প্রিয় গ্রাহক আপনার বিদ্যুৎ সংযোগ বিচ্ছিন্ন করা হবে আজ রাত ১০.৩০ মিনিটে থেকে বিদ্যুৎ অফিস। কারণ আপনার আগের মাসের বিল ছিল না আপডেট অবিলম্বে দয়া করে আমাদের সাথে যোগাযোগ করুন বিদ্যুৎ কর্মকর্তা [PHONE] ধন্যবাদ,False,True,normal,"['no_url', 'has_numbers']"
smish,জনতা ব্যাংক অ্যাকাউন্টে সমস্যা হয়েছে। কল করুন: +8801811011023,Bengali,জনতা ব্যাংক অ্যাকাউন্টে সমস্যা হয়েছে। কল করুন: [PHONE],False,True,normal,['no_url']
smish,"5,000 taka biniyoge 20,000 taka pan! Call korun: +8801918899001",Banglish,"5,000 taka biniyoge 20,000 taka pan! Call korun: [PHONE]",False,True,normal,"['no_url', 'has_numbers', 'no_bangla']"
smish,"Biniyoge dvigun labh, call korun: +8801911234567",Banglish,"Biniyoge dvigun labh, call korun: [PHONE]",False,True,normal,"['no_url', 'short_text', 'no_bangla']"
smish,Apnar internet songjog punoray chalu korte call korun +8801811122334,Banglish,Apnar internet songjog punoray chalu korte call korun [PHONE],False,True,promo,"['no_url', 'no_bangla']"
smish,Earn from Facebook - message us. Genuine work opportunity with group support: t.me/Facebook_ID_Sell1_bot Official admin👆,English,Earn from Facebook - message us. Genuine work opportunity with group support: t.me/Facebook_ID_Sell1_bot Official admin👆,False,False,promo,"['no_url', 'no_phone', 'has_numbers', 'no_bangla']"
smish,Apnar Dutch-Bangla Bank account theke 45000 TK withdraw hoyeche. Jodi apni koren ni tahole akhoni call korun +8801987654321,Banglish,Apnar Dutch-Bangla Bank account theke 45000 TK withdraw hoyeche. Jodi apni koren ni tahole akhoni call korun [PHONE],False,True,normal,"['no_url', 'has_numbers', 'no_bangla']"
smish,Darun khobor! Amader bhromon package-e 70% discount! Druto booking korun ei number-e: 01317235293,Banglish,Darun khobor! Amader bhromon package-e 70% discount! Druto booking korun ei number-e: [PHONE],False,True,promo,"['no_url', 'has_numbers', 'no_bangla']"
smish,আপনার mobile recharge করতে call করুন: +8801815455567,CodeMix,আপনার mobile recharge করতে call করুন: [PHONE],False,True,normal,"['no_url', 'short_text']"
smish,"Your land sale money has been deposited, call: +8801914567890",English,"Your land sale money has been deposited, call: [PHONE]",False,True,normal,"['no_url', 'no_bangla']"
smish,"Smartphone jetar durdanto offer! Shohoj kichu proshner uttor diye jite nin 14,999 takar akorshonio smartphone Oppo A17 matro TK2.78/din, dial *213*664#",Banglish,"Smartphone jetar durdanto offer! Shohoj kichu proshner uttor diye jite nin 14,999 takar akorshonio smartphone Oppo A17 matro TK2.78/din, dial *213*664#",False,False,promo,"['no_url', 'no_phone', 'has_numbers', 'no_bangla']"
smish,আপনার একাউন্টে সমস্যা হয়েছে। দ্রুত এই নাম্বারে যোগাযোগ করুন ০১৭২৮৩৭৫৮৪৩।,Bengali,আপনার একাউন্টে সমস্যা হয়েছে। দ্রুত এই নাম্বারে যোগাযোগ করুন [PHONE] ।,False,True,normal,['no_url']
smish,DXN multinational company দিচ্ছে ভাতাসহ উচ্চবেতনে চাকরির সুযোগ। জরুরি যোগাযোগ করুন ০১৭৯৩২৫১০০২,CodeMix,DXN multinational company দিচ্ছে ভাতাসহ উচ্চবেতনে চাকরির সুযোগ। জরুরি যোগাযোগ করুন [PHONE],False,True,promo,['no_url']
smish,বাংলাদেশ ব্যাংক থেকে জরুরি বার্তা। কল করুন: +8801915566778,Bengali,বাংলাদেশ ব্যাংক থেকে জরুরি বার্তা। কল করুন: [PHONE],False,True,normal,['no_url']
smish,"5,000 taka binyoje 15,000 taka arjon korun! Call korun: +8801916677889",Banglish,"5,000 taka binyoje 15,000 taka arjon korun! Call korun: [PHONE]",False,True,normal,"['no_url', 'has_numbers', 'no_bangla']"
smish,Bangladesh bank account-e truti dekhano diyeche. Call korun: +8801814344356,Banglish,Bangladesh bank account-e truti dekhano diyeche. Call korun: [PHONE],False,True,normal,"['no_url', 'no_bangla']"
smish,Kono joma charai 100% home loan shubidha. 24 ghontar moddhe onumodon. Jogajog: 01567546390,Banglish,Kono joma charai 100% home loan shubidha. 24 ghontar moddhe onumodon. Jogajog: [PHONE],False,True,promo,"['no_url', 'has_numbers', 'no_bangla']"
smish,Congratulations! You have won a free dinner for two at Radisson Blu. Call 017XXXXXXXX to book your table.,English,Congratulations! You have won a free dinner for two at Radisson Blu. Call 017XX to book your table.,False,False,promo,"['no_url', 'no_phone', 'has_numbers', 'no_bangla']"
smish,"Dear customer, 10,000 taka has been deposited in your bKash account. Call for details: +8801712345678",English,"Dear customer, 10,000 taka has been deposited in your bKash account. Call for details: [PHONE]",False,True,normal,"['no_url', 'has_numbers', 'no_bangla']"
smish,"Your CV has passed and you can work from home through your mobile phone and get TK 2,000 daily. Join now: wa.me/8801865655560",English,"Your CV has passed and you can work from home through your mobile phone and get TK 2,000 daily. Join now: wa.me/ [PHONE]",False,True,promo,"['no_url', 'has_numbers', 'no_bangla']"
smish,"bKash account-e 5,000 taka joma hoyeche. bistarito jante call korun: +8801810900912",Banglish,"bKash account-e 5,000 taka joma hoyeche. bistarito jante call korun: [PHONE]",False,True,normal,"['no_url', 'has_numbers', 'no_bangla']"
smish,"প্রিয় গ্রাহক, আজ রাত ১১.৩০ টায় বিদ্যুৎ অফিস থেকে আপনার বিদ্যুৎ সংযোগ বিচ্ছিন্ন করা হবে কারণ আপনার আগের মাসের বিল পরিশোধ করা হয়নি। অনুগ্রহ করে অবিলম্বে আমাদের বিদ্যুৎ কর্মকর্তার সাথে 09874567456 নম্বরে যোগাযোগ করুন ধন্যবাদ।",Bengali,"প্রিয় গ্রাহক, আজ রাত ১১.৩০ টায় বিদ্যুৎ অফিস থেকে আপনার বিদ্যুৎ সংযোগ বিচ্ছিন্ন করা হবে কারণ আপনার আগের মাসের বিল পরিশোধ করা হয়নি। অনুগ্রহ করে অবিলম্বে আমাদের বিদ্যুৎ কর্মকর্তার সাথে [PHONE] নম্বরে যোগাযোগ করুন ধন্যবাদ।",False,True,normal,"['no_url', 'has_numbers']"
smish,Janata bank theke guruttopurno barta. Call korun: +8801710900912,Banglish,Janata bank theke guruttopurno barta. Call korun: [PHONE],False,True,normal,"['no_url', 'no_bangla']"
smish,Urgent message from Janata Bank. Call: +8801913233245,English,Urgent message from Janata Bank. Call: [PHONE],False,True,normal,"['no_url', 'short_text', 'no_bangla']"
smish,দয়া করে আপনার son এর problem এর জন্য তাড়াতাড়ি money পাঠান।,CodeMix,দয়া করে আপনার son এর problem এর জন্য তাড়াতাড়ি money পাঠান।,False,False,normal,"['no_url', 'no_phone']"
smish,Nogod account-e truti dekha diyeche. Call korun: +8801812122134,Banglish,Nogod account-e truti dekha diyeche. Call korun: [PHONE],False,True,normal,"['no_url', 'no_bangla']"
smish,There is a problem with Janata Bank account. Call: +8801816566678,English,There is a problem with Janata Bank account. Call: [PHONE],False,True,normal,"['no_url', 'no_bangla']"
smish,Bangladesh Bank theke joruri barta. Call korun: +8801911011023,Banglish,Bangladesh Bank theke joruri barta. Call korun: [PHONE],False,True,normal,"['no_url', 'no_bangla']"
smish,"40 taka for writing 1 story, 80 taka for 2 stories, 200 taka for writing 5. Daily 6-7 pics will be given, you just have to write by looking at them. 😊 You will get payment as soon as you work, Inshallah. Ad fee 50 taka ✅",English,"40 taka for writing 1 story, 80 taka for 2 stories, 200 taka for writing 5. Daily 6-7 pics will be given, you just have to write by looking at them. 😊 You will get payment as soon as you work, Inshallah. Ad fee 50 taka ✅",False,False,normal,"['no_url', 'no_phone', 'has_numbers', 'no_bangla']"
smish,কৃষকদের জন্য government দিচ্ছে ৫০ হাজার TK পর্যন্ত subsidy। Subsidy পেতে এখনই contact করুন ০১৫৩৮২৭২৭৩৪,CodeMix,কৃষকদের জন্য government দিচ্ছে ৫০ হাজার TK পর্যন্ত subsidy। Subsidy পেতে এখনই contact করুন [PHONE],False,True,promo,"['no_url', 'has_numbers']"
smish,"প্রিয় customer, আপনার card-এর info update করতে হবে। দয়া করে দ্রুত নিচের number-এ call করুন এবং আপনার pin number-টি বলুন। Contact number: 01345678956",CodeMix,"প্রিয় customer, আপনার card-এর info update করতে হবে। দয়া করে দ্রুত নিচের number-এ call করুন এবং আপনার pin number-টি বলুন। Contact number: [PHONE]",False,True,normal,['no_url']
smish,"E-comerch Platform ( No Fee )
Amader company te kaj kore protidin $10/$15 USDT ay korte chaile Inbox",Banglish,E-comerch Platform ( No Fee ) Amader company te kaj kore protidin $10/$15 USDT ay korte chaile Inbox,False,False,promo,"['no_url', 'no_phone', 'has_numbers', 'no_bangla']"
smish,"Dear customer, 8990 TK. K Enterprise ds POS/ECOM.Txn# on 23-02-2020 a txn was made on XX card. It was not done by you, forward this SMS from your registered mobile number. 18604195555",English,"Dear customer, 8990 TK. K Enterprise ds POS/ECOM.Txn# on 23-02-2020 a txn was made on XX card. It was not done by you, forward this SMS from your registered mobile number. [PHONE]",False,True,normal,"['no_url', 'has_numbers', 'no_bangla']"
smish,"বিদেশে 100% guaranteed job opportunity। কোন fee নেই, শুধু আপনার passport এবং educational qualification দরকার। Contact: 01867546389",CodeMix,"বিদেশে 100% guaranteed job opportunity। কোন fee নেই, শুধু আপনার passport এবং educational qualification দরকার। Contact: [PHONE]",False,True,promo,"['no_url', 'has_numbers']"
smish,Part-time job. Salary 5000 BDT/day. Work from home: wa.me/85295102105,English,Part-time job. Salary 5000 BDT/day. Work from home: wa.me/ [PHONE],False,True,promo,"['no_url', 'has_numbers', 'no_bangla']"
smish,"আকর্ষণীয় চাকরি এবং পড়াশোনা, মাসিক বেতন 2 লাখ+ এবং পিআর সুযোগ @ দক্ষিণ কোরিয়া।
বিনামূল্যে শিক্ষাদান এবং বাসস্থান.
01720557103
01720557120
01321200716
01550402100",Bengali,"আকর্ষণীয় চাকরি এবং পড়াশোনা, মাসিক বেতন 2 লাখ+ এবং পিআর সুযোগ @ দক্ষিণ কোরিয়া। বিনামূল্যে শিক্ষাদান এবং বাসস্থান. [PHONE] [PHONE]",False,True,promo,"['no_url', 'has_numbers']"
smish,Apnar moulok sthayitto er moddhe Cambridge University application fee mukto! porar shopno puron korte aji jogajog korun - 01746635725,Banglish,Apnar moulok sthayitto er moddhe Cambridge University application fee mukto! porar shopno puron korte aji jogajog korun - [PHONE],False,True,promo,"['no_url', 'no_bangla']"
smish,Call +8801816677889 to reactivate your internet connection,English,Call [PHONE] to reactivate your internet connection,False,True,normal,"['no_url', 'no_bangla']"
smish,আপনার মোবাইল রিচার্জ করতে কল করুন: +8801818788890,Bengali,আপনার মোবাইল রিচার্জ করতে কল করুন: [PHONE],False,True,normal,"['no_url', 'short_text']"
smish,"Dear user, are you worried about bus fare? Click the link below now to get cheap bus tickets this Eid.",English,"Dear user, are you worried about bus fare? Click the link below now to get cheap bus tickets this Eid.",False,False,promo,"['no_url', 'no_phone', 'no_bangla']"
smish,46ti mining app theke free te 46 lokkho taka income kore nin - mobile diye ghore boshe,Banglish,46ti mining app theke free te 46 lokkho taka income kore nin - mobile diye ghore boshe,False,False,promo,"['no_url', 'no_phone', 'has_numbers', 'no_bangla']"
smish,বিদেশে পড়াশোনার জন্য ১০০% স্কলারশিপ। কোন ফি নেই। আবেদন করতে আজই যোগাযোগ করুন। যোগাযোগ:০১৫৬৭৫৪৬৩৯০,Bengali,বিদেশে পড়াশোনার জন্য ১০০% স্কলারশিপ। কোন ফি নেই। আবেদন করতে আজই যোগাযোগ করুন। যোগাযোগ: [PHONE],False,True,promo,"['no_url', 'has_numbers']"
smish,Good Afternoon!! ami HYPE Dhaka (RB DIGITAL LIMITED) theke marketing manager Mithila amader company r ekti camping cholche sekhane apni join kore barite bosei ay korte paren,Banglish,Good Afternoon!! ami HYPE Dhaka (RB DIGITAL LIMITED) theke marketing manager Mithila amader company r ekti camping cholche sekhane apni join kore barite bosei ay korte paren,False,False,normal,"['no_url', 'no_phone', 'no_bangla']"
smish,"Apnar bKash account e BDT 10,000 porjonto tatkhanik rin pan. kono nothi proyojon nei. shudhu 018xxxxxxxx e call korun ebong apnar bKash PIN prodan korun.",Banglish,"Apnar bKash account e BDT 10,000 porjonto tatkhanik rin pan. kono nothi proyojon nei. shudhu 018xx e call korun ebong apnar bKash PIN prodan korun.",False,False,normal,"['no_url', 'no_phone', 'has_numbers', 'no_bangla']"
smish,"Priyo grahok, Kolkata TS ATM.Txn# S32131611-20191005-e 31-12-2019 tarikhe A/cXXXXX theke 25000 taka tola hoyeche. Apnar dara na kora hole, apnar card block korte nibondhito mobile nombor theke ei SMS ti 7679786941 e forward korun ba obilombye 7029892098 -State Bank of India te call korun",Banglish,"Priyo grahok, Kolkata TS ATM.Txn# S [PHONE] e 31-12-2019 tarikhe A/cXX theke 25000 taka tola hoyeche. Apnar dara na kora hole, apnar card block korte nibondhito mobile nombor theke ei SMS ti [PHONE] e forward korun ba obilombye [PHONE] -State Bank of India te call korun",False,True,promo,"['no_url', 'has_numbers', 'no_bangla']"
smish,Call to update your mobile application +8801917788990,English,Call to update your mobile application [PHONE],False,True,normal,"['no_url', 'short_text', 'no_bangla']"
smish,Govt. Reg. - 180727/2022 National agency company part-time job. Male and female workers are being recruited to promote advertisements on online platforms alongside studies. Post name: Call Center. Monthly salary: 10/12 thousand. Daily working hours: 4/5 hours. Interested sisters and brothers contact directly in inbox or phone. 01984766558,English,Govt. Reg. - 180727/2022 National agency company part-time job. Male and female workers are being recruited to promote advertisements on online platforms alongside studies. Post name: Call Center. Monthly salary: 10/12 thousand. Daily working hours: 4/5 hours. Interested sisters and brothers contact directly in inbox or phone. [PHONE],False,True,promo,"['no_url', 'has_numbers', 'no_bangla']"
smish,Your credit card temporarily locked। Card service line call করুন. (786) 319- 4482,CodeMix,Your credit card temporarily locked। Card service line call করুন. (786) 319- 4482,False,False,promo,"['no_url', 'no_phone', 'has_numbers']"
smish,"Dear Customer,

On 23-02-2020, a transaction of Rs.8990 was made with card XX from K Enterprice ds POS/ECOM. Transaction number not found. If this was not done by you, please send an SMS to 18604195555 from your registered mobile number.",English,"Dear Customer, On 23-02-2020, a transaction of Rs.8990 was made with card XX from K Enterprice ds POS/ECOM. Transaction number not found. If this was not done by you, please send an SMS to [PHONE] from your registered mobile number.",False,True,normal,"['no_url', 'has_numbers', 'no_bangla']"
smish,Shakib Al Hasan-এর সাথে private meeting-এর সুযোগ পেতে আজই IPL-এ বাজি ধরুন। এখনই start করুন: xini.eu/00Qe,CodeMix,Shakib Al Hasan-এর সাথে private meeting-এর সুযোগ পেতে আজই IPL-এ বাজি ধরুন। এখনই start করুন: xini.eu/00Qe,False,False,promo,"['no_url', 'no_phone', 'has_numbers']"
smish,"Get 200,000TK return on 100,000TK investment! Call: +8801912122134",English,"Get 200,000TK return on 100,000TK investment! Call: [PHONE]",False,True,promo,"['no_url', 'has_numbers', 'no_bangla']"
smish,100% credit card approval without any credit check. Apply today. Contact: 01567546390,English,100% credit card approval without any credit check. Apply today. Contact: [PHONE],False,True,promo,"['no_url', 'has_numbers', 'no_bangla']"
smish,"আপনার জমি বিক্রির টাকা জমা হয়েছে, কল করুন: +8801819900112",Bengali,"আপনার জমি বিক্রির টাকা জমা হয়েছে, কল করুন: [PHONE]",False,True,normal,['no_url']
smish,"প্রিয় student! Coronavirus-এর কারণে তোমাদের উপবৃত্তির ৪,২০০ TK দেওয়া হচ্ছে। Money receive-এর জন্য নিম্নোক্ত শিক্ষাবোর্ডের number-এ contact করুন।
Mobile: 01813849152,
Contact time সকাল 10টা রাত 7:30টা পর্যন্ত Note: একটা bKash number নিয়ে phone দিতে হবে",CodeMix,"প্রিয় student! Coronavirus-এর কারণে তোমাদের উপবৃত্তির ৪,২০০ TK দেওয়া হচ্ছে। Money receive-এর জন্য নিম্নোক্ত শিক্ষাবোর্ডের number-এ contact করুন। Mobile: [PHONE] , Contact time সকাল 10টা রাত 7:30টা পর্যন্ত Note: একটা bKash number নিয়ে phone দিতে হবে",False,True,normal,"['no_url', 'has_numbers']"
smish,"Dear customer, click the link below to get 10GB internet and 100 minutes free for your number",English,"Dear customer, click the link below to get 10GB internet and 100 minutes free for your number",False,False,promo,"['no_url', 'no_phone', 'has_numbers', 'no_bangla']"
smish,আপনার সঞ্চয় দ্বিগুণ করার সুযোগ! কল করুন: +8801718899001,Bengali,আপনার সঞ্চয় দ্বিগুণ করার সুযোগ! কল করুন: [PHONE],False,True,normal,"['no_url', 'short_text']"
smish,"Apnar bank accounte 50,000 taka joma hoyeche! Nishchito korte call korun: +8801711234567",Banglish,"Apnar bank accounte 50,000 taka joma hoyeche! Nishchito korte call korun: [PHONE]",False,True,normal,"['no_url', 'has_numbers', 'no_bangla']"
smish,"Dear Customer,

২৩-০২-২০২০ তারিখে কার্ড XX দিয়ে Rs.8990 লেনদেন হয়েছে K Enterprice ds POS/ECOM থেকে। লেনদেন নম্বর পাওয়া যায়নি। যদি এটি আপনার দ্বারা না হয়ে থাকে, তবে রেজিস্টারড মোবাইল নম্বর থেকে 18604195555 এ এসএমএস প্রেরণ করুন।",Bengali,"Dear Customer, ২৩-০২-২০২০ তারিখে কার্ড XX দিয়ে Rs.8990 লেনদেন হয়েছে K Enterprice ds POS/ECOM থেকে। লেনদেন নম্বর পাওয়া যায়নি। যদি এটি আপনার দ্বারা না হয়ে থাকে, তবে রেজিস্টারড মোবাইল নম্বর থেকে [PHONE] এ এসএমএস প্রেরণ করুন।",False,True,promo,"['no_url', 'has_numbers']"
smish,Apnar mobile numberti high-end laptop jiteche! Puraskar pete call korun +8801814455667,Banglish,Apnar mobile numberti high-end laptop jiteche! Puraskar pete call korun [PHONE],False,True,promo,"['no_url', 'no_bangla']"
smish,আমাদের company-র জন্য কাজ করুন। আপনার mobile/computer দিয়ে online-এ বসে income করুন। Contact number: 01720577099,CodeMix,আমাদের company-র জন্য কাজ করুন। আপনার mobile/computer দিয়ে online-এ বসে income করুন। Contact number: [PHONE],False,True,promo,['no_url']
smish,আপনার মেডিকেল ইন্স্যুরেন্স এক্সপায়ার। নবায়ন: renew-medical.tk,Bengali,আপনার মেডিকেল ইন্স্যুরেন্স এক্সপায়ার। নবায়ন: renew-medical.tk,False,False,promo,"['no_url', 'no_phone']"
smish,"Agora: Ovinnondon!! Apnar March maser bil porishoodh hoyeche. Dhonnobad, ekhane apnar jonno ekta choto upohar royeche. Amader shathe jogajog korun: 01456783489",Banglish,"Agora: Ovinnondon!! Apnar March maser bil porishoodh hoyeche. Dhonnobad, ekhane apnar jonno ekta choto upohar royeche. Amader shathe jogajog korun: [PHONE]",False,True,normal,"['no_url', 'no_bangla']"
smish,Apnar pending bill ta payment korun ebong obilombe jogajog korun +8801812345678,Banglish,Apnar pending bill ta payment korun ebong obilombe jogajog korun [PHONE],False,True,normal,"['no_url', 'no_bangla']"
smish,"Priyo grahok, sondehojnok lendenner karone apnar account shamoyik bhabe bondho kora hoyeche. Bangladesh Bank er nitimalanusare sothik tothyer bhittite punoray shochol kore dawa hobe. Ekjon manager apnake call debe ( ...... )",Banglish,"Priyo grahok, sondehojnok lendenner karone apnar account shamoyik bhabe bondho kora hoyeche. Bangladesh Bank er nitimalanusare sothik tothyer bhittite punoray shochol kore dawa hobe. Ekjon manager apnake call debe ( .. )",False,False,normal,"['no_url', 'no_phone', 'no_bangla']"
smish,Pay your pending bill and contact immediately +8801812345678,English,Pay your pending bill and contact immediately [PHONE],False,True,normal,"['no_url', 'no_bangla']"
smish,"""Megher ronger jonno shagotom! Ashun apnar ghorbosoti shajiye nei shohoj kistite. Online order din ebong sombhoboto ei masher moddhe pawar sujog nin - 01746635725""",Banglish,"""Megher ronger jonno shagotom! Ashun apnar ghorbosoti shajiye nei shohoj kistite. Online order din ebong sombhoboto ei masher moddhe pawar sujog nin - [PHONE] """,False,True,promo,"['no_url', 'no_bangla']"
smish,Bangladesh Bank theke ekti joruri barta esheche. Call korun: +8801914567890,Banglish,Bangladesh Bank theke ekti joruri barta esheche. Call korun: [PHONE],False,True,normal,"['no_url', 'no_bangla']"
smish,Your credit card has been temporarily locked. Call card service line. (786) 319- 4482,English,Your credit card has been temporarily locked. Call card service line. (786) 319- 4482,False,False,promo,"['no_url', 'no_phone', 'has_numbers', 'no_bangla']"
smish,"জরুরী ভিত্তিতে নিয়োগ: 
অফিস সহকারি
থাকা খাওয়ার সুন্দর ব্যবস্থা আছে",Bengali,জরুরী ভিত্তিতে নিয়োগ: অফিস সহকারি থাকা খাওয়ার সুন্দর ব্যবস্থা আছে,False,False,promo,"['no_url', 'no_phone']"
smish,কোন জমা ছাড়াই ১০০% হোম লোন সুবিধা। ২৪ ঘণ্টার মধ্যে অনুমোদন। যোগাযোগ: ০১৫৬৭৫৪৬৩৯০,Bengali,কোন জমা ছাড়াই ১০০% হোম লোন সুবিধা। ২৪ ঘণ্টার মধ্যে অনুমোদন। যোগাযোগ: [PHONE],False,True,promo,"['no_url', 'has_numbers']"
smish,Call to recharge your mobile: +8801814344356,English,Call to recharge your mobile: [PHONE],False,True,normal,"['no_url', 'short_text', 'no_bangla']"
smish,"Nogod account e 1,000 taka joma hoyeche. Bistarito jante call korun: +8801711011123",Banglish,"Nogod account e 1,000 taka joma hoyeche. Bistarito jante call korun: [PHONE]",False,True,normal,"['no_url', 'has_numbers', 'no_bangla']"
smish,Gobho Regi - 180727/2022 National agency company part-time chakri. Porashona pashapaoshi online platform e biggapon prochar korar jonno chele meye kormi niyog cholche. Poder nam: Call center. Mashik beton: 10/12 hajar. Dainik kajer shomoy: 4/5 ghonta. Agroghi apura o bhaiyera shorashori inbox e jogajog korun ba phone 01984766558,Banglish,Gobho Regi - 180727/2022 National agency company part-time chakri. Porashona pashapaoshi online platform e biggapon prochar korar jonno chele meye kormi niyog cholche. Poder nam: Call center. Mashik beton: 10/12 hajar. Dainik kajer shomoy: 4/5 ghonta. Agroghi apura o bhaiyera shorashori inbox e jogajog korun ba phone [PHONE],False,True,promo,"['no_url', 'has_numbers', 'no_bangla']"
smish,Apnar mobile recharge korte call korun: +8801815455567,Banglish,Apnar mobile recharge korte call korun: [PHONE],False,True,normal,"['no_url', 'short_text', 'no_bangla']"
smish,Call to update your mobile application +8801912233445,English,Call to update your mobile application [PHONE],False,True,normal,"['no_url', 'short_text', 'no_bangla']"
smish,"Build a career as a registered nurse in the UK, 2-year work visa with monthly minimum. Starting salary 3 lakh taka BSB, Dhaka Please Contact Us: 01332518402, 01332518406",English,"Build a career as a registered nurse in the UK, 2-year work visa with monthly minimum. Starting salary 3 lakh taka BSB, Dhaka Please Contact Us: [PHONE] , [PHONE]",False,True,promo,"['no_url', 'has_numbers', 'no_bangla']"
smish,আপনার বিদ্যুৎ বিল পরিশোধ না হওয়ায় সংযোগ কেটে দেয়া হবে। কল করুন +8801912233445,Bengali,আপনার বিদ্যুৎ বিল পরিশোধ না হওয়ায় সংযোগ কেটে দেয়া হবে। কল করুন [PHONE],False,True,normal,['no_url']
smish,"3,200 taka biniyoge diguner labh! Call korun: +8801913344556",Banglish,"3,200 taka biniyoge diguner labh! Call korun: [PHONE]",False,True,normal,"['no_url', 'has_numbers', 'no_bangla']"
smish,SCHOOL PART TIME TEACHER POST APPLY Now. Online selection process. namber-er bhitti-te nirbachon kora hobe. B.SC pass Marksheet and certificate send WhatsApp 7602236317,Banglish,SCHOOL PART TIME TEACHER POST APPLY Now. Online selection process. namber-er bhitti-te nirbachon kora hobe. B.SC pass Marksheet and certificate send WhatsApp [PHONE],False,True,promo,"['no_url', 'no_bangla']"
smish,কোন deposit ছাড়াই 100% home loan facility। 24 ঘণ্টার মধ্যে approval। Contact: 01567546390,CodeMix,কোন deposit ছাড়াই 100% home loan facility। 24 ঘণ্টার মধ্যে approval। Contact: [PHONE],False,True,promo,"['no_url', 'has_numbers']"
smish,Stable কাজ। Salary 1500 BDT/দিন। ঘরে বসে কাজ: cutt.ly/U6zMFGQ,CodeMix,Stable কাজ। Salary 1500 BDT/দিন। ঘরে বসে কাজ: cutt.ly/U6zMFGQ,False,False,promo,"['no_url', 'no_phone', 'has_numbers']"
smish,"Your land sale money has been deposited, call: +8801816677889",English,"Your land sale money has been deposited, call: [PHONE]",False,True,normal,"['no_url', 'no_bangla']"
smish,জনতা Bank থেকে important message। Call করুন: +8801710900912,CodeMix,জনতা Bank থেকে important message। Call করুন: [PHONE],False,True,normal,['no_url']
smish,"Cyprus/Europe-এ spot admission representative-এর উপস্থিতিতে (Mr. Pambos) 10-11 October, 100% visa-র নিশ্চয়তা, credit transfer, tuition fee 5000 euro শুধুমাত্র, BSB, Dhaka যোগাযোগের number: 01720577099",CodeMix,"Cyprus/Europe-এ spot admission representative-এর উপস্থিতিতে (Mr. Pambos) 10-11 October, 100% visa-র নিশ্চয়তা, credit transfer, tuition fee 5000 euro শুধুমাত্র, BSB, Dhaka যোগাযোগের number: [PHONE]",False,True,promo,"['no_url', 'has_numbers']"
smish,জনতা ব্যাংক থেকে গুরুত্বপূর্ণ বার্তা। কল করুন: +8801710900912,Bengali,জনতা ব্যাংক থেকে গুরুত্বপূর্ণ বার্তা। কল করুন: [PHONE],False,True,normal,['no_url']
smish,Urgent message from Bangladesh Bank for you. Call: +8801911011123,English,Urgent message from Bangladesh Bank for you. Call: [PHONE],False,True,normal,"['no_url', 'no_bangla']"
smish,"২০,০০০ টাকা investment-এ ৬০,০০০ টাকা পান! Call করুন: +8801714344456",CodeMix,"২০,০০০ টাকা investment-এ ৬০,০০০ টাকা পান! Call করুন: [PHONE]",False,True,promo,"['no_url', 'has_numbers']"
smish,আপনার pending bill-টি payment করুন এবং immediately contact করুন +8801812345678,CodeMix,আপনার pending bill-টি payment করুন এবং immediately contact করুন [PHONE],False,True,normal,['no_url']
smish,"Jonota Bank theke 1,000 taka jitechen! Bistarito jante call korun: +8801912233445",Banglish,"Jonota Bank theke 1,000 taka jitechen! Bistarito jante call korun: [PHONE]",False,True,normal,"['no_url', 'has_numbers', 'no_bangla']"
smish,There is an issue with your Sonali Bank account. Call: +8801818788890,English,There is an issue with your Sonali Bank account. Call: [PHONE],False,True,normal,"['no_url', 'no_bangla']"
smish,"আপনি সরকারী বোনাস স্কিমের জন্য নির্বাচিত হয়েছেন,  ৫০,০০০ পর্যন্ত পেতে যোগাযোগ করুন ০১৭২৩১২২৫৭৬ নম্বরে 
বোনাস স্কিম 
বাংলাদেশ অর্থমন্ত্রণালয়",Bengali,"আপনি সরকারী বোনাস স্কিমের জন্য নির্বাচিত হয়েছেন, ৫০,০০০ পর্যন্ত পেতে যোগাযোগ করুন [PHONE] নম্বরে বোনাস স্কিম বাংলাদেশ অর্থমন্ত্রণালয়",False,True,promo,"['no_url', 'has_numbers']"
smish,Your account may be hacked. Quickly send 3000 taka to this number: 01789654032.,English,Your account may be hacked. Quickly send 3000 taka to this number: [PHONE] .,False,True,normal,"['no_url', 'has_numbers', 'no_bangla']"
smish,Apnar mobile recharge korte call korun: +8801811011023,Banglish,Apnar mobile recharge korte call korun: [PHONE],False,True,normal,"['no_url', 'short_text', 'no_bangla']"
smish,সর্তকতা: আপনার মেট্রো রেইল কার্ড এক্সপায়ার। রিনিউ করুন: metrorail-renew.ga,Bengali,সর্তকতা: আপনার মেট্রো রেইল কার্ড এক্সপায়ার। রিনিউ করুন: metrorail-renew.ga,False,False,promo,"['no_url', 'no_phone']"
smish,কোন credit check ছাড়াই 100% credit card approval। আজই apply করুন। Contact: 01567546390,CodeMix,কোন credit check ছাড়াই 100% credit card approval। আজই apply করুন। Contact: [PHONE],False,True,promo,"['no_url', 'has_numbers']"
smish,আপনার মোবাইল রিচার্জ করতে কল করুন: +8801811011023,Bengali,আপনার মোবাইল রিচার্জ করতে কল করুন: [PHONE],False,True,normal,"['no_url', 'short_text']"
smish,"প্রিয় আবেদনকারী, মঙ্গল 04/05 তারিখে সকাল 9 টায় @1ম তলায় কেন্দ্র শত্রু নেতৃত্বের সাথে একটি ইন্টার-ভিউয়ের জন্য আপনাকে বাছাই করা হয়েছে। অনুসন্ধানের জন্য অনুগ্রহ করে যোগাযোগ করুন: 09029900659",Bengali,"প্রিয় আবেদনকারী, মঙ্গল 04/05 তারিখে সকাল 9 টায় @1ম তলায় কেন্দ্র শত্রু নেতৃত্বের সাথে একটি ইন্টার-ভিউয়ের জন্য আপনাকে বাছাই করা হয়েছে। অনুসন্ধানের জন্য অনুগ্রহ করে যোগাযোগ করুন: [PHONE]",False,True,promo,"['no_url', 'has_numbers']"
smish,জনতা Bank থেকে urgent message। Call করুন: +8801913233345,CodeMix,জনতা Bank থেকে urgent message। Call করুন: [PHONE],False,True,normal,"['no_url', 'short_text']"
smish,"8,000 taka biniyoge 24,000 taka pan! Call korun: +8801919900112",Banglish,"8,000 taka biniyoge 24,000 taka pan! Call korun: [PHONE]",False,True,normal,"['no_url', 'has_numbers', 'no_bangla']"
smish,"1,00,000 taka biniyog e 3,00,000 taka pan! Call korun: +8801914344356",Banglish,"1,00,000 taka biniyog e 3,00,000 taka pan! Call korun: [PHONE]",False,True,normal,"['no_url', 'has_numbers', 'no_bangla']"
smish,Bangladesh Bank থেকে urgent message। call করুন: +8801911011023,CodeMix,Bangladesh Bank থেকে urgent message। call করুন: [PHONE],False,True,normal,['no_url']
smish,Apple iPhone 13 jitechen! delivery nischit korte call korun: +8801814567890,Banglish,Apple iPhone 13 jitechen! delivery nischit korte call korun: [PHONE],False,True,promo,"['no_url', 'has_numbers', 'no_bangla']"
smish,"প্রিয় customer, আপনার mobile number-টি block করা হচ্ছে। এটি এড়াতে 017XXXXXXXX number-এ call করে আপনার identity নিশ্চিত করুন।",CodeMix,"প্রিয় customer, আপনার mobile number-টি block করা হচ্ছে। এটি এড়াতে 017XX number-এ call করে আপনার identity নিশ্চিত করুন।",False,False,normal,"['no_url', 'no_phone', 'has_numbers']"
smish,Urgent message for you from Sonali Bank. Call: +8801716677889,English,Urgent message for you from Sonali Bank. Call: [PHONE],False,True,normal,"['no_url', 'no_bangla']"
smish,"Great offer to win smartphone! Answer some simple questions and win attractive smartphone Oppo A17 worth TK14,999 for just TK2.78/day, dial *213*664#",English,"Great offer to win smartphone! Answer some simple questions and win attractive smartphone Oppo A17 worth TK14,999 for just TK2.78/day, dial *213*664#",False,False,promo,"['no_url', 'no_phone', 'has_numbers', 'no_bangla']"
smish,"Investment-এ দ্বিগুণ profit, call করুন: +8801911234567",CodeMix,"Investment-এ দ্বিগুণ profit, call করুন: [PHONE]",False,True,normal,"['no_url', 'short_text']"
smish,"আকর্ষণীয় চাকরি ও পড়াশোনা, মাসিক বেতন ২ লক্ষ+ এবং দক্ষিণ কোরিয়ায় স্থায়ী বসবাসের সুযোগ।
বিনামূল্যে টিউশন ও থাকার ব্যবস্থা।
যোগাযোগ করুন:
01720557103
01720557120
01321200716
01550402100",Bengali,"আকর্ষণীয় চাকরি ও পড়াশোনা, মাসিক বেতন ২ লক্ষ+ এবং দক্ষিণ কোরিয়ায় স্থায়ী বসবাসের সুযোগ। বিনামূল্যে টিউশন ও থাকার ব্যবস্থা। যোগাযোগ করুন: [PHONE] [PHONE]",False,True,promo,"['no_url', 'has_numbers']"
smish,Customs duty 6800 TK for your international package. Pay: customs-bd.gov/pay Tracking: IN7748291,English,Customs duty 6800 TK for your international package. Pay: customs-bd.gov/pay Tracking: IN7748291,False,False,promo,"['no_url', 'no_phone', 'has_numbers', 'no_bangla']"
smish,জনতা Bank থেকে urgent message। Call করুন: +8801913233245,CodeMix,জনতা Bank থেকে urgent message। Call করুন: [PHONE],False,True,normal,"['no_url', 'short_text']"
smish,DXN multinational company is offering high-paying jobs with allowances. Contact urgently 01793251002,English,DXN multinational company is offering high-paying jobs with allowances. Contact urgently [PHONE],False,True,promo,"['no_url', 'no_bangla']"
