text_clean,campaign
আপনি ৩ vori gold জিতেছেন! Claim করুন: [PHONE],5
Apnar payment-ta prokria korte amader apnar tothyo proyojon. Ekhane click korun: [URL],8
জয়! আপনি Google লটারিতে $৫০০ জিতেছেন। claim করতে: winlottery.tk/claim পূরণ করুন।,5
আপনার debit card-এর limit increase করতে click করুন: [URL],3
বাংলাদেশ ব্যাংক থেকে গুরুত্বপূর্ণ বার্তা। বিস্তারিত জানতে এখানে ক্লিক করুন: [URL],2
জনতা ব্যাংক অ্যাকাউন্ট ব্লক হয়েছে। পুনরায় চালু করতে কল করুন: [PHONE],9
আপনার insurance policy update করুন: [URL],5
"Attractive job এবং study, monthly salary 2 lakh+ এবং PR opportunity @ South Korea। Free education এবং accommodation. [PHONE] [PHONE]",5
জয়ধ্বনি! আপনার নাম সরকারি লটারিতে এসেছে। ৫০ লক্ষ টাকার পুরস্কার।,5
আপনার mobile recharge করতে call করুন: [PHONE],3
Apple iPhone 13 win করেছেন! Delivery confirm করতে call করুন: [PHONE],3
Win free hotel booking with Mashrafe by betting on BPL. Join: [URL],4
আপনার স্টুডেন্ট লোন একাউন্ট সাসপেন্ড। রিঅ্যাক্টিভেট: student-loan.tk,5
100% scholarship for studying abroad. No fee required. Contact today to apply. Contact: [PHONE],1
Bet at the casino and win a free iPhone! Start: [URL],4
"আপনার অ্যাকাউন্টটি অবিলম্বে আপডেট করুন, না হলে এটি বন্ধ হয়ে যাবে। লিঙ্কে ক্লিক করুন: [bit.ly/AccountUpdateBD]",5
আপনার মোবাইল নম্বর যাচাই করতে এখানে ক্লিক করুন: [URL],2
Mashrafi r shathe ekanto sakkhat er sujog pete BPL e baji dhorun. Ekhonii shuru korun: [URL],6
আপনার মোবাইল রিচার্জ করতে কল করুন: [PHONE],9
আপনার পুরস্কারের টাকা পেতে কল করুন: [PHONE],9
Land registration office requires bribe 22000 TK for quick processing: [URL],1
"[URL] Click on the link above if you want to earn TK200 to TK300 daily, click now",1
আপনি আমাদের lucky customer! আপনার free 1 বছরের internet subscription claim করুন। Call করুন 019XX।,3
Click here to recharge your mobile balance: [URL],7
Congratulations! আপনি Radisson Blu তে দুইজনের জন্য free dinner জিতেছেন। Table book করতে call করুন 017XX।,3
Win free match tickets with Shakib! Start betting on cricket: [URL],4
"অভিনন্দন!! দারাজ থেকে BDT 5,000 গিফট ভাউচার পান। দাবির জন্য লিঙ্কে ক্লিক করুন: [URL]",5
"Casino-te baji dhorun ebong 10,000 taka cashback jiten! Shuru korun: xini.eu/00Qe",6
ঈদ উপলয়ে ব্রাক ব্যাংক সবার বিকাশ একাউন্টে ১০০০ টাকা করে দিচ্ছে বোনাস হিসাবে। আমি এইমাত্র বিকাশের ওয়েবসাইটে আমার নাম্বার বসিয়ে টাকা নিলাম। আপনি যদি | এখনো না পেয়ে থাকেন তাহলে নিচের লিংকে ঢুকে আপনার বিকাশ নম্বর দিন আর সাথে সাথে পেয়ে যাবেন ১০০০ টাকা। লিংকঃ [URL],5
"আপনি Grameenphone থেকে 5G router জেতার জন্য selected হয়েছেন। Your winning code হলো GPWIN023। To claim, এই site visit করুন: [URL]",5
"I need 200 people, no advance needed, if you want to work without free investment, inbox me. [URL]",1
Apnar number ta ekta bishesh offer e nirbachito hoyeche! Puroskar pete call korun [PHONE],8
সোনালী ব্যাংক অ্যাকাউন্টে ত্রুটি দেখা দিয়েছে। জরুরি ভিত্তিতে বিস্তারিত জানতে এখানে ক্লিক করুন: [URL],2
"Dear Customer, Your income tax refund has been approved for a total of Rs 20,490/-, this amount will be credited soon. Please verify your account number 5XX755. If this is wrong, then click the link below to update your bank account information. Link: [ [URL] Thank you.",1
নগদ অ্যাকাউন্টে ত্রুটি দেখা দিয়েছে। কল করুন: [PHONE],9
বাংলাদেশ ব্যাংক অ্যাকাউন্ট আপডেট করতে এখানে ক্লিক করুন: [URL],2
Congratulations! You won 1 crore TK lottery. Contact us to claim prize: [PHONE],1
প্রিয়জনের মুখে হাসি ফুটাতে ডায়াল *213*6551# চার্জ ৮২.৬৭ প্রতিদিন,5
Your son arrested for drug possession. Pay bail 1500 TK immediately: [URL],1
There is a problem with Bangladesh Bank account. Call: [PHONE],1
"আপনার package hold এ আছে, এখানে আপনার package shipping complete করার জন্য আপনাকে আরো information provide করতে হবে: [URL] xjfF50QsUP4",5
Sonali Bank theke apnar jonno joruri barta. Call korun: [PHONE],6
শাকিবের সাথে লাঞ্চ করার সুযোগ পেতে আজই আইপিএলে বাজি ধরুন। শুরু করুন: [URL],0
খণ্ডকালীন জব।বেতন 5000 BDT/দিন।ঘরে বসে কাজ : wa.me/ [PHONE],5
Dutch Bangla Bank alert! Apnar account onekbar wrong password diye access korte chesta hoyeche. Apnar account protect korte verification dite hobe. Login korun ekhuni: [URL] Apnar dheri korle account block hoye jabe.,8
জরুরি নোটিশ: আপনার বিদ্যুৎ বিল বকেয়া। সংযোগ বিচ্ছিন্নের আগে পেমেন্ট: pay-bill.ga,5
"আপনার লোন অনুমোদিত হয়েছে! মাত্র ৫% সুদে ৫,০০,০০০ টাকা লোন পেতে এখনই এই লিঙ্কে ক্লিক করুন",5
[URL] Ekta refer korle 200 taka 25ta refer korlei taka tulte parben to ar deri na kore ekhoni telegram e giye start koira den shobai😊🫶,6
Click here to increase your credit card limit: [URL],7
Free mining income [URL],6
"1,00,000 TK binyoge 2,00,000 TK pan! Call korun: [PHONE]",6
আপনার পাসওয়ার্ডটি অবিলম্বে পরিবর্তন করুন। এখানে ক্লিক করুন: [URL],2
"Robi ব্যবহারকারী, আপনার সিম অবিলম্বে যাচাই করতে [URL] এ গিয়ে নাম, জন্মতারিখ এবং OTP দিন। যাচাই না করলে ১২ ঘণ্টার মধ্যে সিম ব্লক হবে।",5
"10,000 TK has been deposited in Nagad account. Call for details: [PHONE]",1
আপনার email address টি verify করতে এখানে click করুন: [URL],2
Emergency! আপনার ইন্স্যুরেন্স পলিসি ক্যানসেল। সেভ করুন: save-policy.ml,5
network marketing kore protidin 500 theke 5000 TK 💸 income korte chan? kivabe marketing korben ami shikhie dibo free te kono TK lagbe na age kaj dekhaben protiman dekhaben bhalo lagle kaj korben keu kaj korte chaile inbox korun ❤️‍🩹,6
"আপনার CV pass হয়েছে এবং আপনি home থেকে আপনার mobile phone-এর মাধ্যমে work করতে পারবেন এবং daily 2,000 টাকা পাবেন। এখনই join করুন: wa.me/ [PHONE]",5
"Good Afternoon!! আমি HYPE Dhaka (RB DIGITAL LIMITED) থেকে marketing manager Mithila বলছি, আমাদের company তে একটি campaign চলছে, join করে বাসায় বসেই income করতে পারেন।",5
আপনার account-এর security verify করতে call করুন [PHONE],3
Urgent recruitment: Office assistant Accommodation and meals provided,1
ফ্রিতে জয়েন করে আপনার ফ্রি সময়কে কাজে লাগিয়ে Dxn কম্পানিতে নেটওয়ার্ক মার্কেটিং বিজনেস করে একটা প্যাসিব ইনকামের রাস্তা তৈরি করতে চান তাহলে ইনবক্স করুন,5
Apnar account block hoye jabe. Jogajog korun [PHONE] ।,8
Apnar email thikanati jachai korte ekhane click korun: [URL],8
Your package is on hold. Click here to provide additional information to complete shipping: [URL] xjfF50QsUP4,7
Daily 500-700 TK earn করুন new SIM নিয়ে! For details inbox করুন।,1
জরুরী ভিত্তিতে নিয়োগ: Office assistant থাকা খাওয়ার সুন্দর ব্যবস্থা আছে,5
Your driving license points exceeded limit. Restore with penalty 5500 TK: [URL],1
priyo grohok apnar namber-er 10GB internet ebong 100 minute free pete niche link-e click korun,6
Priyo grahok apnar bidyut shongog bichchinno kora hobe aj raat 10.30 minute theke bidyut office. Karon apnar ager masher bill chilo na update obilombe doya kore amader shathe jogajog korun bidyut kormokrta [PHONE] dhonnobad,8
Nagad account-এ error দেখা দিয়েছে। Call করুন: [PHONE],3
অ্যাপল আইফোন ১৩ জিতেছেন! ডেলিভারি নিশ্চিত করতে কল করুন: [PHONE],9
Nagad wallet er upor 2 bar suspicious transaction attempt kora hoyeche. Ei unauthorized activity block korte login korun [URL] immediately. Failure hole wallet deactivate hoye jabe.,8
গুরুত্বপূর্ণ: আপনার জন্মনিবন্ধন সার্টিফিকেট আপডেট। এখনই: update-birth-cert.cf,5
বাংলাদেশ ব্যাংক থেকে আপনার জন্য জরুরি বার্তা। বিস্তারিত জানতে এখানে ক্লিক করুন: [URL],2
Apnar insurance policy update korte call korun [PHONE],8
"Dear customer, your card information needs to be updated. Please call the number below quickly and tell your pin number. Contact number: [PHONE]",1
আপনার ইমেল ঠিকানাটি যাচাই করতে এখানে ক্লিক করুন: [URL],2
💖 Want to learn কাজ for free and earn money? প্রতিদিন earn করুন TK400-500. যোগাযোগ করুন: [PHONE],1
Your bank card অবিলম্বে update করুন। এখানে click করুন: [URL],2
"Invest TK 8,000 and get TK 24,000! Call: [PHONE]",1
Crypto trading-এ বড় লাভ! আজই start করুন: [URL],5
"বিকাশ গ্রাহক, আপনার একাউন্টে ৮,৫০০ টাকা ভুলবশত পাঠানো হয়েছে। রিফান্ড পেতে [URL] এ গিয়ে পিন দিন। না করলে একাউন্ট ফ্রিজ হবে।",5
আপনার অ্যাকাউন্টটি ভেরিফাই করতে কল করুন [PHONE],9
Your son's exam results withheld for fee payment. Release with 4500 TK: [URL],1
আপনার Dutch-Bangla ATM card unusual transaction detect করেছে। Verify করতে এখনই click করুন [URL] and provide OTP 4512,3
Apnar number ti ekti bishesh offer e nirbachito hoyeche! Puroshkar pete call korun [PHONE],8
আপনার account hack হতে পারে। দ্রুত ৩০০০ টাকা পাঠান এই number-এ: [PHONE] ।,3
আপনার Bank account-এ ২ crore deposited! Confirm: [PHONE],3
bKash account e truti dekha diyeche. Druto somadhan er jonno call korun: [PHONE],6
দারুণ খবর! আমাদের ভ্রমণ প্যাকেজে ৭০% ডিসকাউন্ট! দ্রুত বুকিং করুন এই নম্বরে : [PHONE],5
"bKash থেকে ১,০০০ টাকা পুরস্কার জিতেছেন! বিস্তারিত জানতে এখানে ক্লিক করুন: [URL]",2
"Dear customer, your account has been temporarily closed due to suspicious transactions. According to Bangladesh Bank policy, it will be reactivated based on correct information. A manager will call you ( .. )",1
"বিকাশ ব্যবহারকারী, আপনার একাউন্টে ১৫,০০০ টাকা অননুমোদিতভাবে স্থানান্তর হয়েছে। অবিলম্বে [URL] এ লগইন করুন এবং পিন/OTP প্রদান করুন। সতর্কবার্তা: ২৪ ঘণ্টার মধ্যে ব্যবস্থা না নিলে একাউন্ট স্থগিত হবে।",5
You have $200 cash value from Amazon expiring in 2 days. We can credit up to $500. Click to claim your automatic savings.,1
মহান স্বাধীনতা দিবসের শুভেচ্ছা। বিশ্বস্ত ও স্মার্ট ব্যাংকিং সেবায় ২৪/৭ সোনালী ব্যাংক আপনার পাশে। মোঃ আফজাল করিম সিইও এন্ড এমডি,5
"Joruri niyog, thaka khawar shubidha shoh 30,000 taka beton/salary jogajog [PHONE]",6
আজই casino-তে bet করুন আর luxury trip জিতুন! Join: [URL],4
"আপনি Grameenphone থেকে 5G router জেতার জন্য selected হয়েছেন। Your winning code হলো GPWIN901। To claim, এই site visit করুন: [URL]",5
Dutch Bangla Bank urgent: Apnar ATM card expire hote cholche 48hr er moddhe. Renewal korte ekhuni [URL] visit korun. Renewal chara card permanently block hoye jabe.,8
"1,00,000 টাকা investment-এ 3,00,000 টাকা পান! Call করুন: [PHONE]",3
Suspicious login detected Gmail account. Reset password: [URL],3
Your Bitcoin mining account shows irregularities. Verify with fee 9800 TK: [URL],1
আপনার নম্বরটি পুরস্কার জিতেছে। বিস্তারিত জানতে কল করুন [PHONE],9
"""আপনার ATM কার্ড ব্লক করা হয়েছে। পুনরায় সক্রিয় করতে এই নম্বরে আপনার কার্ড নম্বর পাঠান: [PHONE] """,5
নগদ অ্যাকাউন্ট ব্লক হয়েছে। পুনরায় চালু করতে কল করুন: [PHONE],9
জরুরী ! আমাদের অ্যাপল অ্যাকাউন্টধারীর সাথে যোগাযোগ করতে হবে। আপনি যদি এই অ্যাকাউন্টটি পরিচালনা করেন তবে বার্তাটি পেতে আপনার পরিচয় যাচাই করুন৷,5
Bet on BPL to win free hotel booking with Mashrafe. Join now: [URL],4
Apnar credit carder sima briddhi korte ekhane click korun: [URL],8
Greetings on the great Independence Day. Sonali Bank is with you 24/7 in trusted and smart banking services. Md. Afzal Karim CEO and MD,1
Emergency tax notice: Pay arrears 32000 TK or face arrest warrant: [URL] File: TX9847,1
Eid upoloye BRAC Bank shobair bikash account e 1000 taka kore dichche bonus hisabe. Ami eimatrai bikash er website e amar number bosiye taka nilam. Apni jodi | ekhono na peye thaken tahole nicher link e dhuke apnar bikash nombor din ar shathe shathe peye jaben 1000 taka। Link: [URL],6
"Electricity bill payment overdue. Avoid disconnection, pay 2800 TK: [URL]",1
আপনার mobile banking account update করতে call করুন [PHONE],3
আপনার password অবিলম্বে reset করুন। এখানে click করুন: [URL],2
BRAC lottery result: Apni 2nd prize e brand new car jitachen. Claim korte verification fee pathate hobe Bkash number [PHONE] e. Fee na pathale apnar prize cancel hoye jabe. Claim ekhuni confirm korun.,8
"Dear customer, your electricity connection will be disconnected from the electricity office today at 11:30 PM because last month's bill has not been paid. Please contact our electricity officer immediately at [PHONE] . Thank you.",1
Jonota Bank theke guruttopurno barta. Call korun: [PHONE],6
"Priyo abedonkari, Mongol 04/05 tarikh-e sokal 9 tay @1st tolay kendro shotru netritwer sathe ekti inter-view-er jonno apnake bachai kora hoyeche. Onusondhaner jonno onugroho kore jogajog korun: [PHONE]",6
আপনার Bank account-এর details update করুন। Please এখানে login করুন: [URL],3
"বাংলালিংক জানাচ্ছে, আপনার অ্যাকাউন্ট ব্লক হওয়ার পথে। অবিলম্বে [URL] এ লগইন করুন।",5
আপনার মোবাইল নম্বরটি হাই-এন্ড ল্যাপটপ জিতেছে! পুরস্কার পেতে কল করুন [PHONE],9
"আপনার mobile number-টি 10,000 টাকা lottery জিতেছে! বিস্তারিত জানতে call করুন [PHONE]",3
সর্তকতা: আপনার পাসপোর্ট এক্সপায়ার হয়েছে। রিনিউ: passport-renew.cf,5
"Congrats! You have won ৳1,00,000 in our lottery। To receive the money, আপনার credit card number and CVC code পাঠান। To claim, এই link এ visit করুন: [URL]",1
আপনার job application approved হয়েছে এবং salary প্রতি month-এ 400 টাকা। Contact information: [PHONE],5
"Nagad account এ TK10,000 জমা হয়েছে। বিস্তারিত জানতে call করুন: [PHONE]",3
[URL] এই লিংক থেকে একাউন্ট করলেই পাবেন ৮৫ টাকা। শুধু ২ মিনিটে ৪ টাস্ক কমপ্লিট করতে হবে। এভাবে প্রতিদিন ৪ করে টাস্ক আসবে আর ৮৫ টাকা করে পাবেন। বাকি কিছু জানতে ইনবক্সে নক দিন💝💝,5
Bet on football and win a luxury car! Start: xini.eu/00Qe,4
আপনার হাতে যদি ডেইলি 3-4 ঘন্টা সময় ফ্রি থাকে তাহলে যানাবেন। আশা করি খুব ভালো একটা কাজের সন্ধান দিতে পারবো। ইনবক্স করেন,5
Jonota Bank theke joruri borto. Call korun: [PHONE],6
"নগদ অ্যাকাউন্ট থেকে ৫,০০০ টাকা পুরস্কার জিতেছেন! বিস্তারিত জানতে কল করুন: [PHONE]",9
"❤️If anyone wants to work online without any fee, inbox me. I will help as much as I can, InshaAllah 🫶🫶🫶 📣💁‍♂️ The days are changing for network marketers. 🧑‍💻 ❤️‍🔥 Around 3.2 million young people around the world are working in network marketing. They are earning dollars from home and giving opportunities to others too. 🥀 InshaAllah you will earn as well 🥀 😊 Free income site link- [URL]",1
আপনার gas bill due রয়েছে। Immediately payment করুন। Call করুন [PHONE],3
"To earn money from home, convert your used SIM to flexiload SIM and earn 500 to 700 taka daily easily by selling offers both online and offline. If you want to convert your used SIM to flexiload SIM, inbox us. Thank you.",1
আপনার internet connection পুনরায় activate করতে call করুন [PHONE],3
Football-এ betting করুন এবং একটি নতুন laptop জিতুন! এখানে click করুন: [URL],2
"Sonali Bank theke 1,000 taka puroshkar jitechen! Bistarito jante call korun: [PHONE]",6
Bet on football and win a new laptop! Click here: [URL],4
protidin 500-700 taka income korun notun sim nie! bistarito jante inbox korun.,6
"Your land sale money has been deposited, call: [PHONE]",1
Mashrafi-r sathe free hotel booking jitte BPL-e baji dharun. Ekhoni join din: [URL],6
"আপনার Agrani Bank account এ unusual activity detect হয়েছে। যদি না করেন, তাহলে এখনই লগিন করুন [URL] এবং reference code 9931 submit করুন।",3
শাকিব আল হাসানের সাথে ফ্রি ম্যাচ টিকিট জিততে আজই আইপিএলে বাজি ধরুন। যোগ দিন: [URL],0
Sonali Bank account এ issue দেখা দিয়েছে। Urgently বিস্তারিত জানতে click করুন: [URL],3
বিপিএলে বাজি ধরুন এবং একটি নতুন বাইক জিতুন! যোগ দিন: [URL],0
আপনার ব্যাংক অ্যাকাউন্টের তথ্য যাচাই করতে হবে। অনুগ্রহ করে এখানে ক্লিক করুন: [URL],2
"আপনার recent Amazon purchase-এর জন্য আপনাকে thank you. আপনাকে $180.34 charge করা হয়েছে। যদি কোন mistake হয়ে থাকে, please call করুন (407)438-4356",3
প্রিয় customer আপনার electric connection disconnect করা হবে today রাত ১০.৩০ minute-এ থেকে electricity office। কারণ আপনার last month-র bill pay ছিল না Update immediately please আমাদের সাথে contact করুন electric officer [PHONE] Thank you,5
"1,000 taka has been deposited in Nagad account. Call for details: [PHONE]",1
ক্রিপ্টো ট্রেডিং এ বিশেষ অফার! এখনই লগইন করুন: [URL],5
Just having a mobile you can also earn at least TK [PHONE] per month. For details [PHONE],1
Apnar CV amader chakrir jonno nirbachito hoyeche. Dine 2-3 ghonta kaj korei bari boshe roj 8 hajar taka beton paben. Offer letter grohon korte ei link e click korun।,6
আপনি ১ ভরি সোনা জিতেছেন! পুরস্কার নিতে কল করুন: [PHONE],9
"You have won 2,000 taka prize from Janata Bank! Click here for details: [URL]",7
আপনার bank information update করুন। এখানে click করুন: [URL],2
Download the largest social gaming app to play 100+ mobile games and win cash prizes up to 25 crore taka daily.,1
আপনার ব্যাংক অ্যাকাউন্টে ২ কোটি টাকা জমা হয়েছে! নিশ্চিত করতে কল করুন: [PHONE],9
"Congratulations, আপনি একটি নতুন iPhone 15 Pro Max এর lucky winner। To claim your prize, আপনার personal details আমাদের WhatsApp এ share করুন।",5
আপনার bank account এ unknown transaction সনাক্ত করা হয়েছে। details জানতে এখানে click করুন: [URL],2
"Dear user, your remittance account has been temporarily suspended by the Social Service Office. Please provide the account with the PIN that was given for response. PIN: 23456",1
Bank transfer of 125000 TK blocked by anti-money laundering. Clear with fee 8800 TK: [URL],1
Your identity needs to be verified. Click here: [URL],7
"[URL] Ghore boshe ay, dine 300 theke 400 taka income korte chaile Ei link e click kore start korun dhonnobad ☺️☺️",6
"প্রিয় গ্রাহক, আপনি বাংলাদেশ ব্যাংক থেকে নির্বাচিত হয়েছেন ২,০০,০০০ টাকা বোনাস লোনের জন্য। এটি দাবি করতে আপনার বিকাশ নাম্বার ও পিন দিন [URL] এ।",5
আপনার account-এ suspicious activity detected। Verify now: [URL],3
Alert! আপনার প্রভিডেন্ট ফান্ড হ্যাক হয়েছে। সেভ করুন: save-pf.ml,5
Apnar email thikanati jachai korte ekhane click korun: [URL],8
আপনার internet connection আবার চালু করতে call করুন [PHONE],3
Bkash refund 1500TK. Claim korte click korun: [URL],8
"আপনার মৌলিক স্থায়ীত্বের মধ্যে ক্যামব্রিজ ইউনিভার্সিটি এপ্লিকেশন ফি মুক্ত! পড়ার স্বপ্ন পূরণ করতে আজই যোগাযোগ করুন - [PHONE] """,5
Alert! আপনার UCB card unusual purchase detect হয়েছে। Protect করতে click করুন [URL] এবং OTP 3847 submit করুন,3
Bangladesh Bank theke guruttopurno barta. bistarito jante ekhane click korun: [URL],6
Apnar credit carder bill payment miss hoyeche. Ekhane click kore payment korun: [URL],8
ফ্ল্যাশ বিক্রয়! পরবর্তী 24 ঘন্টার জন্য Daraz-এ 70% পর্যন্ত ছাড় পান। আপনার ডিসকাউন্ট দাবি করতে এখানে ক্লিক করুন: [URL],2
Your vehicle ownership disputed. Legal fee 33695 TK: [URL],1
"Your loan application successful হয়েছে। To receive the fund, please send us a processing fee of ৳4,500। More info এর জন্য, এই number এ call করুন।",1
Update your Facebook profile here: [URL],7
Fraud alert! Someone accessing your bank. Verify immediately: [URL],1
"""Abhinondon! Apni pasen"" ""Bkash"""" & BRAC""""N.G.O"""" pokko teke """"STUDENT britt"""" (Taka-10,499/) apnar poriman ID: ekhon apnar prothoi nirbachon korun: Bistrito janta kol korun office: [PHONE] (am 11 to 5pm) othoba""""thik achhe""""lekha SMS korbo? Amra apnar kacha kol korbo.!""",8
Good Afternoon!! আমি HYPE Dhaka (RB DIGITAL LIMITED) থেকে মার্কেটিং ম্যানেজার মিথিলা আমাদের কোম্পানির একটি ক্যাম্পিং চলছে সেখানে আপনি জয়েন করে বাড়িতে বসেই আয় করতে পারেন,5
Nagad wallet er account suspend hoye jabe if verification na koren. Please confirm apnar NID and OTP within 24 hours via secure link: [URL] Failure hole account permanently close hoye jabe.,8
"প্রিয় customer, সমাজকল্যাণ office থেকে আপনাকে বয়স্ক ভাতার জন্য select করা হয়েছে। নিচের link-এ click করে আপনার তথ্য provide করুন।",5
"You will not get your money delayed, call quickly: [PHONE]",1
আপনার ব্যাংক অ্যাকাউন্টে ১ কোটি টাকা জমা হয়েছে! নিশ্চিত করতে কল করুন: [PHONE],9
"Nagad account থেকে 5,000 টাকা prize জিতেছেন! বিস্তারিত জানতে call করুন: [PHONE]",3
জনতা ব্যাংক থেকে জরুরি বার্তা। কল করুন: [PHONE],9
আপনার কাছে Amazon থেকে $200 cash value রয়েছে ২ days-এর মধ্যে expire হবে৷ We can give you up to $500 refund। A recent decision-এর কারণে last year আমরা আপনাকে বেশি charge করতে পেরেছি। Your automatic savings ready.,1
City Bank ATM card unusual withdrawal detect হয়েছে। Protect করতে click করুন [URL] এবং validate code 3742,3
Bangladesh Bank account block হয়েছে। Again activate করতে call করুন: [PHONE],3
You have received an urgent message. Click here to see it: [URL],7
আপনার ব্যাংক অ্যাকাউন্টে সন্দেহজনক লগইন হয়েছে। নিরাপত্তার জন্য দ্রুত [URL] এ লগইন করুন এবং কার্ড তথ্য প্রদান করুন।,5
"[URL] Free again comes to you a new income bot that gives 75 taka per referral, so don't delay and get to work ☺️🫰",1
আপনার মোবাইল রিচার্জ করতে কল করুন: [PHONE],9
"১০০% গেরান্টিসহ মালেশিয়ান, ইউরোপিয়ান,আমেরিকা, কানাডা ভিসা পেতে আজই যোগাযোগ করুন [PHONE] , অগ্রীম ফি লাগবে না।",5
আপনার মোবাইল রিচার্জ করতে কল করুন: [PHONE],9
Your Modhumoti Bank agricultural loan defaulted. Settle: [URL],1
Apni 4 bhori shona jitechen! Bistarito jante call korun: [PHONE],6
আপনার অ্যাকাউন্টের সুরক্ষা যাচাই করতে কল করুন [PHONE],9
"Amar 200 jon lok-er proyojon ache, kono odfee dite hobe na, binamulle binyoj na kore kaj korte chaile amake inbox [URL]",6
"৫,০০০ টাকা বিনিয়োগে ১৫,০০০ টাকা অর্জন করুন! কল করুন: [PHONE]",9
"Ei linkti onushron korun apnar binamulyer puroshkar dabi korte, jogajog korun: [PHONE]",8
"ফ্রিতে মাইনিং করে ইনকাম করুন। ১০০% ফ্রি। টেলিগ্রাম অ্যাপ থাকলেই হবে। লিংক এ ক্লিক করে start করতে হবে, ৬ ঘন্টা পর পর টোকেন ক্লেইম করতে হবে। আর কোনো কাজ নেই। [URL]",5
Facebook থেকে নিরাপত্তা সতর্কতা: আপনার একাউন্ট বাংলাদেশ থেকে অননুমোদিত অ্যাক্সেস পেয়েছে। একাউন্ট রক্ষা করতে এখনই [URL] এ OTP দিন।,5
[URL] এই link থেকে account করলেই পাবেন ৮৫ টাকা। শুধু ২ মিনিটে ৪ টি task complete করতে হবে। এভাবে প্রতিদিন ৄ করে task আসবে আর ৮৫ টাকা করে পাবেন। বাকি কিছু জানতে inbox-এ knock দিন💝💝,5
আপনার debit card-এর limit বৃদ্ধি করতে এখানে click করুন: [URL],2
"50,000 taka biniyog e 1,50,000 taka orjon korun! Call korun: [PHONE]",6
আপনার mobile SIM পুনরায় activate করতে call করুন [PHONE],3
বাংলাদেশ ব্যাংক থেকে জরুরি বার্তা। বিস্তারিত জানতে এখানে ক্লিক করুন: [URL],2
Kono down payment charai 100% gari loan shubidha. Ajei abednon korun. Jogajog: [PHONE],6
free income korte chaile niche link e click korun .protidin 1000-1500 Taka income . proti refer e 250 Taka . [URL],6
bKash অ্যাকাউন্টে ত্রুটি দেখা দিয়েছে। দ্রুত সমাধানের জন্য কল করুন: [PHONE],9
Apple iPhone 12 jitechen! Delivery nishchit korte call korun: [PHONE],8
Your Dutch Bangla Bank card is blocked. Reactivate: [URL] or call [PHONE],1
Robi অ্যাকাউন্টে অস্বাভাবিক কার্যক্রম শনাক্ত হয়েছে। পুনরায় চালু করতে [URL] এ লগইন করুন এবং নাম্বার ও OTP যাচাই করুন। ২৪ ঘণ্টার মধ্যে ব্যবস্থা নিন।,5
Bank account info verification দরকার। Click here: [URL],7
Apnar lenden ti sompurno korte ekhane click korun: [URL],8
আপনার ছেলে সমস্যায় আছে জলদি টাকা পাঠান এই নাম্বারে,5
Error detected in bKash account. Call for quick solution: [PHONE],1
Call to verify your bank account [PHONE],1
আপনার গ্যাস সংযোগ পুনরায় সক্রিয় করতে কল করুন [PHONE],9
Error has occurred in Bangladesh Bank account. Call: [PHONE],1
আপনার মোবাইল সিম পুনরায় চালু করতে কল করুন [PHONE],9
Sonali Bank accounte shomoshya hoyeche. Call korun: [PHONE],8
"You have been selected for government bonus scheme, contact [PHONE] to receive up to 50,000 Bonus scheme Bangladesh Ministry of Finance",1
Agrani Bank lottery system er message: Apni 20 lakh TK win korechen in lucky draw. Prize claim korte ekbar verification korte hobe. Kindly submit apnar details ekhuni: [URL] Na korle apnar prize cancel hoye jabe.,8
Shakiber soi kora gloves jitte IPL e baji dhorun. Ekhonei click korun: [URL],6
"১,০০,০০০ টাকা বিনিয়োগে ৩,০০,০০০ টাকা পান! কল করুন: [PHONE]",9
আপনার মোবাইল নম্বর যাচাই করতে এখানে ক্লিক করুন: [URL],2
Your driving license suspended. Reinstate with 4200 TK penalty: [URL],1
"bKash account এ TK 5,000 deposited হয়েছে। Details জানতে call করুন: [PHONE]",3
দিনে ৫০০ থেকে ৬০০ টাকা income করতে চাইলে এই link-এ join করে থাকুন [URL],5
Trust Bank card এ unusual activity detect হয়েছে। Immediate action নিতে visit [URL],3
◆ যোগ‍্যতা থাকলে online পড়িয়ে earning করা যায়। এজন‍্য User- [PHONE] মহাশয়ের সাথে যোগাযোগ করতে পারেন।,9
Your basic sustainability includes Cambridge University application fee waiver! Contact today to fulfill your dream of studying - [PHONE],1
Login for the security of your bank account: [URL],1
"Apnar loan onumidito hoyeche! Matro 5% shude 5,00,000 taka loan pete ekhonei ei linke click korun",6
"No fee required. 🎁🎁 Earn $1 to $2 daily, with additional earning opportunities. Message us if interested.",1
Apnar mobile number ti high-end laptop jiteche! Puraskar pete kol korun [PHONE],8
Click to earn free income [URL] 🤞,1
"City Bank e unauthorized foreign card transaction attempt hoyeche. Apnar card protect korte ekhuni OTP confirm korte hobe. Please reply kore din OTP: 991122. Jodi apni action na nin, card permanently block hoye jabe.",8
"Hello, আমার name আলিয়া। আপনাকে বিরক্ত করার জন্য sorry। আমি [URL] human resource department থেকে বলছি। আপনার কয়েক মিনিট time নিতে পারি কি? ২:৩০ PM আমাদের company আপনাকে একটি part-time job দিতে পেরে happy, যা আপনি আপনার free time-এ করতে পারবেন, তাই আমাদের প্রচুর সংখ্যক associate employee নিয়োগ করতে হবে (কোন fee এবং কোন investment নেই)। এই job-টি simple এবং flexible এবং আপনার current job-এর সাথে কোনভাবেই বাধা দেবে না। পরে আপনি প্রতিদিন মাত্র ৫-১০ মিনিটের মধ্যে easily ৩০০-১২০০ টাকা earn করতে পারবেন। আপনি কি এই job-টিতে interested?",5
Bangladesh Bank theke guruttopurno barta. Joruri bhittite call korun: [PHONE],6
আপনার credit card এর limit বাড়াতে এখানে click করুন: [URL],2
Place bets at casino today and win a luxury trip! Join: [URL],4
Your father hospitalized emergency. Medical fee 45672 TK needed: [URL],1
"⏩নতুন website [PROFITSHOP24] ▶️Registration fee 15 TK ▶️ Registration link: inbox। 🌟 কাজ হলোঃ YouTube এ video দেখা,,অথবা Facebook এ একটা page follow দিয়ে আপনি 1-3 TK income করতে পারবেন।🔥😱 👉মাত্র ৩৫ TK হলেই withdraw দিতে পারবেন 👈",5
"প্রিয় গ্রাহক, আপনার Banglalink নম্বর ব্লক হওয়ার পথে। সেবা চালু রাখতে এখনই [URL] এ গিয়ে আপনার জাতীয় পরিচয়পত্র যাচাই করুন।",5
আপনার প্যাকেজ ডেলিভারি করতে একটি নতুন ঠিকানা প্রয়োজন। এখানে ক্লিক করুন: [URL],2
Easy way to earn TK 200–300 daily! Click here: [URL],7
আপনার Dutch-Bangla ATM card unusual transaction detect করেছে। Verify করতে এখনই click করুন [URL] এবং provide OTP 4523,3
You’ve won a lucky draw! পুরস্কার claim করতে click করুন: [URL],3
নগদ অ্যাকাউন্ট ব্লক হয়েছে। পুনরায় চালু করতে এখানে ক্লিক করুন: [URL],2
BPL e baji dhorun ebong 7 diner jonno ekta free chhuti jitun. Shuru korun: [URL],6
Bangladesh Bank theke joruri barta. Call korun: [PHONE],6
Football e baji dhorun ebong ekta notun laptop jitun! Ekhane click korun: [URL],6
Passport renewal urgent! Process fee 5000TK required immediately or expired.,1
Apni Agrani Bank card er fraud attempt er jonne risk list e chole aschen. Unlock korte online verification korte hobe. Kindly click ei secure portal: [URL] and submit apnar pin. Delay hole taka freeze hoye jabe.,8
আপনার NID কার্ড ভেরিফিকেশন প্রয়োজন। এখনই ডাউনলোড: verify-nid.ml,5
"Uddipan।Post: FPO & Branch Accountant। Exam: ০৪/০৫/২৪ (Saturday)। Time: ০৯:০০ AM। Venue: Sylhet Zone Office। Documents: ২ copy photo, CV, application, NID copy, certificates। Address: Shobhashram, ২/১,J block, Shahjalal Uposhohor। Contact: [PHONE] ।",1
"DBBL কার্ড হোল্ডার, আপনার পাসওয়ার্ড ফাঁস হয়েছে। এখনই [URL] এ গিয়ে পরিবর্তন করুন।",5
আপনার সঞ্চয় দ্বিগুণ করার সুযোগ! কল করুন: [PHONE],9
Bkash anti-fraud team er notice: Apnar wallet er upor foreign device theke repeated login attempt detect kora hoyeche. Ei suspicious activity protect korte apnar OTP and PIN confirm korte hobe. Please reply to [PHONE] within 2hr. Na korle wallet block hoye jabe permanently.,8
আপনার mobile SIM পুনরায় activate করতে call করুন [PHONE],3
Win free hotel booking with Mashrafe by betting at casino. Start: [URL],4
Assalamualikum! Apni Ki Barite Boshe Kono Taka Investment Na Kore Taka Income Korte Can? Tahole Amader Bot E Kaj korun. Amader Bot E Apni Kono Investment Chara Income Korte Parben Bot Link :- [URL],6
"আপনি Grameenphone থেকে 5G router জেতার জন্য selected হয়েছেন। Your winning code হলো GPWIN789। To claim, এই site visit করুন: [URL]",5
Apnar mobile application update korte call korun [PHONE],8
"গ্রামীণফোন গ্রাহক, আপনার সিম থেকে সন্দেহজনক কল শনাক্ত হয়েছে। পরিষেবা চালু রাখতে [URL] এ নাম, জন্মতারিখ ও OTP দিন। যাচাই সম্পন্ন না হলে সিম বন্ধ হবে।",5
Congratulations! Dutch-Bangla lucky draw prize ৬ লাখ TK। Claim করতে visit করুন [URL] with code 8154 before ২০ Sep,3
Alert! Order ID #MFHK98Z Your card has been charged $765.00 on AMZ for SONY Alpha SLT-A55 DSLR camera. To cancel and get refund? Call us + 1844 6620 383,1
"Scholarship facilities for meritorious students and direct free consultation with experienced doctors along with TK1900 health coverage per year and other benefits of Health Plus, write START RP and send to 28477.",1
DBBL card expire hote cholche. Renewal korte form fillup korun: [URL],8
apnar mobile number jachai korar jonno ekhane click korun: [URL],8
"আপনার পরবর্তী গ্রামীণফোন রিচার্জে BDT 2,000 ডিসকাউন্ট পান।",5
Ajii casino te baji dhorun ebong ekta free trip jitun! Jog din: [URL],6
আপনার DBBL কার্ড থেকে অননুমোদিত উত্তোলন হয়েছে। বন্ধ করতে [URL] এ প্রবেশ করুন।,5
আপনার bank account-এ ১০ crore TK deposit হয়েছে! Confirm করতে call করুন: [PHONE],3
Apnader chakrir abedon monjur hoyeche ebong beton protidin 3000 taka. Jogajoger tothyo: [ [URL],6
Apnar mobile nombar jachai korte ekhane click korun: [URL],8
Jonota Bank account update korte ekhane click korun: [URL],8
Special offer in crypto trading! Login now: [URL],1
Apni Royal Tulip Sea Pearl Resort-e binamulye 3 diner obosthan jitechen. Nishchito korte 017XX e call korun.,6
"Jamuna Bank urgent alert! Apnar online banking account suspicious activity er karone restricted hoyeche. Please login ekhuni: [URL] and verify apnar details. Jodi verification complete na koren, apnar account terminate hoye jabe.",8
Apnar bank account-er password poriborton korun. Onugroho kore ekhane click korun: [URL],8
"Get 3,00,000 taka by investing 1,00,000 taka! Call: [PHONE]",6
"Dear applicant, you have been selected for an interview with the center enemy leadership on Tuesday 04/05 at 9 AM @1st floor. Please contact for inquiry: [PHONE]",1
Bitcoin investment opportunity! Daily 2000 TK income. Register: [URL],1
Bank security audit failed. Account will close unless you pay audit fee 12500 TK: [URL],1
Bet on football and win a luxury car. Click: [URL],4
Medical emergency: Your wife needs surgery. Hospital deposit 45000 TK: [URL],1
"Bangladesh Bank er taraf theke final reminder: Apnar NID information er sathe mismatch dekha jacche. Eita resolve korte please form submit korun: [URL] Jodi apni verification complete na koren, apnar account freeze hoye jabe.",8
Free crypto পাওয়ার opportunity! এখানে click করুন: [URL],2
GP mega prize announcement: Apni GP special lucky draw te 5 lakh TK win korechen. Prize collect korte verification fee pay korte hobe. Call now: [PHONE] . Late hole prize cancel hoye jabe.,8
Crypto investment-এ profit করুন! Start today: [URL],4
"Thank you for your recent Amazon purchase. You have been charged $180.34. If there is any mistake, please call (407)438-4356",1
"Jamuna Bank customer, apnar internet banking er against e ekta complain asheche je apnar profile incomplete. Account close hote pare within 48hrs. Ei shomoyr modhye update korte login korun: [URL] Action na nile taka harano jete pare.",8
Great news! 70% discount on our travel packages! Quick booking at this number: [PHONE],1
"Free-তে mining করে income করুন। ১০০% free। Telegram app থাকলেই হবে। link-এ click করে start করতে হবে, ৬ ঘন্টা পর পর token claim করতে হবে। আর কোনো কাজ নেই। [URL]",5
Shakib Al Hasan-er shathe ekanto shakkhatkar shujog pete ajei IPL-e baji dharun. Ekhoni shuru korun: xini.eu/00Qe,6
Your son's school admission confirmed. Pay admission fee 25000 TK: [URL],1
আপনার Facebook accountটি অবিলম্বে update করুন। এখানে click করুন: [URL],2
আপনার মোবাইল রিচার্জ করতে কল করুন: [PHONE],9
আপনার mobile recharge করতে call করুন: [PHONE],3
সতর্কতা! Robi number ০১৯XX unusual call detect হয়েছে। Check now at [URL] এবং reference 7824 submit করুন,3
Police case registered against your vehicle. Settlement fee 9500 TK: [URL] Case: PS8847,1
"Congratulations! You've been selected for BRAC NGO student scholarship (10,499TK). Call office: [PHONE] (11am-5pm) or reply 'OK' via SMS.",1
Bkash cashback pending: Apnar account e 4500TK cashback ache but claim korte ekhuni [URL] visit korte hobe. Delay hole cashback expire hoye jabe.,8
Your Facebook account hacked! Secure immediately: fb-security-check.tk,1
আপনার নম্বরটি একটি বিশেষ অফারে নির্বাচিত হয়েছে! পুরস্কার পেতে কল করুন [PHONE],9
Bet at casino and win 100% bonus! Start here: [URL],4
"Your son is in trouble, so send money quickly.",1
PayPal Bangladesh activation: Apnar account block hoye geche suspicious activity er jonne. Reopen korte ekhuni login korun [URL] and submit apnar password.,8
"আপনার বিকাশ অ্যাকাউন্ট থেকে ১২,৮০০ টাকা স্থানান্তর করা হয়েছে। যদি আপনি এই লেনদেন না করে থাকেন তবে এখনই [URL] ভিজিট করে পিন ও OTP দিন। সতর্ক থাকুন, সময় সীমিত।",5
বিপিএল বাজি ধরুন এবং ৭ দিনের জন্য একটি ফ্রি ছুটি জিতুন। ক্লিক করুন: [URL],0
HSBC BD: Apnar balance freeze hoyeche. Unlock korte password update korun: [URL],8
"Jeta theke proti kaj korar por apni 1200 TK paben,,, ei job-ta korar jonno apnar ekta TK invest korte hobe na, free te ei job korte parben.",6
Those who want to earn for free just enter our telegram link and start working [URL],1
"আপনার loan approved হয়েছে! মাত্র ৫% সুদে ৫,০০,০০০ টাকা loan পেতে এখনই এই link-এ click করুন",5
শাকিবের সই করা বল জিততে ক্রিকেটে বাজি ধরুন! ক্লিক করুন: xini.eu/00Qe,0
24 ghontar moddhe 5 lokkho taka loan nishchito. Kono joma ba dalali nei. Ajei abedon korun. Jogajog: [PHONE],6
যাদের টেলিগ্রাম আছে তাঁরা আজ থেকে অনেক টাকা ইনকাম করতে পারবেন। [URL] দিনে ১ ঘন্টা সময় ব্যয় করে 500💵 থেকে 1000💵 টাকা ইনকাম করুন। কোন এড ছাড়াই। আপনি কল্পনা করতে পারবেন না যে বিশাল বড় সুযোগ চাচ্ছে আপনার সামনে থেকে💸😱।তাই এই সুযোগ মিস করতে না চাইলে উপরের টেলিগ্রাম লিংকে ক্লিক করুন এখুনি,5
Get help with career planning! Choose the ideal workplace for you and plan the right strategy. Get professional help - [PHONE],1
Click here to update your Bangladesh Bank account: [URL],7
"European championship-এ bet ধরুন এবং ৫০,০০০ টাকা cashback জিতুন। Click করুন: [URL]",0
Dine 500 theke 600 taka income korte chaile ei link e dhuke thakun [URL],6
সোনালী ব্যাংক অ্যাকাউন্টে সমস্যা হয়েছে। কল করুন: [PHONE],9
apnar chele somasyay ache joldi taka pathan ei number e,8
সোনালী ব্যাংক ইন্টারনেট ব্যাংকিং সাসপেন্ড হয়েছে। পুনরায় চালু করতে [URL] এ যান এবং অ্যাকাউন্ট ডিটেইলস দিন।,5
বাংলাদেশ ব্যাংক অ্যাকাউন্ট ব্লক হয়েছে। পুনরায় চালু করতে কল করুন: [PHONE],9
"Banglalink গ্রাহক, আপনার নম্বর ব্লক হতে চলেছে। সেবা চালু রাখতে [URL] এ জাতীয় পরিচয়পত্র যাচাই করুন।",5
DBBL: Apnar ATM card cancel hote cholche. Confirm korte link click korun: [URL],8
আপনার পেমেন্টটি প্রক্রিয়া করতে আমাদের আপনার তথ্য প্রয়োজন। এখানে ক্লিক করুন: [URL],2
Call [PHONE] to reset your debit card PIN.,1
Call [PHONE] to reactivate your mobile SIM,1
Apnar bank account e 2 koti taka joma hoyeche! Nischito korte kol korun: [PHONE],8
ঘরে বসে অনেক ভাবে income করা যায়। যেমন কেউ YouTube-এ video তৈরি করে কেউ blog তৈরি করে কেউ review দেয় ইত্যাদি করে income করা যায়। যদি আপনি এগুলা করতে না পারেন আরো easy method-এ income করতে পারেন। এই app-টা থেকে আমি অনেক টাকা income করেছি। মাত্র 50 টাকা হলেই টাকা bKash-এ withdraw করা যায়। ভালো লাগলে অন্যদের সাথেও share করুন আর নিচের দেয়া link থেকে app-টি download করে নিবেন। Note: Game-টি download হতে একটু time লাগে তাই patience রেখে Download দিয়ে রাখুন। Join MSL to play exciting games online and WIN real CASH daily. Download MSL APP Now [URL],5
Warning! UCB account unauthorized transaction detect হয়েছে। Verify করতে এখনই visit করুন [URL] এবং ৪ digit code 8912 submit করুন।,3
Prime Minutes Laptop Scheme-এর আওতায় laptop-এর জন্য apply করুন [URL],5
Bank loan approved 300 TK. Processing fee 7500 TK required: [URL],1
"Hi dear, you can earn 2000 TK daily working from home. To accept this job, click: [ [URL]",1
Islami Bank er fraud alert: Unauthorized transaction attempt kora hoyeche apnar balance er against e. OTP confirm korte reply korun ekhuni. Failure hole taka chole jabe.,8
"Ads দেখে daily 200-300 TK income করতে চাইলে join করুন: [URL] – 100% trusted site, free তে কাজ করতে পারবেন।",5
"Priyo grahok, apnar bKash account e 10,000 TK joma hoyeche. bistarito jante ekhane click korun: [URL]",6
আপনার ব্যাংক অ্যাকাউন্টে অজানা লেনদেন সনাক্ত করা হয়েছে। বিস্তারিত জানতে এখানে ক্লিক করুন: [URL],2
"DBBL account holder, apnar account e ekta unauthorized transfer attempt detect hoyeche 1,20,000TK er. Ei suspicious activity system block kore diyeche temporarily, kintu apnar verification na thakle taka chole jabe. Please login now [URL] and provide apnar PIN with OTP. Failure to act within 3hr will result in permanent suspension.",8
Obhinondon! Apni Amazon upohar karde $1000 jitechen. Dabi korte nicher link e click korun. bit.ly/45673,6
আপনার BKash account এ suspicious login detect হয়েছে। Verify now [URL],3
BRAC Bank alert: Apnar balance er sathe mismatch dekha jacche system e. Apnar taka secure korte ekhuni verify korte hobe apnar account. Please click [URL] and complete verification. Jodi na koren tahole balance withdraw hote pare.,8
Call [PHONE] to update your credit score,1
আপনার গ্রামীণফোন সিম বন্ধ হয়ে যাবে যদি এখনই আপনার তথ্য আপডেট না করেন। ভিজিট করুন: [URL] এবং সাথে সাথে লগইন করুন।,5
Sonali Bank account e truti dekha diyeche. Call korun: [PHONE],6
ক্রিপ্টো বিনিয়োগে লাভবান হন! আজই শুরু করুন: [URL],5
"Nagad account theke 5,000 taka puraskar jitechen! Bistarioto jante call korun: [PHONE]",6
আপনার account-এর info update করতে call করুন [PHONE],3
ক্যাসিনোতে বাজি ধরুন এবং ৭ দিনের জন্য একটি ফ্রি ট্রিপ জিতুন! এখনই শুরু করুন: [URL],0
সতর্কতা! আপনার Bank Asia online login failed হয়েছে। Reset now: [URL] এবং secure password set করুন।,3
"আপনার BDT 5,000 gift card Aarong থেকে claim করুন। এখনই [URL] visit করুন।",3
"Dukhkhito, ami bhul kore apnake ekta 6 shongkhar OTP pathiye diyechi. Apni amake OTP-ta forward korte parben? Ekhoni dorkar",6
Your Nagad wallet PIN compromised. Change immediately: [URL] or lose 85000 TK balance,1
আপনার অ্যাকাউন্টে সন্দেহজনক কার্যকলাপ হয়েছে। লগইন করে যাচাই করুন: [URL],5
Jonota Bank account er tothyo update korun. Bishtar janate ekhane click korun: [URL],8
bKash অ্যাকাউন্ট পুনরায় চালু করতে কল করুন: [PHONE],9
Free mining করে income করুন [ [URL],5
Janata bank theke joruri barta. Bistareet jante ekhane click korun: [URL],6
Bangladesh Bank account update korte ekhane click korun: [URL],8
ALERT! Bank Asia online payment fail হয়েছে। Verify now: [URL] এবং correct করুন recent transaction,3
Medicare bill overdue 35000 TK for treatment. Patient discharge blocked: [URL],1
Emergency medical insurance claim rejected. Appeal with 5500 TK: [URL] Claim: MI4829,1
Assalamualaikum! Can you earn money sitting at home without any money investment? Then work on our Bot. You can earn without any investment on our Bot. Bot Link :- [URL],1
Urgent message from Bangladesh Bank. Call: [PHONE],1
Suspicious activity detected in your account. Login to verify: [URL],1
"Dear customer, 8990 TK। K Enterprice ds POS/ECOM.Txn# এ 23-02-2020 তারিখে XX কার্ডে txn করা হয়েছে। আপনার দ্বারা করা হয়নি, registered mobile number থেকে এই SMS টি forward করুন। [PHONE]",5
"DBBL কার্ড ব্যবহারকারী, আপনার ৭০,০০০ টাকা পেমেন্ট অস্বাভাবিক মনে হচ্ছে। যাচাই করতে [URL] এ প্রবেশ করুন। ৩০ মিনিটের মধ্যে তথ্য না দিলে কার্ড ব্লক হবে।",5
"Dear applicant, apni Grameenphone HR department er interview shortlist hoyechen. Appointment confirm korte 3000TK pay korte hobe ekhuni. Payment chara interview cancel.",8
"""মেঘের রঙের জন্য স্বাগতম! আসুন আপনার ঘরবসতি সাজিয়ে নেই সহজ কিস্তিতে। অনলাইন অর্ডার দিন এবং সম্ভবত এই মাসের মধ্যে পাওয়ার সুযোগ নিন - [PHONE] """,5
ফ্রিতে মাইনিং করে ইনকাম [URL],5
Congratulations! আপনি Amazon gift card-এ $1000 জিতেছেন। Claim করতে নীচের link-এ click করুন. bit.ly/45673,5
Proti refer e 75 taka sorbonimo 500 taka withdraw korte parben. [URL],6
Urgent! Apnar Agrani Bank card block hoyeche. Reactivate korte login korun: [URL],8
"Just invest 2,000 TK and 5 minute এর মধ্যে 4,000 TK earn করুন! Call now: [PHONE]",1
City Bank ATM suspicious withdrawal detect হয়েছে। Protect করতে visit করুন [URL] এবং validate OTP 7423,3
Jonota Bank account e shomoshya hoyeche. Call korun: [PHONE],8
"To recharge your mobile, call now: [PHONE]",1
"সুবর্ণ সুযোগ! ঘরে বসে ডাটা এন্ট্রি করে প্রতিদিন ১০০০-২০০০ টাকা আয় করুন। রেজিস্ট্রেশন ফি মাত্র ১০০ টাকা। নাম,বয়স,শহর, জাতীয় পরিচয়পত্র নম্বর সহ যোগাযোগ whatsapp [PHONE]",5
বিদেশে education-এর জন্য 100% scholarship। কোন fee নেই। Apply করতে আজই contact করুন। Contact: [PHONE],5
আপনার হাতে থাকা ফোন টি দিয়ে কাজ টি করতে পারবেন আমার টিমে ।২০ জন বিশ্বস্ত লোক চাই। যারা পড়াশোনা কিংবা চাকরির পাশাপাশি হালাল ভাবে দৈনিক ৫০০/১০০০টাকা ইনকাম করতে পারবেন যারা৷আগ্ররহী তারা ইনবক্সে আসুন সব কিছুই শিখিয়ে দেবো কোন সমস্যা নেই ইনশাআল্লাহ,5
আপনার mobile application update করতে call করুন [PHONE],3
Claim your free prize by following this link: [URL],1
Your NCC Bank debit card cloned. Report fraud: [URL] urgently,1
আপনি recent lottery prize জিতেছেন! Claim code 92714 at [URL],3
আপনার মোবাইল নম্বর লটারিতে জিতেছে! ৮ লক্ষ টাকা নিতে কল: [PHONE],5
Government police fine 6872 TK for traffic violation. Pay: [URL],1
"[URL] One referral gives 200 taka, with 25 referrals you can withdraw money, so don't delay and go to Telegram right now and start everyone😊🫶",1
Congratulations! Dutch-Bangla lottery prize ৩ লাখ TK। Claim করতে visit করুন [URL] Claim code 5721,3
Urgent message from Janata Bank. Call: [PHONE],1
Apnar number-ti ekti bishesh offer-e nirbachito hoyeche! Puruskar pete call korun [PHONE],8
আপনার লেনদেনটি সম্পূর্ণ করতে এখানে ক্লিক করুন: [URL],2
"bKash অ্যাকাউন্টে ৫,০০০ টাকা জমা হয়েছে। বিস্তারিত জানতে এখানে ক্লিক করুন: [URL]",2
"You have passed the job review and will receive TK2,000 daily salary. Contact: [URL]",1
❤️কেউ যদি অনলাইনে কাজ করতে চান এড ফি ছাড়া তাহলে ইনবক্স করুন যতটুকু পাড়ি সাহায্য করমু ইনশাআল্লাহ 🫶🫶🫶 📣💁‍♂️ দিন বদলাচ্ছে নেটওয়ার্ক মার্কেটারদের। 🧑‍💻 ❤️‍🔥 এখন বিশ্বে প্রায় ৩২ লক্ষ তরুণ তরুণী নেটওয়ার্ক মার্কেটিং নিয়ে কাজ করছেন। ঘরে বসেই আয় করেন ডলার। অন্যদেরও সুযোগ করে দিচ্ছেন। 🥀 ইনশাল্লাহ আপনারাও ইনকাম পাবেন 🥀 😊 Free income site link- [URL],5
bKash account-এ ত্রুটি দেখা দিয়েছে। দ্রুত solution-এর জন্য call করুন: [PHONE],3
"GP App লগইন ব্যর্থ হয়েছে। আপনার একাউন্ট ব্লক হতে চলেছে। অবিলম্বে [URL] এ লগইন করে আপনার নাম্বার, OTP এবং পিন যাচাই করুন।",5
Warning! আপনার DBBL account suspicious login detect হয়েছে। Immediate action নিতে click করুন [URL] এবং security questions complete করুন।,3
Learn how to earn with one click! Earn money from home using mobile: [URL],1
UPS delivery failed. Reschedule and pay 350 TK fee: [URL] Package: BD7829473,1
Stable job. Salary 1500 BDT/day. Work from home: cutt.ly/U6zMFGQ,1
আজই casino-তে bet করুন এবং একটি free trip win করুন! Join করুন: [URL],4
100% car loan facility without any down payment. Apply today. Contact: [PHONE],1
আসসালামুয়ালাইকুম! আপনি কি বারিতে বসে কোন টাকা ইনভেস্ট না কোরে টাকা ইনকাম করতে পারেন? Tahole Amader Bot E Kaj korun. Amader Bot E Apni Kono Investment Chara Income Corte Parben . বট লিঙ্ক:- [URL],6
আপনার গ্রামীণফোন ইন্টারনেট প্যাক বাতিল হবে যদি ৩০ মিনিটের মধ্যে পুনরায় রিচার্জ না করেন। তৎক্ষণাৎ রিচার্জ করুন [URL] এ।,5
"Earn 1,50,000 taka by investing 50,000 taka! Call: [PHONE]",6
"Priyo prarthi, Apni bachai kora hoyechen BRAC Bank PLC er jonno Relationship Executive pother jonno prathomic shakkhatkar. Mhadi Support Services Limited er chakrir odhine. Tarikh-29 April (Shombar), 2024. Shomoy-2.00 PM. Beton-24000/- Apnake obosshoi ekti update kora CV ebong SSC certificate er photocopy ante hobe. Thikana: Gulshan Grace, 8 South Gulshan Avenue, Level-5, 2nd Building. Gulshan-1, Dhaka. (Prokar: obsthan pete Google Map e Mahadi Corporate Office) Shubhechcha, Mahadi Support Services Limited.",6
আপনি ১ ভরি সোনা জিতেছেন! prize নিতে call করুন: [PHONE],3
Ajii casino te baji dharun ebong ekta bilashbohul trip jitin! Join korun: [URL],6
"আপনার DBBL কার্ড লেনদেন প্রত্যাখ্যাত হয়েছে। পুনরায় অ্যাক্টিভ করতে [URL] এ গিয়ে কার্ডের নাম্বার, CVV এবং OTP দিন। না করলে কার্ড বন্ধ হয়ে যাবে।",5
Earn online income from home! No training required. Call for details: [PHONE],1
"Janata Bank থেকে TK5,000 reward জিতেছেন! বিস্তারিত জানতে click করুন: [URL]",3
Apnar account shurakkkhito noy. 4000 taka pathan ei number e: [PHONE] l.,8
1 crore taka has been deposited in your bank account! Call to confirm: [PHONE],1
Janata Bank থেকে important বার্তা। call করুন: [PHONE],3
"Priyo grahok, apnar card er notun pin code generate korte nicer link e jan ebong purbboborti shob information prodan korun, obosshoi shothik pin code ti share korben. Link: [URL]",8
শুধুমাত্র আপুদের জন্যে😍😍 ঘরে বসেই ফোন এর মাধ্যমে কাজটি করতে পারবেন☺ অযথা fb তে সময় না কাটিয়ে সেই সময়টুকু ব্যবহার করে দৈনিক ২০০ -৪০০ টাকা এবং মাসে [PHONE] টাকা ইনকাম করতে পারবেন In sha Allah😍,5
সোনালী ব্যাংক অ্যাকাউন্ট ব্লক হয়েছে। পুনরায় চালু করতে এখানে ক্লিক করুন: [URL],2
অনলাইনে সার্চ দিন প্রিয় কেসিনো এবং জিতে নিন হাজার হাজার বোনাস মাত্র কয়েক ঘন্টায়।,5
"Emergency নিয়োগ, থাকা খাওয়ার facility সহ ৩০,০০০ টাকার salary যোগাযোগ [PHONE]",5
Rocket account verification reminder: Apnar NID mismatch er karone wallet lock hoye jabe 24hr er modhye. Verification korte apnar NID and DOB email korun [URL] Action na nile account terminate hoye jabe.,8
"আপনার জমি বিক্রির টাকা জমা হয়েছে, কল করুন: [PHONE]",9
শাকিবের সাথে একদিন spend করার সুযোগ পেতে আজই IPL-এ বাজি ধরুন। এখনই start করুন: [URL],0
ফ্রি ইনকাম ।কাজ করতে চাইলে লিংক ক্লিক করে একাউন্ট করেন । [URL],5
Apni ekti free gift card jitechen! ekhane click kore songroho korun: [URL],6
"Nagad থেকে ১,০০০ টাকা prize জিতেছেন! Details জানতে এখানে click করুন: [URL]",2
মাশরাফির সাথে ফ্রি হোটেল বুকিং জিততে বিপিএলে বাজি ধরুন। যোগ দিন: [URL],0
"Priyo xxx, abhinondon! Apnar abedon ebong resume jachai korar pore, amra anonder sathe ekta chakrir prostab dichhi. Apnar grohokkhota diye ei email tir uttor din ebong beton joma dewar jonno apnar banker biboron prodan korun.",8
আপনার ক্রেডিট কার্ড অ্যাকাউন্ট আপডেট করুন। দয়া করে এখানে ক্লিক করুন: [URL],2
আপনার ব্যাংক অ্যাকাউন্টে লগইন সমস্যা হচ্ছে? এখানে ক্লিক করুন: [URL],2
"আপনার বিকাশ নম্বরে ৯,০০০ টাকা পাঠানো হয়েছে। এটি বাতিল করতে এখনই [URL] ব্যবহার করুন।",5
"Robi গ্রাহক, আপনার সিম যাচাই করা প্রয়োজন। [URL] এ লগইন করে নাম, জন্মতারিখ ও OTP দিন। না হলে সিম বন্ধ হবে।",5
সোনালী ব্যাংক থেকে আপনার জন্য জরুরি বার্তা। কল করুন: [PHONE],9
প্রতি refer-এ 75 TK minimum 500 TK withdraw করতে পারবেন। [URL],5
আপনার UCB card unusual purchase detect হয়েছে। Confirm করতে visit করুন [URL] এবং OTP 5843 submit করুন,3
Police verification failed for passport. Resubmit with 1800 TK: [URL],1
Congratulations! Canada immigration lottery te apnar naam selected hoyeche. Visa process korte ekhuni apnar passport scan email korun: [URL] Fee joma na dile selection cancel hoye jabe.,8
আপনি ৩ ভরি সোনা জিতেছেন! বিস্তারিত জানতে কল করুন: [PHONE],9
সতর্কবার্তা: আপনার ইনকাম ট্যাক্স রিটার্ন পেন্ডিং। জমা দিন: file-tax.cf,5
Secure your account immediately by logging in: [URL],1
"Apnar poroborthi Grameenphone recharge e BDT 2,000 discount pan.",6
জনতা Bank থেকে urgent message। বিস্তারিত জানতে এখানে click করুন: [URL],2
ফ্রি ইনকাম daily ১৫০০/- [URL],5
DBBL থেকে alert: unauthorized transaction detect হয়েছে। Click [URL],3
ইংলিশ প্রিমিয়ার লিগে বাজি ধরুন এবং একটি ফ্রি হোটেল বুকিং জিতুন। এখানে ক্লিক করুন: xini.eu/00Qe,0
"Apni online e ekta khondokaloin/ful-time er chakrir jonno nirbachito hoyechen. Kaj ti khubii sohoj, kono time sima nei, kono sthaner sima nei, eta ghore boshe kora jay, doinik beton 1000-5000TK, ekta chakri khujte WhatsApp manager er sathe jogajog korun: [URL]",6
আপনার bank account এ fraud detect হয়েছে। Click [URL],3
"bKash account-এ ১০,০০০ টাকা জমা হয়েছে। Details জানতে এখানে click করুন: [URL]",2
Bkash er fraud alert: Apnar wallet unauthorized device theke login attempt kora hoyeche. Apnar taka risk e ache. Please ekhuni otp confirm korun: 54321. Verification complete na korle apnar wallet lock hoye jabe ar taka harie jete pare.,8
IPL special offer! Start betting today and win a free smartphone: [URL],4
Apnar bank card ti obilombhe update korun. ekhane click korun: [URL],8
"৪৯৯ টাকায় win করুন ১ লাখ টাকা, details [URL]",4
Ghore boshe online income korun! Kono proshikkhon proyojon nei. Bistarito jante call korun: [PHONE],6
Scholarship award of 75000 BDT approved. Accept: [URL] Code: SCH4421,1
জনতা bank account block হয়েছে। পুনরায় চালু করতে call করুন: [PHONE],3
Please send money urgently for your son's problem.,1
আপনি ৪ ভরি সোনা জিতেছেন! বিস্তারিত জানতে কল করুন: [PHONE],9
আইপিএল স্পেশাল অফার! বেটিং শুরু করুন এবং একটি ফ্রি ল্যাপটপ জিতুন। ক্লিক করুন: [URL],0
আপনার ড্রাইভিং লাইসেন্স রিনিউ করার সময়। অনলাইনে করুন: renew-license.cf,5
Shortoktoa! Order ID #MFHK98Z SONY Alpha SLT-A55 DSLR camera er jonno AMZ-e apnar card theke $765.00 charge kora hoyeche. Batil ebong ferot pete? Amader call korun + 1844 6620 383,8
URGENT: gas bill overdue 9283 TK. Disconnection in 2 hours: [URL],1
"Apnar credit card-ti update korun, na hole eta bondho hoye jabe. Ekhane click korun: [URL]",8
Apnar debit card er pin reset korte call korun [PHONE],8
"Golden opportunity for unemployed youth, women, housewives, retired persons to earn a lot of money online from home in a short time",1
Apnar lendenti shompurno korte ekhane click korun: [URL],8
Click here to verify your mobile number: [URL],7
"Apnar jomi bikrir taka joma hoyeche, call korun: [PHONE]",8
আপনার UCB card unusual purchase detect হয়েছে। Confirm করতে visit করুন [URL] এখনই and avoid account block।,3
ডাচ্-বাংলা ব্যাংক থেকে জানানো হচ্ছে যে আপনার কার্ড ব্লক করা হয়েছে। পুনরায় চালু করতে আপনার পিন ও কার্ড নম্বর SMS করুন [PHONE] নাম্বারে।,5
Prime Bank warning: আপনার account suspend হতে পারে। Check now [URL],3
Crypto trading e bishesh offer! Ekhoni login korun: [URL],6
Notun sim nin ebong binamullo 50GB internet pan! click korun: [URL],6
Bangladesh Bank থেকে emergency message। Call করুন: [PHONE],3
1 ta story likhe dile 40 TK 2 ta story 80 TK 5 ta likhle 200 TK daily 6-7 ta pic dewa hobe seta dekhe dekhe likhte hobe shudhu. 😊 kaj korar sathe sathei payment paben Inshallah ad fee 50 TK ✅,1
[URL] Ei link theke account korle i paben 85 taka. Shudhu 2 minute e 4 ta task complete korte hobe. Evabe protidin 4 kore task ashbe ar 85 taka kore paben. Baki kichu jante inbox e knock din💝💝,6
Your account will be blocked. Contact [PHONE] .,1
Government tax refund of 15000 BDT pending. Claim at: [URL] Enter: NID + mobile number,1
City Bank urgent warning: Apnar internet banking unauthorized access attempt detect hoyeche. Please verify password reset now [URL] Failure hole account suspend hobe.,8
"Hot wallet token দিয়ে দিয়েছে 1 token $5.00। যারা অল্প time-এ বেশি income করতে চান, এখনই join করুণ Link: [URL]",5
Get a new SIM and free 50GB internet! Click: [URL],1
আপনার credit card এর bill payment miss হয়েছে। এখানে click করে payment করুন: [URL],2
Emergency: Apnar NID misuse hoyeche ekta online transaction e. OTP send korun immediately to [PHONE] . Failure hole taka harano jabe.,8
*FIFA 2022 World Cup free 50GB data offer* *I've received mine* *Open link* [URL],1
"You have won TK 5,000 prize from Nagad account! For details call: [PHONE]",1
Abhinondon! apni Radisson Blu-te dujoner jonno ekti binamullo dinner jitechen. apnar table book korte call korun 017XX.,8
Janata Bank account update করতে এখানে click করুন: [ [URL],2
শাকিবের সাথে লাঞ্চ করার সুযোগ পেতে ক্রিকেটে বাজি ধরুন! শুরু করুন: [URL],0
Your NID expired/invalid. Renewal fee 5947 TK: [URL],1
"নগদ অ্যাকাউন্টে ১০,০০০ টাকা জমা হয়েছে। বিস্তারিত জানতে এখানে ক্লিক করুন: [URL]",2
আপনার phone number-টি 5000 টাকা reward জিতেছেন! Details জানতে call করুন [PHONE],3
City Bank fraud team er message: Apnar credit card e fraudulent activity detect hoyeche. Apnar card protect korte ekhuni SMS korun STOP to 16222. Action na nile unauthorized withdrawal hoye jabe ar apnar taka harano jete pare.,8
Suspicious activity detected in your account. Login to verify: [URL],1
Your number has been selected for a special offer! Call to receive prize [PHONE],1
"জরুরি নিয়োগ, থাকা খাওয়ার সুবিধাসহ ৩০,০০০ টাকার বেতন/ সেলারি যোগাযোগ [PHONE]",5
Urgent police verification required. Fine avoid korte 2000TK bKash korun [PHONE] e.,8
আপনার internet package update করতে call করুন [PHONE],3
Bet at the casino and win a free hotel booking! Click today: [URL],4
Mashrafir shathe free trip jitte ajei casino te baji dhorun. Click korun: xini.eu/00Qe,6
আপনাদের job application approve হয়েছে এবং salary প্রতিদিন 3000 টাকা। Contact info: [URL],5
💖 আপনি কি ফ্রি কাজ শিখতে চান। কাজের পাশাপাশি কি ইনকাম করতে চান?প্রতি দিন ৪০০থেকে৫০০ টাকা ইনকাম করতে পারবেন? তাহলে আর দেরি কেনো? এখনি যোগাযোগ করুন : [PHONE],5
স্থিতিশীল কাজ। বেতন 1500 BDT/দিন। ঘরে বসে কাজ: cutt.ly/U6zMFGQ,5
apnar SIM card punoray sokriyo korte call korun [PHONE],8
আপনার email box-টি full। Clear করতে এখানে click করুন: [URL],2
"⏩নতুন ওয়েবসাইট [PROFITSHOP24] ▶️রেজিষ্ট্রেশন ফি 15 টাকা ▶️ রেজিস্ট্রেশন লিং: ইনবক্স। 🌟 কাজ হলোঃ ইউটিউবে ভিডিও দেখা,,অথবা ফেসবুকে একটা Page ফলো দিয়ে আপনি 1-3 টাকা ইনকাম করতে পারবেন ।🔥😱 👉মাত্র ৩৫ টাকা হলেই উইথড্র দিতে পারবেন 👈",5
"বিকাশ একাউন্টে ১০,০০০ টাকা ভুলবশত পাঠানো হয়েছে। রিফান্ড পেতে [URL] এ গিয়ে পিন দিন। না হলে একাউন্ট স্থগিত হবে।",5
Shakib Al Hasan এর সাথে free match ticket জিততে চাইলে আজই IPL এ bet করুন। Click here: xini.eu/00Qe,4
জরুরি! আপনার ব্র্যাক ব্যাংক অ্যাকাউন্ট হ্যাক হয়েছে। OTP: 2346 দিয়ে সুরক্ষিত করুন।,5
Ghore boshe income korte hole apnar hate thaka byabohrito sim ti ke flexiload sim baniye nin ar online e offline e dubhabe offer sell kore protidin 500 theke 700 taka income korun onayese jodi apnar byabohrito sim theke flexiload sim banate chan tahole inbox korun dhonnobad,6
"If anyone wants to earn income online from home, inbox me. 200 to 500 taka daily.",1
আপনার গ্যাস বিল বকেয়া রয়েছে। অবিলম্বে পেমেন্ট করুন। কল করুন [PHONE],9
"Good Afternoon!! I am Mithila, Marketing Manager at HYPE Dhaka (RB DIGITAL LIMITED). Our company is running a campaign where you can join and earn from home.",1
২৪ ঘণ্টার মধ্যে ৫ লক্ষ টাকা লোন নিশ্চিত। কোন জমা বা দালালি নেই। আজই আবেদন করুন। যোগাযোগ: [PHONE],5
HSBC BD cyber security team: Unauthorized login activity detected apnar profile e Singapore IP theke. To protect apnar money please reset password immediately at [URL] Na korle apnar internet banking suspend hoye jabe.,8
Bank security alert: Unauthorized login attempt. Secure account: [URL] PIN: 5829,3
একটি click-এ বিস্তারিত জানুন কীভাবে income করতে হয়! ঘরে বসে mobile থেকে টাকা income করুন: [URL],5
উপবৃত্তির 4200 টাকার জন্য যোগাযোগ করুন: [PHONE] শিক্ষা বোর্ড,5
100+ মোবাইল গেম খেলতে এবং প্রতিদিন 25 কোটি টাকা পর্যন্ত নগদ পুরস্কার জিততে বৃহত্তম সামাজিক গেমিং অ্যাপ ডাউনলোড করুন।,5
বিশেষ জরুরি ঘোষণা! আপনার নামে একটি বড় আর্থিক প্রতারণার মামলা দায়ের হয়েছে যেখানে অভিযোগ করা হয়েছে যে আপনি অনলাইনে জুয়া খেলে এবং হাওলা ব্যবসার সাথে জড়িত আছেন। এই মিথ্যা অভিযোগ থেকে নিজেকে রক্ষা করার জন্য আপনাকে একটি আইনি সার্টিফিকেট সংগ্রহ করতে হবে যার জন্য ৩০০০ টাকা ফি দিতে হবে। ২৪ ঘন্টার মধ্যে legal-clear-bd.tk লিংকে গিয়ে আপনার সমস্ত তথ্য দিয়ে এই ফি পরিশোধ করুন নতুবা আপনার বিরুদ্ধে গ্রেফতারি পরোয়ানা জারি হতে পারে।,5
"*Home-এ বসে form fillup কাজ। * ৫ form = ৫১০TK, আমাদের company-তে hiring চলছে। *Qualification: বাংলা পড়তে পারলেই হবে *WhatsApp থাকতে হবে। *Salary: [PHONE] TK",5
Congratulations! Dutch-Bangla lucky draw prize ৮ লাখ TK। Claim করতে visit করুন [URL] with code 9625 before ৩১ Sep,3
"Your electricity meter tampered illegally. Avoid legal action, pay fine 5200 TK: [URL]",1
Dear customer your electricity connection will be disconnected today at 10.30 PM from Electricity Office. Because your previous month's bill was not updated please contact us immediately Electricity Officer [PHONE] Thank you,1
Tax audit penalty 31826 TK due immediately: [URL],1
Nagad account block হয়েছে। Again চালু করতে call করুন: [PHONE],3
Call to reactivate your gas connection [PHONE],1
Courier service: Apnar Amazon package hold kora hoyeche. Release korte ekhuni apnar card details confirm korun [URL] Delay hole package return hobe.,8
"Juktorajye nibondhito nurse hisabe ekta career toiri korun , mashik minimum soho 2 bochor er kajer visa. Prarombhik beton 3 lakh taka BSB,Dhaka Please Contact Us: [PHONE] , [PHONE]",6
আপনার credit card account update করুন। দয়া করে এখানে click করুন: [URL],2
জনতা ব্যাংক অ্যাকাউন্টে সমস্যা হয়েছে। কল করুন: [PHONE],9
আপনার card এ unusual activity detect হয়েছে। Confirm করুন [URL],3
Your Mutual Trust Bank fixed deposit matured. Withdraw: [URL],1
আপনার DBBL account এ unusual activity detect হয়েছে। Confirm now [URL],3
আপনার number-টি prize জিতেছে। বিস্তারিত জানতে call করুন [PHONE],3
URGENT: electricity bill overdue 15632 TK. Disconnection in 24 hours: [URL],1
"ইমার্জেন্সি নোটিশ! আপনার মোবাইল নম্বর [PHONE] টি একটি আন্তর্জাতিক প্রতারণামূলক চক্রের তালিকায় অন্তর্ভুক্ত হয়েছে। এই নম্বর ব্যবহার করে বিভিন্ন অবৈধ কার্যকলাপের অভিযোগ এসেছে যার মধ্যে রয়েছে অনলাইন জুয়া, সাইবার বুলিং এবং ফ্রড। আপনার নাম পরিষ্কার রাখতে এবং আইনি ঝামেলা এড়াতে পরবর্তী ২৪ ঘন্টার মধ্যে আপনার পরিচয় যাচাই করতে হবে। clear-name-urgent.ga লিংকে গিয়ে সম্পূর্ণ তথ্য দিন।",5
"আপনার সিভি পাস হয়েছে এবং আপনি বাড়ি থেকে আপনার মোবাইল ফোনের মাধ্যমে কাজ করতে পারবেন এবং প্রতিদিন ২,০০০ টাকা পাবেন। এখনই যোগ দিন: wa.me/ [PHONE]",5
"Dear Customer, 23-02-2020 tarikh e card XX diye Rs.8990 len-den hoyeche K Enterprice ds POS/ECOM theke. len-den number paoya jayni. jodi eti apnar dora na hoye thake, tobe registered mobile number theke [PHONE] e SMS preron korun.",8
Unknown transaction detected in your bank account. Click here for details: [ [URL],7
বিনামূল্যে ক্রিপ্টো পাওয়ার সুযোগ! এখানে ক্লিক করুন: [URL],2
"সোনালী ব্যাংক জানাচ্ছে, আপনার কার্ড ব্লক হয়ে যাবে যদি ১২ ঘণ্টার মধ্যে তথ্য আপডেট না করেন। ভিজিট করুন: [URL]",5
"100% guaranteed job opportunity abroad. No fee, just need your passport and educational qualifications. Contact: [PHONE]",1
Casino-তে bet করুন এবং একটি free house win করুন! আজই start করুন: [URL],4
Bangladesh Bank theke joruri barta. call korun: [PHONE],6
Apni 3 bhori sona jitechen! Bistrito jante kol korun: [PHONE],6
Your passport application rejected. Resubmit with 1500 TK fee: [URL],1
Fake scholarship: Apni Oxford University scholarship er jonno select hoyechen. Seat confirm korte 6000TK pay korte hobe. Deadline 24hr. Email details send korun [URL],8
"প্রিয় customer, suspicious transaction এর কারণে আপনার account temporarily বন্ধ করা হয়েছে।Bangladesh Bank এর policy অনুসারে সঠিক information এর basis এ পুনরায় activate করে দেওয়া হবে। একজন manager আপনাকে call দেবে ( .. )",3
"৮,০০০ টাকা বিনিয়োগে ২৪,০০০ টাকা পান! কল করুন: [PHONE]",9
You won 6 vori gold! Call for details: [PHONE],1
Shudhu mobile thakle apniyo parben mashe kompokkhe [PHONE] taka ay korte. Bistarito jante [PHONE],6
Please update your debit card immediately. Click here: [URL],7
You missed your credit card bill payment. Click here to pay: [URL],7
Call to verify your account [PHONE],1
Your bank account notifications are not being received. Please click here: [URL],7
Your property ownership documents forged. Authenticate with 22000 TK: [URL],1
Rocket system reminder: Apnar wallet limit exceed hoye geche. To unlock limit verification korte hobe. Please send apnar details [URL] e.,8
"BRAC Bank er emergency alert: Apnar account balance mismatch detected 50,000TK. Ei system error fix korte login korun: [URL] Delay hole apnar taka loss hote pare permanently.",8
"Daily ৫০০,৭০০,১০০০ টাকা income Emergency লোক লাগবে। কেউ করতে চাইলে আমাকে message দিন।",5
Video ba call-e kotha bolte chaile click korun [URL],6
মেধাবী students-দের জন্য scholarship facility ও experienced doctor-এর সাথে directly free consultation সহ বছরে ৳1900 health coverage-এর সাথে Health Plus-এর অন্যান্য benefit পেতে START RP লিখে send করুন 28477.,5
"Hello, my name is Aliye. Sorry to bother you. I am calling from the Human Resources Department of [URL] Can I take a few minutes of your time? 2:30 PM Our company is happy to offer you a part-time job that you can do in your free time, so we need to hire a large number of associate workers (no fee and no investment). This job is easy and flexible and will not interfere with your current job in any way. Later you can easily earn 300-1200 taka in just 5-10 minutes daily. Are you interested in this job?",1
সোনালী ব্যাংক অ্যাকাউন্টে ত্রুটি দেখা দিয়েছে। জরুরি ভিত্তিতে কল করুন: [PHONE],9
"জনতা ব্যাংক থেকে ২,০০০ টাকা পুরস্কার জিতেছেন! কল করুন: [PHONE]",9
Facebook নিরাপত্তা টিম থেকে বার্তা: আপনার একাউন্টে অস্বাভাবিক লগইন শনাক্ত হয়েছে। অ্যাকাউন্ট রক্ষা করতে এখনই [URL] এ যান এবং মোবাইল নাম্বার যাচাই করুন।,5
Apnar mobile balance recharge korte ekhane click korun: [URL],8
Get a chance for an exclusive interview with Shakib Al Hasan by betting. Click now: [URL],4
Bet on cricket today to win Shakib's signed bat! Click here: [URL],4
There's a problem with your account. Contact this number quickly [PHONE] .,1
"জনতা ব্যাংক থেকে ২,০০০ টাকা পুরস্কার জিতেছেন! বিস্তারিত জানতে এখানে ক্লিক করুন: [URL]",2
যারা free-তে income করতে চান শুধু তারা আমাদের telegram link-এ ঢুকে কাজ start করে দেন [URL],5
"Dear customer, আপনার City Bank credit card update দরকার। Please confirm your info 018XX নম্বরে call করুন।",3
Doya kore apnar cheler shomoshyar jonno taratari taka pathan.,6
"Ajei casino te baji dharun ebong 10,000 taka jetar shujog pan! Ekhoni jog din: [URL]",6
Congratulations! You have been selected for Dutch Bangla Bank scholarship. Click the link below to know the proper confirmation and money withdrawal rules.,1
জনতা ব্যাংক থেকে জরুরি বার্তা। বিস্তারিত জানতে এখানে ক্লিক করুন: [URL],2
Aarong is giving huge offer for Eid click করুন [URL],1
"15,000 টাকা investment-এ 45,000 টাকা achieve করুন! Call করুন: [PHONE]",3
Ramadan gift [URL] 43,1
"২০,০০০ TK investment-এ ৬০,০০০ TK পান! Call করুন: [PHONE]",3
Shakib er shathe free match ticket jitte cricket e baji dhoro! Shuru korun: [URL],6
আপনার ইমেল অ্যাকাউন্টে সমস্যা হয়েছে। সুরক্ষার জন্য এখানে ক্লিক করুন: [URL],2
"Dear student, Congratulations on passing your secondary exam. Today you are the future of Bangladesh, we await you. Comilla City College (EIIN:134648) Kotbari, Comilla Mobile: [PHONE]",1
"আপনি Grameenphone থেকে 5G router জেতার জন্য selected হয়েছেন। Your winning code হলো GPWIN456। To claim, এই site visit করুন: [URL]",5
"Invest TK 1,00,000 and get TK 3,00,000! Call: [PHONE]",1
"প্রিয় customer, আপনার internet service বন্ধ হতে চলেছে। পুনরায় চালু করতে এখানে click করুন: [URL]",2
"ভালোভাবে চেষ্টা করলে মাসে ৩০-৬০ হাজার টাকা ইনকাম করতে পারবেন ...!🥰কাজ করতে না চাইলে ও একবার আমাদের online class টা করুন, আসা করি ভালো লাগবে। শুধু telegram id লাগবে।",5
bKash account blocked হয়েছে। Reactivate করতে call করুন: [PHONE],3
আপনার Facebook ID যাচাই না হলে বন্ধ হয়ে যাবে। এখনই login করুন: [URL] এবং OTP নিশ্চিত করুন।,5
[URL] দিনে 200 থেকে 300 টাকা ইনকাম করতে চাইলে এই লিংকে ক্লিক করুন,5
"আপনার card ending in 6543 temporarily block করা হয়েছে due to unusual activity। Unblock করতে, please visit this link: [URL]",3
🔥Already Listed🔥 600k হলেই Withdraw ✅💸 600k = 7.8 usdt 😛 যারা যারা miss করেছেন এখনও chance আছে।Pepe🔥🔥 already listed withdraw হচ্ছে। দেরি না করে এখনি mining শুরু করে দিন 🔥 [URL],5
আপনার transaction security-র জন্য অবিলম্বে login করুন: [URL],5
আপনি ৭ ভরি সোনা জিতেছেন! বিস্তারিত জানতে কল করুন: [PHONE],9
রমজানের উপহার [URL],1
"প্রিয় customer, আপনার card-এর new PIN code generate করতে নিচের link-এ যান এবং previous all information provide করুন, অবশ্যই correct PIN codeটি share করবেন না। Link: [URL]",5
Bangladesh Bank account-e error দেখা দিয়েছে। Call করুন: [PHONE],3
"TK5,000 has been deposited in Nagad account. Click here for details: [URL]",7
Opportunity to double your savings! Call: [PHONE],1
"Dear customer, you have been selected for elderly allowance from Social Welfare Office. Click the link below and provide your information.",1
"সাইপ্রাস/ইউরোপে স্পট ভর্তি প্রতিনিধির উপস্থিতিতে (মিঃ পাম্বোস) 10-11 অক্টোবর, 100% ভিসার নিশ্চয়তা, ক্রেডিট ট্রান্সফার, টিউশন ফি 5000 ইউরো শুধুমাত্র, বিএসবি, ঢাকা যোগাযোগের নম্বর: [PHONE]",5
Apnar sonchoy digun korar sujog! Kol korun: [PHONE],8
Update your bank information. Click here: [URL],7
"Play football star and win 10,000 taka every week contact [URL]",4
যদি আপনার হাতে দিনের ১/২ ঘন্টা ফ্রি সময় থাকে তাহলে জানাবেন।আপনাকে কিছু প্রসেস দেখিয়ে দিবো আপনি সেখান থেকে ইনকাম করতে পারবেন। তাহলে এখনি Hi বলুন।.,5
"আপনি গ্রামীণফোন থেকে 5G router জেতার জন্য selected হয়েছেন। Your winning code হলো GPWIN123। To claim, এই site visit করুন: [URL]",5
আপনার car insurance renew করতে call করুন [PHONE],3
বাংলাদেশ ব্যাংক থেকে আপনার জন্য জরুরি বার্তা। কল করুন: [PHONE],9
আপনার টিএন্টি মোবাইল ব্যাংকিং একাউন্ট হ্যাক! তাড়াতাড়ি সুরক্ষিত করুন: secure-tnt.cf,5
"Priyo grahok, apnar mobile numberTi block kora hochhe. Eta erate 017XX number e call kore apnar porichoy nishchito korun.",8
"প্রিয় candidate, আপনি selected হয়েছে BRAC Bank PLC-এর জন্য Relationship Executive পদের জন্য preliminary interview। Mhadi Support Services Limited-এর job-এর অধীনে। Date-29 April (Monday), 2024। Time-2.00 PM। Salary-24000/- আপনাকে অবশ্যই একটি updated CV এবং SSC certificate-এর photocopy আনতে হবে। Address: Gulshan Grace, 8 South Gulshan Avenue, Level-5, 2nd Building। Gulshan-1, Dhaka। (Type: location পেতে Google Map-এ 'Mahadi Corporate Office') Best regards, Mahadi Support Services Limited।",5
"প্রিয় গ্রাহক, আপনার মোবাইল ব্যাংকিং তথ্য যাচাই করতে হবে। অন্যথায় একাউন্ট বন্ধ হবে। এখনই [URL] ভিজিট করুন।",5
Your mobile number selected for government survey. Win 200 TK: [URL] Code: SV7741,1
"DBBL কার্ড লেনদেন ব্যর্থ হয়েছে। পুনরায় সক্রিয় করতে [URL] এ লগইন করুন এবং কার্ড নম্বর, CVV ও OTP দিন। না করলে কার্ড ব্লক হবে।",5
"[URL] You can earn free income. Just enter for 1 minute and see, then there's no problem.",1
"আপনার বিকাশে ৭,৫০০ টাকা কেটে নেওয়া হয়েছে। যদি ভুল হয় তবে [URL] ভিজিট করুন।",5
আপনার mobile balance recharge করতে এখানে click করুন: [URL],2
Bangladesh Bank account update করতে call করুন: [PHONE],3
Learn about design and marketing for your business! Get professional advice and look towards business management. Contact for details click on this link: [URL],1
Bangladesh Bank থেকে urgent message. Details জানতে এখানে click করুন: [URL],2
আপনার account secure নয়। ৪০০০ টাকা send করুন এই number-এ: [PHONE] ।,3
Your mobile banking PIN compromised! Reset immediately: [URL],1
"আপনার son problem-এ আছে, তাই দ্রুত টাকা পাঠান।",5
➡️আপনি কি online এ কাজ করতে চান?? Our project name: Forgsec.io 🆓 আমরা Telegram এ live class এর মাধ্যমে free 1/2 টা class করিয়ে সম্পূর্ণ কাজ শেখাবো ✅✅ 🔜 সাইটে daily income এবং monthly salary এর সুবিধা আছে ☑️☑️ প্রমাণ নিয়ে 100% real কাজ করবেন ✅,5
আপনার payment-টি process করতে আমাদের আপনার info প্রয়োজন। এখানে click করুন: [URL],2
Krishok der jonno sorkar dicche panchas hajar taka porjonto bhortuki. Bhortuki pete akhonii jogajog korun [PHONE],6
"বিপিএল বাজি ধরুন এবং ১০,০০০ টাকা ক্যাশব্যাক জিতুন। শুরু করুন: [URL]",0
URGENT: আপনার BRAC Bank account block হতে চলেছে। Verify করতে এখনই click করুন [URL] before any fund loss,3
আপনার সোনালী ব্যাংক অ্যাকাউন্ট ব্লক হওয়ার পথে। এটি চালু রাখতে সাথে সাথে [PHONE] নম্বরে কল দিন এবং OTP নিশ্চিত করুন।,5
"Smartphone জেতার amazing offer! Simple কিছু question এর answer দিয়ে win করুন ১৪,৯৯৯ TK এর attractive smartphone Oppo A17 মাত্র ২.৭৮TK/day, Dial *213*664#",1
Customs duty 12000 TK for your international shipment. Pay: [URL] Tracking: CS8847493,1
ভয়ংকর সংবাদ! আপনার জাতীয় পরিচয়পত্র (NID) ব্যবহার করে কেউ আপনার নামে একটি ক্রেডিট কার্ডের জন্য আবেদন করেছে এবং ইতিমধ্যে ৩ লক্ষ টাকার লিমিট অনুমোদিত হয়ে গেছে। এই জালিয়াতি প্রতিরোধ করার জন্য আপনাকে অবিলম্বে আপনার NID তথ্য যাচাই করতে হবে। জরুরি ভিত্তিতে verify-nid-emergency.ml লিংকে গিয়ে আপনার সম্পূর্ণ তথ্য দিন নতুবা আইনগত জটিলতায় পড়তে পারেন।,5
jonta bank account block hoyeche. punoray chalute call korun: [PHONE],8
"আপনার card ending in 8765 temporarily block করা হয়েছে due to unusual activity। Unblock করতে, please visit this link: [URL]",3
[URL] Dine 200 theke 300 taka income korte chaile ei link-e click korun,6
To reactivate your SIM card call [PHONE],1
"১,০০,০০০ টাকা বিনিয়োগে ২,০০,০০০ টাকা পান! কল করুন: [PHONE]",9
"European championship e baji dhorun ar 5,000 taka cashback jitun. Shuru korun: [URL]",6
Sonali Bank থেকে warning: আপনার account এ unauthorized login detect হয়েছে। Verify করুন [URL],3
Nagad account block হয়েছে। Again চালু করতে এখানে click করুন: [URL],2
"সোনালী ব্যাংক থেকে ১,০০০ টাকা পুরস্কার জিতেছেন! বিস্তারিত জানতে কল করুন: [PHONE]",9
Hospital emergency bill 68000 TK for accident treatment. Pay immediately: [URL],1
An urgent message has come from Bangladesh Bank. Call: [PHONE],1
Prime Bank থেকে urgent notification: account block হতে পারে। Visit [URL],3
Nagad account এ TK5000 জমা হয়েছে। Click here for details: [URL],7
মাশরাফির সাথে একান্ত সাক্ষাতের সুযোগ পেতে বিপিএলে বাজি ধরুন। এখনই শুরু করুন: [URL],0
অভিনন্দন! আপনি লটারিতে ৫ লক্ষ টাকা জিতেছেন। পুরস্কার নিতে এখনই কল করুন: [PHONE],9
"Apnar shamprotik Amazon kenar jonno apnake dhonnobad. Apnake $180.34 charge kora hoyeche. Jodi kono vul hoye thake, onugroho kore call korun (407)438-4356",8
Mashrafi-র signed bat জিততে casino-তে bet করুন। এখনই join করুন: [URL],4
"Hello, amar nam ALIYE. Apnake birokkho korar jonno dukkhoito. Ami [URL] er manushshompod bibhag. Ami ki apnar koyek minute somoy nite pari? Dupur adhaita amader company apnake ekta khondokaloin chakri prodan korte pare khushi je apni apnar obosher somoye korte paren, tai amader prochur shongkhok shobayok kormi niyog korte hobe (kono fee ebong binimoy nei). Ei kaj ti sohoj ebong nomanoshiyo ebong apnar bortoman chakrite hostokshep korbe na. Pare apni dine matro 5-10 minute e sohojei 300-1200TK uparjon korte parben. Apni ki ei chakrite agrohi?",6
বিপিএল বাজি ধরুন এবং একটি ফ্রি ঘড়ি জিতুন। এখনই ক্লিক করুন: [URL],0
BRAC Bank emergency alert: Apnar balance duplicate transaction er jonne at risk. Please verify ekhuni [URL] Delay hole apnar taka automatic transfer hoye jabe.,8
"[URL] Free income korte chaile click korun,🤞",6
মাশরাফির সাথে একান্ত সাক্ষাতের সুযোগ পেতে বিপিএলে বাজি ধরুন। এখনই ক্লিক করুন: [URL],0
আয় করুন [URL],5
Bank Asia urgent notice: Complete KYC or account suspended. Link: [URL],1
1 টা স্টরি লিখে দিলে 40 টাকা 2 টা স্টরি 80 টাকা 5 টা লিখলে 200 টাকা ডেইলি ৬-৭ টা পিক দেওয়া হবে সেটা দেখে দেখে লিখতে হবে শুধু। 😊 কাজ করার সাথে সাথেই পেমেন্ট পাবেন ইনশাআল্লাহ এড ফি ৫০ টাকা ✅,5
[URL] একটা refer করলে 200 টাকা 25টা refer করলেই money তুলতে পারবেন তো আর delay না করে এখনি Telegram-এ গিয়ে start করা দেন সবাই😊🫶,5
"50,000 টাকা investment-এ 1,50,000 টাকা earn করুন! Call করুন: [PHONE]",3
Bank ATM card cloned. Block immediately or lose money: [URL] Amount at risk: 125000 TK,1
Shakib er soi kora ball jitte cricket e baji din! Click korun: xini.eu/00Qe,6
Bangladesh Bank account e shomoshya hoyeche. Call korun: [PHONE],8
"PLC,LIMITED. প্রিয় applicant, congratulations! আপনার CV select হয়েছে। Position এর name - Customer Service/Unit Manager (Dev..) (Part Time / Full Time)। যদি আপনি job এ interested হন তবে অবশ্যই CV এবং passport size এর ৪ copy picture নিয়ে আসতে হবে। Job location - আপনি Dhaka city এর any branch office select করতে পারবেন। Interview date - ১৪ November ২০২৩ (১০.০০am - ০৪.০০pm) Contact address - ১৬৬, Dilkhusha, Motijheel, Dhaka ১০০০। Details জানার জন্য call করুন: [PHONE]",5
Apni ekta global lottery te 1 crore TK win korechen. Collect korte processing fee joma korun 4500TK e-wallet number [PHONE] e. Delay hole prize expire hobe.,8
Your number has won a prize. Call for details [PHONE],1
Janata Bank account update করতে এখানে click করুন: [ [URL],2
"দুঃখিত, আমি ভুল করে আপনাকে একটি 6 digit-এর OTP পাঠিয়ে দিয়েছি। আপনি আমাকে OTP-টা forward করতে পারবেন? এখনই দরকার",5
ক্যাসিনোতে বাজি ধরুন এবং একটি ফ্রি আইফোন জিতুন! শুরু করুন: [URL],0
"[URL] Home-based income, if you want to earn 300 to 400 taka daily Click this link and start, thank you ☺️☺️",1
Apnar shonchoy digun korun! Ekhoni call korun: [PHONE],8
বাংলাদেশ bank থেকে আপনার জন্য urgent message। call করুন: [PHONE],3
You have won a free 3-day stay at Royal Tulip Sea Pearl Resort. Call 017XX to confirm.,1
Ekti click-e bistarito janun kibhabe income korte hoy! Ghore boshe mobile theke taka income korun: [URL],6
Shakib Al Hasan এর সাথে exclusive interview এর সুযোগ পেতে betting করুন। এখনই click করুন: [URL],5
Apnar kache Amazon theke $200 nagod mulyo royechhe 2 diner modhhe mayad shesh hobe. Amra apnake $500 porjonto paona dite pari. Ekta samprekkho shiddhant er karone gat borsho amra apnake onek beshi charge korte perechhi. Apnar swayongkriyo sonchoy prostut.,8
"To reactivate your bKash account, click here: [URL]",7
আপনি lottery জিতেছেন! Claim করতে code 78291 ব্যবহার করুন এখনই: [URL],5
Win signed gloves by Mashrafe by betting at the casino. Start now: xini.eu/00Qe,4
Bet at casino and win a free trip for 7 days! Join today: [URL],4
"sonali bank accounte 10,000 Taka joma hoyeche. bistrito jante ekhane click korun: [URL]",6
"প্রিয় প্রার্থী, আপনি বাছাই করা হয়েছে ব্র্যাক ব্যাংক পিএলসি-এর জন্য রিলেশনশিপ এক্সিকিউটিভ"" পদের জন্য প্রাথমিক সাক্ষাৎকার। Mhadi সাপোর্ট সার্ভিসেস লিমিটেডের চাকরির অধীনে। তারিখ-২৯ এপ্রিল (সোমবার), 2024। সময়-2.00 PM। বেতন-24000/- আপনাকে অবশ্যই একটি আপডেট করা CV এবং SSC সার্টিফিকেটের ফটোকপি আনতে হবে। ঠিকানা: গুলশান গ্রেস, 8 সাউথ গুলশান এভিনিউ, লেভেল-5, ২য় বিল্ডিং। গুলশান-১, ঢাকা। (প্রকার: অবস্থান পেতে গুগল ম্যাপে ""মাহাদি কর্পোরেট অফিস"") শুভেচ্ছা, মাহাদি সাপোর্ট সার্ভিসেস লিমিটেড।",5
We need your information to process your payment. Click here: [URL],7
Your email account needs to be updated. Log in here: [URL],1
Ghore bose mobile theke TK income korun! Ekta click-e bistarioto janun: [URL],6
"Dear countrymen! (COVID-19) TK2,500 government assistance will be given for coronavirus. Contact the number below to receive money:- [PHONE]",1
Update your Facebook profile. Click here: [URL],7
URGENT: আপনার Nagad account temporary block হয়েছে। Reactivate করতে এখনই click করুন [URL] before ২৪ hours expire,3
আপনার পাসওয়ার্ডটি অবিলম্বে রিসেট করুন। এখানে ক্লিক করুন: [URL],2
ইংলিশ প্রিমিয়ার লিগে বাজি ধরুন এবং ১ কোটি টাকা জিতুন। শুরু করুন: [URL],0
সোনালী ব্যাংক অ্যাকাউন্টে সমস্যা হয়েছে। কল করুন: [PHONE],9
Apnar shonchoy diguon korar sujog! Call korun: [PHONE],8
"বিলম্বে আপনার টাকা পাবেন না, দ্রুত call করুন: [PHONE]",3
Unknown transaction occurred from your bank account. Call for details [PHONE],1
Traffic violation camera captured your car. Pay fine 6800 TK online: [URL] Violation: CAM7429,1
Bangladesh Bank account blocked. Click here to reactivate: [URL],7
Apni amader bhagyoban grahok! Apnar binamulyer 1 bochorer internet subscription dabi korun. Call korun 019XX.,8
[URL] যারা ফ্রি ইনকাম করতে চান তাড়া এই রেফার এর মাধ্যমে করতে পারেন✅,5
আপনার payment টি process করতে আমাদের আপনার information প্রয়োজন। এখানে click করুন: [URL],2
"Hot wallet token has given 1 token $5.00. Those who want to earn more in less time, join now Link: [URL]",1
"English Premier League e baji dhorun ebong 50,000 taka jitun. Shuru korun: [URL]",6
Apnar gari r insurance nobayon korte kol korun [PHONE],8
Apnar credit card-er niraptota nishchito korte ekhane click korun: [URL],8
"Court summons issued for unpaid loan. Avoid arrest, settle 85000 TK: [URL]",1
[URL] একটা রেফার করলে 200 টাকা 25 টা রেফার করলেই টাকা তুলতে পারবেন তো আর দেরি না করে এখনি টেলিগ্রাম এ গিয়ে start কইরা দেন সবাই😊🫶,5
লটারি বিজয়ী! আপনি ১৫ লক্ষ টাকা জিতেছেন। কালেক্ট: collect-prize.ga,5
আপনার সোনালী ব্যাংক কার্ডের তথ্য যাচাই না করলে ব্লক হবে। যাচাই করতে [URL] ভিজিট করুন।,5
আপনার BKash account এ unusual transaction detect হয়েছে। Immediate verify করুন [URL],3
[URL] Free abaro ashlo apnader majhe notun ekta income bot jeta proti refer e dichhe 75 taka kore tai ar deri na kore kaje lege porun ☺️🫰,6
আপনার ক্রেডিট কার্ড সাময়িকভাবে লক করা হয়েছে। কার্ড সার্ভিস লাইন কল করুন. (786) 319- 4482,9
"URGENT: আপনার BRAC Bank account এ ২০,০০০ TK unauthorized withdrawal detect হয়েছে। Verify করতে click করুন [URL] এবং OTP 4532 submit করুন।",3
Earn money [URL],1
"bKash অ্যাকাউন্টে ৫,০০০ টাকা জমা হয়েছে। বিস্তারিত জানতে কল করুন: [PHONE]",9
আপনি recent prize জিতেছেন! Claim now at [URL],3
Bangladesh Bank থেকে urgent message। বিস্তারিত জানতে এখানে click করুন: [URL],2
Bet on BPL and win a free vacation for 7 days. Click: [URL],4
ALERT: Suspicious activity on your Rocket account. Verify now: [URL] Code: RK7732,1
"NGO relief fund notice: Apnar NID selected hoyeche 15,000TK flood grant er jonno. OTP confirm korte ekhuni call korun [PHONE] . Na korle grant cancel hobe.",8
sonali bank account e truTi dekha diyechhe. joruri bhitore bistarito jante ekhane click korun: [URL],6
"Bet on the European Championship and win TK 5,000 cashback. Start: [URL]",4
"⏩Notun website [PROFITSHOP24] ▶️Registration fee 15 taka ▶️Registration link: inbox. 🌟 Kaj holo: YouTube e video dekha,,othoba Facebook e ekta Page follow diye apni 1-3 taka income korte parben।🔥😱 👉Matro 35 taka holei withdraw dite parben 👈",6
Apnar bank account theke ojana transaction hoyeche. Bistarito jante call korun [PHONE],8
Protidin 500-700 taka income korun! Flexiload sim bybohar kore ghore boshe. Bistarito jante inbox korun.,6
"প্রিয় ব্যবহারকারী, আপনি কি বাস ভাড়া নিয়ে চিন্তিত, এই ঈদে সস্তায় বাসের টিকেট পেতে এখনই নিচের লিঙ্কে ক্লিক করুন।",5
Call [PHONE] to update your account information,1
গুরুত্বপূর্ণ: আপনার হেলথ কার্ড এক্সপায়ার। নবায়ন করুন: health-card.ga,5
URGENT: আপনার bKash account temporary block হয়েছে। Reactivate করতে click করুন [URL] এবং OTP code 4521 submit করুন।,3
Mashrafeer sathe free dinner korar sujog pete casino-te baji dhorun. Shuru korun: [URL],6
Your mobile tower shows radiation violation. Health clearance fee 2800 TK: [URL],1
Your Uber driver license suspended! Verify documents: [URL],1
"আপনার বিকাশ account এ TK10,000 পর্যন্ত instant loan পান। কোন document প্রয়োজন নেই। শুধু 018xx এ call করুন এবং আপনার বিকাশ PIN দিন।",3
Update your bank card immediately. Click here: [URL],7
মাশরাফির সাথে dinner করার সুযোগ পেতে casino-তে বাজি ধরুন। click করুন: [URL],0
"University of Sydney scholarship award. Apnar naam shortlist hoyeche, kintu seat confirm korte 5000TK pay korte hobe bkash [PHONE] te. Delay hole seat cancel hobe.",8
Problem occurred with Sonali Bank account. Call: [PHONE],1
Win a cricket bat signed by Shakib! Place bets on cricket! Click: xini.eu/00Qe,4
"Customs duty notice! Foreign parcel held, pay 3000TK clearance fee.",1
Your bKash account has been blocked. Call to reactivate: [PHONE],1
"আপনার জমি বিক্রির টাকা জমা হয়েছে, কল করুন: [PHONE]",9
"To increase credit card limit, click here: [URL]",7
বাংলাদেশ ব্যাংক অ্যাকাউন্টে ত্রুটি দেখা দিয়েছে। কল করুন: [PHONE],9
নেটওয়ার্ক মার্কেটিং করে প্রতিদিন ৫০০ থেকে ৫০০০ টাকা 💸 ইনকাম করতে চান? কিভাবে মার্কেটিং করবেন আমি শিখিয়ে দিব ফ্রিতে কোন টাকা লাগবে না আগে কাজ দেখবেন প্রমাণ দেখবেন ভালো লাগলে কাজ করবেন কেউ কাজ করতে চাইলে ইনবক্স করুন ❤️‍🩹,5
আপনার ব্যাংক অ্যাকাউন্টের নিরাপত্তার জন্য লগইন করুন: [URL],5
"প্রিয় গ্রাহক, আপনার ক্রেডিট কার্ডে ১,২০,০০০ টাকা চার্জ হয়েছে। বাতিল করতে এখনই [PHONE] নাম্বারে কল দিন এবং OTP নিশ্চিত করুন।",5
মাসে ২০ থেকে ৩০ হাজার ইনকাম করতে পারবেন 🌺 যোগাযোগ নাম্বার [PHONE] 💢,5
"1,00,000 টাকা investment-এ 3,00,000 টাকা পান! Call করুন: [PHONE]",3
নগদ অ্যাকাউন্টে ত্রুটি দেখা দিয়েছে। কল করুন: [PHONE],9
Earn TK 500–700 daily with a new SIM! Inbox for details.,1
ইমার্জেন্সি: আপনার DBBL মোবাইল ব্যাংকিং একাউন্ট সাসপেন্ড। PIN রিসেট করুন: bit.ly/reset-pin,5
বাংলাদেশ ব্যাংক থেকে জরুরি বার্তা। কল করুন: [PHONE],9
Your Islamic Bank account shows unusual activity. Verify: [URL] immediately,1
Bet at the casino and win a free iPhone! Join: [URL],4
আপনার password-টি reset করতে হবে। এখানে click করুন: [URL],2
Urgent message from Bangladesh Bank. Call: [PHONE],1
আপনার savings double করার opportunity! Call করুন: [PHONE],3
Your property ownership disputed. Legal fee 42183 TK: [URL],1
Congratulations! You have won $1000 Amazon gift card. Click the link below to claim. bit.ly/45673,1
Change your password immediately. Click here: [URL],7
"On the occasion of Eid, BRAC Bank is giving 1000 taka bonus to everyone's bKash account. I just put my number on bKash website and took the money. If you haven't received it yet, enter the link below, give your bKash number and you will immediately get 1000 taka. Link: [URL]",1
Apnar email account e shomoshya hoyeche. Shurokhar jonno ekhane click korun: [URL],8
Obhinondon! Apni Dutch Bangla Bank upobriththir jonno nirbachito hoyechen. Shothikbhabe nishchayon ebong takao uttholon er niyom jante nicher link e click korun.,6
"Bet at the casino today and get a chance to win 10,000 taka! Join now: [URL]",4
Update your Sonali Bank account here: [URL],7
Call to recharge your mobile: [PHONE],1
"Spot admission in Cyprus/Europe in presence of representative (Mr. Pambos) 10-11 October, 100% visa guarantee, credit transfer, tuition fee only 5000 euros, BSB, Dhaka contact number: [PHONE]",1
Chance to win iPhone 15! Play quiz and win now. Click: [URL],4
Fake medical alert: Apnar blood report abnormal detect hoyeche. Doctor consult korte ekhuni apnar NID and DOB send korun [URL] Na korle appointment cancel hobe.,8
Delivery agent bolchi: Apnar parcel customs e atke geche for tax clearance. Please pay 2500TK Nagad number [PHONE] te akhoni. Payment chara parcel release hobe na.,1
"আপনার bank account-এ 50,000 টাকা deposit হয়েছে! Confirm করতে call করুন: [PHONE]",3
আপনি ৪ ভরি gold জিতেছেন! বিস্তারিত জানতে call করুন: [PHONE],3
[URL] দিনে ২০০-৩০০ টাকা ইনকাম করা খুবই সহজ,5
আপনার basic residency এর মধ্যে Cambridge University application fee free! পড়ার dream পূরণ করতে আজই contact করুন - [PHONE],5
"Invest TK100,000 and get TK200,000! Call: [PHONE]",1
Apnar number ta puroshkar jiteche. Bishtar janate call korun [PHONE],8
গ্রামীণফোন অ্যাপ লগইন ব্যর্থ হয়েছে। এখনই [URL] এ লগইন করে আপনার পাসওয়ার্ড রিসেট করুন। অন্যথায় ২৪ ঘণ্টার মধ্যে অ্যাকাউন্ট সাসপেন্ড হবে।,5
Your DBBL account has been compromised. Verify immediately: bit.ly/dbbl-secure or call [PHONE],1
Islami Bank Bangladesh dicche Eid upolokkhe gift voucher o bishal offer bistarito nicher link-e [URL],1
ফুটবলে বাজি ধরুন এবং একটি বিলাসবহুল গাড়ি জিতুন! শুরু করুন: xini.eu/00Qe,0
আপনার ব্যাংক অ্যাকাউন্টে ১০ কোটি টাকা জমা হয়েছে! নিশ্চিত করতে কল করুন: [PHONE],9
Earn TK500-700 daily! Using Flexiload SIM from home. Inbox for details.,1
ঘরে বসে income করতে হলে আপনার হাতে থাকা used simটিকে flexiload sim বানিয়ে নিন আর online-এ offline-এ দুভাবে offer sell করে প্রতিদিন ৫০০ থেকে ৭০০ টাকা income করুন অনায়াসে যদি আপনার used sim থেকে flexiload sim বানাতে চান তাহলে inbox করুন thanks,5
সর্তকতা! আপনার চাকরির সার্টিফিকেট ভেরিফাই করুন: verify-job.ml,5
Your Eastern Bank savings account frozen due to suspicious activity. Unfreeze with fee 27139 TK: [URL],1
বাড়িতে বসে অনলাইনে কেউ ইনকাম করতে চাইলে আমাকে ইনবক্স করুন। প্রতিদিন ২০০ থেকে ৫০০ টাকা।,5
Your identity needs to be verified. Click here: [URL],7
জরুরি সতর্কতা! আপনার ইউটিলিটি বিল অপরিশোধিত। কানেকশন বিচ্ছিন্ন হবে: pay-utility.ml,5
Rocket account verification er jonne apnar NID number pathan ei email e: [URL],8
"Shuborn shujog! Ghore boshe data entry kore protidin 1000-2000 taka ay korun. Registration fee matro 100 taka. Naam, boyosh, shohor, jatiyo porichoyopotro number shoho jogajog whatsapp [PHONE]",6
"Apnar CV pass hoyeche ebong apni bari theke apnar mobile phone-er madhyome kaj korte parben ebong protidin 2,000 taka paben. Ekhoni jog din: wa.me/ [PHONE]",6
IFIC Bank alert: Apnar credit card suspicious activity detect hoyeche. Account protect korte login korun ekhuni: [URL] Failure hole apnar card deactivate hoye jabe ar taka withdraw hoye jabe.,8
"You won a 5,000 TK prize from Janata Bank! Click here for details: [URL]",7
bKash অ্যাকাউন্টে ত্রুটি দেখা দিয়েছে। দ্রুত সমাধানের জন্য এখানে ক্লিক করুন: [URL],2
Earn money from mobile at home! Click once to know details: [URL],1
"City Bank: Apni lottery te 10,00,000 TK jitachen. Claim korte OTP din: 54231",6
Apnar mobile banking account update korte call korun [PHONE],8
"আপনি Grameenphone থেকে 5G router জেতার জন্য selected হয়েছেন। Your winning code হলো GPWIN345। To claim, এই site visit করুন: [URL]",5
"সোনালী ব্যাংক থেকে বার্তা: আপনার অ্যাকাউন্টে ১,০০,০০০ টাকার লেনদেন চেষ্টা ব্যর্থ হয়েছে। নিরাপত্তার জন্য এখনই [URL] এ গিয়ে আপনার পাসওয়ার্ড আপডেট করুন। দেরি করবেন না।",5
Apni 6 bhori sona jitechen! Bistrito jante kol korun: [PHONE],6
Nagad account block হয়েছে। পুনরায় চালু করতে এখানে click করুন: [URL],2
"Priyo beboharkari, Samajsheba Office theke apnar remittance account shamoiikbhabe sthogito kora hoyeche. Pin shoho account ti din ja punoray protikriyar jonno dewa hoyeche. Pin:23456",8
Government tax amnesty program! Register with 100TK or face penalty.,1
ekTi notun bike jetar sujog! amader joroge ongshogrohon korun [URL],6
"Dear user, you have won a free concert ticket. Reply 'CONCERT' to this message.",1
Daily 200-300 TK income এর easy way! Click here: [URL],7
Error detected in Nagad account. Call: [PHONE],1
Assalamualaikum! আপনি কি বাড়িতে বসে কোন টাকা investment না করে টাকা income করতে চান? তাহলে আমাদের bot-এ কাজ করুন। আমাদের bot-এ আপনি কোন investment ছাড়া income করতে পারবেন Bot Link :- [URL],5
"Dear Customer, ২৩-০২-২০২০ তারিখে card XX দিয়ে Rs.8990 transaction হয়েছে K Enterprice ds POS/ECOM থেকে। Transaction নম্বর পাওয়া যায়নি। যদি এটা আপনার না হয়, তবে registered mobile থেকে [PHONE] এ SMS করুন।",5
আইপিএল স্পেশাল অফার! আজই বেটিং শুরু করুন এবং একটি ফ্রি স্মার্টফোন জিতুন: [URL],0
Flash sale! Get up to 70% off on Daraz for the next 24 hours. Click here to claim your discount: [URL],7
"ইউরোপীয় চ্যাম্পিয়নশিপে বাজি ধরুন এবং ৫,০০০ টাকা ক্যাশব্যাক জিতুন। শুরু করুন: [URL]",0
"Dear customer, your City Bank credit card needs to be updated. Please call 018XX to confirm your details.",1
আপনার একাউন্টের তথ্য আপডেট করতে কল করুন [PHONE],9
"Apnar jomi bikrir taka joma hoyeche, call korun: [PHONE]",8
apnar bank account er nirapottar jonno login korun: [URL],8
Medical emergency fund! Contribute 2000TK for cancer patient treatment.,1
"আজই ফুটবলে বাজি ধরুন এবং ৫,০০০ টাকা জিতুন! এখনই ক্লিক করুন: xini.eu/00Qe",0
Janata Bank account update করতে এখানে click করুন: [URL],2
ক্যাসিনোতে বেট করুন এবং একটি ফ্রি হোটেল বুকিং জিতুন! আজই ক্লিক করুন: [URL],0
Bangladesh Bank notice: Apnar NID er details mismatch hoyeche banking system e. Please update now at [URL] Na korle sob account freeze hobe.,8
Error detected in Nagad account. Call: [PHONE],1
bKash account-এ error দেখা দিয়েছে। দ্রুত solution-এর জন্য এখানে click করুন: [URL],2
Police verification incomplete! Complete process or face arrest within 48 hours.,1
Sonali Bank alert! Apnar card e unauthorized use detect kora hoyeche. Call korun immediately [PHONE],8
"বেকার যুবক, যুবতী, গৃহিণী, রিটায়ার্ড ব্যক্তিদের জন্য ঘরে বসে অনলাইনে স্বল্প সময়ে প্রচুর টাকা উপার্জন করার সুবর্ণ সুযোগ",5
Login here to secure your account: [URL],7
English Premier League e baji dhorun ar 1 koti taka jitun. Shuru korun: [URL],6
আপনার বিকাশ অ্যাকাউন্ট থেকে টাকা উত্তোলনের অনুরোধ এসেছে। যদি আপনি না করেন তবে সাথে সাথে cancel করুন: [URL],5
Bet at casino today and win a free trip! Join: [URL],4
"""Priyo grahok, apnar internet porisheba bondho hote cholechhe. Punoray chalu korte ekhane click korun: [URL]",8
"ইংলিশ প্রিমিয়ার লিগে বাজি ধরুন এবং ৫০,০০০ টাকা জিতুন। শুরু করুন: [URL]",0
"আজই ক্যাসিনোতে বাজি ধরুন এবং ১০,০০০ টাকা জেতার সুযোগ পান! এখনই যোগ দিন: [URL]",0
লাকি ড্র! আপনি Honda বাইক জিতেছেন। রেজিস্ট্রেশন: honda-bike.tk,5
URGENT: Your bKash account has been temporarily suspended. Verify immediately at: bit.ly/bkash-verify or call [PHONE],1
Bet on IPL today to get a chance to spend a day with Shakib. Start now: [URL],4
"bKash account e 10,000 taka joma hoyeche. Bistareet jante ekhane click korun: [URL]",6
আপনার mobile number verify করতে এখানে click করুন: [URL],2
"Obhinondon! Apni 50,000 taka nogod puroskar jitechen. Apnar puroskar dabi korte 018XX number e call korun.",6
"50,000 taka biniyog-e 1,00,000 taka pan! Call korun: [PHONE]",6
"priyo grahok, 8990 Taka. K Enterprice ds POS/ECOM.Txn# e 23-02-2020 tarikhe XX karde txn kora hoyeche. Apnar dwara kora hoyni, nibondhito mobile NB theke ei SMS ti forward korun. [PHONE]",8
আপনার কর রিটার্ন পেন্ডিং। জরিমানা এড়ান: file-return.tk,5
Chance to win a Samsung Galaxy phone! Reply 'GALAXY' to this message.,1
Shakib এর sign করা gloves জিততে IPL এ bet ধরুন। এখনই click করুন: [URL],0
শুধু mobile থাকলে আপনিও পারবেন মাসে কমপক্ষে [PHONE] টাকা earn করতে। বিস্তারিত জানতে [PHONE],5
Janata Bank account-এর information update করুন। বিস্তারিত জানতে এখানে click করুন: [URL],2
Apnar hate jodi daily 3-4 ghonta shomoy free thake tahole janaben. asha kori khub bhalo ekta kajer shondhan dite parbo. inbox koren,6
আপনার অ্যাকাউন্ট সুরক্ষার জন্য এখানে লগইন করুন: [URL],5
"সতর্কতা! আপনার Nagad account এ unauthorized login attempt হয়েছে। যদি এটা আপনার কাজ না হয়, reset করুন password এখনই [URL]",3
আপনার Nagad account suspend হতে পারে। Confirm now [URL],3
Welcome to মেঘের রঙ! চলুন আপনার home সাজিয়ে নেই easy installment-e. Online order দিন এবং maybe এই month-এর মধ্যে পাওয়ার chance নিন - [PHONE],5
"প্রিয় গ্রাহক, আপনার সিটি ব্যাংক ক্রেডিট কার্ড আপডেট করা প্রয়োজন। দয়া করে আপনার তথ্য নিশ্চিত করতে 018XX নম্বরে কল করুন।",5
Bank audit found irregularities in your account. Clear audit 15500 TK: [URL] Account: AU8832,1
Bet at casino and win a free car! Join today: [URL],4
"If you want, you can earn income online from home using your mobile, both part-time and full-time. From where you can easily earn 1000 to 2000 taka per day. For details contact this number [PHONE]",1
"Ghore boshe mobile er maddhome online e kaj kore income korun। #🎯 Mashik income: 200-300taka.(barti ayer sujog ache,,free income o ache)। Shathe mashik beton ache",6
সতর্কতা! Robi number ০১৮XX unauthorized call detect হয়েছে। Check now at [URL] এবং reference 4829 submit করুন,3
Apnar credit card block kora hoyeche. Punoray chalito korte ekhane click korun: [URL],8
Electricity board: Apnar prepaid meter e overcharge detect hoyeche. Refund pete ekhuni apnar card info submit korun [URL] Delay hole refund expire hobe.,8
"If you have 3-4 hours free daily, then let me know. I hope I can give you a very good job opportunity. [URL]",1
Apple iPhone 18 জিতেছেন! Delivery confirm করতে call করুন: [PHONE],3
"TK5,000 has been deposited into your bKash account. For details, call: [PHONE]",1
আপনার driving license update করতে call করুন [PHONE],3
"PLC,LIMITED. Dear applicant, congratulations! Your CV has been selected. Position name - Customer Service/Unit Manager (Dev..) (Part Time / Full Time). If you are interested in the job, you must bring CV and 4 copies of passport size photos. Work location - You can choose any branch office in Dhaka city. Interview date - November 14, 2023 (10.00am - 04.00pm) Contact address - 166, Dilkusha, Motijheel, Dhaka 1000. Call for details: [PHONE]",1
"hai priyo, apni bari theke kaj kore protidin 2000 Taka uparjon korte paren. Ei kajti grohon korte, click korun: [URL]",6
Upobrittir 4200 taka jonno jogajog korun: [PHONE] Shikkha board,6
Your land ownership disputed. Legal fee 28376 TK: [URL],1
"প্রাপ্ত পরিমাণ 2.221 বিটকয়েন BTC ($18,421 USD) অনুগ্রহ করে লেনদেন নিশ্চিত করুন: [URL]",5
Ads dekhe daily 200-300 tk income korte chaile join korun [URL] 100% trusted site Free te kaj korte paben,6
Bangladesh Bank account-e truti dekha diyeche. Call korun: [PHONE],6
"◆ If qualified, you can earn online by teaching. Contact User- [PHONE] .",1
bKash account-এ error দেখা দিয়েছে। Quick solution-এর জন্য call করুন: [PHONE],3
বাংলাদেশ ব্যাংক অ্যাকাউন্ট আপডেট করতে কল করুন: [PHONE],9
Apnar email bakshTi purno. Clear korte ekhane click korun: [URL],8
Call to recharge your mobile: [PHONE],1
"Apnar mobile number ta 10,000 taka lottery jiteche! Bistarito jante call korun [PHONE]",6
কাজ করতে চাইলে ইনবক্স ১০০ টাকা নিচে কোন প্রোডাক্ট সেল দিলে ২৫ টাকা কমিশন পাবেন ১০০ থেকে ১০০০ টাকার মধ্যে কোন প্রোডাক্ট সেল দিলে ৫০ টাকা আর ১০০০ টাকা থেকে দুই হাজার টাকার মধ্যে দিল ১০০ টাকা কমিশন পাবেন,5
"১০০% guarantee সহ Malaysian, European, America, Canada visa পেতে আজই contact করুন [PHONE] , advance fee লাগবে না।",5
একটি নতুন বাইক জেতার সুযোগ! আমাদের জরিপে অংশগ্রহণ করুন [URL],5
ক্যাসিনোতে বাজি ধরুন এবং একটি ফ্রি আইফোন জিতুন! যোগ দিন: [URL],0
বাংলাদেশ ব্যাংক থেকে জরুরি বার্তা। কল করুন: [PHONE],9
Log in immediately to secure your transaction: [URL],1
মাশরাফির সাথে একান্ত সাক্ষাতের সুযোগ পেতে বিপিএলে বাজি ধরুন। যোগ দিন: [URL],0
"আপনার DBBL account থেকে ৳60,000 withdrawal detect করা হয়েছে। This is a fraudulent activity. To cancel, call করুন 16216 নম্বরে immediately।",3
Court order: Property seizure notice. Pay 95000 TK to stop: [URL] Case: CP4829,1
Your job application has been approved and daily salary is 3000 taka. Contact information: [URL],1
Casino-তে bet করুন এবং 100% bonus জিতুন! এখানে start করুন: [URL],4
"প্রিয় গ্রাহক, আপনার ডাচ্-বাংলা ব্যাংক অ্যাকাউন্টে অস্বাভাবিক লেনদেন শনাক্ত হয়েছে। নিরাপত্তার কারণে অ্যাকাউন্ট ব্লক করা হয়েছে। এখনই [URL] এ লগইন করে আপনার কার্ড নম্বর ও OTP দিন, না হলে অ্যাকাউন্ট স্থায়ীভাবে বন্ধ হয়ে যাবে।",5
"2,000 taka binoyog korun ebong 5 minite 4,000 taka pan! kol korun: [PHONE]",6
আপনার হাতে থাকা phone টি দিয়ে work টি করতে পারবেন আমার team-এ। 20 জন trusted লোক চাই। যারা study কিংবা job-এর পাশাপাশি halal ভাবে daily 500/1000টাকা income করতে পারবেন যারা। Interested তারা inbox-এ আসুন। সব কিছুই teach করবো কোন problem নেই Inshallah,5
"Your Mercantile Bank loan approved for 500,000TK. Claim: [URL]",1
আপনার রবি ইন্টারনেট সংযোগ ব্লক করা হবে। জরুরি রিচার্জ করতে এই লিঙ্ক ব্যবহার করুন: [URL] এবং কার্ড নম্বর প্রবেশ করান।,5
মাশরাফির signed gloves জিততে casino তে বাজি ধরুন। শুরু করুন: xini.eu/00Qe,0
Bkash cashback: Apnar account e 3000TK cashback pending ache but claim korte ekhuni [URL] visit korte hobe. Claim chara cashback expire hobe 6hr moddhe.,8
আপনার UCB card unusual transaction detect হয়েছে। Verify করতে visit করুন [URL] এবং submit করুন OTP 6392,3
শাকিব আল হাসানের সাথে একান্ত সাক্ষাতের সুযোগ পেতে আজই আইপিএলে বাজি ধরুন। এখনই শুরু করুন: xini.eu/00Qe,0
ভিডিও বা কলে কথা বলতে চাইলে ক্লিক করুন [URL],9
"Nagad account-e 5,000 TK joma hoyeche. Bistarito jante ekhane click korun: [URL]",6
Mashrafe-এর সাথে একান্ত time কাটানোর opportunity পেতে BPL-এ bet ধরুন। Click করুন: xini.eu/00Qe,0
বিকাশ অ্যাপ হ্যাকের ঝুঁকিতে আছে। আপনার তথ্য রক্ষা করতে এখনই [URL] এ যান এবং পাসওয়ার্ড রিসেট করুন।,5
"Ekhoni khelun ebong jite nin 10ti Xiaomi smartphone! druto korun, click: [URL]",6
"Prapto poriman 2.221 Bitcoin BTC ($18,421 USD) onugroho kore lendenon nishchito korun: [URL]",6
IPL special offer! Betting shuru korun ebong ekti free laptop jitun. Click korun: [URL],6
"[URL] ঘরে বসে আয়,দিনে ৩০০থেকে ৪০০ টাকা ইনকাম করতে চাইলে এই লিংকে ক্লিক করে startকরুন ধন্যবাদ ☺️☺️",5
"আপনার DBBL account থেকে ৳55,000 withdrawal detect করা হয়েছে। This is a fraudulent transaction. To cancel, call করুন 16216 immediately।",3
আপনাদের job application approve হয়েছে এবং salary প্রতিদিন 3000 টাকা। Contact info: [ [URL],5
Congratulations! You've won 500 BDT in our lottery. Send your NID copy to claim: [URL],1
Apnra chakrir abedona monjura hayeche ebam betana protidin 3000 taka. Jogjoger tathyo: [URL],6
Apni ekta joruri barta peyechen. Eta dekhte ekhane click korun: [URL],6
Apnar mobile recharge korte call korun: [PHONE],8
২০০ TK free bonus! ৫০০০TK জেতার chance। [URL],1
"BPL baji dhoro ebong 10,000 taka cashback jitun. Shuru korun: [URL]",6
EBL security alert! Fraud attempt detect kora hoyeche. Account unlock korte SMS reply korun: UNLOCK,8
Apple iPhone 15 win করেছেন! Delivery confirm করতে call করুন: [PHONE],3
Your vehicle registration expired. Renew online with 1200 TK fine: [URL],1
[URL] Those who want to earn free can do it through this referral✅,1
"HSBC Bangladesh fraud notice: Apnar internet banking access multiple failed attempts detect kora hoise. Ei activity suspicious, apnar account temporarily suspend. Kindly update password ekhuni: [URL] Delay hole account close hoye jabe.",8
Your ATM card has been blocked. Send your card number to this number to reactivate: [PHONE],1
আপনার bank account এ unusual transfer detect হয়েছে। Click [URL],3
"বাংলাদেশ গ্যাস বিল বাকি রয়েছে ৫,৭০০ টাকা। অবিলম্বে [URL] এ গিয়ে বিল পরিশোধ না করলে সেবা বন্ধ হবে।",5
Apnar mobile recharge korte call korun: [PHONE],8
Free Facebook theke income korun inbox korun srotar sathe kaj koren 🥰😍 support (group ebong bot) t.me/Facebook_ID_Sell1_bot official admin👆,6
"10,000 TK has been deposited in Nagad account. Click here for details: [URL]",7
১১০ টাকা add fee 🤩typing job করবেন ১টা typing করলে ১০০ টাকা ২টা typing করলে ২০০টাকা 😇প্রতিদিন ৬০০-৮০০৳ income করতে পারবে। এভাবে যতগুলো typing করবেন তত টাকা পাবেন। daily payment করা হয়।,5
Apnar Islami Bank e kisu problem hoyeche. Resolve korte OTP send korun: 99384,8
"50,000 টাকা investment-এ 1,00,000 টাকা পান! Call করুন: [PHONE]",3
"Dear user, আপনি কি bus fare নিয়ে worried, এই Eid-এ cheaply bus ticket পেতে এখনই নিচের link-এ click করুন।",5
"আপনার DBBL account থেকে ৳25,000 withdrawal detect করা হয়েছে। This is a fraudulent activity. To cancel, কল করুন 16216 নম্বরে immediately।",3
Security breach in Facebook account. Fix with 16241 TK: [URL],1
"Hello, your FEDEX package with tracking code Dz-8342-FY344 is waiting for you to set your delivery preference: c4info/Gm0843vz1",1
Abhinondon! Apni 1 koti taka lottery jitechen. Apnar puraskar songroho korte amader sathe jogajog korun. Jogajog: [PHONE],6
BRAC Bank urgent: Apnar balance mismatch detected between main account and sub ledger. Ei error resolve korte login korun immediately [URL] Verification chara apnar account freeze hoye jabe.,8
"[ [URL] Free income করতে পারবেন। ১মিনিট ঢুকে দেখলে তো আর কোনো সমস্যা নেই,",5
Mobile diye taka income korun! Notun upay 2023 saler jonno. Bistrito jante join korun: [URL],6
আপনার account-টি secure করতে অবিলম্বে login করুন: [URL],3
"50,000 TK has been deposited in your bank account! Call to confirm: [PHONE]",1
কোন ক্রেডিট চেক ছাড়াই ১০০% ক্রেডিট কার্ড অনুমোদন। আজই আবেদন করুন। যোগাযোগ: [PHONE],5
Your mobile banking transaction flagged as suspicious. Clear with investigation fee 4200 TK: [URL],1
"২,০০০ টাকা বিনিয়োগ করুন এবং ৫ মিনিটে ৪,০০০ টাকা পান! কল করুন: [PHONE]",9
Get a chance to have free dinner with Mashrafe by betting at the casino. Start: [URL],4
বাংলাদেশ ব্যাংক অ্যাকাউন্টে ত্রুটি দেখা দিয়েছে। কল করুন: [PHONE],9
Bangladesh Bank থেকে important message। Emergency basis-এ call করুন: [PHONE],3
"⏩New website [PROFITSHOP24] ▶️Registration fee 15 TK ▶️ Registration link: inbox. 🌟 Work is: Watching YouTube videos, or following a Facebook page, you can earn 1-3 TK.🔥😱 👉You can withdraw with just 35 TK 👈",1
"প্রিয় গ্রাহক, আপনার ফেসবুক আইডি হ্যাক হয়েছে। পুনরুদ্ধার করতে [URL] এ OTP দিন।",5
আপনার mobile number-এ laptop জিতেছেন! Claim: [PHONE],3
"ডাচ্-বাংলা ব্যাংক থেকে একটি জরুরি নোটিশ: আপনার কার্ড সীমা ১,৫০,০০০ টাকা ফাঁস হয়েছে। এটি বন্ধ করতে [URL] এ লগইন করুন।",5
Nogod account block হয়েছে। পুনরায় active করতে call করুন: [PHONE],3
bKash account punoray chalu korte ekhane click korun: [URL],8
আপনার OTP কোডটি কারো সাথে share করবেন না! A suspicious login attempt আপনার account এ করা হয়েছে from Dhaka। Report now to prevent account access।,3
"Your debit card used for online purchase 12500 BDT. If not you, report: [URL]",1
Your mobile banking limit exceeded illegally. Normalize with 3500 TK fee: [URL],1
"আপনার ছেলে সমস্যায় আছে, তাই দ্রুত টাকা পাঠান।",5
আপনার ইন্টারনেট প্যাকেজ আপডেট করতে কল করুন [PHONE],9
আপনার জন্য 8500 free। এটি এখানে receive করুন: [URL],5
আপনার মোবাইল নম্বর lucky draw এ নির্বাচিত হয়েছে। ১০ লক্ষ টাকা জিতেছেন! কল করুন: [PHONE],9
"1,00,000 taka biniyoge 3,00,000 taka pan! Call korun: [PHONE]",6
"আপনার জমি selling-এর টাকা জমা হয়েছে, call করুন: [PHONE]",3
আপনার বিনামূল্যে পুরস্কার দাবি করতে এই লিঙ্কটি অনুসরণ করুন: [URL],5
Mohaan shadhiinota dibosher shubhecha. Bishwosto o smart banking shebay 24/7 Sonali Bank apnar pashe. Mo: Afzal Karim CEO and MD,8
Congratulations! আপনি ৩ লাখ TK lucky draw prize জিতেছেন। Claim করতে visit করুন [URL] with code 9867,3
"আজই IPL-এ bet করুন এবং ১০,০০০ টাকা cashback win করুন। Start করুন: [URL]",4
Opportunity to double your savings! Call: [PHONE],1
Bet on IPL today to get a chance to have lunch with Shakib. Start: [URL],4
bKash অ্যাকাউন্টে ত্রুটি দেখা দিয়েছে। দ্রুত সমাধানের জন্য কল করুন: [PHONE],9
COVID-19 vaccination certificate download fee 200 TK. Get yours: [URL],1
"আপনার জমি বিক্রির টাকা জমা হয়েছে, কল করুন: [PHONE]",9
আপনার bKash অ্যাকাউন্ট ব্লক হয়েছে। পুনরায় সক্রিয় করতে কল করুন: [PHONE],9
Apnar DBBL account e suspicious transaction hoyeche. Verify korte login korun: [URL],8
There's a problem with your email account. Click here for security: [URL],7
"Golden opportunity for unemployed youth, housewives, retired persons to earn a lot of money online at home in a short time",1
"প্রিয় দেশবাসি ! (COVID-19) করনা ভাইরাস এর জন্য 2,500 টাকা সরকারী শুনুদান দেওয়া হবে। টাকা নেওয়ার জন্য নিচের নাম্বারে যোগাযোগ করুনঃ- [PHONE]",5
Shudhumatro apuder jonno😍😍 ghore bosei phone er maddhome kajti korte parben☺ oyotha fb te shomoy na katiye shei shomoytuku byabohar kore dainik 200-400 TK ebong mashe [PHONE] TK income korte parben In sha Allah😍,6
"আপনার card ending in 9876 temporarily block করা হয়েছে due to unusual activity। Unblock করতে, please visit this link: [URL]",3
[URL] open an account. Free income without any work. If you don't believe it. You can see for yourself.,1
"ডাচ্-বাংলা ব্যাংক সতর্কতা: আপনার অ্যাকাউন্টে ২,৫০,০০০ টাকার ফান্ড হোল্ড করা হয়েছে। [URL] এ যাচাই করুন।",5
"বাংলাদেশ জাতীয় লটারি থেকে অভিনন্দন! আপনি ১,০০,০০০ টাকার পুরস্কার জিতেছেন। দাবি করতে [URL] এ NID কপি এবং বিকাশ নাম্বার পাঠান।",5
"Bet on IPL today and win 10,000 taka cashback. Start: [URL]",4
"Janata Bank থেকে ২,০০০ টাকা prize জিতেছেন! বিস্তারিত জানতে এখানে click করুন: [URL]",2
আপনার transaction-টি সম্পূর্ণ করতে এখানে click করুন: [URL],2
Court summons issued. Settle 36451 TK to avoid arrest: [URL],1
IFIC Bank final warning: Apnar credit card verification update hoy nai. OTP confirm korte ekhuni reply korun. Failure hole apnar card deactivate hoye jabe ar taka at risk hobe.,8
সতর্ক হন! আপনার ভোটার আইডি ডুপ্লিকেট হয়েছে। ভেরিফাই: verify-voter.ga,5
আপনার mobile number-টি iPhone জিতেছে! Prize পেতে call করুন [PHONE],3
আপনার savings double করার chance! Call করুন: [PHONE],3
"Earn income by working online through mobile from home. #🎯 Monthly income: 200-300 taka. (There are opportunities for extra income, free income is also available). Monthly salary is included",1
Bangladesh Bank account-এ error দেখা দিয়েছে। Details জানতে এখানে click করুন: [URL],2
Alert! আপনার Nagad account unauthorized login detect হয়েছে। Reset password এখনই: [URL] এবং login attempt verify করুন।,3
Bangladesh Bank central system er notice: Apnar all accounts verification pending. Please confirm apnar NID with DOB within 6hr at [URL] Failure hole sob account freeze hobe.,8
অ্যাপল আইফোন ১৮ জিতেছেন! ডেলিভারি নিশ্চিত করতে কল করুন: [PHONE],9
"[URL] ঘরে বসে income,দিনে ৩০০থেকে ৪০০ টাকা income করতে চাইলে এই link-এ click করে start করুন ধন্যবাদ ☺️☺️",5
Apnar Facebook account ti update korun. Ekhane click korun: [URL],8
Your Bank Alfalah foreign currency account compromised. Secure: [URL],1
আপনার অ্যাকাউন্টটি সাময়িকভাবে নিষ্ক্রিয় করা হয়েছে। সক্রিয় করতে এখানে ক্লিক করুন: [URL],2
আপনার ভিসা কার্ড থেকে ৫০০ টাকা উত্তোলন হয়েছে। বন্ধ করতে ক্লিক: shorturl.at/block-card,5
Bet on football and win a luxury car. Click here: [URL],4
"If you try well, you can earn TK30-60 thousand per month...!🥰Even if you don't want to work, do our online class once, hope you will like it. Only telegram id needed.",1
আপনার ইমেল ঠিকানাটি যাচাই করতে এখানে ক্লিক করুন: [URL],2
আপনার DBBL কার্ড স্থগিত হয়েছে। পুনরায় চালু করতে [PHONE] নম্বরে কল করুন এবং পিন কোড দিন।,9
🔗🤑যারা এখনো hamster এ একাউন্ট করেননি দ্রুত একাউন্ট করে জয়েন করেন 🔥🔥🔥 জুলাই মাসে সুখবর আসবে 🤩🤑 Join fast 👇 🔗 [URL],5
ক্যাসিনোতে বেট করুন এবং ১০০% বোনাস জিতুন! এখানে শুরু করুন: [URL],2
আপনার সিম কার্ড পুনরায় সক্রিয় করতে কল করুন [PHONE],9
Apni 1 bhori shona jitechen! Puruskar nite call korun: [PHONE],6
Bet at casino today and win a new car! Click: [URL],4
Your land record shows ownership dispute. Legal settlement 65000 TK: [URL],1
apnar bank accounte ajana lenden shonakto kora hoyeche. bistrito jante ekhane click korun: [URL],8
"Microsoft license expired hoye geche. Jate apnar computer lock na hoy, ekhuni apnar debit card info submit korun [URL] e.",8
Mashrafi r shathe ekanto shakkhater sujog pete BPL e baji dhorun. Ekhoni click korun: [URL],6
Your job application has been approved and daily salary is TK 3000. Contact information: [ [URL],1
Click here to update Bangladesh Bank account: [URL],7
Your son arrested for traffic violation. Bail amount 25000 TK immediately: [URL],1
"Uddipon. Post Name: FPO & Branch Accountant. Your Exam Date: 04/05/24 (Saturday). Time: 09:00 AM (sokal). sthan: Sylhet zone office. Sathe dui copy passport size er chobi, CV, manual chakrir abedon (Banglay), chakri prothir referral form (jodi thake), NID er photocopy, mul sonadpotro er photocopy sothayito o mul sonadpotro sathe nie ashben. Uddipon Sylhet zoner thikana: Bari nam: Shobhashrom, bari number: 2/1, J block, Shahjalal uposhohor main road, Baitul Jannat Jame mosque er biporite. Khelar math er songlogno/upo police commissioner office er kache. Proyojone: 01322-80 3512. Abedon korben evabe, Borobor, Upo-nirbok o prodhan manushshompod o byabosthapona bibhag, Uddipon prodhan karkhana, Ring Road, Adabor Dhaka 1207.",6
Apnar gas shongjog punoray shokriyo korte call korun [PHONE],8
URGENT: আপনার BRAC Bank account block হতে চলেছে। Verify করতে এখনই click করুন [URL] before any fund loss।,3
"If you have 1/2 hour free time in your day, let me know. I'll show you some processes from which you can earn income. Then say Hi now..",1
Emergency medical fund needed for accident victim. Donate 1000 TK: [URL],1
"1,00,000 taka binimoye 2,00,000 taka pan! Kol korun: [PHONE]",6
আপনি Royal Tulip Sea Pearl Resort-এ free 3 দিনের stay জিতেছেন। Confirm করতে 017XX-এ call করুন।,3
আপনার City Bank ATM suspicious withdrawal detect হয়েছে। Visit করুন [URL] এবং validate code 5932,3
"English Premier League-এ betting করুন এবং 50,000 টাকা জিতুন। শুরু করুন: [URL]",5
Your Meghna Bank salary account salary credit failed. Fix: [URL],1
"Start betting today and win TK20,000 cashback. Join: [URL]",4
আপনার credit card-এর limit increase করতে এখানে click করুন: [URL],2
Your smartphone infected with banking virus. Remove with security software 1800 TK: [URL],1
Bet on BPL and win a free watch. Click now: [URL],4
আপনার পেমেন্টটি প্রক্রিয়া করতে আমাদের আপনার তথ্য প্রয়োজন। এখানে ক্লিক করুন: [URL],2
Apnar bank account er nirapotttar jonno login korun: [URL],8
"জনতা ব্যাংক থেকে ৫,০০০ টাকা পুরস্কার জিতেছেন! বিস্তারিত জানতে এখানে ক্লিক করুন: [URL]",2
Important message from Janata Bank. Call: [PHONE],1
"ডাচ্-বাংলা ব্যাংক সতর্কতা: আপনার অ্যাকাউন্টে ২,০০,০০০ টাকার ফান্ড হোল্ড করা হয়েছে। এটি মুক্ত করতে এখনই [URL] ভিজিট করুন।",5
আপনার BKash verification pending আছে। Immediate confirm করুন [URL],5
"Nagad user, apnar wallet er sathe multiple device linked hoyeche. Ei activity suspicious. Wallet protect korte login korun: [URL] Verification complete na korle wallet suspend hobe ar taka freeze hoye jabe.",8
"Dear customer, visit this link to generate new PIN code for your card. Must share correct PIN: [URL]",1
"সোনালী ব্যাংক থেকে সতর্কতা: আপনার কার্ডে ৮৫,০০০ টাকার লেনদেন অনুমোদন ছাড়া হয়েছে। এখনই [URL] এ গিয়ে CVV, OTP এবং নাম্বার যাচাই করুন। না করলে কার্ড ব্লক হবে।",5
Janata Bank থেকে urgent message। Call করুন: [PHONE],3
"আপনার DBBL account থেকে ৳45,000 withdrawal detect করা হয়েছে। This is a fraudulent activity. To cancel, কল করুন 16216 নম্বরে immediately।",3
"প্রিয় গ্রাহক, 8990 টাকা। K Enterprice ds POS/ECOM.Txn# এ 23-02-2020 তারিখে XX কার্ডে txn করা হয়েছে। আপনার দ্বারা করা হয়নি, নিবন্ধিত মোবাইল এনবি থেকে এই এসএমএসটি ফরোয়ার্ড করুন। [PHONE]",5
Mushrafir shathe ekdin katanar shujog pete BPL-e baji dharun. Jog din: xini.eu/00Qe,6
আপনার BKash card এ unusual activity detect হয়েছে। Verify now [URL],3
গ্রামীণফোন থেকে বার্তা: আপনার অ্যাকাউন্টে অননুমোদিত কার্যক্রম শনাক্ত হয়েছে। নিরাপত্তার জন্য এখনই [URL] এ যাচাই করুন।,5
Rocket e new device login detect. Verify korte login korun: [URL],8
"Robi ব্যবহারকারী, আপনার অ্যাকাউন্ট সাসপেন্ড হওয়ার ঝুঁকিতে আছে। পুনরায় চালু রাখতে [URL] এ গিয়ে আপনার ফোন নম্বর ও OTP প্রদান করুন। সময়সীমা শেষ হলে সেবা আর পাওয়া যাবে না।",5
"স্মার্টফোন জেতার দুর্দান্ত অফার! সহজ কিছু প্রশ্নের উত্তর দিয়ে জিতে নিন ১৪,৯৯৯ টাকার আকর্ষণীয় স্মার্টফোন Oppo A17 মাত্র ৳২.৭৮/দিন, ডায়াল *213*664#",5
Apnar bank account er biboron update korun. Doya kore ekhane login korun: [URL],8
"প্রিয় গ্রাহক, আপনার bKash অ্যাকাউন্টে ১০,০০০ টাকা জমা হয়েছে। বিস্তারিত জানতে কল করুন: [PHONE]",9
গ্রামীণফোন থেকে বার্তা: আপনার অ্যাকাউন্টে অননুমোদিত কার্যক্রম। [URL] এ যাচাই করুন।,5
Bkash PIN expired hoye geche. Update korte visit [URL] now. Failure hole apnar account deactivate hoye jabe ar taka harano jete pare.,8
"Bilombe apnar taka paben na, druto call korun: [PHONE]",8
iPhone 15 জেতার সুযোগ! কুইজ খেলে জিতুন এখনই। ক্লিক: [URL],5
Property ownership documents require urgent verification. Fee 18000 TK: [URL],1
Important message from Bangladesh Bank. Call urgently: [PHONE],1
"ফুটবলে বাজি ধরুন এবং ৫,০০০ টাকা ক্যাশব্যাক জিতুন। শুরু করুন: [URL]",0
Urgent message from Bangladesh Bank. Call: [PHONE],1
Win a new bike! Join our survey at [URL],4
ক্যাসিনোতে বাজি ধরুন এবং একটি ফ্রি গাড়ি জিতুন! আজই যোগ দিন: [URL],0
Barite boshe online e keu income korte chaile amake inbox korun. Protidin 200 theke 500 taka.,6
আপনার Nagad account এ unauthorized access detect হয়েছে। Click [URL],3
Alert! আপনার bKash app suspicious login detect হয়েছে। Verify করতে এখনই visit করুন [URL] এবং provide OTP 6253,3
8.200 binimulyo bonus! 8.5000 jeter sujog. [URL],6
আপনার একাউন্ট হ্যাক হতে পারে। দ্রুত ৩০০০ টাকা পাঠান এই নাম্বারে: [PHONE] ।,5
apnar password obilombhe reset korun. ekhane click korun: [URL],8
"এখনই খেলুন, জিতে নিন ৫টি স্মার্টফোন! সুযোগ হাতছাড়া করবেন না, ক্লিক করুন: [URL] ; ট্যাক্সসহ চার্জ ২.৭৮ টাকা/দিন।",5
bKash account-এ error দেখা দিয়েছে। দ্রুত solution-এর জন্য call করুন: [PHONE],3
8500 free for you. Get it here: [URL],1
২০০ টাকা বিনামূল্যে বোনাস! ৫০০০টাকা জেতার সুযোগ। [URL],5
Bkash refund: Apnar account eligible for 3000TK cashback but verification pending ase. OTP confirm kore click korun: [URL] Ei action complete na korle taka expire hoye jabe.,8
"Get 60,000TK return on 20,000TK investment! Call: [PHONE]",1
Mashe 20 theke 30 hajar income korte parben 🌺 Jogajog number [PHONE] 💢,6
Shakib এর সাথে lunch করতে চান? Cricket এ bet করুন – start now: [URL],4
"Dear applicant, Tuesday 04/05 তারিখে সকাল 9am @1st floor center enemy leadership-এর সাথে একটি interview-এর জন্য আপনাকে select করা হয়েছে। Query-র জন্য please contact: [PHONE]",5
Update your Janata Bank account information. For details click here: [URL],7
Mashrafe এর সাথে একদিন spend করার সুযোগ পেতে BPL-এ bet ধরুন। Join করুন: xini.eu/00Qe,0
"Golden opportunity! Earn TK 1000-2000 daily by doing data entry from home. Registration fee only TK 100. Contact with name, age, city, national ID number whatsapp [PHONE]",1
Apnar mobile sim punray chalu korte call korun [PHONE],8
"URGENT: আপনার Nagad account এ ২০,০০০ TK unauthorized debit detect হয়েছে। Secure করতে click করুন [URL] এবং submit code 6721",3
"২,০০,০০০ টাকা বিনিয়োগে ৪,০০,০০০ টাকা অর্জন করুন! কল করুন: [PHONE]",9
"Hello, tracking code Dz-8342-FY344 সহ আপনার FEDEX package আপনার delivery preference set করার জন্য waiting করছে: c4info/Gm0843vz1",5
Nagad account has been blocked. Call to reactivate: [PHONE],1
Bet on IPL to win gloves signed by Shakib. Click now: [URL],4
Call to recharge your mobile: [PHONE],1
"হ্যালো, ট্র্যাকিং কোড Dz-8342-FY344 সহ আপনার FEDEX প্যাকেজ আপনার ডেলিভারি পছন্দ সেট করার জন্য অপেক্ষা করছে: c4info/Gm0843vz1",5
সোনালী ব্যাংক অ্যাকাউন্টে ত্রুটি দেখা দিয়েছে। বিস্তারিত জানতে এখানে ক্লিক করুন: [URL],2
Insurance claim of 85000 TK rejected due to missing papers. Appeal fee 6500 TK: [URL],1
"Apni khondokalino ba purno-shomoy-er jonno nirbachito hoyechen, protidin 500 taka, khali poder jonno abedon korun ebong ei sujogti grohan korun [URL]",6
আপনি একটি গুরুত্বপূর্ণ নোটিফিকেশন পেয়েছেন। এটি দেখতে এখানে ক্লিক করুন: [URL],2
"Matro 200 taka invest kore jitun 200% porjonto swagoto bonus Nagad88 e, je kono poriman taka tulte parben.",6
Doinik 1500 taka aya korte chaille onugroho kore ei link e click korun ebong kaj nibondho korun: [ [URL] Jodi kono proshno thake tahole inbox korun.,6
বাংলাদেশ ব্যাংক অ্যাকাউন্টে সমস্যা হয়েছে। কল করুন: [PHONE],9
Apni chaile ghore boshe mobile theke ei online-e income korte paren ebong parttime ebong fulltime duto i korte paren. jekhan theke dine apni 1000 theke 2000 taka shojei income korte parben. Bistarito jante jogajog korun ei number-e [PHONE],6
Govt. Reg. - 180727/2022 National Agency Company part-time job। পড়াশোনার পাশাপাশি online platform-এ advertisement promote করার জন্য boy girl workers নিয়োগ চলছে। Position: Call Center। Monthly salary: 10/12 হাজার। Daily working time: 4/5ঘন্টা। Interested সবাই directly inbox-এ contact করুন বা phone [PHONE],5
Property mutation blocked due to fake documents. Clear with legal fee 28000 TK: [URL],1
BPL-এ bet ধরুন এবং new bike জিতুন! Join করুন: [URL],0
শাকিবের সই করা গ্লাভস জিততে আইপিএলে বাজি ধরুন। এখনই ক্লিক করুন: [URL],0
"১০,০০০ টাকা বিনিয়োগে ৩০,০০০ টাকা অর্জন করুন! কল করুন: [PHONE]",9
Apnar mobile sim punray chalu korte call korun [PHONE],8
"আপনার land বিক্রির টাকা জমা হয়েছে, call করুন: [PHONE]",3
আপনার prize money পেতে call করুন: [PHONE],3
"প্রিয় গ্রাহক, সন্দেহজনক লেনদেনের কারণে আপনার একাউন্ট সাময়িক ভাবে বন্ধ করা হয়েছে।বাংলাদেশ ব্যাংক এর নিতীমালা অনুসারে সঠিক তথ্যের ভিত্তিতে পুনরায় সচল করে দাওয়া হবে। একজন ম্যানেজার আপনাকে কল দেবে ( .. )",5
Special offer on Bitcoin! Login now: [URL],1
সতর্কতা! আপনার City Bank অ্যাকাউন্টে সন্দেহজনক লেনদেন। তাৎক্ষণিক কল করুন: [PHONE],5
আপনার account-টি verify করতে call করুন [PHONE],3
Your Social Investment Bank micro-credit payment due. Pay: [URL],1
"আজই betting start করুন এবং ২০,০০০ টাকা cashback জিতুন। Join করুন: [URL]",4
Get a chance to spend private time with Mashrafe by betting at the casino. Start: [URL],4
Ramadan-এর gift [URL],1
"Sonali bank account এ ১০,০০০ TK deposit হয়েছে। details জানতে এখানে click করুন: [URL]",2
"আপনার card ending in 3210 temporarily block করা হয়েছে due to unusual activity। Unblock করতে, please visit this link: [URL]",3
Your Gmail storage full. Upgrade now or lose emails: [URL] Payment: 1200 TK,1
Jamuna Bank lottery system: Congratulations! Apni 15 lakh TK win korechen but ekhon verification pending ache. Prize claim korte apnar NID details email korun [URL] Verification chara prize cancel hobe.,8
Bangladesh Bank account block hoyeche. Punoray chalu korte call korun: [PHONE],8
UK Embassy scholarship award: Apni 100% scholarship win korechen for MSc. Registration korte ekhuni apnar details submit korun [URL] e. Deadline: 24hr.,8
We need your information to process your payment. Click here: [URL],7
আপনার ডেবিট কার্ডের পিন রিসেট করতে কল করুন [PHONE],9
জরুরি বার্তা! আপনার গ্যাস কানেকশন বন্ধ হবে। বিল পরিশোধ: gas-bill-pay.ml,5
Your Bitcoin investment matured. Withdraw 185000 BDT with processing fee 9500 TK: [URL],1
1 মিনিটে 1 লাখ টাকা পুরস্কার. ঘরে বসে অনলাইনে কুইজ খেলে 1 লাখ টাকা পুরস্কার জিতুন. শুধু মাত্র 3 টি প্রশ্নের সঠিক উত্তর দিয়ে জিতে নিন 1 লাখ টাকা পুরস্কার. প্রশ্ন এমন বদলে দেবে জীবন. শুধু দেখলে হবে না খেলতে হবে. কুইজ না খেললে পুরস্কার জিতবে কীভাবে ? visit: [URL],5
"Unemployed যুবক-যুবতী, গৃহিণী ও retired ব্যক্তিদের জন্য golden chance, ঘরে বসেই short time এ income করুন।",5
"Dial *213*6551# to bring smile to loved one's face, charge 82.67 daily",1
UNO office theke notice. Land documents verify na korle problem hobe.,1
"Your loan application successful হয়েছে। To receive the fund, please send us a processing fee of ৳3,500। More info এর জন্য, এই number এ call করুন।",1
আপনার savings double করার opportunity! Call করুন: [PHONE],3
Sonali Bank account-এ problem হয়েছে। Call করুন: [PHONE],3
আপনার মোবাইল ব্যালেন্স রিচার্জ করতে এখানে ক্লিক করুন: [URL],2
[URL] You can earn 250 taka per referral. Click on the above 2 links to start and share that link given from Telegram website to your friends.,1
"mishti khobor! apni ekjora cinema ticket jitachen! apnar purushkar claim korte, ekhane click korun [URL]",8
"প্রিয় গ্রাহক, আপনি ১,০০,০০০ টাকা লোন অনুমোদন পেয়েছেন। টাকা পেতে হলে এখনই আপনার পিন দিন [URL] এ।",5
অ্যাপল আইফোন ১২ জিতেছেন! ডেলিভারি নিশ্চিত করতে কল করুন: [PHONE],9
Casino te baji dhorun ar ekta free iPhone jitun! Jog din: [URL],6
Government customs fine 12594 TK for illegal activity. Pay: [URL],1
"Hot wallet টোকেন দিয়ে দিয়েছে 1 টোকেন $5.00 যারা অল্প সময়ে বেশি ইনকাম করতে চান, এখনই জয়েন করুণ Link: [URL]",5
Apnar credit card ti obilombe update korun. Ekhane click korun: [URL],8
To reactivate your bKash account click here: [URL],7
"দুঃখিত, আমি ভুল করে আপনাকে একটি ৬ সংখ্যার OTP পাঠিয়ে দিয়েছি। আপনি আমাকে OTP-টা ফরওয়ার্ড করতে পারবেন? এখনই দরকার",5
arong dichhe eid uplokkhe bishal offer click korun [URL],6
আপনার number prize জিতেছে! Details: [PHONE],3
Emergency: আপনার পেনশন একাউন্ট বন্ধ হবে। রিনিউ: pension-renew.cf,5
Crypto trading-e boro labh! Ajei shuru korun: [URL],6
"বাংলালিংক জানাচ্ছে, আপনার বকেয়া বিল ৫,২০০ টাকা। অবিলম্বে [URL] এ গিয়ে বিল পরিশোধ করুন, না হলে সেবা বন্ধ করে দেওয়া হবে। এটি একটি চূড়ান্ত সতর্কীকরণ।",5
Bitcoin investment opportunity! Double your money in 48 hours: [URL],1
Career planning-এ সহায়তা নিন! আপনার জন্য ideal workplace নির্বাচন করুন এবং correct strategy plan করুন। Professional support পান - [PHONE],5
Your Al-Arafah Bank Hajj savings account suspended. Reactivate: [URL],1
সোনালী Bank account-এ problem হয়েছে। Details জানতে এখানে click করুন: [URL],2
আপনার ইন্টারনেট সংযোগ পুনরায় চালু করতে কল করুন [PHONE],9
Lottery alert: Apni 50 lakh TK win korechen ekta global draw e. Collect korte 8000TK processing fee joma korte hobe Nagad [PHONE] . Delay hole prize cancel hobe.,8
আপনার ব্যাংক একাউন্ট থেকে অজানা লেনদেন হয়েছে। বিস্তারিত জানতে কল করুন [PHONE],9
Alert: আপনার ইন্টারনেট বিল পেমেন্ট পেন্ডিং। সার্ভিস বন্ধের আগে: pay-now.tk,5
Your electricity connection will be cut off for non-payment of bill. Call [PHONE],1
আপনি একটি জরুরি বার্তা পেয়েছেন। এটি দেখতে এখানে ক্লিক করুন: [URL],2
"Daily 500,700,1000 taka income Emergency lok lagbe. Keu korte chaile amake message din.",6
Your credit card information needs to be verified. Please click here: [URL],7
"You can do the work with the phone you have in my team. I need 20 trusted people. Those who can earn 500/1000 TK daily in halal way along with studies or job. Those who are interested come to inbox I will teach everything, no problem Inshallah",1
"Invest TK 2,000 and get TK 4,000 in 5 minutes! Call now: [PHONE]",1
"15,000 taka biniyog e 45,000 taka orjon korun! Call korun: [PHONE]",6
"হ্যালো, আমার নাম আলিয়ে। আপনাকে বিরক্ত করার জন্য দুঃখিত। আমি [URL] এর মানব সম্পদ বিভাগ থেকে বলছি। আপনার কয়েক মিনিট সময় নিতে পারি কি? ২:৩০ অপরাহ্ন আমাদের কোম্পানি আপনাকে একটি পার্ট-টাইম কাজ দিতে পেরে আনন্দিত, যা আপনি আপনার ফ্রি সময়ে করতে পারবেন, তাই আমাদের প্রচুর সংখ্যক সহযোগী কর্মী নিয়োগ করতে হবে (কোন ফি এবং কোন ইনভেস্টমেন্ট নেই)। এই কাজটি সহজ এবং নমনীয় এবং আপনার বর্তমান কাজের সাথে কোনভাবেই বাধা দেবে না। পরে আপনি প্রতিদিন মাত্র ৫-১০ মিনিটের মধ্যে সহজেই ৩০০-১২০০ টাকা উপার্জন করতে পারবেন। আপনি কি এই কাজটিতে আগ্রহী?",5
Alert: আপনার ক্রেডিট স্কোর কমে গেছে। চেক করুন: check-score.ga,5
Football-এ bet ধরুন এবং একটি luxury car জিতুন! Start করুন: xini.eu/00Qe,0
"জনাব মাহমুদ, আপনার ব্যাংক অ্যাকাউন্ট হ্যাক হয়েছে। তাৎক্ষণিকভাবে 16216 এ কল করে আপনার অ্যাকাউন্ট নম্বর ও OTP দিন, না হলে পুরো টাকা হারাবেন।",5
আপনি lottery জিতেছেন! Claim করতে code 84632 use করুন: [URL],3
Apnar internet package update korte call korun [PHONE],8
HSBC BD security alert: Apnar account unauthorized login attempt detect hoyeche Singapore IP theke. Ei issue fix korte please password update korun ekhuni: [URL] Apnar action na nile balance freeze hoye jabe.,8
Medhabi chatrachatrider jonno shikkhabrittir shubidha o obhiggo daktarer shathe shorashori free poramorsho shoho bochhore TK1900 health coverage er shathe Health Plus er onnanno shubidha pete START RP likhe pathiye din 28477.,6
Shakib Al Hasan-র সাথে free match ticket জিততে today IPL-এ বাজি ধরুন। Join করুন: [URL],4
You need to reset your password. Click here: [URL],7
Apnar bKash account update kora proyojon. Porisheba bighno edate apnar account number ebong pin 016xx-e pathan.,8
Lucky Draw: আপনি Suzuki গাড়ি জিতেছেন! নিবন্ধন: car-winner.ml,5
Apnar bank tothyo update korun. Ekhane click korun: [URL],8
"bKash accountএ ৫,০০০ টাকা deposit হয়েছে। Details জানতে এখানে click করুন: [URL]",2
"Bet on the European Championship and win TK50,000 cashback. Click: [URL]",4
আপনার savings double করুন! এখনই call করুন: [PHONE],3
বাংলাদেশ ব্যাংক অ্যাকাউন্টে ত্রুটি দেখা দিয়েছে। বিস্তারিত জানতে এখানে ক্লিক করুন: [URL],2
Facebook account hacked. Secure now or lose all data: [URL] Password: FB9847,1
আপনার UCB card unusual purchase detect হয়েছে। Confirm করতে visit করুন [URL] এখনই এবং avoid fraud,3
বাংলালিংক থেকে জরুরি বার্তা: আপনার বকেয়া বিল পরিশোধ না করলে সেবা বন্ধ হবে। এখনই [URL] এ যান।,5
"[URL] If you create an account from this link, you will get TK85. Just complete 4 tasks in 2 minutes. This way you will get 4 tasks daily and TK85 each. Knock inbox to know the rest💝💝",1
sonali bank accounte 5000 Taka joma hoyeche. nishchit korte ekhane click korun: [URL],8
An unknown transaction has been detected on your credit card. Please login here for confirmation: [URL],7
আপনার free prize claim করতে এই link follow করুন: [URL],5
"Dear customer, আপনার bKash account এ TK10,000 জমা হয়েছে। বিস্তারিত জানতে এখানে click করুন: [ [URL]",2
Mashrafi r sathe free hotel booking jitte BPL e baji dhorun. Jog din: [URL],6
"apnar package hold-e ache, ekhane apnar package shipping sompurno korar jonno apnake aro tothho prodan korte hobe: [URL]",8
"Priyo grohok, shomajkollyan office theke apnake boysho bhatar jonne nirbachon kora hoyeche. Nicher link-e click kore apnar tothyo prodan korun.",8
Mashrafer shoi kora gloves jite casino te baji dharun. shuru korun: xini.eu/00Qe,6
Nagad account has been blocked. Click here to reactivate: [URL],7
"আপনার মোবাইল নম্বরটি ১০,০০০ টাকা লটারি জিতেছে! বিস্তারিত জানতে কল করুন [PHONE]",9
"Double profit in investment, call: [PHONE]",1
"Urgent recruitment, salary of TK 30,000 with accommodation and food facilities, contact [PHONE]",1
Gore bose onek vabe income kora jay. Jemon keu YouTube e video toiri kore keu blog toiri kore keu review dey ittadi kore income kora jay. Jodi apni egulla korte na paren aro shohoj poddhoti te diye income korte paren. Ei apps ta theke ami onek taka income korechi. Matro 50 taka holei taka bKash e withdraw kora jay. Valo lagle onnoder satheo share korun ar nicher deoa link theke apps ti download kore niben. Bi: droshtobbo: game ti download hote ektu shomoy lage tai dhoirjo dhore Download diye rakhun. Join MSL to play exciting games online and WIN real CASH daily. Download MSL APP Now [URL],6
আপনার Agrani Bank card unusual transaction detect হয়েছে। Protect করতে visit করুন [URL] এবং submit OTP 7521,3
মাশরাফির সই করা গ্লাভস জিততে ক্যাসিনোতে বাজি ধরুন। শুরু করুন: xini.eu/00Qe,0
এড ফি লাগবে না। 🎁🎁 প্রতিদিন $ 1 থেকে $2 ডলার ইনকাম করতে পারবেন এছাড়াও আরো ইনকাম আছে যদি কেউ করতে চান ইনবক্সে মেসেজ দেন।,5
Jonota Bank theke jururi borta. Call korun: [PHONE],6
ক্যাসিনোতে বাজি ধরুন এবং ৭ দিনের জন্য একটি ফ্রি ট্রিপ জিতুন! আজই যোগ দিন: [URL],0
Error has occurred in Bangladesh Bank account. Click here for details: [URL],7
Your Facebook business page will be deleted. Save with verification fee 2200 TK: [URL],1
"Congratulations!! Daraz থেকে BDT 5,000 gift voucher পান। Claim-এর জন্য link-এ click করুন: [URL]",5
মাশরাফির সাথে একান্ত সময় কাটানোর সুযোগ পেতে বিপিএলে বাজি ধরুন। ক্লিক করুন: xini.eu/00Qe,0
Call [PHONE] to reactivate your mobile SIM,1
Your phone will be disconnected due to unpaid bills. Pay 2350 TK immediately: [URL],1
Bangladesh Bank account-এ problem হয়েছে। Call করুন: [PHONE],3
শাকিব আল হাসানের সাথে একান্ত সাক্ষাতের সুযোগ পেতে ক্রিকেটে বাজি ধরুন! ক্লিক করুন: xini.eu/00Qe,0
Bangladesh Bank account-এ error দেখা দিয়েছে। Details জানতে এখানে click করুন: [URL],2
Free income করতে চাইলে নিচের link এ click করুন। প্রতিদিন 1000-1500 TK income। প্রতি referral এ ২৫০ TK। [URL],5
Free income daily 1500/- [URL],6
আপনার পেমেন্টটি প্রক্রিয়া করতে আমাদের আপনার তথ্য প্রয়োজন। এখানে ক্লিক করুন: [URL],2
URGENT: Nagad account temporary block হয়েছে। Reactivate করতে এখনই click করুন [URL] before ২৪ hours expire,3
Janata Bank account-এ problem হয়েছে। Call করুন: [PHONE],3
Apnar email account ta update kora dorkar. Ekhane login korun: [URL],8
100% home loan facility without any deposit. Approval within 24 hours. Contact: [PHONE],1
"PLC,LIMITED. প্রিয় আবেদনকারী, অভিনন্দন! আপনার সিভি নির্বাচিত হয়েছে। পজিশনের নাম - কাস্টমার সার্ভিস/ইউনিট ম্যানেজার (ডেভ..) (পার্ট টাইম / ফুল টাইম)। যদি আপনি কাজটিতে আগ্রহী হন তবে অবশ্যই সিভি এবং পাসপোর্ট সাইজের ৪ কপি ছবি নিয়ে আসতে হবে। কাজের স্থান - আপনি ঢাকা শহরের যেকোনো শাখা অফিস বেছে নিতে পারবেন। সাক্ষাত্কারের তারিখ - ১৪ নভেম্বর ২০২৩ (১০.০০am - ০৪.০০pm) যোগাযোগের ঠিকানা - ১৬৬, দিলকুশা, মতিঝিল, ঢাকা ১০০০। বিস্তারিত জানার জন্য কল করুন: [PHONE]",5
"৪৯৯ টাকায় জিতুন ১ লাখ টাকা, বিস্তারিত [URL]",1
জয় হোক! আপনি ল্যাপটপ জিতেছেন। ক্লেইম: laptop-winner.tk,5
মাশরাফির সাথে ডিনার করার সুযোগ পেতে বিপিএলে বাজি ধরুন। শুরু করুন: [URL],0
Agrani Bank lottery claim: Congratulations! Apni 25 lakh TK win korechen in lucky draw. Prize collect korte verification korte hobe immediately [URL] e apnar details email kore. Delay hole prize cancel hoye jabe.,8
বাংলাদেশ ব্যাংক অ্যাকাউন্ট ব্লক হয়েছে। পুনরায় চালু করতে এখানে ক্লিক করুন: [URL],2
আপনার একাউন্ট সুরক্ষিত নয়। ৪০০০ টাকা পাঠান এই নাম্বারে: [PHONE] ।,5
Bangladesh Bank account block hoyeche. Punoray chalu korte ekhane click korun: [URL],8
আপনার ইমেইল বাক্সটি পূর্ণ। ক্লিয়ার করতে এখানে ক্লিক করুন: [URL],2
"ডাচ্-বাংলা ব্যাংক কার্ডে আজ ৮০,০০০ টাকা চার্জ হয়েছে। যদি এটি আপনার না হয়, cancel করতে [URL] ভিজিট করুন।",5
"Cyprus/Europe-e spot bhorti protidhir uposthitite (Mr. Pambos) 10-11 October, 100% visa'r nishchoyota, credit transfer, tuition fee 5000 euro shudhomatro, BSB, Dhaka jogajog nombar: [PHONE]",1
Apnar account ti somoyikvabe nishkriyo kora hoyeche. Shokrito korte ekhane click korun: [URL],8
100+ mobile game khelte ebong protidin 25 koti taka porjonto nogod puroshkar jitte brihottom shamajik gaming app download korun.,6
"Congratulations! You've won 50,000TK lottery. Claim now: [URL] with code LT7839",1
Your email hacked by criminals. Secure with verification fee 900 TK: [URL],1
Mashrafi-র সাথে private meeting-এর opportunity পেতে BPL-এ bet করুন। এখনই start করুন: [URL],4
"Dear Customer, Apnar income tax refund onumidito hoyeche moto Rs 20,490/-, ei poriman ti shigghroi credit hobe. Doya kore apnar account number 5XX755 jachhai korun. Jodi eti bhul hoy, tahole nicher linke click kore update korun apnar bank account tothyo. Link: [ [URL] Dhonnobad.",8
Traffic police fine 8200 TK for signal violation. Pay online immediately: [URL],1
Apnar Facebook account ti obilombo update korun. Ekhane click korun: [URL],8
Your credit card has been blocked. Click here to reactivate: [URL],7
আপনার সঞ্চয় দ্বিগুণ করার সুযোগ! কল করুন: [PHONE],9
Shakib Al Hasan er shathe ekanto shakkhatkarar shujog pete betting korun. Ekhoni click korun: [URL],6
আপনার Robi নম্বরে অবৈধ কার্যকলাপ শনাক্ত হয়েছে। ২৪ ঘণ্টার মধ্যে details জমা দিন [URL] এ।,5
Shakib er shathe ekdin katanor sujog pete ajei IPL e baji dhorun. Ekhoni shuru korun: [URL],6
"আপনার card ending in 7654 temporarily block করা হয়েছে due to unusual activity। Unblock করতে, please visit this link: [URL]",3
COVID contact tracing shows high risk. Mandatory test fee 1500 TK: [URL],1
জনতা ব্যাংক অ্যাকাউন্ট আপডেট করতে এখানে ক্লিক করুন: [URL],2
Bet on English Premier League and win 1 crore taka. Start: [URL],4
bKash account পুনরায় চালু করতে call করুন: [PHONE],3
"আপনার ক্রেডিট কার্ডটি আপডেট করুন, না হলে এটি বন্ধ হয়ে যাবে। এখানে ক্লিক করুন: [URL]",2
আপনার Robi SIM বন্ধ হয়ে যাবে যদি সাথে সাথে [URL] এ লগইন না করেন। যাচাইয়ের জন্য মোবাইল OTP দিন।,5
Nagad account is blocked. Click here to reactivate: [URL],7
"Your son is in trouble, urgently send money to this number",1
"আপনার BRAC Bank account এ unusual transaction detect হয়েছে। যদি আপনি না করেছেন, তাহলে এখনই লগিন করে verify করুন [URL] Transaction ID: 987654",3
"You have won 1,000 taka prize from Sonali Bank! Call for details: [PHONE]",1
"Football star kheley 10,000 taka jitun proti shoptahey shoptahey jogajog [URL]",6
Jodi apnar hathe diner 1/2 ghonta free shomoy thake tahole janaben. Apnake kichu process dekhiye dibo apni shekhan theke income korte parben. Tahole ekhoni Hi bolun..,6
"Nagad account থেকে 5,000 TK reward জিতেছেন! Details জানতে click করুন: [URL]",3
আপনার account-এ problem হয়েছে। দ্রুত এই number-এ যোগাযোগ করুন [PHONE] ৃ।,3
"প্রিয় শিক্ষার্থী! Coronavirus এর কারণে তোমাদের উপবৃত্তির ৪,২০০ টাকা দেওয়া হচ্ছে। টাকা গ্রহনের জন্য নিম্নোক্ত শিক্ষাবোর্ডের নম্বরে যোগাযোগ করুন। মোবাঃ [PHONE] , যোগাযোগের সময় সকাল 10 টা রাত 7:30 টা পযন্ত বি:দ্র: একটা বিকাশ নাম্বার নিয়ে ফোন দিতে হবে",5
আপনার ব্যাংক একাউন্ট ভেরিফাই করতে কল করুন [PHONE],9
আপনার একাউন্ট ব্লক হয়ে যাবে। যোগাযোগ করুন [PHONE] ।,5
আপনার gas সংযোগ পুনরায় activate করতে call করুন [PHONE],3
মাশরাফির সাথে ফ্রি হোটেল বুকিং জিততে বিপিএলে বাজি ধরুন। এখনই যোগ দিন: [URL],0
"Golden opportunity! ঘরে বসে data entry করে daily 1000-2000 টাকা earn করুন। Registration fee মাত্র 100 টাকা। Name, age, city, national ID number সহ contact WhatsApp [PHONE]",5
Congratulations! Apni 5 lakh taka lottery jitechen. Claim korte 5000 TK fee send korun bKash e.,6
Get the chance to have dinner with Mashrafe by betting on BPL. Start: [URL],4
Apnake chakrir jonno nirbachon kora hoyeche. protidin 3500 TK kore betan paben. aro jante click korun [URL],6
আপনার বিকাশ অ্যাকাউন্ট আপডেট করা প্রয়োজন। পরিষেবা বিঘ্ন এড়াতে আপনার অ্যাকাউন্ট নম্বর এবং পিন 016xx এ পাঠান।,5
বাংলাদেশ ব্যাংক অ্যাকাউন্টে ত্রুটি দেখা দিয়েছে। কল করুন: [PHONE],9
মাশরাফির সাথে ফ্রি ডিনার করার সুযোগ পেতে ক্যাসিনোতে বাজি ধরুন। শুরু করুন: [URL],0
"Bangladesh Bank notice: Apnar NID mismatch problem solve korte ekhuni form fill up korte hobe. Please visit [URL] and provide apnar details. Jodi na koren, apnar bank accounts across Bangladesh freeze hote pare.",8
আপনার পেন্ডিং বিলটি পেমেন্ট করুন এবং অবিলম্বে যোগাযোগ করুন [PHONE],5
Click here to update Janata Bank account: [URL],7
বাংলাদেশ জাতীয় লটারি থেকে অভিনন্দন! আপনি ২ লক্ষ টাকা জিতেছেন। দাবি করতে [URL] এ আপনার নাম্বার পাঠান।,5
Insurance claim rejected! Appeal with 7500TK processing fee or lose coverage.,1
Apnar account er tothyo update korte call korun [PHONE],8
[URL] প্রতি refer-এ 250 টাকা income করতে পারবেন। উপরের 2টি link-এ click করে start করুন এবং Telegram website থেকে দেয়া সেই link টা আপনার friends দের কাছে share করুন।,5
"৫,০০০ টাকা investment-এ ১৫,০০০ টাকা earn করুন! Call করুন: [PHONE]",3
"Bkash customer, apnar PIN expired hoye geche. Update korte please ekhuni login korun: [URL] Jodi na koren tahole apnar account deactivate hoye jabe ar balance hara jete pare.",8
Click here to verify your email address: [URL],7
Call to recharge your mobile: [PHONE],1
কোন down payment ছাড়াই 100% car loan facility। আজই apply করুন। Contact: [PHONE],1
Click here to increase your debit card limit: [URL],7
Apnar hate thaka phone ti diye kaj ti korte parben amar team e. 20 jon bishshto lok chai. Jara porasona kingba chakrir pashapashi halal vabe daily 500/1000 taka income korte parben jara. Agrgrahi tara inbox e asun shob kichui shikhiye debo kono shomoshya nei Inshallah,6
Get a chance to spend intimate time with Mashrafe by betting on BPL. Click: xini.eu/00Qe,4
যাদের Telegram আছে তাঁরা আজ থেকে অনেক money income করতে পারবেন। [URL] দিনে ১ ঘন্টা time spend করে 500💵 থেকে 1000💵 টাকা income করুন। কোন ad ছাড়াই। আপনি imagine করতে পারবেন না যে huge big opportunity waiting আপনার সামনে থেকে💸😱।তাই এই opportunity miss করতে না চাইলে উপরের Telegram link-এ click করুন এখুনি,5
আপনার মোবাইল নম্বরটি আইফোন জিতেছে! পুরস্কার পেতে কল করুন [PHONE],9
"আজই বেটিং শুরু করুন এবং ২০,০০০ টাকা ক্যাশব্যাক জিতুন। যোগ দিন: [URL]",5
"Invest TK 15,000 and earn TK 45,000! Call: [PHONE]",1
মেধাবী ছাত্রছাত্রীদের জন্য শিক্ষাবৃত্তির সুবিধা ও অভিজ্ঞ ডাক্তারের সাথে সরাসরি ফ্রি পরামর্শসহ বছরে ৳১৯০০ হেলথ কভারেজের সাথে হেলথ প্লাসের অন্যান্ন সুবিধা পেতে START RP লিখে পাঠিয়ে দিন 28477.,5
"Apnar jomi bikrir taka joma hoyeche, call korun: [PHONE]",8
Shakib er shathe ekdin katanor sujog pete ajii IPL e baji dhorun. Shuru korun: [URL],6
"Apnar BDT 5,000 gift card Aarong theke dabi korun. Ekhonei [URL] visit korun.",6
Football e baji dhoro ebong ekta bilashbohul gari jitun! Shuru korun: xini.eu/00Qe,6
ঘরে বসে মোবাইল থেকে টাকা ইনকাম করুন! একটি ক্লিকে বিস্তারিত জানুন: [URL],5
Electricity bill due! Pay 8000TK within 24 hours or connection cut.,1
আপনি recent lottery জিতেছেন! Claim now using code 78452 at [URL],3
"২০,০০০ টাকা বিনিয়োগে ৬০,০০০ টাকা পান! কল করুন: [PHONE]",9
Casino te baji dhorun ebong ekti free gari jitun! Ajei jog din: [URL],6
আপনার ফেসবুক প্রোফাইল আপডেট করুন। এখানে ক্লিক করুন: [URL],2
BPL বাজি ধরুন এবং একটি free watch জিতুন। এখনই click করুন: [URL],0
"বাংলালিংক গ্রাহক, আপনার সিম ব্লক করা হবে যদি ২৪ ঘণ্টার মধ্যে তথ্য যাচাই না করেন। এখনই ভিজিট করুন [URL] এবং NID আপলোড করুন।",5
Warning! আপনার bKash account unusual transaction detect হয়েছে। Confirm করতে এখনই visit করুন [URL] before any fund loss occurs,3
Apnar account ti verify korte call korun [PHONE],8
জয়! আপনি BMW গাড়ি জিতেছেন লটারিতে। নিবন্ধন: bmw-winner.ml,5
"You have won 2,000 taka prize from Janata Bank! Call: [PHONE]",1
মাশরাফির সাথে ডিনার করার সুযোগ পেতে ক্যাসিনোতে বাজি ধরুন। ক্লিক করুন: [URL],0
"Your land sale money has been deposited, call: [PHONE]",1
প্রতি রেফারে 75 টাকা সর্বনিম্ন 500 টাকা উইথড্র করতে পারবেন। [URL],5
"Priyo byaboharkaari, apni ki bus bhara niye chintito, ei Eid e shostay bus er ticket pete ekhonii nicher link e click korun।",6
Congratulations! আপনি ২ লাখ TK lucky draw prize জিতেছেন। Claim করতে visit করুন [URL] with code 5721,3
"Free te mining kore income korun. 100% free. Telegram app thakle i hobe. Link e click kore start korte hobe, 6 ghonta por por token claim korte hobe. Ar kono kaj nei. [URL]",6
"ক্যাসিনোতে বাজি ধরুন এবং ১০,০০০ টাকা ক্যাশব্যাক জিতুন! শুরু করুন: xini.eu/00Qe",0
আপনার Nagad account suspend হতে পারে। Confirm now [URL],3
Facebook lottery winner! You won 2500 BDT. Claim fee 8500 TK: [URL] Winner: FL8832,1
Apnar mobile recharge korte call korun: [PHONE],8
প্রিয় গ্রাহক আপনার নাম্বারের ১০ জিবি ইন্টারনেট এবং ১০০ মিনিট ফ্রি পেতে নিচের লিংকে ক্লিক করুন,5
ঘরে বসে online income করুন! কোন training required নেই। Details জানতে call করুন: [PHONE],3
🌿 apnar refer link👇👇 [URL] 🌷 proti refer e paben 75 TK Daily Earn Money mane agun. 🫠 amader Bot theke shara bochor kaj korte parben.,6
আপনার GP FlexiPlan অফার বাতিল করা হয়েছে। পুনরায় সক্রিয় করতে এখনই [URL] ভিজিট করুন এবং কার্ড তথ্য প্রদান করুন।,5
আপনার Robi SIM বন্ধ হয়ে যাবে। এটি চালু রাখতে [URL] ভিজিট করুন।,5
"Agrani Bank balance discrepancy alert: Apnar account balance er sathe 15,000TK mismatch found. Verify korte ekhuni login korun: [URL] Delay hole apnar account automatic hold hoye jabe.",8
apnar facebook profile update korun. ekhane click korun: [URL],8
আপনার ইমেল ঠিকানাটি যাচাই করতে এখানে ক্লিক করুন: [URL],2
Janata Bank থেকে urgent message। বিস্তারিত জানতে এখানে click করুন: [URL],2
Apnar credit score update korte kol korun [PHONE],8
protidin 200-300 taka income korar sohoj upay! click korun: [URL],6
আপনি একটি free gift card জিতেছেন! এখানে click করে collect করুন: [URL],2
আপনার account temporarily blocked করা হয়েছে। Unlock করুন: [URL],3
100+ mobile games খেলতে এবং প্রতিদিন 25 crore টাকা পর্যন্ত cash prize জিততে biggest social gaming app download করুন।,5
"Your loan application successful হয়েছে। To receive the fund, please send us a processing fee of ৳3,000। More info এর জন্য, এই number এ call করুন।",1
একটি Samsung Galaxy phone জেতার opportunity! এই message-এ 'GALAXY' reply দিন।,1
Casino-te bet korun ebong 100% bonus jitun! Ekhane shuru korun: [URL],6
"আপনার Bank Asia account-এ TK 18,750 suspicious transaction দেখা গেছে। Immediately verify: [URL]",3
Bitcoin niye bishesh offer! Ekhonei login korun: [URL],6
bKash account has an error. Call for quick solution: [PHONE],1
"EBL customer, suspicious transaction attempt hoyeche apnar credit card diye. Unlock korte apnar mother’s name and pin verify korte hobe. SMS reply korun: UNLOCK with details within 6 hours. Na korle card permanently block hoye jabe.",8
"আপনার land selling-এর money জমা হয়েছে, call করুন: [PHONE]",3
নগদ অ্যাকাউন্ট ব্লক হয়েছে। পুনরায় চালু করতে এখানে ক্লিক করুন: [URL],2
কৃষকদের জন্য সরকার দিচ্ছে পঞ্চাশ হাজার টাকা পর্যন্ত ভর্তুকি। ভর্তুকি পেতে এখনই যোগাযোগ করুন [PHONE],5
Customs alert: Dubai theke asha ekta parcel apnar naam e stop hoyeche. Release korte ekhuni apnar full details confirm korun [URL] Fee joma dite hobe immediately.,8
Islami Bank notice: Apnar profile er KYC update complete hoy nai. Verification korte visit [URL] Action na nile apnar account deactivate hoye jabe ar taka harano jete pare.,8
"Nagad account e 10,000 TK joma hoyeche. bistarito jante call korun: [PHONE]",6
Mashrafi-র সাথে খেলার jersey জিততে আজই betting start করুন! শুরু করুন: [URL],4
"*Bari te boshe form fillup er kaj. * 5ta form fillup 510 taka, amader company te kichhu lok neoya hocche. *Shikkhagotto joggota: Bangla porate parleii hobe *Phone e WhatsApp thakte hobe. *Beton: [PHONE] taka",6
Call to restart your internet connection [PHONE],1
Flash sale! Next 24 hours-এর জন্য Daraz-এ 70% পর্যন্ত discount পান. আপনার discount claim করতে এখানে click করুন: [URL],2
"Priyo shikkharthi! Coronavirus er karone tomader upobrittir 4,200 taka deoya hocche. Taka grohoner jonno nimnobhukto shikkha board er number e jogajog korun. Mobile: [PHONE] , Jogajog er somoy sokal 10 ta rat 7:30 ta porjonto B:D: Ekta bkash number nie phon dite hobe",6
You have received an important notification. Click here to view it: [URL],7
"ইউরোপীয় চ্যাম্পিয়নশিপে বাজি ধরুন এবং ২০,০০০ টাকা ক্যাশব্যাক জিতুন। যোগ দিন: [URL]",0
Bangladesh Bank notice: Apnar NID mismatch detect hoyeche tax refund er jonno. OTP submit korun within 24hr at [URL] Delay hole refund cancel hobe.,8
আপনার ফোন নম্বরটি ৫০০০ টাকা পুরস্কার জিতেছে! বিস্তারিত জানতে কল করুন [PHONE],9
City Bank ATM suspicious withdrawal detect হয়েছে। Protect করতে visit করুন [URL] এবং validate OTP 4723,3
"""অভিনন্দন! আপ্নি পাসেন"" ""বিকাশ"""" & BRAC""""N.G.O"""" pokko teke """"STUDENT বৃত্তি"""" (টাকা-10,499/) আপনার পরিমাণ আইডি: এখন আপনার প্রার্থী নির্বাচন করুন: Bestarito Janta Call korun office: [PHONE] (am 11 to 5pm} ওথোভা""""ঠিক আছে""""লিখা এসএমএস করব? আমড়া আপনের কেচা কল করবো.!""",5
আপনি recent lottery prize জিতেছেন! Claim now at [URL],3
Sonali bank account-e somossa hoyeche. Call korun: [PHONE],8
Mashrafe-র সাথে exclusive meeting-এর opportunity পেতে BPL-এ betting করুন। এখনই click করুন: [URL],5
Electricity meter reading shows illegal usage. Pay fine 3200 TK: [URL] Meter: EM4493,1
"Meta pro space কাজ করলে inbox Only ৬ dollar বাংলা ৭৫০ TK দিয়ে account করে lifetime income করুন, সাথে আছে monthly salary, ৫ line free income, slot income, ৩০ June-এর মধ্যে ১২ dollar বাংলা ১৫০০ TK দিয়ে ২টা program কিনে নিলে পাচ্ছেন 0.05 bnb-এর mps nft free অর্থাৎ ২৯ dollar free পাচ্ছেন বাংলা ৩৬২৫ TK| এমন opportunity আর পাবেন না, ৩০ June-এর মধ্যে যারা account করবে তারাই পাবে এমন chance miss করবেন না Quickly account করে ফেলুন",5
Apnar Payoneer account temporary hold hoyeche suspicious login er jonne. Account unlock korte ekhuni verification korte hobe: [URL] OTP provide na korle taka freeze hobe.,8
Emergency! আপনার জব একাউন্ট হ্যাক। সুরক্ষিত করুন: secure-job.tk,5
Your property tax assessment increased dramatically. Appeal with fee 15000 TK: [URL],1
Apple iPhone 12 জিতেছেন! Delivery confirm করতে call করুন: [PHONE],3
"DBBL account holder, apnar account e ekta suspicious transaction detect kora hoyeche jeta apnar approval ছara hoyeche. Security reason e account temporarily lock kora hoyeche. Please verify korte ei link visit korun: [URL] otherwise account permanently suspend hoye jabe.",8
"আপনার কার্ড থেকে আজ ১৫,০০০ টাকা কেটে গেছে। এটি রোধ করতে [URL] ভিজিট করুন।",5
"Akorshonio chakri o porashonar, mashik beton 2 lokkho+ ebong dokkhyn koriay e sthayi boshobasher shujog. Binamulye tuition o thakar byobostha. Jogajog korun: [PHONE] [PHONE]",6
Call to update your insurance policy [PHONE],1
Apnar bKash account block hoyeche. Punoray shokrio korte ekhane click korun: [URL],8
আপনার bank account থেকে unknown transaction হয়েছে। Detail জানতে call করুন [PHONE],3
apnar credit card-er limit barate ekhane click korun: [URL],8
Shakib-এর সাথে free match ticket জিততে cricket-এ বাজি ধরুন! শুরু করুন: [URL],0
Court order! Property seizure within 72 hours unless 300TK paid.,1
[URL] প্রতি রেফারে ২৫০ টাকা ইনকাম করতে পারবেন। উপরের ২ টি লিংক এ ক্লিক করে start করুন এবং Telegram website থেকে দেয়া সেই লিংক টা আপনার প্রেন্ড দের কাছে শেয়ার করুন।,5
আপনাকে job এর জন্য select করা হয়েছে। daily ৩৫০০TK salary পাবেন। জানতে click করুন [URL],5
"Dear student! Due to Coronavirus, your 4,200TK stipend is being processed. Contact education board at [PHONE] (10am-7:30pm). Note: Must have bKash number when calling.",1
"Football-এ bet ধরুন এবং 5,000 টাকা cashback জিতুন। Start করুন: [URL]",0
"""Welcome to cloud colors! Let's decorate your home easily with installments. Order online and possibly get it within this month - [PHONE] """,1
"Meta pro space work opportunity. Invest 750TK (6 USD) for lifetime income with monthly salary, free 5-line income, slot income. Special offer until 30 June - get free 0.05 bnb mps nft worth 3625TK (29 USD). Don't miss this chance!",1
আপনার bKash account এ unusual transaction detect হয়েছে। Immediate action নিতে visit করুন [URL],3
আপনার ড্রাইভিং লাইসেন্স আপডেট করতে কল করুন [PHONE],9
Apnar mobile recharge korte call korun: [PHONE],8
Your son's university admission canceled. Restore with donation 75000 TK: [URL],1
Your phone number has won TK5000 prize! Call for details [PHONE],1
"European Championship-এ bet ধরুন এবং 20,000 টাকা cashback জিতুন। Join: [URL]",0
আজই ক্যাসিনোতে বাজি ধরুন এবং একটি বিলাসবহুল ট্রিপ জিতুন! যোগ দিন: [URL],0
Congratulations! ৩ লাখ TK lottery prize জিতেছেন। Claim at [URL] with code 9863,1
আপনার email address টি verify করতে এখানে click করুন: [URL],2
Casino-te baji dharun ebong 7 diner jonno ekti free trip jitun! Ekhoni shuru korun: [URL],6
"আপনি খণ্ডকালীন বা পূর্ণ-সময়ের জন্য নির্বাচিত হয়েছেন, প্রতিদিন 500 টাকা, খালি পদের জন্য আবেদন করুন এবং এই সুযোগটি গ্রহণ করুন [URL]",5
Bangladesh Bank account-এ error দেখা দিয়েছে। Call করুন: [PHONE],3
Get a chance to lunch with Shakib by betting on cricket! Start here: [URL],4
SCHOOL PART TIME TEACHER POST APPLY Now. Online selection process. Selection will be based on numbers. Send B.SC pass Marksheet and certificate to WhatsApp [PHONE],1
"প্রিয় গ্রাহক, কলকাতা TS ATM.Txn# S [PHONE] এ 31-12-2019 তারিখে A/cXX থেকে 25000 টাকা তোলা হয়েছে৷ আপনার দ্বারা না করা হলে, আপনার কার্ড ব্লক করতে নিবন্ধিত মোবাইল নম্বর থেকে এই এসএমএসটি [PHONE] এ ফরোয়ার্ড করুন বা অবিলম্বে [PHONE] -স্টেট ব্যাঙ্ক অফ ইন্ডিয়াতে কল করুন",5
"20,000 taka biniyoge 60,000 taka pan! Call korun: [PHONE]",6
Court summons issued. Settle 28495 TK to avoid arrest: [URL],1
Warning! DBBL online banking এ suspicious login detect হয়েছে। Verify করতে visit করুন [URL] এবং complete security check,3
Eid occasion-এ BRAC Bank সবার bKash account-এ ১০০০ টাকা করে দিচ্ছে bonus হিসাবে। আমি এইমাত্র bKash-এর website-এ আমার number দিয়ে money নিলাম। আপনি যদি | এখনো না পেয়ে থাকেন তাহলে নিচের link-এ ঢুকে আপনার bKash number দিন আর সাথে সাথে পেয়ে যাবেন ১০০০ টাকা। Link: [URL],5
"Alert! আপনার Nagad app থেকে ১৫,০০০ TK unauthorized debit detect হয়েছে। Protect করতে visit করুন [URL] এবং OTP 7612 submit করুন।",3
Alert! আপনার জব বেনিফিট একাউন্ট সাসপেন্ড। রিঅ্যাক্টিভেট: reactivate-account.cf,5
Error detected in Sonali Bank account. Click here for details: [URL],7
Jamuna Bank final reminder: Apnar account er profile incomplete thakar karone closure initiate kora hobe. Prevent korte login korun: [URL] Verification na korle apnar taka freeze hoye jabe permanently.,8
Islami Bank Bangladesh দিচ্ছে Eid occasion-এ gift voucher ও বিশাল offer details নিচের link-এ [URL],1
Important message from Janata Bank. Call: [PHONE],1
বাংলাদেশ ব্যাংক থেকে গুরুত্বপূর্ণ বার্তা। জরুরি ভিত্তিতে কল করুন: [PHONE],9
"Ajii IPL e baji dhorun ebong 10,000 taka cashback jitun. Shuru korun: [URL]",6
Apnar password ta reset korte hobe. Ekhane click korun: [URL],8
Urgent message for you from Sonali Bank. Click here for details: [URL],7
"BPL বাজি ধরুন এবং 10,000 টাকা cashback জিতুন। শুরু করুন: [URL]",0
"Congratulations! আপনি Airtel lottery-তে 5,00,000 BDT জিতেছেন। আপনার prize claim করতে, আপনার personal details পাঠান 017XX এ।",3
Insurance alert: Apnar health insurance expire hoye geche. Renewal korte ekhuni pay korun otherwise apnar claim cancel hoye jabe.,8
কাজ করতে চাইলে inbox ১০০ টাকা নিচে কোন product sell দিলে ২৫ টাকা commission পাবেন ১০০ থেকে ১০০০ টাকার মধ্যে কোন product sell দিলে ৫০ টাকা আর ১০০০ টাকা থেকে দুই হাজার টাকার মধ্যে দিলে ১০০ টাকা commission পাবেন,5
"Your Pubali Bank student loan approved for 200,000TK. Claim: [URL]",1
"ডাচ্-বাংলা ব্যাংক গ্রাহক, আপনার কার্ড নম্বর এবং OTP জরুরি ভিত্তিতে যাচাই করতে হবে। অন্যথায় অ্যাকাউন্ট বন্ধ হবে। ভিজিট করুন [URL]",5
Your email storage exceeded limit. Upgrade with payment 2800 TK: [URL],1
[URL] Earning 200-300 taka daily is very easy,6
Free income. Kaj korte chailey link click kore account koren. [URL],6
Apnar credit card samoyikbhabe lock kora hoyeche. card service line call korun. (786) 319- 4482,8
জনতা ব্যাংক থেকে গুরুত্বপূর্ণ বার্তা। কল করুন: [PHONE],9
"প্রিয় xxx, অভিনন্দন! আপনার আবেদন এবং রিজিউম যাচাই করার পরে, আমরা আনন্দের সাথে একটি চাকরির প্রস্তাব দিচ্ছি। আপনার গ্রহণযোগ্যতা দিয়ে এই ইমেলটির উত্তর দিন এবং বেতন জমা দেওয়ার জন্য আপনার ব্যাংকের বিবরণ প্রদান করুন।",5
Income tax audit notice. Appear with documents or pay 25000 TK: [URL] File: TX7429,1
WARNING: Your IFIC Bank account locked due to suspicious activity. Unlock now: [URL] Code: IF8832,1
Your AB Bank savings account frozen due to security breach. Unfreeze with fee 23847 TK: [URL],1
"Bekar jubok, juboti, grihini, retired bektider jonno ghore bose online-e somoy kom niye prochur TK uporjon korar suborno sujog",6
Bitcoin দিয়ে সহজে money earn করুন! আজই start করুন: [URL],5
আপনার bank account security র জন্য login করুন: [URL],3
"""Congratulations! আপনি পাসেন"" ""bKash"""" & BRAC""""N.G.O"""" project থেকে """"STUDENT scholarship"""" (টাকা-10,499/) আপনার amount ID: এখন আপনার candidate select করুন: Bestarito Janta Call করুন office: [PHONE] (am 11 to 5pm} অথবা""""ঠিক আছে""""লিখা SMS করবেন? আমরা আপনার কাছে call করবো.!""",3
আপনার numberটি একটি special offer-এ selected হয়েছে! Prize পেতে call করুন [PHONE],3
Update your account immediately or it will be closed. Click link: [bit.ly/AccountUpdateBD],1
ইউরোপীয় চ্যাম্পিয়নশিপে বাজি ধরুন এবং একটি বিলাসবহুল হোটেল বুকিং জিতুন। ক্লিক করুন: [URL],0
Your ATM card cloned! Block korte PIN number confirm korun.,8
Mashrafi r soi kora bat jitte casino te baji dhorun. Ekhonii jog din: [URL],6
Kono credit check charai 100% credit card onumodon. Ajei abedon korun. Jogajog: [PHONE],6
"100% guarantee shoh Malaysian, European, America, Canada visa pete ajei jogajog korun [PHONE] , ogrim fee lagbe na.",6
আপনার নাম্বারটি একটি বিশেষ অফারে নির্বাচিত হয়েছে! পুরস্কার পেতে কল করুন [PHONE],9
দৈনিক ১৫০০ TK earn করতে চাইলে please এই link এ click করুন এবং job register করুন: [ [URL] যদি any question থাকে তাহলে inbox করুন।,5
Fake job alert: Apni Software Engineer position shortlist hoyechen. Joining er age 5000TK processing fee pay korte hobe Nagad [PHONE] e. Payment chara offer cancel hobe.,8
Call to verify your account security [PHONE],1
"আপনার জমি selling-এর টাকা জমা হয়েছে, call করুন: [PHONE]",3
"প্রিয় গ্রাহক, আপনার মোবাইল নম্বরটি ব্লক করা হচ্ছে। এটি এড়াতে 017XX নম্বরে কল করে আপনার পরিচয় নিশ্চিত করুন।",5
"Bhalobhabe cheshta korle mashe 30-60 hajar taka income korte parben ...!🥰Kaj korte na chaile o ekbar amader online class ta korun, asha kori bhalo lagbe. Shudhu telegram id lagbe.",6
আপনার password reset করতে হবে। এখানে click করুন: [URL],2
"You have won 1,000 taka prize from bKash! Click here for details: [URL]",7
Get the chance to spend a day with Shakib by betting on IPL today. Start: [URL],4
"There's an American website, work is simple If you do 3 tasks daily, they pay TK85, no investment needed. Anyone who wants to do it, inbox and I'll explain everything 🤟😊 If you invite, you'll get money very quickly.. Many didn't want to do this.. Now they're doing it and earning well..",1
Casino te baji dhorun ebong 7 diner jonno ekti free trip jitun! Ajei jog din: [URL],6
"If you want to work, inbox. You will get 25 taka commission if you sell any product below 100 taka, 50 taka if you sell any product between 100 to 1000 taka, and 100 taka commission if you sell between 1000 to 2000 taka",1
Land registration office notice! Complete process with 25000TK fee immediately.,1
Sonali Bank account e somossa hoyeche. Kol korun: [PHONE],8
"Ekta American website ache kaj Simple protiddin 3ta kaj korle 85 taka dey, kono invest lagbe na keu korte chailey inbox shob bujhai dibo 🤟😊 invited korle taka khub druto peye jaben.. onekei eta korte chaisilena na.. ekhon kore tara valoyi income korche..",6
আপনার credit card টি immediately update করুন। এখানে click করুন: [URL],2
"Sonali Bank থেকে 1,000 টাকা reward জিতেছেন! Details জানতে call করুন: [PHONE]",3
DXN মাল্টিনেশনাল কোম্পানি দিচ্ছে ভাতাসহ উচ্চবেতনে চাকরির সুযোগ। জরুরি যোগাযোগ করুন [PHONE],5
Your WhatsApp account suspended! Reactivate: [URL],1
"Your loan application successful হয়েছে। To receive the fund, please send us a processing fee of ৳2,500। More info এর জন্য, এই number এ call করুন।",1
"Update your credit card, otherwise it will be closed. Click here: [URL]",7
"Football star খেলে ১০,০০০ টাকা জিতুন প্রতি সপ্তাহে যোগাযোগ [URL]",5
Casino te baji dhorun ebong ekta free iPhone jitun! Shuru korun: [URL],6
Traffic police fine 3000 TK for violation. Pay online to avoid court: [URL],1
শাকিবের সাথে ফ্রি ম্যাচ টিকিট জিততে ক্রিকেটে বাজি ধরুন! শুরু করুন: [URL],0
Bangladesh Bank থেকে একটি emergency message এসেছে। Call করুন: [PHONE],3
"Islami Bank Bangladesh is giving gift vouchers and huge offers on the occasion of Eid, details in the link below [URL]",1
সতর্কতা! Bank Asia online login failed হয়েছে। Reset now: [URL] এবং secure password set করুন immediately,3
Error found in Bangladesh Bank account. Call: [PHONE],1
Apnar puroskar er taka pete call korun: [PHONE],8
আপনার GP সিম থেকে অন্য দেশে কল হয়েছে। এটি বন্ধ করতে সাথে সাথে [URL] এ লগইন করুন।,5
আপনার DBBL account-এ suspicious activity report করা হয়েছে। Immediately call [PHONE] to avoid suspension.,3
"GP গ্রাহক, ২৪ ঘণ্টার মধ্যে অ্যাকাউন্ট ব্লক এড়াতে [URL] এ লগইন করুন। নাম্বার ও OTP দিন।",5
Bank security breach detected. Protect account with 1500 TK security fee: [URL],1
Bkash bonus claim korte OTP din. Apnar 2000TK wait korche! Link: [URL],8
Casino-তে bet করুন এবং একটি free iPhone জিতুন! Start করুন: [URL],4
"Attractive jobs and studies, monthly salary 2 lakh+ and PR opportunity in South Korea. Free education and accommodation. [PHONE] [PHONE]",1
Work for our company. Earn online sitting with your mobile/computer. Contact number: [PHONE],1
শুধুমাত্র আপুদের জন্যে😍😍 ঘরে বসেই ফোন এর মাধ্যমে কাজটি করতে পারবেন☺ অযথা fb তে সময় না কাটিয়ে সেই সময়টুকু ব্যবহার করে daily ২০০ -৪০০ TK এবং মাসে [PHONE] TK income করতে পারবেন In sha Allah😍,5
"Apnar jomi bikrir taka joma hoyeche, call korun: [PHONE]",8
Alert! আপনার bKash account unauthorized fund transfer detect হয়েছে। Secure করতে click করুন [URL] এবং OTP 8932 submit করুন,3
Apply for laptop under Prime Minutes laptop scheme [URL],1
আপনার City Bank card expire হয়েছে। Update করতে click করুন [URL] কোনো delay হলে আপনার account block হতে পারে।,3
আপনার transaction complete করতে click করুন: [URL],3
Nagad wallet alert: Apnar account e multiple devices connect kora hoyeche jeta suspicious activity. Apnar taka secure korte login korun ekhuni: [URL] Delay hole account suspend hoye jabe.,8
Apnar Dutch Bangla Bank account e billing somossa hoyeche. Somossa shomadhaner jonno ekhane click korun: cutt.ly/U6zMFTY,8
আপনার ব্যাংক অ্যাকাউন্টের পাসওয়ার্ড পরিবর্তন করুন। অনুগ্রহ করে এখানে ক্লিক করুন: [URL],2
"আপনার রবি সিম থেকে অজানা নাম্বারে ২,৫০০ টাকা পাঠানো হয়েছে। বাতিল করতে robirefund24.me এ ক্লিক করে OTP দিন।",5
"Attractive job ও study, monthly salary ২ lakh+ এবং South Korea এ permanent residence এর opportunity। Free tuition ও accommodation এর ব্যবস্থা। Contact করুন: [PHONE] [PHONE]",5
Free te mining kore income [URL],6
"নগদ অ্যাকাউন্টে ১০,০০০ টাকা জমা হয়েছে। বিস্তারিত জানতে কল করুন: [PHONE]",9
"10,000 taka biniyoge 30,000 taka orjon korun! Call korun: [PHONE]",6
Emergency: আপনার হেলথ ইন্স্যুরেন্স ক্যানসেল। রিনিউ: health-insurance.cf,5
"Invest TK 3,200 and get double profit! Call: [PHONE]",1
আপনার EXIM Bank account এ recent login from unknown device detect হয়েছে। Verify করতে visit করুন [URL] এবং provide OTP 9482।,3
Call [PHONE] to renew your car insurance,1
"BRAC Bank er final warning: Apnar account balance er against e 10,000TK er mismatch detect kora hoyeche. Ei error resolve korte please update your profile ekhuni: [URL] Delay hole apnar account hold hoye jabe.",8
"বেকার যুবক, যুবতী, housewife, retired ব্যক্তিদের জন্য ঘরে বসে online-এ স্বল্প সময়ে প্রচুর টাকা earning করার golden opportunity",5
"আপনার সাম্প্রতিক অ্যামাজন কেনার জন্য আপনাকে ধন্যবাদ. আপনাকে $180.34 চার্জ করা হয়েছে। যদি কোন ভুল হয়ে থাকে, অনুগ্রহ করে কল করুন (407)438-4356",5
You have won a lucky draw! Click here to collect your prize: [URL],7
Warning! DBBL online banking এ suspicious login detect হয়েছে। Verify করতে visit করুন [URL] এবং complete করুন security check,3
COVID-19 fine 5000 TK for not wearing mask. Pay online: [URL] Citation: CV8832,1
Bangladesh Bank থেকে urgent message। Call করুন: [PHONE],3
Having login problems with your bank account? Click here: [URL],7
Apnar number ti puraskar jiteche. Bistrito jante kol korun [PHONE],8
আপনার City Bank OTP expire হয়েছে। Get new OTP at [URL] before any transaction fail।,3
You have received a money transfer of 25000 BDT. Collect from: [URL],1
➡️আপনি কি অনলাইনে কাজ করতে চান??..আমাদের প্রজেক্টের নাম হলো:Forgsec. io 🆓আমরা টেলিগ্রামে লাইভ ক্লাসের মাধ্যমে ফ্রিতে ১/২টা ক্লাস করিয়ে সম্পুর্ন কাজ শিখিয়ে দিব✅✅ 🔜আমাদের সাইড এ রয়েছে' প্রতিদিন ইংকাম এবং প্রতিমাসে বেতন এর সু-ব্যাবস্থা☑️☑️ সব কিছু জেনে বুঝে প্রমান নিয়ে কাজ করবেন ১০০% রিয়েল কাজ✅,5
"Your land sale money has been deposited, call: [PHONE]",1
জয়! আপনি iPhone 15 Pro জিতেছেন। পেতে ক্লিক করুন: win-iphone.ml,5
"Your mobile number has won TK 10,000 lottery! Call for details [PHONE]",1
আপনার credit card-এর security ensure করতে এখানে click করুন: [URL],2
Your account এ suspicious activity হয়েছে। Login করে verify করুন: [URL],3
Priyojoner mukhe hashi futate dial *213*6551# charge 82.67 protidin,1
Apnar debit card er shima bridhdhi korte ekhane click korun: [URL],8
"প্রিয় গ্রাহক, আপনার bKash অ্যাকাউন্টে ১০,০০০ টাকা জমা হয়েছে। বিস্তারিত জানতে এখানে ক্লিক করুন: [URL]",2
Shakiber shoi kora bat jitte ajei crickete baji dharun! Ekhane click korun: [URL],6
"You have been selected for part-time or full-time, 500 taka daily, apply for vacant positions and take this opportunity [URL]",1
Your account is not secure. Send 4000 taka to this number: [PHONE] l.,1
Emergency! আপনার ক্রেডিট কার্ড ব্লক। আনব্লক: unblock-credit.cf,5
"Priyo grahok, aj rat 11.30 tay bidyut office theke apnar bidyut shongjog bichchinno kora hobe karon apnar ager mash er bill porishod kora hoynii. Onugroho kore obilombo amader bidyut kormokortai shathe [PHONE] number e jogajog korun dhonnobad।",8
◆ তেমন যোগ‍্যতা থাকলে অনলাইনে পড়িয়ে রোজগার করা যায়। এইজন‍্য User- [PHONE] মহাশয়ের সাথে যোগাযোগ করতে পারেন।,5
"প্রিয় শিক্ষার্থী, মাধ্যমিক পরীক্ষায় উত্তীর্ণ হওয়ায় অভিনন্দন। আজকের তুমি আগামী বাংলাদেশের ভবিষ্যৎ, আমরা তোমার অপেক্ষায়। কুমিল্লা সিটি কলেজ(EIIN:134648)কোটবাড়ি, কুমিল্লা মোবাইল: [PHONE]",5
Bangladesh Bank accounte truti dekha diyeche. Call korun: [PHONE],6
"Apni shorkari bonus scheme er jonno nirbachito hoyechen, 50,000 porjonto pete jogajog korun [PHONE] number e Bonus scheme Bangladesh Orthomontronaloy",6
Your Trust Bank debit card expires today. Renew: [URL] or lose access,1
Bank transfer of 75000 TK failed. Retry with processing fee 2800 TK: [URL],1
সতর্কতা! Robi number ০১৭XX unauthorized call detect হয়েছে। Check now at [URL] এবং reference 6732 submit করুন,3
দয়া করে আপনার ছেলের সমস্যার জন্য তাড়াতাড়ি টাকা পাঠান।,5
* FIFA 2022 কার্টেল বিশ্বকাপ দেখার জন্য সারা বিশ্বের মানুষকে বিনামূল্যে 50GB ডেটা দেয়৷* * আই হ্যাভ রিসিভড মাইন।** এটি খুলুন* [URL],5
"Get TK 1,00,000 by investing TK 50,000! Call: [PHONE]",1
[URL] উপরে দেওয়া link-এ click করে daily ২০০ থেকে ৩০০ টাকা income করতে চাইলে এখনি click করুন,5
Free income ।কাজ করতে চাইলে link click করে account করেন । [URL],5
জরুরি নোটিশ: আপনার পানির বিল বকেয়া। সংযোগ বিচ্ছিন্নের আগে: water-bill.ga,5
আপনার credit card-এর limit increase করতে এখানে click করুন: [URL],2
"ফুটবল স্টার খেলে ১০,০০০ টাকা জিতুন প্রতি সপ্তাহে সপ্তাহে যোগাযোগ [URL]",5
Immigration office requires additional documents for visa. Processing fee 8500 TK: [URL],1
আপনার ব্যাংক অ্যাকাউন্টের বিবরণ আপডেট করুন। দয়া করে এখানে লগইন করুন: [URL],2
অ্যাপল আইফোন ১৫ জিতেছেন! ডেলিভারি নিশ্চিত করতে কল করুন: [PHONE],9
Your ATM card blocked due to security reasons. Unblock: [URL],1
"Urgent. Post Name: FPO & Branch Accountant. Your Exam Date:04/05/24 (Saturday). Time:09:00 AM. Venue: Sylhet Zone Office. Bring 2 passport photos, CV, manual job application (in Bengali), referral form (if any), NID photocopy, attested copies of original certificates. Address: Baitul Jannat Jame Masjid opposite, Shahjalal Upashahar Main Road. Contact: [PHONE] . Apply to: Deputy Director, HR Department, Head Office, Ring Road, Adabor Dhaka 1207.",1
"Earn TK15,000 by investing TK5,000! Call: [PHONE]",1
Banking fraud detected. Secure account immediately: click verify-account-bd.tk,1
"আপনি অনলাইনে একটি খণ্ডকালীন/পূর্ণ-সময়ের চাকরির জন্য নির্বাচিত হয়েছেন। কাজটি খুবই সহজ, কোন সময় সীমা নেই, কোন স্থানের সীমা নেই, এটি ঘরে বসে করা যায়, দৈনিক বেতন 1000-5000TK, একটি চাকরি খুঁজতে হোয়াটসঅ্যাপ ম্যানেজারের সাথে যোগাযোগ করুন: [URL]",5
"Network marketing করে daily TK500-TK5000 💸 income করতে চান? কীভাবে করবেন আমি শেখাবো free, কোনো টাকা লাগবে না। আগে কাজ দেখবেন, প্রমাণ দেখবেন, ভালো লাগলে কাজ করবেন। কেউ করতে চাইলে inbox করুন ❤️‍🩹",5
"বাংলালিংক থেকে আপনার নাম্বারে ১০,০০০ টাকা লোন অনুমোদিত হয়েছে। টাকার জন্য আপনার PIN কোড দিন এই লিঙ্কে: [URL]",5
[URL] Account khullei. Ura dhura free income. Bishash na hole. Tumi nijei dekhe nao.,6
"নগদ অ্যাকাউন্ট থেকে ৫,০০০ টাকা পুরস্কার জিতেছেন! বিস্তারিত জানতে কল করুন: [PHONE]",9
Your Jamuna Bank account requires tax clearance certificate. Submit: [URL],1
"Your loan application successful হয়েছে। To receive the fund, please send us a processing fee of ৳2,000। More info এর জন্য, এই number এ call করুন।",1
Mashrafi র সাথে free trip জিততে আজই casino তে bet ধরুন। Click করুন: xini.eu/00Qe,0
Your NRB Commercial Bank trade finance suspended. Restore: [URL],1
জনতা ব্যাংক থেকে জরুরি বার্তা। বিস্তারিত জানতে এখানে ক্লিক করুন: [URL],2
"Priyo grahak, apnar City Bank credit card update kora proyojon. doya kore apnar tothho nischit korte 018XX number e call korun.",8
sonali bank account update korte ekhane click korun: [URL],8
আপনার ব্যাংক অ্যাকাউন্টের নোটিফিকেশন পাওয়া যাচ্ছে না। দয়া করে এখানে ক্লিক করুন: [URL],2
আপনার paymentটি process করতে আমাদের আপনার information প্রয়োজন। এখানে click করুন: [URL],2
"গ্রামীণফোন গ্রাহক, আপনার সিম ব্লক হয়ে যাবে যদি ২৪ ঘণ্টার মধ্যে NID যাচাই না হয়। এখনই [URL] এ লগইন করুন।",5
আপনার credit card-এর information verify করতে হবে। Please এখানে click করুন: [URL],2
CRITICAL: Your MTB Bank credit card compromised. Block now: [URL] or thieves steal funds,1
আপনার হাতে যদি daily 3-4 ঘণ্টা সময় free থাকে তাহলে যানাবেন। আশা করি খুব ভালো একটা কাজের chance দিতে পারবো। inbox করেন,5
আপনার লেনদেন সুরক্ষার জন্য অবিলম্বে লগইন করুন: [URL],5
আপনার electricity bill pay না হওয়ায় connection কেটে দেয়া হবে। Call করুন [PHONE],3
"বিলম্বে আপনার টাকা পাবেন না, দ্রুত কল করুন: [PHONE]",9
Sonali Bank থেকে alert: account suspend হতে পারে। Confirm করুন [URL],3
"Dear customer, your internet service is about to be shut down. Click here to restart: [URL]",7
আসসালামুআলাইকুম! আপনি কি বাড়িতে বসে কোন টাকা ইনভেস্টমেন্ট না করে টাকা ইনকাম করতে চান? তাহলে আমাদের বট এ কাজ করুন। আমাদের বট এ আপনি কোন ইনভেস্টমেন্ট ছাড়া ইনকাম করতে পারবেন। বট লিঙ্ক: [URL],5
"bKash থেকে ১,০০০ টাকা prize জিতেছেন! Detail জানতে এখানে click করুন: [URL]",2
Call to update your driving license [PHONE],1
"আপনার DBBL account থেকে ৳35,000 withdrawal detect করা হয়েছে। This is a fraudulent transaction. To cancel, dial 16216 immediately।",3
Mashrafi r shathe ekanto shomoy katanor sujog pete BPL e baji dhorun. Click korun: xini.eu/00Qe,6
মাশরাফির সাথে ফ্রি ট্রিপ জিততে আজই ক্যাসিনোতে বাজি ধরুন। ক্লিক করুন: xini.eu/00Qe,0
"DBBL account holder, apnar account e aksho 15,000TK er unauthorized transaction attempt hoyeche Malaysia theke. Ei suspicious activity temporarily block kora hoyeche. Account secure korte please visit [URL] immediately and submit apnar OTP with PIN. Jodi verification na koren, account permanently suspend hoye jabe ar apnar taka harie jete pare.",8
Apnar insurance policy update korte ekhane click korun: [URL],8
"DBBL Credit Card গ্রাহক, আপনার কার্ড লিমিট বাড়াতে এখনই আপনার পাসওয়ার্ড ও CVV দিন: [URL]",5
"Just 1 minute এ 1 লাখ টাকা prize! ঘরে বসে online quiz খেলে জিতুন 1 লাখ টাকা. Answer মাত্র ৩টি question, visit: [URL]",5
আপনার ডেবিট কার্ডের সীমা বৃদ্ধি করতে এখানে ক্লিক করুন: [URL],2
আপনার কাছে Amazon থেকে $200 নগদ মূল্য রয়েছে 2 দিনের মধ্যে মেয়াদ শেষ হবে৷ আমরা আপনাকে $500 পর্যন্ত পাওনা দিতে পারি। একটি সাম্প্রতিক সিদ্ধান্তের কারণে গত বছর আমরা আপনাকে অনেক বেশি চার্জ করতে পেরেছি। আপনার স্বয়ংক্রিয় সঞ্চয় প্রস্তুত.,5
New SIM নিন এবং free ৫০GB internet পান! Click করুন: [URL],5
Income tax refund 8500 TK ready for collection. Claim: tax-refund-bd.gov/collect Code: TR9923,1
"সোনালী ব্যাংক জানাচ্ছে, আপনার অ্যাকাউন্টে সন্দেহজনক লগইন চেষ্টা হয়েছে। যাচাই করতে [URL] ভিজিট করুন।",5
আপনার সিভি আমাদের চাকরির জন্য নির্বাচিত হয়েছে। দিনে ২-৩ ঘণ্টা কাজ করেই বাড়ি বসে রোজ ৮ হাজার টাকা বেতন পাবেন। অফার লেটার গ্রহণ করতে এই লিঙ্কে ক্লিক করুন।,5
Please update your credit card immediately. Click here: [URL],7
আপনার ব্যবসার জন্য ডিজাইন এবং মার্কেটিং সম্পর্কে জানুন! প্রফেশনাল পরামর্শ পান এবং ব্যবসা পরিচালনা এর দিকে তাকিয়ে চলুন। যোগাযোগ করুন বিস্তারিত জানতে এই লিঙ্কে ক্লিক [URL],5
Southeast Bank warning: Account will close in 3 hours. Prevent: [URL],1
Prime Bank থেকে urgent notification: account block হতে পারে। Visit [URL],3
"Jonota Bank theke 2,000 taka puroshkar jitechen! Bistarito jante ekhane click korun: [URL]",6
Apnar mobile application update korte call korun [PHONE],8
আপনার Dutch-Bangla Bank account unusual activity detect হয়েছে। Verify at [URL] now,3
Click here to increase your credit card limit: [URL],7
Your vehicle insurance expired. Immediate renewal required 8500 TK: [URL],1
"2,00,000 taka biniyoge 4,00,000 taka orjon korun! Call korun: [PHONE]",6
Get a chance to spend a day with Mashrafe by betting on BPL. Join: xini.eu/00Qe,4
Your driving license expired! Renew immediately or pay 5000TK fine.,1
Emergency: Your mother is in hospital. Send 5000 TK for treatment: [URL],1
"গ্রামীণফোন জানাচ্ছে, আপনার নম্বরে ভুয়া কল শনাক্ত হয়েছে। আপনার সিম ব্লক এড়াতে এখনই [URL] এ গিয়ে NID ও জন্মতারিখ দিন। যাচাই না করলে ২৪ ঘণ্টার মধ্যে সেবা স্থগিত হবে।",5
জরুরি নোটিশ: আপনার মেডিকেল রেকর্ড চুরি। সুরক্ষিত: protect-medical.ml,5
Bet on European Championship and win a luxury hotel booking. Click: [URL],4
City Bank urgent: Apnar internet banking access suspend hote cholche for suspicious device login. Please verify ekhuni [URL] Delay hole apnar taka transfer hoye jabe automatically.,8
Tax audit penalty 22738 TK due immediately: [URL],1
Bitcoin নিয়ে special offer! এখনই login করুন: [URL],5
"priyo shikkharthi, madhyamik porikkhay uttirno howay abhinondon. ajker tumi agami Bangladesher vobisshot, amra tomar opekkhay. Cumilla City College (EIIN:134648) Kotbari, Cumilla Mobile: [PHONE]",1
Career planning e shahaijyo nin! Apnar jonno adorsho kormosthal nirbachon korun ebong shothik koushol porikolpona korun. Professional shahaijyo pan - [PHONE],6
"আপনার ডাচ্-বাংলা ব্যাংক ক্রেডিট কার্ডে অননুমোদিত ৭৫,০০০ টাকা চার্জ হয়েছে। বাতিল করতে দ্রুত [URL] এ লগইন করুন এবং OTP প্রদান করুন।",5
Bangladesh Bank theke jururi barta. Bishtar janate ekhane click korun: [URL],6
"499 takay jitun 1 lakh taka, bistarito [URL]",6
আপনার রবি অ্যাকাউন্ট ব্লক করা হবে। পুনরায় চালু করতে [URL] এ গিয়ে লগইন করুন।,5
DBBL card renewal request: Apnar ATM card expire hote cholche. Renewal korte application form fillup korun ekhuni: [URL] Dheri korle card permanently cancel hoye jabe.,8
Congratulations! Dutch-Bangla lucky draw prize ৬ লাখ TK। Claim করতে visit করুন [URL] with code 9187 before ২৫ Sep,3
Bet on IPL today to get a chance for private meeting with Shakib Al Hasan. Start now: xini.eu/00Qe,4
Your phone number needs verification. Click here: [URL],7
আপনার bKash account temporary block হয়েছে। Reactivate করতে এখনই visit করুন [URL] and submit OTP 4529,3
প্রতিদিন ৫০০-৭০০ TK income করুন! Flexiload SIM ব্যবহার করে ঘরে বসে। Details জানতে inbox করুন।,5
আপনার bKash অ্যাকাউন্ট ব্লক হয়েছে। পুনরায় সক্রিয় করতে এখানে ক্লিক করুন: [URL],2
Online search দিন প্রিয় casino এবং জিতে নিন হাজার হাজার bonus মাত্র কয়েক ঘন্টায়।,5
Error detected in Bangladesh Bank account. Click here for details: [URL],7
Start betting today to win game jerseys with Mashrafe! Start: [URL],4
Billing issue detected in your Dutch-Bangla Bank account. Click to resolve: cutt.ly/U6zMFTY,1
"আপনার বিকাশ অ্যাকাউন্ট থেকে ৯,৮৫০ টাকা কেটে নেওয়া হয়েছে। ভুল হলে এখনই এই লিঙ্কে গিয়ে (bKash-refund.me) তথ্য দিন।",5
❤️Keu jodi online e kaj korte chan ad fee chara tahole inbox korun jototuku pari shahajjo kormu inshallah 🫶🫶🫶 📣💁‍♂️ Din bodlachhe network marketder. 🧑‍💻 ❤️‍🔥 Ekhon bishshe pray 32 lakh torun toruni network marketing niye kaj korchen. Ghore boshei ay koren dollar. Onderdero sujog kore dichhen. 🥀 Inshallah apnarao income paben 🥀 😊 Free income site link- [URL],6
"যেটা থেকে প্রতি কাজ করার পর আপনি ১২০০ টাকা পাবেন,,, এই জবটা করার জন্য আপনার একটা টাকা ইনভেস্ট করতে হবে না ফ্রি তে এই জব করতে পারবেন।",5
Bangladesh Bank account-এ error দেখা দিয়েছে। Call করুন: [PHONE],3
Bkash refund system: Apnar account e 2500TK refund wait korche but verify korte hobe. OTP pathan [PHONE] e or click korun: [URL] Apni verification complete na korle taka cancel hoye jabe.,8
Click here to verify your mobile number: [URL],7
"akorshoniyo chakri ebong porashona, mashik beton 2 lakh+ ebong PR sujog @ dokkhin Korea. binamulle shikkhadan ebong bashosthan. [PHONE] [PHONE]",6
Joruri vittite niyog: Office shohokari Thaka khawar shundor bebostha ache,6
"Obhinondon! Apni Airtel lottery te 5,00,000 BDT jitechen. Apnar puroskar dabi korte, apnar bektigoto biboran pathan 017XX e.",8
Your National Bank pension account frozen by government. Unfreeze: [URL],1
E-comerch Platform ( No Fee ) আমাদের কোম্পানিতে কাজ করে প্রতিদিন $10/$15 USDT আয় করতে চাইলে Inbox,5
Sweet news! আপনি একজোড়া movie ticket জিতেছেন! Prize claim করতে click করুন: [URL],3
Your CV has been selected for our job. Work 2-3 hours daily from home and get 8 thousand taka salary daily. Click this link to receive offer letter.,1
"আপনার সোনালী ব্যাংক অ্যাকাউন্টে সন্দেহজনক লেনদেন শনাক্ত হয়েছে। এখনই যাচাই করতে এই লিঙ্কে যান: [URL] এবং আপনার OTP দিন, না হলে অ্যাকাউন্ট স্থগিত হবে।",5
উপবৃত্তির 4200 টাকার জন্য Contact করুন: [PHONE] শিক্ষা বোর্ড,5
ঘরে বসে অনেক ভাবে ইনকাম করা যায়। যেমন কেউ ইউটিউবে ভিডিও তৈরি করে কেউ ব্লক তৈরি করে কেউ রিভিউ দেয় ইত্যাদি করে ইনকাম করা যায়। যদি আপনি এগুলা করতে না পারেন আরো সহ্জ পদ্ধতিতে দিতে ইনকাম করতে পারেন। এই অ্যাপসটা থেকে আমি অনেক টাকা ইনকাম করেছি। মাত্র ৫০ টাকা হলেই টাকা বিকাশে উইড্রো করা যায়। ভালো লাগলে অন্যদের সাথেও শেয়ার করুন আর নিচের দেয়া লিংক থেকে অ্যাপসটি ডাউনলোড করে নিবেন। বি: দ্রষ্টব্য: গেমটি ডাউনলোড হতে একটু সময় লাগে তাই ধৈর্য ধরে Download দিয়ে রাখুন। Join MSL to play exciting games online and WIN real CASH daily. Download MSL APP Now [URL],5
আপনার bank account-এ login problem হচ্ছে? এখানে click করুন: [URL],2
❤️কেউ যদি online এ কাজ করতে চান ad fee ছাড়া তাহলে inbox করুন যতটুকু পারি help করমু ইনশাআল্লাহ 🫶🫶🫶 📣💁‍♂️ দিন বদলাচ্ছে network marketer দের। 🧑‍💻 ❤️‍🔥 এখন বিশ্বে প্রায় 32 lakh তরুণ তরুণী network marketing নিয়ে কাজ করছেন। ঘরে বসেই earn করেন dollar। অন্যদেরও opportunity করে দিচ্ছেন। 🥀 ইনশাল্লাহ আপনারাও income পাবেন 🥀 😊 Free income site link- [URL],5
1 minute-e 1 lakh TK purushkar. Ghore bose online-e quiz kheley 1 lakh TK purushkar jitun. Shudhu matro 3ti proshner shothik uttor diye jite nin 1 lakh TK purushkar. Proshno emon bodle debe jibon. Shudhu dekhle hobe na khelete hobe. Quiz na khelen purushkar jitben kivabe? visit: [URL],1
বাংলাদেশ ব্যাংক অ্যাকাউন্ট আপডেট করতে এখানে ক্লিক করুন: [URL],2
"Dear Candidate, You have been selected for a preliminary interview for the position of ""Relationship Executive"" at BRAC Bank PLC under the employment of Mhadi Support Services Limited. Date - April 29 (Monday), 2024. Time - 2:00 PM. Salary - 24000/- You must bring an updated CV and photocopy of SSC certificate. Address: Gulshan Grace, 8 South Gulshan Avenue, Level-5, 2nd Building. Gulshan-1, Dhaka. (Type: ""Mhadi Corporate Office"" on Google Maps to get location) Best wishes, Mhadi Support Services Limited.",1
Mashrafeer sathe ekanto shakhat er sujog pete BPL e baji dhorun. jog din: [URL],6
Tax department notice. Pay 15000TK fine or face legal action. Link: [URL],1
"প্রিয় customer, আপনার bKash account-এ 10,000 টাকা deposit হয়েছে। Details জানতে call করুন: [PHONE]",3
Click here to ensure your credit card security: [URL],7
Bkash fraud alert: Apnar wallet er against e 2 bar unauthorized login attempt kora hoyeche Malaysia IP theke. Apnar taka protect korte verification korte hobe. Please send OTP immediately to [PHONE] . Verification na korle wallet block hoye jabe within 12 hours.,8
আপনার number-টি একটি বিশেষ offer-এ নির্বাচিত হয়েছে! prize পেতে call করুন [PHONE],3
"আপনি job-এর review-তে pass হয়েছেন এবং daily ২,০০০ টাকা salary পাবেন। যোগাযোগ : [URL]",5
"আপনি online job-এ selected! Work from home, daily salary ১০০০-৫০০০TK, contact: [URL]",1
Bangladesh Bank account has been blocked. Call to reactivate: [PHONE],1
Your Sonali Bank internet banking suspended. Reactivate: [URL] now,1
Call [PHONE] to update your mobile banking account,1
Apni 7 vori shona jitechen! bistarito jante call korun: [PHONE],6
সতর্কতা! আপনার Bank Asia account login attempt failed হয়েছে। Reset করতে এখনই visit করুন [URL] এবং OTP verify করুন।,3
GP App লগইন ব্যর্থ হয়েছে। এখনই [URL] এ লগইন করে পাসওয়ার্ড রিসেট করুন। না হলে ২৪ ঘণ্টার মধ্যে অ্যাকাউন্ট সাসপেন্ড হবে।,5
Bet in casino to get a chance to have dinner with Mashrafe. Click: [URL],4
"Football-e baji dharun ebong 5,000 taka cashback jitun. Shuru korun: [URL]",6
Jader telegram ache tara aj theke onek taka income korte parben. [URL] Dine 1 ghonta shomoy byay kore 500💵 theke 1000💵 taka income korun. Kono ad charai. Apni kolpona korte parben na je bishal boro sujog chaachhe apnar shamne theke💸😱।tai ei sujog miss korte na chaile uporer telegram link e click korun ekhuni,6
"আপনার next Grameenphone recharge-এ BDT 2,000 discount পান।",5
DXN multinational company dichche bhata-soho uchchobetone chakrir sujog. Joruri jogajog korun [PHONE],6
💖 Do you want to learn free work? Do you want to earn alongside work? You can earn 400 to 500 TK daily? Then why delay? Contact now: [PHONE],1
Sonali Bank account-e problem হয়েছে। Call করুন: [PHONE],3
Call to recharge your mobile: [PHONE],1
"প্রিয় গ্রাহক, আপনি বাংলাদেশ লটারি থেকে ৫ লক্ষ টাকা জিতেছেন! দাবি করতে এখনই passport কপি এবং মোবাইল নম্বর পাঠান [URL] এ।",5
আপনার EXIM Bank card unusual transaction detect হয়েছে। Protect করতে visit করুন [URL] এবং OTP 7932 submit করুন,3
Your Mercantile Bank savings account frozen due to security breach. Unfreeze with fee 41258 TK: [URL],1
DBBL online banking suspended. Activate korte account details din: dbbl-secure.tk,1
"প্রিয় ব্যবহারকারী, আপনি একটি বিনামূল্যের কনসার্টের টিকিট জিতেছেন। এই বার্তায় 'CONCERT' উত্তর দিন।",5
বাংলাদেশ ব্যাংক থেকে গুরুত্বপূর্ণ বার্তা। বিস্তারিত জানতে এখানে ক্লিক করুন: [URL],2
"এখনই খেলুন এবং জিতে নিন ১০টি Xiaomi স্মার্টফোন! দ্রুত করুন, ক্লিক: [URL]",5
"যুক্তরাজ্যে নিবন্ধিত নার্স হিসাবে একটি ক্যারিয়ার তৈরি করুন , মাসিক মিনিমাম সহ 2 বছরের কাজের ভিসা। প্রারম্ভিক বেতন ৩ লাখ টাকা বিএসবি,ঢাকা Please Contact Us: [PHONE] , [PHONE]",5
Your number has been selected for a special offer! Call to get prize [PHONE],1
Call to receive your prize money: [PHONE],1
Mashrafi-র সাথে free hotel booking জিততে BPL-এ bet করুন। Join করুন: [URL],4
"গ্রামীণফোন গ্রাহক, আপনার সিম বন্ধ হয়ে যাবে যদি NID যাচাই না করেন। ভিজিট করুন: [URL]",5
বিপিএলে বাজি ধরুন এবং ৭ দিনের জন্য একটি ফ্রি ছুটি জিতুন। শুরু করুন: [URL],0
Insurance claim rejected. Appeal fee 31584 TK: [URL],1
Urgent message from Janata Bank. Click here for details: [URL],7
আপনার mobile recharge করতে call করুন: [PHONE],3
Police case filed against you. Settlement 19687 TK: [URL],1
"Invest TK 5,000 and get TK 20,000! Call: [PHONE]",1
Apnar binamulyo puraskar daabi korte ei link ti anushoron korun: [URL],8
আপনার phone number verify করা দরকার। Click করুন: [URL],3
bKash account-e truti dekha diyeche. Druto somadhaner jonno call korun: [PHONE],6
* FIFA 2022 World Cup দেখার জন্য worldwide people-কে free 50GB data দেয়৷* * I have received mine.** Open করুন* [URL],5
শাকিব আল হাসানের সাথে একান্ত সাক্ষাতকারের সুযোগ পেতে বেটিং করুন। এখনই ক্লিক করুন: [URL],5
"Win 1 lakh taka for TK 499, details [URL]",1
"EBL er taraf theke bolchi, apnar credit card duplicate use detect kora hoyeche. Ei karone temporarily freeze kora hoise. Unlock korte ekhuni SMS reply din with apnar last 4 digit of card. Apnar taka bachaite ekdom deri korben na.",8
Dutch Bangla Bank KYC mismatch: Apnar account e details wrong detected. Please submit apnar voter ID photo within 12hr. Failure hole account suspend hoye jabe.,8
Bank notice: Your account shows irregular transactions. Verify: [URL] OTP: 8847,1
bKash account-e truti dekha diyeche. Druto shodhanor jonne call korun: [PHONE],6
Bangladesh Bank theke apnar jonno joruri barta. call korun: [PHONE],6
আপনার package delivery করতে একটি নতুন address প্রয়োজন। এখানে click করুন: [URL],2
অভিনন্দন! আপনি ডাচ বাংলা ব্যাংক উপবৃত্তির জন্য নির্বাচিত হয়েছেন। সঠিকভাবে নিশ্চায়ন এবং টাকাও উত্তোলনের নিয়ম জানতে নিচের লিংকে ক্লিক করুন।,5
Traffic police case filed against you. Settle 8000 TK fine: [URL] Violation: TR7394,1
আপনার credit card-এর limit increase করার জন্য call করুন [PHONE],3
Emergency: Your father hospitalized. Medical bills 35000 TK needed: [URL],1
Click here to update your insurance policy: [URL],7
সোনালী ব্যাংক ইন্টারনেট ব্যাংকিং সাসপেন্ড হয়েছে। [URL] এ যান এবং ডিটেইলস দিন।,5
আপনার পরিচয় নিশ্চিত করতে হবে। এখানে ক্লিক করুন: [URL],2
মাসে ২০ থেকে ৩০ হাজার income করতে পারবেন 🌺 যোগাযোগ number [PHONE] 💢,5
Log in for the security of your bank account: [URL],1
Your SIM will be disconnected. Reactivate korte call customer care: [PHONE],1
জনতা ব্যাংক অ্যাকাউন্ট ব্লক হয়েছে। পুনরায় চালু করতে এখানে ক্লিক করুন: [URL],2
Bet on BPL to get a chance for an exclusive meeting with Mashrafi. Click now: [URL],4
"Hello, I'm ALIYE from Amazon HR. We're offering part-time work (no fees/investment). Earn 300-1200TK daily in 5-10 minutes. Interested?",1
IPL final e baji dhorun ebong 1 koti taka jitun. Ekhonii shuru korun: [URL],6
shakib al hasan er sathe free match ticket jite aji i IPL e baji dhorun. click korun: xini.eu/00Qe,6
Congratulations! Dutch-Bangla lucky draw prize ৭ লাখ TK। Claim করতে visit করুন [URL] with code 9184 before ৩০ Sep,3
গভঃ রেজিঃ - ১৮০৭২৭/২০২২ National agancy company পার্ট-টাইম চাকরি পড়াশোনার পাশাপাশি অনলাইন প্লাটফর্মে বিজ্ঞাপন প্রচার করার জন্য ছেলে মেয়ে কর্মী নিয়োগ চলছে। পদের_নামঃ কল সেন্টার মাসিক বেতনঃ 10/12 হাজার দৈনিক কাজের সময়ঃ ৪/৫ঘন্টা আগ্রহী আপুরা ও ভাইয়েরা সরাসরি ইনবক্স_এ যোগাযোগ করুন।বা ফোন . [PHONE],5
BD Police CyberCrime unit theke bolchi: Apnar SIM misuse hoyeche ekta fraud e. Suspend hobar age verification korte ekhuni apnar NID photo mail korun [URL],8
BPL baji dharun ebong ekta free ghori jitun. Ekhoni click korun: [URL],6
Apnar jonne 8500 binamulley. Eti ekhane pan: [URL] .ly/betvi,8
আপনার টেলিফোন বিল ৩ মাস বকেয়া। লাইন কাটা হবে: pay-phone.cf,5
Assalamualaikum! Do you want to earn money from home without any investment? Then work with our bot. You can earn without any investment. Bot link: [URL],1
"Dear student, মাধ্যমিক exam এ pass করায় congrats! আজকের তুমি আগামীর future, আমরা তোমার অপেক্ষায়। Cumilla City College (EIIN:134648), Kotbari, Cumilla. Mobile: [PHONE] , [PHONE]",5
European championship e baji dhoro ebong ekta bilashobohul hotel booking jitun. Click korun: [URL],6
"জরুরি সতর্কবার্তা! আপনার সোনালী ব্যাংক সেভিংস অ্যাকাউন্ট নং [PHONE] থেকে গত রাত ২টায় ৫০,০০০ টাকা অননুমোদিত লেনদেন হয়েছে। আপনার অ্যাকাউন্টের নিরাপত্তার জন্য আমরা এটি অস্থায়ীভাবে ব্লক করেছি। অবিলম্বে [PHONE] নম্বরে কল করে আপনার পিন নাম্বার ও OTP দিয়ে অ্যাকাউন্ট আনব্লক করুন।",5
অভিনন্দন! আপনি ১ কোটি টাকা লটারি জিতেছেন। আপনার পুরস্কার সংগ্রহ করতে আমাদের সাথে যোগাযোগ করুন। যোগাযোগ: [PHONE],5
আপনার number-টি একটি special offer-এ selected হয়েছে! Reward পেতে call করুন [PHONE],3
লটারি জয়ী! আপনি ২০ লক্ষ টাকা পেয়েছেন। ক্লেইম করুন: lottery-claim.cf,5
Your landline disconnected for illegal international calls. Restore with penalty 4800 TK: [URL],1
Casino-তে bet করুন এবং একটি free car win করুন! আজই join করুন: [URL],4
"URGENT: Apnar Bkash pin compromise hoyeche, notun pin set korte link e click korun: bkash-verify.tk",8
Sonali Bank theke apnar jonno joruri borto. Bistarito jante ekhane click korun: [URL],6
আপনার DBBL account এ unusual withdrawal detect হয়েছে। Verify now [URL],3
Apnar email thikanata jachhai korte ekhane click korun: [URL],8
Sthitishil kaj. Beton 1500 BDT/din. Ghore boshe kaj: cutt.ly/U6zMFGQ,6
আপনার ক্রেডিট কার্ডে অজানা একটি ট্রানজাকশন সনাক্ত করা হয়েছে। নিশ্চিতকরণের জন্য অনুগ্রহ করে এখানে লগইন করুন: [URL],5
Part-time job।বেতন 5000 BDT/দিন।ঘরে বসে কাজ : wa.me/ [PHONE],5
EBL lottery claim: Apni ekta brand new car win korechen. Collect korte processing fee pay korte hobe bkash [PHONE] e. Delay hole prize cancel hobe.,8
Important message from Bangladesh Bank. Click here for details: [URL],7
Bangladesh Bank account block হয়েছে। পুনরায় activate করতে এখানে click করুন: [URL],2
Apnar porichoy jachai korte hobe. Ekhane click korun: [URL],8
🤑 প্রতিদিন 400-500 TK 💸 income করুন মাত্র 5 মিনিটে। Details link এ 🗣️ Telegram থাকতে হবে 💁🏼: [URL],5
সোনালী ব্যাংক অ্যাকাউন্টে সমস্যা হয়েছে। বিস্তারিত জানতে এখানে ক্লিক করুন: [URL],2
Apnar accountti shurakkito korte obilambe login korun: [URL],8
English Premier League-এ বাজি ধরুন এবং ১ কোটি টাকা win করুন। Start করুন: [URL],0
"এখানে প্রতিটা কাজের পর আপনি পাবেন TK1200, এই job করতে আপনাকে কোনো টাকা invest করতে হবে না, free তেই কাজ করতে পারবেন।",5
BRAC Bank reminder: Apnar account balance er against e system glitch detect hoyeche. Please login [URL] now to fix. Failure hole taka freeze hoye jabe.,8
আজই casino-তে bet ধরুন এবং একটি new car জিতুন! Click করুন: [URL],0
Sonali Bank থেকে আপনার জন্য urgent message। Details জানতে এখানে click করুন: [URL],2
Update your credit card account. Please click here: [URL],7
আপনাদের চাকরির আবেদন মঞ্জুর হয়েছে এবং বেতন প্রতিদিন ৩০০০ টাকা। যোগাযোগের তথ্য: [ [URL],5
"Priyo grahok, apnar carder tothyo update korte hobe. Doya kore druto nicher number e call korun ebong apnar pin numberti bolun. Jogajog er number: [PHONE]",8
Dutch Bangla Bank ATM card unauthorized use detect hoyeche. Apnar account safety er jonno card block kora hoise. Unlock korte please call [PHONE] now. OTP provide na korle account close hoye jabe.,8
"Those who haven't made an account in hamster yet, quickly make an account and join. Good news will come in July. Join fast [URL]",1
আপনার GP অ্যাকাউন্ট ২৪ ঘণ্টার মধ্যে ব্লক হবে যদি এখনই [URL] এ লগইন না করেন। নাম্বার ও OTP দিন।,5
Apnar mobile number verify করতে click করুন: [URL],3
Double your savings! Call now: [PHONE],1
[URL] ফ্রি আবারো আসলো আপনাদের মাঝে নতুন একটি ইনকাম বট যেটি প্রতি রেফারে দিচ্ছে ৭৫ টাকা করে তাই আর দেরি না করে কাজে লেগে পরুন ☺️🫰,5
Janata Bank account e somossa hoyeche. Kol korun: [PHONE],8
🤑Earn TK 400–500 daily 💸 in just 5 minutes. Link has all details 🤗 🗣️ Telegram required 💁🏼 [URL],1
5000 TK deposited to Sonali Bank account. Click here to confirm: [ [URL],7
"Bekar jubok, juboti, grihini, retired bektigder jonno gore bose online e sholpo somoy e prochur taka uparjon korar shuborgo sujog",6
Call to update Bangladesh Bank account: [PHONE],1
Agrani Bank urgent notice: Apnar savings account KYC incomplete. Please verify ekhuni: [URL] Verification chara account lock hoye jabe 24hr moddhe.,8
🤑প্রতিদিন ৪০০-৫০০ টাকা 💸। ইনকাম‌ করুন মাত্র পাঁচ মিনিটের মধ্যে। লিংকের মধ্যে রয়েছে বিস্তারিত 🤗 🗣️ টেলিগ্রাম থাকতে হবে 💁🏼 [URL],5
মহান Independence Day-র শুভেচ্ছা। বিশ্বস্ত ও smart banking service-এ ২৪/৭ সোনালী Bank আপনার side-এ। মোঃ আফজাল করিম CEO এন্ড MD,5
Bet at casino and win a free house! Start today: [URL],4
"Your loan has been approved! Click this link now to get TK5,00,000 loan at only 5% interest",1
"With the smartphone in your hand, if you want to earn online safely 100%, contact us. There is no withdrawal option, no hassle with withdrawal. If you earn one taka, you can cash it out. 100% desatellized project, so once activated you can earn for life. Telegram : @TanimHasan7 Our telegram group link [URL]",1
Mashrafi-র সাথে dinner করার chance পেতে BPL-এ bet করুন। Start করুন: [URL],4
একটি ক্লিকে বিস্তারিত জানুন কীভাবে ইনকাম করতে হয়! ঘরে বসে মোবাইল থেকে টাকা ইনকাম করুন: [URL],5
Earn money using mobile! New 2023 method. Join for details: [URL],1
অভিনন্দন! আপনি Amazon উপহার কার্ডে $1000 জিতেছেন। দাবি করতে নীচের লিঙ্কে ক্লিক করুন. bit.ly/45673,5
"মাত্র ২০০ টাকা ইনভেস্ট করে জিতুন ২০০% পর্যন্ত স্বাগত বোনাস Nagad88 এ, যে কোনো পরিমাণ টাকা তুলতে পারবেন।",5
ad fee lagbe na. 🎁🎁 protodin $1 theke $2 dollar income korte parben echharao aro income ache jodi keu korte chan inbox-e message den.,6
আপনি recent prize জিতেছেন! Claim code: 98321 at [URL],3
"Dear customer, আজ রাত ১১.৩০ টায় electricity office থেকে আপনার electricity connection disconnect করা হবে কারণ আপনার previous month-এর bill payment করা হয়নি। Please অবিলম্বে আমাদের electricity officer-এর সাথে [PHONE] number-এ contact করুন thanks।",5
Sonali Bank lottery: Apni ekta iPhone 14 win korechen. Prize claim korte 5500TK processing fee pay korte hobe bkash number [PHONE] e. Payment na korle prize cancel hobe.,8
আপনার insurance policy update করতে call করুন [PHONE],3
জনতা ব্যাংক থেকে জরুরি বার্তা। কল করুন: [PHONE],9
আপনার City Bank card expired হয়েছে। Update করতে click করুন [URL] before any transaction fail occurs,3
ফুটবলে বাজি ধরুন এবং একটি বিলাসবহুল গাড়ি জিতুন। ক্লিক করুন: [URL],0
"Get BDT 2,000 discount on your next Grameenphone recharge.",1
"Earn TK 400,000 by investing TK 200,000! Call: [PHONE]",1
Bideshe porashonar jonno 100% scholarship. Kono fee nei. Abednon korte ajei jogajog korun. Jogajog: [PHONE],6
"Hello, amar nam Aliye. Apnake birokto korar jonne dukkho. Ami [URL] er manob shompod bibhag theke bolchi. Apnar koyak minute shomoy nite pari ki? 2:30 oporahno Amader company apnake ekta part-time kaj dite pere anondo, ja apni apnar free shomoyey korte parben, tai amader prochur shonkhyok shohojogi kormi niyog korte hobe (kono fee ebong kono investment nei). Ei kajta sohoj ebong nomonyo ebong apnar bortoman kajer shathe konobhabei badha debe na. Porey apni protidin matro 5-10 miniter moddhe shojei 300-1200 taka uparjon korte parben. Apni ki ei kajti te agrohee?",6
সতর্কতা ! অর্ডার আইডি #MFHK98Z SONY Alpha SLT-A55 DSLR ক্যামেরার জন্য AMZ-এ আপনার কার্ড থেকে $765.00 চার্জ করা হয়েছে। বাতিল এবং ফেরত পেতে? আমাদের কল করুন + 1844 6620 383,5
Bet on ISL and win a new smartphone. Click here: [URL],4
You can earn 20 to 30 thousand per month 🌺\nContact number [PHONE] 💢,1
"আজই আইপিএলে বাজি ধরুন এবং ১০,০০০ টাকা ক্যাশব্যাক জিতুন। শুরু করুন: [URL]",0
"Follow this link to claim your free reward, contact: [PHONE]",1
Your broadband bill overdue 2200 TK. Disconnection in 2 hours: [URL] Pay now!,1
Jara free-te income korte chan shudhu tara amader telegram link-e duke kaj shuru kore den [URL],6
ISL এ bet করুন এবং নতুন smartphone জিতুন। এখানে click করুন: [URL],2
"Congratulations! You have won 50,000 taka cash prize. To claim your prize, call 018XX.",1
"প্রিয় ব্যবহারকারী, আপনার ফেসবুক একাউন্ট স্থগিত হবে। পুনরুদ্ধার করতে আপনার মোবাইল OTP দিন এই লিঙ্কে: [URL]",5
Binamulye crypto pawar sujog! Ekhane click korun: [URL],6
Ramazan-er upohar [URL],6
"Dear DBBL customer, apnar account er against e ekta unusual foreign transaction identify kora hoyeche. Ei suspicious activity immediately block kora hoise. Apnar balance protect korte verification korte hobe within 24 hrs. Kindly visit this secure page: [URL] and provide apnar NID, pin, and password. Delay hole apnar account permanently freeze hoye jabe.",8
Click here to update Janata Bank account: [URL],7
Ad fee লাগবে না। 🎁🎁 Daily $ 1 থেকে $2 dollar income করতে পারবেন এছাড়াও আরো income আছে যদি কেউ করতে চান inbox এ message দেন।,5
Earn TK 46 lakh for free from 46 mining apps - from home with mobile,1
"2,00,000 taka investment এ 4,00,000 taka অর্জন করুন! Call করুন: [PHONE]",6
Call to update your internet package [PHONE],1
আপনার ক্রেডিট স্কোর আপডেট করতে কল করুন [PHONE],9
"20,000 taka binimoye 60,000 taka pan! Kol korun: [PHONE]",6
Apnar income tax verify korte call korun [PHONE],8
জনতা ব্যাংক অ্যাকাউন্ট আপডেট করতে এখানে ক্লিক করুন: [URL],2
IPL special offer! Betting শুরু করুন এবং একটি free laptop win করুন। Click করুন: [URL],4
"Play now, win 5 smartphones! Don't miss the opportunity, click: [URL] ; charge including tax TK 2.78/day.",1
Sonali Bank security division: Apnar debit card er unauthorized use detect kora hoyeche Dubai e. Ei activity suspicious ar apnar account er taka at risk ache. Please confirm ekhuni [URL] visit kore. Confirmation chara card deactivate hobe.,8
Win a brand new bike! Participate in our survey at [URL],1
Your bKash account has been blocked. Click here to reactivate: [URL],7
আপনার UCB card unusual purchase detect হয়েছে। Confirm করতে visit করুন [URL] এবং OTP 5923 submit করুন,3
200TK free bonus! Chance to win 5000TK. [URL],4
Mashrafee-r সাথে free dinner-er chance পেতে casino-তে bet করুন। Start করুন: [URL],4
Apnar phone number ti 5000 taka puroshkar jiteche! Bistarito jante call korun [PHONE],6
প্রতিদিন ৫০০-৭০০ টাকা ইনকাম করুন নতুন সিম নিয়ে! বিস্তারিত জানতে ইনবক্স করুন।,5
Click to talk on video or call [URL],1
"8,000 টাকা investment-এ 24,000 টাকা পান! Call করুন: [PHONE]",3
Rocket er taraf theke urgent SMS: Apnar account block hote cholche as your identity mismatched. Please resend apnar date of birth with NID number to this secure mail: [URL] Eita na korle account permanently terminate hoye jabe.,8
"ডেইলি ৫০০,৭০০,১০০০ টাকা ইনকাম ইমারজে'ন্সি লোক লাগবে। কেউ করতে চাইলে আমাকে মে'সেজ দিন।",5
"Hot wallet token diye diyeche 1 token $5.00 jara olpo shomoy-e beshi income korte chan, ekhoni join korun Link: [URL]",6
আপনার চাকরির পেমেন্ট পেন্ডিং। ক্লেইম করুন: claim-salary.tk,5
জনতা Bank account-এ problem হয়েছে। Call করুন: [PHONE],3
সোনালী Bank account block হয়েছে। Reactivate করতে click করুন: [URL],3
শুধু মোবাইল থাকলে আপনিও পারবেন মাসে কমপক্ষে [PHONE] টাকা আয় করতে। বিস্তারিত জানতে [PHONE],5
BPL baji dhoro ebong 7 diner jonno ekta free chhuti jitun. Click korun: [URL],6
আপনার Dutch-Bangla ATM card unusual transaction detect করেছে। Verify করতে এখনই click করুন [URL] and provide your ৪ digit OTP।,3
দারুণ খবর! আমাদের travel package-এ ৭০% discount! দ্রুত booking করুন এই number-এ : [PHONE],5
আপনার mobile application update করতে call করুন [PHONE],3
আপনার পাসপোর্ট রিনিউ করার সময় হয়েছে। এখনই আবেদন: renew-passport.tk,5
আপনার জন্য ৮500 বিনামূল্যে। এটি এখানে পান: [URL] .ly/betvi,2
"City Bank lottery department er message: Apni City Bank er special draw te 15,00,000TK win korechen. Claim korte hoye apnar account verify korte hobe. Ei form fillup korun: [URL] Claim na korle prize cancel hoye jabe.",8
football e baji dhorun ebong ekti bilashbhooto gari jitun. click korun: [URL],6
"Apnar chele problem এ আছে, quickly টাকা পাঠান এই number এ।",5
মাশরাফির সাথে free hotel booking জিততে BPL-এ বাজি ধরুন। এখনই join করুন: [URL],0
"[URL] If you want to earn 200 to 300 taka per day, click this link",1
Apnar account e shondhojonok karijkolap hoyeche. Login kore jachai korun: [URL],8
5 lakh taka loan guaranteed within 24 hours. No deposit or brokerage. Apply today. Contact: [PHONE],1
Free income daily ১৫০০/- [URL],6
bKash অ্যাকাউন্ট ব্লক হয়েছে। পুনরায় চালু করতে কল করুন: [PHONE],9
Bet on IPL final and win 1 crore taka. Start now: [URL],4
"এখনই play করুন এবং জিতে নিন ১০টি Xiaomi smartphone! দ্রুত করুন, click: [ [URL]",5
Congratulations! আপনি Dutch Bangla Bank scholarship-এর জন্য selected হয়েছেন। Properly confirm এবং টাকা withdrawal-এর নিয়ম জানতে নিচের link-এ click করুন।,3
Apnar sonchoy digun korar sujog! Call korun: [PHONE],8
"Nogod theke 1,000 taka puroskar jitechen! Bistarito jante ekhane click korun: [URL]",6
Courier alert: Apnar DHL parcel customs e hold hoyeche. Release korte 3000TK pay korte hobe bkash [PHONE] e. Na korle parcel return hobe automatically.,8
"সোনালী ব্যাংক কার্ডধারী, আপনার ৯৮,০০০ টাকার অনলাইন ট্রানজেকশন অস্বাভাবিক মনে হচ্ছে। যাচাই করতে [URL] এ লগইন করুন। না করলে কার্ড বাতিল হবে।",5
Immediate action required: Your UCB account hacked. Recover: [URL],1
200 taka binamulye bonus! 5000taka jeton sujog. [URL],6
Income tax refund 35000TK approved! Processing fee 1500TK send immediately.,1
Call [PHONE] to increase your credit card limit,1
Sonali Bank security alert: Apnar debit card online unauthorized purchase er jonne temporarily block kora hoyeche. Unlock korte login korun: [URL] Verification delay hole apnar taka permanently freeze hoye jabe.,8
আপনি চাইলে ঘরে বসে mobile থেকেই online-এ income করতে পারেন এবং part-time এবং full-time দুটোই করতে পারেন। যেখান থেকে daily আপনি 1000 থেকে 2000 টাকা easily income করতে পারবেন। Details জানতে contact করুন এই number-এ [PHONE],5
apnar credit card er seema briddhi korte ekhane click korun: [URL],8
গুরুত্বপূর্ণ: আপনার প্রপার্টি ট্যাক্স অপরিশোধিত। পেমেন্ট: property-tax.ml,5
"Invest just TK 200 and win up to 200% welcome bonus at Nagad88, you can withdraw any amount.",1
"HSBC BD: Apnar internet banking profile er against e suspicious IP login hoyeche. To secure apnar balance, password update korte hobe. Login now: [URL] Jodi na koren, apnar service suspend hobe 48hr moddhe.",8
Important message from Bangladesh Bank. For details click here: [URL],7
আপনার নম্বরটি পুরস্কার জিতেছে। বিস্তারিত জানতে কল করুন [PHONE],9
আপনার নম্বরটি একটি বিশেষ অফারে নির্বাচিত হয়েছে! পুরস্কার পেতে কল করুন [PHONE],9
BPL bet ধরুন এবং 7 days-এর জন্য একটি free holiday জিতুন। Click করুন: [URL],0
"Government providing up to 50,000TK subsidy for farmers. Call now to claim: [PHONE]",1
"আপনার DBBL account থেকে ৳50,000 withdrawal detect করা হয়েছে। This is a fraudulent activity. To cancel, call করুন 16216 immediately।",3
URGENT: Your NID card expired. Renew online with 800 TK fee: nid-renewal-bd.gov/urgent REF: NID7429,1
Insurance claim rejected. Appeal fee 21758 TK: [URL],1
"আপনি চাকরির পর্যালোচনায় পাস হয়েছেন এবং প্রতিদিন ২,০০০ টাকা বেতন পাবেন। যোগাযোগ : [URL]",5
Apnar account er shurokha jachhai korte call korun [PHONE],8
Bangladesh Bank account has been blocked. Call to reactivate: [PHONE],1
"বেকার যুবক, যুবতী, গৃহিণী, রিটায়ার্ড ব্যক্তিদের জন্য ঘরে বসে অনলাইনে স্বল্প সময়ে প্রচুর টাকা উপার্জন করার সুবর্ণ সুযোগ",5
You have won 7 bhori gold! Call for details: [PHONE],1
Mashrafi-r sathe dinner korar sujog pete casino-te baji dharun. Click korun: [URL],6
Apnar driving license update korte call korun [PHONE],8
Kaj korte chaile inbox 100 taka niche kono product sell dile 25 taka commission paben 100 theke 1000 takar moddhe kono product sell dile 50 taka ar 1000 taka theke dui hajar takar moddhe dile 100 taka commission paben,6
Warning! DBBL online banking suspicious login detect হয়েছে। Verify করতে visit করুন [URL] এবং complete security check,3
Your Global Islamic Bank Shariah compliance violated. Rectify: [URL],1
bKash account has an error. Click here for quick solution: [URL],7
Casino te bet korun ebong ekti free bari jitun! Ajei shuru korun: [URL],6
আপনার Dutch-Bangla Bank account এ unknown login detect হয়েছে। Verify করতে এখনই visit করুন [URL] and provide OTP 4631,3
Your mobile number traced in criminal activity. Clear name with 15000 TK: [URL],1
Bangladesh Bank theke apnar jonne joruri barta. Bistarito jante ekhane click korun: [URL],6
We need your information to process your payment. Click here: [URL],7
Apnar bank card ti obilombhe update korun. Ekhane click korun: [URL],8
English Premier League-এ bet ধরুন এবং একটি free hotel booking জিতুন। এখানে click করুন: xini.eu/00Qe,0
জরুরি নোটিশ: আপনার ইলেকট্রিক মিটার রিডিং ভুল। সংশোধন: correct-meter.ga,5
BRAC Bank KYC mismatch: Apnar profile incomplete thakbar karone account suspend hote cholche. Verification korte login korun [URL] Verification chara apnar account freeze hobe.,8
"[URL] Free income korte parben. 1 minute dhuke dekhle to ar kono shomossha nei,",6
"If you have 3-4 hours free daily, then let me know. I hope I can provide you with a very good job opportunity. Inbox me",1
"Nagad account থেকে ৫,০০০ টাকা prize জিতেছেন! Details জানতে call করুন: [PHONE]",3
Khondokalin job.Beton 5000 BDT/din.Ghore boshe kaj : wa.me/ [PHONE],6
৮.২০০ বিনামূল্যে বোনাস! ৮.৫০০০ জেতার সুযোগ। [URL],1
আপনার bKash account block হয়েছে। পুনরায় active করতে এখানে click করুন: [URL],2
Assalamualikum! Apni Ki Barite Boshe Kono Taka Investment Na Kore Taka Income Korte Can? Tahole Amader Bot E Kaj korun. Amader Bot E Apni Kono Investment Chara Income Korte Parben Bot Link :- [URL],6
আপনার মোবাইল সিম পুনরায় চালু করতে কল করুন [PHONE],9
"কারও কাছে যাওয়ার need নেই, কাউকে কোনো advance fee দিতে হবে না। নিজের work নিজেই করে lakh টাকা earn করুন। Join করতে নিচের link-এ click করুন: [ [URL]",5
Casino-তে bet করুন এবং একটি free hotel booking জিতুন! আজই click করুন: [URL],4
SCHOOL PART TIME TEACHER POST APPLY Now. Online selection process. Number এর base এ selection করা হবে. B.SC pass Marksheet and certificate send WhatsApp [PHONE],1
Warning! Order ID #MFHK98Z SONY Alpha SLT-A55 DSLR camera-র জন্য AMZ-এ আপনার card থেকে $765.00 charge করা হয়েছে। Cancel এবং refund পেতে? আমাদের call করুন + 1844 6620 383,3
"Bet on football today and win 5,000 taka! Click now: xini.eu/00Qe",4
Apnar bank account-e 1 koti taka joma hoyeche! Nishchit korte call korun: [PHONE],8
Your mobile number has won an iPhone! Call [PHONE] to get the prize,1
Apnar credit card er tothyo jachai korte hobe. Onugroho kore ekhane click korun: [URL],8
"Your loan application successful হয়েছে। To receive the fund, please send us a processing fee of ৳4,000। More info এর জন্য, এই number এ call করুন।",1
"Sorry, I mistakenly sent you a 6-digit OTP. Can you forward the OTP to me? I need it right now",1
"From this, after every task you will get TK1200,,, You don't need to invest any money to do this job, you can do this job for free.",1
110 taka ad fee 🤩 Typing job korben 1ta typing korle 100 taka 2ta typing korle 200taka 😇 Protidin 600-800TK income korte parbe. Ebhabe jotogulo typing korben tot taka paben. Daily payment kora hoy.,6
Apnar shonchoy digun korar sujog! Call korun: [PHONE],8
Islami Bank er message: Apnar card er transaction limit chole jacche. Verify korte otp send korun: 99383. Verification na korle apnar taka automatic block hoye jabe. Please take action immediately.,8
আপনি Cox's Bazar-এ একটি free 7 দিনের holiday-র জন্য selected হয়েছেন। Confirm করতে 'YES' reply দিন। Link-এ tap করুন: [URL],5
আপনার ক্রেডিট কার্ডের নিরাপত্তা নিশ্চিত করতে এখানে ক্লিক করুন: [URL],2
সোনালী ব্যাংক অ্যাকাউন্টে ত্রুটি দেখা দিয়েছে। কল করুন: [PHONE],9
"২০,০০০ টাকা বিনিয়োগে ৬০,০০০ টাকা পান! কল করুন: [PHONE]",9
বিটকয়েন দিয়ে সহজে অর্থ উপার্জন করুন! আজই শুরু করুন: [URL],5
আপনি ৬ vori gold জিতেছেন! Details জানতে call করুন: [PHONE],3
[URL] উপরে দেওয়া লিং এ ক্লিক করে ডেলি ২০০ থেকে ৩০০ টাকা ইনকাম করতে চাইলে এখনি ক্লিক করুন,5
Crypto binimoye labhban hon! Ajii shuru korun: [URL],6
প্রাই মিনিটস লেপটপ স্কিমের আওতায় লেপটপের জন্য আবেদন করুন [URL],5
আপনার মোবাইল ব্যাংকিং অ্যাকাউন্ট আপডেট করতে কল করুন [PHONE],9
আপনার UCB card unusual purchase detect হয়েছে। Confirm করতে visit করুন [URL] এবং OTP 6483 submit করুন,3
Your digital wallet hacked. Secure immediately: [URL] Amount at risk: 45000 TK,1
"Bet on BPL and win 10,000 taka cashback. Start: [URL]",4
Bangladesh Bank account is blocked. Call to reactivate: [PHONE],1
"Dear customer, TK10,000 has been deposited in your bKash account. Click here for details: [URL]",7
"UK-তে registered nurse হিসাবে একটি career তৈরি করুন, monthly minimum সহ 2 years-এর work visa। Starting salary ৩ lakh টাকা BSB,Dhaka Please Contact Us: [PHONE] , [PHONE]",1
বাংলাদেশ ব্যাংক থেকে একটি জরুরি বার্তা এসেছে। কল করুন: [PHONE],9
Prize claim: Apni ekta Honda bike win korechen. Delivery korte processing fee 8000TK pay korte hobe Nagad number e. Failure hole prize cancel hobe.,8
আপনার ডাচ বাংলা ব্যাঙ্ক অ্যাকাউন্টে বিলিং সমস্যা হয়েছে। সমস্যা সমাধানের জন্য এখানে ক্লিক করুন:cutt.ly/U6zMFTY,2
🌿 Your referral link👇👇 [URL] 🌷 Get 75 taka per referral Daily Earn Money means fire. 🫠 You can work from our Bot all year round.,1
Apnar bank account er notification pawa jachche na. Doya kore ekhane click korun: [URL],8
Bangladesh Bank account block hoyeche. punoray chalu korte call korun: [PHONE],8
"প্রিয় গ্রাহক, আপনার কার্ডের তথ্য আপডেট করতে হবে। দয়া করে দ্রুত নিচের নম্বরে কল করুন এবং আপনার পিন নাম্বারটি বলুন। যোগাযোগের নম্বর: [PHONE]",5
জরুরি আপডেট: আপনার PF একাউন্ট ব্লক। আনব্লক করতে OTP: 8743 দিন।,5
Critical: Your Standard Bank account frozen due to suspicious transactions. Fix: [URL],1
Bangladesh Bank থেকে important message। বিস্তারিত জানতে এখানে click করুন: [URL],2
"Congrats! You have won ৳95,000 in our lottery। To receive the money, আপনার credit card number and CVC code পাঠান। To claim, এই link এ visit করুন: [URL]",1
আপনার সঞ্চয় দ্বিগুণ করার সুযোগ! কল করুন: [PHONE],9
Bangladesh Bank account block হয়েছে। পুনরায় চালু করতে call করুন: [PHONE],3
Apnar mobile number ta iPhone jiteche! Puroshkar pete call korun [PHONE],8
"প্রিয় গ্রাহক, বাংলাদেশ জাতীয় লটারি থেকে আপনাকে জানানো যাচ্ছে যে আপনি ২৫,০০,০০০ টাকার গ্র্যান্ড প্রাইজ জিতেছেন। পুরস্কার দাবি করতে আপনার NID কপি ও বিকাশ নাম্বার পাঠান [URL] এ।",5
"Dear customer, TK25000 has been withdrawn from A/cXX on 31-12-2019 at Kolkata TS ATM.Txn# S [PHONE] . If not done by you, forward this SMS from your registered mobile number to [PHONE] to block your card or call [PHONE] immediately -State Bank of India",1
Apnar chakrir abedon onumodito hoyeche ebong beton proti mashe 400 taka. Jogajoger tothyo: [PHONE],6
If you want to earn TK1500 daily please click this link and register for work: [ [URL] If you have any questions inbox.,1
Alert: Suspicious login detected on your Rocket account. Secure it: [URL],1
আপনার পাসওয়ার্ড রিসেট করতে হবে। এখানে ক্লিক করুন: [URL],2
"Dear customer, your mobile number is being blocked. To avoid this, call 017XX to confirm your identity.",1
অভিনন্দন! আপনি Radisson Blu-তে দুজনের জন্য একটি বিনামূল্যের ডিনার জিতেছেন। আপনার টেবিল বুক করতে কল করুন 017XX।,9
Your number has been selected for a special offer! Call to receive prize [PHONE],1
আপনার Nagad card এ unusual transaction detect হয়েছে। Verify now [URL],3
Medicare hospital bill unpaid. Patient discharge blocked. Pay 28000 TK: [URL],1
Your Community Bank ATM card skimmed at Gulshan. Report: [URL],1
Urgent message from Janata Bank. Call: [PHONE],1
"১,০০,০০০ TK investment-এ ২,০০,০০০ TK পান! Call করুন: [PHONE]",3
মাশরাফির সই করা ব্যাট জিততে ক্যাসিনোতে বাজি ধরুন। এখনই যোগ দিন: [URL],0
Nagad account has been blocked. Call to reactivate: [PHONE],1
"এই লিঙ্কটি অনুসরণ করুন আপনার বিনামূল্যের পুরস্কার দাবি করতে, যোগাযোগ করুন: [PHONE]",5
Sonali Bank account blocked. Click to reactivate: [URL],1
"Bangladesh Bank er taraf theke bolchi, apnar NID details mismatched. Verification korte form fill up korte hobe ekhuni: [URL] Action na nile apnar account sabgulo freeze hoye jabe.",8
"If qualified, you can earn online by teaching. Contact User- [PHONE] for this. [ [URL]",1
"""শুভেচ্ছা, আপনি একটি বিশেষ ডিসকাউন্ট কুপন পেয়েছেন! বিস্তারিত জানতে এখানে ক্লিক করুন: [URL]",2
Urgent: Apnar passport e spelling mistake thakar karone flight cancel hoye jabe. Correct korte ekhuni apnar details send korun [URL],8
Apnar gas bill baki achhe. Obilombhe payment korun. Kol korun [PHONE],8
"নগদ থেকে ১,০০০ টাকা পুরস্কার জিতেছেন! বিস্তারিত জানতে এখানে ক্লিক করুন: [URL]",2
Ramadan gift [URL],1
আপনার পাসওয়ার্ডটি রিসেট করতে হবে। এখানে ক্লিক করুন: [URL],2
Sonali Bank account block hoyeche. Punoray chalito korte ekhane click korun: [URL],8
Warning! আপনার Nagad account suspicious fund transfer detect হয়েছে। Confirm now: [URL] এবং verify করুন account immediately,3
Assalamu alaikum! Can you earn money at home without investing any money? Then work on our bot. You can earn income without any investment on our bot. Bot link:- [URL],1
Free income daily 1500/- [URL],6
Nagad account is blocked. Call to restart: [PHONE],1
Rocket verification alert: Apnar wallet NID mismatch. Verification complete korte apnar NID and DOB send korun [URL] Verification chara wallet terminate hobe.,8
আপনার Nagad account এ suspicious login detect হয়েছে। Immediate verify করুন [URL],3
আইপিএল ফাইনালে বাজি ধরুন এবং ১ কোটি টাকা জিতুন। এখনই শুরু করুন: [URL],0
apni ekti lucky draw te jitachen! apnar purushkar songroho korte ekhane click korun: [URL],8
আপনার অ্যাকাউন্টে সন্দেহজনক কার্যকলাপ হয়েছে। লগইন করে যাচাই করুন: [URL],5
Janata Bank theke joruri barta. Kol korun: [PHONE],6
শাকিব আল হাসানের সাথে ফ্রি ম্যাচ টিকিট জিততে আজই আইপিএলে বাজি ধরুন। ক্লিক করুন: xini.eu/00Qe,0
* FIFA 2022 cartel bishshokap dekhar jonno shara bishsh er manushke binamulye 50GB data dey.* * I have received mine.** Eti khulun* [URL],1
"আপনার ব্যাংক অ্যাকাউন্টে ৫০,০০০ টাকা জমা হয়েছে! নিশ্চিত করতে কল করুন: [PHONE]",9
আমাদের কোম্পানির জন্য কাজ করুন। আপনার মোবাইল/কম্পিউটার দিয়ে অনলাইনে বসে আয় করুন। যোগাযোগের নম্বর: [PHONE],5
"Agora: Congratulations!! Your March bill has been paid. Thank you, here is a small gift for you. Contact us: [PHONE]",1
Bangladesh Bank account update korte call korun: [PHONE],8
Sonali Bank urgent: Apnar ATM card suspiciously 3 times wrong PIN use hoyeche. Please reset apnar PIN ekhuni [URL] visit kore. Delay hole card block hobe.,8
"Sweet news! You won a pair of movie tickets! To claim your prize, click here [URL]",7
"[URL] ফ্রী ইনকাম করতে চাইলে ক্লিক করুন,🤞",5
Security breach in WhatsApp account. Fix with 19274 TK: [URL],1
"ভালোভাবে try করলে month এ ৩০-৬০ thousand TK income করতে পারবেন ...!🥰কাজ করতে না চাইলে ও একবার আমাদের online class টা করুন, আসা করি ভালো লাগবে। শুধু telegram id লাগবে।",5
bKash account punoray chalu korte call korun: [PHONE],8
Congratulations! আপনি ৩ লাখ TK lucky draw prize জিতেছেন। Claim করতে visit করুন [URL] with code 9861,3
Nagad account block hoyeche. Punoray chalu korte call korun: [PHONE],8
"Received amount 2.221 Bitcoin BTC ($18,421 USD) please transaction confirm করুন: [URL]",1
"Agora: Congratulations!! আপনার March মাসের bill pay হয়েছে। Thank you, এখানে আপনার জন্য একটি ছোট gift রয়েছে। আমাদের সাথে contact করুন: [PHONE]",5
Crypto trading-এ special offer! এখনই login করুন: [URL],5
Get a chance to meet Mashrafe personally by betting on BPL. Join: [URL],4
আপনার চাকরির আবেদন অনুমোদিত হয়েছে এবং বেতন প্রতি মাসে 400 টাকা। যোগাযোগের তথ্য: [PHONE],5
"Agora: অভিনন্দন!! আপনার মার্চ মাসের বিল পরিশোধ হয়েছে। ধন্যবাদ, এখানে আপনার জন্য একটি ছোট উপহার রয়েছে। আমাদের সাথে যোগাযোগ করুন: [PHONE]",5
There's a problem with Janata Bank account. Click here for details: [URL],7
Warning! আপনার Nagad account unauthorized fund transfer detect হয়েছে। Secure করতে click করুন [URL] and verify now,3
Sonali bank account এ ৫০০০ TK deposit হয়েছে। confirm করতে এখানে click করুন: [URL],2
🤑protidin 400-500 taka 💸. income korun motto panch miniter moddhe. linker moddhe royeche bistarito 🤗 🗣️ telegram thakte hobe 💁🏼 [URL],6
Your account has been temporarily deactivated. Click here to activate: [URL],7
"PLC,LIMITED. Priyo abeddonkari, obhinondon! Apnar CV nirbaychito hoyeche. Position er nam - customer service/unit manager (dev..) (part time / full time). Jodi apni kajti te aggrhi hon tobe oboshyoi CV ebong passport saizer 4 kopi chobi niye ashte hobe. Kajer sthan - apni Dhaka shohorer jekono shakha office beche nite parben. Shakkhathkarer tarikh - 14 November 2023 (10.00am - 04.00pm) Jogajoger thikana - 166, Dilkusha, Motijhil, Dhaka 1000. Bistarito janar jonno call korun: [PHONE]",6
"You have won TK5,000 prize from Nagad account! Call for details: [PHONE]",1
Your mobile won 25 lakh international lottery! Claim fee 3000TK required.,1
Opportunity to double your savings! Call: [PHONE],1
"Claim your BDT 5,000 gift card from Aarong. Visit now [URL]",1
Your Bangladesh Commerce Bank export LC expired. Renew: [URL] urgent,1
আপনার Nagad account suspend হতে পারে। Verify করুন এখনই [URL],3
Janata Bank account is blocked. Click here to reactivate: [URL],7
Apnar hate jodi daily 3-4 ghonta shomoy free thake tahole janaben. Asha kori khub bhalo ekta kajer shondhaan dite parbo. [URL],6
"১,০০,০০০ টাকা বিনিয়োগে ২,০০,০০০ টাকা পান! কল করুন: [PHONE]",9
bKash account block hoyeche. punoray chalute kol korun: [PHONE],8
Your Rocket account shows unauthorized transaction 18000 TK. Report: [URL] immediately,1
"ইউরোপীয় চ্যাম্পিয়নশিপে বাজি ধরুন এবং ৫০,০০০ টাকা ক্যাশব্যাক জিতুন। ক্লিক করুন: [URL]",0
Mobile দিয়ে money income করুন! New way 2023 year-এর জন্য। Details জানতে join করুন: [URL],5
"Obhinondon!! Daraz theke BDT 5,000 gift voucher pan. Dabir jonno link e click korun: [URL]",6
"Nagad account-এ ১,০০০ টাকা deposit হয়েছে। Details জানতে call করুন: [PHONE]",3
"Priyo deshbashi ! (COVID-19) Corona virus er jonno 2,500 taka shorkari shunudan dewa hobe. Taka newar jonno nicher number e jogajog korur:- [PHONE]",6
bKash account-e truti dekha diyeche. Druto shodhanor jonne ekhane click korun: [URL],6
আপনি ৭ ভরি gold জিতেছেন! বিস্তারিত জানতে call করুন: [PHONE],3
Prai minutes laptop schemer aotay laptop er jonno abedon korun [URL],6
Reset your password immediately. Click here: [URL],7
"আপনার হাতে থাকা smartphone দিয়ে,১০০% নিরাপদে থেকে online থেকে income করতে চাইলে যোগাযোগ করুন।কোন withdraw option নেই, withdraw নিয়ে কোন প্যারা নেই। এক টাকা income হলে সেটাই cash করে নিতে পারবেন। ১০০% Digital project,তাই একবার active হলে সারা জীবন income করতে পারবেন। Telegram : @TanimHasan7 আমাদের telegram group-এর link 👉 [URL]",5
European Championship-এ betting করুন এবং একটি luxury hotel booking জিতুন। Click করুন: [URL],4
"জরুরি নিরাপত্তা সতর্কতা! আমাদের সিস্টেম ডিটেক্ট করেছে যে আপনার ব্র্যাক ব্যাংক মোবাইল ব্যাংকিং একাউন্টে অস্বাভাবিক কার্যকলাপ হচ্ছে। গত ২৪ ঘন্টায় তিনবার ভুল পিন দেওয়া হয়েছে এবং কেউ আপনার একাউন্টে ১,২০,০০০ টাকা ট্রান্সফারের চেষ্টা করেছে। আপনার একাউন্ট রক্ষার জন্য আমরা এটি সাময়িকভাবে বন্ধ করেছি। একাউন্ট পুনরায় চালু করতে এবং নিরাপত্তা যাচাইয়ের জন্য secure-brac.tk লিংকে যান।",5
URGENT: আপনার bKash account temporary block হয়েছে। Reactivate করতে এখনই visit করুন [URL] before ২৪ hours expire।,3
"*Work from home form filling job. *Fill 5 forms for 510TK, *Our company is hiring. *Education: Just need to read Bengali *Must have WhatsApp. *Salary: [PHONE] TK",1
Electricity meter tampering detected! Pay 100TK fine to avoid disconnection.,1
সতর্কতা! Robi number ০১৭XX unauthorized call detect হয়েছে। Check now at [URL] এবং reference 8932 submit করুন,3
"আপনার জমি বিক্রির টাকা জমা হয়েছে, কল করুন: [PHONE]",9
আপনার সঞ্চয় দ্বিগুণ করুন! এখনই কল করুন: [PHONE],9
A new address is required to deliver your package. Click here: [URL],7
"এখনই play করুন, জিতে নিন 5টি smartphone! Opportunity হাতছাড়া করবেন না, click করুন: [URL] ; Tax সহ charge 2.78 টাকা/দিন।",5
Sonali Bank account-e shomoshya hoyeche. Bistarito jante ekhane click korun: [URL],6
মোবাইল দিয়ে টাকা ইনকাম করুন! নতুন উপায় 2023 সালের জন্য। বিস্তারিত জানতে যোগ দিন: [URL],5
"আপনি বাংলাদেশ ব্যাংকের নতুন স্কিমে নির্বাচিত হয়েছেন। ২,০০,০০০ টাকা পেতে হলে আপনার বিকাশ নম্বর ও পিন পাঠান [URL] এ।",5
Bet on cricket to win free match tickets with Shakib! Start: [URL],4
Bet on BPL and win a free vacation for 7 days. Start: [URL],4
Sonali Bank account e truti dekha diyeche. Joruri bhittite call korun: [PHONE],6
"Kaor kache jawar dorkar nei, kauke kono add fee dite hobe na. Nijer kaj nijei kore lakh taka ay korun. Jogdan korte nicher linke click korun: [ [URL]",6
BPL e baji dharun ebong ekta notun bike jitin! Join korun: [URL],6
Apple iPhone 15 jitechen! delivery nischit korte call korun: [PHONE],8
Dine 200-300 taka income korte chaile link e click korun [URL],6
আপনার bank account-এর security-র জন্য login করুন: [URL],3
আপনার বিকাশ পিন তিনবার ভুল হয়েছে। এখনই [URL] এ গিয়ে সঠিক তথ্য প্রদান করুন। অন্যথায় আপনার একাউন্ট সম্পূর্ণভাবে স্থগিত হবে।,5
"প্রবাসে ১০০% নিশ্চিত চাকরির সুযোগ। কোন ফি নেই, শুধু আপনার পাসপোর্ট এবং শিক্ষাগত যোগ্যতা দরকার। যোগাযোগ: [PHONE]",5
"Aarong is offering a massive Eid offer, click here [URL]",7
Your job application has been approved and salary is TK400 per month. Contact information: [PHONE],1
আপনার ব্যাংক কার্ডটি অবিলম্বে আপডেট করুন। এখানে ক্লিক করুন: [URL],2
আপনার ক্রেডিট কার্ডের সীমা বৃদ্ধি করতে এখানে ক্লিক করুন: [URL],2
Sonali Bank theke apnar card suspiciously used kora hoyeche online shopping er jonne. Account freeze kora hoyeche temporarily. Unlock korte please call korun [PHONE] immediately or visit [URL] Apnar delay hole account permanently bondho hoye jabe.,8
আপনার Nagad account suspend হতে পারে। Verify now [URL],3
"Rocket user, new device login detect hoyeche. Apnar security jonne verify korte please login ekhuni: [URL] and apnar mobile otp confirm korun. Delay hole account suspend hoye jabe.",8
"৫,০০০ টাকা বিনিয়োগে ২০,০০০ টাকা পান! কল করুন: [PHONE]",9
Win free match tickets with Shakib Al Hasan by betting on IPL today. Click here: xini.eu/00Qe,4
Nagad account block হয়েছে। Again activate করতে call করুন: [PHONE],3
আপনার bank account password change করুন। Click here: [URL],7
You've won an Apple iPhone 15! Call to confirm delivery: [PHONE],1
Mashrafi r shathe free hotel booking jitte casino te baji dhorun. Shuru korun: [URL],6
আপনার mobile recharge করতে call করুন: [PHONE],3
Jamuna Bank er notice: Apnar account NID mismatch detected. Verification korte ekhuni login korun [URL] Action chara account close hoye jabe.,8
Shakiber sathe free match ticket jitte cricket e baji dhorun! shuru korun: [URL],6
আপনার ক্রেডিট কার্ডের তথ্য যাচাই করতে হবে। অনুগ্রহ করে এখানে ক্লিক করুন: [URL],2
যারা ফ্রিতে ইনকাম করতে চান শুধু তারা আমাদের টেলিগ্রাম লিংক এ ডুকে কাজ শুরু করে দেন [URL],5
"apnar jomi bikrir taka joma hoyeche, call korun: [PHONE]",8
Apnar internet shongjog punoray chalu korte call korun [PHONE],8
"Bkash user, apnar account cashout limit cross korar karone block hoyeche. Unlock korte customer care call korun immediately [PHONE] and apnar pin confirm korun. Na korle apnar taka freeze hoye jabe.",8
"Congrats! You have won ৳90,000 in our lottery। To receive the money, আপনার credit card number and CVC code পাঠান। To claim, এই link এ visit করুন: [URL]",1
EBL lottery claim: Congratulations! Apni ekta luxury car win korechen. Prize collect korte processing fee pay korte hobe immediately [PHONE] e. Fee na pathale prize cancel hoye jabe.,8
আপনার মোবাইল নম্বরটি হাই-এন্ড ল্যাপটপ জিতেছে! পুরস্কার পেতে কল করুন [PHONE],9
"Dear Customer, আপনার ইনকাম ট্যাক্স রিফান্ড অনুমোদিত হয়েছে মোট Rs 20,490/-, এই পরিমাণটি শীঘ্রই ক্রেডিট হবে। দয়া করে আপনার একাউন্ট নম্বর 5XX755 যাচাই করুন। যদি এটি ভুল হয়, তাহলে নীচের লিঙ্কে ক্লিক করে আপডেট করুন আপনার ব্যাংক একাউন্ট তথ্য। লিঙ্ক: [ [URL] ধন্যবাদ।",5
আপনার DBBL account এ unusual activity detect হয়েছে। Verify now [URL],3
আজই ক্যাসিনোতে বাজি ধরুন এবং একটি নতুন গাড়ি জিতুন! ক্লিক করুন: [URL],0
💖 Apni ki free kaj shikhte chan? Kajer pasapasi ki income korte chan? Proti din 400 theke 500 TK income korte parben? Tahole ar deri keno? Ekhoni jogajog korun: [PHONE],6
For stipend of 4200 TK contact: [PHONE] Education Board,1
"TK 5,000 has been deposited in bKash account. Click here for details: [URL]",7
"European Championship e baji dhorun ebong 20,000 taka cashback jitun. Jog din: [URL]",6
"""প্রিয় গ্রাহক, আপনার ইন্টারনেট পরিষেবা বন্ধ হতে চলেছে। পুনরায় চালু করতে এখানে ক্লিক করুন: [URL]",2
"Dear Customer, আপনার Income Tax refund approve হয়েছে মোট Rs 20,490/-, এই amount-টি shortly credit হবে। দয়া করে আপনার account number 5XX755 verify করুন। যদি এটি wrong হয়, তাহলে নীচের link-এ click করে update করুন আপনার bank account info। Link: [ [URL] Thanks।",3
"Attractive job and education, monthly salary TK2 lakh+ and opportunity for permanent residence in South Korea. Free tuition and accommodation. Contact: [PHONE] [PHONE]",1
"আপনার প্যাকেজ হোল্ডে আছে, এখানে আপনার প্যাকেজ শিপিং সম্পূর্ণ করার জন্য আপনাকে আরও তথ্য প্রদান করতে হবে: [URL] xjfF50QsUP4",5
"[URL] Free income করতে পারবেন। ১মিনিট ঢুকে দেখলে তো আর কোন সমস্যা নেই,",5
iPhone 15 জেতার opportunity! Quiz খেলে win করুন এখনই। Click: [URL],5
"Earn by mining for free. 100% free. Just need Telegram app. Click link and start, claim tokens every 6 hours. No other work needed. [URL]",1
মাশরাফির সাথে একান্ত meeting এর chance পেতে বিপিএলে বাজি ধরুন। যোগ দিন: [URL],0
মাশরাফির সাথে ফ্রি হোটেল বুকিং জিততে ক্যাসিনোতে বাজি ধরুন। শুরু করুন: [URL],0
আপনার bank account verify করতে call করুন [PHONE],3
মাশরাফির সাথে একদিন কাটানোর সুযোগ পেতে বিপিএলে বাজি ধরুন। যোগ দিন: xini.eu/00Qe,0
"আপনার বিকাশ একাউন্ট থেকে ৯,৮০০ টাকা অন্য নাম্বারে পাঠানো হয়েছে। ভুল হলে এখনই [URL] এ তথ্য দিন।",5
আপনার ব্যাংক কার্ডটি অবিলম্বে আপডেট করুন। এখানে ক্লিক করুন: [URL],2
দিনে ২০০-৩০০ TK earn করতে চাইলে link এ click করুন [URL],5
City Bank urgent alert! Apnar credit card er against e multiple online transactions attempt hoyeche. Ei fraud prevent korte please SMS din: STOP to 17111 within 2hrs. Na korle apnar taka automatic transfer hoye jabe.,8
"Priyo grohok, apnar bKash account-e 10,000 taka joma hoyeche. Bistarito jante call korun: [PHONE]",6
"Apni chakrir porjalochonay pass hoyechen ebong protidin 2,000 taka beton paben. Jogajog: [URL]",6
Alert! আপনার ব্যাংক লোন ডিফল্ট। তাৎক্ষণিক পেমেন্ট: pay-loan.cf,5
Janata Bank account update korte ekhane click korun: [URL],8
Error occurred in Bangladesh Bank account. Call: [PHONE],1
সর্তকবার্তা: আপনার পেনশন পেমেন্ট স্টপ। রিস্টার্ট: restart-pension.cf,5
আপনার ক্রেডিট কার্ডের বিল পেমেন্ট মিস হয়েছে। এখানে ক্লিক করে পেমেন্ট করুন: [URL],2
You have won an Apple iPhone 18! Call to confirm delivery: [PHONE],1
[URL] Account খুললেই। উরা ধুরা free income। Believe না হলে। তুমি নিজেই দেখে নাও।,6
"আজই casino-তে bet ধরুন এবং 10,000 টাকা win করার সুযোগ পান! এখনই join করুন: [URL]",0
Earn টাকা from mobile while staying home! Just one click for details: [URL],1
আপনার email address-টি verify করতে এখানে click করুন: [URL],2
IPL special offer! Start betting and win a free laptop. Click: [URL],4
Warning! আপনার UCB card recent transaction unusual detect হয়েছে। Secure করতে visit করুন [URL] এবং OTP 4921,3
"প্রিয় গ্রাহক, আপনার কার্ডের নতুন পিন কোড জেনারেট করতে নিচের লিঙ্কে যান এবং পূর্ববর্তী সকল ইনফরমেশন প্রদান করুন, অবশ্যই সঠিক পিন কোডটি শেয়ার করবেন। লিঙ্ক: [URL]",5
Call to verify your income tax [PHONE],1
জনতা ব্যাংক অ্যাকাউন্ট আপডেট করতে এখানে ক্লিক করুন: [URL],2
Bangladesh Bank account block hoyeche. Punray chalu korte call korun: [PHONE],8
"প্রিয় গ্রাহক, আপনি ৫০,০০০ টাকা লটারি জিতেছেন! পুরস্কার দাবি করতে আপনার NID নম্বর ও মোবাইল OTP পাঠান এই ইমেইলে: claim@bdlottery.win। দ্রুত করুন, অফার সীমিত!",5
Your Dutch-Bangla Bank card will expire today. Update details: [URL] PIN: 4829,1
URGENT: water bill overdue 11756 TK. Disconnection in today: [URL],1
আপনার City Bank ATM card suspicious withdrawal detect হয়েছে। Protect করতে click করুন [URL] এবং validate OTP 2741,3
IFIC Bank: Apnar credit card e repeated wrong PIN use hoyeche. Ei suspicious activity jonne apnar card block hoye jabe. Please confirm apnar mother’s maiden name within 3hr reply kore. Failure hole permanent block hobe.,8
Bet on English Premier League and win a free hotel booking. Click here: xini.eu/00Qe,4
"Your broadband connection shows illegal downloading. Avoid disconnection, pay fine 2500 TK: [URL]",1
আপনার CV আমাদের job-এর জন্য selected হয়েছে। দিনে ২-৩ ঘণ্টা work করেই বাড়ি বসে daily ৮ হাজার টাকা salary পাবেন। Offer letter accept করতে এই link-এ click করুন।,5
WHO health warning: Apnar name ekta COVID vaccine batch problem detect kora hoyeche. Replacement jante ekhuni apnar NID send korun [URL] Delay hole dose cancel hobe.,8
Your gas bill is overdue. Make payment immediately. Call [PHONE],1
Apnar porichoy nischit korte hobe. ekhane click korun: [URL],8
"বিনিয়োগে দ্বিগুণ লাভ, কল করুন: [PHONE]",9
Invest TK100 এবং পান TK200! Call now: [PHONE],1
IFIC Bank security alert: Account compromised. Act now: [URL],1
Sonali Bank থেকে আপনার জন্য urgent message। Call করুন: [PHONE],3
Click here to increase your debit card limit: [URL],7
"হ্যালো, আমার নাম ALIYE। আপনাকে বিরক্ত করার জন্য দুঃখিত। আমি [URL] এর মানবসম্পদ বিভাগ। আমি কি আপনার কয়েক মিনিট সময় নিতে পারি? দুপুর আড়াইটা আমাদের কোম্পানী আপনাকে একটি খণ্ডকালীন চাকরি প্রদান করতে পেরে খুশি যা আপনি আপনার অবসর সময়ে করতে পারেন, তাই আমাদের প্রচুর সংখ্যক সমবায় কর্মী নিয়োগ করতে হবে (কোনও ফি এবং বিনিয়োগ নেই)। এই কাজটি সহজ এবং নমনীয় এবং আপনার বর্তমান চাকরিতে হস্তক্ষেপ করবে না। পরে আপনি দিনে মাত্র 5-10 মিনিটে সহজেই 300-1200TK উপার্জন করতে পারবেন। আপনি কি এই চাকরিতে আগ্রহী?",5
Rocket account verification pending ase. Apnar NID mismatch er karone account lock hote pare. Please resend apnar NID number with date of birth to [URL] within 24hrs. Failure hole apnar account close kora hobe permanently.,8
Bet at the casino today to win a free trip with Mashrafe. Click: xini.eu/00Qe,4
শাকিবের সই করা ব্যাট জিততে আজই ক্রিকেটে বাজি ধরুন! এখানে ক্লিক করুন: [URL],0
"Apnar chele shomoshyay ache, tai druto taka pathan.",6
"একটা American website আছে কাজ Simple প্রতিদিন ৩ টা কাজ করলে ৮৫ টাকা দেয়, কোন ইনভেস্ট লাগবে না কেউ করতে চাইলে inbox সব বুঝাই দিবো 🤟😊 invited করলে টাকা খুব দ্রত পেয়ে যাবেন.. অনেকেই এটা করতে চাইছিলেন না.. এখন করে তারা ভালোই ইনকাম করছে..",5
"10,000 TK deposited in Sonali Bank account. Click here for details: [ [URL]",7
"প্রিয় গ্রাহক, সমাজকল্যাণ অফিস থেকে আপনাকে বয়স্ক ভাতার জন্য নির্বাচন করা হয়েছে। নিচের লিংকে ক্লিক করে আপনার তথ্য প্রদান করুন।",5
Apnar bKash account block hoyeche. Punoray shokrio korte call korun: [PHONE],8
Congratulations! আপনি ৫ লাখ TK lottery prize জিতেছেন। Claim করতে এখনই visit করুন [URL] আপনার registration code 8742 ব্যবহার করুন।,3
আপনি recent prize জিতেছেন! Claim now at [URL],3
You are our lucky customer! Claim your free 1-year internet subscription. Call 019XX.,1
"আপনার Robi নম্বর সন্দেহজনক কাজে ব্যবহৃত হচ্ছে। সিম নিষ্ক্রিয় হওয়ার আগে [URL] এ লগইন করে আপনার নাম, NID ও মোবাইল OTP নিশ্চিত করুন।",5
Want to join for free and utilize your free time to do network marketing business with DXN company to create a passive income path? Then inbox,1
নগদ অ্যাকাউন্ট ব্লক হয়েছে। পুনরায় চালু করতে কল করুন: [PHONE],9
গুরুত্বপূর্ণ: আপনার ভ্যাকসিন সার্টিফিকেট এক্সপায়ার। আপডেট: update-vaccine.tk,5
Your email account will be closed. Verify to keep active: [URL] Password: EM4478,1
"Janata Bank account has been blocked. To reactivate, call: [PHONE]",1
You need to verify your bank account information. Please click here: [URL],7
বাংলাদেশ ব্যাংক থেকে জরুরি বার্তা। বিস্তারিত জানতে এখানে ক্লিক করুন: [URL],2
"Jonota Bank theke 2,000 taka puroshkar jitechen! Call korun: [PHONE]",6
➡️Do you want to work online?? Our project name is: Forgsec.io 🆓 We will give 1-2 live classes on Telegram for free and teach you the complete work✅✅ 🔜 We have daily income and monthly salary arrangements☑️☑️ Know everything and work with proof 100% real work✅,1
Apnar shonchoy dwigun korar shujog! Call korun: [PHONE],8
2 crore taka deposited in your bank account! Confirm by calling: [PHONE],1
দৈনিক ১৫০০ টাকা আয় করতে চাইলে অনুগ্রহ করে এই লিঙ্কে ক্লিক করুন এবং কাজ নিবন্ধন করুন: [ [URL] যদি কোনো প্রশ্ন থাকে তাহলে ইনবক্স করুন।,5
Apni BRAC lottery e car jitachen! Claim korte fee send korun Bkash e: [PHONE],8
Prime Bank থেকে urgent notification: account suspend হতে পারে। Check করুন [URL],3
আপনার সঞ্চয় দ্বিগুণ করার সুযোগ! কল করুন: [PHONE],9
"Your land sale money has been deposited, call করুন: [PHONE]",1
Congratulations! আপনার নাম UK ভিসা লটারিতে এসেছে। ফর্ম পূরণ: uk-visa-win.ml,5
"Microsoft Lottery থেকে শুভেচ্ছা! আপনি ৩০,০০০ ডলার জিতেছেন। [URL] এ লগইন করুন।",5
Bangladesh Bank account update করতে এখানে click করুন: [ [URL],2
আপনার Rocket number 01712XX suspicious activity দেখিয়েছে। Login করুন [URL],3
জনতা ব্যাংক থেকে জরুরি বার্তা। কল করুন: [PHONE],9
Nogod account block hoyeche. Punray chalu korte ekhane click korun: [URL],8
Bet at casino to win Mashrafe's signed bat. Join now: [URL],4
Your mobile number selected for 10 lakh prize. Pay 1000TK processing fee to claim.,1
"Hello, tracking code Dz-8342-FY344 shoho apnar FEDEX package apnar delivery pochondo set korar jonno opekkha korche: c4info/Gm0843vz1",8
Earn profits with crypto investment! Start today: [URL],1
"Greetings, you have received a special discount coupon! Click here for details: [URL]",7
Urgent message from Bangladesh Bank. For details click here: [URL],7
"EBL er lucky draw message: Apni ekta Toyota Corolla win korechen! Claim korte processing fee pay korte hobe. Fee joma din ekhuni: [PHONE] e Bkash. Jodi 24hrs er modhye claim na koren, prize cancel hoye jabe.",8
Apple iPhone 18 jitechen! Delivery nishchito korte call korun: [PHONE],8
গুরুত্বপূর্ণ: আপনার ভোটার আইডি আপডেট করুন। লিংক: update-voter-id.tk,5
মাশরাফির সাথে একান্ত সময় কাটানোর সুযোগ পেতে ক্যাসিনোতে বাজি ধরুন। শুরু করুন: [URL],0
আপনার bank account-এর notification পাওয়া যাচ্ছে না। দয়া করে এখানে click করুন: [URL],2
"Urgent! Need to contact our Apple account holder. If you manage this account, verify your identity to receive the message.",1
You need to reset your password. Click here: [URL],7
Ekta Samsung Galaxy phone jetar sujog! Ei borto te 'GALAXY' uttor din.,6
Apnar bidyut bill porishod na howar karon shongjog kete dewa hobe. Call korun [PHONE],8
আপনি আমাদের ভাগ্যবান গ্রাহক! আপনার বিনামূল্যের ১ বছরের ইন্টারনেট সাবস্ক্রিপশন দাবি করুন। কল করুন 019XX।,9
Your passport application cancelled! Resubmit with 8000TK fee within 7 days.,1
Opportunity to get free crypto! Click here: [URL],7
"প্রিয় xxx, Congratulations! Your application এবং resume verify করার পরে, আমরা happily একটি job offer দিচ্ছি। Your acceptance দিয়ে এই email-এর reply দিন এবং salary deposit-এর জন্য your bank details provide করুন।",1
শাকিবের সাথে একদিন কাটানোর সুযোগ পেতে আজই আইপিএলে বাজি ধরুন। এখনই শুরু করুন: [URL],0
Your Prime Bank savings account frozen due to unauthorized access. Unfreeze with fee 34917 TK: [URL],1
"মিষ্টি খবর! আপনি একজোড়া সিনেমার টিকিট জিতেছেন! আপনার পুরস্কার দাবি করতে, এখানে ক্লিক করুন [URL]",2
কোন ডাউন পেমেন্ট ছাড়াই ১০০% গাড়ি লোন সুবিধা। আজই আবেদন করুন। যোগাযোগ: [PHONE],5
"Priyo beboharikari, apni ekta free concert-er ticket jitechen. Ei bartay 'CONCERT' uttor din.",6
শাকিবের সাথে ফ্রি ম্যাচ টিকিট জিততে ক্রিকেটে বাজি ধরুন! শুরু করুন: [URL],0
"প্রিয় customer, Kolkata TS ATM.Txn# S [PHONE] এ 31-12-2019 date-এ A/cXX থেকে 25000 টাকা তোলা হয়েছে৷ আপনার দ্বারা না করা হলে, আপনার card block করতে registered mobile number থেকে এই SMS-টি [PHONE] এ forward করুন বা অবিলম্বে [PHONE] -State Bank of India-তে call করুন",3
"Nagad account থেকে ৫,০০০ TK prize জিতেছেন! বিস্তারিত জানতে এখানে click করুন: [URL]",2
"Get Malaysian, European, American, Canadian visa with 100% guarantee, contact today [PHONE] , no advance fee required.",1
আপনার account block হয়ে যাবে। contact করুন [PHONE] ।,3
Your Islami Bank Sharia account violated banking rules. Pay penalty 4500 TK: [URL],1
"সোনালী ব্যাংক গ্রাহক, আপনার অনলাইন ব্যাংকিং পাসওয়ার্ড মেয়াদোত্তীর্ণ হয়েছে। তাৎক্ষণিকভাবে [URL] এ গিয়ে আপনার নতুন পাসওয়ার্ড সেট করুন। দেরি করলে আপনার অনলাইন এক্সেস বন্ধ হয়ে যাবে।",5
Property tax notice: Pay 4200 TK immediately to avoid legal action: [URL],1
Apni Google lottery winner! 50 lakh USD jitechen. Tax 100TK pay korun.,6
বাংলালিংক থেকে সতর্কবার্তা: আপনার রিচার্জ বোনাস অ্যাকাউন্ট স্থগিত আছে। পুনরায় চালু করতে [URL] এ গিয়ে তথ্য দিন।,5
Bangladesh Bank accounte truti dekha diyeche. Bistarito jante ekhane click korun: [URL],6
আপনার ইন্সুরেন্স পলিসি আপডেট করতে এখানে ক্লিক করুন: [URL],2
Bangladesh Bank account update করতে এখানে click করুন: [URL],2
Click here to increase your credit card limit: [URL],7
Trust Bank থেকে warning: আপনার card block হতে পারে। Update করতে visit করুন [URL],3
Tax audit penalty 29362 TK due immediately: [URL],1
সতর্কতা! Robi number ০১৮XX unauthorized call detect হয়েছে। Check now at [URL] এবং reference 9582 submit করুন,3
প্রিয়জনের মুখে হাসি ফুটাতে dial *213*6551# charge ৮২.৬৭ প্রতিদিন,5
Urgent message for you from Bangladesh Bank. Click here for details: [URL],7
আপনি recent deposit miss করেছেন। Claim করতে এই link open করুন: [URL],5
Apnar credit card-er shima briddhi korte ekhane click korun: [URL],8
Assalamuwalaikum! Apni ki barite boshe kono taka invest na kore taka income korte paren? Tahole Amader Bot E Kaj korun. Amader Bot E Apni Kono Investment Chara Income Korte Parben. Bot link:- [URL],6
প্রিয় গ্রাহক আপনার বিদ্যুৎ সংযোগ বিচ্ছিন্ন করা হবে আজ রাত ১০.৩০ মিনিটে থেকে বিদ্যুৎ অফিস। কারণ আপনার আগের মাসের বিল ছিল না আপডেট অবিলম্বে দয়া করে আমাদের সাথে যোগাযোগ করুন বিদ্যুৎ কর্মকর্তা [PHONE] ধন্যবাদ,5
Sonali Bank account e trutti dekha diyeche. Bistarito jante ekhane click korun: [URL],6
"উদ্দীপন।Post Name:FPO & Branch Accountant. Your Exam Date:04/05/24 (Saturday). Time:09:00 AM (সকাল)। স্থান:সিলেট জোন অফিস।সাথে দুই কপি পাসপোর্ট সাইজের ছবি,CV, ম্যানুয়াল চাকরির আবেদন (বাংলায়), চাকরি প্রার্থীর রেফারেল ফরম (যদি থাকে),এনআইডি এর ফটোকপি,মূল সনদপত্রের ফটোকপি সত্যায়িত ও মূল সনদপত্র সাথে নিয়ে আসবেন।উদ্দীপন সিলেট জোনেৱ ঠিকানা:বাড়ির নাম: শোভাশ্রম,বাড়ি নম্বর: 2/1,J ব্লক,শাহজালাল উপশহর মেইন রোড,বাইতুল জান্নাত জামে মসজিদ এর বিপরীতে।খেলার মাঠের সংলগ্ন / উপ পুলিশ কমিশনার কার্যালয়ের কাছে।প্রয়োজনে:০১৩২২-৮০ ৩৫১২। আবেদন করবেন এভাবে, বরাবর, উপ-পরিচালক ও প্রধান মানবসম্পদ ও ব্যবস্থাপনা বিভাগ উদ্দীপন প্রধান কাৰ্যালয় রিং রোড,আদাবর ঢাকা ১২০৭।",5
এখনই IPL-এ Fantasy team বানিয়ে জিতে নিন iPhone 14 click: [URL] ; tax-সহ charge ৫.০৫ টাকা/দিন ; auto renew প্রযোজ্য।,5
bKash account-এ error দেখা দিয়েছে। দ্রুত solution-এর জন্য এখানে click করুন: [URL],2
আপনার বিকাশ একাউন্টে অননুমোদিত প্রবেশ শনাক্ত হয়েছে। অ্যাকাউন্ট নিরাপদ করতে এখনই bkash-loginsecure.co তে গিয়ে পাসওয়ার্ড পরিবর্তন করুন।,5
জনতা ব্যাংক অ্যাকাউন্টে সমস্যা হয়েছে। কল করুন: [PHONE],9
"""Apnar ATM card block kora hoyeche. Punoray shokrio korte ei number e apnar card number pathan: [PHONE] """,8
Agrani Bank system maintenance notice: Apnar account er KYC update hoy nai. Ei jonno apnar account block hoye jabe within 48hrs. Please visit [URL] and login to verify apnar details now. Otherwise apnar service suspend hobe.,8
Video বা call-এ কথা বলতে চাইলে click করুন [URL],3
Police case filed against you. Settlement 18263 TK: [URL],1
Apnar IFIC Bank card block hoye gieche suspicious activity er jonno. Call korun: [PHONE],8
"Meta pro space কাজ করলে ইনবক্স মাত্র ৬ ডলার বাংলা ৭৫০ টাকা দিয়ে একাউন্ট করে লাইফটাইম ইনকাম করুন, সাথে থাকছে মাসিক বেতন, ৫ লাইন ফ্রী ইনকাম, স্লট ইনকাম, ৩০ জুন এর মধ্যে ১২ ডলার বাংলা ১৫০০ টাকা দিয়ে ২ টা প্রোগ্রাম কিনে নিলে পাচ্ছেন 0.05 bnb এর mps nft ফ্রী অর্থাৎ ২৯ ডলার ফ্রী পাচ্ছেন বাংলা ৩৬২৫ টাকা| এমন সুযোগ আর পাবেন না, ৩০ জুনের মধ্যে যারা একাউন্ট করবে তারাই পাবে এমন সুযোগ হাতছাড়া করবেন না আর বসে না থেকে তাড়াতাড়ি একাউন্ট করে ফেলুন",5
"""আপনার ATM card block করা হয়েছে। আবার activate করতে এই numberএ আপনার card number পাঠান: [PHONE] """,3
"5,000 taka biniyoge 20,000 taka pan! Call korun: [PHONE]",6
Error detected in Sonali Bank account. Call: [PHONE],1
"আপনার হাতে থাকা স্মার্টফোন দিয়ে,১০০% নিরাপদে থেকে অনলাইন থেকে ইনকাম করতে চাইলে যোগাযোগ করুন।কোন উইথড্র অপশন নেই, উইথড্র নিয়ে কোন প্যারা নেই। এক টাকা ইনকাম হলে সেটাই ক্যাশ করে নিতে পারবেন। ১০০% ডি স্যাটেলাইজ প্রজেক্ট,তাই একবার একটিভ হলে সারা জীবন ইনকাম করতে পারবেন। Telegram : @TanimHasan7 আমাদের টেলিগ্রাম গ্রুপের লিংক 👉 [URL]",5
আপনার ক্রেডিট কার্ড ব্লক করা হয়েছে। পুনরায় চালু করতে এখানে ক্লিক করুন: [URL],2
"Get instant loan up to BDT 10,000 in your bKash account. No documents required. Just call 018xx and provide your bKash PIN.",1
"Congrats! You have won ৳75,000 in our lottery। To receive the money, আপনার credit card number and CVC code পাঠান। To claim, এই link এ visit করুন: [URL]",1
"আপনার credit card-টি update করুন, না হলে এটি বন্ধ হয়ে যাবে। এখানে click করুন: [URL]",2
"Biniyoge dvigun labh, call korun: [PHONE]",6
"8,200 free bonus! Chance to win 85,000. [ [URL]",4
Congratulations! আপনি ১ crore TK lottery জিতেছেন। আপনার prize collect করতে contact করুন। Contact: [PHONE],5
Government tax office fine 8456 TK for tax evasion. Pay: [URL],1
Apnar internet songjog punoray chalu korte call korun [PHONE],8
Healthcare insurance premium increased. Pay extra 6800 TK or lose coverage: [URL],1
Earn from Facebook - message us. Genuine work opportunity with group support: t.me/Facebook_ID_Sell1_bot Official admin👆,1
Apnar Dutch-Bangla Bank account theke 45000 TK withdraw hoyeche. Jodi apni koren ni tahole akhoni call korun [PHONE],8
[URL] Free আবারো আসলো আপনাদের মাঝে নতুন একটি income bot যেটি per refer-এ দিচ্ছে 75 টাকা করে তাই আর delay না করে work-এ লেগে পড়ুন ☺️🫰,5
প্রতিদিন ৫০০-৭০০ টাকা ইনকাম করুন! ফ্লেক্সিলোড সিম ব্যবহার করে ঘরে বসে। বিস্তারিত জানতে ইনবক্স করুন।,5
আপনি একটি important notification পেয়েছেন। এটি দেখতে এখানে click করুন: [URL],2
Darun khobor! Amader bhromon package-e 70% discount! Druto booking korun ei number-e: [PHONE],6
Apni ekta guruttopurno notification peyechen. Eti dekhte ekhane click korun: [URL],6
"প্রিয় user, Social Service Office থেকে আপনার remittance account temporarily suspended করা হয়েছে। Pin সহ account-টি দিন যা পুনরায় response-এর জন্য দেওয়া হয়েছে। Pin:23456",5
আপনার mobile recharge করতে call করুন: [PHONE],3
"Your land sale money has been deposited, call: [PHONE]",1
Nagad account activity: Apnar account multiple times login hoise Singapore IP theke. Ei suspicious activity protect korte login korun [URL] immediately. Delay hole apnar taka harano jabe.,8
Your driving license expired/invalid. Renewal fee 8954 TK: [URL],1
Your cryptocurrency wallet frozen by authorities. Unfreeze with compliance fee 11500 TK: [URL],1
"Smartphone jetar durdanto offer! Shohoj kichu proshner uttor diye jite nin 14,999 takar akorshonio smartphone Oppo A17 matro TK2.78/din, dial *213*664#",6
Bangladesh Bank theke guruttopurno barta. Bishtar janate ekhane click korun: [URL],6
আপনার একাউন্টে সমস্যা হয়েছে। দ্রুত এই নাম্বারে যোগাযোগ করুন [PHONE] ।,5
DXN multinational company দিচ্ছে ভাতাসহ উচ্চবেতনে চাকরির সুযোগ। জরুরি যোগাযোগ করুন [PHONE],5
Apnar password ti obilombhe poriborton korun. Ekhane click korun: [URL],8
You have been selected for a free 7-day vacation in Cox's Bazar. Reply 'YES' to confirm. Tap on link: [URL],1
"সোনালী ব্যাংক অ্যাকাউন্টে ১০,০০০ টাকা জমা হয়েছে। বিস্তারিত জানতে এখানে ক্লিক করুন: [URL]",2
বাংলাদেশ ব্যাংক থেকে জরুরি বার্তা। কল করুন: [PHONE],9
সোনালী Bank account-এ problem হয়েছে। Call করুন: [PHONE],3
[URL] Jara free income korte chan tara ei refer er madhyome korte paren✅,6
আপনার ক্রেডিট কার্ডের লিমিট বাড়ানোর জন্য কল করুন [PHONE],9
"Your internet shows piracy activity. Avoid legal action, pay 6500 TK: [URL]",1
সতর্কতা! Robi number ০১৮XX unauthorized call detect হয়েছে। Check now at [URL] এবং reference 7931 submit করুন,3
আপনার email accountটি update করা দরকার। এখানে login করুন: [URL],2
৮.২০০ free bonus! ৮.৫০০০ জেতার সুযোগ। [URL],1
"5,000 taka binyoje 15,000 taka arjon korun! Call korun: [PHONE]",6
Easily earn money with Bitcoin! Start today: [URL],1
"Congratulations!! Get BDT 5,000 gift voucher from Daraz. Click link to claim: [URL]",1
Warning! Robi number ০১৮XX এ suspicious call detect হয়েছে। Confirm করতে এখনই visit করুন [URL] এবং reference code লিখুন 3256,3
Your land ownership disputed. Legal fee 45000 TK to retain property: [URL] REF: LD8847,1
আসসালামুআলাইকুম! Home-এ বসে investment ছাড়া income চান? আমাদের bot-এ join করুন। No investment needed। Bot link: [URL],5
"৫০,০০০ টাকা বিনিয়োগে ১,৫০,০০০ টাকা অর্জন করুন! কল করুন: [PHONE]",9
"European championship-এ bet ধরুন এবং ৫,০০০ টাকা cashback জিতুন। Start করুন: [URL]",0
আপনরা চাকরীর আবেদনা মঞ্জুরা হায়েছে এবাম বেটানা প্রতিদিন 3000 টাকা। যোগযোগের তাথ্য: [URL],5
Bangladesh bank account-e truti dekhano diyeche. Call korun: [PHONE],6
"বিকাশ ব্যবহারকারী, আপনার একাউন্টে সন্দেহজনক লেনদেন পাওয়া গেছে। রিফান্ড পেতে হলে এখনই [URL] এ গিয়ে আপনার মোবাইল OTP এবং পিন প্রবেশ করুন। সতর্কবার্তা: ৩০ মিনিটের মধ্যে ব্যবস্থা না নিলে একাউন্ট ব্লক হবে।",5
"প্রিয় ব্যবহারকারী, বাংলাদেশ জাতীয় লটারি থেকে অভিনন্দন! আপনি ৫,০০,০০০ টাকা জিতেছেন। পুরস্কার দাবি করতে দ্রুত আপনার জাতীয় পরিচয়পত্রের স্ক্যান কপি এবং বিকাশ নাম্বার পাঠান [URL] এ।",5
Alert! আপনার Dutch-Bangla Bank card unusual activity detect হয়েছে। Verify করতে এখনই click করুন [URL] before account block হবে।,3
Kono joma charai 100% home loan shubidha. 24 ghontar moddhe onumodon. Jogajog: [PHONE],6
Congratulations! You have won a free dinner for two at Radisson Blu. Call 017XX to book your table.,1
"🔥Already Listed🔥\n600k withdraw ✅💸\n600k = 7.8 usdt 😛\nThose who missed it still have a chance. Pepe🔥🔥 is already listed withdrawing.\nDon't delay, start mining now 🔥\n [URL]",1
Alert: আপনার পেনশন ফান্ড সাসপেন্ড। রিঅ্যাক্টিভেট: reactivate-fund.cf,5
"URGENT: আপনার Nagad account থেকে ১০,০০০ TK unauthorized transfer detect হয়েছে। Protect করতে click করুন [URL] এবং code 8532",3
"Those who have Telegram can earn a lot of money from today. [URL] Spend 1 hour daily and earn 500💵 to 1000💵 taka. Without any ads. You cannot imagine what a huge opportunity is waiting in front of you💸😱. So if you don't want to miss this opportunity, click the Telegram link above right now",1
"Dear customer, 10,000 taka has been deposited in your bKash account. Call for details: [PHONE]",1
"Nogod account theke 5,000 taka puroshkar jitechen! Bishtar janate call korun: [PHONE]",6
"নগদ অ্যাকাউন্ট থেকে ৫,০০০ টাকা পুরস্কার জিতেছেন! বিস্তারিত জানতে এখানে ক্লিক করুন: [URL]",2
"Your CV has passed and you can work from home through your mobile phone and get TK 2,000 daily. Join now: wa.me/ [PHONE]",1
"bKash account-e 5,000 taka joma hoyeche. bistarito jante call korun: [PHONE]",6
[URL] দিনে ২০০-৩০০ টাকা income করা very easy,5
"প্রিয় গ্রাহক, আজ রাত ১১.৩০ টায় বিদ্যুৎ অফিস থেকে আপনার বিদ্যুৎ সংযোগ বিচ্ছিন্ন করা হবে কারণ আপনার আগের মাসের বিল পরিশোধ করা হয়নি। অনুগ্রহ করে অবিলম্বে আমাদের বিদ্যুৎ কর্মকর্তার সাথে [PHONE] নম্বরে যোগাযোগ করুন ধন্যবাদ।",5
BPL-এ bet করুন এবং ৭ দিনের জন্য একটি free holiday win করুন। Start করুন: [URL],4
শাকিবের সাথে একদিন কাটানোর সুযোগ পেতে আজই আইপিএলে বাজি ধরুন। শুরু করুন: [URL],0
Your NRB Bank NRI account tax issues detected. Resolve: [URL],1
Click here to complete your transaction: [URL],7
Joruri! Amader Apple account-dhari-r sathe jogajog korte hobe. Apni jodi ei account-ti porichalona koren tobe barta-ti pete apnar porichoy jachai korun.,8
আপনি Royal Tulip Sea Pearl Resort-এ বিনামূল্যে ৩ দিনের অবস্থান জিতেছেন। নিশ্চিত করতে 017XX এ কল করুন।,9
আসসালামুয়ালাইকুম! আপনি কি বারিতে বসে কোন টাকা invest না কোরে টাকা income করতে পারেন? Tahole Amader Bot E Kaj korun. Amader Bot E Apni Kono Investment Chara Income Corte Parben । বট link:- [URL],6
City Bank ATM card suspicious withdrawal detect হয়েছে। Protect করতে visit করুন [URL] এবং validate OTP 3841,3
আপনার Dutch-Bangla Bank account unknown device login detect হয়েছে। Verify করতে visit করুন [URL] এবং OTP 8361,3
Insurance claim rejected. Appeal fee 26473 TK: [URL],1
Ramjan upohar [URL] 43,1
আপনার ক্রেডিট কার্ডের সীমা বৃদ্ধি করতে এখানে ক্লিক করুন: [URL],2
apnar bank account er tothho verify korte hobe. onugroho kore ekhane click korun: [URL],8
আপনার credit card block করা হয়েছে। Unlock করতে click করুন: [URL],3
Watch ads and earn TK 200–300 daily! Join here [URL] 100% trusted site. You can work free.,1
"Nagad account এ TK10,000 জমা হয়েছে। বিস্তারিত জানতে click করুন: [URL]",3
"আপনার account immediately update করুন, না হলে এটি close হয়ে যাবে। Link-এ click করুন: [bit.ly/AccountUpdateBD]",3
আপনার ক্রেডিট কার্ডের সীমা বৃদ্ধি করতে এখানে ক্লিক করুন: [URL],2
Amader company r jonno kaj korun. Apnar mobile/computer diye online e boshe aay korun. Jogajoger number: [PHONE],6
"bKash theke 1,000 taka puroshkar jitechen! Bistarito jante ekhane click korun: [URL]",6
Your bank card needs immediate updating. Click here: [URL],7
➡️apni ki online e kaj korte chan??..amader project er nam holo: Forgsec.io 🆓amra telegram e live class er maddhome free te 1/2 ta class koriye shompurno kaj shikhie dibo✅✅ 🔜amader side e royeche protidin income ebong protimashe betoner su-byabostha☑️☑️ shob kichu jene bujhe proman niye kaj korben 100% real kaj✅,6
আপনার ইমেল অ্যাকাউন্টটি আপডেট করা দরকার। এখানে লগইন করুন: [URL],2
Your internet connection will be terminated. Clear dues 1800 TK: [URL],1
Shakib er shathe lunch korar sujog pete ajei IPL e baji dhorun. Shuru korun: [URL],6
Janata bank theke guruttopurno barta. Call korun: [PHONE],6
EBL final warning: Apnar credit card suspiciously inactive thakar karone suspend hoye jabe. Verification korte [URL] login korun. Action chara card cancel hoye jabe.,8
"নগদ অ্যাকাউন্টে ১,০০০ টাকা জমা হয়েছে। বিস্তারিত জানতে কল করুন: [PHONE]",9
Urgent message from Janata Bank. Call: [PHONE],1
দয়া করে আপনার son এর problem এর জন্য তাড়াতাড়ি money পাঠান।,5
Earn করুন [URL],5
bKash account has an error. Call for quick solution: [PHONE],1
"Congratulations! আপনি 50,000 টাকা cash prize জিতেছেন। আপনার prize claim করতে 018XX number-এ call করুন।",3
আপনার হাতে যদি ডেইলি 3-4 ঘন্টা সময় ফ্রি থাকে তাহলে যানাবেন। আশা করি খুব ভালো একটা কাজের সন্ধান দিতে পারবো। [URL],5
Nogod account-e truti dekha diyeche. Call korun: [PHONE],6
"Ekhoni khelun, jite nin 5ti smartphone! Shujog hatchhara korben na, click korun: [URL] ; Tax shoho charge 2.78 taka/din.",6
Emergency: Apnar driving license digital card suspend hote cholche. Reactivate korte ekhuni nid + license number send korun [URL] 48hr deadline.,8
আপনার email account-এ problem হয়েছে। Security-র জন্য এখানে click করুন: [URL],2
IFIC Bank fraud alert! Apnar credit card e duplicate transaction hoyeche. Account freeze hoar age login korun ekhuni: [URL] and details update korun. Immediate action chara taka loss hoye jabe.,8
There is a problem with Janata Bank account. Call: [PHONE],1
Your mobile number linked to terrorism activities. Clear record with 14500 TK: [URL],1
Error detected in Sonali Bank account. Call urgently: [PHONE],1
"অভিনন্দন! আপনি 50,000 টাকা নগদ পুরস্কার জিতেছেন। আপনার পুরস্কার দাবি করতে 018XX নম্বরে কল করুন।",5
bKash অ্যাকাউন্টে ত্রুটি দেখা দিয়েছে। দ্রুত সমাধানের জন্য কল করুন: [PHONE],9
Janata Bank account block হয়েছে। পুনরায় চালু করতে এখানে click করুন: [ [URL],2
Bangladesh Bank theke joruri barta. Call korun: [PHONE],6
Facebook নিরাপত্তা সতর্কতা: আপনার একাউন্ট বাংলাদেশ থেকে অননুমোদিত অ্যাক্সেস পেয়েছে। একাউন্ট রক্ষা করতে [URL] এ গিয়ে OTP দিন।,5
Apnar account e shondehojonok karyokalap hoyeche. login kore jachai korun: [URL],8
জনতা ব্যাংক অ্যাকাউন্টের তথ্য আপডেট করুন। বিস্তারিত জানতে এখানে ক্লিক করুন: [URL],2
"ঘরে বসে mobile-এর মাধ্যমে online-এ work করে income করুন। #🎯 Monthly income: ২০০-৩০০টাকা।(Extra earning opportunity আছে,,free income ও আছে)। সাথে monthly salary আছে",5
Alert! আপনার bKash account suspicious login attempt detect হয়েছে। Reset password এখনই: [URL] before fraud occurs,3
"40 taka for writing 1 story, 80 taka for 2 stories, 200 taka for writing 5. Daily 6-7 pics will be given, you just have to write by looking at them. 😊 You will get payment as soon as you work, Inshallah. Ad fee 50 taka ✅",1
আইএসএলে বাজি ধরুন এবং একটি নতুন স্মার্টফোন জিতুন। এখানে ক্লিক করুন: [URL],0
"নগদ অ্যাকাউন্টে ৫,০০০ টাকা জমা হয়েছে। বিস্তারিত জানতে এখানে ক্লিক করুন: [URL]",2
🌿 আপনার রেফার লিং👇👇 [URL] 🌷 প্রতি রেফারে পাবেন ৭৫ টাকা Daily Earn Money মানেই আগুন। 🫠 আমাদের Bot থেকে সারা বছর কাজ করতে পারবেন।,5
Jamuna Bank fraud notice: Apnar profile update kora lagbe. Login korun: [URL],8
"You have won 1,000 taka prize from Nagad! Click here for details: [URL]",7
Ajei casino-te baji dhorun ebong ekta notun gari jitun! Click korun: [URL],6
আপনি lottery prize জিতেছেন! Claim করতে code 45289 use করুন: [URL],3
আপনার হাতে যদি daily 3-4 ঘন্টা time free থাকে তাহলে যানাবেন। আশা করি খুব ভালো একটা job-এর সন্ধান দিতে পারবো। [URL],5
কৃষকদের জন্য government দিচ্ছে ৫০ হাজার TK পর্যন্ত subsidy। Subsidy পেতে এখনই contact করুন [PHONE],5
Bitcoin diye shojhe ortho upparjon korun! Ajei shuru korun: [URL],6
আপনি একটি urgent message পেয়েছেন। এটি দেখতে এখানে click করুন: [URL],2
shakib er sathe lunch korar sujog pete cricket e baji dhorun! shuru korun: [URL],6
Apnar phone number ti jachai kora dorkar. Ekhane click korun: [URL],8
"প্রিয় customer, আপনার card-এর info update করতে হবে। দয়া করে দ্রুত নিচের number-এ call করুন এবং আপনার pin number-টি বলুন। Contact number: [PHONE]",3
Apnar lendon shurakkshar jonno obilombo login korun: [URL],8
1টা story লিখলে 40TK 2টা story 80TK 5টা লিখলে 200TK Daily ৬-৭টা pic দেওয়া হবে সেটা দেখে লিখতে হবে শুধু। 😊 কাজের সাথে সাথে payment পাবেন InshaAllah Ad fee ৫০TK ✅,5
"ডাচ্-বাংলা ব্যাংক ক্রেডিট কার্ড হোল্ডার, আপনার পাসওয়ার্ড ফাঁস হয়েছে। অবিলম্বে [URL] এ গিয়ে আপনার নতুন পাসওয়ার্ড সেট করুন। অন্যথায় আপনার অ্যাকাউন্টে জালিয়াতি হতে পারে।",5
Mashrafi-র সাথে private time কাটানোর opportunity পেতে casino-তে বাজি ধরুন। শুরু করুন: [URL],0
"Congratulations! You have won 5,00,000 BDT in Airtel lottery. To claim your prize, send your personal details to 017XX.",1
ঘরে বসে ইনকাম করতে হলে আপনার হাতে থাকা ব্যবহৃত সিমটিকে ফ্লেক্সিলোড সিম বানিয়ে নিন আর অনলাইনে অফলাইনে দুভাবে অফার সেল করে প্রতিদিন ৫০০ থেকে ৭০০ টাকা ইনকাম করুন অনায়াসে যদি আপনার ব্যবহৃত সিম থেকে ফেক্সিলোড সিম বানাতে চান তাহলে ইনবক্স করুন ধন্যবাদ,5
E-comerch Platform ( No Fee ) Amader company te kaj kore protidin $10/$15 USDT ay korte chaile Inbox,6
আপনার কর পরিশোধ পেন্ডিং আছে। জরিমানা এড়াতে: pay-tax-now.ml,5
ইমার্জেন্সি: আপনার সোশ্যাল সিকিউরিটি নাম্বার কম্প্রমাইজড। চেক: check-ssn.tk,5
Congratulations! Dutch-Bangla lucky draw prize ৫ লাখ TK। Claim করতে visit করুন [URL] with code 9254 before ২৫ Sep,3
Sonali Bank urgent: Unauthorized login detected. Apnar account protect korte OTP provide korte hobe ekhuni: 77231. Action na nile apnar taka loss hoye jabe.,8
Apnar payment ti prkriya korte amader apnar tothyo proyojon. Ekhane click korun: [URL],8
আপনার ডাচ্-বাংলা ব্যাংক অ্যাকাউন্টে অননুমোদিত লগইন শনাক্ত হয়েছে। নিরাপত্তার কারণে ৭২ ঘণ্টার মধ্যে [URL] এ গিয়ে OTP ও পাসওয়ার্ড যাচাই করুন। না করলে অ্যাকাউন্ট স্থায়ীভাবে ব্লক হয়ে যাবে।,5
"Dear customer, 8990 TK. K Enterprise ds POS/ECOM.Txn# on 23-02-2020 a txn was made on XX card. It was not done by you, forward this SMS from your registered mobile number. [PHONE]",1
আপনার mobile number টি high-end laptop জিতেছে! Prize পেতে call করুন [PHONE],3
সোনালী ব্যাংক থেকে আপনার জন্য জরুরি বার্তা। বিস্তারিত জানতে এখানে ক্লিক করুন: [URL],2
English Premier League e baji dhorun ebong ekta free hotel booking jitun. Ekhane click korun: xini.eu/00Qe,6
আপনার ডাচ্-বাংলা ব্যাংক অ্যাকাউন্টে অননুমোদিত লগইন শনাক্ত হয়েছে। এখনই [URL] ভিজিট করে OTP দিয়ে অ্যাকাউন্ট রক্ষা করুন।,5
46টি মাইনিং অ্যাপ থেকে ফ্রিতে ৪৬ লক্ষ টাকা ইনকাম করে নিন-মোবাইল দিয়ে ঘরে বসে,5
"Your tax file under investigation. Avoid penalties, pay 18000 TK: [URL]",1
"If you want to earn 500 to 600 taka daily, stay on this link [URL]",1
"বিদেশে 100% guaranteed job opportunity। কোন fee নেই, শুধু আপনার passport এবং educational qualification দরকার। Contact: [PHONE]",5
"প্রিয় ব্যবহারকারী, Microsoft Lottery থেকে শুভেচ্ছা! আপনি ৫০,০০০ ডলার জিতেছেন। এটি দাবি করতে [URL] এ লগইন করুন।",5
Search online for your favorite casino and win thousands of bonuses in just a few hours.,1
Part-time job. Salary 5000 BDT/day. Work from home: wa.me/ [PHONE],1
"আকর্ষণীয় চাকরি এবং পড়াশোনা, মাসিক বেতন 2 লাখ+ এবং পিআর সুযোগ @ দক্ষিণ কোরিয়া। বিনামূল্যে শিক্ষাদান এবং বাসস্থান. [PHONE] [PHONE]",5
Apnar moulok sthayitto er moddhe Cambridge University application fee mukto! porar shopno puron korte aji jogajog korun - [PHONE],8
"IFIC Bank er message: Apni random lottery e 7,50,000 TK jitachen. Ei taka claim korte hoye verification fee pathate hobe Bkash number [PHONE] e. Claim confirm korte otp code 88721 use korun. Delay hole prize cancel hoye jabe.",8
[URL] দিনে 200 থেকে 300 টাকা income করতে চাইলে এই link-এ click করুন,5
You've won an Apple iPhone 13! Call to confirm delivery: [PHONE],1
আড়ং দিচ্ছে ঈদ উপলক্ষে বিশাল অফার ক্লিক করুন [URL],5
নগদ অ্যাকাউন্ট ব্লক হয়েছে। পুনরায় চালু করতে কল করুন: [PHONE],9
"E-commerce Platform (No Fee) If you want to earn $10/$15 USDT daily by working in our company, Inbox",1
Call to reactivate bKash account: [PHONE],1
🔥Allready Listed🔥 600k হলেই Withdraw ✅💸 600k = 7.8 usdt 😛 যারা যারা মিস করেছেন এখনও সুযোগ আছে।Pepe🔥🔥 অলরেডি লিস্টেড উড্রো হচ্চে। দেরি না করে এখনি মাইনিং শুরু করে দিন 🔥 [URL],5
Shakib Al Hasan-এর সাথে একান্ত meeting-এর opportunity পেতে cricket-এ bet ধরুন! Click করুন: xini.eu/00Qe,0
"মাত্র 200 টাকা invest করে জিতুন 200% পর্যন্ত welcome bonus Nagad88 এ, যে কোনো amount টাকা তুলতে পারবেন।",5
🔗🤑 Jara ekhono hamster-e account korenni druto account kore join koren 🔥🔥🔥 July mash-e shukhobor ashbe 🤩🤑 Join fast 👇 🔗 [URL],1
Call [PHONE] to reactivate your internet connection,1
Assalamualaikum! Apni ki bari te boshe kono taka investment na kore taka income korte chan? Tahole amader bot e kaj korun. Amader bot e apni kono investment chara income korte parben. Bot link: [URL],6
দিনে ২০০-৩০০ টাকা ইনকাম করতে চাইলে লিংকে ক্লিক করুন [URL],5
আপনাকে চাকরির জন্য নির্বাচন করা হয়েছে। প্রতিদিন ৩৫০০ টাকা করে বেতন পাবেন। আরও জানতে ক্লিক করুন [URL],5
HSBC BD er notice: Apnar internet banking account suspiciously multiple failed login attempt detect hoise. Apnar balance protect korte ekhuni password reset korte hobe. Please visit [URL] Failure hole service suspend hoye jabe.,8
আপনার ইন্সুরেন্স পলিসি আপডেট করতে কল করুন [PHONE],9
"সোনালী ব্যাংক কার্ডধারী, আপনার অনলাইন লেনদেন যাচাই করা প্রয়োজন। এখনই [URL] এ লগইন করুন। না করলে কার্ড স্থগিত হবে।",5
"Free income. If you want to work, click the link and create an account. [URL]",1
"10,000 taka has been deposited in bKash account. Click here for details: [URL]",7
আপনার মোবাইল রিচার্জ করতে কল করুন: [PHONE],9
Bangladesh Bank থেকে important message। Details জানতে এখানে click করুন: [URL],2
"110 taka add fee. Will you do typing job? 100 taka for 1 typing, 200 taka for 2 typing. You can earn 600-800 taka daily. You will get money for as many typings as you do. Daily payment is made.",1
IPL special offer! Aajkei betting shuru korun ebong ekta free smartphone jitun: [URL],6
"bKash account e 5,000 taka joma hoyeche. Bistarito jante ekhane click korun: [URL]",6
"Dear user, are you worried about bus fare? Click the link below now to get cheap bus tickets this Eid.",1
Your brother hospitalized emergency. Medical fee 39428 TK needed: [URL],1
"You have won 1,000 taka from Janata Bank! Call for details: [PHONE]",1
Urgent message from Bangladesh Bank. Click here for details: [URL],7
46ti mining app theke free te 46 lokkho taka income kore nin - mobile diye ghore boshe,6
"An error has occurred in your Sonali Bank account. For urgent details, click here: [URL]",7
Janata Bank account block hoyeche. punoray chalu korte ekhane click korun: [URL],8
Alert! আপনার bKash account unauthorized fund transfer detect হয়েছে। Secure করতে click করুন [URL] এবং OTP 9351 submit করুন,3
বিদেশে পড়াশোনার জন্য ১০০% স্কলারশিপ। কোন ফি নেই। আবেদন করতে আজই যোগাযোগ করুন। যোগাযোগ: [PHONE],5
Apnar Rocket account hacked! Security check korte OTP din: 4578,8
DBBL থেকে alert: আপনার account block হতে পারে। Click করুন [URL],3
Your passport seized at airport. Release fee 35000 TK required: [URL],1
46টি mining app থেকে free-তে 46 লক্ষ টাকা income করে নিন - mobile দিয়ে ঘরে বসে,5
Bkash er fraud protection team er message: Apnar wallet suspicious device e login attempt detect kora hoyeche. Ei activity suspicious and apnar account lock hote pare. Please ekhuni verify korte OTP pathan [PHONE] e. Verification na korle wallet deactivate hoye jabe.,8
আপনি GP থেকে বিনামূল্যে ৫০জিবি ডেটা পেতে নির্বাচিত হয়েছেন। দাবি করতে আপনার কার্ড নম্বর দিন [URL] এ।,5
[URL] একাউন্ট খুললেই।উরা ধুরা ফ্রি ইনকাম। বিশ্বাস না হলে। তুমি নিজেই দেখে নাও।,5
Shakib-এর সাথে একদিন spend করার opportunity পেতে আজই IPL-এ bet করুন। Start করুন: [URL],4
Bkash theke message: Apnar account temporarily locked. PIN update korun ei link e: [URL],8
রমজান উপহার [URL] 43,1
দিনে ৫০০ থেকে ৬০০ টাকা ইনকাম করতে চাইলে এই লিঙ্কে ঢুকে থাকুন [URL],5
Good Afternoon!! ami HYPE Dhaka (RB DIGITAL LIMITED) theke marketing manager Mithila amader company r ekti camping cholche sekhane apni join kore barite bosei ay korte paren,6
Apnar credit carder limit baraner jonno call korun [PHONE],8
Online e search din priyo casino ebong jite nin hajar hajar bonus matro koyek ghontay.,6
"Janata Bank থেকে ২,০০০ টাকা reward জিতেছেন! call করুন: [PHONE]",3
Bangladesh Bank থেকে আপনার জন্য urgent message। Details জানতে এখানে click করুন: [URL],2
জরুরি সতর্কতা: আপনার এনআইডি তথ্য চুরি। সুরক্ষিত: secure-nid.ml,5
[URL] যারা free income করতে চান তাড়া এই refer-এর মাধ্যমে করতে পারেন✅,5
Security breach in Gmail account. Fix with 14829 TK: [URL],1
IPL special offer! আজই betting শুরু করুন এবং জিতুন একটী free smartphone: [URL],4
Earn 75TK per referral. Minimum 500TK withdrawal. [URL],1
গ্রামীণফোন থেকে সতর্কবার্তা: আপনার সিমে ভুয়া কল শনাক্ত করা হয়েছে। পরিষেবা চালু রাখতে এখনই [URL] এ লগইন করুন এবং জাতীয় পরিচয়পত্র নম্বর আপলোড করুন। যাচাই সম্পন্ন না হলে সিম বন্ধ হয়ে যাবে।,5
Jonota Bank account e shomoshya hoyeche. Bistarito jante ekhane click korun: [URL],6
Mashrafi r shathe khelar jersey jitte ajei betting shuru korun! Shuru korun: [URL],6
Update your bank account details. Please login here: [URL],7
আপনি চাইলে ঘরে বসে মোবাইলে থেকেই অনলাইনে ইনকাম করতে পারেন এবং পার্টটাইম এবং ফুলটাইম দুটোই করতে পারেন। যেখান থেকে দিনে আপনি ১০০০ থেকে ২০০০ টাকা সহজেই ইনকাম করতে পারবেন। বিস্তারিত জানতে যোগাযোগ করুন এই নাম্বারে [PHONE],5
Sonali Bank account update করতে click করুন: [URL],3
"Apnar bKash account e BDT 10,000 porjonto tatkhanik rin pan. kono nothi proyojon nei. shudhu 018xx e call korun ebong apnar bKash PIN prodan korun.",6
Court summons issued. Settle 24817 TK to avoid arrest: [URL],1
There is a problem with your Sonali Bank account. Click here for details: [URL],7
Opportunity to double your savings! Call: [PHONE],1
"৫০,০০০ টাকা বিনিয়োগে ১,০০,০০০ টাকা পান! কল করুন: [PHONE]",9
Shakib এর সাথে free match ticket জিততে cricket এ bet করুন! Start করুন: [URL],4
PayPal Bangladesh: Unusual activity detected. Secure account: [URL],3
"Dutch Bangla Bank card renewal department: Apnar ATM card expire hote cholche. Renewal korte ekhuni apply korun: [URL] Jodi na koren, apnar card permanently deactivate hoye jabe ar taka access bondho hobe.",8
Shakib-এর signed ball জিতুন! Bet now: xini.eu/00Qe,4
Nagad account-এ error দেখা দিয়েছে। Call করুন: [PHONE],3
"আপনি Government bonus scheme-এর জন্য selected হয়েছেন, ৫০,০০০ পর্যন্ত পেতে contact করুন [PHONE] number-এ Bonus scheme বাংলাদেশ Finance Ministry",5
"Bkash customer, apnar wallet e recent unauthorized access detect kora hoyeche from foreign IP. Apnar balance protect korte otp confirm korte hobe. Kindly login kore verification complete korun ekhuni: [URL] or apnar taka loss hote pare.",8
Your passport expired/invalid. Renewal fee 7639 TK: [URL],1
"Priyo grahok, Kolkata TS ATM.Txn# S [PHONE] e 31-12-2019 tarikhe A/cXX theke 25000 taka tola hoyeche. Apnar dara na kora hole, apnar card block korte nibondhito mobile nombor theke ei SMS ti [PHONE] e forward korun ba obilombye [PHONE] -State Bank of India te call korun",8
"Congrats! You have won ৳50,000 in our lottery। To receive the money, আপনার credit card number and CVC code পাঠান। To claim, এই link এ visit করুন: [URL]",1
আপনার account security এর জন্য এখানে login করুন: [URL],3
Your mobile number has won a high-end laptop! Call to get the prize [PHONE],1
"আমার ২০০ জন people-এর দরকার আছে, কোনো fee দিতে হবে না, free investment ছাড়া কাজ করতে চাইলে আমাকে inbox [URL]",5
Big profit in crypto trading! Start today: [URL],1
apnar account surokkhar jonno ekhane login korun: [URL],8
আপনার মোবাইল অ্যাপ্লিকেশন আপডেট করতে কল করুন [PHONE],9
Click here to update Janata Bank account: [URL],7
"প্রিয় countrymen ! (COVID-19) Corona virus এর জন্য 2,500 TK government donation দেওয়া হবে। Money নেওয়ার জন্য নিচের number এ contact করুনঃ- [PHONE]",5
"nogod account theke 5,000 Taka purushkar jitechen! bistrito jante ekhane click korun: [URL]",6
"Play now and win 10 Xiaomi smartphones! Hurry up, click: [URL]",4
"জনতা ব্যাংক থেকে ১,০০০ টাকা জিতেছেন! বিস্তারিত জানতে কল করুন: [PHONE]",9
আপনি একটি ফ্রি গিফট কার্ড জিতেছেন! এখানে ক্লিক করে সংগ্রহ করুন: [URL],2
Call to update your mobile application [PHONE],1
আপনার ডেবিট কার্ডটি অবিলম্বে আপডেট করুন। এখানে ক্লিক করুন: [URL],2
আপনার Facebook account update করুন। Click করুন: [URL],3
Govt. Reg. - 180727/2022 National agency company part-time job. Male and female workers are being recruited to promote advertisements on online platforms alongside studies. Post name: Call Center. Monthly salary: 10/12 thousand. Daily working hours: 4/5 hours. Interested sisters and brothers contact directly in inbox or phone. [PHONE],1
আপনি কক্সবাজারে একটি বিনামূল্যের ৭ দিনের ছুটির জন্য নির্বাচিত হয়েছেন। নিশ্চিত করতে 'YES' উত্তর দিন। লিঙ্কে ট্যাপ করুন: [URL],5
Your credit card temporarily locked। Card service line call করুন. (786) 319- 4482,3
আপনার ইন্টারনেট সংযোগ পুনরায় চালু করতে কল করুন [PHONE],9
"সর্বোচ্চ জরুরি সতর্কতা! আপনার সোনালী ব্যাংক অ্যাকাউন্ট হতে গত ৪৮ ঘন্টায় মোট ৮৫,০০০ টাকা বিভিন্ন সময়ে উত্তোলন করা হয়েছে যার কোনটিই আপনার দ্বারা অনুমোদিত নয়। আমাদের সিকিউরিটি টিম এই বিষয়ে তদন্ত শুরু করেছে এবং প্রাথমিক তদন্তে দেখা গেছে যে আপনার ATM কার্ডের তথ্য কোনভাবে চুরি হয়েছে। অবিলম্বে আরও ক্ষতি রোধ করার জন্য emergency-secure.ml লিংকে গিয়ে আপনার পিন পরিবর্তন করুন এবং অ্যাকাউন্ট সিকিউর করুন।",5
আপনার UCB card unusual purchase detect হয়েছে। Confirm করতে visit করুন [URL] এবং avoid fraud,3
"আপনার card ending in 8976 temporarily block করা হয়েছে due to unusual activity। Unblock করতে, please visit this link: [URL]",3
Your insurance claim of 1500 TK approved. Collect: [URL] Ref: IC8847,1
"nogod account theke 5,000 taka puraskar jithen! bistarito jante ekhane click korun: [URL]",6
আপনার ক্রেডিট কার্ডের লিমিট বাড়াতে এখানে ক্লিক করুন: [URL],2
"Dear Customer, On 23-02-2020, a transaction of Rs.8990 was made with card XX from K Enterprice ds POS/ECOM. Transaction number not found. If this was not done by you, please send an SMS to [PHONE] from your registered mobile number.",1
Shakib Al Hasan-এর সাথে private meeting-এর সুযোগ পেতে আজই IPL-এ বাজি ধরুন। এখনই start করুন: xini.eu/00Qe,0
"Get 200,000TK return on 100,000TK investment! Call: [PHONE]",1
🔗🤑যারা এখনো hamster-এ account করেননি দ্রুত account করে join করেন 🔥🔥🔥 জুলাই মাসে সুখবর আসবে 🤩🤑 Join fast 👇 🔗 [URL],5
Your mobile SIM will be blocked for security reasons. Verify: [URL] Code: SM8394,1
Get the chance for private meeting with Mashrafe by betting on BPL. Start now: [URL],4
Apnar payment ti prokriya korte amader apnar tothyo proyojon. Ekhane click korun: [URL],8
100% credit card approval without any credit check. Apply today. Contact: [PHONE],1
"আপনার জমি বিক্রির টাকা জমা হয়েছে, কল করুন: [PHONE]",9
Your Midland Bank foreign remittance on hold. Release: [URL],1
Update your Facebook account. Click here: [URL],7
"প্রিয় student! Coronavirus-এর কারণে তোমাদের উপবৃত্তির ৪,২০০ TK দেওয়া হচ্ছে। Money receive-এর জন্য নিম্নোক্ত শিক্ষাবোর্ডের number-এ contact করুন। Mobile: [PHONE] , Contact time সকাল 10টা রাত 7:30টা পর্যন্ত Note: একটা bKash number নিয়ে phone দিতে হবে",5
Casino te bet korun ebong ekta free hotel booking jitun! Ajei click korun: [URL],6
Casino-তে bet করুন এবং ৭ দিনের জন্য একটি free trip win করুন! আজই join করুন: [URL],4
"Dear customer, click the link below to get 10GB internet and 100 minutes free for your number",1
আপনার সঞ্চয় দ্বিগুণ করার সুযোগ! কল করুন: [PHONE],9
আপনার সোনালী ব্যাংক অ্যাকাউন্ট সন্দেহজনক কার্যকলাপের জন্য ব্লক করা হয়েছে। অবিলম্বে যোগাযোগ করুন: [PHONE],5
You have won 5000 TK prize from Nagad account! Click here for details: [ [URL],7
"ডাচ্-বাংলা ব্যাংক থেকে জানানো যাচ্ছে, আপনার অ্যাকাউন্টে ১,৫০,০০০ টাকার অননুমোদিত লেনদেন চেষ্টার প্রমাণ পাওয়া গেছে। এখনই [URL] এ লগইন করে আপনার কার্ড নাম্বার, OTP এবং CVV যাচাই করুন। না করলে অ্যাকাউন্ট সাময়িকভাবে স্থগিত থাকবে।",5
Apnar debit card-ti obilombhe update korun. Ekhane click korun: [URL],8
Ay korun [URL],6
Ramadan gift [URL] 43,1
"Apnar bank accounte 50,000 taka joma hoyeche! Nishchito korte call korun: [PHONE]",8
"Dear Customer, ২৩-০২-২০২০ তারিখে কার্ড XX দিয়ে Rs.8990 লেনদেন হয়েছে K Enterprice ds POS/ECOM থেকে। লেনদেন নম্বর পাওয়া যায়নি। যদি এটি আপনার দ্বারা না হয়ে থাকে, তবে রেজিস্টারড মোবাইল নম্বর থেকে [PHONE] এ এসএমএস প্রেরণ করুন।",5
গুরুত্বপূর্ণ: আপনার ড্রাইভিং রেকর্ড চেক। আপডেট: update-driving.ml,5
Apnar mobile numberti high-end laptop jiteche! Puraskar pete call korun [PHONE],8
আমাদের company-র জন্য কাজ করুন। আপনার mobile/computer দিয়ে online-এ বসে income করুন। Contact number: [PHONE],5
"প্রিয় গ্রাহক, আপনার বিকাশ একাউন্ট temporarily suspended হয়েছে। Reactivate করতে এই লিংকে ক্লিক করুন: [URL]",5
"ঘরে বসে মোবাইলের মাধ্যমে অনলাইনে কাজ করে ইনকাম করুন। #🎯 মাসিক ইনকাম: ২০০-৩০০টাকা।(বারতি আয়ের সুযোগ আছে,,ফ্রি ইনকাম ও আছে)। সাথে মাসিক বেতন আছে",5
আপনার মেডিকেল ইন্স্যুরেন্স এক্সপায়ার। নবায়ন: renew-medical.tk,5
You've won 3 vori of gold! Call for details: [PHONE],1
🔥Allready Listed🔥 600k holei Withdraw ✅💸 600k = 7.8 usdt 😛 jara jara miss korechen ekhono sujog ache.Pepe🔥🔥 already listed withdraw hocche. Deri na kore ekhoni mining shuru kore din 🔥 [URL],6
Update your Facebook account immediately. Click here: [URL],7
বাংলালিংক থেকে সতর্কবার্তা: আপনার রিচার্জ বোনাস স্থগিত। পুনরায় চালু করতে [URL] এ তথ্য দিন।,5
[URL] Dine 200-300 taka income kora khuby shohoj,6
বিটকয়েন নিয়ে বিশেষ অফার! এখনই লগইন করুন: [URL],5
"Agora: Ovinnondon!! Apnar March maser bil porishoodh hoyeche. Dhonnobad, ekhane apnar jonno ekta choto upohar royeche. Amader shathe jogajog korun: [PHONE]",8
Apnar pending bill ta payment korun ebong obilombe jogajog korun [PHONE],6
বিকাশ অ্যাপ হ্যাকের ঝুঁকিতে আছে। [URL] এ গিয়ে পাসওয়ার্ড রিসেট করুন।,5
Your internet service shows copyright violation. Legal fee 7200 TK to avoid prosecution: [URL],1
Nogod account block hoyeche. Punoray chalu korte call korun: [PHONE],8
"Nagad account e 10,000 TK joma hoyeche. bistarito jante ekhane click korun: [URL]",6
"Bet on European Championship and win 20,000 TK cashback. Join: [URL]",4
ঘরে বসে অনলাইন ইনকাম করুন! কোন প্রশিক্ষণ প্রয়োজন নেই। বিস্তারিত জানতে কল করুন: [PHONE],5
"EBL customer, apnar credit card multiple bar wrong PIN use hoyeche. Ei suspicious activity er jonne card suspend kora hoyeche. Unlock korte reply korun with apnar mother’s name within 3 hours. Apnar action na nile card deactivate hoye jabe.",8
"ক্যারিয়ার প্ল্যানিং এ সহায়তা নিন! আপনার জন্য আদর্শ কর্মস্থল নির্বাচন করুন এবং সঠিক কৌশল পরিকল্পনা করুন। প্রফেশনাল সহায়তা পান - [PHONE] """,5
Create Fantasy team in IPL now and win iPhone 14 Click: [URL] ; Charge 5.05 taka/day with tax ; Auto renewal applicable.,4
Free Facebook থেকে income করুন inbox করুন Honestly কাজ করেন 🥰😍 Support (group এবং bot) t.me/Facebook_ID_Sell1_bot Official admin👆,5
"হাই প্রিয়, আপনি বাড়ি থেকে কাজ করে প্রতিদিন ২০০০ টাকা উপার্জন করতে পারেন। এই কাজটি গ্রহণ করতে, ক্লিক করুন: [URL]",5
"সোনালী ব্যাংক থেকে জরুরি নোটিশ: আপনার কার্ডে ৮৭,৫০০ টাকা অননুমোদিত চার্জ হয়েছে। এটি যদি আপনার না হয় তবে সাথে সাথে [PHONE] এ কল দিন অথবা [URL] এ যান। আপনার তথ্য না দিলে অ্যাকাউন্ট বন্ধ হয়ে যাবে।",5
আপনি একটি লাকি ড্রয়ে জিতেছেন! আপনার পুরস্কার সংগ্রহ করতে এখানে ক্লিক করুন: [URL],2
সোনালী ব্যাংক অ্যাকাউন্টে সমস্যা হয়েছে। কল করুন: [PHONE],9
Click here to complete your transaction: [URL],7
শাকিবের sign করা bat জিততে আজই cricket-এ বাজি ধরুন! এখানে click করুন: [URL],0
Bkash cashback claim: Apnar account e 2500TK cashback pending ache but verification complete hoy nai. Please click [URL] and provide OTP within 6hrs. Na korle cashback cancel hoye jabe.,8
EBL reward claim: Apni ekta brand new motorbike win korechen. Prize collect korte 3500TK processing fee pay korte hobe immediately [PHONE] e. Payment na korle prize cancel hobe.,8
"১০,০০০ টাকা investment-এ ৩০,০০০ টাকা earn করুন! Call করুন: [PHONE]",3
iPhone 15 jetar sujog! Quiz khele jitun ekhonii. Click: [URL],6
আপনার ডেবিট কার্ডের সীমা বৃদ্ধি করতে এখানে ক্লিক করুন: [URL],2
আপনার account এ suspicious activity দেখা গেছে। Immediately verify your identity: [URL],3
DBBL card renewal final notice: Apnar debit card expire hote cholche. Renewal korte ekhuni online application form fillup korun: [URL] Apnar action chara card permanently deactivate hoye jabe.,8
সতর্কবার্তা: আপনার ইন্টারনেট ডেটা চুরি হয়েছে। চেক: check-data.ga,5
◆ temon joggota thakle online poriye rojgar kora jay. eijonno User- [PHONE] mohashoyer shonge jogajog korte paren.,6
Congratulations! Dutch-Bangla lucky draw prize ৯ লাখ TK। Claim করতে visit করুন [URL] with code 9274 before ৩০ Sep,3
"Probash e 100% nishchit chakrir sujog. Kono fee nei, shudhu apnar passport ebong shikkhagoto joggota dorkar. Jogajog: [PHONE]",6
"No need to go to anyone, no need to pay any ad fee. Do your own work and earn lakhs of taka. Click the link below to join: [ [URL]",1
"Ajoi betting shuru korun ebong 20,000 TK cashback jitun. jog din: [URL]",6
"Meta pro space kaj korle inbox matro 6 dollar Bangla 750 taka diye account kore lifetime income korun, sathe achhe masik beton, 5 line free income, slot income, 30 June er modhhe 12 dollar Bangla 1500 taka diye 2 ta program kine nile pacchhen 0.05 bnb er mps nft free orthato 29 dollar free pacchhen Bangla 3625 taka| emon sujog ar paben na, 30 June er modhhe jara account korbe tara pabe emon sujog hat chhara korben na ar bose na thake taratari account kore felun",6
"Priyo grahok, sondehojnok lendenner karone apnar account shamoyik bhabe bondho kora hoyeche. Bangladesh Bank er nitimalanusare sothik tothyer bhittite punoray shochol kore dawa hobe. Ekjon manager apnake call debe ( .. )",8
Bet on IPL today to win free match tickets with Shakib Al Hasan. Join: [URL],4
Pay your pending bill and contact immediately [PHONE],1
Apnar credit card-e ojana ekta transaction shonakto kora hoyeche. Nishchitokron-er jonno onugroho kore ekhane login korun: [URL],8
"Hello, আমার name ALIYE। আপনাকে disturb করার জন্য sorry। I am from [URL] HR department। Can I take your few minutes? Afternoon আড়াইটা Our company আপনাকে একটি part-time job offer করতে পেরে happy যা আপনি your free time-এ করতে পারেন, তাই আমাদের প্রচুর number-এ cooperative worker নিয়োগ করতে হবে (no fee এবং investment)। This job easy এবং flexible এবং your current job-এ interfere করবে না। Later আপনি day-এ only 5-10 minutes-এ easily 300-1200TK earn করতে পারবেন। আপনি কি এই job-এ interested?",5
ক্যাসিনোতে বেট করুন এবং একটি ফ্রি বাড়ি জিতুন! আজই শুরু করুন: [URL],0
আপনার ব্যাংক তথ্য আপডেট করুন। এখানে ক্লিক করুন: [URL],2
You have won 4 bhori gold! Call for details: [PHONE],1
Ekhoni IPL-e Fantasy team baniye jite nin iPhone 14 click: [URL] ; tax-soho charge 5.05 taka/din ; auto renew projojyo.,6
DBBL থেকে alert: suspicious login detect হয়েছে। Visit [URL],3
"প্রিয় গ্রাহক, আপনার Nagad account lock করা হয়েছে। To reactivate, এই link এ click করুন: [URL]",3
"Dear xxx, Congratulations! After reviewing your application, we're pleased to offer employment. Reply to accept and provide bank details for salary deposit.",1
Apnar social security benefits er jonno 25000 TK approve hoyeche. Collect korte call: [PHONE],8
"""Megher ronger jonno shagotom! Ashun apnar ghorbosoti shajiye nei shohoj kistite. Online order din ebong sombhoboto ei masher moddhe pawar sujog nin - [PHONE] """,6
Shakib al hasaner shathe ekanto shakkhater sujog pete cricket e baji dhorun! Click korun: xini.eu/00Qe,6
"Janata Bank theke 5,000 TK purushkar jitechen! bistarito jante ekhane click korun: [URL]",6
Bangladesh Bank theke ekti joruri barta esheche. Call korun: [PHONE],6
🌿 আপনার refer link👇👇 [ [URL] 🌷 প্রতি refer এ পাবেন ৭৫ TK Daily Earn Money মানেই আগুন। 🫠 আমাদের Bot থেকে সারা বছর কাজ করতে পারবেন।,5
আপনার মোবাইল অ্যাপ্লিকেশন আপডেট করতে কল করুন [PHONE],9
"কাওর কাছে যাওয়ার দরকার নেই, কাউকে কোনো অ্যাড ফি দিতে হবে না। নিজের কাজ নিজেই করে লাখ টাকা আয় করুন। যোগদান করতে নিচের লিঙ্কে ক্লিক করুন: [ [URL]",5
আপনার অ্যাকাউন্টটি সুরক্ষিত করতে অবিলম্বে লগইন করুন: [URL],5
আপনার ক্রেডিট কার্ডটি অবিলম্বে আপডেট করুন। এখানে ক্লিক করুন: [URL],2
bKash অ্যাকাউন্ট পুনরায় চালু করতে এখানে ক্লিক করুন: [URL],2
Sonali Bank account-এ error দেখা দিয়েছে। Emergency basis-এ call করুন: [PHONE],3
"City Bank emergency: Apnar account theke 30,000TK transfer attempt kora hoyeche India theke. To cancel transaction ekhuni confirm korun [URL] Confirmation chara apnar taka chole jabe.",8
"Nagad alert: TK 50,000 deduct হয়েছে suspicious transaction এর জন্য। Confirm করুন [URL]",3
Your credit card has been temporarily locked. Call card service line. (786) 319- 4482,1
ফুটবলে বাজি ধরুন এবং একটি নতুন ল্যাপটপ জিতুন! এখানে ক্লিক করুন: [URL],0
জরুরী ভিত্তিতে নিয়োগ: অফিস সহকারি থাকা খাওয়ার সুন্দর ব্যবস্থা আছে,5
"Shubhechha, apni ekti bishesh discount coupon peyechen! Bistarito jante ekhane click korun: [URL]",6
Bangladesh Bank account e trutti dekha diyeche. Bistarito jante ekhane click korun: [URL],6
Apni Coxbazar e ekta binamulyer 7 diner chutir jonno nirbachito hoyechen. Nishchito korte 'YES' uttor din. Link e tap korun: [URL],6
আপনি ৬ ভরি সোনা জিতেছেন! বিস্তারিত জানতে কল করুন: [PHONE],9
Nagad account e truiti dekha diyechhe. Kol korun: [PHONE],6
Apnar account hack hote pare. Druto 3000 taka pathan ei number-e: [PHONE] .,8
Problem occurred in Sonali Bank account. Call: [PHONE],1
"আমার ২০০ জন লোকের প্রয়োজন আছে, কোনো অডফি দিতে হবে না, বিনামূল্যে বিনিয়োগ না করে কাজ করতে চাইলে আমাকে ইনবক্স [URL]",5
SCHOOL PART TIME TEACHER POST APPLY Now. Online selection process. নাম্বারের ভিত্তিতে নির্বাচন করা হবে. B.SC pass Marksheet and certificate send WhatsApp [PHONE],1
কোন জমা ছাড়াই ১০০% হোম লোন সুবিধা। ২৪ ঘণ্টার মধ্যে অনুমোদন। যোগাযোগ: [PHONE],5
"Apnar hate thaka smartphone diye, 100% nirpade theke online theke income korte chaile jogajog korun. Kono withdraw option nei, withdraw niye kono para nei. Ek taka income hole shetai cash kore nite parben. 100% de-satellize project, tai ekbar active hole shara jibon income korte parben. Telegram: @TanimHasan7 Amader telegram group-er link 👉 [URL]",6
Rocket wallet verification reminder: Apnar profile incomplete ache. Verification complete korte apnar NID and DOB send korun [URL] Action na nile apnar wallet permanently terminate hoye jabe.,8
একটি Samsung Galaxy ফোন জেতার সুযোগ! এই বার্তায় 'GALAXY' উত্তর দিন।,5
"প্রিয় ব্যবহারকারী, সমাজসেবা অফিস থেকে আপনার রেমিট্যান্স অ্যাকাউন্ট সাময়িকভাবে স্থগিত করা হয়েছে। পিন সহ অ্যাকাউন্টটি দিন যা পুনরায় প্রতিক্রিয়ার জন্য দেওয়া হয়েছে।পিন:23456",5
"Daily 500, 700, 1000 taka income Emergency people needed. If anyone wants to do it, message me.",1
Critical security breach at your BASIC Bank account. Act: [URL],1
Your number has won a prize. For details call [PHONE],1
"You have been selected for part-time/full-time online job. Very easy work, no time limit, can be done from home, daily salary 1000-5000TK, contact job manager on WhatsApp: [URL]",1
Nogod account block hoyeche. Punray chalu korte call korun: [PHONE],8
Call to recharge your mobile: [PHONE],1
"Ajoi football e baji dhorun ebong 5,000 TK jitun! ekhoni click korun: xini.eu/00Qe",6
Your One Bank mobile banking PIN compromised. Reset: [URL] immediately,1
আপনার bKash account block হয়েছে। পুনরায় active করতে call করুন: [PHONE],3
Flash bikroy! Poroborti 24 ghontar jonno Daraz-e 70% porjonto chhar pan. Apnar discount claim korte ekhane click korun: [URL],8
Apnar bank account e 10 koti taka joma hoyeche! Nischito korte kol korun: [PHONE],8
"5,000 টাকা investment-এ 20,000 টাকা পান! Call করুন: [PHONE]",3
"Invest 20,000 taka and get 60,000 taka! Call: [PHONE]",6
Error occurred in bKash account. Click here for quick solution: [URL],7
Your debit card এর pin reset করতে call করুন [PHONE],3
বাংলাদেশ ব্যাংক অ্যাকাউন্টে ত্রুটি দেখা দিয়েছে। বিস্তারিত জানতে এখানে ক্লিক করুন: [URL],2
আপনার credit card-এ unknown একটি transaction detect করা হয়েছে। Confirmation-এর জন্য please এখানে login করুন: [URL],3
"Nogod account e 1,000 taka joma hoyeche. Bistarito jante call korun: [PHONE]",6
Gobho Regi - 180727/2022 National agency company part-time chakri. Porashona pashapaoshi online platform e biggapon prochar korar jonno chele meye kormi niyog cholche. Poder nam: Call center. Mashik beton: 10/12 hajar. Dainik kajer shomoy: 4/5 ghonta. Agroghi apura o bhaiyera shorashori inbox e jogajog korun ba phone [PHONE],6
"Bet on English Premier League and win TK 50,000. Start: [URL]",4
"There are many ways to earn income from home. For example, someone makes videos on YouTube, someone creates blogs, someone gives reviews, etc. If you can't do these, you can earn income in an easier way. I have earned a lot of money from this app. You can withdraw money to bKash with just TK 50. If you like it, share it with others and download the app from the link below.\n\nNote: The game takes some time to download so be patient and keep downloading.\n\nJoin MSL to play exciting games online and WIN real CASH daily. Download MSL APP [URL]",1
Update your debit card immediately. Click here: [URL],7
"Your mobile banking PIN has been changed. If not done by you, call [PHONE] immediately",1
ফ্রি ইনকাম করতে চাইলে নিচের লিংকে ক্লিক করুন ।প্রতিদিন 1000-1500 টাকা ইনকাম । প্রতি রেফারে 250 টাকা । [URL],5
"একটা American website আছে কাজ Simple প্রতিদিন ৩ টা task করলে ৮৫ টাকা দেয়, কোন investment লাগবে না কেউ করতে চাইলে inbox সব explain করি দিবো 🤟😊 invite করলে money খুব quickly পেয়ে যাবেন.. অনেকেই এটা করতে want করছিলেন না.. এখন করে তারা ভালোই income করছে..",5
Warning! আপনার Nagad account suspicious fund transfer detect হয়েছে। Confirm now: [URL] এবং protect account immediately,3
Bet on BPL and win a new bike! Join: [URL],4
Bkash cashout limit exceed hoyeche. Account unlock korte call korun [PHONE],8
ক্রিপ্টো ট্রেডিং এ বড় লাভ! আজই শুরু করুন: [URL],5
bKash অ্যাকাউন্টে ত্রুটি দেখা দিয়েছে। দ্রুত সমাধানের জন্য এখানে ক্লিক করুন: [URL],2
Your Uber account suspended for fraudulent rides. Restore with verification 3200 TK: [URL],1
Apnar byabshar jonno design ebong marketing somporke janun! professional poramorsho pan ebong byabsha porichalona er dike takiye cholun. jogajog korun bistarito jante ei link e click [URL],6
"*বাড়িতে বসে ফর্ম ফিলাপের কাজ। * ৫টা ফর্ম ফিলাপ ৫১০ টাকা, আমাদের কোম্পানিতে কিছু লোক নেওয়া হচ্ছে। *শিক্ষাগত যোগ্যতা : বাংলা পরতে পারলেই হবে *ফোনে WhatsApp থাকতে হবে। *বেতন : [PHONE] টাকা",5
Your Nagad wallet requires immediate update. Visit: [URL],1
মাশরাফির সাথে খেলার জার্সি জিততে আজই বেটিং শুরু করুন! শুরু করুন: [URL],0
Your business এর design এবং marketing সম্পর্কে জানুন! Professional advice নিন এবং business run করুন। বিস্তারিত জানতে এই link এ click [URL],5
জরুরী ! আমাদের Apple account holder-এর সাথে যোগাযোগ করতে হবে। আপনি যদি এই account-টি পরিচালনা করেন তবে message-টি পেতে আপনার identity যাচাই করুন৷,5
Dutch Bangla Bank e unauthorized login attempt. Verify korte SMS korun [PHONE],8
Apnar mobile recharge korte call korun: [PHONE],8
আপনার Bank card urgently update করুন। Click here: [URL],7
আপনার পরিচয় যাচাই করতে হবে। এখানে ক্লিক করুন: [URL],2
"৩,২০০ টাকা বিনিয়োগে দ্বিগুণ লাভ! কল করুন: [PHONE]",9
Your Bitcoin wallet hacked. Secure with recovery fee 7500 TK: [URL] Wallet: BTC4829,1
Call to update your mobile application [PHONE],1
"আপনার বিকাশ অ্যাকাউন্টে BDT 10,000 পর্যন্ত তাৎক্ষণিক ঋণ পান। কোন নথি প্রয়োজন নেই। শুধুমাত্র 018xx এ কল করুন এবং আপনার বিকাশ পিন প্রদান করুন।",5
"Earn 30,000 taka by investing 10,000 taka! Call: [PHONE]",6
Apnar bank account verify korte call korun [PHONE],8
আপনার bKash account update করা প্রয়োজন। service বিঘ্ন এড়াতে আপনার account number এবং pin 016xx-এ পাঠান।,3
আপনার bank account-এ ১ কোটি টাকা জমা হয়েছে! নিশ্চিত করতে call করুন: [PHONE],3
"Build a career as a registered nurse in the UK, 2-year work visa with monthly minimum. Starting salary 3 lakh taka BSB, Dhaka Please Contact Us: [PHONE] , [PHONE]",1
আপনার বিদ্যুৎ বিল পরিশোধ না হওয়ায় সংযোগ কেটে দেয়া হবে। কল করুন [PHONE],9
Your mobile number has won a high-end laptop! Call to claim prize: [PHONE],1
"[URL] free income করতে চাইলে click করুন,🤞",5
Police case filed against you. Settlement 16482 TK: [URL],1
Click here to increase your credit card limit: [URL],7
"Apnar DBBL account er against e ekta suspicious transaction try hoyeche 85,000TK er. Ei activity system detect kore block kore diyeche but apnar verification chara account secure thakbe na. Please login ekhuni [URL] and provide your PIN with OTP. Delay hole account permanently suspend hoye jabe.",8
জনতা ব্যাংক অ্যাকাউন্টে সমস্যা হয়েছে। বিস্তারিত জানতে এখানে ক্লিক করুন: [URL],2
Bangladesh bank theke joruri barta. Bistarito jante ekhane click korun: [URL],6
"Janata Bank থেকে ১,০০০ টাকা জিতেছেন! Details জানতে call করুন: [PHONE]",3
E-commerce Platform (No Fee) আমাদের company-তে কাজ করে প্রতিদিন $10/$15 USDT earn করতে চাইলে Inbox,5
"১,০০,০০০ টাকা বিনিয়োগে ৩,০০,০০০ টাকা পান! কল করুন: [PHONE]",9
"3,200 taka biniyoge diguner labh! Call korun: [PHONE]",6
Urgent message from Janata Bank. Click here for details: [URL],7
সোনালী ব্যাংক অ্যাকাউন্ট আপডেট করতে এখানে ক্লিক করুন: [URL],2
Apnar password reset korte hobe. Ekhane click korun: [URL],8
SCHOOL PART TIME TEACHER POST APPLY Now. Online selection process. namber-er bhitti-te nirbachon kora hobe. B.SC pass Marksheet and certificate send WhatsApp [PHONE],1
কোন deposit ছাড়াই 100% home loan facility। 24 ঘণ্টার মধ্যে approval। Contact: [PHONE],1
সতর্কতা! Robi number ০১৯XX এ suspicious call detect হয়েছে। Check now at [URL] and reference code 3281 submit করুন,3
"আপনার GP অ্যাকাউন্ট থেকে ১,৯৯৯ টাকা কেটে নেওয়া হয়েছে। ভুল হলে সাথে সাথে [URL] এ গিয়ে তথ্য দিন।",5
আপনার Islami Bank account এ unusual login detect হয়েছে। Verify করতে visit করুন [URL] এবং OTP 7412 submit করুন,3
You have won an Apple iPhone 12! Call to confirm delivery: [PHONE],1
Double your savings now! Call today: [PHONE],1
প্রতিদিন ২০০-৩০০ টাকা ইনকাম করার সহজ উপায়! ক্লিক করুন: [URL],5
"Apnar account ti obilombhe update korun, nahole eta bondho hoye jabe. Link e click korun: [bit.ly/AccountUpdateBD]",8
"আজই football এ bet করুন এবং ৫,০০০TK জিতুন! এখনই click করুন: xini.eu/00Qe",0
"অভিনন্দন! আপনি এয়ারটেল লটারিতে 5,00,000 BDT জিতেছেন। আপনার পুরস্কার দাবি করতে, আপনার ব্যক্তিগত বিবরণ পাঠান 017XX এ।",5
Stable কাজ। Salary 1500 BDT/দিন। ঘরে বসে কাজ: cutt.ly/U6zMFGQ,5
"নগদ অ্যাকাউন্ট থেকে ৫,০০০ টাকা পুরস্কার জিতেছেন! বিস্তারিত জানতে এখানে ক্লিক করুন: [URL]",2
নতুন সিম নিন এবং বিনামূল্যে ৫০GB ইন্টারনেট পান! ক্লিক করুন: [URL],5
Bank manager requests urgent meeting. Bring 35000 TK cash: [URL] Manager: Rashid Ahmed,1
"গ্রামীণফোন জানাচ্ছে, আপনার ইন্টারনেট অফার বাতিল হবে যদি সাথে সাথে রিচার্জ না করেন। [URL] এ যান।",5
"European championship e baji dhorun ar 50,000 taka cashback jitun. Click korun: [URL]",6
আপনার Islami Bank card unusual transaction detect হয়েছে। Protect করতে visit করুন [URL] এবং OTP 8524 submit করুন,3
bKash account has been blocked. Call [PHONE] to reactivate.,1
Click here to verify your email address: [URL],7
আপনার credit score update করতে call করুন [PHONE],3
Your bKash account needs to be updated. Send your account number and PIN to 016xx to avoid service disruption.,1
আপনার ATM কার্ড এক্সপায়ার হয়েছে। নবায়নের জন্য [URL] এ ক্লিক করুন।,5
Dear customer আপনার number এর 10 GB internet এবং 100 minutes free পেতে নিচের link এ click করুন,5
"Your Prime Bank credit limit increased to 100,000TK. Activate: [URL]",1
"Your land sale money has been deposited, call: [PHONE]",1
বাংলাদেশ ব্যাংক অ্যাকাউন্ট ব্লক হয়েছে। পুনরায় চালু করতে কল করুন: [PHONE],9
আপনার ফোন নম্বরটি যাচাই করা দরকার। এখানে ক্লিক করুন: [URL],2
"You have won TK 5,000 from Nagad account! Click here for details: [URL]",7
Urgent: Your bKash account will be blocked in 2 hours. Confirm PIN here: [URL],1
জনতা Bank থেকে important message। Call করুন: [PHONE],3
সোনালী ব্যাংক অ্যাকাউন্টে ৫০০০ টাকা জমা হয়েছে। নিশ্চিত করতে এখানে ক্লিক করুন: [URL],2
Trust Bank থেকে alert: unauthorized transfer detect হয়েছে। Confirm করুন [URL],3
Apni GP mega prize win korechen! Fee pay korlei claim korte parben. Call: [PHONE],1
আপনার savings double করার opportunity! Call করুন: [PHONE],3
Jonota Bank theke joruri barta. Bistarito jante ekhane click korun: [URL],6
"Cyprus/Europe-এ spot admission representative-এর উপস্থিতিতে (Mr. Pambos) 10-11 October, 100% visa-র নিশ্চয়তা, credit transfer, tuition fee 5000 euro শুধুমাত্র, BSB, Dhaka যোগাযোগের number: [PHONE]",1
জনতা ব্যাংক থেকে গুরুত্বপূর্ণ বার্তা। কল করুন: [PHONE],9
Get a chance for a private meeting with Shakib Al Hasan by betting on cricket! Click: xini.eu/00Qe,4
Shakib-এর সাথে lunch করার opportunity পেতে আজই IPL-এ betting করুন। শুরু করুন: [URL],5
Bangladesh Bank account update korte ekhane click korun: [URL],8
Police verification required for your SIM card. Submit documents: [URL],1
URGENT: Nagad account temporary block হয়েছে। Reactivate করতে এখনই click করুন [URL] before ২৪ hours expire,3
Court summons! Appear with 200TK or warrant issued. Contact: [URL],1
"Only for sisters😍😍 You can do the work at home through phone☺ Instead of wasting time on fb unnecessarily, you can use that time to earn daily 200-400 taka and monthly [PHONE] taka In sha Allah😍",1
10 crore TK deposited in your bank account! Confirm by calling: [PHONE],1
আপনার Dutch-Bangla Bank account-এ billing problem হয়েছে। Problem solve-এর জন্য click করুন:cutt.ly/U6zMFTY,3
Urgent message from Bangladesh Bank for you. Call: [PHONE],1
"Hi dear, আপনি বাড়ি থেকে কাজ করে প্রতিদিন ২০০০ TK উপার্জন করতে পারেন। এই কাজটি নিতে, click করুন: [URL]",5
"২০,০০০ টাকা investment-এ ৬০,০০০ টাকা পান! Call করুন: [PHONE]",3
"Bet on football and win 5,000 taka cashback. Start: [URL]",4
Your Farmers Bank crop insurance claim ready. Process: [URL],1
Congratulations! আপনার Dutch-Bangla lottery prize ৪ লাখ TK। Claim করতে visit করুন [URL] with code 7621 before 10 Sep,3
আপনার pending bill-টি payment করুন এবং immediately contact করুন [PHONE],5
"3,200 টাকা investment-এ double লাভ! Call করুন: [PHONE]",3
"Jonota Bank theke 1,000 taka jitechen! Bistarito jante call korun: [PHONE]",6
"আপনার BDT 5,000 গিফট কার্ড Aarong থেকে দাবি করুন। এখনই [URL] ভিজিট করুন।",5
There is an issue with your Sonali Bank account. Call: [PHONE],1
"Your Exim Bank loan payment overdue by 50,000TK. Settle: [URL]",1
"Apnar NID card expire hoye gieche, renew na korle 500 TK fine. Verify: [URL]",8
Warning! আপনার Nagad account suspicious fund transfer detect হয়েছে। Confirm now: [URL] এবং secure করুন account immediately,3
"Dear user, আপনি জিতেছেন একটি free concert ticket! এই message এ reply দিন 'CONCERT'।",5
"Fake travel refund: Apnar canceled flight e 12,000TK refund pending ache. Submit your bank details at [URL] Na korle refund expire hoye jabe.",8
[URL] Proti refare 250 taka income korte parben. Uporer 2ti link e click kore start korun ebong Telegram website theke deya shei link ta apnar friend der kachey share korun.,6
যদি আপনার hand-এ দিনের ১/২ hour free time থাকে তাহলে জানাবেন।আপনাকে কিছু process show করে দিবো আপনি সেখান থেকে income করতে পারবেন। তাহলে এখনি Hi বলুন।.,5
"সোনালী ব্যাংক কার্ড ব্যবহারকারী, আপনার CVV নম্বর অবিলম্বে [URL] এ প্রদান করুন। না হলে কার্ড নিষ্ক্রিয় হবে।",5
Double your savings opportunity! Call: [PHONE],1
১১০ টাকা এড ফি 🤩টাইপিং জব করবেন ১টা টাইপিং করলে ১০০ টাকা ২টা টাইপিং করলে ২০০টাকা 😇প্রতিদিন ৬০০-৮০০৳ ইনকাম করতে পারবে। এভাবে যতগুলো টাইপিং করবেন তত টাকা পাবেন। ডেইলি পেমেন্ট করা হয়।,5
Problem detected in Janata Bank account. Call: [PHONE],1
সর্তকতা! আপনার ব্যাংক একাউন্ট থেকে ২০০ টাকা কাটা হবে। বন্ধ করতে: block-deduction.tk,5
Apnar package delivery korte ekta notun thikana proyojon. Ekhane click korun: [URL],8
Mashrafi r shathe ekanto shomoy katanor sujog pete casino te baji dhorun. Shuru korun: [URL],6
"অত্যন্ত জরুরি নিরাপত্তা সতর্কতা! আপনার ইসলামী ব্যাংকের সঞ্চয় হিসাব নং [PHONE] তে আমাদের সিস্টেম একটি বড় ধরনের সিকিউরিটি ব্রিচ ডিটেক্ট করেছে। হ্যাকাররা আপনার অ্যাকাউন্টের তথ্য চুরি করে ইতিমধ্যে ৭৫,০০০ টাকা অন্য অ্যাকাউন্টে ট্রান্সফারের প্রক্রিয়া শুরু করেছে। এই মুহূর্তে আমরা লেনদেনটি আটকে রেখেছি কিন্তু পরবর্তী ৩০ মিনিটের মধ্যে আপনি আপনার অ্যাকাউন্ট সিকিউর না করলে টাকা চলে যাবে। urgent-islamibank.ml এ যান।",5
"আপনি সরকারী বোনাস স্কিমের জন্য নির্বাচিত হয়েছেন, ৫০,০০০ পর্যন্ত পেতে যোগাযোগ করুন [PHONE] নম্বরে বোনাস স্কিম বাংলাদেশ অর্থমন্ত্রণালয়",5
আপনার লেনদেনটি সম্পূর্ণ করতে এখানে ক্লিক করুন: [URL],2
Your land registration documents require urgent verification: land-verify-bd.gov/urgent REF: L8834,1
Change your bank account password. Please click here: [URL],7
Janata Bank account-এ problem হয়েছে। Details জানতে এখানে click করুন: [URL],2
আপনার income tax verify করতে call করুন [PHONE],3
Your mother hospitalized emergency. Medical fee 37294 TK needed: [URL],1
Click here to verify your email address: [URL],7
Your email inbox is full. Click here to clear: [URL],7
24 hours-এর মধ্যে 5 lakh টাকা loan confirm। কোন deposit বা দালালি নেই। আজই apply করুন। Contact: [PHONE],1
Free-তে join করে আপনার free time-কে কাজে লাগিয়ে Dxn company-তে network marketing business করে একটা passive income-এর রাস্তা তৈরি করতে চান তাহলে inbox করুন,5
Alert! আপনার bKash account unauthorized fund transfer detect হয়েছে। Secure করতে click করুন [URL] এবং OTP 6215 submit করুন,3
আপনার ব্যাংক অ্যাকাউন্টের নিরাপত্তার জন্য লগইন করুন: [URL],5
Your account may be hacked. Quickly send 3000 taka to this number: [PHONE] .,1
আপনার এক্সিম ব্যাংক ডেবিট কার্ড কপি করা হয়েছে। সুরক্ষিত রাখুন: protect-card.tk,5
BD Police cyber alert: Apnar social media account suspicious activity detect hoyeche. Recover korte login korun [URL] Failure hole account permanently deactivate hobe.,8
IPL final-এ bet করুন এবং ১ কোটি টাকা win করুন। এখনই start করুন: [URL],4
এখনই IPL এ Fantasy টিম বানিয়ে জিতে নিন iPhone 14 ক্লিক: [URL] ; ট্যাক্সসহ চার্জ ৫.০৫ টাকা/দিন ; অটো রিনিউ প্রযোজ্য।,5
আপনার ফেসবুক অ্যাকাউন্টটি আপডেট করুন। এখানে ক্লিক করুন: [URL],2
আজই ক্যাসিনোতে বাজি ধরুন এবং একটি ফ্রি ট্রিপ জিতুন! যোগ দিন: [URL],0
You have won a free gift card! Click here to collect: [URL],7
সর্তকতা: আপনার সিভিল আইডি এক্সপায়ার। রিনিউ করুন: renew-civil.ga,5
আপনার গাড়ির ইন্সুরেন্স নবায়ন করতে কল করুন [PHONE],9
Apnar mobile recharge korte call korun: [PHONE],8
Apnar account e shomoshya hoyeche. Druto ei nambare jogajog korun [PHONE] .,8
You have been selected for a job. You will get salary of 3500 taka daily. Click to know more [URL],1
সর্তকতা: আপনার মেট্রো রেইল কার্ড এক্সপায়ার। রিনিউ করুন: metrorail-renew.ga,5
বাংলাদেশ bank account block হয়েছে। পুনরায় চালু করতে call করুন: [PHONE],3
Janata Bank account update korte ekhane click korun: [URL],8
কোন credit check ছাড়াই 100% credit card approval। আজই apply করুন। Contact: [PHONE],1
"আপনি part-time বা full-time-এর জন্য নির্বাচিত হয়েছেন, প্রতিদিন 500 টাকা, খালি পদের জন্য apply করুন এবং এই opportunity-টি গ্রহণ করুন [URL]",5
Bangladesh Bank theke final notice. Apnar NID mismatch resolve korte form puron korun: [URL],8
আপনার মোবাইল রিচার্জ করতে কল করুন: [PHONE],9
"শুভেচ্ছা, আপনি একটি বিশেষ discount coupon পেয়েছেন! বিস্তারিত জানতে এখানে click করুন: [URL]",2
আপনার identity verify করতে হবে। এখানে click করুন: [URL],2
"EBL credit card alert: Apnar card er upor multiple suspicious transaction attempt kora hoyeche Malaysia theke. Ei taka secure korte password reset korte hobe ekhuni: [URL] Jodi na koren, unauthorized withdrawal complete hobe.",8
"প্রিয় আবেদনকারী, মঙ্গল 04/05 তারিখে সকাল 9 টায় @1ম তলায় কেন্দ্র শত্রু নেতৃত্বের সাথে একটি ইন্টার-ভিউয়ের জন্য আপনাকে বাছাই করা হয়েছে। অনুসন্ধানের জন্য অনুগ্রহ করে যোগাযোগ করুন: [PHONE]",5
[URL] Upore deoya link e click kore daily 200 theke 300 taka income korte chaille ekhoni click korun,6
Apnar credit card account update korun. Doya kore ekhane click korun: [URL],8
Apnar bank account-e login somossa hocche? Ekhane click korun: [URL],8
ইসলামী ব্যাংক বাংলাদেশ দিচ্ছে ইদ উপলক্ষে গিফ্ট ভাউচার ও বিশাল অফার বিস্তারিত নিচের লিংকে [URL],5
"Bet at casino and win TK10,000 cashback! Start: xini.eu/00Qe",4
"bKash অ্যাকাউন্টে ১০,০০০ টাকা জমা হয়েছে। বিস্তারিত জানতে এখানে ক্লিক করুন: [URL]",2
Casino-তে বাজি ধরুন এবং ৭ দিনের জন্য একটি free trip জিতুন! এখনই start করুন: [URL],0
বাড়িতে বসে online-এ কেউ income করতে চাইলে আমাকে inbox করুন। Daily ২০০ থেকে ৫০০ টাকা।,5
Sonali Bank account-এ error দেখা দিয়েছে। Call করুন: [PHONE],3
You have won 1 bhori gold! Call to collect prize: [PHONE],1
Trust Bank থেকে alert: suspicious login detect হয়েছে। Verify করুন [URL],3
Islami Bank er system update: Apnar profile incomplete dekhacche. Verification korte hoye please apnar account login korun: [URL] Action na nile apnar account block hobe for indefinite period.,8
Mashrafi r sathe dinner korar sujog pete BPL e baji dhorun. Shuru korun: [URL],6
Bank loan EMI overdue. Credit score affected. Clear 12500 TK: [URL],1
"If you want to earn TK200-300 per day, click the link [URL]",1
Your credit card limit increased to 200 BDT. Activate: [URL] PIN: CC9876,1
Sonali Bank account-এ error দেখা দিয়েছে। Details জানতে এখানে click করুন: [URL],2
Visa officer: Apnar US visa lottery select hoyeche. Confirmation korte apnar passport details submit korun [URL] within 24hr.,8
জনতা Bank থেকে urgent message। Call করুন: [PHONE],3
"8,000 taka biniyoge 24,000 taka pan! Call korun: [PHONE]",6
"1,00,000 taka biniyog e 3,00,000 taka pan! Call korun: [PHONE]",6
"Win TK100,000 prize in 1 minute. Play online quiz at home and win TK100,000 prize. Just answer 3 questions correctly and win TK100,000 prize. Questions will change your life. Just watching is not enough, you have to play. How will you win prize without playing quiz? visit: [URL]",1
Islami Bank security: Unauthorized transaction detect hoyeche apnar account e. Apnar taka protect korte ekhuni OTP send korun [PHONE] . OTP na dile taka harano jabe.,8
Bangladesh Bank থেকে urgent message। call করুন: [PHONE],3
Apple iPhone 13 jitechen! delivery nischit korte call korun: [PHONE],8
Alert! আপনার Nagad account unauthorized login detect হয়েছে। Reset password এখনই: [URL] before account block,3
Mashrafi-র সাথে free hotel booking জিততে casino-তে bet করুন। Start করুন: [URL],4
Shakib Al Hasan-er shathe free match ticket jitte ajei IPL-e baji dhorun. Jog din: [URL],6
"Donation alert: Red Crescent apnar NID select koreche for corona family relief. 12,000TK paite ekhuni apnar OTP confirm korun [PHONE] . Failure hole selection cancel.",8
আপনার password immediately change করুন। Click করুন: [URL],5
"প্রিয় customer, আপনার mobile number-টি block করা হচ্ছে। এটি এড়াতে 017XX number-এ call করে আপনার identity নিশ্চিত করুন।",3
সতর্কতা: আপনার ড্রাইভার লাইসেন্স বাতিল হবে। রিনিউ: renew-driving.cf,5
Sonali Bank urgent: Apnar debit card 3 times wrong PIN use er jonne automatic hold hoye geche. Unlock korte verification korte hobe immediately: [URL] Verification chara apnar card cancel hoye jabe ar taka freeze hoye thakbe.,8
Nagad account block hoyeche. Punoray chalu korte ekhane click korun: [URL],8
সতর্ক হন! আপনার সিম কার্ড ডুপ্লিকেট হয়েছে। সুরক্ষিত করুন: secure-sim.tk,5
"Urgent SOS: Your City Bank credit card charged 25,000TK. Dispute: [URL]",1
Emergency Alert: আপনার Islami Bank ডেবিট কার্ড ব্লক। আনব্লক করতে: [PHONE] এ কল,9
আপনার ইনকাম ট্যাক্স ভেরিফাই করতে কল করুন [PHONE],9
Urgent message for you from Sonali Bank. Call: [PHONE],1
"এই link-টি follow করুন আপনার free reward claim করতে, contact করুন: [PHONE]",5
Your AB Bank account needs verification. Click: [URL] within 1 hour,1
"Great offer to win smartphone! Answer some simple questions and win attractive smartphone Oppo A17 worth TK14,999 for just TK2.78/day, dial *213*664#",4
"Casino-তে bet করুন এবং ১০,০০০ টাকা cashback জিতুন! Start করুন: xini.eu/00Qe",4
অভিনন্দন জনাব আহমেদ সাহেব! আপনি বাংলাদেশ সরকারের জাতীয় লটারি প্রোগ্রামে প্রথম পুরস্কার জিতেছেন। আপনার বিজয়ী নাম্বার: BDL- [PHONE] এবং পুরস্কারের পরিমাণ ২৫ লক্ষ টাকা। এই পুরস্কার দাবি করতে আপনাকে প্রক্রিয়াকরণ ফি হিসেবে ৫০০০ টাকা বিকাশে পাঠাতে হবে। পুরস্কার দাবির শেষ তারিখ আগামী ৪৮ ঘন্টা। বিস্তারিত জানতে [PHONE] নাম্বরে কল করুন।,5
Casino-তে bet ধরুন এবং একটি free iPhone জিতুন! Join করুন: [URL],0
"Investment-এ দ্বিগুণ profit, call করুন: [PHONE]",3
আপনার GP FlexiPlan ব্লক করা হয়েছে। আনলক করতে [URL] এ গিয়ে কার্ড তথ্য দিন।,5
Bank loan defaulter list published. Remove your name with clearance fee 18500 TK: [URL],1
"আকর্ষণীয় চাকরি ও পড়াশোনা, মাসিক বেতন ২ লক্ষ+ এবং দক্ষিণ কোরিয়ায় স্থায়ী বসবাসের সুযোগ। বিনামূল্যে টিউশন ও থাকার ব্যবস্থা। যোগাযোগ করুন: [PHONE] [PHONE]",5
Bet in casino and win a free trip for 7 days! Start now: [URL],4
Customs duty 6800 TK for your international package. Pay: customs-bd.gov/pay Tracking: IN7748291,1
আপনি lottery জিতেছেন! Claim করতে code 98634 use করুন: [URL],3
ISL e baji dhorun ebong ekti notun smartphone jitun. ekhane click korun: [URL],6
জনতা Bank থেকে urgent message। Call করুন: [PHONE],3
Apnar debit card er sima briddhi korte ekhane click korun: [URL],8
DXN multinational company is offering high-paying jobs with allowances. Contact urgently [PHONE],1
SIM card reactivation করতে call করুন: [PHONE],3
ফ্রী ফেসবুক থেকে ইনকাম করুন ইনবক্স করুন সততার সাথে কাজ করেন 🥰😍 সাপোর্ট (গ্রুপ এবং বট) t.me/Facebook_ID_Sell1_bot অফিসিয়াল এডমিন👆,5
আপনার ফেসবুক অ্যাকাউন্টটি অবিলম্বে আপডেট করুন। এখানে ক্লিক করুন: [URL],2
Your identity confirm করতে হবে। এখানে click করুন: [URL],2
Free te join kore apnar free shomoy ke kaje lagiye Dxn company te network marketing business kore ekta passive income er rasta toiri korte chan tahole inbox korun,6
বাংলাদেশ ব্যাংক অ্যাকাউন্ট ব্লক হয়েছে। পুনরায় চালু করতে কল করুন: [PHONE],9
"১৫,০০০ টাকা বিনিয়োগে ৪৫,০০০ টাকা অর্জন করুন! কল করুন: [PHONE]",9
"Received amount 2.221 Bitcoin BTC ($18,421 USD) please confirm transaction: [URL]",1
bKash account e trutti dekha diyeche. Druto shomadhan er jonno ekhane click korun: [URL],6
"Want to earn 500 to 5000 TK daily through network marketing? I will teach you how to market for free, no money needed. First see the work, see the proof, if you like it, work. If anyone wants to work, inbox ❤️‍🩹",1
