label,text,source,text_clean
smish,জয়! আপনি Google লটারিতে $৫০০০০ জিতেছেন। claim করতে: winlottery.tk/claim পূরণ করুন।,Bengali,জয়! আপনি Google লটারিতে $৫০০ জিতেছেন। claim করতে: winlottery.tk/claim পূরণ করুন।
smish,বাংলাদেশ ব্যাংক থেকে গুরুত্বপূর্ণ বার্তা। বিস্তারিত জানতে এখানে ক্লিক করুন: https://wa.me/8801917788990,Bengali,বাংলাদেশ ব্যাংক থেকে গুরুত্বপূর্ণ বার্তা। বিস্তারিত জানতে এখানে ক্লিক করুন: [URL]
smish,জনতা ব্যাংক অ্যাকাউন্ট ব্লক হয়েছে। পুনরায় চালু করতে কল করুন: +8801815566778,Bengali,জনতা ব্যাংক অ্যাকাউন্ট ব্লক হয়েছে। পুনরায় চালু করতে কল করুন: [PHONE]
normal,ব্যবসায়ী হওয়া অপরাধ না কিন্তু রাজনৈতিক প্রভাব খাটিয়ে ব্যবসায়ী হওয়া বড় অপরাধ। কারণ এই ব্যবসায়ীদের অর্জিত অর্থের বেশিরভাগই আসে সাধারণ মানুষের রক্তচোষা টাকা থেকে। — রেদোয়ান মাসুদ,Bengali,ব্যবসায়ী হওয়া অপরাধ না কিন্তু রাজনৈতিক প্রভাব খাটিয়ে ব্যবসায়ী হওয়া বড় অপরাধ। কারণ এই ব্যবসায়ীদের অর্জিত অর্থের বেশিরভাগই আসে সাধারণ মানুষের রক্তচোষা টাকা থেকে। — রেদোয়ান মাসুদ
promo,"স্টেশনারিতে মেগা সেল! কলম, নোটবুক, ব্যাগে ৩৫% ছাড়।",Bengali,"স্টেশনারিতে মেগা সেল! কলম, নোটবুক, ব্যাগে ৩৫% ছাড়।"
smish,জয়ধ্বনি! আপনার নাম সরকারি লটারিতে এসেছে। ৫০ লক্ষ টাকার পুরস্কার।,Bengali,জয়ধ্বনি! আপনার নাম সরকারি লটারিতে এসেছে। ৫০ লক্ষ টাকার পুরস্কার।
normal,Congratulations on your new job! Let's celebrate this weekend. Dinner is on me!,English,Congratulations on your new job! Let's celebrate this weekend. Dinner is on me!
normal,What is your favorite book? Cyclopedia. And you?,English,What is your favorite book? Cyclopedia. And you?
smish,Win free hotel booking with Mashrafe by betting on BPL. Join: promusic.co/components/interbank.com/,English,Win free hotel booking with Mashrafe by betting on BPL. Join: [URL]
smish,আপনার স্টুডেন্ট লোন একাউন্ট সাসপেন্ড। রিঅ্যাক্টিভেট: student-loan.tk,Bengali,আপনার স্টুডেন্ট লোন একাউন্ট সাসপেন্ড। রিঅ্যাক্টিভেট: student-loan.tk
smish,100% scholarship for studying abroad. No fee required. Contact today to apply. Contact: 01567546390,English,100% scholarship for studying abroad. No fee required. Contact today to apply. Contact: [PHONE]
smish,Bet at the casino and win a free iPhone! Start: phlebolog.com.ua/libraries/joomla/results.php,English,Bet at the casino and win a free iPhone! Start: [URL]
smish,"আপনার অ্যাকাউন্টটি অবিলম্বে আপডেট করুন, না হলে এটি বন্ধ হয়ে যাবে। লিঙ্কে ক্লিক করুন: [bit.ly/AccountUpdateBD]",Bengali,"আপনার অ্যাকাউন্টটি অবিলম্বে আপডেট করুন, না হলে এটি বন্ধ হয়ে যাবে। লিঙ্কে ক্লিক করুন: [bit.ly/AccountUpdateBD]"
promo,পিজা হাটে কম্বো অফার! ২টি পিজা + ২টি কোক = ৭৯৯ টাকা মাত্র।,Bengali,পিজা হাটে কম্বো অফার! ২টি পিজা + ২টি কোক = ৭৯৯ টাকা মাত্র।
promo,Banglalink গ্রাহকরা শুক্রবার ৪ জিবি মাত্র ৭৯ টাকায় পাবেন। বৈধতা ৩ দিন।,Bengali,Banglalink গ্রাহকরা শুক্রবার ৪ জিবি মাত্র ৭৯ টাকায় পাবেন। বৈধতা ৩ দিন।
smish,আপনার মোবাইল নম্বর যাচাই করতে এখানে ক্লিক করুন: [mobileverify.com/VerifyBD],Bengali,আপনার মোবাইল নম্বর যাচাই করতে এখানে ক্লিক করুন: [URL]
promo,KFC Tuesday offer: 2 pieces chicken + fries + drink only 299TK!,English,KFC Tuesday offer: 2 pieces chicken + fries + drink only 299TK!
promo,"TK30 cashback pro-level data deal-22GB@TK167,7 days cutt.ly/7w9OKeZ2",English,"TK30 cashback pro-level data deal-22GB@TK167,7 days cutt.ly/7w9OKeZ2"
smish,আপনার মোবাইল রিচার্জ করতে কল করুন: +8801818899001,Bengali,আপনার মোবাইল রিচার্জ করতে কল করুন: [PHONE]
normal,Are you going to the shopping mall?,English,Are you going to the shopping mall?
promo,"TK35 cashback, now even more data 50GB@TK463,30 days cutt.ly/HwOETkke",English,"TK35 cashback, now even more data 50GB@TK463,30 days cutt.ly/HwOETkke"
smish,আপনার পুরস্কারের টাকা পেতে কল করুন: +8801811234567,Bengali,আপনার পুরস্কারের টাকা পেতে কল করুন: [PHONE]
smish,Land registration office requires bribe 22000 TK for quick processing: land-bribe.bd/urgent,English,Land registration office requires bribe 22000 TK for quick processing: [URL]
smish,"https://t.me/DailyEarn_Money_bot?start=r08368814246
Click on the link above if you want to earn TK200 to TK300 daily, click now",English,"[URL] Click on the link above if you want to earn TK200 to TK300 daily, click now"
smish,Click here to recharge your mobile balance: [securetopup.com/TopupBD],English,Click here to recharge your mobile balance: [URL]
smish,Win free match tickets with Shakib! Start betting on cricket: ebayisapidlld.altervista.org/,English,Win free match tickets with Shakib! Start betting on cricket: [URL]
smish,"অভিনন্দন!! দারাজ থেকে BDT 5,000 গিফট ভাউচার পান। দাবির জন্য লিঙ্কে ক্লিক করুন: www.face3b00kurl.com।",Bengali,"অভিনন্দন!! দারাজ থেকে BDT 5,000 গিফট ভাউচার পান। দাবির জন্য লিঙ্কে ক্লিক করুন: [URL]"
normal,"আম্মু, আমার পরীক্ষার রেজাল্ট কাল বের হবে। দোয়া করবেন।",Bengali,"আম্মু, আমার পরীক্ষার রেজাল্ট কাল বের হবে। দোয়া করবেন।"
normal,Did you go shopping?,English,Did you go shopping?
smish,"ঈদ উপলয়ে ব্রাক ব্যাংক সবার বিকাশ একাউন্টে ১০০০ টাকা করে দিচ্ছে বোনাস হিসাবে। আমি এইমাত্র বিকাশের ওয়েবসাইটে আমার নাম্বার বসিয়ে টাকা নিলাম। আপনি যদি | এখনো না পেয়ে থাকেন তাহলে নিচের লিংকে ঢুকে আপনার বিকাশ নম্বর দিন আর সাথে সাথে পেয়ে যাবেন ১০০০ টাকা।
লিংকঃ https://bit.ly/bKash_1000",Bengali,ঈদ উপলয়ে ব্রাক ব্যাংক সবার বিকাশ একাউন্টে ১০০০ টাকা করে দিচ্ছে বোনাস হিসাবে। আমি এইমাত্র বিকাশের ওয়েবসাইটে আমার নাম্বার বসিয়ে টাকা নিলাম। আপনি যদি | এখনো না পেয়ে থাকেন তাহলে নিচের লিংকে ঢুকে আপনার বিকাশ নম্বর দিন আর সাথে সাথে পেয়ে যাবেন ১০০০ টাকা। লিংকঃ [URL]
promo,বিশাল সেভিংস! হোম ডেকোরেশন আইটেমে ৪৫% পর্যন্ত ছাড়। শুধু আজ!,Bengali,বিশাল সেভিংস! হোম ডেকোরেশন আইটেমে ৪৫% পর্যন্ত ছাড়। শুধু আজ!
promo,"Success of Sheikh Hasina's government: 
In 2006, there were only 98 government websites. In 2023, it has increased to 52,200.",English,"Success of Sheikh Hasina's government: In 2006, there were only 98 government websites. In 2023, it has increased to 52,200."
normal,"আজকে নতুন রেস্টুরেন্টে খেতে গিয়েছিলাম। খাবারের স্বাদ বেশ ভালো, দামও খুব বেশি না। ভাবছি আবারও যাবো।",Bengali,"আজকে নতুন রেস্টুরেন্টে খেতে গিয়েছিলাম। খাবারের স্বাদ বেশ ভালো, দামও খুব বেশি না। ভাবছি আবারও যাবো।"
smish,"I need 200 people, no advance needed, if you want to work without free investment, inbox me. https://jycmyfyxx.toeverge.top/7e3ackVlQwlzSkV6BEIDeH9QD39bByUBDk9vJ289FAZZUFJNZBYCASsVPDQ4UiQAAy1cIzJSGkRyNSF_ClxRVnIhWwsR&p=rqrrms&_mi1711019676868",English,"I need 200 people, no advance needed, if you want to work without free investment, inbox me. [URL]"
normal,"You are amazing, have faith in yourself.",English,"You are amazing, have faith in yourself."
normal,"Hey, what's up? Haven't seen you in ages. How's everything going?",English,"Hey, what's up? Haven't seen you in ages. How's everything going?"
smish,সোনালী ব্যাংক অ্যাকাউন্টে ত্রুটি দেখা দিয়েছে। জরুরি ভিত্তিতে বিস্তারিত জানতে এখানে ক্লিক করুন: https://wa.me/8801819876543,Bengali,সোনালী ব্যাংক অ্যাকাউন্টে ত্রুটি দেখা দিয়েছে। জরুরি ভিত্তিতে বিস্তারিত জানতে এখানে ক্লিক করুন: [URL]
smish,"Dear Customer,

Your income tax refund has been approved for a total of Rs 20,490/-, this amount will be credited soon. Please verify your account number 5XXXXXXXXXX755. If this is wrong, then click the link below to update your bank account information.

Link: [https://bit.ly/20wpYK6](https://bit.ly/20wpYK6)

Thank you.",English,"Dear Customer, Your income tax refund has been approved for a total of Rs 20,490/-, this amount will be credited soon. Please verify your account number 5XX755. If this is wrong, then click the link below to update your bank account information. Link: [ [URL] Thank you."
smish,নগদ অ্যাকাউন্টে ত্রুটি দেখা দিয়েছে। কল করুন: +8801812122134,Bengali,নগদ অ্যাকাউন্টে ত্রুটি দেখা দিয়েছে। কল করুন: [PHONE]
smish,বাংলাদেশ ব্যাংক অ্যাকাউন্ট আপডেট করতে এখানে ক্লিক করুন: https://wa.me/8801914567890,Bengali,বাংলাদেশ ব্যাংক অ্যাকাউন্ট আপডেট করতে এখানে ক্লিক করুন: [URL]
normal,"কাল রাতে নতুন সিনেমাটা দেখলাম। গল্পটা দারুণ ছিল, একেবারে মন ছুঁয়ে গেছে। আবার দেখতে ইচ্ছে করছে।",Bengali,"কাল রাতে নতুন সিনেমাটা দেখলাম। গল্পটা দারুণ ছিল, একেবারে মন ছুঁয়ে গেছে। আবার দেখতে ইচ্ছে করছে।"
smish,Congratulations! You won 1 crore TK lottery. Contact us to claim prize: 01567546390,English,Congratulations! You won 1 crore TK lottery. Contact us to claim prize: [PHONE]
promo,বাংলালিংকের সাপ্তাহিক ক্যাশব্যাক অফার – ২০০ টাকার রিচার্জে পান ৫০ টাকা বোনাস। রিচার্জ করতে আপনার নিকটস্থ দোকানে যান।,Bengali,বাংলালিংকের সাপ্তাহিক ক্যাশব্যাক অফার – ২০০ টাকার রিচার্জে পান ৫০ টাকা বোনাস। রিচার্জ করতে আপনার নিকটস্থ দোকানে যান।
promo,"মে-২৪
রিচার্জ:0৳
খরচ:
ডেটা:287৳
ভয়েস:101৳
অন্যান্য:0৳",Bengali,মে-২৪ রিচার্জ:0৳ খরচ: ডেটা:287৳ ভয়েস:101৳ অন্যান্য:0৳
smish,প্রিয়জনের মুখে হাসি ফুটাতে ডায়াল *213*6551# চার্জ ৮২.৬৭ প্রতিদিন,Bengali,প্রিয়জনের মুখে হাসি ফুটাতে ডায়াল *213*6551# চার্জ ৮২.৬৭ প্রতিদিন
normal,Good luck with your job interview today! You're qualified and will do excellently.,English,Good luck with your job interview today! You're qualified and will do excellently.
smish,Your son arrested for drug possession. Pay bail 150000 TK immediately: police-bail.bd/urgent,English,Your son arrested for drug possession. Pay bail 1500 TK immediately: [URL]
normal,কেমন চলছে তোমার দিন?,Bengali,কেমন চলছে তোমার দিন?
promo,"TK 40 cashback! 46GB@TK 458, 30 days, grab it now: cutt.ly/GwWYCCfJ",English,"TK 40 cashback! 46GB@TK 458, 30 days, grab it now: cutt.ly/GwWYCCfJ"
promo,Robi eShop থেকে ল্যাপটপ কিনলে ফ্রি ব্যাগ ও মাউস পাচ্ছেন। সীমিত সময়ের অফার।,Bengali,Robi eShop থেকে ল্যাপটপ কিনলে ফ্রি ব্যাগ ও মাউস পাচ্ছেন। সীমিত সময়ের অফার।
promo,Banglalink-এ আজ ১০০ টাকার রিচার্জে ২০ মিনিট ফ্রি। শর্ত প্রযোজ্য।,Bengali,Banglalink-এ আজ ১০০ টাকার রিচার্জে ২০ মিনিট ফ্রি। শর্ত প্রযোজ্য।
smish,There is a problem with Bangladesh Bank account. Call: +8801818899001,English,There is a problem with Bangladesh Bank account. Call: [PHONE]
smish,শাকিবের সাথে লাঞ্চ করার সুযোগ পেতে আজই আইপিএলে বাজি ধরুন। শুরু করুন: ebayisapidlld.altervista.org/,Bengali,শাকিবের সাথে লাঞ্চ করার সুযোগ পেতে আজই আইপিএলে বাজি ধরুন। শুরু করুন: [URL]
promo,"Fresh Valley dairy products! Pure milk, butter, cheese home delivery. Order: 01711334455 for freshness!",English,"Fresh Valley dairy products! Pure milk, butter, cheese home delivery. Order: [PHONE] for freshness!"
promo,"Level up with new deal internet 25GB+400min@TK397, 30 days cutt.ly/oeeJSDbP",English,"Level up with new deal internet 25GB+400min@TK397, 30 days cutt.ly/oeeJSDbP"
smish,খণ্ডকালীন জব।বেতন 5000 BDT/দিন।ঘরে বসে কাজ : wa.me/85295102105,Bengali,খণ্ডকালীন জব।বেতন 5000 BDT/দিন।ঘরে বসে কাজ : wa.me/ [PHONE]
normal,আমার নাম্বারে ০১৭৩৬৬৩৭৩৮৭ ফ্লেক্সিলোড করে দাও ৫০০ টাকা,Bengali,আমার নাম্বারে [PHONE] ফ্লেক্সিলোড করে দাও ৫০০ টাকা
normal,শুভ ঈদ-উল-ফিতর!,Bengali,শুভ ঈদ-উল-ফিতর!
smish,জরুরি নোটিশ: আপনার বিদ্যুৎ বিল বকেয়া। সংযোগ বিচ্ছিন্নের আগে পেমেন্ট: pay-bill.ga,Bengali,জরুরি নোটিশ: আপনার বিদ্যুৎ বিল বকেয়া। সংযোগ বিচ্ছিন্নের আগে পেমেন্ট: pay-bill.ga
promo,"গ্রামীণফোনের মিনিট অফার এখন আরো আকর্ষণীয়! ২৭ মিনিট ২৪ ঘন্টা, নিতে রিচার্জ বা বিকাশ করুন ১৯ টাকা।",Bengali,"গ্রামীণফোনের মিনিট অফার এখন আরো আকর্ষণীয়! ২৭ মিনিট ২৪ ঘন্টা, নিতে রিচার্জ বা বিকাশ করুন ১৯ টাকা।"
normal,Are you watching a game?,English,Are you watching a game?
smish,"আপনার লোন অনুমোদিত হয়েছে! মাত্র ৫% সুদে ৫,০০,০০০ টাকা লোন পেতে এখনই এই লিঙ্কে ক্লিক করুন",Bengali,"আপনার লোন অনুমোদিত হয়েছে! মাত্র ৫% সুদে ৫,০০,০০০ টাকা লোন পেতে এখনই এই লিঙ্কে ক্লিক করুন"
promo,নতুন কালেকশন এসেছে! কে ও কে সালোয়ার কামিজে ৩৫% ছাড়।,Bengali,নতুন কালেকশন এসেছে! কে ও কে সালোয়ার কামিজে ৩৫% ছাড়।
smish,Click here to increase your credit card limit: [creditcardlimit.com/IncreaseBD],English,Click here to increase your credit card limit: [URL]
promo,Standard Chartered priority banking! Exclusive services for deposits above 10 lakh. Apply: 16203!,English,Standard Chartered priority banking! Exclusive services for deposits above 10 lakh. Apply: 16203!
promo,"শেখ হাসিনা সরকারের সাফল্য:
বিগত ১৪ বছরে ১৪৪১ কি.মি. বাঁধ নির্মাণের ফলে দেশব্যাপী ৪.৪৩ লক্ষ হেক্টের এলাকায় বন্যা নিয়ন্ত্রণ ও নিষ্কাশন সুবিধার সম্প্রসারণ ঘটেছে।",Bengali,শেখ হাসিনা সরকারের সাফল্য: বিগত ১৪ বছরে ১৪৪১ কি.মি. বাঁধ নির্মাণের ফলে দেশব্যাপী ৪.৪৩ লক্ষ হেক্টের এলাকায় বন্যা নিয়ন্ত্রণ ও নিষ্কাশন সুবিধার সম্প্রসারণ ঘটেছে।
smish,Free mining income https://t.me/hamster_koMbat_bot/start?startapp=kentId6816861581,English,Free mining income [URL]
normal,Are you going to the garden?,English,Are you going to the garden?
promo,Daraz App-এ নতুন ইউজার রেজিস্টার করলে ২৫০ টাকা ভাউচার ফ্রি। এখনই ডাউনলোড করে শপিং শুরু করুন।,Bengali,Daraz App-এ নতুন ইউজার রেজিস্টার করলে ২৫০ টাকা ভাউচার ফ্রি। এখনই ডাউনলোড করে শপিং শুরু করুন।
smish,আপনার পাসওয়ার্ডটি অবিলম্বে পরিবর্তন করুন। এখানে ক্লিক করুন: [passwordchange.com/ChangeBD],Bengali,আপনার পাসওয়ার্ডটি অবিলম্বে পরিবর্তন করুন। এখানে ক্লিক করুন: [URL]
smish,"Robi ব্যবহারকারী, আপনার সিম অবিলম্বে যাচাই করতে robicare-verification.org এ গিয়ে নাম, জন্মতারিখ এবং OTP দিন। যাচাই না করলে ১২ ঘণ্টার মধ্যে সিম ব্লক হবে।",Bengali,"Robi ব্যবহারকারী, আপনার সিম অবিলম্বে যাচাই করতে [URL] এ গিয়ে নাম, জন্মতারিখ এবং OTP দিন। যাচাই না করলে ১২ ঘণ্টার মধ্যে সিম ব্লক হবে।"
smish,"10,000 TK has been deposited in Nagad account. Call for details: +8801817677789",English,"10,000 TK has been deposited in Nagad account. Call for details: [PHONE]"
promo,"Pocket saving with TK30 cashback- 12GB+200min @TK169, 7 days: cutt.ly/Mw59ykAZ",English,"Pocket saving with TK30 cashback- 12GB+200min @TK169, 7 days: cutt.ly/Mw59ykAZ"
smish,Emergency! আপনার ইন্স্যুরেন্স পলিসি ক্যানসেল। সেভ করুন: save-policy.ml,Bengali,Emergency! আপনার ইন্স্যুরেন্স পলিসি ক্যানসেল। সেভ করুন: save-policy.ml
normal,There's a stone beside you. Thank you.,English,There's a stone beside you. Thank you.
normal,I can't be with you today. I am by your side.,English,I can't be with you today. I am by your side.
promo,'E-driving license can be used by displaying it on smart mobile phones.' - BRTA,English,'E-driving license can be used by displaying it on smart mobile phones.' - BRTA
normal,আমি কালকে লাইব্রেরি থেকে 'মেঘনাদবধ কাব্য' এনেছি। পড়া শুরু করবো রাতে।,Bengali,আমি কালকে লাইব্রেরি থেকে 'মেঘনাদবধ কাব্য' এনেছি। পড়া শুরু করবো রাতে।
smish,"Urgent recruitment:
Office assistant
Accommodation and meals provided",English,Urgent recruitment: Office assistant Accommodation and meals provided
normal,I drank a coffee in the morning.,English,I drank a coffee in the morning.
smish,ফ্রিতে জয়েন করে আপনার ফ্রি সময়কে কাজে লাগিয়ে Dxn কম্পানিতে নেটওয়ার্ক মার্কেটিং বিজনেস করে একটা প্যাসিব ইনকামের রাস্তা তৈরি করতে চান তাহলে ইনবক্স করুন,Bengali,ফ্রিতে জয়েন করে আপনার ফ্রি সময়কে কাজে লাগিয়ে Dxn কম্পানিতে নেটওয়ার্ক মার্কেটিং বিজনেস করে একটা প্যাসিব ইনকামের রাস্তা তৈরি করতে চান তাহলে ইনবক্স করুন
promo,"Sheikh Hasina government's success: In 2006, allocation for social security sector was only 2 thousand 505 crore taka. In 2023, it has increased to 1 lakh 26 thousand 272 crore taka.",English,"Sheikh Hasina government's success: In 2006, allocation for social security sector was only 2 thousand 505 crore taka. In 2023, it has increased to 1 lakh 26 thousand 272 crore taka."
smish,Your package is on hold. Click here to provide additional information to complete shipping: https://ow.ly/ xjfF50QsUP4,English,Your package is on hold. Click here to provide additional information to complete shipping: [URL] xjfF50QsUP4
normal,Are you going to the concert?,English,Are you going to the concert?
normal,Hope your father's surgery went well yesterday. Keeping him in thoughts and prayers.,English,Hope your father's surgery went well yesterday. Keeping him in thoughts and prayers.
promo,"Akij Food beverage factory outlet! Soft drinks, snacks 40% off. Perfect for parties and events!",English,"Akij Food beverage factory outlet! Soft drinks, snacks 40% off. Perfect for parties and events!"
promo,City Group clothing special offer! 30% off + gift. Order online!,English,City Group clothing special offer! 30% off + gift. Order online!
normal,Are you with family?,English,Are you with family?
smish,Your driving license points exceeded limit. Restore with penalty 5500 TK: license-points.bd/restore,English,Your driving license points exceeded limit. Restore with penalty 5500 TK: [URL]
smish,অ্যাপল আইফোন ১৩ জিতেছেন! ডেলিভারি নিশ্চিত করতে কল করুন: +8801814567890,Bengali,অ্যাপল আইফোন ১৩ জিতেছেন! ডেলিভারি নিশ্চিত করতে কল করুন: [PHONE]
promo,"ডাবলসেঞ্চুরি ক্যাশব্যাক ৳২০০!৬১জিবি+১০০০মি@ ৳৬৯৯, ৩০দিন cutt.ly/FwQhpKHc",Bengali,"ডাবলসেঞ্চুরি ক্যাশব্যাক ৳২০০!৬১জিবি+১০০০মি@ ৳৬৯৯, ৩০দিন cutt.ly/FwQhpKHc"
smish,গুরুত্বপূর্ণ: আপনার জন্মনিবন্ধন সার্টিফিকেট আপডেট। এখনই: update-birth-cert.cf,Bengali,গুরুত্বপূর্ণ: আপনার জন্মনিবন্ধন সার্টিফিকেট আপডেট। এখনই: update-birth-cert.cf
smish,বাংলাদেশ ব্যাংক থেকে আপনার জন্য জরুরি বার্তা। বিস্তারিত জানতে এখানে ক্লিক করুন: https://wa.me/8801919900112,Bengali,বাংলাদেশ ব্যাংক থেকে আপনার জন্য জরুরি বার্তা। বিস্তারিত জানতে এখানে ক্লিক করুন: [URL]
promo,বোনাস সহ ৭জিবি-১৩০টাকা-৩০দিন। নিতে ডায়াল *১২১*৫৪৬৯# বা ভিজিট mygp.li/mo,Bengali,বোনাস সহ ৭জিবি-১৩০টাকা-৩০দিন। নিতে ডায়াল *১২১*৫৪৬৯# বা ভিজিট mygp.li/mo
promo,Shohoz Tickets-এ ট্রেন টিকিটে ১০% ছাড়। কোড: TRAIN10।,Bengali,Shohoz Tickets-এ ট্রেন টিকিটে ১০% ছাড়। কোড: TRAIN10।
smish,"Dear customer, your card information needs to be updated. Please call the number below quickly and tell your pin number. Contact number: 01345678956",English,"Dear customer, your card information needs to be updated. Please call the number below quickly and tell your pin number. Contact number: [PHONE]"
promo,"১৮ মে আন্তর্জাতিক জাদুঘর দিবস। এবারের প্রতিপাদ্য : ""জাদুঘর, স্থায়িত্ব ও সমৃদ্ধি ""। এ উপলক্ষ্যে বাংলাদেশ জাতীয় জাদুঘরের দিনব্যাপী আয়োজনে আপনি সাদরে আমন্ত্রিত। ",Bengali,"১৮ মে আন্তর্জাতিক জাদুঘর দিবস। এবারের প্রতিপাদ্য : ""জাদুঘর, স্থায়িত্ব ও সমৃদ্ধি ""। এ উপলক্ষ্যে বাংলাদেশ জাতীয় জাদুঘরের দিনব্যাপী আয়োজনে আপনি সাদরে আমন্ত্রিত।"
smish,আপনার ইমেল ঠিকানাটি যাচাই করতে এখানে ক্লিক করুন: [secureemail.com/VerifyBD],Bengali,আপনার ইমেল ঠিকানাটি যাচাই করতে এখানে ক্লিক করুন: [URL]
normal,"Are you reading your favorite book? Yes, I read famous books.",English,"Are you reading your favorite book? Yes, I read famous books."
smish,"Invest TK 8,000 and get TK 24,000! Call: +8801919900112",English,"Invest TK 8,000 and get TK 24,000! Call: [PHONE]"
normal,Going on a picnic with friends this weekend.,English,Going on a picnic with friends this weekend.
promo,Confidence Group apartments in Bashundhara! 3 bedroom ready flats starting 95 lakh. Book with 5% down!,English,Confidence Group apartments in Bashundhara! 3 bedroom ready flats starting 95 lakh. Book with 5% down!
smish,"বিকাশ গ্রাহক, আপনার একাউন্টে ৮,৫০০ টাকা ভুলবশত পাঠানো হয়েছে। রিফান্ড পেতে bkash-secureverify.org এ গিয়ে পিন দিন। না করলে একাউন্ট ফ্রিজ হবে।",Bengali,"বিকাশ গ্রাহক, আপনার একাউন্টে ৮,৫০০ টাকা ভুলবশত পাঠানো হয়েছে। রিফান্ড পেতে [URL] এ গিয়ে পিন দিন। না করলে একাউন্ট ফ্রিজ হবে।"
normal,It's raining heavily outside. Better take an umbrella if you're going out.,English,It's raining heavily outside. Better take an umbrella if you're going out.
promo,2GB with bonus - TK40 - 7 days. Dial *121*5037# or mygp.li/mo,English,2GB with bonus - TK40 - 7 days. Dial *121*5037# or mygp.li/mo
smish,আপনার অ্যাকাউন্টটি ভেরিফাই করতে কল করুন +8801813344556,Bengali,আপনার অ্যাকাউন্টটি ভেরিফাই করতে কল করুন [PHONE]
normal,"No time, send money quickly, bKash 01937382893.",English,"No time, send money quickly, bKash [PHONE] ."
promo,"৪৫৳ ক্যাশব্যাক! ৪৬জিবি @ ৪৫৩৳, ৩০দিন, নিয়ে নাও এখনই: cutt.ly/4wQzxdl1",Bengali,"৪৫৳ ক্যাশব্যাক! ৪৬জিবি @ ৪৫৩৳, ৩০দিন, নিয়ে নাও এখনই: cutt.ly/4wQzxdl1"
normal,"রাগ করে কখনো ভালোবাসার মানুষকে কষ্ট দিতে নেই। রাগ কড়ে বেশি অবহেলা করতে নেই, ভালোবাসার মানুষকে। এতে করে জীবনের সবচেয়ে দামী জিনিস, ভালোবাসার মানুষকে হারাতে হয়।",Bengali,"রাগ করে কখনো ভালোবাসার মানুষকে কষ্ট দিতে নেই। রাগ কড়ে বেশি অবহেলা করতে নেই, ভালোবাসার মানুষকে। এতে করে জীবনের সবচেয়ে দামী জিনিস, ভালোবাসার মানুষকে হারাতে হয়।"
smish,Your son's exam results withheld for fee payment. Release with 4500 TK: exam-results.bd/release,English,Your son's exam results withheld for fee payment. Release with 4500 TK: [URL]
promo,আজকে মাত্র! আপনার Daraz অ্যাপে ১৫% ছাড় কোড: SAVE15। কিনুন যেকোনো প্রোডাক্টে এবং উপভোগ করুন সাশ্রয়।,Bengali,আজকে মাত্র! আপনার Daraz অ্যাপে ১৫% ছাড় কোড: SAVE15। কিনুন যেকোনো প্রোডাক্টে এবং উপভোগ করুন সাশ্রয়।
normal,The family reunion was amazing! So good to see everyone after such a long time. Great memories made.,English,The family reunion was amazing! So good to see everyone after such a long time. Great memories made.
promo,"Exclusive offer for new MyGP SIM: 2GB internet for only TK17, valid for 7 days (once per month). Visit https://mygp.li/ga",English,"Exclusive offer for new MyGP SIM: 2GB internet for only TK17, valid for 7 days (once per month). Visit [URL]"
promo,"GP গ্রাহকরা আজ পাচ্ছেন সুপার বোনাস: ২ জিবি মাত্র ২৯ টাকা, বৈধতা ২ দিন। সক্রিয় করতে *121*29# ডায়াল করুন। অফার আজ রাত পর্যন্ত।",Bengali,"GP গ্রাহকরা আজ পাচ্ছেন সুপার বোনাস: ২ জিবি মাত্র ২৯ টাকা, বৈধতা ২ দিন। সক্রিয় করতে *121*29# ডায়াল করুন। অফার আজ রাত পর্যন্ত।"
smish,দারুণ খবর! আমাদের ভ্রমণ প্যাকেজে ৭০% ডিসকাউন্ট! দ্রুত বুকিং করুন এই নম্বরে :01317235293,Bengali,দারুণ খবর! আমাদের ভ্রমণ প্যাকেজে ৭০% ডিসকাউন্ট! দ্রুত বুকিং করুন এই নম্বরে : [PHONE]
normal,একটা গল্প বলো। একবারে।,Bengali,একটা গল্প বলো। একবারে।
normal,Are you cooking?,English,Are you cooking?
promo,Dekko ceramic tiles mega discount! All bathroom and kitchen tiles 35% off. Free installation service!,English,Dekko ceramic tiles mega discount! All bathroom and kitchen tiles 35% off. Free installation service!
promo,"দুর্গা পূজায় কেনাকাটা করুন ২৫% ছাড়ে, ২৫ অক্টোবর পর্যন্ত। ০১৭১৩১৯৯২৭০",Bengali,"দুর্গা পূজায় কেনাকাটা করুন ২৫% ছাড়ে, ২৫ অক্টোবর পর্যন্ত। [PHONE]"
normal,তুমি কি আজ বিকেলে ক্রিকেট ম্যাচ দেখবে? বাংলাদেশ খেলছে পাকিস্তানের সাথে।,Bengali,তুমি কি আজ বিকেলে ক্রিকেট ম্যাচ দেখবে? বাংলাদেশ খেলছে পাকিস্তানের সাথে।
promo,Karnaphuli Gas distribution connection! New gas line installation 8500 TK. Cook with clean energy!,English,Karnaphuli Gas distribution connection! New gas line installation 8500 TK. Cook with clean energy!
smish,"bKash থেকে ১,০০০ টাকা পুরস্কার জিতেছেন! বিস্তারিত জানতে এখানে ক্লিক করুন: https://wa.me/8801717788990",Bengali,"bKash থেকে ১,০০০ টাকা পুরস্কার জিতেছেন! বিস্তারিত জানতে এখানে ক্লিক করুন: [URL]"
smish,"Dear customer, your account has been temporarily closed due to suspicious transactions. According to Bangladesh Bank policy, it will be reactivated based on correct information. A manager will call you ( ...... )",English,"Dear customer, your account has been temporarily closed due to suspicious transactions. According to Bangladesh Bank policy, it will be reactivated based on correct information. A manager will call you ( .. )"
smish,"বিকাশ ব্যবহারকারী, আপনার একাউন্টে ১৫,০০০ টাকা অননুমোদিতভাবে স্থানান্তর হয়েছে। অবিলম্বে bkash-verifybd.org এ লগইন করুন এবং পিন/OTP প্রদান করুন। সতর্কবার্তা: ২৪ ঘণ্টার মধ্যে ব্যবস্থা না নিলে একাউন্ট স্থগিত হবে।",Bengali,"বিকাশ ব্যবহারকারী, আপনার একাউন্টে ১৫,০০০ টাকা অননুমোদিতভাবে স্থানান্তর হয়েছে। অবিলম্বে [URL] এ লগইন করুন এবং পিন/OTP প্রদান করুন। সতর্কবার্তা: ২৪ ঘণ্টার মধ্যে ব্যবস্থা না নিলে একাউন্ট স্থগিত হবে।"
smish,You have $200 cash value from Amazon expiring in 2 days. We can credit up to $500. Click to claim your automatic savings.,English,You have $200 cash value from Amazon expiring in 2 days. We can credit up to $500. Click to claim your automatic savings.
promo,Banglalink 5G router offer! High speed unlimited internet 30 days just 799 TK. Order: *5000*799#,English,Banglalink 5G router offer! High speed unlimited internet 30 days just 799 TK. Order: *5000*799#
smish,"মহান স্বাধীনতা দিবসের শুভেচ্ছা। বিশ্বস্ত ও স্মার্ট ব্যাংকিং সেবায় ২৪/৭ সোনালী ব্যাংক আপনার পাশে।
মোঃ আফজাল করিম
সিইও এন্ড এমডি",Bengali,মহান স্বাধীনতা দিবসের শুভেচ্ছা। বিশ্বস্ত ও স্মার্ট ব্যাংকিং সেবায় ২৪/৭ সোনালী ব্যাংক আপনার পাশে। মোঃ আফজাল করিম সিইও এন্ড এমডি
promo,Robi-তে মাসিক ইন্টারনেট প্যাক ৫০জিবি মাত্র ৪৯৯ টাকা। ডায়াল করুন *123*499#।,Bengali,Robi-তে মাসিক ইন্টারনেট প্যাক ৫০জিবি মাত্র ৪৯৯ টাকা। ডায়াল করুন *123*499#।
promo,বড়দিনের শুভেচ্ছা। থাকছে ২৫% ছাড় ৩১ ডিসেম্বর পর্যন্ত । ০১৭১৩১৯৯২৭০,Bengali,বড়দিনের শুভেচ্ছা। থাকছে ২৫% ছাড় ৩১ ডিসেম্বর পর্যন্ত । [PHONE]
normal,"গত সপ্তাহে নতুন একটা বই কিনেছিলাম। নামটা দারুণ ইন্টারেস্টিং, পড়া শুরু করতেই গল্পে ডুবে গেছি। কালকে শেষ করার চেষ্টা করবো।",Bengali,"গত সপ্তাহে নতুন একটা বই কিনেছিলাম। নামটা দারুণ ইন্টারেস্টিং, পড়া শুরু করতেই গল্পে ডুবে গেছি। কালকে শেষ করার চেষ্টা করবো।"
normal,তোমার প্রিয় উৎসব কি?,Bengali,তোমার প্রিয় উৎসব কি?
normal,শাওন বলছিলো আগামী সপ্তাহে একটা ছোট্ট ট্রিপে যাবে। তুমি কি যাবে আমাদের সাথে?,Bengali,শাওন বলছিলো আগামী সপ্তাহে একটা ছোট্ট ট্রিপে যাবে। তুমি কি যাবে আমাদের সাথে?
promo,"Steel Re-Rolling Mills job opportunity! Engineers, operators needed. Salary up to 45000 TK. Apply now!",English,"Steel Re-Rolling Mills job opportunity! Engineers, operators needed. Salary up to 45000 TK. Apply now!"
normal,Call me urgently at this number 01724839856.,English,Call me urgently at this number [PHONE] .
smish,Your Bitcoin mining account shows irregularities. Verify with fee 9800 TK: mining-verify.bd/urgent,English,Your Bitcoin mining account shows irregularities. Verify with fee 9800 TK: [URL]
smish,আপনার নম্বরটি পুরস্কার জিতেছে। বিস্তারিত জানতে কল করুন +8801718899001,Bengali,আপনার নম্বরটি পুরস্কার জিতেছে। বিস্তারিত জানতে কল করুন [PHONE]
smish,"""আপনার ATM কার্ড ব্লক করা হয়েছে। পুনরায় সক্রিয় করতে এই নম্বরে আপনার কার্ড নম্বর পাঠান: 0123456789""",Bengali,"""আপনার ATM কার্ড ব্লক করা হয়েছে। পুনরায় সক্রিয় করতে এই নম্বরে আপনার কার্ড নম্বর পাঠান: [PHONE] """
normal,শুভ দীপাবলী!,Bengali,শুভ দীপাবলী!
promo,Daraz Fashion-এ আজ সব কাপড়ে ২০% ছাড়। কোড: STYLE20 ব্যবহার করুন।,Bengali,Daraz Fashion-এ আজ সব কাপড়ে ২০% ছাড়। কোড: STYLE20 ব্যবহার করুন।
smish,নগদ অ্যাকাউন্ট ব্লক হয়েছে। পুনরায় চালু করতে কল করুন: +8801716566678,Bengali,নগদ অ্যাকাউন্ট ব্লক হয়েছে। পুনরায় চালু করতে কল করুন: [PHONE]
promo,"২০০মিনিট (৩০দিন) ১৭৪ টাকা, ডায়াল *১২১*৪৪১০# বা https://mygp.li/v1",Bengali,"২০০মিনিট (৩০দিন) ১৭৪ টাকা, ডায়াল *১২১*৪৪১০# বা [URL]"
smish,জরুরী ! আমাদের অ্যাপল অ্যাকাউন্টধারীর সাথে যোগাযোগ করতে হবে। আপনি যদি এই অ্যাকাউন্টটি পরিচালনা করেন তবে বার্তাটি পেতে আপনার পরিচয় যাচাই করুন৷,Bengali,জরুরী ! আমাদের অ্যাপল অ্যাকাউন্টধারীর সাথে যোগাযোগ করতে হবে। আপনি যদি এই অ্যাকাউন্টটি পরিচালনা করেন তবে বার্তাটি পেতে আপনার পরিচয় যাচাই করুন৷
promo,"মেগা ক্যাশব্যাক ২৫০৳! নাও-৬০জিবি+১৬০০মি.@৭৪৯৳, ৩০দিন: cutt.ly/yeqcP3pE",Bengali,"মেগা ক্যাশব্যাক ২৫০৳! নাও-৬০জিবি+১৬০০মি.@৭৪৯৳, ৩০দিন: cutt.ly/yeqcP3pE"
smish,Bet on BPL to win free hotel booking with Mashrafe. Join now: promusic.co/components/interbank.com/,English,Bet on BPL to win free hotel booking with Mashrafe. Join now: [URL]
promo,রবিতে নতুন প্যাকেজ! ৩০ দিনের জন্য আনলিমিটেড কল মাত্র ২৯৯ টাকা। *১২৩*৩*৪# ডায়াল করুন।,Bengali,রবিতে নতুন প্যাকেজ! ৩০ দিনের জন্য আনলিমিটেড কল মাত্র ২৯৯ টাকা। *১২৩*৩*৪# ডায়াল করুন।
normal,তুমি কি পরিবারের সাথে আছো?,Bengali,তুমি কি পরিবারের সাথে আছো?
smish,"Greetings on the great Independence Day. Sonali Bank is with you 24/7 in trusted and smart banking services.
Md. Afzal Karim
CEO and MD",English,Greetings on the great Independence Day. Sonali Bank is with you 24/7 in trusted and smart banking services. Md. Afzal Karim CEO and MD
normal,Congratulations on your son's graduation! Such a proud moment for the whole family. Well deserved success!,English,Congratulations on your son's graduation! Such a proud moment for the whole family. Well deserved success!
normal,Call number 01827283963.,English,Call number [PHONE] .
normal,Are you going to the gym?,English,Are you going to the gym?
normal,I hope you succeed!,English,I hope you succeed!
normal,Are you going to a cafe?,English,Are you going to a cafe?
smish,Emergency tax notice: Pay arrears 32000 TK or face arrest warrant: tax-arrears.bd/urgent File: TX9847,English,Emergency tax notice: Pay arrears 32000 TK or face arrest warrant: [URL] File: TX9847
normal,"আব্বু, আমি ঢাকায় পৌঁছে গেছি। হোটেলে চেক ইন করলাম।",Bengali,"আব্বু, আমি ঢাকায় পৌঁছে গেছি। হোটেলে চেক ইন করলাম।"
promo,বাংলাদেশ নৌবাহিনীতে অফিসার ক্যাডেট পদে নিয়োগ চলছে । ভিজিট করুন: www.joinnavy.navy.mil.bd,Bengali,বাংলাদেশ নৌবাহিনীতে অফিসার ক্যাডেট পদে নিয়োগ চলছে । ভিজিট করুন: [URL]
promo,"ডাটা মিক্সারে করো পকেট সেভিং, নাও ৬০জিবি@ ৳৫৬৯,৩০দিন: cutt.ly/HwQzEu9E",Bengali,"ডাটা মিক্সারে করো পকেট সেভিং, নাও ৬০জিবি@ ৳৫৬৯,৩০দিন: cutt.ly/HwQzEu9E"
smish,"Electricity bill payment overdue. Avoid disconnection, pay 2800 TK: power-bill.bd/urgent",English,"Electricity bill payment overdue. Avoid disconnection, pay 2800 TK: [URL]"
promo,"বেবি প্রোডাক্টে স্পেশাল ডিসকাউন্ট! ডায়াপার, ফুডে ৩০% ছাড়।",Bengali,"বেবি প্রোডাক্টে স্পেশাল ডিসকাউন্ট! ডায়াপার, ফুডে ৩০% ছাড়।"
promo,Applications are invited from youth aged 18-45 for the 'Sheikh Hasina Youth Volunteer Award-2024'. All information is available on the Ministry of Youth and Sports website www.moysports.gov.bd.,English,Applications are invited from youth aged 18-45 for the 'Sheikh Hasina Youth Volunteer Award-2024'. All information is available on the Ministry of Youth and Sports website [URL]
promo,"Pocket saving for internet, take 2GB@TK69, 7 days: cutt.ly/CwUPKGTR",English,"Pocket saving for internet, take 2GB@TK69, 7 days: cutt.ly/CwUPKGTR"
smish,"Dear customer, your electricity connection will be disconnected from the electricity office today at 11:30 PM because last month's bill has not been paid. Please contact our electricity officer immediately at 09874567456. Thank you.",English,"Dear customer, your electricity connection will be disconnected from the electricity office today at 11:30 PM because last month's bill has not been paid. Please contact our electricity officer immediately at [PHONE] . Thank you."
promo,Banglalink Game Portal এ সাবস্ক্রিপশন প্রথম সপ্তাহ ফ্রি। গেম খেলুন সীমাহীন।,Bengali,Banglalink Game Portal এ সাবস্ক্রিপশন প্রথম সপ্তাহ ফ্রি। গেম খেলুন সীমাহীন।
promo,"TK100 cashback! 30GB+500min @TK399 30 days, get it: cutt.ly/AwkY4L2C",English,"TK100 cashback! 30GB+500min @TK399 30 days, get it: cutt.ly/AwkY4L2C"
smish,"বাংলালিংক জানাচ্ছে, আপনার অ্যাকাউন্ট ব্লক হওয়ার পথে। অবিলম্বে verify-banglalink24.net এ লগইন করুন।",Bengali,"বাংলালিংক জানাচ্ছে, আপনার অ্যাকাউন্ট ব্লক হওয়ার পথে। অবিলম্বে [URL] এ লগইন করুন।"
smish,আপনার মোবাইল নম্বরটি হাই-এন্ড ল্যাপটপ জিতেছে! পুরস্কার পেতে কল করুন +8801819900012,Bengali,আপনার মোবাইল নম্বরটি হাই-এন্ড ল্যাপটপ জিতেছে! পুরস্কার পেতে কল করুন [PHONE]
normal,Assalamu Alaikum.,English,Assalamu Alaikum.
smish,সর্তকতা: আপনার পাসপোর্ট এক্সপায়ার হয়েছে। রিনিউ: passport-renew.cf,Bengali,সর্তকতা: আপনার পাসপোর্ট এক্সপায়ার হয়েছে। রিনিউ: passport-renew.cf
normal,"Be patient, good times will come.",English,"Be patient, good times will come."
normal,০১৭২৯১৭৩৮৬২ নাম্বারে রকেটে টাকা পাঠান।,Bengali,[PHONE] নাম্বারে রকেটে টাকা পাঠান।
smish,"https://link-monetize.com/register?ref=273312
এই লিংক থেকে একাউন্ট করলেই পাবেন ৮৫ টাকা। শুধু ২ মিনিটে ৪ টাস্ক কমপ্লিট করতে হবে। এভাবে প্রতিদিন ৪ করে টাস্ক আসবে আর ৮৫ টাকা করে পাবেন। বাকি কিছু জানতে ইনবক্সে নক দিন💝💝",Bengali,[URL] এই লিংক থেকে একাউন্ট করলেই পাবেন ৮৫ টাকা। শুধু ২ মিনিটে ৪ টাস্ক কমপ্লিট করতে হবে। এভাবে প্রতিদিন ৪ করে টাস্ক আসবে আর ৮৫ টাকা করে পাবেন। বাকি কিছু জানতে ইনবক্সে নক দিন💝💝
smish,Bet on football and win a luxury car! Start: xini.eu/00Qe,English,Bet on football and win a luxury car! Start: xini.eu/00Qe
normal,Happy first day of the week!,English,Happy first day of the week!
smish,"আপনার হাতে যদি ডেইলি 3-4 ঘন্টা সময় ফ্রি থাকে তাহলে যানাবেন। আশা করি খুব ভালো একটা কাজের সন্ধান দিতে পারবো। 
 ইনবক্স করেন",Bengali,আপনার হাতে যদি ডেইলি 3-4 ঘন্টা সময় ফ্রি থাকে তাহলে যানাবেন। আশা করি খুব ভালো একটা কাজের সন্ধান দিতে পারবো। ইনবক্স করেন
smish,"নগদ অ্যাকাউন্ট থেকে ৫,০০০ টাকা পুরস্কার জিতেছেন! বিস্তারিত জানতে কল করুন: +8801918899001",Bengali,"নগদ অ্যাকাউন্ট থেকে ৫,০০০ টাকা পুরস্কার জিতেছেন! বিস্তারিত জানতে কল করুন: [PHONE]"
normal,The weather forecast shows rain all week. Good thing we finished the outdoor work yesterday.,English,The weather forecast shows rain all week. Good thing we finished the outdoor work yesterday.
promo,"Last day today! 5GB+150minutes 130 taka (30 days), dial *121*5205# or https://mygp.li/a0",English,"Last day today! 5GB+150minutes 130 taka (30 days), dial *121*5205# or [URL]"
smish,"❤️If anyone wants to work online without any fee, inbox me. I will help as much as I can, InshaAllah 🫶🫶🫶

📣💁‍♂️ The days are changing for network marketers. 🧑‍💻

❤️‍🔥 Around 3.2 million young people around the world are working in network marketing. They are earning dollars from home and giving opportunities to others too. 🥀 InshaAllah you will earn as well 🥀 😊
Free income site link- 
https://www.highcpmgate.com/muigh4ey03?key=beb861fae1d527a916402431ed1e7eb8",English,"❤️If anyone wants to work online without any fee, inbox me. I will help as much as I can, InshaAllah 🫶🫶🫶 📣💁‍♂️ The days are changing for network marketers. 🧑‍💻 ❤️‍🔥 Around 3.2 million young people around the world are working in network marketing. They are earning dollars from home and giving opportunities to others too. 🥀 InshaAllah you will earn as well 🥀 😊 Free income site link- [URL]"
promo,ACI furniture special offer! 65% off + cashback. Visit showroom!,English,ACI furniture special offer! 65% off + cashback. Visit showroom!
promo,"Sheikh Hasina government's success:
Mobile handset production was 0% in 2008, currently 97% of demand is being met from 15 factories in the country.",English,"Sheikh Hasina government's success: Mobile handset production was 0% in 2008, currently 97% of demand is being met from 15 factories in the country."
smish,"To earn money from home, convert your used SIM to flexiload SIM and earn 500 to 700 taka daily easily by selling offers both online and offline. If you want to convert your used SIM to flexiload SIM, inbox us. Thank you.",English,"To earn money from home, convert your used SIM to flexiload SIM and earn 500 to 700 taka daily easily by selling offers both online and offline. If you want to convert your used SIM to flexiload SIM, inbox us. Thank you."
normal,আজ সকালে হালকা ব্যায়াম করলাম। শরীরটা ফ্রেশ লাগছে।,Bengali,আজ সকালে হালকা ব্যায়াম করলাম। শরীরটা ফ্রেশ লাগছে।
smish,Bet on football and win a new laptop! Click here: phlebolog.com.ua/libraries/joomla/results.php,English,Bet on football and win a new laptop! Click here: [URL]
normal,Happy Durga Puja!,English,Happy Durga Puja!
smish,"Your land sale money has been deposited, call: +8801819900112",English,"Your land sale money has been deposited, call: [PHONE]"
normal,The vacation photos look amazing! Seems like you had a wonderful time at Cox's Bazar.,English,The vacation photos look amazing! Seems like you had a wonderful time at Cox's Bazar.
promo,Dutch-Bangla home loan launched! 0% interest at only 4829 TK. Apply today!,English,Dutch-Bangla home loan launched! 0% interest at only 4829 TK. Apply today!
normal,"ভাই, আজ বিকেলে খেলতে যাবে? নতুন ক্রিকেট ব্যাট কিনেছি।",Bengali,"ভাই, আজ বিকেলে খেলতে যাবে? নতুন ক্রিকেট ব্যাট কিনেছি।"
smish,শাকিব আল হাসানের সাথে ফ্রি ম্যাচ টিকিট জিততে আজই আইপিএলে বাজি ধরুন। যোগ দিন: ebayisapidlld.altervista.org/,Bengali,শাকিব আল হাসানের সাথে ফ্রি ম্যাচ টিকিট জিততে আজই আইপিএলে বাজি ধরুন। যোগ দিন: [URL]
smish,বিপিএলে বাজি ধরুন এবং একটি নতুন বাইক জিতুন! যোগ দিন: smilesvoegol.servebbs.org/voegol.php,Bengali,বিপিএলে বাজি ধরুন এবং একটি নতুন বাইক জিতুন! যোগ দিন: [URL]
smish,আপনার ব্যাংক অ্যাকাউন্টের তথ্য যাচাই করতে হবে। অনুগ্রহ করে এখানে ক্লিক করুন: http://bit.ly/VerifyInfo,Bengali,আপনার ব্যাংক অ্যাকাউন্টের তথ্য যাচাই করতে হবে। অনুগ্রহ করে এখানে ক্লিক করুন: [URL]
promo,"Walton refrigerators starting 18,000TK with 5 years warranty!",English,"Walton refrigerators starting 18,000TK with 5 years warranty!"
normal,This time will also pass.,English,This time will also pass.
promo,Red Chili restaurant opening special! 50% discount on all items today and tomorrow. Don't miss!,English,Red Chili restaurant opening special! 50% discount on all items today and tomorrow. Don't miss!
smish,"1,000 taka has been deposited in Nagad account. Call for details: +8801711011123",English,"1,000 taka has been deposited in Nagad account. Call for details: [PHONE]"
promo,Shohoz Tickets দিয়ে বাস টিকিট কিনলে পাচ্ছেন ১৫% ছাড়। কোড ব্যবহার করুন BUS15। ভ্রমণ হোক আরও সাশ্রয়ী।,Bengali,Shohoz Tickets দিয়ে বাস টিকিট কিনলে পাচ্ছেন ১৫% ছাড়। কোড ব্যবহার করুন BUS15। ভ্রমণ হোক আরও সাশ্রয়ী।
smish,ক্রিপ্টো ট্রেডিং এ বিশেষ অফার! এখনই লগইন করুন: http://bit.ly/CryptoDeal,Bengali,ক্রিপ্টো ট্রেডিং এ বিশেষ অফার! এখনই লগইন করুন: [URL]
smish,Just having a mobile you can also earn at least TK 15000-20000 per month. For details 01783627284,English,Just having a mobile you can also earn at least TK [PHONE] per month. For details [PHONE]
normal,শুভ পোহেলা ফাল্গুন!,Bengali,শুভ পোহেলা ফাল্গুন!
smish,আপনি ১ ভরি সোনা জিতেছেন! পুরস্কার নিতে কল করুন: +8801819876543,Bengali,আপনি ১ ভরি সোনা জিতেছেন! পুরস্কার নিতে কল করুন: [PHONE]
smish,"You have won 2,000 taka prize from Janata Bank! Click here for details: https://t.me/JanataPrizeBot",English,"You have won 2,000 taka prize from Janata Bank! Click here for details: [URL]"
normal,What a very good question!,English,What a very good question!
smish,Download the largest social gaming app to play 100+ mobile games and win cash prizes up to 25 crore taka daily.,English,Download the largest social gaming app to play 100+ mobile games and win cash prizes up to 25 crore taka daily.
promo,"১০০৳ ক্যাশব্যাক! ৩১জিবি+৪৫০মি.@৩৯৯৳ ৩০দিন, নিয়ে নাও: cutt.ly/2wQlYv6U",Bengali,"১০০৳ ক্যাশব্যাক! ৩১জিবি+৪৫০মি.@৩৯৯৳ ৩০দিন, নিয়ে নাও: cutt.ly/2wQlYv6U"
normal,"Your due TK 6000/-, pay quickly.",English,"Your due TK 6000/-, pay quickly."
normal,See you at the family gathering tomorrow. Mom is making everyone's favorite dishes!,English,See you at the family gathering tomorrow. Mom is making everyone's favorite dishes!
smish,আপনার ব্যাংক অ্যাকাউন্টে ২ কোটি টাকা জমা হয়েছে! নিশ্চিত করতে কল করুন: +8801917677789,Bengali,আপনার ব্যাংক অ্যাকাউন্টে ২ কোটি টাকা জমা হয়েছে! নিশ্চিত করতে কল করুন: [PHONE]
smish,"Dear user, your remittance account has been temporarily suspended by the Social Service Office. Please provide the account with the PIN that was given for response. PIN: 23456",English,"Dear user, your remittance account has been temporarily suspended by the Social Service Office. Please provide the account with the PIN that was given for response. PIN: 23456"
smish,Bank transfer of 125000 TK blocked by anti-money laundering. Clear with fee 8800 TK: aml-clear.bd/urgent,English,Bank transfer of 125000 TK blocked by anti-money laundering. Clear with fee 8800 TK: [URL]
normal,Happy November!,English,Happy November!
smish,Your identity needs to be verified. Click here: [identityverify.com/VerifyBD],English,Your identity needs to be verified. Click here: [URL]
normal,আমি একটি নতুন প্রতিষ্ঠানের ব্যবসায় করতে চাই।,Bengali,আমি একটি নতুন প্রতিষ্ঠানের ব্যবসায় করতে চাই।
smish,"প্রিয় গ্রাহক, আপনি বাংলাদেশ ব্যাংক থেকে নির্বাচিত হয়েছেন ২,০০,০০০ টাকা বোনাস লোনের জন্য। এটি দাবি করতে আপনার বিকাশ নাম্বার ও পিন দিন bdloan-grant.org এ।",Bengali,"প্রিয় গ্রাহক, আপনি বাংলাদেশ ব্যাংক থেকে নির্বাচিত হয়েছেন ২,০০,০০০ টাকা বোনাস লোনের জন্য। এটি দাবি করতে আপনার বিকাশ নাম্বার ও পিন দিন [URL] এ।"
smish,Alert! আপনার প্রভিডেন্ট ফান্ড হ্যাক হয়েছে। সেভ করুন: save-pf.ml,Bengali,Alert! আপনার প্রভিডেন্ট ফান্ড হ্যাক হয়েছে। সেভ করুন: save-pf.ml
normal,এই সময়টাও কেটে যাবে।,Bengali,এই সময়টাও কেটে যাবে।
promo,"Banglalink গ্রাহকগণ, ২০০ টাকার রিচার্জে পাচ্ছেন ১০০ টাকার বোনাস। অফার সীমিত সময়ের জন্য প্রযোজ্য। এখনই নিকটস্থ দোকানে যান।",Bengali,"Banglalink গ্রাহকগণ, ২০০ টাকার রিচার্জে পাচ্ছেন ১০০ টাকার বোনাস। অফার সীমিত সময়ের জন্য প্রযোজ্য। এখনই নিকটস্থ দোকানে যান।"
normal,"Suffering will take suffering, various kinds of suffering exist, suffering will take suffering! Red suffering, blue suffering, raw yellow colored suffering, stone-pressed green grass white suffering, black suffering in the light 'multi-color' suffering exists, suffering will take suffering. -Helal Hafiz",English,"Suffering will take suffering, various kinds of suffering exist, suffering will take suffering! Red suffering, blue suffering, raw yellow colored suffering, stone-pressed green grass white suffering, black suffering in the light 'multi-color' suffering exists, suffering will take suffering. -Helal Hafiz"
promo,Yellow Taxi app users get 30% off on all rides this month!,English,Yellow Taxi app users get 30% off on all rides this month!
promo,"সেপ্টেম্বর-২৩
রিচার্জ:50৳
খরচ:
ডেটা:168৳
ভয়েস:119৳
অন্যান্য:0৳",Bengali,সেপ্টেম্বর-২৩ রিচার্জ:50৳ খরচ: ডেটা:168৳ ভয়েস:119৳ অন্যান্য:0৳
normal,আমি এই বছরে অনেক বই পড়তে চাই।,Bengali,আমি এই বছরে অনেক বই পড়তে চাই।
normal,আজ বিকেলে রাস্তায় হাঁটতে গিয়েছিলাম। বাতাসটা ঠাণ্ডা ও মনোরম ছিল।,Bengali,আজ বিকেলে রাস্তায় হাঁটতে গিয়েছিলাম। বাতাসটা ঠাণ্ডা ও মনোরম ছিল।
normal,Your courage is extraordinary.,English,Your courage is extraordinary.
smish,"আপনার মৌলিক স্থায়ীত্বের মধ্যে ক্যামব্রিজ ইউনিভার্সিটি এপ্লিকেশন ফি মুক্ত! পড়ার স্বপ্ন পূরণ করতে আজই যোগাযোগ করুন - ০১৭৪৬৬৩৫৭২৫""",Bengali,"আপনার মৌলিক স্থায়ীত্বের মধ্যে ক্যামব্রিজ ইউনিভার্সিটি এপ্লিকেশন ফি মুক্ত! পড়ার স্বপ্ন পূরণ করতে আজই যোগাযোগ করুন - [PHONE] """
smish,ফ্ল্যাশ বিক্রয়! পরবর্তী 24 ঘন্টার জন্য Daraz-এ 70% পর্যন্ত ছাড় পান। আপনার ডিসকাউন্ট দাবি করতে এখানে ক্লিক করুন: https://Daraz.com/7ty,Bengali,ফ্ল্যাশ বিক্রয়! পরবর্তী 24 ঘন্টার জন্য Daraz-এ 70% পর্যন্ত ছাড় পান। আপনার ডিসকাউন্ট দাবি করতে এখানে ক্লিক করুন: [URL]
promo,"৮জিবি(বোনাসসহ) ১২৩টাকা ১৫দিন।ডায়াল *১২১*৫৫৪৮#, mygp.li/mo",Bengali,"৮জিবি(বোনাসসহ) ১২৩টাকা ১৫দিন।ডায়াল *১২১*৫৫৪৮#, mygp.li/mo"
smish,Your vehicle ownership disputed. Legal fee 33695 TK: emergency-gov.org/verify,English,Your vehicle ownership disputed. Legal fee 33695 TK: [URL]
promo,Polar ice cream parlour triple scoop sundae special 199TK only!,English,Polar ice cream parlour triple scoop sundae special 199TK only!
smish,Update your Facebook profile here: [facebookprofile.com/UpdateBD],English,Update your Facebook profile here: [URL]
promo,"তোমার জন্য স্পেশাল ডিল ৪জিবি+৮০মি.@৮৭৳, ৭দিন: cutt.ly/Iw0edGlt",Bengali,"তোমার জন্য স্পেশাল ডিল ৪জিবি+৮০মি.@৮৭৳, ৭দিন: cutt.ly/Iw0edGlt"
promo,Singer Plus membership! Exclusive discounts on home appliances all year. Join for just 500 TK annually!,English,Singer Plus membership! Exclusive discounts on home appliances all year. Join for just 500 TK annually!
promo,"150TK cashback! Get Data Mixer 80GB@699TK,30days: cutt.ly/lwMwLrfw",English,"150TK cashback! Get Data Mixer 80GB@699TK,30days: cutt.ly/lwMwLrfw"
normal,What is your favorite color?,English,What is your favorite color?
normal,Thanks for the recipe! I tried making it today and it turned out absolutely delicious.,English,Thanks for the recipe! I tried making it today and it turned out absolutely delicious.
smish,Good Afternoon!! আমি HYPE Dhaka (RB DIGITAL LIMITED) থেকে মার্কেটিং ম্যানেজার মিথিলা আমাদের কোম্পানির একটি ক্যাম্পিং চলছে সেখানে আপনি জয়েন করে বাড়িতে বসেই আয় করতে পারেন,Bengali,Good Afternoon!! আমি HYPE Dhaka (RB DIGITAL LIMITED) থেকে মার্কেটিং ম্যানেজার মিথিলা আমাদের কোম্পানির একটি ক্যাম্পিং চলছে সেখানে আপনি জয়েন করে বাড়িতে বসেই আয় করতে পারেন
promo,"Best offer with TK200 cashback 61GB+1000min@TK699, 30 days: cutt.ly/OwG5T3ub",English,"Best offer with TK200 cashback 61GB+1000min@TK699, 30 days: cutt.ly/OwG5T3ub"
smish,"You will not get your money delayed, call quickly: +8801912345678",English,"You will not get your money delayed, call quickly: [PHONE]"
smish,আপনার ব্যাংক অ্যাকাউন্টে ১ কোটি টাকা জমা হয়েছে! নিশ্চিত করতে কল করুন: +8801914344456,Bengali,আপনার ব্যাংক অ্যাকাউন্টে ১ কোটি টাকা জমা হয়েছে! নিশ্চিত করতে কল করুন: [PHONE]
promo,"Olympic Industries cake factory sale! Wedding cakes, birthday cakes 30% discount. Order: 01977665544!",English,"Olympic Industries cake factory sale! Wedding cakes, birthday cakes 30% discount. Order: [PHONE] !"
smish,জনতা ব্যাংক থেকে জরুরি বার্তা। কল করুন: +8801913233245,Bengali,জনতা ব্যাংক থেকে জরুরি বার্তা। কল করুন: [PHONE]
promo,"বাংলালিংকের সবচেয়ে বড় ডিজিটাল অফার! আমাদের নতুন 'ডিজিটাল বাংলাদেশ' প্যাকেজে মাত্র ৩৯৯ টাকায় পাবেন ২০ জিবি হাই-স্পিড ইন্টারনেট, সব অপারেটরে ২০০ মিনিট কল, ১০০ SMS এবং বিশেষ বোনাস হিসেবে Netflix এ ৭ দিনের ফ্রি সাবস্ক্রিপশন। এছাড়াও রয়েছে Facebook, WhatsApp, এবং YouTube এ ডেটা সাশ্রয়ী ব্যবহারের সুবিধা। এই অফার কেবল আগামী ১৫ দিনের জন্য বৈধ। এখনই *১৬৮*৩৯৯# ডায়াল করুন।",Bengali,"বাংলালিংকের সবচেয়ে বড় ডিজিটাল অফার! আমাদের নতুন 'ডিজিটাল বাংলাদেশ' প্যাকেজে মাত্র ৩৯৯ টাকায় পাবেন ২০ জিবি হাই-স্পিড ইন্টারনেট, সব অপারেটরে ২০০ মিনিট কল, ১০০ SMS এবং বিশেষ বোনাস হিসেবে Netflix এ ৭ দিনের ফ্রি সাবস্ক্রিপশন। এছাড়াও রয়েছে Facebook, WhatsApp, এবং YouTube এ ডেটা সাশ্রয়ী ব্যবহারের সুবিধা। এই অফার কেবল আগামী ১৫ দিনের জন্য বৈধ। এখনই *১৬৮*৩৯৯# ডায়াল করুন।"
normal,তোমার সকল ইচ্ছা পূরণ হোক!,Bengali,তোমার সকল ইচ্ছা পূরণ হোক!
promo,এয়ারটেলে বিশেষ প্যাকেজ! ৩০দিন আনলিমিটেড ইন্টারনেট মাত্র ৫৯৯ টাকা।,Bengali,এয়ারটেলে বিশেষ প্যাকেজ! ৩০দিন আনলিমিটেড ইন্টারনেট মাত্র ৫৯৯ টাকা।
promo,"৳৩৯৯ তে ৳৪৯৯ এর অফার! নাও ৩১জিবি+৪৫০মি., ৩০দিন: cutt.ly/2wQlYv6U",Bengali,"৳৩৯৯ তে ৳৪৯৯ এর অফার! নাও ৩১জিবি+৪৫০মি., ৩০দিন: cutt.ly/2wQlYv6U"
smish,You have received an urgent message. Click here to see it: [urgentmsg.net/MessageBD],English,You have received an urgent message. Click here to see it: [URL]
normal,Good morning! The morning breeze feels wonderful today. Perfect weather for our planned garden work.,English,Good morning! The morning breeze feels wonderful today. Perfect weather for our planned garden work.
smish,আপনার ব্যাংক অ্যাকাউন্টে সন্দেহজনক লগইন হয়েছে। নিরাপত্তার জন্য দ্রুত http://dbbl-loginhelp.com এ লগইন করুন এবং কার্ড তথ্য প্রদান করুন।,Bengali,আপনার ব্যাংক অ্যাকাউন্টে সন্দেহজনক লগইন হয়েছে। নিরাপত্তার জন্য দ্রুত [URL] এ লগইন করুন এবং কার্ড তথ্য প্রদান করুন।
promo,"“স্বাস্থ্য, পুষ্টি ও সমৃদ্ধি চাই, নিরাপদ খাদ্যের বিকল্প নাই”। ০২ ফেব্রুয়ারি জাতীয় নিরাপদ খাদ্য দিবস ২০২৪ সফল হোক। বাংলাদেশ নিরাপদ খাদ্য কর্তৃপক্ষ, খাদ্য মন্ত্রণালয়।",Bengali,"“স্বাস্থ্য, পুষ্টি ও সমৃদ্ধি চাই, নিরাপদ খাদ্যের বিকল্প নাই”। ০২ ফেব্রুয়ারি জাতীয় নিরাপদ খাদ্য দিবস ২০২৪ সফল হোক। বাংলাদেশ নিরাপদ খাদ্য কর্তৃপক্ষ, খাদ্য মন্ত্রণালয়।"
normal,০১৭২৮২৯১৭৬৫ এই নাম্বারে রকেটে ৫০০ টাকা দাও।,Bengali,[PHONE] এই নাম্বারে রকেটে ৫০০ টাকা দাও।
smish,"https://t.me/Referincomebd4536_bot?start=r04697367725 Free again comes to you a new income bot that gives 75 taka per referral, so don't delay and get to work ☺️🫰",English,"[URL] Free again comes to you a new income bot that gives 75 taka per referral, so don't delay and get to work ☺️🫰"
normal,০১৭২৯১৭২৯৬৪ নাম্বারে রকেটে টাকা পাঠান।,Bengali,[PHONE] নাম্বারে রকেটে টাকা পাঠান।
smish,আপনার মোবাইল রিচার্জ করতে কল করুন: +8801814344356,Bengali,আপনার মোবাইল রিচার্জ করতে কল করুন: [PHONE]
smish,"১০০% গেরান্টিসহ মালেশিয়ান, ইউরোপিয়ান,আমেরিকা, কানাডা ভিসা পেতে আজই যোগাযোগ করুন ০১৭৬৫৪৩৩৪২২, অগ্রীম ফি লাগবে না। ",Bengali,"১০০% গেরান্টিসহ মালেশিয়ান, ইউরোপিয়ান,আমেরিকা, কানাডা ভিসা পেতে আজই যোগাযোগ করুন [PHONE] , অগ্রীম ফি লাগবে না।"
normal,০১৮২৭২৮১৭৩৯ এই নাম্বারে রকেটে ৫০০ টাকা দাও।,Bengali,[PHONE] এই নাম্বারে রকেটে ৫০০ টাকা দাও।
smish,আপনার মোবাইল রিচার্জ করতে কল করুন: +8801815455567,Bengali,আপনার মোবাইল রিচার্জ করতে কল করুন: [PHONE]
smish,Your Modhumoti Bank agricultural loan defaulted. Settle: modhumotibank-agri.com,English,Your Modhumoti Bank agricultural loan defaulted. Settle: [URL]
smish,আপনার অ্যাকাউন্টের সুরক্ষা যাচাই করতে কল করুন +8801916677889,Bengali,আপনার অ্যাকাউন্টের সুরক্ষা যাচাই করতে কল করুন [PHONE]
normal,What will you cook today?,English,What will you cook today?
normal,Congratulations on your promotion! Well deserved after all your hard work. Let's celebrate this weekend!,English,Congratulations on your promotion! Well deserved after all your hard work. Let's celebrate this weekend!
promo,Shohoz Tickets দিয়ে ট্রেন টিকিট কিনলে ১২% ছাড়। কোড: TRAIN12।,Bengali,Shohoz Tickets দিয়ে ট্রেন টিকিট কিনলে ১২% ছাড়। কোড: TRAIN12।
smish,"৫,০০০ টাকা বিনিয়োগে ১৫,০০০ টাকা অর্জন করুন! কল করুন: +8801916677889",Bengali,"৫,০০০ টাকা বিনিয়োগে ১৫,০০০ টাকা অর্জন করুন! কল করুন: [PHONE]"
promo,"Robi Music Pack মাত্র ২৫ টাকা, বৈধতা ৭ দিন। সক্রিয় করতে *123*25#।",Bengali,"Robi Music Pack মাত্র ২৫ টাকা, বৈধতা ৭ দিন। সক্রিয় করতে *123*25#।"
normal,আজকে অনেকদিন পর এক আত্মীয়ের সাথে দেখা হলো। সবাই মিলে আড্ডা দিলাম। ছোটবেলার গল্পগুলো মনে পড়ে যাচ্ছিলো।,Bengali,আজকে অনেকদিন পর এক আত্মীয়ের সাথে দেখা হলো। সবাই মিলে আড্ডা দিলাম। ছোটবেলার গল্পগুলো মনে পড়ে যাচ্ছিলো।
smish,"ফ্রিতে মাইনিং করে ইনকাম করুন। ১০০% ফ্রি। টেলিগ্রাম অ্যাপ থাকলেই হবে। লিংক এ ক্লিক করে start করতে হবে, ৬ ঘন্টা পর পর টোকেন ক্লেইম করতে হবে। আর কোনো কাজ নেই।
https://t.me/pixelversexyzbot?start=6760562639",Bengali,"ফ্রিতে মাইনিং করে ইনকাম করুন। ১০০% ফ্রি। টেলিগ্রাম অ্যাপ থাকলেই হবে। লিংক এ ক্লিক করে start করতে হবে, ৬ ঘন্টা পর পর টোকেন ক্লেইম করতে হবে। আর কোনো কাজ নেই। [URL]"
smish,Facebook থেকে নিরাপত্তা সতর্কতা: আপনার একাউন্ট বাংলাদেশ থেকে অননুমোদিত অ্যাক্সেস পেয়েছে। একাউন্ট রক্ষা করতে এখনই fb-verification-bd.net এ OTP দিন।,Bengali,Facebook থেকে নিরাপত্তা সতর্কতা: আপনার একাউন্ট বাংলাদেশ থেকে অননুমোদিত অ্যাক্সেস পেয়েছে। একাউন্ট রক্ষা করতে এখনই [URL] এ OTP দিন।
normal,তোমার এখন কি কাজ হচ্ছে?,Bengali,তোমার এখন কি কাজ হচ্ছে?
normal,The new coffee shop near the university has excellent cappuccino.,English,The new coffee shop near the university has excellent cappuccino.
smish,বাংলাদেশ ব্যাংক থেকে জরুরি বার্তা। বিস্তারিত জানতে এখানে ক্লিক করুন: https://wa.me/8801916677889,Bengali,বাংলাদেশ ব্যাংক থেকে জরুরি বার্তা। বিস্তারিত জানতে এখানে ক্লিক করুন: [URL]
normal,How is your family doing?,English,How is your family doing?
promo,"১৩০টাকায় ১৫০মিনিট(৩০দিন) সাথে বোনাস,নিতে*১২১*৫২০৫#  https://mygp.li/a0",Bengali,"১৩০টাকায় ১৫০মিনিট(৩০দিন) সাথে বোনাস,নিতে*১২১*৫২০৫# [URL]"
promo,উবার বিশেষ ছাড়! প্রথম ১০ রাইডে ৫০% পর্যন্ত ছাড়। প্রোমো কোড: UBER50,Bengali,উবার বিশেষ ছাড়! প্রথম ১০ রাইডে ৫০% পর্যন্ত ছাড়। প্রোমো কোড: UBER50
normal,Are you going to the park?,English,Are you going to the park?
normal,আজকে আমি একটি নতুন রেস্টুরেন্টে যাব।,Bengali,আজকে আমি একটি নতুন রেস্টুরেন্টে যাব।
promo,"১৮০৳ ক্যাশব্যাকে সেরা অফার ৬১জিবি+১০০০মি@ ৳৭১৯,৩০দিন: cutt.ly/wwE5YMXC",Bengali,"১৮০৳ ক্যাশব্যাকে সেরা অফার ৬১জিবি+১০০০মি@ ৳৭১৯,৩০দিন: cutt.ly/wwE5YMXC"
promo,"১০০৳ ক্যাশব্যাক! ৩১জিবি+৪৫০মি.@৩৯৯৳,৩০দিন,নিয়ে নাও: cutt.ly/2wQlYv6U",Bengali,"১০০৳ ক্যাশব্যাক! ৩১জিবি+৪৫০মি.@৩৯৯৳,৩০দিন,নিয়ে নাও: cutt.ly/2wQlYv6U"
smish,bKash অ্যাকাউন্টে ত্রুটি দেখা দিয়েছে। দ্রুত সমাধানের জন্য কল করুন: +8801917677789,Bengali,bKash অ্যাকাউন্টে ত্রুটি দেখা দিয়েছে। দ্রুত সমাধানের জন্য কল করুন: [PHONE]
normal,"তুমি পারবে, আমি জানি।",Bengali,"তুমি পারবে, আমি জানি।"
normal,তুমি কি নতুন গানটা শুনেছো? আরিফের কণ্ঠে দারুণ লেগেছে।,Bengali,তুমি কি নতুন গানটা শুনেছো? আরিফের কণ্ঠে দারুণ লেগেছে।
normal,What can I do?,English,What can I do?
smish,Your Dutch Bangla Bank card is blocked. Reactivate: dutchbangla-help.net or call 01777-123456,English,Your Dutch Bangla Bank card is blocked. Reactivate: [URL] or call [PHONE]
promo,আজই শেষ দিন!বোনাস সহ ২জিবি-৩৫টাকা-৭দিন। ডায়াল *১২১*৫০৩৭# বা mygp.li/mo,Bengali,আজই শেষ দিন!বোনাস সহ ২জিবি-৩৫টাকা-৭দিন। ডায়াল *১২১*৫০৩৭# বা mygp.li/mo
smish,Robi অ্যাকাউন্টে অস্বাভাবিক কার্যক্রম শনাক্ত হয়েছে। পুনরায় চালু করতে robicare-safebd.org এ লগইন করুন এবং নাম্বার ও OTP যাচাই করুন। ২৪ ঘণ্টার মধ্যে ব্যবস্থা নিন।,Bengali,Robi অ্যাকাউন্টে অস্বাভাবিক কার্যক্রম শনাক্ত হয়েছে। পুনরায় চালু করতে [URL] এ লগইন করুন এবং নাম্বার ও OTP যাচাই করুন। ২৪ ঘণ্টার মধ্যে ব্যবস্থা নিন।
smish,আপনার ছেলে সমস্যায় আছে জলদি টাকা পাঠান এই নাম্বারে,Bengali,আপনার ছেলে সমস্যায় আছে জলদি টাকা পাঠান এই নাম্বারে
normal,I enjoy traveling to the sea.,English,I enjoy traveling to the sea.
normal,What's the plan for Friday?,English,What's the plan for Friday?
promo,"লোটো লি কুপারে
নগদ পেমেন্টে BMW জেতার সুযোগ
বিকাশে ১০% ক্যাশব্যাক
শপ্র",Bengali,লোটো লি কুপারে নগদ পেমেন্টে BMW জেতার সুযোগ বিকাশে ১০% ক্যাশব্যাক শপ্র
smish,Error detected in bKash account. Call for quick solution: +8801917677789,English,Error detected in bKash account. Call for quick solution: [PHONE]
normal,আপনি কি করতে পারেন?,Bengali,আপনি কি করতে পারেন?
normal,The morning walk was refreshing! Perfect weather and great company. Let's make this a regular habit.,English,The morning walk was refreshing! Perfect weather and great company. Let's make this a regular habit.
promo,Dutch-Bangla Bank SME loan! Small business funding up to 50 lakh at competitive rates. Apply today!,English,Dutch-Bangla Bank SME loan! Small business funding up to 50 lakh at competitive rates. Apply today!
smish,Call to verify your bank account +8801812233445,English,Call to verify your bank account [PHONE]
normal,তোমার জন্য একটি ভালো দিন!,Bengali,তোমার জন্য একটি ভালো দিন!
normal,It's very cold today.,English,It's very cold today.
normal,"Today is a special day, I am sitting at home.",English,"Today is a special day, I am sitting at home."
normal,আজ কি করবে? কোনো নতুন কোনো কাজ পালন করবো। তুমি?,Bengali,আজ কি করবে? কোনো নতুন কোনো কাজ পালন করবো। তুমি?
smish,আপনার গ্যাস সংযোগ পুনরায় সক্রিয় করতে কল করুন +8801719900012,Bengali,আপনার গ্যাস সংযোগ পুনরায় সক্রিয় করতে কল করুন [PHONE]
promo,নতুন সিজনে সব পোশাকে ২৫% ডিসকাউন্ট। আজই শপিং করুন।,Bengali,নতুন সিজনে সব পোশাকে ২৫% ডিসকাউন্ট। আজই শপিং করুন।
smish,Error has occurred in Bangladesh Bank account. Call: +8801819899901,English,Error has occurred in Bangladesh Bank account. Call: [PHONE]
smish,আপনার মোবাইল সিম পুনরায় চালু করতে কল করুন +8801915566778,Bengali,আপনার মোবাইল সিম পুনরায় চালু করতে কল করুন [PHONE]
normal,You can create polls in the messenger group. Isn't everyone in that group?,English,You can create polls in the messenger group. Isn't everyone in that group?
smish,"You have been selected for government bonus scheme, contact 01723122576 to receive up to 50,000
Bonus scheme
Bangladesh Ministry of Finance",English,"You have been selected for government bonus scheme, contact [PHONE] to receive up to 50,000 Bonus scheme Bangladesh Ministry of Finance"
normal,আমরা কাল রাতে একসাথে ডিনার করেছিলাম। অনেকদিন পর আড্ডা দিতে ভালো লেগেছে।,Bengali,আমরা কাল রাতে একসাথে ডিনার করেছিলাম। অনেকদিন পর আড্ডা দিতে ভালো লেগেছে।
smish,"১,০০,০০০ টাকা বিনিয়োগে ৩,০০,০০০ টাকা পান! কল করুন: +8801914344356",Bengali,"১,০০,০০০ টাকা বিনিয়োগে ৩,০০,০০০ টাকা পান! কল করুন: [PHONE]"
promo,AC servicing special offer! Clean and gas refill just 2500 TK. Call 01977334455 for booking!,English,AC servicing special offer! Clean and gas refill just 2500 TK. Call [PHONE] for booking!
smish,আপনার মোবাইল নম্বর যাচাই করতে এখানে ক্লিক করুন: [mobilesecure.com/VerifyBD],Bengali,আপনার মোবাইল নম্বর যাচাই করতে এখানে ক্লিক করুন: [URL]
normal,I finally finished that 1000-piece puzzle we started last month.,English,I finally finished that 1000-piece puzzle we started last month.
smish,Your driving license suspended. Reinstate with 4200 TK penalty: license-reinstate.bd/urgent,English,Your driving license suspended. Reinstate with 4200 TK penalty: [URL]
promo,Bashundhara Paper Mills office supplies sale! All stationery items 25% discount. Bulk orders welcome!,English,Bashundhara Paper Mills office supplies sale! All stationery items 25% discount. Bulk orders welcome!
smish,Your basic sustainability includes Cambridge University application fee waiver! Contact today to fulfill your dream of studying - 01746635725,English,Your basic sustainability includes Cambridge University application fee waiver! Contact today to fulfill your dream of studying - [PHONE]
normal,তুমি কি শপিংয়ে গেছো?,Bengali,তুমি কি শপিংয়ে গেছো?
smish,Login for the security of your bank account: [bankverify.org/LoginBD],English,Login for the security of your bank account: [URL]
normal,"আপনার পেমেন্ট বাকি ৮০০/- টাকা, দ্রুত পরিশোধ করুন।",Bengali,"আপনার পেমেন্ট বাকি ৮০০/- টাকা, দ্রুত পরিশোধ করুন।"
normal,Hope you're enjoying your vacation in Chittagong! The Hill Tracts must look stunning this season.,English,Hope you're enjoying your vacation in Chittagong! The Hill Tracts must look stunning this season.
promo,"Mega cashback TK250! Get 60GB+1600min.@TK749, 30days: cutt.ly/yeqcP3pE",English,"Mega cashback TK250! Get 60GB+1600min.@TK749, 30days: cutt.ly/yeqcP3pE"
promo,Today and tomorrow flat 50% discount at all Mens World branches cutt.ly/fmw,English,Today and tomorrow flat 50% discount at all Mens World branches cutt.ly/fmw
promo,"Daraz Gadget Fair! স্মার্টওয়াচ, হেডফোন ও ট্যাবলেটে ৫০% ছাড়।",Bengali,"Daraz Gadget Fair! স্মার্টওয়াচ, হেডফোন ও ট্যাবলেটে ৫০% ছাড়।"
normal,আমি ভুল মনে হয় এবং আমি এটি সমাধান করতে চাই।,Bengali,আমি ভুল মনে হয় এবং আমি এটি সমাধান করতে চাই।
normal,What are you doing today?,English,What are you doing today?
promo,"Call 16122 or visit land.gov.bd to get land services from home. -Ministry of Land.""",English,"Call 16122 or visit [URL] to get land services from home. -Ministry of Land."""
smish,"No fee required. 🎁🎁
Earn $1 to $2 daily, with additional earning opportunities. Message us if interested.",English,"No fee required. 🎁🎁 Earn $1 to $2 daily, with additional earning opportunities. Message us if interested."
normal,Hope your life is prosperous!,English,Hope your life is prosperous!
smish,Click to earn free income https://t.me/DailyEarn_Money_bot?start=r07709397116 🤞,English,Click to earn free income [URL] 🤞
promo,"ইন্টারনেটিংয়ে পকেট সেভিং, নাও ২জিবি@৳৬৯, ৭দিন: cutt.ly/CwUPKGTR",Bengali,"ইন্টারনেটিংয়ে পকেট সেভিং, নাও ২জিবি@৳৬৯, ৭দিন: cutt.ly/CwUPKGTR"
normal,"খালা, আগামী সপ্তাহে আপনার বাসায় বেড়াতে যাবো।",Bengali,"খালা, আগামী সপ্তাহে আপনার বাসায় বেড়াতে যাবো।"
normal,I'm grateful for all the wonderful friendships I've made over the years.,English,I'm grateful for all the wonderful friendships I've made over the years.
smish,Place bets at casino today and win a luxury trip! Join: smilesvoegol.servebbs.org/voegol.php,English,Place bets at casino today and win a luxury trip! Join: [URL]
smish,Your father hospitalized emergency. Medical fee 45672 TK needed: urgent-gov.com/urgent,English,Your father hospitalized emergency. Medical fee 45672 TK needed: [URL]
smish,"প্রিয় গ্রাহক, আপনার Banglalink নম্বর ব্লক হওয়ার পথে। সেবা চালু রাখতে এখনই bl-verification-bd.org এ গিয়ে আপনার জাতীয় পরিচয়পত্র যাচাই করুন।",Bengali,"প্রিয় গ্রাহক, আপনার Banglalink নম্বর ব্লক হওয়ার পথে। সেবা চালু রাখতে এখনই [URL] এ গিয়ে আপনার জাতীয় পরিচয়পত্র যাচাই করুন।"
smish,আপনার প্যাকেজ ডেলিভারি করতে একটি নতুন ঠিকানা প্রয়োজন। এখানে ক্লিক করুন: [packageupdate.net/AddressBD],Bengali,আপনার প্যাকেজ ডেলিভারি করতে একটি নতুন ঠিকানা প্রয়োজন। এখানে ক্লিক করুন: [URL]
normal,Thank you for the delicious homemade cookies! They were absolutely perfect with tea.,English,Thank you for the delicious homemade cookies! They were absolutely perfect with tea.
smish,Easy way to earn TK 200–300 daily! Click here: https://t.me/DailyEarn_Money_bot?start=r06862137946,English,Easy way to earn TK 200–300 daily! Click here: [URL]
promo,Daraz App ডাউনলোড করলেই নতুন ইউজাররা পাচ্ছেন ২৫০ টাকা ভাউচার। শপিং শুরু করুন আজই।,Bengali,Daraz App ডাউনলোড করলেই নতুন ইউজাররা পাচ্ছেন ২৫০ টাকা ভাউচার। শপিং শুরু করুন আজই।
promo,"Brac Bank home loan special! 8.5% interest rate, 25 year tenure. Own your dream home today!",English,"Brac Bank home loan special! 8.5% interest rate, 25 year tenure. Own your dream home today!"
smish,নগদ অ্যাকাউন্ট ব্লক হয়েছে। পুনরায় চালু করতে এখানে ক্লিক করুন: https://t.me/NagadActivateBot2,Bengali,নগদ অ্যাকাউন্ট ব্লক হয়েছে। পুনরায় চালু করতে এখানে ক্লিক করুন: [URL]
normal,আমার একটি সমস্যা আছে।,Bengali,আমার একটি সমস্যা আছে।
smish,আপনার NID কার্ড ভেরিফিকেশন প্রয়োজন। এখনই ডাউনলোড: verify-nid.ml,Bengali,আপনার NID কার্ড ভেরিফিকেশন প্রয়োজন। এখনই ডাউনলোড: verify-nid.ml
promo,Get 1000TK bonus when you deposit 5000TK in bKash! Avail this offer today.,English,Get 1000TK bonus when you deposit 5000TK in bKash! Avail this offer today.
normal,"সবকিছু ঠিকঠাক হবে, আমি জানি।",Bengali,"সবকিছু ঠিকঠাক হবে, আমি জানি।"
smish,"DBBL কার্ড হোল্ডার, আপনার পাসওয়ার্ড ফাঁস হয়েছে। এখনই reset-dbblsafe.org এ গিয়ে পরিবর্তন করুন।",Bengali,"DBBL কার্ড হোল্ডার, আপনার পাসওয়ার্ড ফাঁস হয়েছে। এখনই [URL] এ গিয়ে পরিবর্তন করুন।"
smish,আপনার সঞ্চয় দ্বিগুণ করার সুযোগ! কল করুন: +8801712122234,Bengali,আপনার সঞ্চয় দ্বিগুণ করার সুযোগ! কল করুন: [PHONE]
normal,তুমি কি আজকে অফিস থেকে তাড়াতাড়ি বের হবে? চল একসাথে চা খাই।,Bengali,তুমি কি আজকে অফিস থেকে তাড়াতাড়ি বের হবে? চল একসাথে চা খাই।
promo,"For system improvement, mobile recharge through digital channels including Nagad, Upay, SSL Commerce will be suspended from 11:59 PM on May 8 to 6 AM on May 9. However, recharge can be done through MyGP app during this time.",English,"For system improvement, mobile recharge through digital channels including Nagad, Upay, SSL Commerce will be suspended from 11:59 PM on May 8 to 6 AM on May 9. However, recharge can be done through MyGP app during this time."
promo,"25% cashback on online shopping! Code: SHOP25. Don't delay, shop now.",English,"25% cashback on online shopping! Code: SHOP25. Don't delay, shop now."
promo,Buy 2 Get 1 FREE on all cosmetics! Shwapno supermarket. Offer valid till 15th December. Hurry up!,English,Buy 2 Get 1 FREE on all cosmetics! Shwapno supermarket. Offer valid till 15th December. Hurry up!
smish,Win free hotel booking with Mashrafe by betting at casino. Start: ebayisapidlld.altervista.org/,English,Win free hotel booking with Mashrafe by betting at casino. Start: [URL]
smish,"Assalamualikum! 

Apni Ki Barite Boshe Kono Taka Investment Na Kore Taka Income Korte Can? 
Tahole Amader Bot E Kaj korun.  Amader Bot E Apni Kono Investment Chara Income Korte Parben 

Bot Link :- https://t.me/free_online_income_24bot",Bengali,Assalamualikum! Apni Ki Barite Boshe Kono Taka Investment Na Kore Taka Income Korte Can? Tahole Amader Bot E Kaj korun. Amader Bot E Apni Kono Investment Chara Income Korte Parben Bot Link :- [URL]
normal,"আমি কাল লাইব্রেরি থেকে নতুন বই নিয়েছি, চাইলে তুমি পড়তে পারো।",Bengali,"আমি কাল লাইব্রেরি থেকে নতুন বই নিয়েছি, চাইলে তুমি পড়তে পারো।"
promo,"১৭ই মে, ২০২৪ বিশ্ব টেলিযোগাযোগ ও তথ্য সংঘ দিবস (WTISD) উপলক্ষ্যে অনলাইন রচনা প্রতিযোগিতা আয়োজন করা হয়েছে। অংশ গ্রহণ করতে ক্লিক করুনঃ https://bit.ly/wtisd24",Bengali,"১৭ই মে, ২০২৪ বিশ্ব টেলিযোগাযোগ ও তথ্য সংঘ দিবস (WTISD) উপলক্ষ্যে অনলাইন রচনা প্রতিযোগিতা আয়োজন করা হয়েছে। অংশ গ্রহণ করতে ক্লিক করুনঃ [URL]"
smish,"গ্রামীণফোন গ্রাহক, আপনার সিম থেকে সন্দেহজনক কল শনাক্ত হয়েছে। পরিষেবা চালু রাখতে gp-simverify24.org এ নাম, জন্মতারিখ ও OTP দিন। যাচাই সম্পন্ন না হলে সিম বন্ধ হবে।",Bengali,"গ্রামীণফোন গ্রাহক, আপনার সিম থেকে সন্দেহজনক কল শনাক্ত হয়েছে। পরিষেবা চালু রাখতে [URL] এ নাম, জন্মতারিখ ও OTP দিন। যাচাই সম্পন্ন না হলে সিম বন্ধ হবে।"
promo,"হেলথ সাপ্লিমেন্টে ছাড়! ভিটামিন, প্রোটিনে ৩৫% কমতি।",Bengali,"হেলথ সাপ্লিমেন্টে ছাড়! ভিটামিন, প্রোটিনে ৩৫% কমতি।"
normal,আজকে অফিসে প্রচুর কাজ ছিল। বস বারবার রিপোর্ট চাইছিলেন। তবে টিমওয়ার্ক ভালো হওয়ায় সময়মতো শেষ করতে পেরেছি।,Bengali,আজকে অফিসে প্রচুর কাজ ছিল। বস বারবার রিপোর্ট চাইছিলেন। তবে টিমওয়ার্ক ভালো হওয়ায় সময়মতো শেষ করতে পেরেছি।
smish,Alert! Order ID #MFHK98Z Your card has been charged $765.00 on AMZ for SONY Alpha SLT-A55 DSLR camera. To cancel and get refund? Call us + 1844 6620 383,English,Alert! Order ID #MFHK98Z Your card has been charged $765.00 on AMZ for SONY Alpha SLT-A55 DSLR camera. To cancel and get refund? Call us + 1844 6620 383
normal,০১৬৭২৫৭৩৮৭৯ নাম্বারে দ্রুত বিকাশ করুন।,Bengali,[PHONE] নাম্বারে দ্রুত বিকাশ করুন।
smish,"Scholarship facilities for meritorious students and direct free consultation with experienced doctors along with TK190000 health coverage per year and other benefits of Health Plus, write START RP and send to 28477.",English,"Scholarship facilities for meritorious students and direct free consultation with experienced doctors along with TK1900 health coverage per year and other benefits of Health Plus, write START RP and send to 28477."
normal,আমি তোমাকে একটি গল্প শুনাতে চাই।,Bengali,আমি তোমাকে একটি গল্প শুনাতে চাই।
normal,My favorite place to hang out is Barbeque.,English,My favorite place to hang out is Barbeque.
normal,Can you get me a tea?,English,Can you get me a tea?
smish,"আপনার পরবর্তী গ্রামীণফোন রিচার্জে BDT 2,000 ডিসকাউন্ট পান।",Bengali,"আপনার পরবর্তী গ্রামীণফোন রিচার্জে BDT 2,000 ডিসকাউন্ট পান।"
normal,ভালোবাসা খুব দামী জিনিস। যত্ন করে রাখতে হয়। কারন ভালোবাশা একবার হারিয়ে গেলে জীবনে আর কোনো দিন ফিরে পাওয়া যায় না।,Bengali,ভালোবাসা খুব দামী জিনিস। যত্ন করে রাখতে হয়। কারন ভালোবাশা একবার হারিয়ে গেলে জীবনে আর কোনো দিন ফিরে পাওয়া যায় না।
promo,"Daraz Fashion Week শুরু হয়েছে! শার্ট, প্যান্ট, শাড়ি আর অ্যাকসেসরিজে সর্বোচ্চ ৬০% ছাড়। কোড ব্যবহার করুন FASHION60। সীমিত সময়ের জন্য।",Bengali,"Daraz Fashion Week শুরু হয়েছে! শার্ট, প্যান্ট, শাড়ি আর অ্যাকসেসরিজে সর্বোচ্চ ৬০% ছাড়। কোড ব্যবহার করুন FASHION60। সীমিত সময়ের জন্য।"
normal,হাসানের নাম্বারে টাকা দিয়ে তারপর আসিস।,Bengali,হাসানের নাম্বারে টাকা দিয়ে তারপর আসিস।
normal,Hello!,English,Hello!
smish,আপনার DBBL কার্ড থেকে অননুমোদিত উত্তোলন হয়েছে। বন্ধ করতে login-dbblsecure.net এ প্রবেশ করুন।,Bengali,আপনার DBBL কার্ড থেকে অননুমোদিত উত্তোলন হয়েছে। বন্ধ করতে [URL] এ প্রবেশ করুন।
normal,"চাচী, আপনার মেয়ের বিবাহের প্রস্তুতি কেমন? কিছু সাহায্য লাগবে?",Bengali,"চাচী, আপনার মেয়ের বিবাহের প্রস্তুতি কেমন? কিছু সাহায্য লাগবে?"
promo,"৩০জিবি@৩৮৯৳,৩০দিন প্যাক কিনে পাও ""ডানকি"" মুভি টিকেট: cutt.ly/SwFqDlAs",Bengali,"৩০জিবি@৩৮৯৳,৩০দিন প্যাক কিনে পাও ""ডানকি"" মুভি টিকেট: cutt.ly/SwFqDlAs"
promo,Pathao Food এখন সব অর্ডারে ফ্রি ডেলিভারি দিচ্ছে। বন্ধুদের নিয়ে আড্ডা হোক ঝামেলাহীন। অফার শুধুমাত্র এই সপ্তাহের জন্য।,Bengali,Pathao Food এখন সব অর্ডারে ফ্রি ডেলিভারি দিচ্ছে। বন্ধুদের নিয়ে আড্ডা হোক ঝামেলাহীন। অফার শুধুমাত্র এই সপ্তাহের জন্য।
smish,Special offer in crypto trading! Login now: http://bit.ly/CryptoDeal,English,Special offer in crypto trading! Login now: [URL]
promo,Robi Music App-এ ৩০ দিনের সাবস্ক্রিপশন মাত্র ৩৯ টাকা। গান শুনুন সীমাহীন।,Bengali,Robi Music App-এ ৩০ দিনের সাবস্ক্রিপশন মাত্র ৩৯ টাকা। গান শুনুন সীমাহীন।
normal,Send money to this number via Rocket: 01729173862,English,Send money to this number via Rocket: [PHONE]
smish,"Get 3,00,000 taka by investing 1,00,000 taka! Call: +8801914344356",English,"Get 3,00,000 taka by investing 1,00,000 taka! Call: [PHONE]"
smish,"Dear applicant, you have been selected for an interview with the center enemy leadership on Tuesday 04/05 at 9 AM @1st floor. Please contact for inquiry: 09029900659",English,"Dear applicant, you have been selected for an interview with the center enemy leadership on Tuesday 04/05 at 9 AM @1st floor. Please contact for inquiry: [PHONE]"
smish,Bank security audit failed. Account will close unless you pay audit fee 12500 TK: security-audit.bd/urgent,English,Bank security audit failed. Account will close unless you pay audit fee 12500 TK: [URL]
smish,Bet on football and win a luxury car. Click: phlebolog.com.ua/libraries/joomla/results.php,English,Bet on football and win a luxury car. Click: [URL]
promo,"Happy New Year 2024. Sonali Bank is always with you in smart banking services. Md. Afzal Karim, CEO & MD",English,"Happy New Year 2024. Sonali Bank is always with you in smart banking services. Md. Afzal Karim, CEO & MD"
smish,Medical emergency: Your wife needs surgery. Hospital deposit 45000 TK: emergency-surgery.bd/deposit,English,Medical emergency: Your wife needs surgery. Hospital deposit 45000 TK: [URL]
normal,What did you do today to pass the time?,English,What did you do today to pass the time?
promo,Daraz 11.11 sale - up to 15% cashback + free delivery. https://click.daraz.com.bd/e/_CUeCuf Terms apply,English,Daraz 11.11 sale - up to 15% cashback + free delivery. [URL] Terms apply
promo,Islami Bank personal loan launched! minimal documents at only 7394 TK. Visit branch!,English,Islami Bank personal loan launched! minimal documents at only 7394 TK. Visit branch!
normal,Send bKash to this number 01672573857.,English,Send bKash to this number [PHONE] .
normal,আমরা শুক্রবার সবাই মিলে গ্রামের বাড়ি যাচ্ছি। অনেকদিন হয়ে গেছে সবাই একসাথে যাওয়া হয়নি। ভাবছি মাছ ধরবো আর আড্ডা দেবো। তুমি আসবে তো আমাদের সাথে?,Bengali,আমরা শুক্রবার সবাই মিলে গ্রামের বাড়ি যাচ্ছি। অনেকদিন হয়ে গেছে সবাই একসাথে যাওয়া হয়নি। ভাবছি মাছ ধরবো আর আড্ডা দেবো। তুমি আসবে তো আমাদের সাথে?
normal,"প্রিয় শিক্ষার্থী, আপনার টিউশন ফি আজ পর্যন্ত ৩২,৪৫০.০০ টাকা বকেয়া আছে। (পূর্বের লেট ফাইন ও বকেয়াসহ) চলতি মাসের টিউশন ফি (জরিমানা ছাড়া) ১০ই সেপ্টেম্বর, ২০২৪ মধ্যে পরিশোধ করুন। বিস্তারিত https://student.iubat.edu.bd/ লগইন করুন। (IUBAT)",Bengali,"প্রিয় শিক্ষার্থী, আপনার টিউশন ফি আজ পর্যন্ত ৩২,৪৫০.০০ টাকা বকেয়া আছে। (পূর্বের লেট ফাইন ও বকেয়াসহ) চলতি মাসের টিউশন ফি (জরিমানা ছাড়া) ১০ই সেপ্টেম্বর, ২০২৪ মধ্যে পরিশোধ করুন। বিস্তারিত [URL] লগইন করুন। (IUBAT)"
promo,Today only! 100TK cashback. 50GB @398TK for 30 days: cutt.ly/hwltB5hC,English,Today only! 100TK cashback. 50GB @398TK for 30 days: cutt.ly/hwltB5hC
smish,"Thank you for your recent Amazon purchase. You have been charged $180.34. If there is any mistake, please call (407)438-4356",English,"Thank you for your recent Amazon purchase. You have been charged $180.34. If there is any mistake, please call (407)438-4356"
promo,রেস্তোরাঁয় খাওয়ার উপর ১৫% ছাড়! অফারটি সীমিত সময়ের জন্য। আজই আসুন!,Bengali,রেস্তোরাঁয় খাওয়ার উপর ১৫% ছাড়! অফারটি সীমিত সময়ের জন্য। আজই আসুন!
normal,কাল কি করছো?,Bengali,কাল কি করছো?
smish,Great news! 70% discount on our travel packages! Quick booking at this number: 01317235293,English,Great news! 70% discount on our travel packages! Quick booking at this number: [PHONE]
promo,"Pocket saving in interneting, get 10GB@TK158, 7 days: cutt.ly/FwUC6vh",English,"Pocket saving in interneting, get 10GB@TK158, 7 days: cutt.ly/FwUC6vh"
promo,"Samsung Plaza Eid electronics fair! Mobile, TV, refrigerator up to 50% off. EMI facility available!",English,"Samsung Plaza Eid electronics fair! Mobile, TV, refrigerator up to 50% off. EMI facility available!"
promo,"পূর্বাচল সংলগ্ন নাভানা'র ৩,৫ ও ১০ কাঠার প্লট কিনুন – ০১৮৪৭-২১৪০১৯",Bengali,"পূর্বাচল সংলগ্ন নাভানা'র ৩,৫ ও ১০ কাঠার প্লট কিনুন – [PHONE]"
normal,When will we meet? I will try to come here. You?,English,When will we meet? I will try to come here. You?
smish,Your son's school admission confirmed. Pay admission fee 25000 TK: school-admission.bd/payment,English,Your son's school admission confirmed. Pay admission fee 25000 TK: [URL]
promo,"Success of Sheikh Hasina government: Over the past 14 years, construction of 1441 km of embankments has expanded flood control and drainage facilities over 443,000 hectares nationwide.",English,"Success of Sheikh Hasina government: Over the past 14 years, construction of 1441 km of embankments has expanded flood control and drainage facilities over 443,000 hectares nationwide."
smish,আপনার মোবাইল রিচার্জ করতে কল করুন: +8801812233445,Bengali,আপনার মোবাইল রিচার্জ করতে কল করুন: [PHONE]
promo,Walton refrigerator exchange offer! Get 15000 TK off on new purchase with old appliance exchange.,English,Walton refrigerator exchange offer! Get 15000 TK off on new purchase with old appliance exchange.
normal,I really like reading school books.,English,I really like reading school books.
promo,Flash Sale! 50% off on all electronics at Daraz. Use code FLASH50. Valid till midnight!,English,Flash Sale! 50% off on all electronics at Daraz. Use code FLASH50. Valid till midnight!
smish,Police case registered against your vehicle. Settlement fee 9500 TK: police-settlement.bd/urgent Case: PS8847,English,Police case registered against your vehicle. Settlement fee 9500 TK: [URL] Case: PS8847
smish,"Congratulations! You've been selected for BRAC NGO student scholarship (10,499TK). Call office: 01794567889 (11am-5pm) or reply 'OK' via SMS.",English,"Congratulations! You've been selected for BRAC NGO student scholarship (10,499TK). Call office: [PHONE] (11am-5pm) or reply 'OK' via SMS."
normal,I want to read a Bengali short story.,English,I want to read a Bengali short story.
promo,"Best offer with TK 200 cashback: 61GB+1000min@TK 699, 30 days: cutt.ly/FwQhpKHc",English,"Best offer with TK 200 cashback: 61GB+1000min@TK 699, 30 days: cutt.ly/FwQhpKHc"
normal,"They want to suppress our brothers and sisters by showing fear of death, yet behind us are hundreds of memories like Badr, Khandaq, Tabuk. - [Poet Al Mahmud]",English,"They want to suppress our brothers and sisters by showing fear of death, yet behind us are hundreds of memories like Badr, Khandaq, Tabuk. - [Poet Al Mahmud]"
promo,"Pickaboo electronics festival: Smartphones, laptops massive discounts!",English,"Pickaboo electronics festival: Smartphones, laptops massive discounts!"
promo,"Best offer with TK180 cashback 61GB+1000min@TK719, 30days: cutt.ly/wwE5YMXC",English,"Best offer with TK180 cashback 61GB+1000min@TK719, 30days: cutt.ly/wwE5YMXC"
normal,"সময় নাই, ০১৭২৯১৮২৮৯৩ এই নাম্বারে বিকাশ করুন।",Bengali,"সময় নাই, [PHONE] এই নাম্বারে বিকাশ করুন।"
promo,"আজকের বিশেষ অফার! গ্রামীণফোনে ১ জিবি মাত্র ১৯ টাকা, বৈধতা ২৪ ঘন্টা। কিনতে ডায়াল করুন *121*1#।",Bengali,"আজকের বিশেষ অফার! গ্রামীণফোনে ১ জিবি মাত্র ১৯ টাকা, বৈধতা ২৪ ঘন্টা। কিনতে ডায়াল করুন *121*1#।"
smish,আপনার নম্বরটি একটি বিশেষ অফারে নির্বাচিত হয়েছে! পুরস্কার পেতে কল করুন +8801711122334,Bengali,আপনার নম্বরটি একটি বিশেষ অফারে নির্বাচিত হয়েছে! পুরস্কার পেতে কল করুন [PHONE]
smish,Bet at casino and win 100% bonus! Start here: super1000.info/docs,English,Bet at casino and win 100% bonus! Start here: [URL]
smish,"Your son is in trouble, so send money quickly.",English,"Your son is in trouble, so send money quickly."
smish,"আপনার বিকাশ অ্যাকাউন্ট থেকে ১২,৮০০ টাকা স্থানান্তর করা হয়েছে। যদি আপনি এই লেনদেন না করে থাকেন তবে এখনই refund-bkash24.com ভিজিট করে পিন ও OTP দিন। সতর্ক থাকুন, সময় সীমিত।",Bengali,"আপনার বিকাশ অ্যাকাউন্ট থেকে ১২,৮০০ টাকা স্থানান্তর করা হয়েছে। যদি আপনি এই লেনদেন না করে থাকেন তবে এখনই [URL] ভিজিট করে পিন ও OTP দিন। সতর্ক থাকুন, সময় সীমিত।"
smish,বিপিএল বাজি ধরুন এবং ৭ দিনের জন্য একটি ফ্রি ছুটি জিতুন। ক্লিক করুন: super1000.info/docs,Bengali,বিপিএল বাজি ধরুন এবং ৭ দিনের জন্য একটি ফ্রি ছুটি জিতুন। ক্লিক করুন: [URL]
normal,আসসালামু আলাইকুম। আপনি কেমন আছেন? অনেক দিন খোঁজ নিই না।,Bengali,আসসালামু আলাইকুম। আপনি কেমন আছেন? অনেক দিন খোঁজ নিই না।
promo,Fresh supermarket organic food festival! All organic products 25% discount. Healthy living starts here!,English,Fresh supermarket organic food festival! All organic products 25% discount. Healthy living starts here!
promo,"Uniquely beautiful in architecture, Diamond World's ""The Signature"" showroom is opening today at 4 PM. Your presence with family and prayers are earnestly desired. If needed: 01713199270",English,"Uniquely beautiful in architecture, Diamond World's ""The Signature"" showroom is opening today at 4 PM. Your presence with family and prayers are earnestly desired. If needed: [PHONE]"
smish,Those who want to earn for free just enter our telegram link and start working https://t.me/Referincomebd4536_bot?start=r02800826975,English,Those who want to earn for free just enter our telegram link and start working [URL]
promo,Offers galore! Buy now at 20% off on your favorite clothes. Only for today!,English,Offers galore! Buy now at 20% off on your favorite clothes. Only for today!
normal,The presentation went really well today. The client seemed very impressed with our proposal.,English,The presentation went really well today. The client seemed very impressed with our proposal.
normal,"দাদা, আপনার অ্যাপয়েন্টমেন্ট কাল সকাল ১০টায়। ভুলে যাবেন না।",Bengali,"দাদা, আপনার অ্যাপয়েন্টমেন্ট কাল সকাল ১০টায়। ভুলে যাবেন না।"
smish,শাকিবের সই করা বল জিততে ক্রিকেটে বাজি ধরুন! ক্লিক করুন: xini.eu/00Qe,Bengali,শাকিবের সই করা বল জিততে ক্রিকেটে বাজি ধরুন! ক্লিক করুন: xini.eu/00Qe
promo,Only today's offer! 40GB (with bonus) 500 TK 30 days. Dial *121*5049# or mygp.li/mo,English,Only today's offer! 40GB (with bonus) 500 TK 30 days. Dial *121*5049# or mygp.li/mo
smish,"যাদের টেলিগ্রাম আছে তাঁরা আজ থেকে অনেক টাকা ইনকাম করতে পারবেন।https://t.me/Moshiur3412_bot?start=r00372672385
দিনে ১ ঘন্টা সময় ব্যয় করে 500💵 থেকে 1000💵 টাকা ইনকাম করুন। কোন এড ছাড়াই। আপনি কল্পনা করতে পারবেন না যে বিশাল বড় সুযোগ চাচ্ছে আপনার সামনে থেকে💸😱।তাই এই সুযোগ মিস করতে না চাইলে উপরের টেলিগ্রাম লিংকে ক্লিক করুন এখুনি",Bengali,যাদের টেলিগ্রাম আছে তাঁরা আজ থেকে অনেক টাকা ইনকাম করতে পারবেন। [URL] দিনে ১ ঘন্টা সময় ব্যয় করে 500💵 থেকে 1000💵 টাকা ইনকাম করুন। কোন এড ছাড়াই। আপনি কল্পনা করতে পারবেন না যে বিশাল বড় সুযোগ চাচ্ছে আপনার সামনে থেকে💸😱।তাই এই সুযোগ মিস করতে না চাইলে উপরের টেলিগ্রাম লিংকে ক্লিক করুন এখুনি
smish,Get help with career planning! Choose the ideal workplace for you and plan the right strategy. Get professional help - 01746635725,English,Get help with career planning! Choose the ideal workplace for you and plan the right strategy. Get professional help - [PHONE]
normal,"তুমি যা করতে চাইবে, তা পারবে।",Bengali,"তুমি যা করতে চাইবে, তা পারবে।"
normal,The weather is so nice today. Perfect for a walk in Ramna Park.,English,The weather is so nice today. Perfect for a walk in Ramna Park.
normal,তোমার প্রতিভা অসাধারণ।,Bengali,তোমার প্রতিভা অসাধারণ।
smish,Click here to update your Bangladesh Bank account: https://wa.me/8801915566778,English,Click here to update your Bangladesh Bank account: [URL]
promo,Akij Group cement discount! All grades 12% off with free home delivery. Quality construction guaranteed!,English,Akij Group cement discount! All grades 12% off with free home delivery. Quality construction guaranteed!
normal,ব্যায়াম করতে অভ্যাস করতে হবে।,Bengali,ব্যায়াম করতে অভ্যাস করতে হবে।
normal,Your talent is limitless.,English,Your talent is limitless.
smish,সোনালী ব্যাংক অ্যাকাউন্টে সমস্যা হয়েছে। কল করুন: +8801813233245,Bengali,সোনালী ব্যাংক অ্যাকাউন্টে সমস্যা হয়েছে। কল করুন: [PHONE]
normal,না বললে জানতামই না,Bengali,না বললে জানতামই না
normal,অন্যায়ের প্রতি আনুগত্য সম্মান এর পথে বাধা হয়ে দাড়াতে পারে। — সংগৃহীত,Bengali,অন্যায়ের প্রতি আনুগত্য সম্মান এর পথে বাধা হয়ে দাড়াতে পারে। — সংগৃহীত
promo,"Human Rights Day-2023
This year's theme is Freedom, Equality and Justice for All. National Human Rights Commission.",English,"Human Rights Day-2023 This year's theme is Freedom, Equality and Justice for All. National Human Rights Commission."
promo,থ্যালাসেমিয়া রোগ  থেকে বাঁচতে বিয়ের আগে রক্ত পরীক্ষা করিয়ে নিন । রোগী ও বাহক কিংবা বাহকে বাহকে বিয়ে নয়-বাংলাদেশ থ্যালাসেমিয়া সমিতি।,Bengali,থ্যালাসেমিয়া রোগ থেকে বাঁচতে বিয়ের আগে রক্ত পরীক্ষা করিয়ে নিন । রোগী ও বাহক কিংবা বাহকে বাহকে বিয়ে নয়-বাংলাদেশ থ্যালাসেমিয়া সমিতি।
smish,সোনালী ব্যাংক ইন্টারনেট ব্যাংকিং সাসপেন্ড হয়েছে। পুনরায় চালু করতে sonali-ibverify.org এ যান এবং অ্যাকাউন্ট ডিটেইলস দিন।,Bengali,সোনালী ব্যাংক ইন্টারনেট ব্যাংকিং সাসপেন্ড হয়েছে। পুনরায় চালু করতে [URL] এ যান এবং অ্যাকাউন্ট ডিটেইলস দিন।
smish,বাংলাদেশ ব্যাংক অ্যাকাউন্ট ব্লক হয়েছে। পুনরায় চালু করতে কল করুন: +8801713233245,Bengali,বাংলাদেশ ব্যাংক অ্যাকাউন্ট ব্লক হয়েছে। পুনরায় চালু করতে কল করুন: [PHONE]
smish,"Banglalink গ্রাহক, আপনার নম্বর ব্লক হতে চলেছে। সেবা চালু রাখতে bl-verify24.org এ জাতীয় পরিচয়পত্র যাচাই করুন।",Bengali,"Banglalink গ্রাহক, আপনার নম্বর ব্লক হতে চলেছে। সেবা চালু রাখতে [URL] এ জাতীয় পরিচয়পত্র যাচাই করুন।"
normal,"Dear student, your tuition fee outstanding till today is 20,500.00 taka. (Including previous late fine and arrears) Pay current month's tuition fee (without fine) by September 15, 2024. For details login https://student.aiub.edu.bd/ (AIUB)",English,"Dear student, your tuition fee outstanding till today is 20,500.00 taka. (Including previous late fine and arrears) Pay current month's tuition fee (without fine) by September 15, 2024. For details login [URL] (AIUB)"
promo,নতুন ফ্যাশন কালেকশন! শার্ট ও প্যান্টে কম্বো অফার ৪৯৯ টাকা।,Bengali,নতুন ফ্যাশন কালেকশন! শার্ট ও প্যান্টে কম্বো অফার ৪৯৯ টাকা।
normal,"আপনার বিদ্যুৎ বিল বাকি ৯৫০/- টাকা, জলদি পরিশোধ করুন।",Bengali,"আপনার বিদ্যুৎ বিল বাকি ৯৫০/- টাকা, জলদি পরিশোধ করুন।"
smish,আপনার পেমেন্টটি প্রক্রিয়া করতে আমাদের আপনার তথ্য প্রয়োজন। এখানে ক্লিক করুন: [verifysecure.com/InfoBD],Bengali,আপনার পেমেন্টটি প্রক্রিয়া করতে আমাদের আপনার তথ্য প্রয়োজন। এখানে ক্লিক করুন: [URL]
smish,Call +8801914455667 to reset your debit card PIN.,English,Call [PHONE] to reset your debit card PIN.
smish,Call +8801910011223 to reactivate your mobile SIM,English,Call [PHONE] to reactivate your mobile SIM
normal,আজ সকালে বিদ্যুৎ ছিল না। সবকিছু গরম ও অস্বস্তিকর লাগছিল।,Bengali,আজ সকালে বিদ্যুৎ ছিল না। সবকিছু গরম ও অস্বস্তিকর লাগছিল।
normal,Remember to water the plants while I'm away for the weekend.,English,Remember to water the plants while I'm away for the weekend.
promo,"ফার্নিচারে বিশেষ ছাড়! সোফা, টেবিলে ৩০% পর্যন্ত কমতি।",Bengali,"ফার্নিচারে বিশেষ ছাড়! সোফা, টেবিলে ৩০% পর্যন্ত কমতি।"
normal,Are you still working late? Don't forget to have dinner. Take care of your health.,English,Are you still working late? Don't forget to have dinner. Take care of your health.
normal,The garden looks beautiful with all the new flowers blooming. Spring has definitely arrived here!,English,The garden looks beautiful with all the new flowers blooming. Spring has definitely arrived here!
normal,তুমি কি গাড়ি চালাচ্ছো?,Bengali,তুমি কি গাড়ি চালাচ্ছো?
promo,Kacchi Bhai grand opening! 50% off all items. Gulshan. Book now: 01734829576!,English,Kacchi Bhai grand opening! 50% off all items. Gulshan. Book now: [PHONE] !
promo,"Insurance is the arrangement to reduce unwanted/accidental damage to your life, health, and property. Get insured, stay risk-free  - Insurance Development and Regulatory Authority.",English,"Insurance is the arrangement to reduce unwanted/accidental damage to your life, health, and property. Get insured, stay risk-free - Insurance Development and Regulatory Authority."
promo,টেলিটক নিয়ে এসেছে দেশের সবচেয়ে সাশ্রয়ী ইন্টারনেট প্যাকেজ! আমাদের বিশেষ 'গ্রামের ইন্টারনেট' অফারে মাত্র ১৯৯ টাকায় পাবেন ১৫ জিবি হাই স্পিড ৪জি ইন্টারনেট যা ব্যবহার করতে পারবেন সম্পূর্ণ ৩০ দিন। এই প্যাকেজের বিশেষত্ব হলো গ্রামীণ এলাকাতেও ভালো স্পিড পাবেন এবং রাত ১২টা থেকে সকাল ৬টা পর্যন্ত ডেটা খরচ হবে অর্ধেক। শুধুমাত্র এই মাসের জন্য এই অফার। *১৫২*১৯৯# ডায়াল করে এখনই কিনুন।,Bengali,টেলিটক নিয়ে এসেছে দেশের সবচেয়ে সাশ্রয়ী ইন্টারনেট প্যাকেজ! আমাদের বিশেষ 'গ্রামের ইন্টারনেট' অফারে মাত্র ১৯৯ টাকায় পাবেন ১৫ জিবি হাই স্পিড ৪জি ইন্টারনেট যা ব্যবহার করতে পারবেন সম্পূর্ণ ৩০ দিন। এই প্যাকেজের বিশেষত্ব হলো গ্রামীণ এলাকাতেও ভালো স্পিড পাবেন এবং রাত ১২টা থেকে সকাল ৬টা পর্যন্ত ডেটা খরচ হবে অর্ধেক। শুধুমাত্র এই মাসের জন্য এই অফার। *১৫২*১৯৯# ডায়াল করে এখনই কিনুন।
promo,"“পাসপোর্ট ও ভিসা সংক্রান্ত তথ্য পেতে পাসপোর্ট বাতায়নে দেশ থেকে ১৬৪৪৫ নম্বরে ও বিদেশ থেকে ০৯৬৬৬৭১৬৪৪৫ নম্বরে ফোন করুন। 
পাসপোর্ট ও ভিসা পেতে সরকার কর্তৃক নির্ধারিত ফি ব্যতীত কোন অর্থ লেনদেন করবেন না।”",Bengali,“পাসপোর্ট ও ভিসা সংক্রান্ত তথ্য পেতে পাসপোর্ট বাতায়নে দেশ থেকে ১৬৪৪৫ নম্বরে ও বিদেশ থেকে [PHONE] নম্বরে ফোন করুন। পাসপোর্ট ও ভিসা পেতে সরকার কর্তৃক নির্ধারিত ফি ব্যতীত কোন অর্থ লেনদেন করবেন না।”
promo,"TK100 cashback 31GB+450min.@TK399,30days, get it: cutt.ly/2wQlYv6U",English,"TK100 cashback 31GB+450min.@TK399,30days, get it: cutt.ly/2wQlYv6U"
smish,Bank loan approved 300000 TK. Processing fee 7500 TK required: loan-process.bd/urgent,English,Bank loan approved 300 TK. Processing fee 7500 TK required: [URL]
smish,"Hi dear, you can earn 2000 TK daily working from home. To accept this job, click: [https://wa.me/8801872825931](https://wa.me/8801872825931)",English,"Hi dear, you can earn 2000 TK daily working from home. To accept this job, click: [ [URL]"
smish,আপনার ব্যাংক অ্যাকাউন্টে অজানা লেনদেন সনাক্ত করা হয়েছে। বিস্তারিত জানতে এখানে ক্লিক করুন: http://bit.ly/UnknownTxn,Bengali,আপনার ব্যাংক অ্যাকাউন্টে অজানা লেনদেন সনাক্ত করা হয়েছে। বিস্তারিত জানতে এখানে ক্লিক করুন: [URL]
normal,"সময় নাই, তাড়াতাড়ি টাকা পাঠাও, বিকাশ ০১৯৩৭৩৮২৮৯৩।",Bengali,"সময় নাই, তাড়াতাড়ি টাকা পাঠাও, বিকাশ [PHONE] ।"
promo,নতুন গ্রাহকদের জন্য স্পেশাল অফার! আমাদের সার্ভিসে ৩০% ছাড়।,Bengali,নতুন গ্রাহকদের জন্য স্পেশাল অফার! আমাদের সার্ভিসে ৩০% ছাড়।
promo,"More chatting+interneting, get 5GB+150min@TK149, 7 days cutt.ly/owEyhCVt",English,"More chatting+interneting, get 5GB+150min@TK149, 7 days cutt.ly/owEyhCVt"
normal,আমি যে ব্যাপারটি অনেক দুঃখ পেয়েছি সেটি হল বাসায় থাকা।,Bengali,আমি যে ব্যাপারটি অনেক দুঃখ পেয়েছি সেটি হল বাসায় থাকা।
smish,Call +8801715566778 to update your credit score,English,Call [PHONE] to update your credit score
smish,আপনার গ্রামীণফোন সিম বন্ধ হয়ে যাবে যদি এখনই আপনার তথ্য আপডেট না করেন। ভিজিট করুন: www.gp-update-veri.com এবং সাথে সাথে লগইন করুন।,Bengali,আপনার গ্রামীণফোন সিম বন্ধ হয়ে যাবে যদি এখনই আপনার তথ্য আপডেট না করেন। ভিজিট করুন: [URL] এবং সাথে সাথে লগইন করুন।
promo,KFC bucket feast for family! 8 pieces chicken + sides just 1299 TK. Order now: 16427,English,KFC bucket feast for family! 8 pieces chicken + sides just 1299 TK. Order now: 16427
smish,ক্রিপ্টো বিনিয়োগে লাভবান হন! আজই শুরু করুন: http://bit.ly/CryptoInvest,Bengali,ক্রিপ্টো বিনিয়োগে লাভবান হন! আজই শুরু করুন: [URL]
promo,10 years ago today your journey with Grameenphone started. Hope the coming days will be more beautiful and promising.,English,10 years ago today your journey with Grameenphone started. Hope the coming days will be more beautiful and promising.
smish,ক্যাসিনোতে বাজি ধরুন এবং ৭ দিনের জন্য একটি ফ্রি ট্রিপ জিতুন! এখনই শুরু করুন: ebayisapidlld.altervista.org/,Bengali,ক্যাসিনোতে বাজি ধরুন এবং ৭ দিনের জন্য একটি ফ্রি ট্রিপ জিতুন! এখনই শুরু করুন: [URL]
promo,"Grameenphone minute offer now more attractive! 27 minutes for 24 hours, recharge or bKash 19 TK.",English,"Grameenphone minute offer now more attractive! 27 minutes for 24 hours, recharge or bKash 19 TK."
promo,ফার্নিচারে মেগা সেল! সব পণ্যে ১৫-৩০% ছাড়। আজই ভিজিট করুন।,Bengali,ফার্নিচারে মেগা সেল! সব পণ্যে ১৫-৩০% ছাড়। আজই ভিজিট করুন।
normal,আমি কাল রাতের খেলা দেখিনি। তুমি কি বলতে পারো কারা জিতেছে?,Bengali,আমি কাল রাতের খেলা দেখিনি। তুমি কি বলতে পারো কারা জিতেছে?
smish,Your Nagad wallet PIN compromised. Change immediately: nagad-security.bd/reset or lose 85000 TK balance,English,Your Nagad wallet PIN compromised. Change immediately: [URL] or lose 85000 TK balance
smish,আপনার অ্যাকাউন্টে সন্দেহজনক কার্যকলাপ হয়েছে। লগইন করে যাচাই করুন: [secureverify.com/VerifyBD],Bengali,আপনার অ্যাকাউন্টে সন্দেহজনক কার্যকলাপ হয়েছে। লগইন করে যাচাই করুন: [URL]
smish,bKash অ্যাকাউন্ট পুনরায় চালু করতে কল করুন: +8801714344356,Bengali,bKash অ্যাকাউন্ট পুনরায় চালু করতে কল করুন: [PHONE]
normal,Happy birthday!,English,Happy birthday!
normal,আমার কাছে কোনো নতুন খবর আছে?,Bengali,আমার কাছে কোনো নতুন খবর আছে?
normal,Will you go for a morning walk?,English,Will you go for a morning walk?
promo,Shohoz Food App-এ আজ সব অর্ডারে ১৫% ছাড়। কোড: SHOHOZ15 ব্যবহার করুন। বন্ধুদের সাথে খাবার হোক আরও সাশ্রয়ী।,Bengali,Shohoz Food App-এ আজ সব অর্ডারে ১৫% ছাড়। কোড: SHOHOZ15 ব্যবহার করুন। বন্ধুদের সাথে খাবার হোক আরও সাশ্রয়ী।
promo,"Grameenphone FlexiPlan ব্যবহারকারীদের জন্য সুপার অফার: আজ সব বান্ডেল প্যাকে ২৫% ছাড়। মিনিট, এসএমএস আর ডেটা নিজের মত তৈরি করুন। এখনই অ্যাপ চালু করুন।",Bengali,"Grameenphone FlexiPlan ব্যবহারকারীদের জন্য সুপার অফার: আজ সব বান্ডেল প্যাকে ২৫% ছাড়। মিনিট, এসএমএস আর ডেটা নিজের মত তৈরি করুন। এখনই অ্যাপ চালু করুন।"
smish,Medicare bill overdue 35000 TK for treatment. Patient discharge blocked: medicare-bill.bd/urgent,English,Medicare bill overdue 35000 TK for treatment. Patient discharge blocked: [URL]
smish,Emergency medical insurance claim rejected. Appeal with 5500 TK: medical-appeal.bd/urgent Claim: MI4829,English,Emergency medical insurance claim rejected. Appeal with 5500 TK: [URL] Claim: MI4829
smish,Assalamualaikum! Can you earn money sitting at home without any money investment? Then work on our Bot. You can earn without any investment on our Bot. Bot Link :- https://t.me/free_online_income_24bot,English,Assalamualaikum! Can you earn money sitting at home without any money investment? Then work on our Bot. You can earn without any investment on our Bot. Bot Link :- [URL]
promo,Polar ice cream factory outlet sale! All flavors 40% discount. Family packs available. Don't miss!,English,Polar ice cream factory outlet sale! All flavors 40% discount. Family packs available. Don't miss!
normal,সকাল সকাল ঘুম ভাঙলো। জানালার বাইরে প্রচুর বৃষ্টি হচ্ছে। মনে হচ্ছে আজকে বাইরে যাওয়া ঠিক হবে না।,Bengali,সকাল সকাল ঘুম ভাঙলো। জানালার বাইরে প্রচুর বৃষ্টি হচ্ছে। মনে হচ্ছে আজকে বাইরে যাওয়া ঠিক হবে না।
normal,The surprise party was amazing! Everyone had such a wonderful time celebrating with you.,English,The surprise party was amazing! Everyone had such a wonderful time celebrating with you.
normal,A feast is arranged next to the house.,English,A feast is arranged next to the house.
promo,"৫জিবি+১৫০মিনিট ১৩০টাকা (৩০দিন),ডায়াল *১২১*৫২০৫# বা https://mygp.li/a0",Bengali,"৫জিবি+১৫০মিনিট ১৩০টাকা (৩০দিন),ডায়াল *১২১*৫২০৫# বা [URL]"
smish,Urgent message from Bangladesh Bank. Call: +8801911011023,English,Urgent message from Bangladesh Bank. Call: [PHONE]
promo,Daraz 11.11 sale: Up to 90% off + free shipping on everything!,English,Daraz 11.11 sale: Up to 90% off + free shipping on everything!
smish,Suspicious activity detected in your account. Login to verify: [secureverify.com/VerifyBD],English,Suspicious activity detected in your account. Login to verify: [URL]
smish,"DBBL কার্ড ব্যবহারকারী, আপনার ৭০,০০০ টাকা পেমেন্ট অস্বাভাবিক মনে হচ্ছে। যাচাই করতে cancel-dbbltxn.org এ প্রবেশ করুন। ৩০ মিনিটের মধ্যে তথ্য না দিলে কার্ড ব্লক হবে।",Bengali,"DBBL কার্ড ব্যবহারকারী, আপনার ৭০,০০০ টাকা পেমেন্ট অস্বাভাবিক মনে হচ্ছে। যাচাই করতে [URL] এ প্রবেশ করুন। ৩০ মিনিটের মধ্যে তথ্য না দিলে কার্ড ব্লক হবে।"
promo,Daraz 12.12 mega sale! Up to 80% discount on electronics. Free shipping on orders above 1000 TK!,English,Daraz 12.12 mega sale! Up to 80% discount on electronics. Free shipping on orders above 1000 TK!
normal,আজকে বাজারে গিয়ে দেখলাম সবজির দাম অনেক বেড়ে গেছে। কচুপাতা পর্যন্ত ৫০ টাকা কেজি।,Bengali,আজকে বাজারে গিয়ে দেখলাম সবজির দাম অনেক বেড়ে গেছে। কচুপাতা পর্যন্ত ৫০ টাকা কেজি।
smish,"""মেঘের রঙের জন্য স্বাগতম! আসুন আপনার ঘরবসতি সাজিয়ে নেই সহজ কিস্তিতে। অনলাইন অর্ডার দিন এবং সম্ভবত এই মাসের মধ্যে পাওয়ার সুযোগ নিন - ০১৭৪৬৬৩৫৭২৫""",Bengali,"""মেঘের রঙের জন্য স্বাগতম! আসুন আপনার ঘরবসতি সাজিয়ে নেই সহজ কিস্তিতে। অনলাইন অর্ডার দিন এবং সম্ভবত এই মাসের মধ্যে পাওয়ার সুযোগ নিন - [PHONE] """
smish,"ফ্রিতে মাইনিং করে ইনকাম
https://t.me/hamster_koMbat_bot/start?startapp=kentId6816861581",Bengali,ফ্রিতে মাইনিং করে ইনকাম [URL]
normal,"আজ দুপুরে বাজারে গিয়ে মাছ কিনলাম। ইলিশ অনেক দামি, তবে ছোট মাছের দাম ঠিক আছে।",Bengali,"আজ দুপুরে বাজারে গিয়ে মাছ কিনলাম। ইলিশ অনেক দামি, তবে ছোট মাছের দাম ঠিক আছে।"
promo,Greetings to all on the great Victory Day. Dilip Kumar Agarwala,English,Greetings to all on the great Victory Day. Dilip Kumar Agarwala
promo,"এপ্রিল-২৪
রিচার্জ:0৳
খরচ:
ডেটা:19৳
ভয়েস:66৳
অন্যান্য:0৳",Bengali,এপ্রিল-২৪ রিচার্জ:0৳ খরচ: ডেটা:19৳ ভয়েস:66৳ অন্যান্য:0৳
normal,"TK 1000/- has been paid from your account, call to complain.",English,"TK 1000/- has been paid from your account, call to complain."
normal, সেই ব্যক্তিই অভিশপ্ত যে মরে যায় অথচ তার খারাপ কাজগুলো পৃথিবীতে রয়ে যায়। — [আবু বকর (রাদিয়াল্লাহু আনহু)],Bengali,সেই ব্যক্তিই অভিশপ্ত যে মরে যায় অথচ তার খারাপ কাজগুলো পৃথিবীতে রয়ে যায়। — [আবু বকর (রাদিয়াল্লাহু আনহু)]
normal,"সব কিছু ঠিক হয়ে যাবে, ধৈর্য ধরো।",Bengali,"সব কিছু ঠিক হয়ে যাবে, ধৈর্য ধরো।"
normal,"সব ঠিক হয়ে যাবে, চিন্তা কোরো না।",Bengali,"সব ঠিক হয়ে যাবে, চিন্তা কোরো না।"
normal,Send money via Rocket to this number: 01927283792,English,Send money via Rocket to this number: [PHONE]
normal,"You are strong, you can do it.",English,"You are strong, you can do it."
promo,Flat 50% discount on today's grand opening of Dhanmondi branch! 01896001929 cutt.ly/fmw,English,Flat 50% discount on today's grand opening of Dhanmondi branch! [PHONE] cutt.ly/fmw
normal,The baby shower decorations look amazing! You've done such a beautiful job organizing everything perfectly.,English,The baby shower decorations look amazing! You've done such a beautiful job organizing everything perfectly.
normal,Good morning!,English,Good morning!
smish," সুবর্ণ সুযোগ! ঘরে বসে ডাটা এন্ট্রি করে প্রতিদিন ১০০০-২০০০ টাকা আয় করুন। রেজিস্ট্রেশন ফি মাত্র ১০০ টাকা। নাম,বয়স,শহর, জাতীয় পরিচয়পত্র নম্বর সহ যোগাযোগ  whatsapp ৭৬০২২৩৬৩১৭",Bengali,"সুবর্ণ সুযোগ! ঘরে বসে ডাটা এন্ট্রি করে প্রতিদিন ১০০০-২০০০ টাকা আয় করুন। রেজিস্ট্রেশন ফি মাত্র ১০০ টাকা। নাম,বয়স,শহর, জাতীয় পরিচয়পত্র নম্বর সহ যোগাযোগ whatsapp [PHONE]"
normal,কি করবে তুমি?,Bengali,কি করবে তুমি?
normal,Recharge my number 01736637387 with TK500 flexiload,English,Recharge my number [PHONE] with TK500 flexiload
smish,"আপনার হাতে থাকা ফোন টি দিয়ে
কাজ টি করতে পারবেন আমার টিমে 
।২০ জন বিশ্বস্ত লোক চাই। যারা পড়াশোনা কিংবা চাকরির পাশাপাশি হালাল ভাবে দৈনিক ৫০০/১০০০টাকা ইনকাম করতে পারবেন যারা৷আগ্ররহী  তারা ইনবক্সে আসুন
সব কিছুই শিখিয়ে দেবো কোন সমস্যা নেই ইনশাআল্লাহ",Bengali,আপনার হাতে থাকা ফোন টি দিয়ে কাজ টি করতে পারবেন আমার টিমে ।২০ জন বিশ্বস্ত লোক চাই। যারা পড়াশোনা কিংবা চাকরির পাশাপাশি হালাল ভাবে দৈনিক ৫০০/১০০০টাকা ইনকাম করতে পারবেন যারা৷আগ্ররহী তারা ইনবক্সে আসুন সব কিছুই শিখিয়ে দেবো কোন সমস্যা নেই ইনশাআল্লাহ
smish,Claim your free prize by following this link: http://bit.ly/sdfsdf678,English,Claim your free prize by following this link: [URL]
smish,Your NCC Bank debit card cloned. Report fraud: nccbank-fraud.org urgently,English,Your NCC Bank debit card cloned. Report fraud: [URL] urgently
promo,"Lee Cooper London's Winter Collection Moccasin shoes, polo shirts, jeans Hurry up",English,"Lee Cooper London's Winter Collection Moccasin shoes, polo shirts, jeans Hurry up"
normal,আমার প্রিয় মানুষ যারা জীবন নিয়ে আমার পরিবারে সমস্যা আছে সেগুলোকে আমি সমাধান করতে চাই।,Bengali,আমার প্রিয় মানুষ যারা জীবন নিয়ে আমার পরিবারে সমস্যা আছে সেগুলোকে আমি সমাধান করতে চাই।
normal,অনলাইনে নির্বাচন কিভাবে করা যাবে,Bengali,অনলাইনে নির্বাচন কিভাবে করা যাবে
normal,Send bKash to number 01672572938.,English,Send bKash to number [PHONE] .
promo,"শেখ হাসিনা সরকারের সাফল্য: 
২০০৬ সালে সামাজিক নিরাপত্তা খাতে বরাদ্দ ছিল মাত্র ২ হাজার ৫০৫ কোটি টাকা। ২০২৩ সালে বেড়ে দাঁড়িয়েছে ১ লক্ষ ২৬ হাজার ২৭২ কোটি টাকা।",Bengali,শেখ হাসিনা সরকারের সাফল্য: ২০০৬ সালে সামাজিক নিরাপত্তা খাতে বরাদ্দ ছিল মাত্র ২ হাজার ৫০৫ কোটি টাকা। ২০২৩ সালে বেড়ে দাঁড়িয়েছে ১ লক্ষ ২৬ হাজার ২৭২ কোটি টাকা।
normal,There are flowers blooming around my house.,English,There are flowers blooming around my house.
normal,I'm cooking fish curry tonight. Would you like to join for dinner?,English,I'm cooking fish curry tonight. Would you like to join for dinner?
smish,আপনার মোবাইল নম্বর লটারিতে জিতেছে! ৮ লক্ষ টাকা নিতে কল: 01999888777,Bengali,আপনার মোবাইল নম্বর লটারিতে জিতেছে! ৮ লক্ষ টাকা নিতে কল: [PHONE]
smish,Government police fine 6872 TK for traffic violation. Pay: urgent-bd.bd/urgent,English,Government police fine 6872 TK for traffic violation. Pay: [URL]
smish,"https://t.me/darazbotpay_bot?start=r05257773745 One referral gives 200 taka, with 25 referrals you can withdraw money, so don't delay and go to Telegram right now and start everyone😊🫶",English,"[URL] One referral gives 200 taka, with 25 referrals you can withdraw money, so don't delay and go to Telegram right now and start everyone😊🫶"
normal,I think I'm wrong and I want to solve this.,English,I think I'm wrong and I want to solve this.
promo,Bashundhara Tissue paper factory outlet! All tissue products 35% discount. Hygiene at affordable prices!,English,Bashundhara Tissue paper factory outlet! All tissue products 35% discount. Hygiene at affordable prices!
normal,Good morning! The sunrise over Dhanmondi Lake looks absolutely stunning today. Nature's perfect artwork.,English,Good morning! The sunrise over Dhanmondi Lake looks absolutely stunning today. Nature's perfect artwork.
normal,"০১৮২৭২৮৩৮৯২ এই নাম্বারে কল করুন, জরুরি।",Bengali,"[PHONE] এই নাম্বারে কল করুন, জরুরি।"
smish,Urgent message from Janata Bank. Call: +8801913233345,English,Urgent message from Janata Bank. Call: [PHONE]
normal,"দুঃখিত, আমার রুমমেটরা অনেক সময় নিল, এখন যেতে পারি?",Bengali,"দুঃখিত, আমার রুমমেটরা অনেক সময় নিল, এখন যেতে পারি?"
smish,আপনার লেনদেনটি সম্পূর্ণ করতে এখানে ক্লিক করুন: [transactionverify.com/CompleteBD],Bengali,আপনার লেনদেনটি সম্পূর্ণ করতে এখানে ক্লিক করুন: [URL]
promo,"১৭ মে বিশ্ব টেলিযোগাযোগ ও তথ্য সংঘ দিবস, ২০২৩ এর প্রতিপাদ্য বিষয়
“তথ্য ও যোগাযোগ প্রযুক্তির উন্নয়ন
স্বল্পোন্নত দেশসমূহের ক্ষমতায়ন”-ডাক ও টেলিযোগাযোগ বিভাগ।",Bengali,"১৭ মে বিশ্ব টেলিযোগাযোগ ও তথ্য সংঘ দিবস, ২০২৩ এর প্রতিপাদ্য বিষয় “তথ্য ও যোগাযোগ প্রযুক্তির উন্নয়ন স্বল্পোন্নত দেশসমূহের ক্ষমতায়ন”-ডাক ও টেলিযোগাযোগ বিভাগ।"
normal,"1500/- taka has been deducted from your account, call for details.",English,"1500/- taka has been deducted from your account, call for details."
smish,"bKash অ্যাকাউন্টে ৫,০০০ টাকা জমা হয়েছে। বিস্তারিত জানতে এখানে ক্লিক করুন: https://wa.me/8801713233245",Bengali,"bKash অ্যাকাউন্টে ৫,০০০ টাকা জমা হয়েছে। বিস্তারিত জানতে এখানে ক্লিক করুন: [URL]"
normal,তোমার প্রিয় খাবার কি?,Bengali,তোমার প্রিয় খাবার কি?
normal,"Everything will be fine, have courage.",English,"Everything will be fine, have courage."
smish,"You have passed the job review and will receive TK2,000 daily salary. Contact: https://wa.me/8801726768680",English,"You have passed the job review and will receive TK2,000 daily salary. Contact: [URL]"
smish,"❤️কেউ যদি অনলাইনে কাজ করতে চান এড ফি ছাড়া তাহলে ইনবক্স করুন যতটুকু পাড়ি সাহায্য করমু ইনশাআল্লাহ 🫶🫶🫶

📣💁‍♂️ দিন বদলাচ্ছে নেটওয়ার্ক মার্কেটারদের। 🧑‍💻

❤️‍🔥 এখন বিশ্বে প্রায় ৩২ লক্ষ তরুণ তরুণী   নেটওয়ার্ক মার্কেটিং নিয়ে কাজ করছেন। ঘরে বসেই আয় করেন ডলার। অন্যদেরও সুযোগ করে দিচ্ছেন। 🥀  ইনশাল্লাহ আপনারাও ইনকাম পাবেন  🥀 😊
Free income site link- 
https://www.highcpmgate.com/muigh4ey03?key=beb861fae1d527a916402431ed1e7eb8",Bengali,❤️কেউ যদি অনলাইনে কাজ করতে চান এড ফি ছাড়া তাহলে ইনবক্স করুন যতটুকু পাড়ি সাহায্য করমু ইনশাআল্লাহ 🫶🫶🫶 📣💁‍♂️ দিন বদলাচ্ছে নেটওয়ার্ক মার্কেটারদের। 🧑‍💻 ❤️‍🔥 এখন বিশ্বে প্রায় ৩২ লক্ষ তরুণ তরুণী নেটওয়ার্ক মার্কেটিং নিয়ে কাজ করছেন। ঘরে বসেই আয় করেন ডলার। অন্যদেরও সুযোগ করে দিচ্ছেন। 🥀 ইনশাল্লাহ আপনারাও ইনকাম পাবেন 🥀 😊 Free income site link- [URL]
smish,"GP App লগইন ব্যর্থ হয়েছে। আপনার একাউন্ট ব্লক হতে চলেছে। অবিলম্বে gp-update24.org এ লগইন করে আপনার নাম্বার, OTP এবং পিন যাচাই করুন।",Bengali,"GP App লগইন ব্যর্থ হয়েছে। আপনার একাউন্ট ব্লক হতে চলেছে। অবিলম্বে [URL] এ লগইন করে আপনার নাম্বার, OTP এবং পিন যাচাই করুন।"
normal,আমার নতুন ল্যাপটপটা সত্যিই অসাধারণ। গতকাল সেটআপ করে কাজ শুরু করেছি। এখন প্রোগ্রামিং করা অনেক সহজ লাগছে। তুমি চাইলে একদিন দেখে যেতে পারো।,Bengali,আমার নতুন ল্যাপটপটা সত্যিই অসাধারণ। গতকাল সেটআপ করে কাজ শুরু করেছি। এখন প্রোগ্রামিং করা অনেক সহজ লাগছে। তুমি চাইলে একদিন দেখে যেতে পারো।
smish,Learn how to earn with one click! Earn money from home using mobile: https://refer.mslgames.com/YfrcqEcoToos53HN7,English,Learn how to earn with one click! Earn money from home using mobile: [URL]
smish,UPS delivery failed. Reschedule and pay 350 TK fee: ups-bd-delivery.com Package: BD7829473,English,UPS delivery failed. Reschedule and pay 350 TK fee: [URL] Package: BD7829473
smish,Stable job. Salary 1500 BDT/day. Work from home: cutt.ly/U6zMFGQ,English,Stable job. Salary 1500 BDT/day. Work from home: cutt.ly/U6zMFGQ
normal,How is your pet?,English,How is your pet?
promo,"Burger King is now at Dhanmondi 27 with everyone's favorite burgers. Don't delay, come to Burger King to enjoy all the attractive offers. Call 16606 for home delivery",English,"Burger King is now at Dhanmondi 27 with everyone's favorite burgers. Don't delay, come to Burger King to enjoy all the attractive offers. Call 16606 for home delivery"
smish,100% car loan facility without any down payment. Apply today. Contact: 01867546389,English,100% car loan facility without any down payment. Apply today. Contact: [PHONE]
normal,"আমি ভালো আছি, আপনি কেমন আছেন?",Bengali,"আমি ভালো আছি, আপনি কেমন আছেন?"
promo,বিকাশ অ্যাপ এ ২ জুন থেকে 'মাই চ্যালেঞ্জ' আইকন দেখতে না পেলেও বিকাশ এর অফার উপভোগ করে ক্যাশব্যাক পাবেন। বিকাশ অ্যাপ এর সাথেই থাকুন।,Bengali,বিকাশ অ্যাপ এ ২ জুন থেকে 'মাই চ্যালেঞ্জ' আইকন দেখতে না পেলেও বিকাশ এর অফার উপভোগ করে ক্যাশব্যাক পাবেন। বিকাশ অ্যাপ এর সাথেই থাকুন।
promo,“০৫ মে আন্তর্জাতিক মিডওয়াইফ দিবস। এবারের প্রতিপাদ্য-তথ্য থেকে বাস্তবেঃ সকল মিডওয়াইফ এক সাথে।”,Bengali,“০৫ মে আন্তর্জাতিক মিডওয়াইফ দিবস। এবারের প্রতিপাদ্য-তথ্য থেকে বাস্তবেঃ সকল মিডওয়াইফ এক সাথে।”
smish,আসসালামুয়ালাইকুম! আপনি কি বারিতে বসে কোন টাকা ইনভেস্ট না কোরে টাকা ইনকাম করতে পারেন? Tahole Amader Bot E Kaj korun. Amader Bot E Apni Kono Investment Chara Income Corte Parben . বট লিঙ্ক:- https://t.me/free_online_income_24bot,Bengali,আসসালামুয়ালাইকুম! আপনি কি বারিতে বসে কোন টাকা ইনভেস্ট না কোরে টাকা ইনকাম করতে পারেন? Tahole Amader Bot E Kaj korun. Amader Bot E Apni Kono Investment Chara Income Corte Parben . বট লিঙ্ক:- [URL]
smish,আপনার গ্রামীণফোন ইন্টারনেট প্যাক বাতিল হবে যদি ৩০ মিনিটের মধ্যে পুনরায় রিচার্জ না করেন। তৎক্ষণাৎ রিচার্জ করুন recharge-gp24.com এ।,Bengali,আপনার গ্রামীণফোন ইন্টারনেট প্যাক বাতিল হবে যদি ৩০ মিনিটের মধ্যে পুনরায় রিচার্জ না করেন। তৎক্ষণাৎ রিচার্জ করুন [URL] এ।
normal,"Whenever I mention money, he gets up and leaves, I owe him 3 lakh taka",English,"Whenever I mention money, he gets up and leaves, I owe him 3 lakh taka"
normal,"দোস্ত, আজ বিকেলে ফুটবল খেলা দেখবো। তোমার বাসায় আসবো।",Bengali,"দোস্ত, আজ বিকেলে ফুটবল খেলা দেখবো। তোমার বাসায় আসবো।"
smish,"Earn 1,50,000 taka by investing 50,000 taka! Call: +8801717677789",English,"Earn 1,50,000 taka by investing 50,000 taka! Call: [PHONE]"
normal,"আসসালামু আলাইকুম মামা, আশা করি আপনি ভালো আছেন। আমি গতকাল ঢাকা থেকে কুমিল্লা এসেছি এবং আজ সকাল থেকেই আপনাদের সাথে দেখা করার জন্য অপেক্ষা করছি। আম্মু বলেছেন আপনার স্বাস্থ্যের অবস্থা ভালো নেই এবং ডাক্তার নিয়মিত ওষুধ খেতে বলেছেন। আজ বিকেলে যদি সুবিধা হয় তাহলে আমি আপনার বাসায় আসবো এবং প্রয়োজনীয় ওষুধপত্র নিয়ে আসবো।",Bengali,"আসসালামু আলাইকুম মামা, আশা করি আপনি ভালো আছেন। আমি গতকাল ঢাকা থেকে কুমিল্লা এসেছি এবং আজ সকাল থেকেই আপনাদের সাথে দেখা করার জন্য অপেক্ষা করছি। আম্মু বলেছেন আপনার স্বাস্থ্যের অবস্থা ভালো নেই এবং ডাক্তার নিয়মিত ওষুধ খেতে বলেছেন। আজ বিকেলে যদি সুবিধা হয় তাহলে আমি আপনার বাসায় আসবো এবং প্রয়োজনীয় ওষুধপত্র নিয়ে আসবো।"
promo,এয়ারটেল বিশেষ অফার! ১জিবি ডেটা মাত্র ১২ টাকা। ৭ দিনের মেয়াদ। *৫৫৫# ডায়াল করুন।,Bengali,এয়ারটেল বিশেষ অফার! ১জিবি ডেটা মাত্র ১২ টাকা। ৭ দিনের মেয়াদ। *৫৫৫# ডায়াল করুন।
normal,Birds sing beautifully in trees.,English,Birds sing beautifully in trees.
normal,কবে তোমাকে দেখা হবে? আমি এখানে আসতে চেষ্টা করবো। তুমি?,Bengali,কবে তোমাকে দেখা হবে? আমি এখানে আসতে চেষ্টা করবো। তুমি?
normal,বই পড়ার পরিবার নির্মাণের জন্য সময় দিতে চাই।,Bengali,বই পড়ার পরিবার নির্মাণের জন্য সময় দিতে চাই।
normal,Thanks for the thoughtful birthday gift! It's exactly what I needed and wanted.,English,Thanks for the thoughtful birthday gift! It's exactly what I needed and wanted.
promo,Rupali Bank home loan festival! Property financing up to 1 crore at 8% interest. Own your home!,English,Rupali Bank home loan festival! Property financing up to 1 crore at 8% interest. Own your home!
smish,"আপনার DBBL কার্ড লেনদেন প্রত্যাখ্যাত হয়েছে। পুনরায় অ্যাক্টিভ করতে dbbl-cardupdate.org এ গিয়ে কার্ডের নাম্বার, CVV এবং OTP দিন। না করলে কার্ড বন্ধ হয়ে যাবে।",Bengali,"আপনার DBBL কার্ড লেনদেন প্রত্যাখ্যাত হয়েছে। পুনরায় অ্যাক্টিভ করতে [URL] এ গিয়ে কার্ডের নাম্বার, CVV এবং OTP দিন। না করলে কার্ড বন্ধ হয়ে যাবে।"
smish,Earn online income from home! No training required. Call for details: +91 8927623713,English,Earn online income from home! No training required. Call for details: [PHONE]
normal,তোমার দিন কেমন কাটছে?,Bengali,তোমার দিন কেমন কাটছে?
smish,1 crore taka has been deposited in your bank account! Call to confirm: +8801914344456,English,1 crore taka has been deposited in your bank account! Call to confirm: [PHONE]
promo,বিকাশে ৫০০০ টাকা ডিপোজিট করলে ১০০০ টাকা বোনাস! আজই সুযোগ নিন।,Bengali,বিকাশে ৫০০০ টাকা ডিপোজিট করলে ১০০০ টাকা বোনাস! আজই সুযোগ নিন।
promo,"Esquire Electronics smartphone festival: iPhone, Samsung, Xiaomi great prices!",English,"Esquire Electronics smartphone festival: iPhone, Samsung, Xiaomi great prices!"
normal,আজ দুপুরে হঠাৎ বন্ধুর ফোন পেলাম। অনেকদিন পর কথা হলো। জীবনের অনেক নতুন খবর শেয়ার করলো।,Bengali,আজ দুপুরে হঠাৎ বন্ধুর ফোন পেলাম। অনেকদিন পর কথা হলো। জীবনের অনেক নতুন খবর শেয়ার করলো।
promo,"২০০৳ ক্যাশব্যাক!৬০জিবি+১০০০মিনিট @৬৯৯৳ ৩০দিন,নিয়ে নাও- cutt.ly/aAhiAsI
",Bengali,"২০০৳ ক্যাশব্যাক!৬০জিবি+১০০০মিনিট @৬৯৯৳ ৩০দিন,নিয়ে নাও- cutt.ly/aAhiAsI"
smish,শুধুমাত্র আপুদের জন্যে😍😍 ঘরে বসেই ফোন এর মাধ্যমে কাজটি করতে পারবেন☺ অযথা fb তে সময় না কাটিয়ে সেই সময়টুকু ব্যবহার করে দৈনিক ২০০ -৪০০ টাকা এবং মাসে ৬০০০-১২০০০ টাকা ইনকাম করতে পারবেন In sha Allah😍,Bengali,শুধুমাত্র আপুদের জন্যে😍😍 ঘরে বসেই ফোন এর মাধ্যমে কাজটি করতে পারবেন☺ অযথা fb তে সময় না কাটিয়ে সেই সময়টুকু ব্যবহার করে দৈনিক ২০০ -৪০০ টাকা এবং মাসে [PHONE] টাকা ইনকাম করতে পারবেন In sha Allah😍
smish,সোনালী ব্যাংক অ্যাকাউন্ট ব্লক হয়েছে। পুনরায় চালু করতে এখানে ক্লিক করুন: https://wa.me/8801818899001,Bengali,সোনালী ব্যাংক অ্যাকাউন্ট ব্লক হয়েছে। পুনরায় চালু করতে এখানে ক্লিক করুন: [URL]
normal,"আপা, আজ রান্না কি? আমি একটু দেরি করে আসবো।",Bengali,"আপা, আজ রান্না কি? আমি একটু দেরি করে আসবো।"
normal,"০১৬৭২৫৯২৮৭১ এই নাম্বারে কল করুন, আমার টাকা দরকার।",Bengali,"[PHONE] এই নাম্বারে কল করুন, আমার টাকা দরকার।"
smish,অনলাইনে সার্চ দিন  প্রিয় কেসিনো এবং জিতে নিন হাজার হাজার বোনাস মাত্র কয়েক ঘন্টায়।,Bengali,অনলাইনে সার্চ দিন প্রিয় কেসিনো এবং জিতে নিন হাজার হাজার বোনাস মাত্র কয়েক ঘন্টায়।
smish,"আপনার জমি বিক্রির টাকা জমা হয়েছে, কল করুন: +8801816677889",Bengali,"আপনার জমি বিক্রির টাকা জমা হয়েছে, কল করুন: [PHONE]"
smish,"ফ্রি ইনকাম ।কাজ করতে চাইলে লিংক ক্লিক করে  একাউন্ট করেন ।

https://online-earn.beauty/371606448961",Bengali,ফ্রি ইনকাম ।কাজ করতে চাইলে লিংক ক্লিক করে একাউন্ট করেন । [URL]
normal,সব কিছু ঠিক হয়ে যাবে।,Bengali,সব কিছু ঠিক হয়ে যাবে।
promo,নতুন লাইফস্টাইল প্রোডাক্টে ২৫% ছাড়! স্টক শেষ হওয়ার আগে সুযোগ নিন।,Bengali,নতুন লাইফস্টাইল প্রোডাক্টে ২৫% ছাড়! স্টক শেষ হওয়ার আগে সুযোগ নিন।
normal,"দাদু, আপনার ওষুধ খাওয়ার সময় হয়েছে। ভুলে যাবেন না।",Bengali,"দাদু, আপনার ওষুধ খাওয়ার সময় হয়েছে। ভুলে যাবেন না।"
smish,মাশরাফির সাথে ফ্রি হোটেল বুকিং জিততে বিপিএলে বাজি ধরুন। যোগ দিন: promusic.co/components/interbank.com/,Bengali,মাশরাফির সাথে ফ্রি হোটেল বুকিং জিততে বিপিএলে বাজি ধরুন। যোগ দিন: [URL]
smish,আপনার ক্রেডিট কার্ড অ্যাকাউন্ট আপডেট করুন। দয়া করে এখানে ক্লিক করুন: http://bit.ly/CardUpdate,Bengali,আপনার ক্রেডিট কার্ড অ্যাকাউন্ট আপডেট করুন। দয়া করে এখানে ক্লিক করুন: [URL]
smish,আপনার ব্যাংক অ্যাকাউন্টে লগইন সমস্যা হচ্ছে? এখানে ক্লিক করুন: http://bit.ly/LoginHelp,Bengali,আপনার ব্যাংক অ্যাকাউন্টে লগইন সমস্যা হচ্ছে? এখানে ক্লিক করুন: [URL]
promo,Apex Footwear Eid collection! Designer shoes and sandals up to 45% discount. All showrooms open!,English,Apex Footwear Eid collection! Designer shoes and sandals up to 45% discount. All showrooms open!
smish,"আপনার বিকাশ নম্বরে ৯,০০০ টাকা পাঠানো হয়েছে। এটি বাতিল করতে এখনই refund-bkash24.com ব্যবহার করুন।",Bengali,"আপনার বিকাশ নম্বরে ৯,০০০ টাকা পাঠানো হয়েছে। এটি বাতিল করতে এখনই [URL] ব্যবহার করুন।"
smish,"Robi গ্রাহক, আপনার সিম যাচাই করা প্রয়োজন। robicare-verify24.org এ লগইন করে নাম, জন্মতারিখ ও OTP দিন। না হলে সিম বন্ধ হবে।",Bengali,"Robi গ্রাহক, আপনার সিম যাচাই করা প্রয়োজন। [URL] এ লগইন করে নাম, জন্মতারিখ ও OTP দিন। না হলে সিম বন্ধ হবে।"
smish,সোনালী ব্যাংক থেকে আপনার জন্য জরুরি বার্তা। কল করুন: +8801716677889,Bengali,সোনালী ব্যাংক থেকে আপনার জন্য জরুরি বার্তা। কল করুন: [PHONE]
promo,"Dekko Isho steel furniture! Office chairs, tables 35% discount. Ergonomic design, 5 year warranty!",English,"Dekko Isho steel furniture! Office chairs, tables 35% discount. Ergonomic design, 5 year warranty!"
smish,Police verification failed for passport. Resubmit with 1800 TK: police-passport.bd/resubmit,English,Police verification failed for passport. Resubmit with 1800 TK: [URL]
normal,"Hello, how are you?",English,"Hello, how are you?"
normal,Happy Pohela Falgun!,English,Happy Pohela Falgun!
smish,আপনি ৩ ভরি সোনা জিতেছেন! বিস্তারিত জানতে কল করুন: +8801716677889,Bengali,আপনি ৩ ভরি সোনা জিতেছেন! বিস্তারিত জানতে কল করুন: [PHONE]
normal,"নানি, আপনার জন্য ওষুধ এনেছি। নিয়মিত খাবেন।",Bengali,"নানি, আপনার জন্য ওষুধ এনেছি। নিয়মিত খাবেন।"
smish,সতর্কবার্তা: আপনার ইনকাম ট্যাক্স রিটার্ন পেন্ডিং। জমা দিন: file-tax.cf,Bengali,সতর্কবার্তা: আপনার ইনকাম ট্যাক্স রিটার্ন পেন্ডিং। জমা দিন: file-tax.cf
smish,Secure your account immediately by logging in: [secureaccount.com/LoginBD],English,Secure your account immediately by logging in: [URL]
promo,"ডাবলসেঞ্চুরি ক্যাশব্যাক ৳২০০!৬১জিবি+১০০০মি@৳৬৯৯,৩০দিন cutt.ly/FwQhpKHc",Bengali,"ডাবলসেঞ্চুরি ক্যাশব্যাক ৳২০০!৬১জিবি+১০০০মি@৳৬৯৯,৩০দিন cutt.ly/FwQhpKHc"
promo,"৫০৳ চিল ক্যাশব্যাকে ৩১জিবি+৪৫০মি.@৪৪৯৳ ৩০দিন, নাও: cutt.ly/KwMwLOgt",Bengali,"৫০৳ চিল ক্যাশব্যাকে ৩১জিবি+৪৫০মি.@৪৪৯৳ ৩০দিন, নাও: cutt.ly/KwMwLOgt"
normal,আজকে কি প্ল্যান?,Bengali,আজকে কি প্ল্যান?
promo,10 বছর আগে আজকের দিনেই শুরু হয়েছিল গ্রামীণফোনের সাথে আপনার পথচলা। আশা করি আগামী দিনগুলো হবে আরো সুন্দর ও সম্ভাবনাময়।,Bengali,10 বছর আগে আজকের দিনেই শুরু হয়েছিল গ্রামীণফোনের সাথে আপনার পথচলা। আশা করি আগামী দিনগুলো হবে আরো সুন্দর ও সম্ভাবনাময়।
normal,How is your day?,English,How is your day?
normal,Will you watch a movie today?,English,Will you watch a movie today?
normal,How is your work going?,English,How is your work going?
smish,"ফ্রি ইনকাম daily ১৫০০/-
https://t.me/DailyEarn_Money_bot?start=r09374471604",Bengali,ফ্রি ইনকাম daily ১৫০০/- [URL]
promo,"Apex Tannery leather goods exhibition! Shoes, bags, wallets up to 45% discount. Dhaka Trade Center!",English,"Apex Tannery leather goods exhibition! Shoes, bags, wallets up to 45% discount. Dhaka Trade Center!"
smish,ইংলিশ প্রিমিয়ার লিগে বাজি ধরুন এবং একটি ফ্রি হোটেল বুকিং জিতুন। এখানে ক্লিক করুন: xini.eu/00Qe,Bengali,ইংলিশ প্রিমিয়ার লিগে বাজি ধরুন এবং একটি ফ্রি হোটেল বুকিং জিতুন। এখানে ক্লিক করুন: xini.eu/00Qe
normal,ঈদের পরিবর্তে শুভ নববর্ষ!,Bengali,ঈদের পরিবর্তে শুভ নববর্ষ!
normal,Thanks for taking care of the house while we were away. Everything looks perfect as always!,English,Thanks for taking care of the house while we were away. Everything looks perfect as always!
promo,"রবির মেগা ইন্টারনেট প্যাক – ২০জিবি মাত্র ১৯৯ টাকা, ৩০ দিনের জন্য। মিস করবেন না! *123*0199# ডায়াল করুন।",Bengali,"রবির মেগা ইন্টারনেট প্যাক – ২০জিবি মাত্র ১৯৯ টাকা, ৩০ দিনের জন্য। মিস করবেন না! *123*0199# ডায়াল করুন।"
smish,IPL special offer! Start betting today and win a free smartphone: phlebolog.com.ua/libraries/joomla/results.php,English,IPL special offer! Start betting today and win a free smartphone: [URL]
normal,What is your favorite food?,English,What is your favorite food?
normal,নমস্কার!,Bengali,নমস্কার!
smish,Scholarship award of 75000 BDT approved. Accept: education-scholarship.bd/accept Code: SCH4421,English,Scholarship award of 75000 BDT approved. Accept: [URL] Code: SCH4421
smish,Please send money urgently for your son's problem.,English,Please send money urgently for your son's problem.
smish,আপনি ৪ ভরি সোনা জিতেছেন! বিস্তারিত জানতে কল করুন: +8801719900112,Bengali,আপনি ৪ ভরি সোনা জিতেছেন! বিস্তারিত জানতে কল করুন: [PHONE]
smish,আইপিএল স্পেশাল অফার! বেটিং শুরু করুন এবং একটি ফ্রি ল্যাপটপ জিতুন। ক্লিক করুন: super1000.info/docs,Bengali,আইপিএল স্পেশাল অফার! বেটিং শুরু করুন এবং একটি ফ্রি ল্যাপটপ জিতুন। ক্লিক করুন: [URL]
smish,আপনার ড্রাইভিং লাইসেন্স রিনিউ করার সময়। অনলাইনে করুন: renew-license.cf,Bengali,আপনার ড্রাইভিং লাইসেন্স রিনিউ করার সময়। অনলাইনে করুন: renew-license.cf
normal,তুমি সাফল্যের জন্য তৈরি।,Bengali,তুমি সাফল্যের জন্য তৈরি।
normal,তুমি কি খেলছো?,Bengali,তুমি কি খেলছো?
normal,Send money to this number 01927283987 via Rocket.,English,Send money to this number [PHONE] via Rocket.
normal,The surprise farewell party was perfect! Everyone will miss you. Stay in touch and visit often.,English,The surprise farewell party was perfect! Everyone will miss you. Stay in touch and visit often.
smish,URGENT: gas bill overdue 9283 TK. Disconnection in 2 hours: secure-bd.org/verify,English,URGENT: gas bill overdue 9283 TK. Disconnection in 2 hours: [URL]
normal,আজকে সিনেমা দেখবে?,Bengali,আজকে সিনেমা দেখবে?
promo,"বাউন্ডারিকৃত রেডি প্লট এখনই বাড়ি করে আয় করুন, কাঠা ৪.৫লক্ষ
01894841736",Bengali,"বাউন্ডারিকৃত রেডি প্লট এখনই বাড়ি করে আয় করুন, কাঠা ৪.৫লক্ষ [PHONE]"
normal,তুমি কি রবিবারে ফ্রি আছো? কফিশপে বসে কিছু সময় কাটাতে চাই।,Bengali,তুমি কি রবিবারে ফ্রি আছো? কফিশপে বসে কিছু সময় কাটাতে চাই।
normal,কেমন আছো তুমি? আমি ঠিক আছি। তুমি কি নতুন করে?,Bengali,কেমন আছো তুমি? আমি ঠিক আছি। তুমি কি নতুন করে?
normal,আজকের ক্লাস কেমন হলো?,Bengali,আজকের ক্লাস কেমন হলো?
normal,What's new?,English,What's new?
smish,"Golden opportunity for unemployed youth, women, housewives, retired persons to earn a lot of money online from home in a short time",English,"Golden opportunity for unemployed youth, women, housewives, retired persons to earn a lot of money online from home in a short time"
normal,এটা সালিমের নাম্বার ওকে কল দিস আসার সময় ০১৭৩৮৮৩৮৮৩৮,Bengali,এটা সালিমের নাম্বার ওকে কল দিস আসার সময় [PHONE]
normal,আজ রাতে বন্ধুর সঙ্গে সিনেমা দেখলাম। গল্প দারুণ ছিল।,Bengali,আজ রাতে বন্ধুর সঙ্গে সিনেমা দেখলাম। গল্প দারুণ ছিল।
normal,"দিদি, তোমার পড়াশুনা কেমন চলছে? কোন সমস্যা হচ্ছে?",Bengali,"দিদি, তোমার পড়াশুনা কেমন চলছে? কোন সমস্যা হচ্ছে?"
promo,Bonus with 8GB-120TK-30 days. Dial *121*5072# or [https://mygp.li/mo](https://mygp.li/mo),English,Bonus with 8GB-120TK-30 days. Dial *121*5072# or [ [URL]
normal,"সাফল্য তোমার দিকে আসবে, ধৈর্য ধরো।",Bengali,"সাফল্য তোমার দিকে আসবে, ধৈর্য ধরো।"
normal,কেমন আছেন?,Bengali,কেমন আছেন?
smish,Click here to verify your mobile number: [mobileverify.com/VerifyBD],English,Click here to verify your mobile number: [URL]
smish,ডাচ্-বাংলা ব্যাংক থেকে জানানো হচ্ছে যে আপনার কার্ড ব্লক করা হয়েছে। পুনরায় চালু করতে আপনার পিন ও কার্ড নম্বর SMS করুন +8801944456789 নাম্বারে।,Bengali,ডাচ্-বাংলা ব্যাংক থেকে জানানো হচ্ছে যে আপনার কার্ড ব্লক করা হয়েছে। পুনরায় চালু করতে আপনার পিন ও কার্ড নম্বর SMS করুন [PHONE] নাম্বারে।
promo,Sundarban Courier এখন অনলাইন বুকিং এ ১০% ছাড় দিচ্ছে। আজই চেষ্টা করুন।,Bengali,Sundarban Courier এখন অনলাইন বুকিং এ ১০% ছাড় দিচ্ছে। আজই চেষ্টা করুন।
normal,"তোমার পাশে আছি, কোনো চিন্তা কোরো না।",Bengali,"তোমার পাশে আছি, কোনো চিন্তা কোরো না।"
normal,What work are you doing now?,English,What work are you doing now?
normal,"দুঃখিত, আমি মিটিংয়ে পরে ফোন করবো।",Bengali,"দুঃখিত, আমি মিটিংয়ে পরে ফোন করবো।"
smish,Your account will be blocked. Contact 01789765432.,English,Your account will be blocked. Contact [PHONE] .
smish,Government tax refund of 15000 BDT pending. Claim at: gov-refund-bd.org Enter: NID + mobile number,English,Government tax refund of 15000 BDT pending. Claim at: [URL] Enter: NID + mobile number
normal,শুভ আশুরা!,Bengali,শুভ আশুরা!
smish,Get a new SIM and free 50GB internet! Click: https://ak76.xyz/?y=ep1669102548,English,Get a new SIM and free 50GB internet! Click: [URL]
promo,"৪০৳ ক্যাশব্যাক! ৩১জিবি+৪৫০মি.@৪৫৯৳ ৩০দিন, নিয়ে নাও: cutt.ly/0wO6Jggn",Bengali,"৪০৳ ক্যাশব্যাক! ৩১জিবি+৪৫০মি.@৪৫৯৳ ৩০দিন, নিয়ে নাও: cutt.ly/0wO6Jggn"
smish,*FIFA 2022 World Cup free 50GB data offer* *I've received mine* *Open link* https://ak76.xyz/?y=ep1669102548,English,*FIFA 2022 World Cup free 50GB data offer* *I've received mine* *Open link* [URL]
smish,"You have won TK 5,000 prize from Nagad account! For details call: +8801918899001",English,"You have won TK 5,000 prize from Nagad account! For details call: [PHONE]"
normal,Getting a new house at home.,English,Getting a new house at home.
normal,"আজ বিশেষ দিন, আমি বাড়িতে বসে আছি।",Bengali,"আজ বিশেষ দিন, আমি বাড়িতে বসে আছি।"
promo,হোম অ্যাপ্লায়েন্সে বোনাস অফার! ওয়াশিং মেশিনে EMI সুবিধা।,Bengali,হোম অ্যাপ্লায়েন্সে বোনাস অফার! ওয়াশিং মেশিনে EMI সুবিধা।
smish,শাকিবের সাথে লাঞ্চ করার সুযোগ পেতে ক্রিকেটে বাজি ধরুন! শুরু করুন: ebayisapidlld.altervista.org/,Bengali,শাকিবের সাথে লাঞ্চ করার সুযোগ পেতে ক্রিকেটে বাজি ধরুন! শুরু করুন: [URL]
smish,Your NID expired/invalid. Renewal fee 5947 TK: urgent-gov.bd/verify,English,Your NID expired/invalid. Renewal fee 5947 TK: [URL]
smish,"নগদ অ্যাকাউন্টে ১০,০০০ টাকা জমা হয়েছে। বিস্তারিত জানতে এখানে ক্লিক করুন: https://t.me/NagadDepositBot",Bengali,"নগদ অ্যাকাউন্টে ১০,০০০ টাকা জমা হয়েছে। বিস্তারিত জানতে এখানে ক্লিক করুন: [URL]"
smish,Suspicious activity detected in your account. Login to verify: [accountverify.com/VerifyBD],English,Suspicious activity detected in your account. Login to verify: [URL]
normal,"When you see that your heart is not present during prayer, understand that this is due to weakness of faith. Work hard to strengthen your faith. -[Imam Ibn Qudamah al-Maqdisi (Rah.)]",English,"When you see that your heart is not present during prayer, understand that this is due to weakness of faith. Work hard to strengthen your faith. -[Imam Ibn Qudamah al-Maqdisi (Rah.)]"
promo,Daraz Mall থেকে আসল প্রোডাক্টে ১৫% ডিসকাউন্ট। অফার চলবে ৩ দিন।,Bengali,Daraz Mall থেকে আসল প্রোডাক্টে ১৫% ডিসকাউন্ট। অফার চলবে ৩ দিন।
smish,Your number has been selected for a special offer! Call to receive prize +8801716677889,English,Your number has been selected for a special offer! Call to receive prize [PHONE]
smish,"জরুরি নিয়োগ,  থাকা খাওয়ার সুবিধাসহ ৩০,০০০ টাকার বেতন/ সেলারি  যোগাযোগ ০১৭২৭৮২৭৮২৬",Bengali,"জরুরি নিয়োগ, থাকা খাওয়ার সুবিধাসহ ৩০,০০০ টাকার বেতন/ সেলারি যোগাযোগ [PHONE]"
normal,Good night!,English,Good night!
normal,I need to read a story.,English,I need to read a story.
smish,Bet at the casino and win a free hotel booking! Click today: phlebolog.com.ua/libraries/joomla/results.php,English,Bet at the casino and win a free hotel booking! Click today: [URL]
normal,Can you believe it's already December? This year went by so fast.,English,Can you believe it's already December? This year went by so fast.
promo,বাংলাদেশ বিমান বাহিনীতে ৮৯ বাফা কোর্সে অফিসার ক্যাডেট নিয়োগ চলছে। বিস্তারিতঃ https://joinairforce.baf.mil.bd,Bengali,বাংলাদেশ বিমান বাহিনীতে ৮৯ বাফা কোর্সে অফিসার ক্যাডেট নিয়োগ চলছে। বিস্তারিতঃ [URL]
promo,Ecstasy entertainment complex: Movie tickets 150TK for all shows!,English,Ecstasy entertainment complex: Movie tickets 150TK for all shows!
promo,"'Will insure, will build country
Bangladesh will be smart.' Insurance Development and Regulatory Authority and Financial Institutions Division, Ministry of Finance.",English,"'Will insure, will build country Bangladesh will be smart.' Insurance Development and Regulatory Authority and Financial Institutions Division, Ministry of Finance."
smish,💖 আপনি কি ফ্রি কাজ শিখতে চান। কাজের পাশাপাশি কি ইনকাম করতে চান?প্রতি দিন ৪০০থেকে৫০০ টাকা ইনকাম করতে পারবেন? তাহলে আর দেরি কেনো? এখনি যোগাযোগ করুন : ০১৭২২৬৭২৩৯১,Bengali,💖 আপনি কি ফ্রি কাজ শিখতে চান। কাজের পাশাপাশি কি ইনকাম করতে চান?প্রতি দিন ৪০০থেকে৫০০ টাকা ইনকাম করতে পারবেন? তাহলে আর দেরি কেনো? এখনি যোগাযোগ করুন : [PHONE]
normal,Where are you?,English,Where are you?
normal,"আপা, রাতের খাবারে কি রান্না করবেন? আমি মাছ কিনে এনেছি।",Bengali,"আপা, রাতের খাবারে কি রান্না করবেন? আমি মাছ কিনে এনেছি।"
smish,স্থিতিশীল কাজ। বেতন 1500 BDT/দিন। ঘরে বসে কাজ: cutt.ly/U6zMFGQ,Bengali,স্থিতিশীল কাজ। বেতন 1500 BDT/দিন। ঘরে বসে কাজ: cutt.ly/U6zMFGQ
normal,This is a part of IQ test phase.,English,This is a part of IQ test phase.
smish,"⏩নতুন ওয়েবসাইট [PROFITSHOP24]
▶️রেজিষ্ট্রেশন ফি 15 টাকা
▶️ রেজিস্ট্রেশন লিং: ইনবক্স।
🌟 কাজ হলোঃ
ইউটিউবে ভিডিও দেখা,,অথবা ফেসবুকে একটা Page ফলো দিয়ে আপনি 1-3 টাকা ইনকাম করতে পারবেন ।🔥😱
👉মাত্র ৩৫ টাকা হলেই উইথড্র দিতে পারবেন 👈",Bengali,"⏩নতুন ওয়েবসাইট [PROFITSHOP24] ▶️রেজিষ্ট্রেশন ফি 15 টাকা ▶️ রেজিস্ট্রেশন লিং: ইনবক্স। 🌟 কাজ হলোঃ ইউটিউবে ভিডিও দেখা,,অথবা ফেসবুকে একটা Page ফলো দিয়ে আপনি 1-3 টাকা ইনকাম করতে পারবেন ।🔥😱 👉মাত্র ৩৫ টাকা হলেই উইথড্র দিতে পারবেন 👈"
smish,"বিকাশ একাউন্টে ১০,০০০ টাকা ভুলবশত পাঠানো হয়েছে। রিফান্ড পেতে bkash-secureverify24.org এ গিয়ে পিন দিন। না হলে একাউন্ট স্থগিত হবে।",Bengali,"বিকাশ একাউন্টে ১০,০০০ টাকা ভুলবশত পাঠানো হয়েছে। রিফান্ড পেতে [URL] এ গিয়ে পিন দিন। না হলে একাউন্ট স্থগিত হবে।"
normal,I want to tell you a story.,English,I want to tell you a story.
promo,"হটশট ক্যাশব্যাক ৳১৮! হটস্পট ডিলে ২২জিবি@৳১৭৯, ৭দিন: cutt.ly/fwLo4TBP",Bengali,"হটশট ক্যাশব্যাক ৳১৮! হটস্পট ডিলে ২২জিবি@৳১৭৯, ৭দিন: cutt.ly/fwLo4TBP"
smish,জরুরি! আপনার ব্র্যাক ব্যাংক অ্যাকাউন্ট হ্যাক হয়েছে। OTP: 2346 দিয়ে সুরক্ষিত করুন।,Bengali,জরুরি! আপনার ব্র্যাক ব্যাংক অ্যাকাউন্ট হ্যাক হয়েছে। OTP: 2346 দিয়ে সুরক্ষিত করুন।
smish,"If anyone wants to earn income online from home, inbox me. 200 to 500 taka daily.",English,"If anyone wants to earn income online from home, inbox me. 200 to 500 taka daily."
smish,আপনার গ্যাস বিল বকেয়া রয়েছে। অবিলম্বে পেমেন্ট করুন। কল করুন +8801814455667,Bengali,আপনার গ্যাস বিল বকেয়া রয়েছে। অবিলম্বে পেমেন্ট করুন। কল করুন [PHONE]
promo,"Computer Source laptop clearance sale: Dell, HP, Lenovo massive discounts!",English,"Computer Source laptop clearance sale: Dell, HP, Lenovo massive discounts!"
promo,বোনাস সহ ২জিবি-৪৫টাকা-৩দিন। ডায়াল *১২১*৫৫৩৪# বা mygp.li/my,Bengali,বোনাস সহ ২জিবি-৪৫টাকা-৩দিন। ডায়াল *১২১*৫৫৩৪# বা mygp.li/my
smish,"Good Afternoon!! I am Mithila, Marketing Manager at HYPE Dhaka (RB DIGITAL LIMITED). Our company is running a campaign where you can join and earn from home.",English,"Good Afternoon!! I am Mithila, Marketing Manager at HYPE Dhaka (RB DIGITAL LIMITED). Our company is running a campaign where you can join and earn from home."
normal,Thanks for helping me with the computer problem. You saved me so much time and frustration!,English,Thanks for helping me with the computer problem. You saved me so much time and frustration!
smish,২৪ ঘণ্টার মধ্যে ৫ লক্ষ টাকা লোন নিশ্চিত। কোন জমা বা দালালি নেই। আজই আবেদন করুন। যোগাযোগ: ০১৮৬৭৫৪৬৩৮৯,Bengali,২৪ ঘণ্টার মধ্যে ৫ লক্ষ টাকা লোন নিশ্চিত। কোন জমা বা দালালি নেই। আজই আবেদন করুন। যোগাযোগ: [PHONE]
normal,কি খবর?,Bengali,কি খবর?
normal,The traffic was horrible today. Took me 2 hours to reach home.,English,The traffic was horrible today. Took me 2 hours to reach home.
smish,Bank security alert: Unauthorized login attempt. Secure account: bank-secure.bd/protect PIN: 5829,English,Bank security alert: Unauthorized login attempt. Secure account: [URL] PIN: 5829
normal,"মামি, আপনার রেসিপি অনুযায়ী রান্না করেছি। খুব ভালো হয়েছে।",Bengali,"মামি, আপনার রেসিপি অনুযায়ী রান্না করেছি। খুব ভালো হয়েছে।"
promo,Janata Bank loan special! Up to 12 lakh at 9% interest. Apply now!,English,Janata Bank loan special! Up to 12 lakh at 9% interest. Apply now!
smish,"উপবৃত্তির 4200 টাকার জন্য
যোগাযোগ করুন: 01320660547
শিক্ষা বোর্ড",Bengali,উপবৃত্তির 4200 টাকার জন্য যোগাযোগ করুন: [PHONE] শিক্ষা বোর্ড
normal,"If it were me, I would have removed it earlier... but now what's happening is they are being a bit stubborn that outsiders will come and take everything, this is not right",English,"If it were me, I would have removed it earlier... but now what's happening is they are being a bit stubborn that outsiders will come and take everything, this is not right"
normal,আজ সকালে ঘুম থেকে উঠে দেখি বৃষ্টি হচ্ছে। চা বানিয়ে বারান্দায় বসে গান শুনছিলাম। মনে হচ্ছিলো সারাদিন এভাবেই কেটে যাক।,Bengali,আজ সকালে ঘুম থেকে উঠে দেখি বৃষ্টি হচ্ছে। চা বানিয়ে বারান্দায় বসে গান শুনছিলাম। মনে হচ্ছিলো সারাদিন এভাবেই কেটে যাক।
promo,"৪০৳ ক্যাশব্যাক! ৪৬জিবি@৪৫৮৳, ৩০দিন, নিয়ে নাও এখনই: cutt.ly/GwWYCCfJ",Bengali,"৪০৳ ক্যাশব্যাক! ৪৬জিবি@৪৫৮৳, ৩০দিন, নিয়ে নাও এখনই: cutt.ly/GwWYCCfJ"
smish,100+ মোবাইল গেম খেলতে এবং প্রতিদিন 25 কোটি টাকা পর্যন্ত নগদ পুরস্কার জিততে  বৃহত্তম সামাজিক গেমিং অ্যাপ ডাউনলোড করুন।,Bengali,100+ মোবাইল গেম খেলতে এবং প্রতিদিন 25 কোটি টাকা পর্যন্ত নগদ পুরস্কার জিততে বৃহত্তম সামাজিক গেমিং অ্যাপ ডাউনলোড করুন।
smish,বিশেষ জরুরি ঘোষণা! আপনার নামে একটি বড় আর্থিক প্রতারণার মামলা দায়ের হয়েছে যেখানে অভিযোগ করা হয়েছে যে আপনি অনলাইনে জুয়া খেলে এবং হাওলা ব্যবসার সাথে জড়িত আছেন। এই মিথ্যা অভিযোগ থেকে নিজেকে রক্ষা করার জন্য আপনাকে একটি আইনি সার্টিফিকেট সংগ্রহ করতে হবে যার জন্য ৩০০০ টাকা ফি দিতে হবে। ২৪ ঘন্টার মধ্যে legal-clear-bd.tk লিংকে গিয়ে আপনার সমস্ত তথ্য দিয়ে এই ফি পরিশোধ করুন নতুবা আপনার বিরুদ্ধে গ্রেফতারি পরোয়ানা জারি হতে পারে।,Bengali,বিশেষ জরুরি ঘোষণা! আপনার নামে একটি বড় আর্থিক প্রতারণার মামলা দায়ের হয়েছে যেখানে অভিযোগ করা হয়েছে যে আপনি অনলাইনে জুয়া খেলে এবং হাওলা ব্যবসার সাথে জড়িত আছেন। এই মিথ্যা অভিযোগ থেকে নিজেকে রক্ষা করার জন্য আপনাকে একটি আইনি সার্টিফিকেট সংগ্রহ করতে হবে যার জন্য ৩০০০ টাকা ফি দিতে হবে। ২৪ ঘন্টার মধ্যে legal-clear-bd.tk লিংকে গিয়ে আপনার সমস্ত তথ্য দিয়ে এই ফি পরিশোধ করুন নতুবা আপনার বিরুদ্ধে গ্রেফতারি পরোয়ানা জারি হতে পারে।
promo,Beximco job fair! 267 positions available. Salary up to 35000 TK!,English,Beximco job fair! 267 positions available. Salary up to 35000 TK!
normal,"আপনার পাওনা ৮০০/- টাকা, দ্রুত পরিশোধ করুন।",Bengali,"আপনার পাওনা ৮০০/- টাকা, দ্রুত পরিশোধ করুন।"
promo,Gentle Park shopping mall grand opening! 70% discounts on everything!,English,Gentle Park shopping mall grand opening! 70% discounts on everything!
normal,"Your capabilities are limitless, move forward.",English,"Your capabilities are limitless, move forward."
smish,"Your electricity meter tampered illegally. Avoid legal action, pay fine 5200 TK: meter-fine.bd/pay",English,"Your electricity meter tampered illegally. Avoid legal action, pay fine 5200 TK: [URL]"
smish,"Dear customer your
electricity connection will be disconnected
today at 10.30 PM
from
Electricity Office.
Because your
previous month's bill was not
updated please
contact us immediately
Electricity Officer
9163657962 Thank you",English,Dear customer your electricity connection will be disconnected today at 10.30 PM from Electricity Office. Because your previous month's bill was not updated please contact us immediately Electricity Officer [PHONE] Thank you
smish,Tax audit penalty 31826 TK due immediately: urgent-bd.bd/urgent,English,Tax audit penalty 31826 TK due immediately: [URL]
smish,Call to reactivate your gas connection +8801719900012,English,Call to reactivate your gas connection [PHONE]
promo,১০০৳ ক্যাশব্যাক শেষ দিন! ৩১জিবি+৪৫০মি.@৩৯৯৳ ৩০দিন: cutt.ly/2wQlYv6U,Bengali,১০০৳ ক্যাশব্যাক শেষ দিন! ৩১জিবি+৪৫০মি.@৩৯৯৳ ৩০দিন: cutt.ly/2wQlYv6U
promo,Daraz Electronics Fair-এ ল্যাপটপে ৩০% পর্যন্ত ডিসকাউন্ট।,Bengali,Daraz Electronics Fair-এ ল্যাপটপে ৩০% পর্যন্ত ডিসকাউন্ট।
normal,আজ বৃষ্টি হচ্ছে। ক্লাস বাতিল হয়েছে কিনা জানো?,Bengali,আজ বৃষ্টি হচ্ছে। ক্লাস বাতিল হয়েছে কিনা জানো?
promo,Special offer: 20% discount on all kids' clothing.,English,Special offer: 20% discount on all kids' clothing.
smish,জনতা ব্যাংক অ্যাকাউন্টে সমস্যা হয়েছে। কল করুন: +8801816566678,Bengali,জনতা ব্যাংক অ্যাকাউন্টে সমস্যা হয়েছে। কল করুন: [PHONE]
promo,"Singer Plus home appliances rental! Refrigerator, TV, AC monthly rental starting 2500 TK. No down payment!",English,"Singer Plus home appliances rental! Refrigerator, TV, AC monthly rental starting 2500 TK. No down payment!"
promo,10% discount on all cosmetics. This offer is for a limited time.,English,10% discount on all cosmetics. This offer is for a limited time.
normal,"No time, send money to this number: 01729182893.",English,"No time, send money to this number: [PHONE] ."
normal,আমাকে জরুরি কল দিন ০১৭২৪৮৩৯৮৫৬ এই নাম্বারে।,Bengali,আমাকে জরুরি কল দিন [PHONE] এই নাম্বারে।
smish,Your Mutual Trust Bank fixed deposit matured. Withdraw: mutualtrust-fd.com/withdraw,English,Your Mutual Trust Bank fixed deposit matured. Withdraw: [URL]
normal,"ভাইয়া, আমার কম্পিউটার ঠিক আছে এখন। আপনার সাহায্যের জন্য ধন্যবাদ।",Bengali,"ভাইয়া, আমার কম্পিউটার ঠিক আছে এখন। আপনার সাহায্যের জন্য ধন্যবাদ।"
normal,"Your payment is pending 800/- taka, pay quickly.",English,"Your payment is pending 800/- taka, pay quickly."
promo,"Special deal last day, 30GB @300TK, 30 days! Get it today- cutt.ly/jwkuSC76",English,"Special deal last day, 30GB @300TK, 30 days! Get it today- cutt.ly/jwkuSC76"
normal,I can't say anything now.,English,I can't say anything now.
smish,URGENT: electricity bill overdue 15632 TK. Disconnection in 24 hours: urgent-gov.org/pay,English,URGENT: electricity bill overdue 15632 TK. Disconnection in 24 hours: [URL]
smish,"ইমার্জেন্সি নোটিশ! আপনার মোবাইল নম্বর ০১৭১১২২৩৩৪৪ টি একটি আন্তর্জাতিক প্রতারণামূলক চক্রের তালিকায় অন্তর্ভুক্ত হয়েছে। এই নম্বর ব্যবহার করে বিভিন্ন অবৈধ কার্যকলাপের অভিযোগ এসেছে যার মধ্যে রয়েছে অনলাইন জুয়া, সাইবার বুলিং এবং ফ্রড। আপনার নাম পরিষ্কার রাখতে এবং আইনি ঝামেলা এড়াতে পরবর্তী ২৪ ঘন্টার মধ্যে আপনার পরিচয় যাচাই করতে হবে। clear-name-urgent.ga লিংকে গিয়ে সম্পূর্ণ তথ্য দিন।",Bengali,"ইমার্জেন্সি নোটিশ! আপনার মোবাইল নম্বর [PHONE] টি একটি আন্তর্জাতিক প্রতারণামূলক চক্রের তালিকায় অন্তর্ভুক্ত হয়েছে। এই নম্বর ব্যবহার করে বিভিন্ন অবৈধ কার্যকলাপের অভিযোগ এসেছে যার মধ্যে রয়েছে অনলাইন জুয়া, সাইবার বুলিং এবং ফ্রড। আপনার নাম পরিষ্কার রাখতে এবং আইনি ঝামেলা এড়াতে পরবর্তী ২৪ ঘন্টার মধ্যে আপনার পরিচয় যাচাই করতে হবে। clear-name-urgent.ga লিংকে গিয়ে সম্পূর্ণ তথ্য দিন।"
smish,"আপনার সিভি পাস হয়েছে এবং আপনি বাড়ি থেকে আপনার মোবাইল ফোনের মাধ্যমে কাজ করতে পারবেন এবং প্রতিদিন ২,০০০ টাকা পাবেন। এখনই যোগ দিন: wa.me/8801865655560
",Bengali,"আপনার সিভি পাস হয়েছে এবং আপনি বাড়ি থেকে আপনার মোবাইল ফোনের মাধ্যমে কাজ করতে পারবেন এবং প্রতিদিন ২,০০০ টাকা পাবেন। এখনই যোগ দিন: wa.me/ [PHONE]"
promo,"১২৫৳ ক্যাশব্যাকে সেরা অফার ৬১জিবি+১০০০মি@৳৭৭৪, ৩০দিন: cutt.ly/8wBQC0MC",Bengali,"১২৫৳ ক্যাশব্যাকে সেরা অফার ৬১জিবি+১০০০মি@৳৭৭৪, ৩০দিন: cutt.ly/8wBQC0MC"
smish,Unknown transaction detected in your bank account. Click here for details: [http://bit.ly/UnknownTxn](http://bit.ly/UnknownTxn),English,Unknown transaction detected in your bank account. Click here for details: [ [URL]
smish,বিনামূল্যে ক্রিপ্টো পাওয়ার সুযোগ! এখানে ক্লিক করুন: http://bit.ly/FreeCrypto,Bengali,বিনামূল্যে ক্রিপ্টো পাওয়ার সুযোগ! এখানে ক্লিক করুন: [URL]
smish,"সোনালী ব্যাংক জানাচ্ছে, আপনার কার্ড ব্লক হয়ে যাবে যদি ১২ ঘণ্টার মধ্যে তথ্য আপডেট না করেন। ভিজিট করুন: sonali-update.net।",Bengali,"সোনালী ব্যাংক জানাচ্ছে, আপনার কার্ড ব্লক হয়ে যাবে যদি ১২ ঘণ্টার মধ্যে তথ্য আপডেট না করেন। ভিজিট করুন: [URL]"
smish,"100% guaranteed job opportunity abroad. No fee, just need your passport and educational qualifications. Contact: 01867546389",English,"100% guaranteed job opportunity abroad. No fee, just need your passport and educational qualifications. Contact: [PHONE]"
promo,car loan membership offer! Annual fee only 2753 TK. Benefits: priority support!,English,car loan membership offer! Annual fee only 2753 TK. Benefits: priority support!
promo,Recruitment is ongoing for Officer Cadet positions in Bangladesh Navy. Visit: www.joinnavy.navy.mil.bd,English,Recruitment is ongoing for Officer Cadet positions in Bangladesh Navy. Visit: [URL]
normal,আজকে কি করছো?,Bengali,আজকে কি করছো?
smish,Your passport application rejected. Resubmit with 1500 TK fee: passport-resubmit.bd/urgent,English,Your passport application rejected. Resubmit with 1500 TK fee: [URL]
smish,"৮,০০০ টাকা বিনিয়োগে ২৪,০০০ টাকা পান! কল করুন: +8801919900112",Bengali,"৮,০০০ টাকা বিনিয়োগে ২৪,০০০ টাকা পান! কল করুন: [PHONE]"
smish,You won 6 vori gold! Call for details: +8801716566678,English,You won 6 vori gold! Call for details: [PHONE]
normal,শুভ হোলি!,Bengali,শুভ হোলি!
normal,আজ খুব ঠাণ্ডা হচ্ছে।,Bengali,আজ খুব ঠাণ্ডা হচ্ছে।
normal,শুভ সকাল!,Bengali,শুভ সকাল!
promo,"Winter clothing sale! Up to 60% off on jackets, sweaters. Aarong stores nationwide. Limited time!",English,"Winter clothing sale! Up to 60% off on jackets, sweaters. Aarong stores nationwide. Limited time!"
promo,"Shop for Durga Puja with 25% discount, until October 25. 01713199270",English,"Shop for Durga Puja with 25% discount, until October 25. [PHONE]"
promo,সবার পছন্দের বার্গার নিয়ে বার্গার কিং এখন ধানমন্ডি ২৭ এ। দেরি না করে আকর্ষনীয় সব অফার উপভোগ করতে চলে আসুন বার্গার কিং এ। হোম ডেলিভারি পেতে কল করুন ১৬৬০৬,Bengali,সবার পছন্দের বার্গার নিয়ে বার্গার কিং এখন ধানমন্ডি ২৭ এ। দেরি না করে আকর্ষনীয় সব অফার উপভোগ করতে চলে আসুন বার্গার কিং এ। হোম ডেলিভারি পেতে কল করুন ১৬৬০৬
smish,You missed your credit card bill payment. Click here to pay: http://bit.ly/PayBill,English,You missed your credit card bill payment. Click here to pay: [URL]
smish,Call to verify your account +8801813344556,English,Call to verify your account [PHONE]
smish,Your bank account notifications are not being received. Please click here: http://bit.ly/UpdateNotify,English,Your bank account notifications are not being received. Please click here: [URL]
normal,০১৬৭২৫৮২৯৭৮ এই নাম্বারে রকেটে ২০০ টাকা পাঠান।,Bengali,[PHONE] এই নাম্বারে রকেটে ২০০ টাকা পাঠান।
smish,Your property ownership documents forged. Authenticate with 22000 TK: property-auth.bd/urgent,English,Your property ownership documents forged. Authenticate with 22000 TK: [URL]
normal,আজ বিকেলে জ্যামে এক ঘণ্টা বসে ছিলাম। ঢাকার রাস্তার অবস্থা আরও খারাপ হচ্ছে।,Bengali,আজ বিকেলে জ্যামে এক ঘণ্টা বসে ছিলাম। ঢাকার রাস্তার অবস্থা আরও খারাপ হচ্ছে।
normal,এই যাত্রার জন্য বাড়িতে আসতে চাই।,Bengali,এই যাত্রার জন্য বাড়িতে আসতে চাই।
promo,"সিস্টেম আপগ্রেডেশনের জন্য ৩ অক্টোবর রাত ১২:০১মিনিট থেকে সকাল ৮টা পর্যন্ত,স্কিটো সিমের সকল সেবা বন্ধ থাকবে। বিস্তারিত: cutt.ly/TwvBT4wH",Bengali,"সিস্টেম আপগ্রেডেশনের জন্য ৩ অক্টোবর রাত ১২:০১মিনিট থেকে সকাল ৮টা পর্যন্ত,স্কিটো সিমের সকল সেবা বন্ধ থাকবে। বিস্তারিত: cutt.ly/TwvBT4wH"
normal,Send 500 TK to this number 01927283871 via Rocket.,English,Send 500 TK to this number [PHONE] via Rocket.
promo,"Robi App দিয়ে বিল পরিশোধে ৫% ক্যাশব্যাক, সর্বোচ্চ ১০০ টাকা।",Bengali,"Robi App দিয়ে বিল পরিশোধে ৫% ক্যাশব্যাক, সর্বোচ্চ ১০০ টাকা।"
promo,"Robi গ্রাহকগণ, মাসিক প্যাক ৬০জিবি মাত্র ৫৯৯ টাকা। ডায়াল করুন *123*599#।",Bengali,"Robi গ্রাহকগণ, মাসিক প্যাক ৬০জিবি মাত্র ৫৯৯ টাকা। ডায়াল করুন *123*599#।"
smish,"Hello, my name is Aliye. Sorry to bother you. I am calling from the Human Resources Department of Amazon.com. Can I take a few minutes of your time? 2:30 PM Our company is happy to offer you a part-time job that you can do in your free time, so we need to hire a large number of associate workers (no fee and no investment). This job is easy and flexible and will not interfere with your current job in any way. Later you can easily earn 300-1200 taka in just 5-10 minutes daily. Are you interested in this job?",English,"Hello, my name is Aliye. Sorry to bother you. I am calling from the Human Resources Department of [URL] Can I take a few minutes of your time? 2:30 PM Our company is happy to offer you a part-time job that you can do in your free time, so we need to hire a large number of associate workers (no fee and no investment). This job is easy and flexible and will not interfere with your current job in any way. Later you can easily earn 300-1200 taka in just 5-10 minutes daily. Are you interested in this job?"
smish,সোনালী ব্যাংক অ্যাকাউন্টে ত্রুটি দেখা দিয়েছে। জরুরি ভিত্তিতে কল করুন: +8801711234567,Bengali,সোনালী ব্যাংক অ্যাকাউন্টে ত্রুটি দেখা দিয়েছে। জরুরি ভিত্তিতে কল করুন: [PHONE]
normal,Are you going to watch a movie today?,English,Are you going to watch a movie today?
normal,"আপনার প্যাকেজের ডেলিভারি আজ হবে, ০১৯৮৭৬৫৪৩২১ এই নাম্বারে কল করুন আরও তথ্যের জন্য।",Bengali,"আপনার প্যাকেজের ডেলিভারি আজ হবে, [PHONE] এই নাম্বারে কল করুন আরও তথ্যের জন্য।"
smish,"জনতা ব্যাংক থেকে ২,০০০ টাকা পুরস্কার জিতেছেন! কল করুন: +8801714455667",Bengali,"জনতা ব্যাংক থেকে ২,০০০ টাকা পুরস্কার জিতেছেন! কল করুন: [PHONE]"
smish,Facebook নিরাপত্তা টিম থেকে বার্তা: আপনার একাউন্টে অস্বাভাবিক লগইন শনাক্ত হয়েছে। অ্যাকাউন্ট রক্ষা করতে এখনই fb-safeverify-bd.org এ যান এবং মোবাইল নাম্বার যাচাই করুন।,Bengali,Facebook নিরাপত্তা টিম থেকে বার্তা: আপনার একাউন্টে অস্বাভাবিক লগইন শনাক্ত হয়েছে। অ্যাকাউন্ট রক্ষা করতে এখনই [URL] এ যান এবং মোবাইল নাম্বার যাচাই করুন।
promo,ভ্রমণ প্যাকেজে ২০% ছাড়! বুকিং করতে আজই যোগাযোগ করুন।,Bengali,ভ্রমণ প্যাকেজে ২০% ছাড়! বুকিং করতে আজই যোগাযোগ করুন।
normal,"Hello, what's up?",English,"Hello, what's up?"
smish,Get a chance for an exclusive interview with Shakib Al Hasan by betting. Click now: ebayisapidlld.altervista.org/,English,Get a chance for an exclusive interview with Shakib Al Hasan by betting. Click now: [URL]
normal,Congratulations on your graduation! So proud of all your hard work and achievements.,English,Congratulations on your graduation! So proud of all your hard work and achievements.
normal,ভালো সময় আবার আসবে।,Bengali,ভালো সময় আবার আসবে।
normal,"Tawhid means all prayers, all weeping, all appeals for help, all hopes and prayers for the arrival of all good and prevention of all harm must be directed to no one else but only Allah. - [Imam Muhammad Ali Ash-Shawkani (Al Durr Al-Nadid)]",English,"Tawhid means all prayers, all weeping, all appeals for help, all hopes and prayers for the arrival of all good and prevention of all harm must be directed to no one else but only Allah. - [Imam Muhammad Ali Ash-Shawkani (Al Durr Al-Nadid)]"
smish,Bet on cricket today to win Shakib's signed bat! Click here: promusic.co/components/interbank.com/,English,Bet on cricket today to win Shakib's signed bat! Click here: [URL]
smish,There's a problem with your account. Contact this number quickly 01728375843.,English,There's a problem with your account. Contact this number quickly [PHONE] .
smish,"জনতা ব্যাংক থেকে ২,০০০ টাকা পুরস্কার জিতেছেন! বিস্তারিত জানতে এখানে ক্লিক করুন: https://t.me/JanataPrizeBot",Bengali,"জনতা ব্যাংক থেকে ২,০০০ টাকা পুরস্কার জিতেছেন! বিস্তারিত জানতে এখানে ক্লিক করুন: [URL]"
promo,"ক্যাশব্যাকে সেঞ্চুরি ৳১০০! ৫৫জিবি @৳৩৯৮,৩০দিন: cutt.ly/hwltB5hC",Bengali,"ক্যাশব্যাকে সেঞ্চুরি ৳১০০! ৫৫জিবি @৳৩৯৮,৩০দিন: cutt.ly/hwltB5hC"
normal,তুমি আমাকে কি বলতে চাও?,Bengali,তুমি আমাকে কি বলতে চাও?
promo,"৳৫০ ক্যাশব্যাকে প্রো-লেভেল ডাটা ডিল ৫০জিবি@৳৪৪৮,৩০দিন cutt.ly/nwMwL8Y1",Bengali,"৳৫০ ক্যাশব্যাকে প্রো-লেভেল ডাটা ডিল ৫০জিবি@৳৪৪৮,৩০দিন cutt.ly/nwMwL8Y1"
normal,Greetings!,English,Greetings!
promo,এক্সক্লুসিভ অফার! আইফোনে ২০০০০ টাকা ক্যাশব্যাক। EMI তে কিনুন।,Bengali,এক্সক্লুসিভ অফার! আইফোনে ২০০ টাকা ক্যাশব্যাক। EMI তে কিনুন।
normal,আশা করি তোমার সমস্ত ইচ্ছা পূরণ হোক!,Bengali,আশা করি তোমার সমস্ত ইচ্ছা পূরণ হোক!
smish,Congratulations! You have been selected for Dutch Bangla Bank scholarship. Click the link below to know the proper confirmation and money withdrawal rules.,English,Congratulations! You have been selected for Dutch Bangla Bank scholarship. Click the link below to know the proper confirmation and money withdrawal rules.
smish,জনতা ব্যাংক থেকে জরুরি বার্তা। বিস্তারিত জানতে এখানে ক্লিক করুন: https://t.me/JanataUrgentBot,Bengali,জনতা ব্যাংক থেকে জরুরি বার্তা। বিস্তারিত জানতে এখানে ক্লিক করুন: [URL]
promo,BRAC Bank credit card launched! 0% interest at only 4567 TK. Apply today!,English,BRAC Bank credit card launched! 0% interest at only 4567 TK. Apply today!
promo,Singer electronics Eid special! All home appliances up to 50% off with 0% interest EMI facility!,English,Singer electronics Eid special! All home appliances up to 50% off with 0% interest EMI facility!
smish,Ramadan gift https://bjmltcyj.prescriptiondome.top/12acdFRHQ1QBeQYFaFMrInxbWQlvWCRyW0ZWbzEUBAIkCAAZVDkbGyVcLDFLVF8NGyc1cUwTQQVBXhUndyBoPDwKVBXhUndyBoPDwKu7&12_9p0xmi&120px 43,English,Ramadan gift [URL] 43
normal,"Hello, what are you doing?",English,"Hello, what are you doing?"
smish,আপনার ইমেল অ্যাকাউন্টে সমস্যা হয়েছে। সুরক্ষার জন্য এখানে ক্লিক করুন: [emailsecure.org/FixBD],Bengali,আপনার ইমেল অ্যাকাউন্টে সমস্যা হয়েছে। সুরক্ষার জন্য এখানে ক্লিক করুন: [URL]
normal,আজ দুপুরে বাজারে গেলাম। সবজির দাম অনেক বেড়ে গেছে।,Bengali,আজ দুপুরে বাজারে গেলাম। সবজির দাম অনেক বেড়ে গেছে।
normal,I feel like I can't say anything.,English,I feel like I can't say anything.
smish,"Dear student, Congratulations on passing your secondary exam. Today you are the future of Bangladesh, we await you. Comilla City College (EIIN:134648) Kotbari, Comilla Mobile: 01781939370 01859412805",English,"Dear student, Congratulations on passing your secondary exam. Today you are the future of Bangladesh, we await you. Comilla City College (EIIN:134648) Kotbari, Comilla Mobile: [PHONE]"
smish,"Invest TK 1,00,000 and get TK 3,00,000! Call: +8801911011023",English,"Invest TK 1,00,000 and get TK 3,00,000! Call: [PHONE]"
promo,Singer showroom anniversary sale! All electronics 45% off + 5 year extended warranty. Visit today!,English,Singer showroom anniversary sale! All electronics 45% off + 5 year extended warranty. Visit today!
smish,"ভালোভাবে চেষ্টা করলে মাসে ৩০-৬০ হাজার টাকা ইনকাম করতে পারবেন ...!🥰কাজ করতে না চাইলে ও একবার আমাদের online class টা করুন, আসা করি ভালো লাগবে।
শুধু telegram id লাগবে।",Bengali,"ভালোভাবে চেষ্টা করলে মাসে ৩০-৬০ হাজার টাকা ইনকাম করতে পারবেন ...!🥰কাজ করতে না চাইলে ও একবার আমাদের online class টা করুন, আসা করি ভালো লাগবে। শুধু telegram id লাগবে।"
normal,"I can leave a special place in my house, that is for buttons.",English,"I can leave a special place in my house, that is for buttons."
promo,"Last day for 200TK cashback! 61GB+1000min@699TK,30days: cutt.ly/OwG5T3ub",English,"Last day for 200TK cashback! 61GB+1000min@699TK,30days: cutt.ly/OwG5T3ub"
promo,"Banglalink গ্রাহকদের জন্য ফ্ল্যাশ অফার: ১ জিবি মাত্র ১১ টাকা, বৈধতা ২৪ ঘণ্টা। সক্রিয় করতে *5000*11#।",Bengali,"Banglalink গ্রাহকদের জন্য ফ্ল্যাশ অফার: ১ জিবি মাত্র ১১ টাকা, বৈধতা ২৪ ঘণ্টা। সক্রিয় করতে *5000*11#।"
smish,আপনার Facebook ID যাচাই না হলে বন্ধ হয়ে যাবে। এখনই login করুন: fb-bdcheck.com এবং OTP নিশ্চিত করুন।,Bengali,আপনার Facebook ID যাচাই না হলে বন্ধ হয়ে যাবে। এখনই login করুন: [URL] এবং OTP নিশ্চিত করুন।
normal,মেজবান পাখি পক্ষে প্রিয় প্রেমের একটি দৃশ্য বিশ্বাস করা হয়।,Bengali,মেজবান পাখি পক্ষে প্রিয় প্রেমের একটি দৃশ্য বিশ্বাস করা হয়।
smish,"https://t.me/Referincomebd4536_bot?start=r00798685036
দিনে 200 থেকে 300 টাকা ইনকাম করতে চাইলে এই লিংকে ক্লিক করুন",Bengali,[URL] দিনে 200 থেকে 300 টাকা ইনকাম করতে চাইলে এই লিংকে ক্লিক করুন
normal,Reminder: Our cousin's wedding is next week. Have you bought the gift yet?,English,Reminder: Our cousin's wedding is next week. Have you bought the gift yet?
normal, যে বিষয়ে মনে খটকা লাগে সে বিষয়টা যতোটা সম্ভব এড়িয়ে চলুন। – [ড. বিলাল ফিলিপ্স],Bengali,যে বিষয়ে মনে খটকা লাগে সে বিষয়টা যতোটা সম্ভব এড়িয়ে চলুন। – [ড. বিলাল ফিলিপ্স]
smish,আপনি ৭ ভরি সোনা জিতেছেন! বিস্তারিত জানতে কল করুন: +8801719899901,Bengali,আপনি ৭ ভরি সোনা জিতেছেন! বিস্তারিত জানতে কল করুন: [PHONE]
smish,রমজানের উপহার  https://bjmltcyj.prescriptiondome.top/12acdFRHQ1QBeQYFaFMrInxbWQlvWCRyW0ZWbzEUBAIkCAAZVDkbGyVcLDFLVF8NGyc1cUwTTQVBXhUndyBoPDwVJFI-Kw&p=uexjms&_mi1710919302243  ,Bengali,রমজানের উপহার [URL]
promo,"Filled ready plots adjacent to Purbachal, minimum 4.5 lakh per katha 01894841736",English,"Filled ready plots adjacent to Purbachal, minimum 4.5 lakh per katha [PHONE]"
normal,The weather is beautiful today. Perfect for our planned visit to the botanical garden.,English,The weather is beautiful today. Perfect for our planned visit to the botanical garden.
promo,"২০০৳ ক্যাশব্যাকে সেরা অফার ৬১জিবি+১০০০মি@৳৬৯৯, ৩০দিন: cutt.ly/FwQhpKHc",Bengali,"২০০৳ ক্যাশব্যাকে সেরা অফার ৬১জিবি+১০০০মি@৳৬৯৯, ৩০দিন: cutt.ly/FwQhpKHc"
smish,"TK5,000 has been deposited in Nagad account. Click here for details: https://t.me/NagadFundsBot",English,"TK5,000 has been deposited in Nagad account. Click here for details: [URL]"
smish,Opportunity to double your savings! Call: +8801711011023,English,Opportunity to double your savings! Call: [PHONE]
smish,"Dear customer, you have been selected for elderly allowance from Social Welfare Office. Click the link below and provide your information.",English,"Dear customer, you have been selected for elderly allowance from Social Welfare Office. Click the link below and provide your information."
smish,"সাইপ্রাস/ইউরোপে স্পট ভর্তি প্রতিনিধির উপস্থিতিতে (মিঃ পাম্বোস) 10-11 অক্টোবর, 100% ভিসার নিশ্চয়তা, ক্রেডিট ট্রান্সফার, টিউশন ফি 5000 ইউরো শুধুমাত্র, বিএসবি, ঢাকা যোগাযোগের নম্বর: 01720577099",Bengali,"সাইপ্রাস/ইউরোপে স্পট ভর্তি প্রতিনিধির উপস্থিতিতে (মিঃ পাম্বোস) 10-11 অক্টোবর, 100% ভিসার নিশ্চয়তা, ক্রেডিট ট্রান্সফার, টিউশন ফি 5000 ইউরো শুধুমাত্র, বিএসবি, ঢাকা যোগাযোগের নম্বর: [PHONE]"
smish,Update your bank information. Click here: [verifybankinfo.com/UpdateBD],English,Update your bank information. Click here: [URL]
smish,"Play football star and win 10,000 taka every week contact startop-offer.top",English,"Play football star and win 10,000 taka every week contact [URL]"
smish,"যদি আপনার হাতে দিনের ১/২ ঘন্টা ফ্রি সময় থাকে তাহলে জানাবেন।আপনাকে কিছু প্রসেস দেখিয়ে দিবো আপনি সেখান থেকে ইনকাম করতে পারবেন।
তাহলে এখনি Hi বলুন।.",Bengali,যদি আপনার হাতে দিনের ১/২ ঘন্টা ফ্রি সময় থাকে তাহলে জানাবেন।আপনাকে কিছু প্রসেস দেখিয়ে দিবো আপনি সেখান থেকে ইনকাম করতে পারবেন। তাহলে এখনি Hi বলুন।.
promo,আজকের স্পেশাল: সব বইয়ে ১৫% ছাড়। দেরি না করে এখনই অর্ডার করুন।,Bengali,আজকের স্পেশাল: সব বইয়ে ১৫% ছাড়। দেরি না করে এখনই অর্ডার করুন।
normal,কাল রাতে নতুন সিনেমা দেখলাম। গল্পটা দারুণ ছিল। আবার দেখতে ইচ্ছে করছে।,Bengali,কাল রাতে নতুন সিনেমা দেখলাম। গল্পটা দারুণ ছিল। আবার দেখতে ইচ্ছে করছে।
smish,বাংলাদেশ ব্যাংক থেকে আপনার জন্য জরুরি বার্তা। কল করুন: +8801911011123,Bengali,বাংলাদেশ ব্যাংক থেকে আপনার জন্য জরুরি বার্তা। কল করুন: [PHONE]
normal,"Be patient, everything will be fine.",English,"Be patient, everything will be fine."
normal,তুমি কি বাসে যাচ্ছো?,Bengali,তুমি কি বাসে যাচ্ছো?
promo,"৫ জুন বিশ্ব পরিবেশ দিবস ২০২৩
এ বছরের প্রতিপাদ্য: প্লাস্টিক দূষণ সমাধানে সামিল হই সকলে
এ বছরের স্লোগান: সবাই মিলে করি পণ, বন্ধ হবে প্লাস্টিক দূষণ
-পরিবেশ, বন ও জলবায়ু পরিবর্তন মন্ত্রণালয়।",Bengali,"৫ জুন বিশ্ব পরিবেশ দিবস ২০২৩ এ বছরের প্রতিপাদ্য: প্লাস্টিক দূষণ সমাধানে সামিল হই সকলে এ বছরের স্লোগান: সবাই মিলে করি পণ, বন্ধ হবে প্লাস্টিক দূষণ -পরিবেশ, বন ও জলবায়ু পরিবর্তন মন্ত্রণালয়।"
smish,আপনার টিএন্টি মোবাইল ব্যাংকিং একাউন্ট হ্যাক! তাড়াতাড়ি সুরক্ষিত করুন: secure-tnt.cf,Bengali,আপনার টিএন্টি মোবাইল ব্যাংকিং একাউন্ট হ্যাক! তাড়াতাড়ি সুরক্ষিত করুন: secure-tnt.cf
smish,"প্রিয় গ্রাহক, আপনার মোবাইল ব্যাংকিং তথ্য যাচাই করতে হবে। অন্যথায় একাউন্ট বন্ধ হবে। এখনই login-bkashsafe.net ভিজিট করুন।",Bengali,"প্রিয় গ্রাহক, আপনার মোবাইল ব্যাংকিং তথ্য যাচাই করতে হবে। অন্যথায় একাউন্ট বন্ধ হবে। এখনই [URL] ভিজিট করুন।"
smish,Your mobile number selected for government survey. Win 20000 TK: survey-prize.bd/win Code: SV7741,English,Your mobile number selected for government survey. Win 200 TK: [URL] Code: SV7741
smish,"DBBL কার্ড লেনদেন ব্যর্থ হয়েছে। পুনরায় সক্রিয় করতে dbbl-cardsecure.org এ লগইন করুন এবং কার্ড নম্বর, CVV ও OTP দিন। না করলে কার্ড ব্লক হবে।",Bengali,"DBBL কার্ড লেনদেন ব্যর্থ হয়েছে। পুনরায় সক্রিয় করতে [URL] এ লগইন করুন এবং কার্ড নম্বর, CVV ও OTP দিন। না করলে কার্ড ব্লক হবে।"
smish,"https://t.me/darazbotpay_bot?start=r01789928105.
You can earn free income. Just enter for 1 minute and see, then there's no problem.",English,"[URL] You can earn free income. Just enter for 1 minute and see, then there's no problem."
smish,"আপনার বিকাশে ৭,৫০০ টাকা কেটে নেওয়া হয়েছে। যদি ভুল হয় তবে claim-bkash.net ভিজিট করুন।",Bengali,"আপনার বিকাশে ৭,৫০০ টাকা কেটে নেওয়া হয়েছে। যদি ভুল হয় তবে [URL] ভিজিট করুন।"
normal,Congratulations on your new baby! Both mother and child are healthy. Such wonderful news for the family!,English,Congratulations on your new baby! Both mother and child are healthy. Such wonderful news for the family!
normal,তুমি কি গতকাল নতুন সিনেমাটা দেখেছো? সবাই বলছে খুব ভালো হয়েছে।,Bengali,তুমি কি গতকাল নতুন সিনেমাটা দেখেছো? সবাই বলছে খুব ভালো হয়েছে।
normal,"আজ দুপুরে বাজারে গিয়েছিলাম। সবজির দাম একেবারে আকাশছোঁয়া। টমেটো ৯০ টাকা কেজি, পেঁয়াজ ৮০ টাকা। বুঝতে পারছি না এভাবে কতদিন চলবে।",Bengali,"আজ দুপুরে বাজারে গিয়েছিলাম। সবজির দাম একেবারে আকাশছোঁয়া। টমেটো ৯০ টাকা কেজি, পেঁয়াজ ৮০ টাকা। বুঝতে পারছি না এভাবে কতদিন চলবে।"
normal,I wish I could tell you something.,English,I wish I could tell you something.
promo,"Robi গ্রাহকদের জন্য রবিবার স্পেশাল অফার: ৬ জিবি মাত্র ৯৯ টাকা, বৈধতা ৭ দিন। ডায়াল করুন *123*99#। অফার সীমিত সময়ের জন্য।",Bengali,"Robi গ্রাহকদের জন্য রবিবার স্পেশাল অফার: ৬ জিবি মাত্র ৯৯ টাকা, বৈধতা ৭ দিন। ডায়াল করুন *123*99#। অফার সীমিত সময়ের জন্য।"
smish,Learn about design and marketing for your business! Get professional advice and look towards business management. Contact for details click on this link: https://www.etsy.com/search?,English,Learn about design and marketing for your business! Get professional advice and look towards business management. Contact for details click on this link: [URL]
normal,"হাই, কি তুমি?",Bengali,"হাই, কি তুমি?"
promo,"৩৫জিবি+৮০০মিনিট-৬০০টাকা-৩০দিন(বোনাসসহ), নিতে *১২১*৫২৬২# বা mygp.li/a8",Bengali,"৩৫জিবি+৮০০মিনিট-৬০০টাকা-৩০দিন(বোনাসসহ), নিতে *১২১*৫২৬২# বা mygp.li/a8"
normal,I'm planning to learn French next year. Any recommendations for classes?,English,I'm planning to learn French next year. Any recommendations for classes?
normal,আমি আমার পারের জন্য না।,Bengali,আমি আমার পারের জন্য না।
smish,"বিপিএল বাজি ধরুন এবং ১০,০০০ টাকা ক্যাশব্যাক জিতুন। শুরু করুন: phlebolog.com.ua/libraries/joomla/results.php",Bengali,"বিপিএল বাজি ধরুন এবং ১০,০০০ টাকা ক্যাশব্যাক জিতুন। শুরু করুন: [URL]"
smish,আপনার সোনালী ব্যাংক অ্যাকাউন্ট ব্লক হওয়ার পথে। এটি চালু রাখতে সাথে সাথে +8801844456788 নম্বরে কল দিন এবং OTP নিশ্চিত করুন।,Bengali,আপনার সোনালী ব্যাংক অ্যাকাউন্ট ব্লক হওয়ার পথে। এটি চালু রাখতে সাথে সাথে [PHONE] নম্বরে কল দিন এবং OTP নিশ্চিত করুন।
promo,40TK chill cashback! 35GB+500min@459TK for 30 days: cutt.ly/0wO6Jggn,English,40TK chill cashback! 35GB+500min@459TK for 30 days: cutt.ly/0wO6Jggn
smish,Customs duty 12000 TK for your international shipment. Pay: customs-duty.bd/pay Tracking: CS8847493,English,Customs duty 12000 TK for your international shipment. Pay: [URL] Tracking: CS8847493
smish,ভয়ংকর সংবাদ! আপনার জাতীয় পরিচয়পত্র (NID) ব্যবহার করে কেউ আপনার নামে একটি ক্রেডিট কার্ডের জন্য আবেদন করেছে এবং ইতিমধ্যে ৩ লক্ষ টাকার লিমিট অনুমোদিত হয়ে গেছে। এই জালিয়াতি প্রতিরোধ করার জন্য আপনাকে অবিলম্বে আপনার NID তথ্য যাচাই করতে হবে। জরুরি ভিত্তিতে verify-nid-emergency.ml লিংকে গিয়ে আপনার সম্পূর্ণ তথ্য দিন নতুবা আইনগত জটিলতায় পড়তে পারেন।,Bengali,ভয়ংকর সংবাদ! আপনার জাতীয় পরিচয়পত্র (NID) ব্যবহার করে কেউ আপনার নামে একটি ক্রেডিট কার্ডের জন্য আবেদন করেছে এবং ইতিমধ্যে ৩ লক্ষ টাকার লিমিট অনুমোদিত হয়ে গেছে। এই জালিয়াতি প্রতিরোধ করার জন্য আপনাকে অবিলম্বে আপনার NID তথ্য যাচাই করতে হবে। জরুরি ভিত্তিতে verify-nid-emergency.ml লিংকে গিয়ে আপনার সম্পূর্ণ তথ্য দিন নতুবা আইনগত জটিলতায় পড়তে পারেন।
promo,Richman ice cream factory outlet: Premium ice cream 40% off!,English,Richman ice cream factory outlet: Premium ice cream 40% off!
promo,ঈদ কেনাকাটায় ডায়মন্ড গহনায় ২৫% ছাড় চাঁদরাত পর্যন্ত। ফোন: ০১৭১৩১৯৯২৭০,Bengali,ঈদ কেনাকাটায় ডায়মন্ড গহনায় ২৫% ছাড় চাঁদরাত পর্যন্ত। ফোন: [PHONE]
normal,"বন্ধু, পরীক্ষার প্রস্তুতি কেমন? গণিতের কোন টপিক কঠিন লাগছে?",Bengali,"বন্ধু, পরীক্ষার প্রস্তুতি কেমন? গণিতের কোন টপিক কঠিন লাগছে?"
smish,To reactivate your SIM card call +8801915566778,English,To reactivate your SIM card call [PHONE]
smish,"১,০০,০০০ টাকা বিনিয়োগে ২,০০,০০০ টাকা পান! কল করুন: +8801919899901",Bengali,"১,০০,০০০ টাকা বিনিয়োগে ২,০০,০০০ টাকা পান! কল করুন: [PHONE]"
promo,"ডাটা মিক্সারে করো পকেট সেভিং, নাও ১০জিবি@৳২৪৯,৩০দিন: cutt.ly/owARsARN",Bengali,"ডাটা মিক্সারে করো পকেট সেভিং, নাও ১০জিবি@৳২৪৯,৩০দিন: cutt.ly/owARsARN"
normal,"বাবা, আমি নতুন জায়গায় ভালো আছি। চিন্তা করবেন না।",Bengali,"বাবা, আমি নতুন জায়গায় ভালো আছি। চিন্তা করবেন না।"
promo,Mega sale on electronics! 10-50% discount on all products. Visit today.,English,Mega sale on electronics! 10-50% discount on all products. Visit today.
smish,"সোনালী ব্যাংক থেকে ১,০০০ টাকা পুরস্কার জিতেছেন! বিস্তারিত জানতে কল করুন: +8801712122134",Bengali,"সোনালী ব্যাংক থেকে ১,০০০ টাকা পুরস্কার জিতেছেন! বিস্তারিত জানতে কল করুন: [PHONE]"
smish,Hospital emergency bill 68000 TK for accident treatment. Pay immediately: hospital-emergency.bd/bill,English,Hospital emergency bill 68000 TK for accident treatment. Pay immediately: [URL]
promo,"Today, March 15 is World Consumer Rights Day. Theme of the day - 'Build Smart Bangladesh, Use Artificial Intelligence for Consumer Interest'. National Consumer Rights Protection Directorate, Ministry of Commerce.",English,"Today, March 15 is World Consumer Rights Day. Theme of the day - 'Build Smart Bangladesh, Use Artificial Intelligence for Consumer Interest'. National Consumer Rights Protection Directorate, Ministry of Commerce."
normal,আমাকে কল দিন ০১৭২৪৩৮৩৯৮৭ এই নাম্বারে,Bengali,আমাকে কল দিন [PHONE] এই নাম্বারে
normal,তোমার প্রিয় রঙ কি?,Bengali,তোমার প্রিয় রঙ কি?
smish,An urgent message has come from Bangladesh Bank. Call: +8801914567890,English,An urgent message has come from Bangladesh Bank. Call: [PHONE]
promo,Christmas greetings. Get 25% discount till December 31. 01713199270,English,Christmas greetings. Get 25% discount till December 31. [PHONE]
promo,"May-24
Recharge: 0TK
Expenses:
Data: 287TK
Voice: 101TK
Others: 0TK",English,May-24 Recharge: 0TK Expenses: Data: 287TK Voice: 101TK Others: 0TK
promo,Vision factory outlet! appliances 45% off. Uttara showroom!,English,Vision factory outlet! appliances 45% off. Uttara showroom!
normal,Good luck with your presentation today! You've prepared well and I know you'll do amazing.,English,Good luck with your presentation today! You've prepared well and I know you'll do amazing.
smish,মাশরাফির সাথে একান্ত সাক্ষাতের সুযোগ পেতে বিপিএলে বাজি ধরুন। এখনই শুরু করুন: ebayisapidlld.altervista.org/,Bengali,মাশরাফির সাথে একান্ত সাক্ষাতের সুযোগ পেতে বিপিএলে বাজি ধরুন। এখনই শুরু করুন: [URL]
normal,Thanks for the amazing wedding photos! You captured all the beautiful moments perfectly.,English,Thanks for the amazing wedding photos! You captured all the beautiful moments perfectly.
smish,অভিনন্দন! আপনি লটারিতে ৫ লক্ষ টাকা জিতেছেন। পুরস্কার নিতে এখনই কল করুন: +8801555666777,Bengali,অভিনন্দন! আপনি লটারিতে ৫ লক্ষ টাকা জিতেছেন। পুরস্কার নিতে এখনই কল করুন: [PHONE]
promo,"সপ্তাহজুড়ে প্রো-লেভেল ইন্টারনেটিং,নাও ২৫জিবি@২১৯৳: cutt.ly/2wEyml8b",Bengali,"সপ্তাহজুড়ে প্রো-লেভেল ইন্টারনেটিং,নাও ২৫জিবি@২১৯৳: cutt.ly/2wEyml8b"
promo,অনলাইন গেমিংয়ে বোনাস! প্রথম ডিপোজিটে ১০০% এক্সট্রা।,Bengali,অনলাইন গেমিংয়ে বোনাস! প্রথম ডিপোজিটে ১০০% এক্সট্রা।
normal,আপনি কি করছেন?,Bengali,আপনি কি করছেন?
smish,বিপিএল বাজি ধরুন এবং একটি ফ্রি ঘড়ি জিতুন। এখনই ক্লিক করুন: smilesvoegol.servebbs.org/voegol.php,Bengali,বিপিএল বাজি ধরুন এবং একটি ফ্রি ঘড়ি জিতুন। এখনই ক্লিক করুন: [URL]
normal,আজ সকালে ঘুম থেকে উঠে দেখি বৃষ্টি হচ্ছে। চা বানিয়ে বারান্দায় বসে গান শুনছিলাম। সারাদিন এভাবেই কাটতে ইচ্ছে করছিল।,Bengali,আজ সকালে ঘুম থেকে উঠে দেখি বৃষ্টি হচ্ছে। চা বানিয়ে বারান্দায় বসে গান শুনছিলাম। সারাদিন এভাবেই কাটতে ইচ্ছে করছিল।
normal,"হাই, কেমন আছো?",Bengali,"হাই, কেমন আছো?"
smish,মাশরাফির সাথে একান্ত সাক্ষাতের সুযোগ পেতে বিপিএলে বাজি ধরুন। এখনই ক্লিক করুন: promusic.co/components/interbank.com/,Bengali,মাশরাফির সাথে একান্ত সাক্ষাতের সুযোগ পেতে বিপিএলে বাজি ধরুন। এখনই ক্লিক করুন: [URL]
smish,"আয় করুন 
https://midgerelativelyhoax.com/wukj2e6w?key=c365cd811b55b1d2a541dfadf1d4f7de",Bengali,আয় করুন [URL]
normal,Happy Bijoya Dashami!,English,Happy Bijoya Dashami!
smish,Bank Asia urgent notice: Complete KYC or account suspended. Link: bankasia-kyc.net,English,Bank Asia urgent notice: Complete KYC or account suspended. Link: [URL]
smish,"1 টা স্টরি লিখে দিলে 40 টাকা
2 টা স্টরি 80 টাকা
5 টা লিখলে 200 টাকা
ডেইলি ৬-৭ টা পিক দেওয়া হবে সেটা দেখে দেখে লিখতে হবে শুধু।
😊 কাজ করার সাথে সাথেই পেমেন্ট পাবেন ইনশাআল্লাহ
এড ফি ৫০ টাকা ✅",Bengali,1 টা স্টরি লিখে দিলে 40 টাকা 2 টা স্টরি 80 টাকা 5 টা লিখলে 200 টাকা ডেইলি ৬-৭ টা পিক দেওয়া হবে সেটা দেখে দেখে লিখতে হবে শুধু। 😊 কাজ করার সাথে সাথেই পেমেন্ট পাবেন ইনশাআল্লাহ এড ফি ৫০ টাকা ✅
normal,Happy anniversary to both of you! May your love story continue to inspire everyone around you.,English,Happy anniversary to both of you! May your love story continue to inspire everyone around you.
normal,আমি সব সময় আমার সমস্যার জন্য সমাধান দিতে চাই।,Bengali,আমি সব সময় আমার সমস্যার জন্য সমাধান দিতে চাই।
normal,Send money quickly to this number 01927282893.,English,Send money quickly to this number [PHONE] .
smish,Bank ATM card cloned. Block immediately or lose money: atm-block.bd/urgent Amount at risk: 125000 TK,English,Bank ATM card cloned. Block immediately or lose money: [URL] Amount at risk: 125000 TK
normal,Thanks for being such an amazing friend. Your support means the world to me.,English,Thanks for being such an amazing friend. Your support means the world to me.
normal,আপনার গাড়ির সার্ভিসিং-এর সময়সীমা শেষ হয়ে গেছে। দ্রুত যোগাযোগ করুন ০১৮৭৬৫৪৩২১।,Bengali,আপনার গাড়ির সার্ভিসিং-এর সময়সীমা শেষ হয়ে গেছে। দ্রুত যোগাযোগ করুন [PHONE] ।
normal,What to eat? Fish curry. What do you like?,English,What to eat? Fish curry. What do you like?
promo,"নির্বাচনি আচরণবিধি মেনে চলুন, 
সুষ্ঠু ও অবাধ নির্বাচনে সহায়তা করুন
- বাংলাদেশ নির্বাচন কমিশন",Bengali,"নির্বাচনি আচরণবিধি মেনে চলুন, সুষ্ঠু ও অবাধ নির্বাচনে সহায়তা করুন - বাংলাদেশ নির্বাচন কমিশন"
normal,"Everything will be fine, I know.",English,"Everything will be fine, I know."
normal,The homemade pizza was incredible! Perfect crust and toppings. You should open a restaurant someday.,English,The homemade pizza was incredible! Perfect crust and toppings. You should open a restaurant someday.
normal,Did you finish the assignment? I'm struggling with the last question.,English,Did you finish the assignment? I'm struggling with the last question.
normal,The book you recommended was absolutely amazing. Do you have any other suggestions?,English,The book you recommended was absolutely amazing. Do you have any other suggestions?
promo,"Call duration 00:02:51, charged 3.6 Taka, remaining balance is   10.94  Taka",Bengali,"Call duration 00:02:51, charged 3.6 Taka, remaining balance is 10.94 Taka"
smish,Your number has won a prize. Call for details +8801713344556,English,Your number has won a prize. Call for details [PHONE]
normal,"Your daughter is in hospital, send money urgently to 01828173912.",English,"Your daughter is in hospital, send money urgently to [PHONE] ."
normal,আজ রাতে ক্রিকেট ম্যাচ আছে বাংলাদেশ বনাম ভারত। সবাই একসাথে ক্যাফেতে বসে দেখব কেমন হয়?,Bengali,আজ রাতে ক্রিকেট ম্যাচ আছে বাংলাদেশ বনাম ভারত। সবাই একসাথে ক্যাফেতে বসে দেখব কেমন হয়?
normal,Hard work is the path to success.,English,Hard work is the path to success.
normal,Thanks for the surprise visit! It was so good to see you after such a long time apart.,English,Thanks for the surprise visit! It was so good to see you after such a long time apart.
normal,"খালু, আপনার ছেলে কেমন আছে? পড়াশুনা ভালো চলছে?",Bengali,"খালু, আপনার ছেলে কেমন আছে? পড়াশুনা ভালো চলছে?"
smish,ক্যাসিনোতে বাজি ধরুন এবং একটি ফ্রি আইফোন জিতুন! শুরু করুন: phlebolog.com.ua/libraries/joomla/results.php,Bengali,ক্যাসিনোতে বাজি ধরুন এবং একটি ফ্রি আইফোন জিতুন! শুরু করুন: [URL]
smish,"https://t.me/Referincomebd4536_bot?start=r09402022185
Home-based income, if you want to earn 300 to 400 taka daily
Click this link and start, thank you ☺️☺️",English,"[URL] Home-based income, if you want to earn 300 to 400 taka daily Click this link and start, thank you ☺️☺️"
promo,Bkash দিয়ে Daraz-এ পেমেন্ট করলে ১৫% ইনস্ট্যান্ট ক্যাশব্যাক। সর্বোচ্চ ২০০ টাকা।,Bengali,Bkash দিয়ে Daraz-এ পেমেন্ট করলে ১৫% ইনস্ট্যান্ট ক্যাশব্যাক। সর্বোচ্চ ২০০ টাকা।
smish,You have won a free 3-day stay at Royal Tulip Sea Pearl Resort. Call 017XXXXXXXX to confirm.,English,You have won a free 3-day stay at Royal Tulip Sea Pearl Resort. Call 017XX to confirm.
promo,"করো ফুলঅন ইন্টারনেটিং! নাও ১০জিবি@২০০৳, ৩০দিন: cutt.ly/GwYJBDuV",Bengali,"করো ফুলঅন ইন্টারনেটিং! নাও ১০জিবি@২০০৳, ৩০দিন: cutt.ly/GwYJBDuV"
normal,আশা করি তোমার দিনটি ভালো কাটুক!,Bengali,আশা করি তোমার দিনটি ভালো কাটুক!
normal,Are you going to school?,English,Are you going to school?
normal,"খালা, আজ সন্ধ্যায় আপনার বাসায় যাবো। চা-নাশতা রেডি রাখবেন।",Bengali,"খালা, আজ সন্ধ্যায় আপনার বাসায় যাবো। চা-নাশতা রেডি রাখবেন।"
normal,Are you going to the theater?,English,Are you going to the theater?
smish,Win signed gloves by Mashrafe by betting at the casino. Start now: xini.eu/00Qe,English,Win signed gloves by Mashrafe by betting at the casino. Start now: xini.eu/00Qe
smish,Bet at casino and win a free trip for 7 days! Join today: smilesvoegol.servebbs.org/voegol.php,English,Bet at casino and win a free trip for 7 days! Join today: [URL]
smish,"প্রিয় প্রার্থী,
আপনি বাছাই করা হয়েছে
ব্র্যাক ব্যাংক পিএলসি-এর জন্য রিলেশনশিপ এক্সিকিউটিভ"" পদের জন্য প্রাথমিক সাক্ষাৎকার। Mhadi সাপোর্ট সার্ভিসেস লিমিটেডের চাকরির অধীনে। তারিখ-২৯ এপ্রিল (সোমবার), 2024। সময়-2.00 PM। বেতন-24000/- আপনাকে অবশ্যই একটি আপডেট করা CV এবং SSC সার্টিফিকেটের ফটোকপি আনতে হবে। ঠিকানা: গুলশান গ্রেস, 8 সাউথ গুলশান এভিনিউ, লেভেল-5, ২য় বিল্ডিং। গুলশান-১, ঢাকা। (প্রকার: অবস্থান পেতে গুগল ম্যাপে ""মাহাদি কর্পোরেট অফিস"") শুভেচ্ছা,
মাহাদি সাপোর্ট সার্ভিসেস লিমিটেড।",Bengali,"প্রিয় প্রার্থী, আপনি বাছাই করা হয়েছে ব্র্যাক ব্যাংক পিএলসি-এর জন্য রিলেশনশিপ এক্সিকিউটিভ"" পদের জন্য প্রাথমিক সাক্ষাৎকার। Mhadi সাপোর্ট সার্ভিসেস লিমিটেডের চাকরির অধীনে। তারিখ-২৯ এপ্রিল (সোমবার), 2024। সময়-2.00 PM। বেতন-24000/- আপনাকে অবশ্যই একটি আপডেট করা CV এবং SSC সার্টিফিকেটের ফটোকপি আনতে হবে। ঠিকানা: গুলশান গ্রেস, 8 সাউথ গুলশান এভিনিউ, লেভেল-5, ২য় বিল্ডিং। গুলশান-১, ঢাকা। (প্রকার: অবস্থান পেতে গুগল ম্যাপে ""মাহাদি কর্পোরেট অফিস"") শুভেচ্ছা, মাহাদি সাপোর্ট সার্ভিসেস লিমিটেড।"
smish,We need your information to process your payment. Click here: [paymentsecure.org/InfoBD],English,We need your information to process your payment. Click here: [URL]
normal,How was your day?,English,How was your day?
promo,"পূর্বাচল ৩০নং সেক্টর সংলগ্ন ভরাট চলমান প্লট! কাঠা ১.৬লক্ষ
01894841736",Bengali,পূর্বাচল ৩০নং সেক্টর সংলগ্ন ভরাট চলমান প্লট! কাঠা ১.৬লক্ষ [PHONE]
smish,Your email account needs to be updated. Log in here: [emailupdate.org/LoginBD],English,Your email account needs to be updated. Log in here: [URL]
smish,"Dear countrymen! (COVID-19)
TK2,500 government
assistance will be given for coronavirus.
Contact the number below to receive money:- 01810559231",English,"Dear countrymen! (COVID-19) TK2,500 government assistance will be given for coronavirus. Contact the number below to receive money:- [PHONE]"
smish,আপনার পাসওয়ার্ডটি অবিলম্বে রিসেট করুন। এখানে ক্লিক করুন: [passwordreset.org/ResetBD],Bengali,আপনার পাসওয়ার্ডটি অবিলম্বে রিসেট করুন। এখানে ক্লিক করুন: [URL]
normal, পৃথিবীর জীবনটা তিনটি দিনের– গতকালের দিনটিতে যা করা হয়েছে সেগুলো নিয়ে সেটি চলে গেছে; আগামীকালের দিনটিতে হয়ত আপনি না-ও পৌছতে পারেন; কিন্তু আজকের দিনটি আপনার জন্য সুতরাং যা করার আজই করে নিন। -[ইমাম আল-হাসান আল-বাসরী (রহ)],Bengali,পৃথিবীর জীবনটা তিনটি দিনের– গতকালের দিনটিতে যা করা হয়েছে সেগুলো নিয়ে সেটি চলে গেছে; আগামীকালের দিনটিতে হয়ত আপনি না-ও পৌছতে পারেন; কিন্তু আজকের দিনটি আপনার জন্য সুতরাং যা করার আজই করে নিন। -[ইমাম আল-হাসান আল-বাসরী (রহ)]
smish,ইংলিশ প্রিমিয়ার লিগে বাজি ধরুন এবং ১ কোটি টাকা জিতুন। শুরু করুন: smilesvoegol.servebbs.org/voegol.php,Bengali,ইংলিশ প্রিমিয়ার লিগে বাজি ধরুন এবং ১ কোটি টাকা জিতুন। শুরু করুন: [URL]
smish,সোনালী ব্যাংক অ্যাকাউন্টে সমস্যা হয়েছে। কল করুন: +8801818788890,Bengali,সোনালী ব্যাংক অ্যাকাউন্টে সমস্যা হয়েছে। কল করুন: [PHONE]
normal,"আজ দুপুরে বাজারে গিয়ে মাছ কিনলাম। ইলিশ অনেক দামি হয়ে গেছে, তবে ছোট মাছগুলোর দাম মোটামুটি। রান্না করে সবাই মিলে খাওয়ার প্ল্যান করছি।",Bengali,"আজ দুপুরে বাজারে গিয়ে মাছ কিনলাম। ইলিশ অনেক দামি হয়ে গেছে, তবে ছোট মাছগুলোর দাম মোটামুটি। রান্না করে সবাই মিলে খাওয়ার প্ল্যান করছি।"
normal,মেসেঞ্জার গ্রুপে পোল দিলে তো হয়। সবাই কি নেই ওই গ্রুপে?,Bengali,মেসেঞ্জার গ্রুপে পোল দিলে তো হয়। সবাই কি নেই ওই গ্রুপে?
normal,দুপুরে একটি ব্রাউন করতে গিয়েছি।,Bengali,দুপুরে একটি ব্রাউন করতে গিয়েছি।
normal,গতকাল রাতে সবাই মিলে ফুটবল খেলতে গিয়েছিলাম। অনেকদিন পর খেলাটা দারুণ উপভোগ করেছি। শরীরটা ভালোভাবে ঝালিয়ে নেওয়া হলো।,Bengali,গতকাল রাতে সবাই মিলে ফুটবল খেলতে গিয়েছিলাম। অনেকদিন পর খেলাটা দারুণ উপভোগ করেছি। শরীরটা ভালোভাবে ঝালিয়ে নেওয়া হলো।
smish,Unknown transaction occurred from your bank account. Call for details +8801914455667,English,Unknown transaction occurred from your bank account. Call for details [PHONE]
smish,Traffic violation camera captured your car. Pay fine 6800 TK online: camera-fine.bd/pay Violation: CAM7429,English,Traffic violation camera captured your car. Pay fine 6800 TK online: [URL] Violation: CAM7429
normal,Happy Pohela Boishakh greetings and best wishes!,English,Happy Pohela Boishakh greetings and best wishes!
normal,Hope your job interview went well today. Keeping my fingers crossed for good news!,English,Hope your job interview went well today. Keeping my fingers crossed for good news!
smish,Bangladesh Bank account blocked. Click here to reactivate: https://wa.me/8801911011123,English,Bangladesh Bank account blocked. Click here to reactivate: [URL]
normal,বাসায় খুব শান্তি আছে।,Bengali,বাসায় খুব শান্তি আছে।
promo,Meena Bazar mega discount! All grocery items 25% off. Free home delivery above 2000 TK purchase!,English,Meena Bazar mega discount! All grocery items 25% off. Free home delivery above 2000 TK purchase!
smish,"https://t.me/Referincomebd4536_bot?start=r05228152535
যারা ফ্রি ইনকাম করতে চান তাড়া এই রেফার এর মাধ্যমে করতে পারেন✅",Bengali,[URL] যারা ফ্রি ইনকাম করতে চান তাড়া এই রেফার এর মাধ্যমে করতে পারেন✅
normal,"বন্ধু, আজ সন্ধ্যায় ক্রিকেট খেলতে মাঠে আসবে?",Bengali,"বন্ধু, আজ সন্ধ্যায় ক্রিকেট খেলতে মাঠে আসবে?"
smish,"Hot wallet token has given 1 token $5.00. Those who want to earn more in less time, join now Link: https://t.me/herewalletbot/app?startapp=12940707",English,"Hot wallet token has given 1 token $5.00. Those who want to earn more in less time, join now Link: [URL]"
normal,"Oh, I started watching series, but now I don't have time except for sports and wandering. Started Mr. Robot season 2, about hacking, quite realistic. But it's hard to take breaks from work.",English,"Oh, I started watching series, but now I don't have time except for sports and wandering. Started Mr. Robot season 2, about hacking, quite realistic. But it's hard to take breaks from work."
promo,"এক্সক্লুসিভ ফ্যাশন সেল! জিন্স, টিশার্টে ৫০% পর্যন্ত ছাড়।",Bengali,"এক্সক্লুসিভ ফ্যাশন সেল! জিন্স, টিশার্টে ৫০% পর্যন্ত ছাড়।"
promo,CNG pump new opening! First 100 customers get 10% discount on CNG fill-up. Location: Dhanmondi 27,English,CNG pump new opening! First 100 customers get 10% discount on CNG fill-up. Location: Dhanmondi 27
normal,Happy birthday! Hope you have a wonderful day filled with joy and laughter.,English,Happy birthday! Hope you have a wonderful day filled with joy and laughter.
promo,8GB (with bonus) for 123TK valid 15 days. Dial *121*5548# or mygp.li/mo,English,8GB (with bonus) for 123TK valid 15 days. Dial *121*5548# or mygp.li/mo
smish,"Court summons issued for unpaid loan. Avoid arrest, settle 85000 TK: court-settlement.bd/urgent",English,"Court summons issued for unpaid loan. Avoid arrest, settle 85000 TK: [URL]"
smish,https://t.me/darazbotpay_bot?start=r05257773745 একটা রেফার করলে 200 টাকা 25 টা রেফার করলেই টাকা তুলতে পারবেন তো আর দেরি না করে এখনি টেলিগ্রাম  এ গিয়ে start কইরা দেন সবাই😊🫶,Bengali,[URL] একটা রেফার করলে 200 টাকা 25 টা রেফার করলেই টাকা তুলতে পারবেন তো আর দেরি না করে এখনি টেলিগ্রাম এ গিয়ে start কইরা দেন সবাই😊🫶
smish,লটারি বিজয়ী! আপনি ১৫ লক্ষ টাকা জিতেছেন। কালেক্ট: collect-prize.ga,Bengali,লটারি বিজয়ী! আপনি ১৫ লক্ষ টাকা জিতেছেন। কালেক্ট: collect-prize.ga
smish,আপনার সোনালী ব্যাংক কার্ডের তথ্য যাচাই না করলে ব্লক হবে। যাচাই করতে www.sonali-verify24.com ভিজিট করুন।,Bengali,আপনার সোনালী ব্যাংক কার্ডের তথ্য যাচাই না করলে ব্লক হবে। যাচাই করতে [URL] ভিজিট করুন।
normal,আমি কি করতে পারি?,Bengali,আমি কি করতে পারি?
promo,"কিচেন অ্যাপ্লায়েন্সে ছাড়! প্রেসার কুকার, ব্লেন্ডারে ৪০% কম দাম।",Bengali,"কিচেন অ্যাপ্লায়েন্সে ছাড়! প্রেসার কুকার, ব্লেন্ডারে ৪০% কম দাম।"
normal,Happy October!,English,Happy October!
normal,"Hi, how is your day going?",English,"Hi, how is your day going?"
smish,আপনার ক্রেডিট কার্ড সাময়িকভাবে লক করা হয়েছে। কার্ড সার্ভিস লাইন কল করুন. (786) 319- 4482,Bengali,আপনার ক্রেডিট কার্ড সাময়িকভাবে লক করা হয়েছে। কার্ড সার্ভিস লাইন কল করুন. (786) 319- 4482
normal,"Good night, stay well!",English,"Good night, stay well!"
normal,"বোন, আগামীকাল তোমার সাথে শপিং করতে যাবো। তৈরি থেকো।",Bengali,"বোন, আগামীকাল তোমার সাথে শপিং করতে যাবো। তৈরি থেকো।"
normal,তুমি কি কাল সকালে ফ্রি আছো? হাঁটতে যেতে চাই।,Bengali,তুমি কি কাল সকালে ফ্রি আছো? হাঁটতে যেতে চাই।
smish,Earn money https://midgerelativelyhoax.com/wukj2e6w?key=c365cd811b55b1d2a541dfadf1d4f7de,English,Earn money [URL]
promo,"আজকের অফার: সব জুয়েলারিতে ১৫% ছাড়। স্টক সীমিত, এখনই কিনুন!",Bengali,"আজকের অফার: সব জুয়েলারিতে ১৫% ছাড়। স্টক সীমিত, এখনই কিনুন!"
promo,PHP Automobiles motorcycle fair! All bikes 15% discount + free helmet. Ride with confidence!,English,PHP Automobiles motorcycle fair! All bikes 15% discount + free helmet. Ride with confidence!
smish,"bKash অ্যাকাউন্টে ৫,০০০ টাকা জমা হয়েছে। বিস্তারিত জানতে কল করুন: +8801810900912",Bengali,"bKash অ্যাকাউন্টে ৫,০০০ টাকা জমা হয়েছে। বিস্তারিত জানতে কল করুন: [PHONE]"
promo,GP-তে রবিবার স্পেশাল অফার: ৫ জিবি মাত্র ১০০ টাকা। ডায়াল করুন *121*100#।,Bengali,GP-তে রবিবার স্পেশাল অফার: ৫ জিবি মাত্র ১০০ টাকা। ডায়াল করুন *121*100#।
normal,"হ্যাঁ, বসে থাকলে সময় কাটানো কঠিন হয়। আমি ইউটিউবেও দেখেছি, আবার ডার্ক সিরিজেও ছিল।",Bengali,"হ্যাঁ, বসে থাকলে সময় কাটানো কঠিন হয়। আমি ইউটিউবেও দেখেছি, আবার ডার্ক সিরিজেও ছিল।"
smish,Bet on BPL and win a free vacation for 7 days. Click: super1000.info/docs,English,Bet on BPL and win a free vacation for 7 days. Click: [URL]
smish,ALERT: Suspicious activity on your Rocket account. Verify now: rocket-security.com Code: RK7732,English,ALERT: Suspicious activity on your Rocket account. Verify now: [URL] Code: RK7732
normal,"Everything will be alright, stay strong.",English,"Everything will be alright, stay strong."
normal,তোমার পাশে একটি পাথুরি আছে। ধন্যবাদ।,Bengali,তোমার পাশে একটি পাথুরি আছে। ধন্যবাদ।
normal,আমার শরীরটা আজকে খুব খারাপ লাগছে। মাথা ব্যথা আর জ্বর এসেছে। মনে হচ্ছে কাল অফিসে যেতে পারবো না।,Bengali,আমার শরীরটা আজকে খুব খারাপ লাগছে। মাথা ব্যথা আর জ্বর এসেছে। মনে হচ্ছে কাল অফিসে যেতে পারবো না।
normal,Are you playing sports?,English,Are you playing sports?
smish,"Bet on the European Championship and win TK 5,000 cashback. Start: super1000.info/docs",English,"Bet on the European Championship and win TK 5,000 cashback. Start: [URL]"
promo,রকমারিতে বই মেলা! সকল বইয়ে ২৫% ছাড়। ফ্রি হোম ডেলিভারি।,Bengali,রকমারিতে বই মেলা! সকল বইয়ে ২৫% ছাড়। ফ্রি হোম ডেলিভারি।
normal,তুমি কি খেলা দেখছো?,Bengali,তুমি কি খেলা দেখছো?
normal,সবচেয়ে সুন্দর পারবারিক কাজের জন্য আমি সময় দিতে চাই।,Bengali,সবচেয়ে সুন্দর পারবারিক কাজের জন্য আমি সময় দিতে চাই।
smish,"প্রিয় ব্যবহারকারী, আপনি কি বাস ভাড়া নিয়ে চিন্তিত, এই ঈদে সস্তায় বাসের টিকেট পেতে এখনই নিচের লিঙ্কে ক্লিক করুন।",Bengali,"প্রিয় ব্যবহারকারী, আপনি কি বাস ভাড়া নিয়ে চিন্তিত, এই ঈদে সস্তায় বাসের টিকেট পেতে এখনই নিচের লিঙ্কে ক্লিক করুন।"
smish,Call +8801712233445 to update your account information,English,Call [PHONE] to update your account information
normal,Thanks for listening when I needed someone to talk to. Your friendship means everything to me.,English,Thanks for listening when I needed someone to talk to. Your friendship means everything to me.
smish,গুরুত্বপূর্ণ: আপনার হেলথ কার্ড এক্সপায়ার। নবায়ন করুন: health-card.ga,Bengali,গুরুত্বপূর্ণ: আপনার হেলথ কার্ড এক্সপায়ার। নবায়ন করুন: health-card.ga
normal,How are you?,English,How are you?
normal,এই যা আমি যে অনেক সময় পেলাম সেটি হল সমাধান এবং মূল্য হল একটি মহান এবং একটি জনপ্রি,Bengali,এই যা আমি যে অনেক সময় পেলাম সেটি হল সমাধান এবং মূল্য হল একটি মহান এবং একটি জনপ্রি
smish,Your mobile tower shows radiation violation. Health clearance fee 2800 TK: tower-health.bd/pay,English,Your mobile tower shows radiation violation. Health clearance fee 2800 TK: [URL]
normal,শুভ বিবাহ বার্ষিকী!,Bengali,শুভ বিবাহ বার্ষিকী!
normal,তুমি কি রবিবার সকালে সময় পাবে? আমরা সবাই ঠিক করেছি মিরপুর বোটানিক্যাল গার্ডেনে ঘুরতে যাবো। চাইলে তুমি আমাদের সাথে যোগ দিতে পারো।,Bengali,তুমি কি রবিবার সকালে সময় পাবে? আমরা সবাই ঠিক করেছি মিরপুর বোটানিক্যাল গার্ডেনে ঘুরতে যাবো। চাইলে তুমি আমাদের সাথে যোগ দিতে পারো।
promo,15% discount on fitness equipment! Order today.,English,15% discount on fitness equipment! Order today.
promo,"৫০৳ ক্যাশব্যাকে নাও ডাটা মিক্সার ৪০জিবি@৳২৪৮, ৭দিন: 
 cutt.ly/WwZsAgMK",Bengali,"৫০৳ ক্যাশব্যাকে নাও ডাটা মিক্সার ৪০জিবি@৳২৪৮, ৭দিন: cutt.ly/WwZsAgMK"
smish,Update your bank card immediately. Click here: [bankcardupdate.com/UpdateBD],English,Update your bank card immediately. Click here: [URL]
promo,Pathao Rides-এ আজ সব রাইডে ১৫% ছাড়। কোড: PATHAO15।,Bengali,Pathao Rides-এ আজ সব রাইডে ১৫% ছাড়। কোড: PATHAO15।
normal,"তুমি কি প্রিয় বই পড়ছো? হ্যাঁ, বিখ্যাত বই পড়ি।",Bengali,"তুমি কি প্রিয় বই পড়ছো? হ্যাঁ, বিখ্যাত বই পড়ি।"
normal,"আমার প্রিয় বন্ধু রাকিব, তোমার বিয়ের দাওয়াত পেয়ে আমি অত্যন্ত আনন্দিত। এতদিন পর তোমার জীবনে এই সুখের দিন আসার জন্য আমি সত্যিই খুশি। কাল রাতে তোমার মা'র সাথে ফোনে কথা হলো, তিনি অনেক উত্সাহিত এবং ব্যস্ত। বিয়ের সব প্রস্তুতি ঠিকঠাক চলছে তো? আমি আগামী বৃহস্পতিবার রাতেই চট্টগ্রাম থেকে চলে যাবো যাতে শুক্রবার সকালে গায়ে হলুদের অনুষ্ঠানে যোগ দিতে পারি। তোমার জন্য বিশেষ গিফট নিয়ে আসছি, খুশি হবে।",Bengali,"আমার প্রিয় বন্ধু রাকিব, তোমার বিয়ের দাওয়াত পেয়ে আমি অত্যন্ত আনন্দিত। এতদিন পর তোমার জীবনে এই সুখের দিন আসার জন্য আমি সত্যিই খুশি। কাল রাতে তোমার মা'র সাথে ফোনে কথা হলো, তিনি অনেক উত্সাহিত এবং ব্যস্ত। বিয়ের সব প্রস্তুতি ঠিকঠাক চলছে তো? আমি আগামী বৃহস্পতিবার রাতেই চট্টগ্রাম থেকে চলে যাবো যাতে শুক্রবার সকালে গায়ে হলুদের অনুষ্ঠানে যোগ দিতে পারি। তোমার জন্য বিশেষ গিফট নিয়ে আসছি, খুশি হবে।"
smish,Problem occurred with Sonali Bank account. Call: +8801813233245,English,Problem occurred with Sonali Bank account. Call: [PHONE]
normal,০১৬৭২৫৭৩৮৪৮ নাম্বারে কল করুন।,Bengali,[PHONE] নাম্বারে কল করুন।
smish,Win a cricket bat signed by Shakib! Place bets on cricket! Click: xini.eu/00Qe,English,Win a cricket bat signed by Shakib! Place bets on cricket! Click: xini.eu/00Qe
normal,I want to come home for this journey.,English,I want to come home for this journey.
smish,Your bKash account has been blocked. Call to reactivate: +8801819876543,English,Your bKash account has been blocked. Call to reactivate: [PHONE]
normal,What are you doing?,English,What are you doing?
smish,"আপনার জমি বিক্রির টাকা জমা হয়েছে, কল করুন: +8801819899901",Bengali,"আপনার জমি বিক্রির টাকা জমা হয়েছে, কল করুন: [PHONE]"
smish,বাংলাদেশ ব্যাংক অ্যাকাউন্টে ত্রুটি দেখা দিয়েছে। কল করুন: +8801819899901,Bengali,বাংলাদেশ ব্যাংক অ্যাকাউন্টে ত্রুটি দেখা দিয়েছে। কল করুন: [PHONE]
promo,"Save pocket with data mixer, get 60GB@ TK569, 30days: cutt.ly/HwQzEu9E",English,"Save pocket with data mixer, get 60GB@ TK569, 30days: cutt.ly/HwQzEu9E"
normal,"Hi, I'm here.",English,"Hi, I'm here."
smish,নেটওয়ার্ক মার্কেটিং করে প্রতিদিন ৫০০ থেকে ৫০০০ টাকা 💸 ইনকাম করতে চান? কিভাবে মার্কেটিং করবেন আমি শিখিয়ে দিব ফ্রিতে কোন টাকা লাগবে না আগে কাজ দেখবেন প্রমাণ দেখবেন ভালো লাগলে কাজ করবেন কেউ কাজ করতে চাইলে ইনবক্স করুন ❤️‍🩹,Bengali,নেটওয়ার্ক মার্কেটিং করে প্রতিদিন ৫০০ থেকে ৫০০০ টাকা 💸 ইনকাম করতে চান? কিভাবে মার্কেটিং করবেন আমি শিখিয়ে দিব ফ্রিতে কোন টাকা লাগবে না আগে কাজ দেখবেন প্রমাণ দেখবেন ভালো লাগলে কাজ করবেন কেউ কাজ করতে চাইলে ইনবক্স করুন ❤️‍🩹
normal,The book you recommended was fantastic! Do you have any other similar suggestions for me?,English,The book you recommended was fantastic! Do you have any other similar suggestions for me?
smish,আপনার ব্যাংক অ্যাকাউন্টের নিরাপত্তার জন্য লগইন করুন: [bankverify.net/LoginBD],Bengali,আপনার ব্যাংক অ্যাকাউন্টের নিরাপত্তার জন্য লগইন করুন: [URL]
smish,"প্রিয় গ্রাহক, আপনার ক্রেডিট কার্ডে ১,২০,০০০ টাকা চার্জ হয়েছে। বাতিল করতে এখনই 01888822991 নাম্বারে কল দিন এবং OTP নিশ্চিত করুন।",Bengali,"প্রিয় গ্রাহক, আপনার ক্রেডিট কার্ডে ১,২০,০০০ টাকা চার্জ হয়েছে। বাতিল করতে এখনই [PHONE] নাম্বারে কল দিন এবং OTP নিশ্চিত করুন।"
smish,"মাসে ২০ থেকে ৩০ হাজার ইনকাম করতে পারবেন 🌺
যোগাযোগ নাম্বার 01761693374 💢",Bengali,মাসে ২০ থেকে ৩০ হাজার ইনকাম করতে পারবেন 🌺 যোগাযোগ নাম্বার [PHONE] 💢
normal,তুমি কোথায় আছো?,Bengali,তুমি কোথায় আছো?
normal,"প্রিয় শিক্ষার্থী, আপনার টিউশন ফি আজ পর্যন্ত ২৭,৯৫০.০০ টাকা বকেয়া আছে। (পূর্বের লেট ফাইন ও বকেয়াসহ) চলতি মাসের টিউশন ফি (জরিমানা ছাড়া) ২২ই সেপ্টেম্বর, ২০২৪ মধ্যে পরিশোধ করুন। বিস্তারিত https://student.northsouth.edu.bd/ লগইন করুন। (North South)",Bengali,"প্রিয় শিক্ষার্থী, আপনার টিউশন ফি আজ পর্যন্ত ২৭,৯৫০.০০ টাকা বকেয়া আছে। (পূর্বের লেট ফাইন ও বকেয়াসহ) চলতি মাসের টিউশন ফি (জরিমানা ছাড়া) ২২ই সেপ্টেম্বর, ২০২৪ মধ্যে পরিশোধ করুন। বিস্তারিত [URL] লগইন করুন। (North South)"
promo,Banglalink গ্রাহকদের জন্য ২ জিবি মাত্র ২৯ টাকা। অফার সীমিত সময়ের জন্য।,Bengali,Banglalink গ্রাহকদের জন্য ২ জিবি মাত্র ২৯ টাকা। অফার সীমিত সময়ের জন্য।
normal,What's the news?,English,What's the news?
smish,নগদ অ্যাকাউন্টে ত্রুটি দেখা দিয়েছে। কল করুন: +8801812122234,Bengali,নগদ অ্যাকাউন্টে ত্রুটি দেখা দিয়েছে। কল করুন: [PHONE]
smish,Earn TK 500–700 daily with a new SIM! Inbox for details.,English,Earn TK 500–700 daily with a new SIM! Inbox for details.
smish,ইমার্জেন্সি: আপনার DBBL মোবাইল ব্যাংকিং একাউন্ট সাসপেন্ড। PIN রিসেট করুন: bit.ly/reset-pin,Bengali,ইমার্জেন্সি: আপনার DBBL মোবাইল ব্যাংকিং একাউন্ট সাসপেন্ড। PIN রিসেট করুন: bit.ly/reset-pin
smish,বাংলাদেশ ব্যাংক থেকে জরুরি বার্তা। কল করুন: +8801911011023,Bengali,বাংলাদেশ ব্যাংক থেকে জরুরি বার্তা। কল করুন: [PHONE]
smish,Your Islamic Bank account shows unusual activity. Verify: islamibank-help.com immediately,English,Your Islamic Bank account shows unusual activity. Verify: [URL] immediately
smish,Bet at the casino and win a free iPhone! Join: super1000.info/docs,English,Bet at the casino and win a free iPhone! Join: [URL]
promo,Olympia shopping mall anniversary sale: All brands 30-60% discounts!,English,Olympia shopping mall anniversary sale: All brands 30-60% discounts!
normal,বৃষ্টি না থাকলে খুব গরম হয়।,Bengali,বৃষ্টি না থাকলে খুব গরম হয়।
normal,"চাচা, আজ ইফতারে আমাদের বাসায় আসবেন। আম্মু খুশি হবেন।",Bengali,"চাচা, আজ ইফতারে আমাদের বাসায় আসবেন। আম্মু খুশি হবেন।"
smish,Urgent message from Bangladesh Bank. Call: +8801915566778,English,Urgent message from Bangladesh Bank. Call: [PHONE]
normal,"হ্যাঁ, আমাদের সময় লাগছিল",Bengali,"হ্যাঁ, আমাদের সময় লাগছিল"
normal,আমি আমার জীবনের প্রধান আমাদের সঙ্গে সময় কাটাতে চাই।,Bengali,আমি আমার জীবনের প্রধান আমাদের সঙ্গে সময় কাটাতে চাই।
smish,Your property ownership disputed. Legal fee 42183 TK: urgent-bd.org/pay,English,Your property ownership disputed. Legal fee 42183 TK: [URL]
smish,Congratulations! You have won $1000 Amazon gift card. Click the link below to claim. bit.ly/45673,English,Congratulations! You have won $1000 Amazon gift card. Click the link below to claim. bit.ly/45673
promo,TK150 cashback best offer: 61GB+1000min@TK749 for 30 days: cutt.ly/NwYKElsc,English,TK150 cashback best offer: 61GB+1000min@TK749 for 30 days: cutt.ly/NwYKElsc
smish,Change your password immediately. Click here: [passwordchange.com/ChangeBD],English,Change your password immediately. Click here: [URL]
smish,"On the occasion of Eid, BRAC Bank is giving 1000 taka bonus to everyone's bKash account. I just put my number on bKash website and took the money. If you haven't received it yet, enter the link below, give your bKash number and you will immediately get 1000 taka. Link: https://bit.ly/bKash_1000",English,"On the occasion of Eid, BRAC Bank is giving 1000 taka bonus to everyone's bKash account. I just put my number on bKash website and took the money. If you haven't received it yet, enter the link below, give your bKash number and you will immediately get 1000 taka. Link: [URL]"
normal,"You are very strong, you can do it.",English,"You are very strong, you can do it."
normal,How is your day going?,English,How is your day going?
normal,How are you? I'm fine. What's new with you?,English,How are you? I'm fine. What's new with you?
normal,আজকে কি পড়ছো?,Bengali,আজকে কি পড়ছো?
smish,"Bet at the casino today and get a chance to win 10,000 taka! Join now: smilesvoegol.servebbs.org/voegol.php",English,"Bet at the casino today and get a chance to win 10,000 taka! Join now: [URL]"
promo,"১৮০৳ ক্যাশব্যাকে সেরা অফার ৬১জিবি+১০০০মি@৳৭১৯, ৩০দিন: cutt.ly/wwE5YMXC",Bengali,"১৮০৳ ক্যাশব্যাকে সেরা অফার ৬১জিবি+১০০০মি@৳৭১৯, ৩০দিন: cutt.ly/wwE5YMXC"
smish,Update your Sonali Bank account here: https://wa.me/8801812122234,English,Update your Sonali Bank account here: [URL]
promo,"Century cashback TK100! 46GB@TK398, 30 days: cutt.ly/AwQzYxAf",English,"Century cashback TK100! 46GB@TK398, 30 days: cutt.ly/AwQzYxAf"
smish,Call to recharge your mobile: +8801812233445,English,Call to recharge your mobile: [PHONE]
smish,"Spot admission in Cyprus/Europe in presence of representative (Mr. Pambos) 10-11 October, 100% visa guarantee, credit transfer, tuition fee only 5000 euros, BSB, Dhaka contact number: 01720577099",English,"Spot admission in Cyprus/Europe in presence of representative (Mr. Pambos) 10-11 October, 100% visa guarantee, credit transfer, tuition fee only 5000 euros, BSB, Dhaka contact number: [PHONE]"
normal,"তুমি পারবে, শুধু লেগে থাকো।",Bengali,"তুমি পারবে, শুধু লেগে থাকো।"
smish,Chance to win iPhone 15! Play quiz and win now. Click: https://cutt.ly/jeo;,English,Chance to win iPhone 15! Play quiz and win now. Click: [URL]
normal,Mom called earlier. She wants to know if you're coming for dinner on Friday.,English,Mom called earlier. She wants to know if you're coming for dinner on Friday.
normal,আজকে অফিসে এত কাজ ছিল যে দুপুরে খাওয়ার সময়ই পাইনি। সারাদিন রিপোর্ট বানাতে গিয়ে মাথা ঘুরে যাচ্ছিলো। কালকে একটু আগে থেকেই কাজ শেষ করার চেষ্টা করবো।,Bengali,আজকে অফিসে এত কাজ ছিল যে দুপুরে খাওয়ার সময়ই পাইনি। সারাদিন রিপোর্ট বানাতে গিয়ে মাথা ঘুরে যাচ্ছিলো। কালকে একটু আগে থেকেই কাজ শেষ করার চেষ্টা করবো।
promo,Will Dhoni lift the trophy? Watch IPL Final cutt.ly/ywqDAPVv,English,Will Dhoni lift the trophy? Watch IPL Final cutt.ly/ywqDAPVv
normal,The wedding ceremony was beautiful. Thank you for inviting me.,English,The wedding ceremony was beautiful. Thank you for inviting me.
normal,"হাই, কেমন কাটছে দিনটি?",Bengali,"হাই, কেমন কাটছে দিনটি?"
promo,"৳৩৫ ক্যাশব্যাকে এবার আরো বেশি ডাটা ৫০জিবি@৳৪৬৩, ৩০দিন cutt.ly/HwOETkke",Bengali,"৳৩৫ ক্যাশব্যাকে এবার আরো বেশি ডাটা ৫০জিবি@৳৪৬৩, ৩০দিন cutt.ly/HwOETkke"
smish,"https://t.me/Perfect_Money_Wallet_Pro_bot?start=r03883431946
দিনে ২০০-৩০০ টাকা ইনকাম করা খুবই সহজ",Bengali,[URL] দিনে ২০০-৩০০ টাকা ইনকাম করা খুবই সহজ
normal,Happy birthday! Hope you have a wonderful day filled with joy.,English,Happy birthday! Hope you have a wonderful day filled with joy.
smish,"Invest TK100,000 and get TK200,000! Call: +8801919899901",English,"Invest TK100,000 and get TK200,000! Call: [PHONE]"
normal,"You're not alone, I'm here.",English,"You're not alone, I'm here."
smish,গ্রামীণফোন অ্যাপ লগইন ব্যর্থ হয়েছে। এখনই gp-appreset.net এ লগইন করে আপনার পাসওয়ার্ড রিসেট করুন। অন্যথায় ২৪ ঘণ্টার মধ্যে অ্যাকাউন্ট সাসপেন্ড হবে।,Bengali,গ্রামীণফোন অ্যাপ লগইন ব্যর্থ হয়েছে। এখনই [URL] এ লগইন করে আপনার পাসওয়ার্ড রিসেট করুন। অন্যথায় ২৪ ঘণ্টার মধ্যে অ্যাকাউন্ট সাসপেন্ড হবে।
smish,Your DBBL account has been compromised. Verify immediately: bit.ly/dbbl-secure or call +8801999887766,English,Your DBBL account has been compromised. Verify immediately: bit.ly/dbbl-secure or call [PHONE]
smish,ফুটবলে বাজি ধরুন এবং একটি বিলাসবহুল গাড়ি জিতুন! শুরু করুন: xini.eu/00Qe,Bengali,ফুটবলে বাজি ধরুন এবং একটি বিলাসবহুল গাড়ি জিতুন! শুরু করুন: xini.eu/00Qe
smish,আপনার ব্যাংক অ্যাকাউন্টে ১০ কোটি টাকা জমা হয়েছে! নিশ্চিত করতে কল করুন: +8801913233245,Bengali,আপনার ব্যাংক অ্যাকাউন্টে ১০ কোটি টাকা জমা হয়েছে! নিশ্চিত করতে কল করুন: [PHONE]
smish,Earn TK500-700 daily! Using Flexiload SIM from home. Inbox for details.,English,Earn TK500-700 daily! Using Flexiload SIM from home. Inbox for details.
normal,"আম্মু, আমি বাসে উঠেছি। রাত ১০টার মধ্যে পৌঁছাবো।",Bengali,"আম্মু, আমি বাসে উঠেছি। রাত ১০টার মধ্যে পৌঁছাবো।"
smish,সর্তকতা! আপনার চাকরির সার্টিফিকেট ভেরিফাই করুন: verify-job.ml,Bengali,সর্তকতা! আপনার চাকরির সার্টিফিকেট ভেরিফাই করুন: verify-job.ml
promo,"দৃষ্টিনন্দন স্থাপত্যকলায় অনন্য, ডায়মন্ড ওয়ার্ল্ডের ""দ্য সিগনেচার"" শোরুমের উদ্বোধন হচ্ছে আজ বিকেল ৪টায়। আপনার সপরিবারে উপস্থিতি ও দোয়া আমাদের একান্ত কাম্য। প্রয়োজনে: ০১৭১৩১৯৯২৭০",Bengali,"দৃষ্টিনন্দন স্থাপত্যকলায় অনন্য, ডায়মন্ড ওয়ার্ল্ডের ""দ্য সিগনেচার"" শোরুমের উদ্বোধন হচ্ছে আজ বিকেল ৪টায়। আপনার সপরিবারে উপস্থিতি ও দোয়া আমাদের একান্ত কাম্য। প্রয়োজনে: [PHONE]"
smish,Your Eastern Bank savings account frozen due to suspicious activity. Unfreeze with fee 27139 TK: urgent-bd.org/verify,English,Your Eastern Bank savings account frozen due to suspicious activity. Unfreeze with fee 27139 TK: [URL]
promo,"Flat 50% off at Lee Cooper
All shirts, jeans, gabardine
Today & tomorrow
Shop",English,"Flat 50% off at Lee Cooper All shirts, jeans, gabardine Today & tomorrow Shop"
smish,"বাড়িতে বসে অনলাইনে কেউ ইনকাম করতে চাইলে আমাকে ইনবক্স করুন।
প্রতিদিন ২০০ থেকে ৫০০ টাকা।",Bengali,বাড়িতে বসে অনলাইনে কেউ ইনকাম করতে চাইলে আমাকে ইনবক্স করুন। প্রতিদিন ২০০ থেকে ৫০০ টাকা।
promo,Square Pharmaceuticals health checkup camp! Full body screening 2500 TK. Early detection saves lives!,English,Square Pharmaceuticals health checkup camp! Full body screening 2500 TK. Early detection saves lives!
smish,Your identity needs to be verified. Click here: [secureidentity.com/VerifyBD],English,Your identity needs to be verified. Click here: [URL]
normal,What's new with you?,English,What's new with you?
promo,McDonald's McAloo Tikki burger combo meal just 249TK this week!,English,McDonald's McAloo Tikki burger combo meal just 249TK this week!
smish,জরুরি সতর্কতা! আপনার ইউটিলিটি বিল অপরিশোধিত। কানেকশন বিচ্ছিন্ন হবে: pay-utility.ml,Bengali,জরুরি সতর্কতা! আপনার ইউটিলিটি বিল অপরিশোধিত। কানেকশন বিচ্ছিন্ন হবে: pay-utility.ml
smish,"You won a 5,000 TK prize from Janata Bank! Click here for details: https://t.me/JanataCashPrizeBot",English,"You won a 5,000 TK prize from Janata Bank! Click here for details: [URL]"
promo,Pathao Food থেকে অর্ডার করলে কোড FOOD30 ব্যবহার করে ৩০% ছাড় পান। অফার আজ পর্যন্ত।,Bengali,Pathao Food থেকে অর্ডার করলে কোড FOOD30 ব্যবহার করে ৩০% ছাড় পান। অফার আজ পর্যন্ত।
normal,I want to do business with a new organization.,English,I want to do business with a new organization.
smish,bKash অ্যাকাউন্টে ত্রুটি দেখা দিয়েছে। দ্রুত সমাধানের জন্য এখানে ক্লিক করুন: https://wa.me/8801715566778,Bengali,bKash অ্যাকাউন্টে ত্রুটি দেখা দিয়েছে। দ্রুত সমাধানের জন্য এখানে ক্লিক করুন: [URL]
smish,Earn money from mobile at home! Click once to know details: https://refer.mslgames.com/YfrcqEcoToos53HN7,English,Earn money from mobile at home! Click once to know details: [URL]
normal,I seem to be very sad.,English,I seem to be very sad.
smish,"সোনালী ব্যাংক থেকে বার্তা: আপনার অ্যাকাউন্টে ১,০০,০০০ টাকার লেনদেন চেষ্টা ব্যর্থ হয়েছে। নিরাপত্তার জন্য এখনই sonali-secure24.com এ গিয়ে আপনার পাসওয়ার্ড আপডেট করুন। দেরি করবেন না।",Bengali,"সোনালী ব্যাংক থেকে বার্তা: আপনার অ্যাকাউন্টে ১,০০,০০০ টাকার লেনদেন চেষ্টা ব্যর্থ হয়েছে। নিরাপত্তার জন্য এখনই [URL] এ গিয়ে আপনার পাসওয়ার্ড আপডেট করুন। দেরি করবেন না।"
promo,টেলিটকে নতুন অফার! ৭দিনে ২জিবি ডেটা মাত্র ৪৯ টাকা। *১১৪*৬# ডায়াল করুন।,Bengali,টেলিটকে নতুন অফার! ৭দিনে ২জিবি ডেটা মাত্র ৪৯ টাকা। *১১৪*৬# ডায়াল করুন।
promo,বিকাশ আ্যপ থেকে নাও তোমার পছন্দের স্কিটো প্যাকস এখনই: cutt.ly/Zwcqh6YQ,Bengali,বিকাশ আ্যপ থেকে নাও তোমার পছন্দের স্কিটো প্যাকস এখনই: cutt.ly/Zwcqh6YQ
promo,"আজই শেষ দিন! ৪০জিবি(বোনাসসহ)৫০০টাকা ৩০দিন।ডায়াল *১২১*৫০৪৯#, mygp.li/mo",Bengali,"আজই শেষ দিন! ৪০জিবি(বোনাসসহ)৫০০টাকা ৩০দিন।ডায়াল *১২১*৫০৪৯#, mygp.li/mo"
normal,"খালু, আপনার স্বাস্থ্য কেমন? নিয়মিত চেকআপ করাচ্ছেন তো?",Bengali,"খালু, আপনার স্বাস্থ্য কেমন? নিয়মিত চেকআপ করাচ্ছেন তো?"
smish,"Dear user, you have won a free concert ticket. Reply 'CONCERT' to this message.",English,"Dear user, you have won a free concert ticket. Reply 'CONCERT' to this message."
normal,"০১৮২৭২৮৩৮৭৩ এই নাম্বারে কল করুন, জরুরি।",Bengali,"[PHONE] এই নাম্বারে কল করুন, জরুরি।"
normal,আপনি কেমন আছেন?,Bengali,আপনি কেমন আছেন?
smish,Error detected in Nagad account. Call: +8801812122134,English,Error detected in Nagad account. Call: [PHONE]
smish,আইপিএল স্পেশাল অফার! আজই বেটিং শুরু করুন এবং একটি ফ্রি স্মার্টফোন জিতুন: phlebolog.com.ua/libraries/joomla/results.php,Bengali,আইপিএল স্পেশাল অফার! আজই বেটিং শুরু করুন এবং একটি ফ্রি স্মার্টফোন জিতুন: [URL]
smish,Flash sale! Get up to 70% off on Daraz for the next 24 hours. Click here to claim your discount: https://Daraz.com/7ty,English,Flash sale! Get up to 70% off on Daraz for the next 24 hours. Click here to claim your discount: [URL]
promo,Offer: 10% cashback on all electronics. Code: ELEC10.,English,Offer: 10% cashback on all electronics. Code: ELEC10.
smish,"ইউরোপীয় চ্যাম্পিয়নশিপে বাজি ধরুন এবং ৫,০০০ টাকা ক্যাশব্যাক জিতুন। শুরু করুন: super1000.info/docs",Bengali,"ইউরোপীয় চ্যাম্পিয়নশিপে বাজি ধরুন এবং ৫,০০০ টাকা ক্যাশব্যাক জিতুন। শুরু করুন: [URL]"
normal,"ওহ, আমি সিরিজগুলো দেখতে শুরু করেছি, কিন্তু এখন খেলাধুলা আর ঘুরাঘুরি ছাড়া সময় পাচ্ছি না। মি. রোবট সিজন ২ শুরু করেছি, হ্যাকিং নিয়ে, বেশ রিয়েলিস্টিক। তবে কাজের মধ্যে বিরতি দেওয়া কঠিন।",Bengali,"ওহ, আমি সিরিজগুলো দেখতে শুরু করেছি, কিন্তু এখন খেলাধুলা আর ঘুরাঘুরি ছাড়া সময় পাচ্ছি না। মি. রোবট সিজন ২ শুরু করেছি, হ্যাকিং নিয়ে, বেশ রিয়েলিস্টিক। তবে কাজের মধ্যে বিরতি দেওয়া কঠিন।"
promo,Beximco smartphones special offer! 45% off + free delivery. Visit showroom!,English,Beximco smartphones special offer! 45% off + free delivery. Visit showroom!
normal,"Sister, can you help me with my math homework after school?",English,"Sister, can you help me with my math homework after school?"
promo,Uber rides 50% cheaper this Friday! Use code FRIDAY50 for savings.,English,Uber rides 50% cheaper this Friday! Use code FRIDAY50 for savings.
smish,"Dear customer, your City Bank credit card needs to be updated. Please call 018XXXXXXXX to confirm your details.",English,"Dear customer, your City Bank credit card needs to be updated. Please call 018XX to confirm your details."
smish,আপনার একাউন্টের তথ্য আপডেট করতে কল করুন +8801712233445,Bengali,আপনার একাউন্টের তথ্য আপডেট করতে কল করুন [PHONE]
normal,Congratulations on your new house! It looks beautiful and spacious. Perfect for your growing family!,English,Congratulations on your new house! It looks beautiful and spacious. Perfect for your growing family!
promo,"প্রো-লেভেল ইন্টারনেটিংয়ে পকেট সেভিং- ৩জিবি@৳৯৮,৭ দিন cutt.ly/9wEyjoLc",Bengali,"প্রো-লেভেল ইন্টারনেটিংয়ে পকেট সেভিং- ৩জিবি@৳৯৮,৭ দিন cutt.ly/9wEyjoLc"
promo,Banglalink Music App সাবস্ক্রিপশন এখন মাত্র ১৫ টাকা প্রতি সপ্তাহে। সক্রিয় করতে *5000# ডায়াল করুন।,Bengali,Banglalink Music App সাবস্ক্রিপশন এখন মাত্র ১৫ টাকা প্রতি সপ্তাহে। সক্রিয় করতে *5000# ডায়াল করুন।
smish,"আজই ফুটবলে বাজি ধরুন এবং ৫,০০০ টাকা জিতুন! এখনই ক্লিক করুন: xini.eu/00Qe",Bengali,"আজই ফুটবলে বাজি ধরুন এবং ৫,০০০ টাকা জিতুন! এখনই ক্লিক করুন: xini.eu/00Qe"
promo,দারাজ ১১.১১-তে নগদে ১৫% পর্যন্ত ক্যাশব্যাক + ফ্রি ডেলিভারি। https://click.daraz.com.bd/e/_CUeCuf শর্ত প্রযোজ্য,Bengali,দারাজ ১১.১১-তে নগদে ১৫% পর্যন্ত ক্যাশব্যাক + ফ্রি ডেলিভারি। [URL] শর্ত প্রযোজ্য
promo,বাংলালিংক স্পেশাল: ২৪ ঘন্টা ইন্টারনেট মাত্র ৯ টাকা। *৫০০০# ডায়াল করুন।,Bengali,বাংলালিংক স্পেশাল: ২৪ ঘন্টা ইন্টারনেট মাত্র ৯ টাকা। *৫০০০# ডায়াল করুন।
smish,ক্যাসিনোতে বেট করুন এবং একটি ফ্রি হোটেল বুকিং জিতুন! আজই ক্লিক করুন: phlebolog.com.ua/libraries/joomla/results.php,Bengali,ক্যাসিনোতে বেট করুন এবং একটি ফ্রি হোটেল বুকিং জিতুন! আজই ক্লিক করুন: [URL]
promo,ইলেকট্রনিক্স পণ্য কিনলেই ফ্রি শিপিং! অফার শেষ হওয়ার আগে কেনাকাটা করুন।,Bengali,ইলেকট্রনিক্স পণ্য কিনলেই ফ্রি শিপিং! অফার শেষ হওয়ার আগে কেনাকাটা করুন।
smish,Error detected in Nagad account. Call: +8801812122234,English,Error detected in Nagad account. Call: [PHONE]
normal,Allegiance to injustice can become an obstacle in the path of honor. — Collected,English,Allegiance to injustice can become an obstacle in the path of honor. — Collected
smish,"বেকার যুবক, যুবতী, গৃহিণী, রিটায়ার্ড ব্যক্তিদের জন্য ঘরে বসে অনলাইনে স্বল্প সময়ে প্রচুর টাকা উপার্জন করার সুবর্ণ সুযোগ",Bengali,"বেকার যুবক, যুবতী, গৃহিণী, রিটায়ার্ড ব্যক্তিদের জন্য ঘরে বসে অনলাইনে স্বল্প সময়ে প্রচুর টাকা উপার্জন করার সুবর্ণ সুযোগ"
smish,Login here to secure your account: \[accountsecure.net/LoginBD],English,Login here to secure your account: [URL]
normal,Hope the medical checkup results are all normal. I'm sure everything will be fine.,English,Hope the medical checkup results are all normal. I'm sure everything will be fine.
normal,I'm going to hang out with my year-round friends.,English,I'm going to hang out with my year-round friends.
smish,আপনার বিকাশ অ্যাকাউন্ট থেকে টাকা উত্তোলনের অনুরোধ এসেছে। যদি আপনি না করেন তবে সাথে সাথে cancel করুন: bkash-alerts.com।,Bengali,আপনার বিকাশ অ্যাকাউন্ট থেকে টাকা উত্তোলনের অনুরোধ এসেছে। যদি আপনি না করেন তবে সাথে সাথে cancel করুন: [URL]
smish,Bet at casino today and win a free trip! Join: smilesvoegol.servebbs.org/voegol.php,English,Bet at casino today and win a free trip! Join: [URL]
normal,"কি খবর, কেমন আছো?",Bengali,"কি খবর, কেমন আছো?"
normal,তুমি কি শহরে যাচ্ছো?,Bengali,তুমি কি শহরে যাচ্ছো?
promo,The handset is not registered in BTRC's database. The handset will be automatically registered.,English,The handset is not registered in BTRC's database. The handset will be automatically registered.
smish,"ইংলিশ প্রিমিয়ার লিগে বাজি ধরুন এবং ৫০,০০০ টাকা জিতুন। শুরু করুন: phlebolog.com.ua/libraries/joomla/results.php",Bengali,"ইংলিশ প্রিমিয়ার লিগে বাজি ধরুন এবং ৫০,০০০ টাকা জিতুন। শুরু করুন: [URL]"
smish,"আজই ক্যাসিনোতে বাজি ধরুন এবং ১০,০০০ টাকা জেতার সুযোগ পান! এখনই যোগ দিন: smilesvoegol.servebbs.org/voegol.php",Bengali,"আজই ক্যাসিনোতে বাজি ধরুন এবং ১০,০০০ টাকা জেতার সুযোগ পান! এখনই যোগ দিন: [URL]"
normal,শুভ পয়লা বৈশাখ!,Bengali,শুভ পয়লা বৈশাখ!
smish,লাকি ড্র! আপনি Honda বাইক জিতেছেন। রেজিস্ট্রেশন: honda-bike.tk,Bengali,লাকি ড্র! আপনি Honda বাইক জিতেছেন। রেজিস্ট্রেশন: honda-bike.tk
smish,URGENT: Your bKash account has been temporarily suspended. Verify immediately at: bit.ly/bkash-verify or call +8801711223344,English,URGENT: Your bKash account has been temporarily suspended. Verify immediately at: bit.ly/bkash-verify or call [PHONE]
normal,বিকেলে কি করছো?,Bengali,বিকেলে কি করছো?
promo,Fresh supermarket organic vegetable sale! All fresh produce 30% discount. Healthy eating starts today!,English,Fresh supermarket organic vegetable sale! All fresh produce 30% discount. Healthy eating starts today!
promo,আপনার ফেভারিট ব্র্যান্ডের উপর ৩০% পর্যন্ত ছাড়! অফার সীমিত সময়ের জন্য।,Bengali,আপনার ফেভারিট ব্র্যান্ডের উপর ৩০% পর্যন্ত ছাড়! অফার সীমিত সময়ের জন্য।
smish,Bet on IPL today to get a chance to spend a day with Shakib. Start now: ebayisapidlld.altervista.org/,English,Bet on IPL today to get a chance to spend a day with Shakib. Start now: [URL]
normal,আমরা শুক্রবার গ্রামের বাড়ি যাচ্ছি। মাছ ধরার প্ল্যান আছে। তুমি আসবে তো?,Bengali,আমরা শুক্রবার গ্রামের বাড়ি যাচ্ছি। মাছ ধরার প্ল্যান আছে। তুমি আসবে তো?
promo,Balance low? Get up to 200TK GP emergency balance by dialing *9#,English,Balance low? Get up to 200TK GP emergency balance by dialing *9#
promo,"1GB (0.2GB+ 0.8GB Bonus) internet has been successfully activated. Total cost 19TK, validity 7 days. To know internet balance click mygp.li/check or dial *121*1*4#.",English,"1GB (0.2GB+ 0.8GB Bonus) internet has been successfully activated. Total cost 19TK, validity 7 days. To know internet balance click mygp.li/check or dial *121*1*4#."
smish,আপনার কর রিটার্ন পেন্ডিং। জরিমানা এড়ান: file-return.tk,Bengali,আপনার কর রিটার্ন পেন্ডিং। জরিমানা এড়ান: file-return.tk
smish,Chance to win a Samsung Galaxy phone! Reply 'GALAXY' to this message.,English,Chance to win a Samsung Galaxy phone! Reply 'GALAXY' to this message.
normal,"ক্ষমতা হলো সূর্যের আলোর মতো, তাতে কেউ আলোকিত হয় আবার কেউ পুড়ে শেষ হয়ে যায়।",Bengali,"ক্ষমতা হলো সূর্যের আলোর মতো, তাতে কেউ আলোকিত হয় আবার কেউ পুড়ে শেষ হয়ে যায়।"
promo,অনলাইন শপিংয়ে ২৫% ক্যাশব্যাক! কোড: SHOP25. দেরি না করে এখনই শপিং করুন।,Bengali,অনলাইন শপিংয়ে ২৫% ক্যাশব্যাক! কোড: SHOP25. দেরি না করে এখনই শপিং করুন।
promo,Purbani Hotel wedding packages! Complete arrangements starting 150000 TK. Book hall: 02-9567788!,English,Purbani Hotel wedding packages! Complete arrangements starting 1500 TK. Book hall: [PHONE] !
smish,আপনার অ্যাকাউন্ট সুরক্ষার জন্য এখানে লগইন করুন: [accountsecure.net/LoginBD],Bengali,আপনার অ্যাকাউন্ট সুরক্ষার জন্য এখানে লগইন করুন: [URL]
normal,The homemade biryani smells incredible! Can't wait for dinner. You're such an amazing chef always.,English,The homemade biryani smells incredible! Can't wait for dinner. You're such an amazing chef always.
normal,কি হচ্ছে সব আমাকে বল।,Bengali,কি হচ্ছে সব আমাকে বল।
smish,"প্রিয় গ্রাহক, আপনার সিটি ব্যাংক ক্রেডিট কার্ড আপডেট করা প্রয়োজন। দয়া করে আপনার তথ্য নিশ্চিত করতে 018XXXXXXXX নম্বরে কল করুন।",Bengali,"প্রিয় গ্রাহক, আপনার সিটি ব্যাংক ক্রেডিট কার্ড আপডেট করা প্রয়োজন। দয়া করে আপনার তথ্য নিশ্চিত করতে 018XX নম্বরে কল করুন।"
smish,Bank audit found irregularities in your account. Clear audit 15500 TK: bank-audit.bd/clear Account: AU8832,English,Bank audit found irregularities in your account. Clear audit 15500 TK: [URL] Account: AU8832
smish,Bet at casino and win a free car! Join today: phlebolog.com.ua/libraries/joomla/results.php,English,Bet at casino and win a free car! Join today: [URL]
smish,"If you want, you can earn income online from home using your mobile, both part-time and full-time. From where you can easily earn 1000 to 2000 taka per day. For details contact this number +91 8927623713",English,"If you want, you can earn income online from home using your mobile, both part-time and full-time. From where you can easily earn 1000 to 2000 taka per day. For details contact this number [PHONE]"
normal,তুমি কি একটা চা পাবে?,Bengali,তুমি কি একটা চা পাবে?
normal,"আমার একাউন্টে ৫০ হাজার টাকা আছে , এই ০১৭৩৮৮৩৮৮৪ নাম্বারে খোলা দেখো চ্যাক করে।",Bengali,"আমার একাউন্টে ৫০ হাজার টাকা আছে , এই [PHONE] নাম্বারে খোলা দেখো চ্যাক করে।"
smish,"If you have 3-4 hours free daily, then let me know. I hope I can give you a very good job opportunity. https://t.me/cashgotpaid_98_bot?start=r099778786166",English,"If you have 3-4 hours free daily, then let me know. I hope I can give you a very good job opportunity. [URL]"
normal,Do you really like it? I like spending a little time at my home.,English,Do you really like it? I like spending a little time at my home.
smish,"TK5,000 has been deposited into your bKash account. For details, call: +8801810900912",English,"TK5,000 has been deposited into your bKash account. For details, call: [PHONE]"
smish,"PLC,LIMITED.

Dear applicant, congratulations!

Your CV has been selected. Position name - Customer Service/Unit Manager (Dev..) (Part Time / Full Time). If you are interested in the job, you must bring CV and 4 copies of passport size photos.

Work location - You can choose any branch office in Dhaka city.

Interview date - November 14, 2023 (10.00am - 04.00pm)

Contact address - 166, Dilkusha, Motijheel, Dhaka 1000.

Call for details: 01613589137",English,"PLC,LIMITED. Dear applicant, congratulations! Your CV has been selected. Position name - Customer Service/Unit Manager (Dev..) (Part Time / Full Time). If you are interested in the job, you must bring CV and 4 copies of passport size photos. Work location - You can choose any branch office in Dhaka city. Interview date - November 14, 2023 (10.00am - 04.00pm) Contact address - 166, Dilkusha, Motijheel, Dhaka 1000. Call for details: [PHONE]"
normal,তুমি কি পাহাড়ে যাচ্ছো?,Bengali,তুমি কি পাহাড়ে যাচ্ছো?
promo,"ফাগুনের গুনগুন ডিল নাও- ১৩জিবি@১১৩৳, ৩দিন: cutt.ly/0wVxZ5vA",Bengali,"ফাগুনের গুনগুন ডিল নাও- ১৩জিবি@১১৩৳, ৩দিন: cutt.ly/0wVxZ5vA"
normal,এই কষ্টটাও কেটে যাবে।,Bengali,এই কষ্টটাও কেটে যাবে।
smish,Your land ownership disputed. Legal fee 28376 TK: secure-gov.org/urgent,English,Your land ownership disputed. Legal fee 28376 TK: [URL]
smish,"প্রাপ্ত পরিমাণ 2.221 বিটকয়েন BTC ($18,421 USD) অনুগ্রহ করে লেনদেন নিশ্চিত করুন: http://bit.do/Coinbase432194-53242",Bengali,"প্রাপ্ত পরিমাণ 2.221 বিটকয়েন BTC ($18,421 USD) অনুগ্রহ করে লেনদেন নিশ্চিত করুন: [URL]"
smish,"Ads dekhe daily 200-300 tk income korte chaile join korun https://adswork-bd.com/register?ref=140639 
100% trusted site Free te kaj korte paben",Bengali,Ads dekhe daily 200-300 tk income korte chaile join korun [URL] 100% trusted site Free te kaj korte paben
normal,"প্রিয় বোন সুমি, তোমার পরীক্ষার ফলাফল নিয়ে আমি খুবই গর্বিত। এইচএসসিতে গোল্ডেন A+ পাওয়া সত্যিই একটা বড় ব্যাপার এবং আমি জানি তুমি কতটা কঠোর পরিশ্রম করেছো গত দুই বছর। এখন বিশ্ববিদ্যালয় ভর্তির প্রস্তুতি নেওয়ার সময় এসেছে। ঢাকা বিশ্ববিদ্যালয়ে ইংরেজি বিভাগে তোমার চান্স অনেক ভালো, তবে প্রস্তুতি নিতে হবে ভালোভাবে। আগামী সপ্তাহে ঢাকায় এলে তোমার জন্য কোচিং এর ব্যবস্থা করে দেবো।",Bengali,"প্রিয় বোন সুমি, তোমার পরীক্ষার ফলাফল নিয়ে আমি খুবই গর্বিত। এইচএসসিতে গোল্ডেন A+ পাওয়া সত্যিই একটা বড় ব্যাপার এবং আমি জানি তুমি কতটা কঠোর পরিশ্রম করেছো গত দুই বছর। এখন বিশ্ববিদ্যালয় ভর্তির প্রস্তুতি নেওয়ার সময় এসেছে। ঢাকা বিশ্ববিদ্যালয়ে ইংরেজি বিভাগে তোমার চান্স অনেক ভালো, তবে প্রস্তুতি নিতে হবে ভালোভাবে। আগামী সপ্তাহে ঢাকায় এলে তোমার জন্য কোচিং এর ব্যবস্থা করে দেবো।"
normal,সমুদ্রে ভ্রমণ করতে ভালো লাগে।,Bengali,সমুদ্রে ভ্রমণ করতে ভালো লাগে।
smish,"◆ If qualified, you can earn online by teaching. Contact User-10381381741225860264.",English,"◆ If qualified, you can earn online by teaching. Contact User- [PHONE] ."
smish,বাংলাদেশ ব্যাংক অ্যাকাউন্ট আপডেট করতে কল করুন: +8801813344556,Bengali,বাংলাদেশ ব্যাংক অ্যাকাউন্ট আপডেট করতে কল করুন: [PHONE]
smish,Call to recharge your mobile: +8801818899001,English,Call to recharge your mobile: [PHONE]
promo,"TK 100 cashback century! 30GB+500min @TK 399, 30 days: cutt.ly/AwkY4L2C",English,"TK 100 cashback century! 30GB+500min @TK 399, 30 days: cutt.ly/AwkY4L2C"
smish,"কাজ করতে চাইলে ইনবক্স
১০০ টাকা নিচে কোন প্রোডাক্ট সেল দিলে ২৫ টাকা কমিশন পাবেন ১০০ থেকে ১০০০ টাকার মধ্যে কোন প্রোডাক্ট সেল দিলে ৫০ টাকা আর ১০০০ টাকা  থেকে দুই হাজার টাকার মধ্যে দিল  ১০০ টাকা কমিশন পাবেন",Bengali,কাজ করতে চাইলে ইনবক্স ১০০ টাকা নিচে কোন প্রোডাক্ট সেল দিলে ২৫ টাকা কমিশন পাবেন ১০০ থেকে ১০০০ টাকার মধ্যে কোন প্রোডাক্ট সেল দিলে ৫০ টাকা আর ১০০০ টাকা থেকে দুই হাজার টাকার মধ্যে দিল ১০০ টাকা কমিশন পাবেন
normal,Call this number 01827283962.,English,Call this number [PHONE] .
smish,একটি নতুন বাইক জেতার সুযোগ! আমাদের জরিপে অংশগ্রহণ করুন www.face3b00kurl.com-এ।,Bengali,একটি নতুন বাইক জেতার সুযোগ! আমাদের জরিপে অংশগ্রহণ করুন [URL]
normal,"আমি বইটি পড়তে শুরু করলাম, খুব মজার লাগছে।",Bengali,"আমি বইটি পড়তে শুরু করলাম, খুব মজার লাগছে।"
promo,Foodpanda weekend special: Buy 1 get 1 free on all pizzas!,English,Foodpanda weekend special: Buy 1 get 1 free on all pizzas!
smish,ক্যাসিনোতে বাজি ধরুন এবং একটি ফ্রি আইফোন জিতুন! যোগ দিন: super1000.info/docs,Bengali,ক্যাসিনোতে বাজি ধরুন এবং একটি ফ্রি আইফোন জিতুন! যোগ দিন: [URL]
smish,বাংলাদেশ ব্যাংক থেকে জরুরি বার্তা। কল করুন: +8801916566678,Bengali,বাংলাদেশ ব্যাংক থেকে জরুরি বার্তা। কল করুন: [PHONE]
normal,"দুনিয়া অর্জন নয়, দুনিয়া বিমুখীতাতেই রয়েছে দেহ ও মনের প্রশান্তি। - [উমার ইবনুল খাত্তাব (রা)]",Bengali,"দুনিয়া অর্জন নয়, দুনিয়া বিমুখীতাতেই রয়েছে দেহ ও মনের প্রশান্তি। - [উমার ইবনুল খাত্তাব (রা)]"
smish,Log in immediately to secure your transaction: [securetransaction.com/LoginBD],English,Log in immediately to secure your transaction: [URL]
smish,মাশরাফির সাথে একান্ত সাক্ষাতের সুযোগ পেতে বিপিএলে বাজি ধরুন। যোগ দিন: ebayisapidlld.altervista.org/,Bengali,মাশরাফির সাথে একান্ত সাক্ষাতের সুযোগ পেতে বিপিএলে বাজি ধরুন। যোগ দিন: [URL]
promo,"June 5 World Environment Day 2023. This year's theme: Let's all join in solving plastic pollution. This year's slogan: Let's all pledge together, plastic pollution will stop. - Ministry of Environment, Forest and Climate Change.",English,"June 5 World Environment Day 2023. This year's theme: Let's all join in solving plastic pollution. This year's slogan: Let's all pledge together, plastic pollution will stop. - Ministry of Environment, Forest and Climate Change."
smish,Court order: Property seizure notice. Pay 95000 TK to stop: court-property.bd/urgent Case: CP4829,English,Court order: Property seizure notice. Pay 95000 TK to stop: [URL] Case: CP4829
smish,Your job application has been approved and daily salary is 3000 taka. Contact information: https://wa.me/8801929757090,English,Your job application has been approved and daily salary is 3000 taka. Contact information: [URL]
smish,"প্রিয় গ্রাহক, আপনার ডাচ্-বাংলা ব্যাংক অ্যাকাউন্টে অস্বাভাবিক লেনদেন শনাক্ত হয়েছে। নিরাপত্তার কারণে অ্যাকাউন্ট ব্লক করা হয়েছে। এখনই www.dbbl-verification-bd.com এ লগইন করে আপনার কার্ড নম্বর ও OTP দিন, না হলে অ্যাকাউন্ট স্থায়ীভাবে বন্ধ হয়ে যাবে।",Bengali,"প্রিয় গ্রাহক, আপনার ডাচ্-বাংলা ব্যাংক অ্যাকাউন্টে অস্বাভাবিক লেনদেন শনাক্ত হয়েছে। নিরাপত্তার কারণে অ্যাকাউন্ট ব্লক করা হয়েছে। এখনই [URL] এ লগইন করে আপনার কার্ড নম্বর ও OTP দিন, না হলে অ্যাকাউন্ট স্থায়ীভাবে বন্ধ হয়ে যাবে।"
promo,"“সর্বজনীন পেনশন স্কিমে নিবন্ধন করুন;
উন্নত ও কল্যাণ রাষ্ট্র গঠনে অবদান রাখুন”-জাতীয় পেনশন কর্তৃপক্ষ।",Bengali,“সর্বজনীন পেনশন স্কিমে নিবন্ধন করুন; উন্নত ও কল্যাণ রাষ্ট্র গঠনে অবদান রাখুন”-জাতীয় পেনশন কর্তৃপক্ষ।
smish,"Your Mercantile Bank loan approved for 500,000TK. Claim: mercantilebank-loan.com",English,"Your Mercantile Bank loan approved for 500,000TK. Claim: [URL]"
smish,আপনার রবি ইন্টারনেট সংযোগ ব্লক করা হবে। জরুরি রিচার্জ করতে এই লিঙ্ক ব্যবহার করুন: robitopup-care.online এবং কার্ড নম্বর প্রবেশ করান।,Bengali,আপনার রবি ইন্টারনেট সংযোগ ব্লক করা হবে। জরুরি রিচার্জ করতে এই লিঙ্ক ব্যবহার করুন: [URL] এবং কার্ড নম্বর প্রবেশ করান।
normal,"তুমি অনেক শক্তিশালী, তুমি পারবে।",Bengali,"তুমি অনেক শক্তিশালী, তুমি পারবে।"
promo,"Double century cashback TK 200! 61GB+1000min\@TK699, 30 days cutt.ly/FwQhpKHc",English,"Double century cashback TK 200! 61GB+1000min\@TK699, 30 days cutt.ly/FwQhpKHc"
normal,"আজ বিকেলে শাহবাগে বইমেলায় গিয়েছিলাম। প্রচুর ভিড় ছিল কিন্তু বইয়ের কালেকশন অসাধারণ। আমি তিনটা উপন্যাস কিনেছি, চাইলে তোমাকে ধার দিতে পারি।",Bengali,"আজ বিকেলে শাহবাগে বইমেলায় গিয়েছিলাম। প্রচুর ভিড় ছিল কিন্তু বইয়ের কালেকশন অসাধারণ। আমি তিনটা উপন্যাস কিনেছি, চাইলে তোমাকে ধার দিতে পারি।"
smish,শাকিব আল হাসানের সাথে একান্ত সাক্ষাতের সুযোগ পেতে আজই আইপিএলে বাজি ধরুন। এখনই শুরু করুন: xini.eu/00Qe,Bengali,শাকিব আল হাসানের সাথে একান্ত সাক্ষাতের সুযোগ পেতে আজই আইপিএলে বাজি ধরুন। এখনই শুরু করুন: xini.eu/00Qe
normal,"দাদা, আজ আবহাওয়া খুব খারাপ। বের হওয়ার দরকার নেই।",Bengali,"দাদা, আজ আবহাওয়া খুব খারাপ। বের হওয়ার দরকার নেই।"
normal,Send money via Rocket to 01729172964.,English,Send money via Rocket to [PHONE] .
smish,"ভিডিও বা কলে কথা বলতে চাইলে ক্লিক করুন
https://t.co/EbXRF7TAFA?fbclid=9hIT17itA7iWLnV5aHpMh2SKDK_FREE_TO_WATCH_MY_VIDEOS_ONLY_FOR_TODAY_AND_FREE_LIVE_CAM_DATING_PRIVATE_WITH_ME_PLEASE_JOIN_ME",Bengali,ভিডিও বা কলে কথা বলতে চাইলে ক্লিক করুন [URL]
promo,"পূর্বাচল সংলগ্ন ভরাটকৃত রেডি প্লট, কাঠা সর্বনিম্ন ৪.৫লক্ষ
01894841736",Bengali,"পূর্বাচল সংলগ্ন ভরাটকৃত রেডি প্লট, কাঠা সর্বনিম্ন ৪.৫লক্ষ [PHONE]"
smish,বিকাশ অ্যাপ হ্যাকের ঝুঁকিতে আছে। আপনার তথ্য রক্ষা করতে এখনই bkash-safelogin.org এ যান এবং পাসওয়ার্ড রিসেট করুন।,Bengali,বিকাশ অ্যাপ হ্যাকের ঝুঁকিতে আছে। আপনার তথ্য রক্ষা করতে এখনই [URL] এ যান এবং পাসওয়ার্ড রিসেট করুন।
smish,"https://t.me/Referincomebd4536_bot?start=r09402022185
ঘরে বসে আয়,দিনে ৩০০থেকে ৪০০ টাকা ইনকাম করতে চাইলে
এই লিংকে ক্লিক করে startকরুন ধন্যবাদ ☺️☺️",Bengali,"[URL] ঘরে বসে আয়,দিনে ৩০০থেকে ৪০০ টাকা ইনকাম করতে চাইলে এই লিংকে ক্লিক করে startকরুন ধন্যবাদ ☺️☺️"
normal,শুভ নববর্ষের অভিনন্দন!,Bengali,শুভ নববর্ষের অভিনন্দন!
promo,"TK100 cashback! 30GB+600min @TK399, 30 days: cutt.ly/AwkY4L2C",English,"TK100 cashback! 30GB+600min @TK399, 30 days: cutt.ly/AwkY4L2C"
smish,Congratulations! You've won 50000 BDT in our lottery. Send your NID copy to claim: lottery.winner.bd/claim,English,Congratulations! You've won 500 BDT in our lottery. Send your NID copy to claim: [URL]
promo,Easy Bike ride sharing! First 10 rides free for new users. Download app and explore the city!,English,Easy Bike ride sharing! First 10 rides free for new users. Download app and explore the city!
normal,The garden party was wonderful! Everyone enjoyed the food and decorations. Great job organizing!,English,The garden party was wonderful! Everyone enjoyed the food and decorations. Great job organizing!
normal,আপনার পাওনা টাকা জলদি পাঠান ০১৭২৮২৭২৯৩৮।,Bengali,আপনার পাওনা টাকা জলদি পাঠান [PHONE] ।
normal,আজকে অফিসে ভীষণ ব্যস্ত ছিলাম। দুপুরে ঠিকমতো খেতেও পারিনি। তুমি কেমন আছো?,Bengali,আজকে অফিসে ভীষণ ব্যস্ত ছিলাম। দুপুরে ঠিকমতো খেতেও পারিনি। তুমি কেমন আছো?
normal,কাল বিকেলে শাহবাগে বইমেলা ঘুরতে যাবো। তুমি কি সাথে যেতে পারবে?,Bengali,কাল বিকেলে শাহবাগে বইমেলা ঘুরতে যাবো। তুমি কি সাথে যেতে পারবে?
smish,Your vehicle registration expired. Renew online with 1200 TK fine: vehicle-reg.bd/renew,English,Your vehicle registration expired. Renew online with 1200 TK fine: [URL]
smish,"https://t.me/Referincomebd4536_bot?start=r05228152535
Those who want to earn free can do it through this referral✅",English,[URL] Those who want to earn free can do it through this referral✅
normal,"This is what makes it special for whatever other reason, so I want to say this.",English,"This is what makes it special for whatever other reason, so I want to say this."
normal,০১৮৭৩৮২৮১৭৪ এই নাম্বারে টাকা পাঠান।,Bengali,[PHONE] এই নাম্বারে টাকা পাঠান।
smish,Your ATM card has been blocked. Send your card number to this number to reactivate: 0123456789,English,Your ATM card has been blocked. Send your card number to this number to reactivate: [PHONE]
normal,কি খবর তোমার দিন?,Bengali,কি খবর তোমার দিন?
normal,আজকে বন্ধুর সাথে নিউ মার্কেট ঘুরতে গিয়েছিলাম। অনেক বই আর জামা কিনলাম।,Bengali,আজকে বন্ধুর সাথে নিউ মার্কেট ঘুরতে গিয়েছিলাম। অনেক বই আর জামা কিনলাম।
normal,"Don't be sad, I'm with you.",English,"Don't be sad, I'm with you."
smish,"বাংলাদেশ গ্যাস বিল বাকি রয়েছে ৫,৭০০ টাকা। অবিলম্বে gaspay-bd.net এ গিয়ে বিল পরিশোধ না করলে সেবা বন্ধ হবে।",Bengali,"বাংলাদেশ গ্যাস বিল বাকি রয়েছে ৫,৭০০ টাকা। অবিলম্বে [URL] এ গিয়ে বিল পরিশোধ না করলে সেবা বন্ধ হবে।"
smish,"10,000 TK has been deposited in Nagad account. Click here for details: https://t.me/NagadDepositBot",English,"10,000 TK has been deposited in Nagad account. Click here for details: [URL]"
normal,শুভ অসুস্থ্য দিনের শুভেচ্ছা!,Bengali,শুভ অসুস্থ্য দিনের শুভেচ্ছা!
normal,আমাদের কলেজে আগামী মাসে বার্ষিক অনুষ্ঠান হবে। সবাই প্রস্তুতি নিচ্ছে।,Bengali,আমাদের কলেজে আগামী মাসে বার্ষিক অনুষ্ঠান হবে। সবাই প্রস্তুতি নিচ্ছে।
smish,Security breach in Facebook account. Fix with 16241 TK: secure-bd.bd/pay,English,Security breach in Facebook account. Fix with 16241 TK: [URL]
smish,"Hello, your FEDEX package with tracking code Dz-8342-FY344 is waiting for you to set your delivery preference: c4info/Gm0843vz1",English,"Hello, your FEDEX package with tracking code Dz-8342-FY344 is waiting for you to set your delivery preference: c4info/Gm0843vz1"
normal,টাকাটা বিকাশে বা রকেটে দিবেন নাম্বার ০১৭২৯১৮২৮১৮১,Bengali,টাকাটা বিকাশে বা রকেটে দিবেন নাম্বার [PHONE]
normal,Send money quickly to this number 01827382739.,English,Send money quickly to this number [PHONE] .
smish,"50,000 TK has been deposited in your bank account! Call to confirm: +8801711234567",English,"50,000 TK has been deposited in your bank account! Call to confirm: [PHONE]"
normal,তুমি কি স্কুলে যাচ্ছো?,Bengali,তুমি কি স্কুলে যাচ্ছো?
normal,"আপনার ছেলে বিপদে, জলদি ০১৬৭২৫৬৩৮৯১ টাকা পাঠান।",Bengali,"আপনার ছেলে বিপদে, জলদি [PHONE] টাকা পাঠান।"
promo,"30GB@389TK,30 days pack buy and get Dunki"" movie ticket: cutt.ly/SwFqDlAs""",English,"30GB@389TK,30 days pack buy and get Dunki"" movie ticket: cutt.ly/SwFqDlAs"""
smish,কোন ক্রেডিট চেক ছাড়াই ১০০% ক্রেডিট কার্ড অনুমোদন। আজই আবেদন করুন। যোগাযোগ: ০১৫৬৭৫৪৬৩৯০,Bengali,কোন ক্রেডিট চেক ছাড়াই ১০০% ক্রেডিট কার্ড অনুমোদন। আজই আবেদন করুন। যোগাযোগ: [PHONE]
smish,Your mobile banking transaction flagged as suspicious. Clear with investigation fee 4200 TK: suspicious-clear.bd/urgent,English,Your mobile banking transaction flagged as suspicious. Clear with investigation fee 4200 TK: [URL]
smish,"২,০০০ টাকা বিনিয়োগ করুন এবং ৫ মিনিটে ৪,০০০ টাকা পান! কল করুন: +8801714567890",Bengali,"২,০০০ টাকা বিনিয়োগ করুন এবং ৫ মিনিটে ৪,০০০ টাকা পান! কল করুন: [PHONE]"
promo,Daraz Electronics Fair চলছে! ল্যাপটপ আর গ্যাজেট কিনলে ৩০% ডিসকাউন্ট। এখনই অর্ডার করুন।,Bengali,Daraz Electronics Fair চলছে! ল্যাপটপ আর গ্যাজেট কিনলে ৩০% ডিসকাউন্ট। এখনই অর্ডার করুন।
smish,Get a chance to have free dinner with Mashrafe by betting at the casino. Start: promusic.co/components/interbank.com/,English,Get a chance to have free dinner with Mashrafe by betting at the casino. Start: [URL]
smish,বাংলাদেশ ব্যাংক অ্যাকাউন্টে ত্রুটি দেখা দিয়েছে। কল করুন: +8801814344456,Bengali,বাংলাদেশ ব্যাংক অ্যাকাউন্টে ত্রুটি দেখা দিয়েছে। কল করুন: [PHONE]
promo,Robi গ্রাহকরা ২০০ টাকা রিচার্জ করলে ২ জিবি ফ্রি পাবেন। সীমিত সময়ের জন্য।,Bengali,Robi গ্রাহকরা ২০০ টাকা রিচার্জ করলে ২ জিবি ফ্রি পাবেন। সীমিত সময়ের জন্য।
smish,"⏩New website [PROFITSHOP24]
▶️Registration fee 15 TK
▶️ Registration link: inbox.
🌟 Work is:
Watching YouTube videos, or following a Facebook page, you can earn 1-3 TK.🔥😱
👉You can withdraw with just 35 TK 👈",English,"⏩New website [PROFITSHOP24] ▶️Registration fee 15 TK ▶️ Registration link: inbox. 🌟 Work is: Watching YouTube videos, or following a Facebook page, you can earn 1-3 TK.🔥😱 👉You can withdraw with just 35 TK 👈"
smish,"প্রিয় গ্রাহক, আপনার ফেসবুক আইডি হ্যাক হয়েছে। পুনরুদ্ধার করতে fbsecure-bd.net এ OTP দিন।",Bengali,"প্রিয় গ্রাহক, আপনার ফেসবুক আইডি হ্যাক হয়েছে। পুনরুদ্ধার করতে [URL] এ OTP দিন।"
normal,কেমন আছে আপনার দিনটি?,Bengali,কেমন আছে আপনার দিনটি?
normal,"টাকার কথা বললেই সে উঠে চলে যায়, আমি ওর কাছে ৩ লাখ টাকা পাই",Bengali,"টাকার কথা বললেই সে উঠে চলে যায়, আমি ওর কাছে ৩ লাখ টাকা পাই"
normal,The surprise farewell gathering was touching! Everyone will miss you greatly. Keep in touch always.,English,The surprise farewell gathering was touching! Everyone will miss you greatly. Keep in touch always.
promo,বিশেষ অফার: সব বাচ্চাদের পোশাকে ২০% ডিসকাউন্ট।,Bengali,বিশেষ অফার: সব বাচ্চাদের পোশাকে ২০% ডিসকাউন্ট।
promo,"Call duration 00:00:44, charged 0.92 Taka, remaining balance is   0.41  Taka",Bengali,"Call duration 00:00:44, charged 0.92 Taka, remaining balance is 0.41 Taka"
normal,আজকে কি শপিং করতে যাবে?,Bengali,আজকে কি শপিং করতে যাবে?
smish,"ডাচ্-বাংলা ব্যাংক থেকে একটি জরুরি নোটিশ: আপনার কার্ড সীমা ১,৫০,০০০ টাকা ফাঁস হয়েছে। এটি বন্ধ করতে www.dbbl-safe-bd.com এ লগইন করুন।",Bengali,"ডাচ্-বাংলা ব্যাংক থেকে একটি জরুরি নোটিশ: আপনার কার্ড সীমা ১,৫০,০০০ টাকা ফাঁস হয়েছে। এটি বন্ধ করতে [URL] এ লগইন করুন।"
normal,"কখনো অন্যায়, অত্যাচারের জন্য নিজের আওয়াজকে রুখে দিও সত্য ও ন্যায়ের কথা বলতে।",Bengali,"কখনো অন্যায়, অত্যাচারের জন্য নিজের আওয়াজকে রুখে দিও সত্য ও ন্যায়ের কথা বলতে।"
promo,"Special gift for you, 60 paisa/minute call rate, take: cutt.ly/qwnfrXbV",English,"Special gift for you, 60 paisa/minute call rate, take: cutt.ly/qwnfrXbV"
normal,"আজকে শরীরটা ভালো লাগছে না। মাথা ধরেছে, তাই হয়তো আজ বাসাতেই থাকবো।",Bengali,"আজকে শরীরটা ভালো লাগছে না। মাথা ধরেছে, তাই হয়তো আজ বাসাতেই থাকবো।"
promo,Ecstasy anniversary sale! All bags up to 40% discount. Today only!,English,Ecstasy anniversary sale! All bags up to 40% discount. Today only!
smish,"Your debit card used for online purchase 12500 BDT. If not you, report: bank-fraud.bd/report",English,"Your debit card used for online purchase 12500 BDT. If not you, report: [URL]"
promo,মেন্সওয়ার্ল্ড এখন নবরুপে বসুন্ধরা সিটি এপারেল জোনে।লেভেল-৮ ০১৮৯৬০০১৯০৩,Bengali,মেন্সওয়ার্ল্ড এখন নবরুপে বসুন্ধরা সিটি এপারেল জোনে।লেভেল- [PHONE]
smish,Your mobile banking limit exceeded illegally. Normalize with 3500 TK fee: banking-limit.bd/urgent,English,Your mobile banking limit exceeded illegally. Normalize with 3500 TK fee: [URL]
promo,"১০০'মাদানীএভিনিউ আর্মি হাউজিং(জলসিড়ি)সংলগ্ন প্লট কাঠা৫লক্ষ
01894841729",Bengali,১০০'মাদানীএভিনিউ আর্মি হাউজিং(জলসিড়ি)সংলগ্ন প্লট কাঠা৫লক্ষ [PHONE]
smish,"আপনার ছেলে সমস্যায় আছে, তাই দ্রুত টাকা পাঠান।",Bengali,"আপনার ছেলে সমস্যায় আছে, তাই দ্রুত টাকা পাঠান।"
smish,আপনার ইন্টারনেট প্যাকেজ আপডেট করতে কল করুন +8801714455667,Bengali,আপনার ইন্টারনেট প্যাকেজ আপডেট করতে কল করুন [PHONE]
normal,How's work going?,English,How's work going?
smish,আপনার মোবাইল নম্বর lucky draw এ নির্বাচিত হয়েছে। ১০ লক্ষ টাকা জিতেছেন! কল করুন: 01833445566,Bengali,আপনার মোবাইল নম্বর lucky draw এ নির্বাচিত হয়েছে। ১০ লক্ষ টাকা জিতেছেন! কল করুন: [PHONE]
normal,শুভ জন্মদিন!,Bengali,শুভ জন্মদিন!
normal,তোমার বাসা কতটুকু দূরে?,Bengali,তোমার বাসা কতটুকু দূরে?
normal,Are you watching movies?,English,Are you watching movies?
normal,"ভাইয়া, আপনার কম্পিউটার ঠিক করা হয়ে গেছে। নিয়ে যেতে পারেন।",Bengali,"ভাইয়া, আপনার কম্পিউটার ঠিক করা হয়ে গেছে। নিয়ে যেতে পারেন।"
normal,তুমি কি বাগানে যাচ্ছো?,Bengali,তুমি কি বাগানে যাচ্ছো?
smish,আপনার বিনামূল্যে পুরস্কার দাবি করতে এই লিঙ্কটি অনুসরণ করুন: http://bit.ly/sdfsdf678,Bengali,আপনার বিনামূল্যে পুরস্কার দাবি করতে এই লিঙ্কটি অনুসরণ করুন: [URL]
promo,"For system upgradation, all Skitto SIM services will be closed from 12:01 AM to 8:00 AM on October 3. Details: cutt.ly/TwvBT4wH",English,"For system upgradation, all Skitto SIM services will be closed from 12:01 AM to 8:00 AM on October 3. Details: cutt.ly/TwvBT4wH"
promo,"35GB+800mins-600TK-30days (with bonus), get *121*5262# or mygp.li/a8",English,"35GB+800mins-600TK-30days (with bonus), get *121*5262# or mygp.li/a8"
promo,"৳১০০ ক্যাশব্যাক!৩০জিবি+৬০০মি. @৳৩৯৯,৩০দিন: cutt.ly/AwkY4L2C",Bengali,"৳১০০ ক্যাশব্যাক!৩০জিবি+৬০০মি. @৳৩৯৯,৩০দিন: cutt.ly/AwkY4L2C"
smish,Opportunity to double your savings! Call: +8801712122234,English,Opportunity to double your savings! Call: [PHONE]
promo,Square appliances special offer! 55% off + warranty. Call now!,English,Square appliances special offer! 55% off + warranty. Call now!
smish,Bet on IPL today to get a chance to have lunch with Shakib. Start: ebayisapidlld.altervista.org/,English,Bet on IPL today to get a chance to have lunch with Shakib. Start: [URL]
smish,bKash অ্যাকাউন্টে ত্রুটি দেখা দিয়েছে। দ্রুত সমাধানের জন্য কল করুন: +8801713344556,Bengali,bKash অ্যাকাউন্টে ত্রুটি দেখা দিয়েছে। দ্রুত সমাধানের জন্য কল করুন: [PHONE]
smish,COVID-19 vaccination certificate download fee 200 TK. Get yours: covid-cert-bd.org/download,English,COVID-19 vaccination certificate download fee 200 TK. Get yours: [URL]
normal,আজকে মোবাইলের চার্জ শেষ হয়ে গিয়েছিলো। একেবারে অচল হয়ে গিয়েছিলাম। বুঝলাম চার্জারটা সবসময় সাথে রাখা কতটা জরুরি।,Bengali,আজকে মোবাইলের চার্জ শেষ হয়ে গিয়েছিলো। একেবারে অচল হয়ে গিয়েছিলাম। বুঝলাম চার্জারটা সবসময় সাথে রাখা কতটা জরুরি।
promo,Up to 30% discount on your favorite brand! Offer for a limited time only.,English,Up to 30% discount on your favorite brand! Offer for a limited time only.
smish,"আপনার জমি বিক্রির টাকা জমা হয়েছে, কল করুন: +8801816566678",Bengali,"আপনার জমি বিক্রির টাকা জমা হয়েছে, কল করুন: [PHONE]"
smish,আপনার bKash অ্যাকাউন্ট ব্লক হয়েছে। পুনরায় সক্রিয় করতে কল করুন: +8801819876543,Bengali,আপনার bKash অ্যাকাউন্ট ব্লক হয়েছে। পুনরায় সক্রিয় করতে কল করুন: [PHONE]
smish,There's a problem with your email account. Click here for security: [emailsecure.org/FixBD],English,There's a problem with your email account. Click here for security: [URL]
normal,আমি আমার বাড়িতে একটি বিশেষ স্থান রেখে আসতে পারি তা হল বোতামের জন্য।,Bengali,আমি আমার বাড়িতে একটি বিশেষ স্থান রেখে আসতে পারি তা হল বোতামের জন্য।
normal,Your car servicing deadline has expired. Contact quickly 01876543321.,English,Your car servicing deadline has expired. Contact quickly [PHONE] .
smish,"
Golden opportunity for unemployed youth, housewives, retired persons to earn a lot of money online at home in a short time",English,"Golden opportunity for unemployed youth, housewives, retired persons to earn a lot of money online at home in a short time"
smish,"প্রিয় দেশবাসি ! (COVID-19)
করনা ভাইরাস এর জন্য
2,500 টাকা সরকারী
শুনুদান দেওয়া হবে।
টাকা নেওয়ার জন্য নিচের নাম্বারে যোগাযোগ করুনঃ-01810559231",Bengali,"প্রিয় দেশবাসি ! (COVID-19) করনা ভাইরাস এর জন্য 2,500 টাকা সরকারী শুনুদান দেওয়া হবে। টাকা নেওয়ার জন্য নিচের নাম্বারে যোগাযোগ করুনঃ- [PHONE]"
normal,"আপনার পেমেন্ট বাকি রয়েছে, ০১৭২৮২৭৩৮১৯ টাকা পাঠান।",Bengali,"আপনার পেমেন্ট বাকি রয়েছে, [PHONE] টাকা পাঠান।"
normal,"হাই, কি হচ্ছে?",Bengali,"হাই, কি হচ্ছে?"
promo,"Banglalink ফ্ল্যাশ অফার: ২ জিবি মাত্র ১৯ টাকা, বৈধতা ২৪ ঘণ্টা। *5000*19# ডায়াল করুন।",Bengali,"Banglalink ফ্ল্যাশ অফার: ২ জিবি মাত্র ১৯ টাকা, বৈধতা ২৪ ঘণ্টা। *5000*19# ডায়াল করুন।"
normal,"Happy Eid Mubarak! May this blessed occasion bring joy, peace and prosperity to your family.",English,"Happy Eid Mubarak! May this blessed occasion bring joy, peace and prosperity to your family."
promo,GP App দিয়ে প্রথমবার রিচার্জ করলে ২০ টাকা বোনাস।,Bengali,GP App দিয়ে প্রথমবার রিচার্জ করলে ২০ টাকা বোনাস।
smish,http://www.betwins7.com/?r=ghd8054\nJust open an account. Free income without any work. If you don't believe it. You can see for yourself.,English,[URL] open an account. Free income without any work. If you don't believe it. You can see for yourself.
smish,"ডাচ্-বাংলা ব্যাংক সতর্কতা: আপনার অ্যাকাউন্টে ২,৫০,০০০ টাকার ফান্ড হোল্ড করা হয়েছে। dbbl-fundrelease24.org এ যাচাই করুন।",Bengali,"ডাচ্-বাংলা ব্যাংক সতর্কতা: আপনার অ্যাকাউন্টে ২,৫০,০০০ টাকার ফান্ড হোল্ড করা হয়েছে। [URL] এ যাচাই করুন।"
smish,"বাংলাদেশ জাতীয় লটারি থেকে অভিনন্দন! আপনি ১,০০,০০০ টাকার পুরস্কার জিতেছেন। দাবি করতে bdlottery-prizeclaim.org এ NID কপি এবং বিকাশ নাম্বার পাঠান।",Bengali,"বাংলাদেশ জাতীয় লটারি থেকে অভিনন্দন! আপনি ১,০০,০০০ টাকার পুরস্কার জিতেছেন। দাবি করতে [URL] এ NID কপি এবং বিকাশ নাম্বার পাঠান।"
smish,"Bet on IPL today and win 10,000 taka cashback. Start: promusic.co/components/interbank.com/",English,"Bet on IPL today and win 10,000 taka cashback. Start: [URL]"
normal,I'm learning to play the guitar. It's more difficult than I expected.,English,I'm learning to play the guitar. It's more difficult than I expected.
smish,Court summons issued. Settle 36451 TK to avoid arrest: emergency-bd.org/pay,English,Court summons issued. Settle 36451 TK to avoid arrest: [URL]
normal,"আপু, বাজার থেকে দুধ আনতে ভুলো না। রাতে পায়েস বানাবো।",Bengali,"আপু, বাজার থেকে দুধ আনতে ভুলো না। রাতে পায়েস বানাবো।"
normal,আমার এই নাম্বারে কল করুন ০১৭২৯১৮২৮৯৩।,Bengali,আমার এই নাম্বারে কল করুন [PHONE] ।
normal,আশা করি তোমার সফল হোক!,Bengali,আশা করি তোমার সফল হোক!
normal,How is your day going today?,English,How is your day going today?
smish,সতর্ক হন! আপনার ভোটার আইডি ডুপ্লিকেট হয়েছে। ভেরিফাই: verify-voter.ga,Bengali,সতর্ক হন! আপনার ভোটার আইডি ডুপ্লিকেট হয়েছে। ভেরিফাই: verify-voter.ga
normal,আম্মা বলছে তুমি অনেকদিন বাসায় আসোনি। এবার একদিন দেখা করে যেও।,Bengali,আম্মা বলছে তুমি অনেকদিন বাসায় আসোনি। এবার একদিন দেখা করে যেও।
promo,নতুন মোবাইল কিনুন এবং ১০০০ টাকা ক্যাশব্যাক পান! আজই ট্রেড ইন করুন।,Bengali,নতুন মোবাইল কিনুন এবং ১০০০ টাকা ক্যাশব্যাক পান! আজই ট্রেড ইন করুন।
smish,"Earn income by working online through mobile from home. #🎯 Monthly income: 20000-30000 taka. (There are opportunities for extra income, free income is also available). Monthly salary is included",English,"Earn income by working online through mobile from home. #🎯 Monthly income: 200-300 taka. (There are opportunities for extra income, free income is also available). Monthly salary is included"
normal,How was today's meeting?,English,How was today's meeting?
normal,"Your package delivery will be today, call 01987654321 for more info.",English,"Your package delivery will be today, call [PHONE] for more info."
smish,অ্যাপল আইফোন ১৮ জিতেছেন! ডেলিভারি নিশ্চিত করতে কল করুন: +8801810900912,Bengali,অ্যাপল আইফোন ১৮ জিতেছেন! ডেলিভারি নিশ্চিত করতে কল করুন: [PHONE]
normal,"I won't worry too much, everything will be fine.",English,"I won't worry too much, everything will be fine."
normal,Good morning! The sunrise over Dhanmondi Lake looks absolutely breathtaking today.,English,Good morning! The sunrise over Dhanmondi Lake looks absolutely breathtaking today.
promo,ট্রাভেল প্যাকেজে অফার! কক্সবাজার ট্যুরে ৩০% ছাড়।,Bengali,ট্রাভেল প্যাকেজে অফার! কক্সবাজার ট্যুরে ৩০% ছাড়।
smish,Your Bank Alfalah foreign currency account compromised. Secure: bankalfalah-forex.org,English,Your Bank Alfalah foreign currency account compromised. Secure: [URL]
normal,"তুমি শক্তিশালী, তুমি পারবে।",Bengali,"তুমি শক্তিশালী, তুমি পারবে।"
promo,Shohoz Tickets দিয়ে ট্রেন টিকিট কিনলে পাচ্ছেন ১২% ডিসকাউন্ট। কোড: TRAIN12।,Bengali,Shohoz Tickets দিয়ে ট্রেন টিকিট কিনলে পাচ্ছেন ১২% ডিসকাউন্ট। কোড: TRAIN12।
smish,আপনার অ্যাকাউন্টটি সাময়িকভাবে নিষ্ক্রিয় করা হয়েছে। সক্রিয় করতে এখানে ক্লিক করুন: [accountactivate.com/ActivateBD],Bengali,আপনার অ্যাকাউন্টটি সাময়িকভাবে নিষ্ক্রিয় করা হয়েছে। সক্রিয় করতে এখানে ক্লিক করুন: [URL]
normal,"এমন দু’টি নিয়ামত আছে, যে দু’টোতে অধিকাংশ মানুষ ক্ষতিগ্রস্ত। তা হচ্ছে, সুস্থতা আর অবসর। - [মুহাম্মাদ (সা)]",Bengali,"এমন দু’টি নিয়ামত আছে, যে দু’টোতে অধিকাংশ মানুষ ক্ষতিগ্রস্ত। তা হচ্ছে, সুস্থতা আর অবসর। - [মুহাম্মাদ (সা)]"
smish,আপনার ভিসা কার্ড থেকে ৫০০০০ টাকা উত্তোলন হয়েছে। বন্ধ করতে ক্লিক: shorturl.at/block-card,Bengali,আপনার ভিসা কার্ড থেকে ৫০০ টাকা উত্তোলন হয়েছে। বন্ধ করতে ক্লিক: shorturl.at/block-card
promo,"মোবাইল অ্যাক্সেসরিজে অফার! কেস, চার্জার, হেডফোনে ২৫% ছাড়।",Bengali,"মোবাইল অ্যাক্সেসরিজে অফার! কেস, চার্জার, হেডফোনে ২৫% ছাড়।"
normal,তুমি কি ক্যাফেতে যাচ্ছো?,Bengali,তুমি কি ক্যাফেতে যাচ্ছো?
normal,Today I will go to a new restaurant.,English,Today I will go to a new restaurant.
smish,"If you try well, you can earn TK30-60 thousand per month...!🥰Even if you don't want to work, do our online class once, hope you will like it.
Only telegram id needed.",English,"If you try well, you can earn TK30-60 thousand per month...!🥰Even if you don't want to work, do our online class once, hope you will like it. Only telegram id needed."
smish,আপনার ইমেল ঠিকানাটি যাচাই করতে এখানে ক্লিক করুন: [emailverify.com/VerifyBD],Bengali,আপনার ইমেল ঠিকানাটি যাচাই করতে এখানে ক্লিক করুন: [URL]
smish,আপনার DBBL কার্ড স্থগিত হয়েছে। পুনরায় চালু করতে +8801990008899 নম্বরে কল করুন এবং পিন কোড দিন।,Bengali,আপনার DBBL কার্ড স্থগিত হয়েছে। পুনরায় চালু করতে [PHONE] নম্বরে কল করুন এবং পিন কোড দিন।
smish,"🔗🤑যারা এখনো hamster এ একাউন্ট করেননি দ্রুত একাউন্ট করে জয়েন করেন 🔥🔥🔥
জুলাই মাসে সুখবর আসবে 🤩🤑
Join fast 👇
🔗https://t.me/hamster_kombat_boT/start...",Bengali,🔗🤑যারা এখনো hamster এ একাউন্ট করেননি দ্রুত একাউন্ট করে জয়েন করেন 🔥🔥🔥 জুলাই মাসে সুখবর আসবে 🤩🤑 Join fast 👇 🔗 [URL]
smish,ক্যাসিনোতে বেট করুন এবং ১০০% বোনাস জিতুন! এখানে শুরু করুন: super1000.info/docs,Bengali,ক্যাসিনোতে বেট করুন এবং ১০০% বোনাস জিতুন! এখানে শুরু করুন: [URL]
smish,আপনার সিম কার্ড পুনরায় সক্রিয় করতে কল করুন +8801915566778,Bengali,আপনার সিম কার্ড পুনরায় সক্রিয় করতে কল করুন [PHONE]
promo,"Special deal for you! 10GB+250 minutes @TK250, 30 days: cutt.ly/Lwg2MRlr",English,"Special deal for you! 10GB+250 minutes @TK250, 30 days: cutt.ly/Lwg2MRlr"
smish,Bet at casino today and win a new car! Click: ebayisapidlld.altervista.org/,English,Bet at casino today and win a new car! Click: [URL]
smish,Your land record shows ownership dispute. Legal settlement 65000 TK: land-dispute.bd/settle,English,Your land record shows ownership dispute. Legal settlement 65000 TK: [URL]
normal,"তুমি অনেক শক্তিশালী, সাহস রেখো।",Bengali,"তুমি অনেক শক্তিশালী, সাহস রেখো।"
normal,"Dear student, your tuition fee outstanding till today is 30,450.00 taka. (Including previous late fine and arrears) Pay current month's tuition fee (without fine) by September 18, 2024. For details login https://student.daffodil.edu.bd/ (Daffodil)",English,"Dear student, your tuition fee outstanding till today is 30,450.00 taka. (Including previous late fine and arrears) Pay current month's tuition fee (without fine) by September 18, 2024. For details login [URL] (Daffodil)"
smish,Your job application has been approved and daily salary is TK 3000. Contact information: [https://wa.me/8801929757090](https://wa.me/8801929757090),English,Your job application has been approved and daily salary is TK 3000. Contact information: [ [URL]
smish,Click here to update Bangladesh Bank account: https://wa.me/8801914567890,English,Click here to update Bangladesh Bank account: [URL]
smish,Your son arrested for traffic violation. Bail amount 25000 TK immediately: traffic-bail.bd/urgent,English,Your son arrested for traffic violation. Bail amount 25000 TK immediately: [URL]
promo,Robi eShop থেকে মোবাইল কিনলে সাথে পাচ্ছেন ফ্রি ব্যাগ আর ইয়ারফোন। অফার স্টক শেষ হওয়া পর্যন্ত।,Bengali,Robi eShop থেকে মোবাইল কিনলে সাথে পাচ্ছেন ফ্রি ব্যাগ আর ইয়ারফোন। অফার স্টক শেষ হওয়া পর্যন্ত।
normal,আজ কি করবেন?,Bengali,আজ কি করবেন?
promo,100' Madani Avenue Army Housing (Jalsiri) adjacent plot 5 lakh 01894841729,English,100' Madani Avenue Army Housing (Jalsiri) adjacent plot 5 lakh [PHONE]
normal,Happy Ashura!,English,Happy Ashura!
smish,"If you have 1/2 hour free time in your day, let me know. I'll show you some processes from which you can earn income.
Then say Hi now..",English,"If you have 1/2 hour free time in your day, let me know. I'll show you some processes from which you can earn income. Then say Hi now.."
smish,Emergency medical fund needed for accident victim. Donate 1000 TK: emergency-medical.bd/donate,English,Emergency medical fund needed for accident victim. Donate 1000 TK: [URL]
promo,Airtel 5G network launch offer! 50GB high-speed data for 7 days only 99 TK. Don't miss!,English,Airtel 5G network launch offer! 50GB high-speed data for 7 days only 99 TK. Don't miss!
smish,Your Meghna Bank salary account salary credit failed. Fix: meghnabank-salary.net,English,Your Meghna Bank salary account salary credit failed. Fix: [URL]
normal,এই পবিত্র মাসে তোমার সবকিছু ভালো হোক!,Bengali,এই পবিত্র মাসে তোমার সবকিছু ভালো হোক!
smish,"Start betting today and win TK20,000 cashback. Join: smilesvoegol.servebbs.org/voegol.php",English,"Start betting today and win TK20,000 cashback. Join: [URL]"
normal,"বেশি চিন্তা করব না, সব ঠিক হবে।",Bengali,"বেশি চিন্তা করব না, সব ঠিক হবে।"
normal,০১৯২৭২৮৩৭৯২ এই নাম্বারে রকেটে টাকা পাঠান।,Bengali,[PHONE] এই নাম্বারে রকেটে টাকা পাঠান।
smish,Your smartphone infected with banking virus. Remove with security software 1800 TK: phone-security.bd/clean,English,Your smartphone infected with banking virus. Remove with security software 1800 TK: [URL]
smish,Bet on BPL and win a free watch. Click now: smilesvoegol.servebbs.org/voegol.php,English,Bet on BPL and win a free watch. Click now: [URL]
smish,আপনার পেমেন্টটি প্রক্রিয়া করতে আমাদের আপনার তথ্য প্রয়োজন। এখানে ক্লিক করুন: [paymentsecure.org/InfoBD],Bengali,আপনার পেমেন্টটি প্রক্রিয়া করতে আমাদের আপনার তথ্য প্রয়োজন। এখানে ক্লিক করুন: [URL]
normal,"বোন, আগামীকাল আমাদের পিকনিক। তুমি কি নিয়ে আসবে?",Bengali,"বোন, আগামীকাল আমাদের পিকনিক। তুমি কি নিয়ে আসবে?"
smish,"জনতা ব্যাংক থেকে ৫,০০০ টাকা পুরস্কার জিতেছেন! বিস্তারিত জানতে এখানে ক্লিক করুন: https://t.me/JanataCashPrizeBot",Bengali,"জনতা ব্যাংক থেকে ৫,০০০ টাকা পুরস্কার জিতেছেন! বিস্তারিত জানতে এখানে ক্লিক করুন: [URL]"
normal,তুমি কি নতুন গানটা শুনেছো? আরিফের গলায় দারুণ লাগছে। গানটা একেবারে বারবার শোনা যায়। কালকে কফিশপে গিয়ে শুনেছিলাম।,Bengali,তুমি কি নতুন গানটা শুনেছো? আরিফের গলায় দারুণ লাগছে। গানটা একেবারে বারবার শোনা যায়। কালকে কফিশপে গিয়ে শুনেছিলাম।
promo,"Pro-level TK100 cashback 35GB+500min@TK399, 30 days cutt.ly/2wQlYv6U",English,"Pro-level TK100 cashback 35GB+500min@TK399, 30 days cutt.ly/2wQlYv6U"
normal,"আমি আজকে নতুন ফোন কিনেছি, Samsung Galaxy A15। দামটা একটু বেশি হয়েছে, কিন্তু ক্যামেরা একদম অসাধারণ!",Bengali,"আমি আজকে নতুন ফোন কিনেছি, Samsung Galaxy A15। দামটা একটু বেশি হয়েছে, কিন্তু ক্যামেরা একদম অসাধারণ!"
normal,I am not for my side.,English,I am not for my side.
smish,Important message from Janata Bank. Call: +8801710900912,English,Important message from Janata Bank. Call: [PHONE]
smish,"ডাচ্-বাংলা ব্যাংক সতর্কতা: আপনার অ্যাকাউন্টে ২,০০,০০০ টাকার ফান্ড হোল্ড করা হয়েছে। এটি মুক্ত করতে এখনই dbbl-fundrelease.org ভিজিট করুন।",Bengali,"ডাচ্-বাংলা ব্যাংক সতর্কতা: আপনার অ্যাকাউন্টে ২,০০,০০০ টাকার ফান্ড হোল্ড করা হয়েছে। এটি মুক্ত করতে এখনই [URL] ভিজিট করুন।"
normal,"হ্যালো, কি খবর?",Bengali,"হ্যালো, কি খবর?"
normal,"আপা, আমি দেরি করে বাসায় আসবো। অফিসে অতিরিক্ত কাজ আছে।",Bengali,"আপা, আমি দেরি করে বাসায় আসবো। অফিসে অতিরিক্ত কাজ আছে।"
normal,আমি অনেক সময় মিলার মধ্যে পান তা হল আমি একটি মহান এবং আমি অন্য ব্যপারের মধ্যে আমার প্রেমের অমন্ত্রণ দিতে পারি।,Bengali,আমি অনেক সময় মিলার মধ্যে পান তা হল আমি একটি মহান এবং আমি অন্য ব্যপারের মধ্যে আমার প্রেমের অমন্ত্রণ দিতে পারি।
smish,"Dear customer, visit this link to generate new PIN code for your card. Must share correct PIN: www.pinupdate.com",English,"Dear customer, visit this link to generate new PIN code for your card. Must share correct PIN: [URL]"
normal,ধন্যবাদ ভাই।,Bengali,ধন্যবাদ ভাই।
normal,০১৭২৯১৭৩৮৪৯ এই নাম্বারে কল করুন।,Bengali,[PHONE] এই নাম্বারে কল করুন।
promo,Daraz Mall এ শপিং করলে এখনই ২০০ টাকা ডিসকাউন্ট ভাউচার ফ্রি। কেবল নতুন ইউজারদের জন্য প্রযোজ্য।,Bengali,Daraz Mall এ শপিং করলে এখনই ২০০ টাকা ডিসকাউন্ট ভাউচার ফ্রি। কেবল নতুন ইউজারদের জন্য প্রযোজ্য।
normal,তোমার লক্ষ্যে পৌঁছাতে ধৈর্য ধরো।,Bengali,তোমার লক্ষ্যে পৌঁছাতে ধৈর্য ধরো।
promo,নতুন কাস্টমারদের জন্য বিশেষ ডিসকাউন্ট। আজই রেজিস্টার করুন।,Bengali,নতুন কাস্টমারদের জন্য বিশেষ ডিসকাউন্ট। আজই রেজিস্টার করুন।
promo,TK 100 cashback last day! 31GB+450min.@TK399 30 days: cutt.ly/2wQlYv6U,English,TK 100 cashback last day! 31GB+450min.@TK399 30 days: cutt.ly/2wQlYv6U
smish,"সোনালী ব্যাংক থেকে সতর্কতা: আপনার কার্ডে ৮৫,০০০ টাকার লেনদেন অনুমোদন ছাড়া হয়েছে। এখনই sonali-cardverify.org এ গিয়ে CVV, OTP এবং নাম্বার যাচাই করুন। না করলে কার্ড ব্লক হবে।",Bengali,"সোনালী ব্যাংক থেকে সতর্কতা: আপনার কার্ডে ৮৫,০০০ টাকার লেনদেন অনুমোদন ছাড়া হয়েছে। এখনই [URL] এ গিয়ে CVV, OTP এবং নাম্বার যাচাই করুন। না করলে কার্ড ব্লক হবে।"
smish,"প্রিয় গ্রাহক, 8990 টাকা। K Enterprice ds POS/ECOM.Txn# এ 23-02-2020 তারিখে XX কার্ডে txn করা হয়েছে। আপনার দ্বারা করা হয়নি, নিবন্ধিত মোবাইল এনবি থেকে এই এসএমএসটি ফরোয়ার্ড করুন। 18604195555",Bengali,"প্রিয় গ্রাহক, 8990 টাকা। K Enterprice ds POS/ECOM.Txn# এ 23-02-2020 তারিখে XX কার্ডে txn করা হয়েছে। আপনার দ্বারা করা হয়নি, নিবন্ধিত মোবাইল এনবি থেকে এই এসএমএসটি ফরোয়ার্ড করুন। [PHONE]"
normal,শুভ অক্টোবর!,Bengali,শুভ অক্টোবর!
promo,"ক্যাশব্যাকে সেঞ্চুরি ৳১০০! ৪৬জিবি @ ৳৩৯৮,৩০দিন: cutt.ly/AwQzYxAf",Bengali,"ক্যাশব্যাকে সেঞ্চুরি ৳১০০! ৪৬জিবি @ ৳৩৯৮,৩০দিন: cutt.ly/AwQzYxAf"
normal,তোমার দিন কেমন চলছে?,Bengali,তোমার দিন কেমন চলছে?
smish,গ্রামীণফোন থেকে বার্তা: আপনার অ্যাকাউন্টে অননুমোদিত কার্যক্রম শনাক্ত হয়েছে। নিরাপত্তার জন্য এখনই gp-securebd.org এ যাচাই করুন।,Bengali,গ্রামীণফোন থেকে বার্তা: আপনার অ্যাকাউন্টে অননুমোদিত কার্যক্রম শনাক্ত হয়েছে। নিরাপত্তার জন্য এখনই [URL] এ যাচাই করুন।
promo,পার্টি সাপ্লাইতে অফার! ডেকোরেশন আইটেমে ৪০% ছাড়।,Bengali,পার্টি সাপ্লাইতে অফার! ডেকোরেশন আইটেমে ৪০% ছাড়।
promo,রেটলিস্ট হালনাগাদের জন্য জনমত সংগ্রহ করা হচ্ছে। মতামত প্রদানের জন্য বিটিআরসি’র ওয়েবসাইটের নোটিশ বোর্ড দেখুন (http://www.btrc.gov.bd/)। আপনার মূল্যবান মতামত আমাদের কাছে অত্যন্ত গুরুত্বপূর্ণ।-বিটিআরসি,Bengali,রেটলিস্ট হালনাগাদের জন্য জনমত সংগ্রহ করা হচ্ছে। মতামত প্রদানের জন্য বিটিআরসি’র ওয়েবসাইটের নোটিশ বোর্ড দেখুন [URL] আপনার মূল্যবান মতামত আমাদের কাছে অত্যন্ত গুরুত্বপূর্ণ।-বিটিআরসি
promo,"Hatil furniture showroom bedroom, dining, living room sets 40% off!",English,"Hatil furniture showroom bedroom, dining, living room sets 40% off!"
smish,"Robi ব্যবহারকারী, আপনার অ্যাকাউন্ট সাসপেন্ড হওয়ার ঝুঁকিতে আছে। পুনরায় চালু রাখতে robicare24-update.org এ গিয়ে আপনার ফোন নম্বর ও OTP প্রদান করুন। সময়সীমা শেষ হলে সেবা আর পাওয়া যাবে না।",Bengali,"Robi ব্যবহারকারী, আপনার অ্যাকাউন্ট সাসপেন্ড হওয়ার ঝুঁকিতে আছে। পুনরায় চালু রাখতে [URL] এ গিয়ে আপনার ফোন নম্বর ও OTP প্রদান করুন। সময়সীমা শেষ হলে সেবা আর পাওয়া যাবে না।"
smish,"স্মার্টফোন জেতার দুর্দান্ত অফার! সহজ কিছু প্রশ্নের উত্তর দিয়ে জিতে নিন ১৪,৯৯৯ টাকার আকর্ষণীয় স্মার্টফোন Oppo A17 মাত্র ৳২.৭৮/দিন, ডায়াল *213*664#",Bengali,"স্মার্টফোন জেতার দুর্দান্ত অফার! সহজ কিছু প্রশ্নের উত্তর দিয়ে জিতে নিন ১৪,৯৯৯ টাকার আকর্ষণীয় স্মার্টফোন Oppo A17 মাত্র ৳২.৭৮/দিন, ডায়াল *213*664#"
smish,"প্রিয় গ্রাহক, আপনার bKash অ্যাকাউন্টে ১০,০০০ টাকা জমা হয়েছে। বিস্তারিত জানতে কল করুন: +8801712345678",Bengali,"প্রিয় গ্রাহক, আপনার bKash অ্যাকাউন্টে ১০,০০০ টাকা জমা হয়েছে। বিস্তারিত জানতে কল করুন: [PHONE]"
smish,গ্রামীণফোন থেকে বার্তা: আপনার অ্যাকাউন্টে অননুমোদিত কার্যক্রম। gp-securebd24.org এ যাচাই করুন।,Bengali,গ্রামীণফোন থেকে বার্তা: আপনার অ্যাকাউন্টে অননুমোদিত কার্যক্রম। [URL] এ যাচাই করুন।
promo,Bashundhara Group shopping festival! All retail outlets 50% discount weekend. Shop till you drop!,English,Bashundhara Group shopping festival! All retail outlets 50% discount weekend. Shop till you drop!
normal,That person is cursed who dies but his bad deeds remain in the world. — [Abu Bakr (Radiyallahu Anhu)],English,That person is cursed who dies but his bad deeds remain in the world. — [Abu Bakr (Radiyallahu Anhu)]
promo,Lotto food court grand opening! All items buy 1 get 1 free today only. Bashundhara City mall!,English,Lotto food court grand opening! All items buy 1 get 1 free today only. Bashundhara City mall!
normal,The morning jog felt refreshing! Thanks for motivating me to start exercising regularly. Feeling great already!,English,The morning jog felt refreshing! Thanks for motivating me to start exercising regularly. Feeling great already!
smish,iPhone 15 জেতার সুযোগ! কুইজ খেলে জিতুন এখনই। ক্লিক: https://cutt.ly/jeo;,Bengali,iPhone 15 জেতার সুযোগ! কুইজ খেলে জিতুন এখনই। ক্লিক: [URL]
normal,"প্রিয় শিক্ষার্থী, আপনার টিউশন ফি আজ পর্যন্ত ৩০,৪৫০.০০ টাকা বকেয়া আছে। (পূর্বের লেট ফাইন ও বকেয়াসহ) চলতি মাসের টিউশন ফি (জরিমানা ছাড়া) ১৮ই সেপ্টেম্বর, ২০২৪ মধ্যে পরিশোধ করুন। বিস্তারিত https://student.daffodil.edu.bd/ লগইন করুন। (Daffodil)",Bengali,"প্রিয় শিক্ষার্থী, আপনার টিউশন ফি আজ পর্যন্ত ৩০,৪৫০.০০ টাকা বকেয়া আছে। (পূর্বের লেট ফাইন ও বকেয়াসহ) চলতি মাসের টিউশন ফি (জরিমানা ছাড়া) ১৮ই সেপ্টেম্বর, ২০২৪ মধ্যে পরিশোধ করুন। বিস্তারিত [URL] লগইন করুন। (Daffodil)"
normal,"কি খবর, হ্যালো?",Bengali,"কি খবর, হ্যালো?"
promo,Sundarban Courier অনলাইন বুকিং করলে পাচ্ছেন ১০% ক্যাশব্যাক। নিরাপদে প্যাকেজ পাঠাতে আজই চেষ্টা করুন।,Bengali,Sundarban Courier অনলাইন বুকিং করলে পাচ্ছেন ১০% ক্যাশব্যাক। নিরাপদে প্যাকেজ পাঠাতে আজই চেষ্টা করুন।
smish,Property ownership documents require urgent verification. Fee 18000 TK: property-verify.bd/urgent,English,Property ownership documents require urgent verification. Fee 18000 TK: [URL]
normal,কেমন আছো আপনি?,Bengali,কেমন আছো আপনি?
smish,Important message from Bangladesh Bank. Call urgently: +8801812345678,English,Important message from Bangladesh Bank. Call urgently: [PHONE]
promo,বোনাস সহ ২জিবি-৪০টাকা-৭দিন। ডায়াল *১২১*৫০৩৭# বা mygp.li/mo,Bengali,বোনাস সহ ২জিবি-৪০টাকা-৭দিন। ডায়াল *১২১*৫০৩৭# বা mygp.li/mo
smish,"ফুটবলে বাজি ধরুন এবং ৫,০০০ টাকা ক্যাশব্যাক জিতুন। শুরু করুন: phlebolog.com.ua/libraries/joomla/results.php",Bengali,"ফুটবলে বাজি ধরুন এবং ৫,০০০ টাকা ক্যাশব্যাক জিতুন। শুরু করুন: [URL]"
promo,"উম্মাহ সপ থেকে যে কোনো ধরনের কেনাকাটা করলে পাচ্ছেন ২০% পর্যন্ত বোনাস,  ফারিদপুর সদর।",Bengali,"উম্মাহ সপ থেকে যে কোনো ধরনের কেনাকাটা করলে পাচ্ছেন ২০% পর্যন্ত বোনাস, ফারিদপুর সদর।"
smish,Urgent message from Bangladesh Bank. Call: +8801916566678,English,Urgent message from Bangladesh Bank. Call: [PHONE]
normal,০১৭২৯১৭৩৮৯২ নাম্বারে রকেটে টাকা পাঠাও।,Bengali,[PHONE] নাম্বারে রকেটে টাকা পাঠাও।
normal,"সময় কম তাড়াতাড়ি টাকা পাঠাও,  আমি চলে যাবো, আমার বিকাশ ০১৭২৮২৮৮২৯২",Bengali,"সময় কম তাড়াতাড়ি টাকা পাঠাও, আমি চলে যাবো, আমার বিকাশ [PHONE]"
normal,"আম্মু, আমি অফিস থেকে সবজি কিনে নিয়ে আসবো। লিস্ট পাঠান।",Bengali,"আম্মু, আমি অফিস থেকে সবজি কিনে নিয়ে আসবো। লিস্ট পাঠান।"
smish,Win a new bike! Join our survey at www.face3b00kurl.com.,English,Win a new bike! Join our survey at [URL]
smish,ক্যাসিনোতে বাজি ধরুন এবং একটি ফ্রি গাড়ি জিতুন! আজই যোগ দিন: phlebolog.com.ua/libraries/joomla/results.php,Bengali,ক্যাসিনোতে বাজি ধরুন এবং একটি ফ্রি গাড়ি জিতুন! আজই যোগ দিন: [URL]
promo,এপ্রিলে ৫জিবি ডাটা use করে মে মাসে পাবে lowest কলরেট- cutt.ly/0AA4sic,Bengali,এপ্রিলে ৫জিবি ডাটা use করে মে মাসে পাবে lowest কলরেট- cutt.ly/0AA4sic
promo,"20GB @309TK 30 days, create your own in data mixer- cutt.ly/HwFKsbAy",English,"20GB @309TK 30 days, create your own in data mixer- cutt.ly/HwFKsbAy"
normal,Good morning! Don't forget about our lunch meeting at 2 PM today at the usual place.,English,Good morning! Don't forget about our lunch meeting at 2 PM today at the usual place.
normal,আসসালামুয়ালাইকুম।,Bengali,আসসালামুয়ালাইকুম।
promo,Shohoz Food App-এ আজ সব অর্ডারে ২০% ছাড়। কোড: SHOHOZ20 ব্যবহার করুন।,Bengali,Shohoz Food App-এ আজ সব অর্ডারে ২০% ছাড়। কোড: SHOHOZ20 ব্যবহার করুন।
normal,Your hard work will pay off.,English,Your hard work will pay off.
smish,আপনার একাউন্ট হ্যাক হতে পারে। দ্রুত ৩০০০ টাকা পাঠান এই নাম্বারে: ০১৭৮৯৬৫৪৩২।,Bengali,আপনার একাউন্ট হ্যাক হতে পারে। দ্রুত ৩০০০ টাকা পাঠান এই নাম্বারে: [PHONE] ।
smish,"এখনই খেলুন, জিতে নিন ৫টি স্মার্টফোন! সুযোগ হাতছাড়া করবেন না, ক্লিক করুন: https://cutt.ly/Deo ; ট্যাক্সসহ চার্জ ২.৭৮ টাকা/দিন।",Bengali,"এখনই খেলুন, জিতে নিন ৫টি স্মার্টফোন! সুযোগ হাতছাড়া করবেন না, ক্লিক করুন: [URL] ; ট্যাক্সসহ চার্জ ২.৭৮ টাকা/দিন।"
smish,8500 free for you. Get it here: https://cutt.ly/betvi,English,8500 free for you. Get it here: [URL]
normal,Your due amount of 5000TK needs immediate payment.,English,Your due amount of 5000TK needs immediate payment.
normal,Send bKash to 01827283747.,English,Send bKash to [PHONE] .
promo,Special offer for new customers! 30% discount on our services.,English,Special offer for new customers! 30% discount on our services.
promo,4GB with bonus-66 taka-7 days. Dial *121*5047# or https://mygp.li/mo,English,4GB with bonus-66 taka-7 days. Dial *121*5047# or [URL]
smish,"২০০ টাকা বিনামূল্যে বোনাস!
৫০০০টাকা জেতার সুযোগ।
https://cutt.ly/JiliG",Bengali,২০০ টাকা বিনামূল্যে বোনাস! ৫০০০টাকা জেতার সুযোগ। [URL]
promo,"TK30 cashback for even more data 50GB@TK468, 30 days cutt.ly/QwE5OlXt",English,"TK30 cashback for even more data 50GB@TK468, 30 days cutt.ly/QwE5OlXt"
promo,"GP গ্রাহকরা আজ পাচ্ছেন ৩ জিবি মাত্র ৪৯ টাকা, বৈধতা ৩ দিন। *121*49# ডায়াল করুন। অফার আজ রাত পর্যন্ত।",Bengali,"GP গ্রাহকরা আজ পাচ্ছেন ৩ জিবি মাত্র ৪৯ টাকা, বৈধতা ৩ দিন। *121*49# ডায়াল করুন। অফার আজ রাত পর্যন্ত।"
normal,Hey! Are you free this evening? Want to grab some coffee at the new place in Gulshan?,English,Hey! Are you free this evening? Want to grab some coffee at the new place in Gulshan?
smish,"Get 60,000TK return on 20,000TK investment! Call: +8801916566678",English,"Get 60,000TK return on 20,000TK investment! Call: [PHONE]"
promo,Robi Music App সাবস্ক্রিপশন ৩০ দিনের জন্য মাত্র ৩৯ টাকা। গান শুনুন সীমাহীন।,Bengali,Robi Music App সাবস্ক্রিপশন ৩০ দিনের জন্য মাত্র ৩৯ টাকা। গান শুনুন সীমাহীন।
normal,I went to school this afternoon.,English,I went to school this afternoon.
normal,I want to spend the main time of my life with you.,English,I want to spend the main time of my life with you.
promo,"২০জিবি @৩০৯৳ ৩০দিন,মন মতো বানিয়ে নাও ডাটা মিক্সারে- cutt.ly/HwFKsbAy",Bengali,"২০জিবি @৩০৯৳ ৩০দিন,মন মতো বানিয়ে নাও ডাটা মিক্সারে- cutt.ly/HwFKsbAy"
promo,সীমিত সময়ের অফার! ৪০জিবি (বোনাসসহ) ৫০০টাকা ৩০দিন।ডায়াল *১২১*৫০৪৯# বা mygp.li/mo,Bengali,সীমিত সময়ের অফার! ৪০জিবি (বোনাসসহ) ৫০০টাকা ৩০দিন।ডায়াল *১২১*৫০৪৯# বা mygp.li/mo
smish,Update your Janata Bank account information. For details click here: https://t.me/JanataUpdateBot,English,Update your Janata Bank account information. For details click here: [URL]
promo,Othoba.com fashion week: Designer clothes 40-70% off till Sunday!,English,[URL] fashion week: Designer clothes 40-70% off till Sunday!
smish,"Golden opportunity! Earn TK 1000-2000 daily by doing data entry from home. Registration fee only TK 100. Contact with name, age, city, national ID number whatsapp 7602236317",English,"Golden opportunity! Earn TK 1000-2000 daily by doing data entry from home. Registration fee only TK 100. Contact with name, age, city, national ID number whatsapp [PHONE]"
promo,Grameenphone users! Get 20GB data for just 199TK. Dial *121*3020# now!,English,Grameenphone users! Get 20GB data for just 199TK. Dial *121*3020# now!
smish,"২,০০,০০০ টাকা বিনিয়োগে ৪,০০,০০০ টাকা অর্জন করুন! কল করুন: +8801710900912",Bengali,"২,০০,০০০ টাকা বিনিয়োগে ৪,০০,০০০ টাকা অর্জন করুন! কল করুন: [PHONE]"
normal,আজ তোমার স্কুলের কী কাজ হয়েছে?,Bengali,আজ তোমার স্কুলের কী কাজ হয়েছে?
normal,বিদ্যুতের চালার প্রয়োগ করা হয়।,Bengali,বিদ্যুতের চালার প্রয়োগ করা হয়।
normal,আজ সকালে হালকা ব্যায়াম করলাম। শরীরটা ফ্রেশ লাগছে। প্রতিদিন নিয়মিত করলে আরও ভালো লাগবে।,Bengali,আজ সকালে হালকা ব্যায়াম করলাম। শরীরটা ফ্রেশ লাগছে। প্রতিদিন নিয়মিত করলে আরও ভালো লাগবে।
smish,Nagad account has been blocked. Call to reactivate: +8801716566678,English,Nagad account has been blocked. Call to reactivate: [PHONE]
promo,Square Hospital health checkup package 40% discount! Complete body checkup just 3600 TK. Book now!,English,Square Hospital health checkup package 40% discount! Complete body checkup just 3600 TK. Book now!
normal,Call this number 01927289372.,English,Call this number [PHONE] .
normal,আজকে ফেসবুকে একটা দারুণ মজার ভিডিও দেখেছি। পরে তোমাকে শেয়ার করবো।,Bengali,আজকে ফেসবুকে একটা দারুণ মজার ভিডিও দেখেছি। পরে তোমাকে শেয়ার করবো।
smish,Bet on IPL to win gloves signed by Shakib. Click now: promusic.co/components/interbank.com/,English,Bet on IPL to win gloves signed by Shakib. Click now: [URL]
normal,আশা করি তোমার সফলতা হোক!,Bengali,আশা করি তোমার সফলতা হোক!
smish,Call to recharge your mobile: +8801811011023,English,Call to recharge your mobile: [PHONE]
smish,"হ্যালো, ট্র্যাকিং কোড Dz-8342-FY344 সহ আপনার FEDEX প্যাকেজ আপনার ডেলিভারি পছন্দ সেট করার জন্য অপেক্ষা করছে: c4info/Gm0843vz1",Bengali,"হ্যালো, ট্র্যাকিং কোড Dz-8342-FY344 সহ আপনার FEDEX প্যাকেজ আপনার ডেলিভারি পছন্দ সেট করার জন্য অপেক্ষা করছে: c4info/Gm0843vz1"
smish,সোনালী ব্যাংক অ্যাকাউন্টে ত্রুটি দেখা দিয়েছে। বিস্তারিত জানতে এখানে ক্লিক করুন: https://wa.me/8801815566778,Bengali,সোনালী ব্যাংক অ্যাকাউন্টে ত্রুটি দেখা দিয়েছে। বিস্তারিত জানতে এখানে ক্লিক করুন: [URL]
promo,Sultan Dines grand opening! buy 1 get 1 free. Uttara. Book now: 01762948371!,English,Sultan Dines grand opening! buy 1 get 1 free. Uttara. Book now: [PHONE] !
smish,Insurance claim of 85000 TK rejected due to missing papers. Appeal fee 6500 TK: claim-appeal.bd/urgent,English,Insurance claim of 85000 TK rejected due to missing papers. Appeal fee 6500 TK: [URL]
promo,Daraz Electronics Fair! ল্যাপটপ ও গ্যাজেট কিনলে ৩০% ডিসকাউন্ট।,Bengali,Daraz Electronics Fair! ল্যাপটপ ও গ্যাজেট কিনলে ৩০% ডিসকাউন্ট।
normal,Your talent is extraordinary.,English,Your talent is extraordinary.
promo,"Special deal for you 4GB+80min @TK 87, 7 days: cutt.ly/Iw0edGlt",English,"Special deal for you 4GB+80min @TK 87, 7 days: cutt.ly/Iw0edGlt"
normal,The children's laughter in the park always brings a smile to my face.,English,The children's laughter in the park always brings a smile to my face.
promo,"প্রো-লেভেল আড্ডা+ইন্টারনেটিং-১০জিবি+২৫০মি@২৫৮৳,৩০দিন cutt.ly/wwCctHGF",Bengali,"প্রো-লেভেল আড্ডা+ইন্টারনেটিং-১০জিবি+২৫০মি@২৫৮৳,৩০দিন cutt.ly/wwCctHGF"
promo,"পূর্বাচল সংলগ্ন নাভানা'র ৩,৫ ও ১০ কাঠার প্লট কিনুন – ০১৮৪৭-২১৪০১৮",Bengali,"পূর্বাচল সংলগ্ন নাভানা'র ৩,৫ ও ১০ কাঠার প্লট কিনুন – [PHONE]"
smish,আপনি একটি গুরুত্বপূর্ণ নোটিফিকেশন পেয়েছেন। এটি দেখতে এখানে ক্লিক করুন: [notifyme.org/ImportantBD],Bengali,আপনি একটি গুরুত্বপূর্ণ নোটিফিকেশন পেয়েছেন। এটি দেখতে এখানে ক্লিক করুন: [URL]
normal,Thanks for listening to me vent about work problems yesterday.,English,Thanks for listening to me vent about work problems yesterday.
normal,Call 01927382894.,English,Call [PHONE] .
smish,বাংলাদেশ ব্যাংক অ্যাকাউন্টে সমস্যা হয়েছে। কল করুন: +8801818899001,Bengali,বাংলাদেশ ব্যাংক অ্যাকাউন্টে সমস্যা হয়েছে। কল করুন: [PHONE]
normal,০১৬৭২৫৭৩৮৫১ নাম্বারে বিকাশ করুন।,Bengali,[PHONE] নাম্বারে বিকাশ করুন।
normal,আজকে বাসে বসে বই পড়ছিলাম। ভীষণ ভালো লাগছিলো।,Bengali,আজকে বাসে বসে বই পড়ছিলাম। ভীষণ ভালো লাগছিলো।
smish,Property mutation blocked due to fake documents. Clear with legal fee 28000 TK: mutation-legal.bd/urgent,English,Property mutation blocked due to fake documents. Clear with legal fee 28000 TK: [URL]
smish,শাকিবের সই করা গ্লাভস জিততে আইপিএলে বাজি ধরুন। এখনই ক্লিক করুন: promusic.co/components/interbank.com/,Bengali,শাকিবের সই করা গ্লাভস জিততে আইপিএলে বাজি ধরুন। এখনই ক্লিক করুন: [URL]
promo,Daraz Big Sale—ইলেকট্রনিক্সে ৫০% পর্যন্ত ছাড়। আজ রাত ১২টা পর্যন্ত।,Bengali,Daraz Big Sale—ইলেকট্রনিক্সে ৫০% পর্যন্ত ছাড়। আজ রাত ১২টা পর্যন্ত।
promo,"Shwapno supermarket weekend bonanza: Groceries, household items 25% off!",English,"Shwapno supermarket weekend bonanza: Groceries, household items 25% off!"
smish,"১০,০০০ টাকা বিনিয়োগে ৩০,০০০ টাকা অর্জন করুন! কল করুন: +8801711011123",Bengali,"১০,০০০ টাকা বিনিয়োগে ৩০,০০০ টাকা অর্জন করুন! কল করুন: [PHONE]"
smish,"প্রিয় গ্রাহক, সন্দেহজনক লেনদেনের কারণে আপনার একাউন্ট সাময়িক ভাবে বন্ধ করা হয়েছে।বাংলাদেশ ব্যাংক এর নিতীমালা অনুসারে সঠিক তথ্যের ভিত্তিতে পুনরায় সচল করে দাওয়া হবে। একজন ম্যানেজার আপনাকে কল দেবে ( ...... )",Bengali,"প্রিয় গ্রাহক, সন্দেহজনক লেনদেনের কারণে আপনার একাউন্ট সাময়িক ভাবে বন্ধ করা হয়েছে।বাংলাদেশ ব্যাংক এর নিতীমালা অনুসারে সঠিক তথ্যের ভিত্তিতে পুনরায় সচল করে দাওয়া হবে। একজন ম্যানেজার আপনাকে কল দেবে ( .. )"
smish,Special offer on Bitcoin! Login now: http://bit.ly/BitcoinOffer,English,Special offer on Bitcoin! Login now: [URL]
smish,সতর্কতা! আপনার City Bank অ্যাকাউন্টে সন্দেহজনক লেনদেন। তাৎক্ষণিক কল করুন: ০১৭৭৮৮৯৯০০০,Bengali,সতর্কতা! আপনার City Bank অ্যাকাউন্টে সন্দেহজনক লেনদেন। তাৎক্ষণিক কল করুন: [PHONE]
normal,Are you listening to music?,English,Are you listening to music?
smish,Your Social Investment Bank micro-credit payment due. Pay: socialbank-payment.net,English,Your Social Investment Bank micro-credit payment due. Pay: [URL]
promo,10% discount on all DVDs. Limited time offer.,English,10% discount on all DVDs. Limited time offer.
smish,Get a chance to spend private time with Mashrafe by betting at the casino. Start: ebayisapidlld.altervista.org/,English,Get a chance to spend private time with Mashrafe by betting at the casino. Start: [URL]
promo,"Let Eid shopping be with Diamond World, enjoy 25% discount on diamond jewelry and attractive gold collection. Visit:qrco.de/beuAOs, 01713199270",English,"Let Eid shopping be with Diamond World, enjoy 25% discount on diamond jewelry and attractive gold collection. Visit:qrco.de/beuAOs, [PHONE]"
promo,"Success of Sheikh Hasina government: In 2008, the price of one Mbps internet bandwidth was 27 thousand taka, currently under one country one rate it has been fixed at 60 taka.",English,"Success of Sheikh Hasina government: In 2008, the price of one Mbps internet bandwidth was 27 thousand taka, currently under one country one rate it has been fixed at 60 taka."
promo,Shohoz Rides আজ সব রাইডে ২০% ডিসকাউন্ট দিচ্ছে। নিরাপদ ভ্রমণের জন্য এখনই বুক করুন।,Bengali,Shohoz Rides আজ সব রাইডে ২০% ডিসকাউন্ট দিচ্ছে। নিরাপদ ভ্রমণের জন্য এখনই বুক করুন।
smish,Your Gmail storage full. Upgrade now or lose emails: gmail-storage.bd/upgrade Payment: 1200 TK,English,Your Gmail storage full. Upgrade now or lose emails: [URL] Payment: 1200 TK
normal,I feel healthy and my body seems fine.,English,I feel healthy and my body seems fine.
promo,"“E-passport services for Mugda, Shajahanpur, Khilgaon, Rampura, Motijheel, Paltan, Badda, Hatirjil police stations will be provided from the Regional Passport Office, Dhaka East (Aftabnagar) starting from 07 May 2023”.",English,"“E-passport services for Mugda, Shajahanpur, Khilgaon, Rampura, Motijheel, Paltan, Badda, Hatirjil police stations will be provided from the Regional Passport Office, Dhaka East (Aftabnagar) starting from 07 May 2023”."
normal,The concert was absolutely incredible! The singer's voice gave me goosebumps throughout.,English,The concert was absolutely incredible! The singer's voice gave me goosebumps throughout.
smish,We need your information to process your payment. Click here: [verifysecure.com/InfoBD],English,We need your information to process your payment. Click here: [URL]
smish,আপনার ডেবিট কার্ডের পিন রিসেট করতে কল করুন +8801914455667,Bengali,আপনার ডেবিট কার্ডের পিন রিসেট করতে কল করুন [PHONE]
smish,জরুরি বার্তা! আপনার গ্যাস কানেকশন বন্ধ হবে। বিল পরিশোধ: gas-bill-pay.ml,Bengali,জরুরি বার্তা! আপনার গ্যাস কানেকশন বন্ধ হবে। বিল পরিশোধ: gas-bill-pay.ml
smish,Your Bitcoin investment matured. Withdraw 185000 BDT with processing fee 9500 TK: crypto-withdraw.bd/claim,English,Your Bitcoin investment matured. Withdraw 185000 BDT with processing fee 9500 TK: [URL]
smish,1 মিনিটে 1 লাখ টাকা পুরস্কার. ঘরে বসে অনলাইনে কুইজ খেলে 1 লাখ টাকা পুরস্কার জিতুন. শুধু মাত্র 3 টি প্রশ্নের সঠিক উত্তর দিয়ে জিতে নিন 1 লাখ টাকা পুরস্কার. প্রশ্ন এমন বদলে দেবে জীবন. শুধু দেখলে হবে না খেলতে হবে. কুইজ না খেললে পুরস্কার জিতবে কীভাবে ? visit: https://lnkd.in/gmvCtjH7,Bengali,1 মিনিটে 1 লাখ টাকা পুরস্কার. ঘরে বসে অনলাইনে কুইজ খেলে 1 লাখ টাকা পুরস্কার জিতুন. শুধু মাত্র 3 টি প্রশ্নের সঠিক উত্তর দিয়ে জিতে নিন 1 লাখ টাকা পুরস্কার. প্রশ্ন এমন বদলে দেবে জীবন. শুধু দেখলে হবে না খেলতে হবে. কুইজ না খেললে পুরস্কার জিতবে কীভাবে ? visit: [URL]
smish,"Dial *213*6551# to bring smile to loved one's face, charge 82.67 daily",English,"Dial *213*6551# to bring smile to loved one's face, charge 82.67 daily"
promo,"৳৩০ ক্যাশব্যাকে পকেট সেভিং- ১২জিবি+২০০মি.@৳১৬৯,৭দিন: cutt.ly/Mw59ykAZ",Bengali,"৳৩০ ক্যাশব্যাকে পকেট সেভিং- ১২জিবি+২০০মি.@৳১৬৯,৭দিন: cutt.ly/Mw59ykAZ"
smish,আপনার মোবাইল ব্যালেন্স রিচার্জ করতে এখানে ক্লিক করুন: [securetopup.com/TopupBD],Bengali,আপনার মোবাইল ব্যালেন্স রিচার্জ করতে এখানে ক্লিক করুন: [URL]
smish,https://t.me/Trust_earning_Airdropbot?start=r02156081575 You can earn 250 taka per referral. Click on the above 2 links to start and share that link given from Telegram website to your friends.,English,[URL] You can earn 250 taka per referral. Click on the above 2 links to start and share that link given from Telegram website to your friends.
promo,"আজই শেষ দিন!৫জিবি+১৫০মিনিট ১৩০টাকা (৩০দিন),ডায়াল *১২১*৫২০৫# বা https://mygp.li/a0",Bengali,"আজই শেষ দিন!৫জিবি+১৫০মিনিট ১৩০টাকা (৩০দিন),ডায়াল *১২১*৫২০৫# বা [URL]"
smish,"প্রিয় গ্রাহক, আপনি ১,০০,০০০ টাকা লোন অনুমোদন পেয়েছেন। টাকা পেতে হলে এখনই আপনার পিন দিন claim-bdloan.com এ।",Bengali,"প্রিয় গ্রাহক, আপনি ১,০০,০০০ টাকা লোন অনুমোদন পেয়েছেন। টাকা পেতে হলে এখনই আপনার পিন দিন [URL] এ।"
promo,TK60 cashback! 20GB @ TK249 30 days take it: cutt.ly/Pwlt8cOy,English,TK60 cashback! 20GB @ TK249 30 days take it: cutt.ly/Pwlt8cOy
normal,আজকের মিটিং কেমন ছিল?,Bengali,আজকের মিটিং কেমন ছিল?
promo,Free delivery on all orders. For limited time.,English,Free delivery on all orders. For limited time.
smish,অ্যাপল আইফোন ১২ জিতেছেন! ডেলিভারি নিশ্চিত করতে কল করুন: +8801814455667,Bengali,অ্যাপল আইফোন ১২ জিতেছেন! ডেলিভারি নিশ্চিত করতে কল করুন: [PHONE]
smish,Government customs fine 12594 TK for illegal activity. Pay: emergency-bd.bd/pay,English,Government customs fine 12594 TK for illegal activity. Pay: [URL]
smish,"Hot wallet টোকেন দিয়ে দিয়েছে 1 টোকেন $5.00
যারা অল্প সময়ে বেশি ইনকাম করতে চান, এখনই জয়েন করুণ
Link:
https://t.me/herewalletbot/app?startapp=12940707",Bengali,"Hot wallet টোকেন দিয়ে দিয়েছে 1 টোকেন $5.00 যারা অল্প সময়ে বেশি ইনকাম করতে চান, এখনই জয়েন করুণ Link: [URL]"
smish,To reactivate your bKash account click here: https://wa.me/8801712122234,English,To reactivate your bKash account click here: [URL]
normal,"Hi, who are you?",English,"Hi, who are you?"
promo,"শেখ হাসিনা সরকারের সাফল্য:
২০০৮ সালে এক এমবিপিএস ইন্টারনেট ব্যান্ডউদথের মূল্য ছিল ২৭ হাজার টাকা বর্তমানে একদেশ একরেটের আওতায় তা ৬০ টাকায় নির্ধারিত হয়েছে।",Bengali,শেখ হাসিনা সরকারের সাফল্য: ২০০৮ সালে এক এমবিপিএস ইন্টারনেট ব্যান্ডউদথের মূল্য ছিল ২৭ হাজার টাকা বর্তমানে একদেশ একরেটের আওতায় তা ৬০ টাকায় নির্ধারিত হয়েছে।
smish,"দুঃখিত, আমি ভুল করে আপনাকে একটি ৬ সংখ্যার OTP পাঠিয়ে দিয়েছি। আপনি আমাকে OTP-টা ফরওয়ার্ড করতে পারবেন? এখনই দরকার",Bengali,"দুঃখিত, আমি ভুল করে আপনাকে একটি ৬ সংখ্যার OTP পাঠিয়ে দিয়েছি। আপনি আমাকে OTP-টা ফরওয়ার্ড করতে পারবেন? এখনই দরকার"
smish,Emergency: আপনার পেনশন একাউন্ট বন্ধ হবে। রিনিউ: pension-renew.cf,Bengali,Emergency: আপনার পেনশন একাউন্ট বন্ধ হবে। রিনিউ: pension-renew.cf
normal,"গত সপ্তাহে নতুন বই কিনেছিলাম। গল্পটা দারুণ, পড়তে শুরু করতেই ডুবে গেছি।",Bengali,"গত সপ্তাহে নতুন বই কিনেছিলাম। গল্পটা দারুণ, পড়তে শুরু করতেই ডুবে গেছি।"
promo,City Bank credit card special! 0% interest for 12 months on all purchases. Apply today: 16234!,English,City Bank credit card special! 0% interest for 12 months on all purchases. Apply today: 16234!
normal,আজকে মা পায়েস বানিয়েছে। চাইলে তুমি এসে খেয়ে যেতে পারো।,Bengali,আজকে মা পায়েস বানিয়েছে। চাইলে তুমি এসে খেয়ে যেতে পারো।
promo,Rupali Bank car loan launched! instant approval at only 5846 TK. Call now!,English,Rupali Bank car loan launched! instant approval at only 5846 TK. Call now!
promo,"আড্ডা+ইন্টারনেটিংয়ে নতুন ডিল ১০জিবি+৩০০মি@২৯৬৳,৩০দিন:cutt.ly/QwFwTH3J",Bengali,"আড্ডা+ইন্টারনেটিংয়ে নতুন ডিল ১০জিবি+৩০০মি@২৯৬৳,৩০দিন:cutt.ly/QwFwTH3J"
smish,"বাংলালিংক জানাচ্ছে, আপনার বকেয়া বিল ৫,২০০ টাকা। অবিলম্বে pay-bl24.net এ গিয়ে বিল পরিশোধ করুন, না হলে সেবা বন্ধ করে দেওয়া হবে। এটি একটি চূড়ান্ত সতর্কীকরণ।",Bengali,"বাংলালিংক জানাচ্ছে, আপনার বকেয়া বিল ৫,২০০ টাকা। অবিলম্বে [URL] এ গিয়ে বিল পরিশোধ করুন, না হলে সেবা বন্ধ করে দেওয়া হবে। এটি একটি চূড়ান্ত সতর্কীকরণ।"
smish,Bitcoin investment opportunity! Double your money in 48 hours: crypto-bd.net,English,Bitcoin investment opportunity! Double your money in 48 hours: [URL]
normal,What are you playing?,English,What are you playing?
normal,০১৭৩৮২৯৩৭৬৫ এই নাম্বারে রকেটে টাকা পাঠান।,Bengali,[PHONE] এই নাম্বারে রকেটে টাকা পাঠান।
promo,Burger King flame grilled burgers buy 1 get 1 free today only!,English,Burger King flame grilled burgers buy 1 get 1 free today only!
smish,Your Al-Arafah Bank Hajj savings account suspended. Reactivate: alarafah-hajj.net,English,Your Al-Arafah Bank Hajj savings account suspended. Reactivate: [URL]
smish,আপনার ইন্টারনেট সংযোগ পুনরায় চালু করতে কল করুন +8801811122334,Bengali,আপনার ইন্টারনেট সংযোগ পুনরায় চালু করতে কল করুন [PHONE]
promo,"প্রো-লেভেল ৳১০০ ক্যাশব্যাকে ৩৫জিবি+৫০০মি.@৳৩৯৯,৩০দিন cutt.ly/2wQlYv6U",Bengali,"প্রো-লেভেল ৳১০০ ক্যাশব্যাকে ৩৫জিবি+৫০০মি.@৳৩৯৯,৩০দিন cutt.ly/2wQlYv6U"
promo,Shohoz অ্যাপে আজ টিকিট কিনলে ১০% ছাড়! কোড ব্যবহার করুন: TRAVEL10 এবং নিরাপদ ভ্রমণ উপভোগ করুন।,Bengali,Shohoz অ্যাপে আজ টিকিট কিনলে ১০% ছাড়! কোড ব্যবহার করুন: TRAVEL10 এবং নিরাপদ ভ্রমণ উপভোগ করুন।
promo,45TK cashback! 31GB+500min@454TK for 30 days: cutt.ly/qwWTAUku,English,45TK cashback! 31GB+500min@454TK for 30 days: cutt.ly/qwWTAUku
smish,আপনার ব্যাংক একাউন্ট থেকে অজানা লেনদেন হয়েছে। বিস্তারিত জানতে কল করুন +8801914455667,Bengali,আপনার ব্যাংক একাউন্ট থেকে অজানা লেনদেন হয়েছে। বিস্তারিত জানতে কল করুন [PHONE]
smish,Alert: আপনার ইন্টারনেট বিল পেমেন্ট পেন্ডিং। সার্ভিস বন্ধের আগে: pay-now.tk,Bengali,Alert: আপনার ইন্টারনেট বিল পেমেন্ট পেন্ডিং। সার্ভিস বন্ধের আগে: pay-now.tk
normal,সপ্তাহান্তে বন্ধুদের সঙ্গে পিকনিকে যাব।,Bengali,সপ্তাহান্তে বন্ধুদের সঙ্গে পিকনিকে যাব।
normal,Congratulations on completing your PhD! Dr. Rahman sounds perfect. So proud of your academic achievement!,English,Congratulations on completing your PhD! Dr. Rahman sounds perfect. So proud of your academic achievement!
promo,বিকাশ পেমেন্টে ক্যাশব্যাক! সব শপে ১০% রিওয়ার্ড পান।,Bengali,বিকাশ পেমেন্টে ক্যাশব্যাক! সব শপে ১০% রিওয়ার্ড পান।
smish,Your electricity connection will be cut off for non-payment of bill. Call +8801912233445,English,Your electricity connection will be cut off for non-payment of bill. Call [PHONE]
normal,Where are you going?,English,Where are you going?
smish,আপনি একটি জরুরি বার্তা পেয়েছেন। এটি দেখতে এখানে ক্লিক করুন: [urgentmsg.net/MessageBD],Bengali,আপনি একটি জরুরি বার্তা পেয়েছেন। এটি দেখতে এখানে ক্লিক করুন: [URL]
normal,What will you do today? I will do some new work. What about you?,English,What will you do today? I will do some new work. What about you?
smish,Your credit card information needs to be verified. Please click here: http://bit.ly/VerifyCard,English,Your credit card information needs to be verified. Please click here: [URL]
smish,"You can do the work with the phone you have in my team. I need 20 trusted people. Those who can earn 500/1000 TK daily in halal way along with studies or job. Those who are interested come to inbox
I will teach everything, no problem Inshallah",English,"You can do the work with the phone you have in my team. I need 20 trusted people. Those who can earn 500/1000 TK daily in halal way along with studies or job. Those who are interested come to inbox I will teach everything, no problem Inshallah"
smish,"Invest TK 2,000 and get TK 4,000 in 5 minutes! Call now: +8801714567890",English,"Invest TK 2,000 and get TK 4,000 in 5 minutes! Call now: [PHONE]"
promo,"GP Pay দিয়ে বিল পরিশোধ করুন আর পান ৫% ক্যাশব্যাক, সর্বোচ্চ ২০০ টাকা পর্যন্ত।",Bengali,"GP Pay দিয়ে বিল পরিশোধ করুন আর পান ৫% ক্যাশব্যাক, সর্বোচ্চ ২০০ টাকা পর্যন্ত।"
smish,"হ্যালো, আমার নাম আলিয়ে। আপনাকে বিরক্ত করার জন্য দুঃখিত। আমি Amazon.com এর মানব সম্পদ বিভাগ থেকে বলছি। আপনার কয়েক মিনিট সময় নিতে পারি কি?

২:৩০ অপরাহ্ন

আমাদের কোম্পানি আপনাকে একটি পার্ট-টাইম কাজ দিতে পেরে আনন্দিত, যা আপনি আপনার ফ্রি সময়ে করতে পারবেন, তাই আমাদের প্রচুর সংখ্যক সহযোগী কর্মী নিয়োগ করতে হবে (কোন ফি এবং কোন ইনভেস্টমেন্ট নেই)। এই কাজটি সহজ এবং নমনীয় এবং আপনার বর্তমান কাজের সাথে কোনভাবেই বাধা দেবে না। পরে আপনি প্রতিদিন মাত্র ৫-১০ মিনিটের মধ্যে সহজেই ৩০০-১২০০ টাকা উপার্জন করতে পারবেন। আপনি কি এই কাজটিতে আগ্রহী?",Bengali,"হ্যালো, আমার নাম আলিয়ে। আপনাকে বিরক্ত করার জন্য দুঃখিত। আমি [URL] এর মানব সম্পদ বিভাগ থেকে বলছি। আপনার কয়েক মিনিট সময় নিতে পারি কি? ২:৩০ অপরাহ্ন আমাদের কোম্পানি আপনাকে একটি পার্ট-টাইম কাজ দিতে পেরে আনন্দিত, যা আপনি আপনার ফ্রি সময়ে করতে পারবেন, তাই আমাদের প্রচুর সংখ্যক সহযোগী কর্মী নিয়োগ করতে হবে (কোন ফি এবং কোন ইনভেস্টমেন্ট নেই)। এই কাজটি সহজ এবং নমনীয় এবং আপনার বর্তমান কাজের সাথে কোনভাবেই বাধা দেবে না। পরে আপনি প্রতিদিন মাত্র ৫-১০ মিনিটের মধ্যে সহজেই ৩০০-১২০০ টাকা উপার্জন করতে পারবেন। আপনি কি এই কাজটিতে আগ্রহী?"
smish,Alert: আপনার ক্রেডিট স্কোর কমে গেছে। চেক করুন: check-score.ga,Bengali,Alert: আপনার ক্রেডিট স্কোর কমে গেছে। চেক করুন: check-score.ga
normal,এই যা কোন অন্য জন্য এটির জন্য না কেন সেটি বিশেষ হলো তাই আমি এটি বলতে চাই।,Bengali,এই যা কোন অন্য জন্য এটির জন্য না কেন সেটি বিশেষ হলো তাই আমি এটি বলতে চাই।
smish,"জনাব মাহমুদ, আপনার ব্যাংক অ্যাকাউন্ট হ্যাক হয়েছে। তাৎক্ষণিকভাবে 16216 এ কল করে আপনার অ্যাকাউন্ট নম্বর ও OTP দিন, না হলে পুরো টাকা হারাবেন।",Bengali,"জনাব মাহমুদ, আপনার ব্যাংক অ্যাকাউন্ট হ্যাক হয়েছে। তাৎক্ষণিকভাবে 16216 এ কল করে আপনার অ্যাকাউন্ট নম্বর ও OTP দিন, না হলে পুরো টাকা হারাবেন।"
normal,গতকাল রাতে সবাই মিলে ফুটবল খেললাম। অনেকদিন পর খেলাটা দারুণ উপভোগ করেছি।,Bengali,গতকাল রাতে সবাই মিলে ফুটবল খেললাম। অনেকদিন পর খেলাটা দারুণ উপভোগ করেছি।
normal,Happy Saraswati Puja!,English,Happy Saraswati Puja!
normal,Thanks for the amazing vacation photos! The sunset shots are absolutely breathtaking. Professional quality work!,English,Thanks for the amazing vacation photos! The sunset shots are absolutely breathtaking. Professional quality work!
promo,GP STAR গ্রাহকরা আজ পাচ্ছেন ৫০০ টাকার শপিং ভাউচার। Daraz-এ ব্যবহার করুন।,Bengali,GP STAR গ্রাহকরা আজ পাচ্ছেন ৫০০ টাকার শপিং ভাউচার। Daraz-এ ব্যবহার করুন।
normal,শুভ লক্ষ্মী পূজা!,Bengali,শুভ লক্ষ্মী পূজা!
normal,I go to the field about once a week.,English,I go to the field about once a week.
smish,You need to reset your password. Click here: [passwordupdate.org/ResetBD],English,You need to reset your password. Click here: [URL]
promo,"100TK cashback! 31GB+450min @399TK, 30 days, take it: cutt.ly/2wQlYv6U",English,"100TK cashback! 31GB+450min @399TK, 30 days, take it: cutt.ly/2wQlYv6U"
smish,Lucky Draw: আপনি Suzuki গাড়ি জিতেছেন! নিবন্ধন: car-winner.ml,Bengali,Lucky Draw: আপনি Suzuki গাড়ি জিতেছেন! নিবন্ধন: car-winner.ml
promo,"80 minutes for only 59 taka (5 days), dial *121*4205#",English,"80 minutes for only 59 taka (5 days), dial *121*4205#"
normal,Call me at 01724383987,English,Call me at [PHONE]
smish,"Bet on the European Championship and win TK50,000 cashback. Click: phlebolog.com.ua/libraries/joomla/results.php",English,"Bet on the European Championship and win TK50,000 cashback. Click: [URL]"
normal,Happy Mahalaya!,English,Happy Mahalaya!
smish,বাংলাদেশ ব্যাংক অ্যাকাউন্টে ত্রুটি দেখা দিয়েছে। বিস্তারিত জানতে এখানে ক্লিক করুন: https://wa.me/8801918899001,Bengali,বাংলাদেশ ব্যাংক অ্যাকাউন্টে ত্রুটি দেখা দিয়েছে। বিস্তারিত জানতে এখানে ক্লিক করুন: [URL]
smish,Facebook account hacked. Secure now or lose all data: fb-security.bd/protect Password: FB9847,English,Facebook account hacked. Secure now or lose all data: [URL] Password: FB9847
promo,"Get up to 20% bonus on any purchase from Ummah Shop, Faridpur Sadar.",English,"Get up to 20% bonus on any purchase from Ummah Shop, Faridpur Sadar."
promo,"18 May International Museum Day. This year's theme: ""Museums, Sustainability and Prosperity"". You are cordially invited to the day-long program of Bangladesh National Museum on this occasion.",English,"18 May International Museum Day. This year's theme: ""Museums, Sustainability and Prosperity"". You are cordially invited to the day-long program of Bangladesh National Museum on this occasion."
promo,২০০৳ সেইই ক্যাশব্যাক! নাও ৬০জিবি+১০০০মিনিট@৬৯৯৳ ৩০দিন: cutt.ly/aAhiAsI,Bengali,২০০৳ সেইই ক্যাশব্যাক! নাও ৬০জিবি+১০০০মিনিট@৬৯৯৳ ৩০দিন: cutt.ly/aAhiAsI
smish,বাংলালিংক থেকে জরুরি বার্তা: আপনার বকেয়া বিল পরিশোধ না করলে সেবা বন্ধ হবে। এখনই pay-banglalink.net এ যান।,Bengali,বাংলালিংক থেকে জরুরি বার্তা: আপনার বকেয়া বিল পরিশোধ না করলে সেবা বন্ধ হবে। এখনই [URL] এ যান।
normal,"Dear customer, your electricity bill is due 3045/- taka, please pay soon.",English,"Dear customer, your electricity bill is due 3045/- taka, please pay soon."
smish,"https://link-monetize.com/register?ref=273312
If you create an account from this link, you will get TK85. Just complete 4 tasks in 2 minutes. This way you will get 4 tasks daily and TK85 each. Knock inbox to know the rest💝💝",English,"[URL] If you create an account from this link, you will get TK85. Just complete 4 tasks in 2 minutes. This way you will get 4 tasks daily and TK85 each. Knock inbox to know the rest💝💝"
smish,An unknown transaction has been detected on your credit card. Please login here for confirmation: http://bit.ly/CardSecure,English,An unknown transaction has been detected on your credit card. Please login here for confirmation: [URL]
promo,"TK30 cashback! 31GB+450min@TK469 for 30 days, grab it now: cutt.ly/hwTmxGd8",English,"TK30 cashback! 31GB+450min@TK469 for 30 days, grab it now: cutt.ly/hwTmxGd8"
promo,"Offer of TK 499 for TK 399! Get 31GB + 450 min., 30 days: cutt.ly/2wQlYv6U",English,"Offer of TK 499 for TK 399! Get 31GB + 450 min., 30 days: cutt.ly/2wQlYv6U"
normal,"হাই, আমি এখানে।",Bengali,"হাই, আমি এখানে।"
promo,"Call duration 00:02:51, charged 3.6 Taka, remaining balance is 10.94 Taka",English,"Call duration 00:02:51, charged 3.6 Taka, remaining balance is 10.94 Taka"
promo,বোনাস সহ ১জিবি-৩০টাকা-৩দিন। ডায়াল *১২১*৫২১৫# বা https://mygp.li/mo,Bengali,বোনাস সহ ১জিবি-৩০টাকা-৩দিন। ডায়াল *১২১*৫২১৫# বা [URL]
promo,Fair and Lovely skin care products 30% off! All cosmetic stores. Additional gift with purchase above 800 TK!,English,Fair and Lovely skin care products 30% off! All cosmetic stores. Additional gift with purchase above 800 TK!
promo,Dutch-Bangla Bank education loan! Study abroad financing up to 25 lakh. Fulfill your academic dreams!,English,Dutch-Bangla Bank education loan! Study abroad financing up to 25 lakh. Fulfill your academic dreams!
normal,"ভাইয়া, আমার ল্যাপটপ হ্যাং করছে। একটু দেখে দিবেন?",Bengali,"ভাইয়া, আমার ল্যাপটপ হ্যাং করছে। একটু দেখে দিবেন?"
smish,Nagad account has been blocked. Click here to reactivate: https://t.me/NagadActivateBot2,English,Nagad account has been blocked. Click here to reactivate: [URL]
normal,"কষ্ট পেয়ো না, আমি তোমার সাথে আছি।",Bengali,"কষ্ট পেয়ো না, আমি তোমার সাথে আছি।"
promo,Standard Chartered personal loan approved! Get up to 15 lakh at 12% interest. Apply: 16203!,English,Standard Chartered personal loan approved! Get up to 15 lakh at 12% interest. Apply: 16203!
smish,"আপনার মোবাইল নম্বরটি ১০,০০০ টাকা লটারি জিতেছে! বিস্তারিত জানতে কল করুন +8801712345678",Bengali,"আপনার মোবাইল নম্বরটি ১০,০০০ টাকা লটারি জিতেছে! বিস্তারিত জানতে কল করুন [PHONE]"
normal,তুমি কি থিয়েটারে যাচ্ছো?,Bengali,তুমি কি থিয়েটারে যাচ্ছো?
promo,"Rangpur Foundry iron products sale! Gates, grills, furniture 25% off. Durable and affordable!",English,"Rangpur Foundry iron products sale! Gates, grills, furniture 25% off. Durable and affordable!"
normal,What will we do tomorrow?,English,What will we do tomorrow?
smish,"Double profit in investment, call: +8801911234567",English,"Double profit in investment, call: [PHONE]"
normal,আমি সকালে বাজারে যাচ্ছি।,Bengali,আমি সকালে বাজারে যাচ্ছি।
smish,"Urgent recruitment, salary of TK 30,000 with accommodation and food facilities, contact 01727827826",English,"Urgent recruitment, salary of TK 30,000 with accommodation and food facilities, contact [PHONE]"
smish,মাশরাফির সই করা গ্লাভস জিততে ক্যাসিনোতে বাজি ধরুন। শুরু করুন: xini.eu/00Qe,Bengali,মাশরাফির সই করা গ্লাভস জিততে ক্যাসিনোতে বাজি ধরুন। শুরু করুন: xini.eu/00Qe
smish,"এড ফি লাগবে না। 🎁🎁
প্রতিদিন  $ 1 থেকে  $2 ডলার  ইনকাম করতে পারবেন এছাড়াও আরো ইনকাম আছে যদি কেউ করতে চান ইনবক্সে মেসেজ দেন।",Bengali,এড ফি লাগবে না। 🎁🎁 প্রতিদিন $ 1 থেকে $2 ডলার ইনকাম করতে পারবেন এছাড়াও আরো ইনকাম আছে যদি কেউ করতে চান ইনবক্সে মেসেজ দেন।
promo,"The biopic film 'Mujib-The Maker of a Nation' based on the life of Father of the Nation Bangabandhu Sheikh Mujibur Rahman will be released nationwide on October 13, 2023. Come to your nearest cinema hall.",English,"The biopic film 'Mujib-The Maker of a Nation' based on the life of Father of the Nation Bangabandhu Sheikh Mujibur Rahman will be released nationwide on October 13, 2023. Come to your nearest cinema hall."
smish,ক্যাসিনোতে বাজি ধরুন এবং ৭ দিনের জন্য একটি ফ্রি ট্রিপ জিতুন! আজই যোগ দিন: smilesvoegol.servebbs.org/voegol.php,Bengali,ক্যাসিনোতে বাজি ধরুন এবং ৭ দিনের জন্য একটি ফ্রি ট্রিপ জিতুন! আজই যোগ দিন: [URL]
smish,Error has occurred in Bangladesh Bank account. Click here for details: https://wa.me/8801918899001,English,Error has occurred in Bangladesh Bank account. Click here for details: [URL]
smish,Your Facebook business page will be deleted. Save with verification fee 2200 TK: fb-business.bd/save,English,Your Facebook business page will be deleted. Save with verification fee 2200 TK: [URL]
smish,মাশরাফির সাথে একান্ত সময় কাটানোর সুযোগ পেতে বিপিএলে বাজি ধরুন। ক্লিক করুন: xini.eu/00Qe,Bengali,মাশরাফির সাথে একান্ত সময় কাটানোর সুযোগ পেতে বিপিএলে বাজি ধরুন। ক্লিক করুন: xini.eu/00Qe
normal,Golden evening!,English,Golden evening!
normal,Where is your time going?,English,Where is your time going?
smish,Call +8801915566778 to reactivate your mobile SIM,English,Call [PHONE] to reactivate your mobile SIM
smish,Your phone will be disconnected due to unpaid bills. Pay 2350 TK immediately: telecom-pay.bd/urgent,English,Your phone will be disconnected due to unpaid bills. Pay 2350 TK immediately: [URL]
normal,Are you going to the meeting?,English,Are you going to the meeting?
normal,তুমি কি রবিবার ফ্রি আছো? আমরা কনসার্টে যাচ্ছি। চাইলে তুমি আসো।,Bengali,তুমি কি রবিবার ফ্রি আছো? আমরা কনসার্টে যাচ্ছি। চাইলে তুমি আসো।
smish,শাকিব আল হাসানের সাথে একান্ত সাক্ষাতের সুযোগ পেতে ক্রিকেটে বাজি ধরুন! ক্লিক করুন: xini.eu/00Qe,Bengali,শাকিব আল হাসানের সাথে একান্ত সাক্ষাতের সুযোগ পেতে ক্রিকেটে বাজি ধরুন! ক্লিক করুন: xini.eu/00Qe
normal,আজকে অনেকদিন পর এক আত্মীয়ের সাথে দেখা হলো। সবাই আড্ডা দিল।,Bengali,আজকে অনেকদিন পর এক আত্মীয়ের সাথে দেখা হলো। সবাই আড্ডা দিল।
promo,"এয়ারটেলের বিপ্লবী অফার - 'স্মার্ট স্টুডেন্ট প্যাক'! বিশেষভাবে ছাত্র-ছাত্রীদের জন্য ডিজাইন করা এই প্যাকেজে মাত্র ২৪৯ টাকায় পাবেন ২৫ জিবি ইন্টারনেট, সব নেটওয়ার্কে ১৫০ মিনিট কল, এবং ৫০০ SMS। বিশেষ বোনাস হিসেবে পাবেন শিক্ষামূলক অ্যাপ যেমন Khan Academy, Coursera এবং Udemy তে আনলিমিটেড এক্সেস। এছাড়াও রাত ১২টা থেকে ভোর ৬টা পর্যন্ত সব ডেটা ফ্রি। এই অফার শুধুমাত্র স্টুডেন্ট ID কার্ড দেখিয়ে নিতে পারবেন।",Bengali,"এয়ারটেলের বিপ্লবী অফার - 'স্মার্ট স্টুডেন্ট প্যাক'! বিশেষভাবে ছাত্র-ছাত্রীদের জন্য ডিজাইন করা এই প্যাকেজে মাত্র ২৪৯ টাকায় পাবেন ২৫ জিবি ইন্টারনেট, সব নেটওয়ার্কে ১৫০ মিনিট কল, এবং ৫০০ SMS। বিশেষ বোনাস হিসেবে পাবেন শিক্ষামূলক অ্যাপ যেমন Khan Academy, Coursera এবং Udemy তে আনলিমিটেড এক্সেস। এছাড়াও রাত ১২টা থেকে ভোর ৬টা পর্যন্ত সব ডেটা ফ্রি। এই অফার শুধুমাত্র স্টুডেন্ট ID কার্ড দেখিয়ে নিতে পারবেন।"
smish,Free income daily 1500/- https://t.me/DailyEarn_Money_bot?start=r09374471604,English,Free income daily 1500/- [URL]
promo,"10% discount on new Samsung phone! Limited stock, buy today!",English,"10% discount on new Samsung phone! Limited stock, buy today!"
smish,আপনার পেমেন্টটি প্রক্রিয়া করতে আমাদের আপনার তথ্য প্রয়োজন। এখানে ক্লিক করুন: [paymentverify.com/VerifyBD],Bengali,আপনার পেমেন্টটি প্রক্রিয়া করতে আমাদের আপনার তথ্য প্রয়োজন। এখানে ক্লিক করুন: [URL]
smish,100% home loan facility without any deposit. Approval within 24 hours. Contact: 01567546390,English,100% home loan facility without any deposit. Approval within 24 hours. Contact: [PHONE]
normal,"I am optimistic that the goal of protest is not to bring about protest again. Rather, the goal of protest is to bring about change by bringing something new. — D. Ray Makeson",English,"I am optimistic that the goal of protest is not to bring about protest again. Rather, the goal of protest is to bring about change by bringing something new. — D. Ray Makeson"
smish,"PLC,LIMITED.

প্রিয় আবেদনকারী, অভিনন্দন!

আপনার সিভি নির্বাচিত হয়েছে। পজিশনের নাম - কাস্টমার সার্ভিস/ইউনিট ম্যানেজার (ডেভ..) (পার্ট টাইম / ফুল টাইম)। যদি আপনি কাজটিতে আগ্রহী হন তবে অবশ্যই সিভি এবং পাসপোর্ট সাইজের ৪ কপি ছবি নিয়ে আসতে হবে।

কাজের স্থান - আপনি ঢাকা শহরের যেকোনো শাখা অফিস বেছে নিতে পারবেন।

সাক্ষাত্কারের তারিখ - ১৪ নভেম্বর ২০২৩ (১০.০০am - ০৪.০০pm)

যোগাযোগের ঠিকানা - ১৬৬, দিলকুশা, মতিঝিল, ঢাকা ১০০০।

বিস্তারিত জানার জন্য কল করুন: ০১৬১৩৫৮৯১৩৭",Bengali,"PLC,LIMITED. প্রিয় আবেদনকারী, অভিনন্দন! আপনার সিভি নির্বাচিত হয়েছে। পজিশনের নাম - কাস্টমার সার্ভিস/ইউনিট ম্যানেজার (ডেভ..) (পার্ট টাইম / ফুল টাইম)। যদি আপনি কাজটিতে আগ্রহী হন তবে অবশ্যই সিভি এবং পাসপোর্ট সাইজের ৪ কপি ছবি নিয়ে আসতে হবে। কাজের স্থান - আপনি ঢাকা শহরের যেকোনো শাখা অফিস বেছে নিতে পারবেন। সাক্ষাত্কারের তারিখ - ১৪ নভেম্বর ২০২৩ (১০.০০am - ০৪.০০pm) যোগাযোগের ঠিকানা - ১৬৬, দিলকুশা, মতিঝিল, ঢাকা ১০০০। বিস্তারিত জানার জন্য কল করুন: [PHONE]"
smish,"৪৯৯ টাকায় জিতুন ১ লাখ টাকা, বিস্তারিত https://laptop.vkrh.top/?ok=PKQMAHca",Bengali,"৪৯৯ টাকায় জিতুন ১ লাখ টাকা, বিস্তারিত [URL]"
smish,জয় হোক! আপনি ল্যাপটপ জিতেছেন। ক্লেইম: laptop-winner.tk,Bengali,জয় হোক! আপনি ল্যাপটপ জিতেছেন। ক্লেইম: laptop-winner.tk
smish,মাশরাফির সাথে ডিনার করার সুযোগ পেতে বিপিএলে বাজি ধরুন। শুরু করুন: ebayisapidlld.altervista.org/,Bengali,মাশরাফির সাথে ডিনার করার সুযোগ পেতে বিপিএলে বাজি ধরুন। শুরু করুন: [URL]
smish,বাংলাদেশ ব্যাংক অ্যাকাউন্ট ব্লক হয়েছে। পুনরায় চালু করতে এখানে ক্লিক করুন: https://wa.me/8801911011123,Bengali,বাংলাদেশ ব্যাংক অ্যাকাউন্ট ব্লক হয়েছে। পুনরায় চালু করতে এখানে ক্লিক করুন: [URL]
normal,আমি প্রায় সপ্তাহে একবার মাঠে যায়।,Bengali,আমি প্রায় সপ্তাহে একবার মাঠে যায়।
smish,আপনার একাউন্ট সুরক্ষিত নয়। ৪০০০ টাকা পাঠান এই নাম্বারে: ০১৭৮৯৭৬৫৪৩২১।,Bengali,আপনার একাউন্ট সুরক্ষিত নয়। ৪০০০ টাকা পাঠান এই নাম্বারে: [PHONE] ।
normal,হ্যালো!,Bengali,হ্যালো!
normal,"You are not alone, we are by your side.",English,"You are not alone, we are by your side."
smish,আপনার ইমেইল বাক্সটি পূর্ণ। ক্লিয়ার করতে এখানে ক্লিক করুন: [emailclean.com/ClearBD],Bengali,আপনার ইমেইল বাক্সটি পূর্ণ। ক্লিয়ার করতে এখানে ক্লিক করুন: [URL]
smish,"ডাচ্-বাংলা ব্যাংক কার্ডে আজ ৮০,০০০ টাকা চার্জ হয়েছে। যদি এটি আপনার না হয়, cancel করতে dbbl-alerts.org ভিজিট করুন।",Bengali,"ডাচ্-বাংলা ব্যাংক কার্ডে আজ ৮০,০০০ টাকা চার্জ হয়েছে। যদি এটি আপনার না হয়, cancel করতে [URL] ভিজিট করুন।"
promo,Daraz Mall-এর সব পণ্যে ফ্রি ডেলিভারি। অফার ৩ দিন চলবে।,Bengali,Daraz Mall-এর সব পণ্যে ফ্রি ডেলিভারি। অফার ৩ দিন চলবে।
normal,"চাচী, আজ আপনার সাথে অনেক ভালো সময় কাটলো। ধন্যবাদ।",Bengali,"চাচী, আজ আপনার সাথে অনেক ভালো সময় কাটলো। ধন্যবাদ।"
promo,"Grameenphone Flexiplan-এ আজ সব প্যাকে ২৫% ডিসকাউন্ট। নিজের পছন্দমত মিনিট, এসএমএস ও ডেটা বানান এখনই।",Bengali,"Grameenphone Flexiplan-এ আজ সব প্যাকে ২৫% ডিসকাউন্ট। নিজের পছন্দমত মিনিট, এসএমএস ও ডেটা বানান এখনই।"
normal,আমার বাড়ির আশেপাশে ফুল ফোটে আছে।,Bengali,আমার বাড়ির আশেপাশে ফুল ফোটে আছে।
normal,Thanks for the delicious lunch! The fish curry was perfectly spiced. Please share the recipe with me.,English,Thanks for the delicious lunch! The fish curry was perfectly spiced. Please share the recipe with me.
normal,তুমি কি খেলাধুলা করছো?,Bengali,তুমি কি খেলাধুলা করছো?
smish,"Congratulations! You've won 50,000TK lottery. Claim now: lottery-bd.com/claim with code LT7839",English,"Congratulations! You've won 50,000TK lottery. Claim now: [URL] with code LT7839"
smish,Your email hacked by criminals. Secure with verification fee 900 TK: email-secure.bd/protect,English,Your email hacked by criminals. Secure with verification fee 900 TK: [URL]
promo,"মহান বিজয় দিবসে সবাইকে জানাই শুভেচ্ছা।  
দিলীপ কুমার আগরওয়ালা",Bengali,মহান বিজয় দিবসে সবাইকে জানাই শুভেচ্ছা। দিলীপ কুমার আগরওয়ালা
promo,Banglalink গ্রাহকরা ১০০ টাকা রিচার্জে ১০০ এসএমএস ফ্রি পাবেন।,Bengali,Banglalink গ্রাহকরা ১০০ টাকা রিচার্জে ১০০ এসএমএস ফ্রি পাবেন।
smish,Traffic police fine 8200 TK for signal violation. Pay online immediately: signal-fine.bd/urgent,English,Traffic police fine 8200 TK for signal violation. Pay online immediately: [URL]
promo,"May 17 World Telecommunication and Information Society Day, 2023 theme Development of Information and Communication Technology",English,"May 17 World Telecommunication and Information Society Day, 2023 theme Development of Information and Communication Technology"
smish,Your credit card has been blocked. Click here to reactivate: http://bit.ly/UnblockCard,English,Your credit card has been blocked. Click here to reactivate: [URL]
promo,25% discount on diamond jewelry on Valentine's Day till 15/02/2024. 01713199270,English,25% discount on diamond jewelry on Valentine's Day till 15/02/2024. [PHONE]
smish,আপনার সঞ্চয় দ্বিগুণ করার সুযোগ! কল করুন: +8801715455567,Bengali,আপনার সঞ্চয় দ্বিগুণ করার সুযোগ! কল করুন: [PHONE]
smish,আপনার Robi নম্বরে অবৈধ কার্যকলাপ শনাক্ত হয়েছে। ২৪ ঘণ্টার মধ্যে details জমা দিন robisafeupdate.org এ।,Bengali,আপনার Robi নম্বরে অবৈধ কার্যকলাপ শনাক্ত হয়েছে। ২৪ ঘণ্টার মধ্যে details জমা দিন [URL] এ।
smish,COVID contact tracing shows high risk. Mandatory test fee 1500 TK: covid-test.bd/mandatory,English,COVID contact tracing shows high risk. Mandatory test fee 1500 TK: [URL]
promo,অনলাইনে কোর্স করুন! IT স্কিল ডেভেলপমেন্টে ৬০% ছাড়। এনরোল করুন।,Bengali,অনলাইনে কোর্স করুন! IT স্কিল ডেভেলপমেন্টে ৬০% ছাড়। এনরোল করুন।
smish,জনতা ব্যাংক অ্যাকাউন্ট আপডেট করতে এখানে ক্লিক করুন: https://t.me/JanataUpdateBot5,Bengali,জনতা ব্যাংক অ্যাকাউন্ট আপডেট করতে এখানে ক্লিক করুন: [URL]
smish,Bet on English Premier League and win 1 crore taka. Start: smilesvoegol.servebbs.org/voegol.php,English,Bet on English Premier League and win 1 crore taka. Start: [URL]
promo,মেন্সওয়ার্ল্ড বসুন্ধরাসিটি নতুন শাখার উদ্বোধনে ফ্লাট৩০%ছাড়!cutt.ly/fmw,Bengali,মেন্সওয়ার্ল্ড বসুন্ধরাসিটি নতুন শাখার উদ্বোধনে ফ্লাট৩০%ছাড়!cutt.ly/fmw
smish,"আপনার ক্রেডিট কার্ডটি আপডেট করুন, না হলে এটি বন্ধ হয়ে যাবে। এখানে ক্লিক করুন: [creditsecure.com/UpdateBD]",Bengali,"আপনার ক্রেডিট কার্ডটি আপডেট করুন, না হলে এটি বন্ধ হয়ে যাবে। এখানে ক্লিক করুন: [URL]"
smish,আপনার Robi SIM বন্ধ হয়ে যাবে যদি সাথে সাথে robicare-safe.net এ লগইন না করেন। যাচাইয়ের জন্য মোবাইল OTP দিন।,Bengali,আপনার Robi SIM বন্ধ হয়ে যাবে যদি সাথে সাথে [URL] এ লগইন না করেন। যাচাইয়ের জন্য মোবাইল OTP দিন।
smish,Nagad account is blocked. Click here to reactivate: https://t.me/NagadActivateBot,English,Nagad account is blocked. Click here to reactivate: [URL]
smish,"Your son is in trouble, urgently send money to this number",English,"Your son is in trouble, urgently send money to this number"
normal,What will you eat today? Fish curry. What do you like?,English,What will you eat today? Fish curry. What do you like?
smish,"You have won 1,000 taka prize from Sonali Bank! Call for details: +8801712122134",English,"You have won 1,000 taka prize from Sonali Bank! Call for details: [PHONE]"
promo,মাসিক গ্রোসারি কিনুন। সব পণ্যে ২০% পর্যন্ত ছাড়। আজই অর্ডার।,Bengali,মাসিক গ্রোসারি কিনুন। সব পণ্যে ২০% পর্যন্ত ছাড়। আজই অর্ডার।
normal,কঠোর পরিশ্রমই সাফল্যের চাবিকাঠি।,Bengali,কঠোর পরিশ্রমই সাফল্যের চাবিকাঠি।
promo,ডিজিটাল গ্যাজেটের উপর ১৫% ডিসকাউন্ট! আজই কেনাকাটা করুন এবং বোনাস পান।,Bengali,ডিজিটাল গ্যাজেটের উপর ১৫% ডিসকাউন্ট! আজই কেনাকাটা করুন এবং বোনাস পান।
smish,"প্রিয় শিক্ষার্থী! Coronavirus এর কারণে তোমাদের উপবৃত্তির ৪,২০০ টাকা দেওয়া হচ্ছে। টাকা গ্রহনের জন্য নিম্নোক্ত শিক্ষাবোর্ডের নম্বরে যোগাযোগ করুন।
মোবাঃ 01813849152,
যোগাযোগের সময় সকাল 10 টা রাত 7:30 টা পযন্ত বি:দ্র: একটা বিকাশ নাম্বার নিয়ে ফোন দিতে হবে",Bengali,"প্রিয় শিক্ষার্থী! Coronavirus এর কারণে তোমাদের উপবৃত্তির ৪,২০০ টাকা দেওয়া হচ্ছে। টাকা গ্রহনের জন্য নিম্নোক্ত শিক্ষাবোর্ডের নম্বরে যোগাযোগ করুন। মোবাঃ [PHONE] , যোগাযোগের সময় সকাল 10 টা রাত 7:30 টা পযন্ত বি:দ্র: একটা বিকাশ নাম্বার নিয়ে ফোন দিতে হবে"
smish,আপনার ব্যাংক একাউন্ট ভেরিফাই করতে কল করুন +8801812233445,Bengali,আপনার ব্যাংক একাউন্ট ভেরিফাই করতে কল করুন [PHONE]
smish,আপনার একাউন্ট ব্লক হয়ে যাবে। যোগাযোগ করুন ০১৭৮৯৭৬৫৪৩২১।,Bengali,আপনার একাউন্ট ব্লক হয়ে যাবে। যোগাযোগ করুন [PHONE] ।
smish,মাশরাফির সাথে ফ্রি হোটেল বুকিং জিততে বিপিএলে বাজি ধরুন। এখনই যোগ দিন: promusic.co/components/interbank.com/,Bengali,মাশরাফির সাথে ফ্রি হোটেল বুকিং জিততে বিপিএলে বাজি ধরুন। এখনই যোগ দিন: [URL]
normal,"চাচা, আজ জুম্মার নামাজ পড়ে আসলাম। আপনি গেছেন?",Bengali,"চাচা, আজ জুম্মার নামাজ পড়ে আসলাম। আপনি গেছেন?"
normal,"শুভ রাত্রি, ভালো থেকো!",Bengali,"শুভ রাত্রি, ভালো থেকো!"
normal,"মামা, আগামীকাল আমাদের পারিবারিক অনুষ্ঠান। সময়মতো আসবেন।",Bengali,"মামা, আগামীকাল আমাদের পারিবারিক অনুষ্ঠান। সময়মতো আসবেন।"
normal,Looking forward to our family reunion next week. It's been ages since we all met!,English,Looking forward to our family reunion next week. It's been ages since we all met!
smish,Get the chance to have dinner with Mashrafe by betting on BPL. Start: ebayisapidlld.altervista.org/,English,Get the chance to have dinner with Mashrafe by betting on BPL. Start: [URL]
normal,I often find time in the miller that I am great and I can invite my love in other matters.,English,I often find time in the miller that I am great and I can invite my love in other matters.
smish,আপনার বিকাশ অ্যাকাউন্ট আপডেট করা প্রয়োজন। পরিষেবা বিঘ্ন এড়াতে আপনার অ্যাকাউন্ট নম্বর এবং পিন 016xxxxxxxx এ পাঠান।,Bengali,আপনার বিকাশ অ্যাকাউন্ট আপডেট করা প্রয়োজন। পরিষেবা বিঘ্ন এড়াতে আপনার অ্যাকাউন্ট নম্বর এবং পিন 016xx এ পাঠান।
smish,বাংলাদেশ ব্যাংক অ্যাকাউন্টে ত্রুটি দেখা দিয়েছে। কল করুন: +8801814344356,Bengali,বাংলাদেশ ব্যাংক অ্যাকাউন্টে ত্রুটি দেখা দিয়েছে। কল করুন: [PHONE]
normal,I'm volunteering at the local orphanage this weekend. Very rewarding experience.,English,I'm volunteering at the local orphanage this weekend. Very rewarding experience.
smish,মাশরাফির সাথে ফ্রি ডিনার করার সুযোগ পেতে ক্যাসিনোতে বাজি ধরুন। শুরু করুন: promusic.co/components/interbank.com/,Bengali,মাশরাফির সাথে ফ্রি ডিনার করার সুযোগ পেতে ক্যাসিনোতে বাজি ধরুন। শুরু করুন: [URL]
normal,"নানা, আপনার ঔষধের সময় হয়েছে। খেতে ভুলবেন না।",Bengali,"নানা, আপনার ঔষধের সময় হয়েছে। খেতে ভুলবেন না।"
smish,আপনার পেন্ডিং বিলটি পেমেন্ট করুন এবং অবিলম্বে যোগাযোগ করুন +8801812345678,Bengali,আপনার পেন্ডিং বিলটি পেমেন্ট করুন এবং অবিলম্বে যোগাযোগ করুন [PHONE]
normal,আজকে তোমার দিন কেমন কাটছে?,Bengali,আজকে তোমার দিন কেমন কাটছে?
normal,"Can't come to you today? Yes, I'm here. What do you want?",English,"Can't come to you today? Yes, I'm here. What do you want?"
normal,কি খবর তোমার?,Bengali,কি খবর তোমার?
normal,Call this number: 01672573848.,English,Call this number: [PHONE] .
promo,ফ্ল্যাট ১০% ছাড় সারা স্টোরে। কোড: FLAT10. শুধুমাত্র অনলাইনে।,Bengali,ফ্ল্যাট ১০% ছাড় সারা স্টোরে। কোড: FLAT10. শুধুমাত্র অনলাইনে।
promo,"Pran Dairy milk products home delivery! Fresh milk, yogurt, cheese delivered daily. Call 16456 now!",English,"Pran Dairy milk products home delivery! Fresh milk, yogurt, cheese delivered daily. Call 16456 now!"
smish,Click here to update Janata Bank account: https://t.me/JanataUpdateBot5,English,Click here to update Janata Bank account: [URL]
promo,"Kazi Food Industries job fair! 500+ vacancies in production, admin, sales. Apply now: 01711887766!",English,"Kazi Food Industries job fair! 500+ vacancies in production, admin, sales. Apply now: [PHONE] !"
normal,"Send TK 2000/- to this number 01739838883, bKash Rocket or Nagad",English,"Send TK 2000/- to this number [PHONE] , bKash Rocket or Nagad"
promo,"নগদে পেমেন্ট করুন, পাবেন ১০% ক্যাশব্যাক! সর্বোচ্চ ১০০০ টাকা পর্যন্ত।",Bengali,"নগদে পেমেন্ট করুন, পাবেন ১০% ক্যাশব্যাক! সর্বোচ্চ ১০০০ টাকা পর্যন্ত।"
smish,বাংলাদেশ জাতীয় লটারি থেকে অভিনন্দন! আপনি ২ লক্ষ টাকা জিতেছেন। দাবি করতে natlottery@cash-bd.org এ আপনার নাম্বার পাঠান।,Bengali,বাংলাদেশ জাতীয় লটারি থেকে অভিনন্দন! আপনি ২ লক্ষ টাকা জিতেছেন। দাবি করতে [URL] এ আপনার নাম্বার পাঠান।
normal,"You are not alone, we are all with you.",English,"You are not alone, we are all with you."
normal,"Your son is in danger, quickly send money to 01672563891.",English,"Your son is in danger, quickly send money to [PHONE] ."
normal,কাল রাতে কি করেছো?,Bengali,কাল রাতে কি করেছো?
promo,GP Music App সাবস্ক্রিপশন মাত্র ২০ টাকা প্রতি সপ্তাহে। আপনার প্রিয় গান শুনুন অফলাইনে। সক্রিয় করতে ডায়াল করুন *121*5*1#।,Bengali,GP Music App সাবস্ক্রিপশন মাত্র ২০ টাকা প্রতি সপ্তাহে। আপনার প্রিয় গান শুনুন অফলাইনে। সক্রিয় করতে ডায়াল করুন *121*5*1#।
smish,Click here to verify your email address: [emailverify.com/VerifyBD],English,Click here to verify your email address: [URL]
smish,Call to recharge your mobile: +8801818788890,English,Call to recharge your mobile: [PHONE]
promo,GP App দিয়ে বিল পরিশোধ করলে পাচ্ছেন ১০% ইনস্ট্যান্ট ক্যাশব্যাক। অফার বৈধ মাসের শেষ পর্যন্ত।,Bengali,GP App দিয়ে বিল পরিশোধ করলে পাচ্ছেন ১০% ইনস্ট্যান্ট ক্যাশব্যাক। অফার বৈধ মাসের শেষ পর্যন্ত।
smish,Click here to increase your debit card limit: [securelimit.com/IncreaseBD],English,Click here to increase your debit card limit: [URL]
promo,"20% off on home decor items. Limited stock, don't delay.",English,"20% off on home decor items. Limited stock, don't delay."
normal,"Don't love like an addict, don't hate anyone destructively. - [Umar ibn al-Khattab (RA)]",English,"Don't love like an addict, don't hate anyone destructively. - [Umar ibn al-Khattab (RA)]"
normal,০১৭২৯১৭২৯৪৯ এই নাম্বারে রকেটে টাকা পাঠান।,Bengali,[PHONE] এই নাম্বারে রকেটে টাকা পাঠান।
smish,Get a chance to spend intimate time with Mashrafe by betting on BPL. Click: xini.eu/00Qe,English,Get a chance to spend intimate time with Mashrafe by betting on BPL. Click: xini.eu/00Qe
normal,The book fair at Bangla Academy was crowded but worth visiting.,English,The book fair at Bangla Academy was crowded but worth visiting.
promo,ফ্রি ডেলিভারি সব অর্ডারে। সীমিত সময়ের জন্য।,Bengali,ফ্রি ডেলিভারি সব অর্ডারে। সীমিত সময়ের জন্য।
smish,আপনার মোবাইল নম্বরটি আইফোন জিতেছে! পুরস্কার পেতে কল করুন +8801813344556,Bengali,আপনার মোবাইল নম্বরটি আইফোন জিতেছে! পুরস্কার পেতে কল করুন [PHONE]
normal,"আপনার একাউন্ট থেকে ২০০০/- টাকা কাটা হয়েছে, বিস্তারিত জানতে কল করুন।",Bengali,"আপনার একাউন্ট থেকে ২০০০/- টাকা কাটা হয়েছে, বিস্তারিত জানতে কল করুন।"
smish,"আজই বেটিং শুরু করুন এবং ২০,০০০ টাকা ক্যাশব্যাক জিতুন। যোগ দিন: smilesvoegol.servebbs.org/voegol.php",Bengali,"আজই বেটিং শুরু করুন এবং ২০,০০০ টাকা ক্যাশব্যাক জিতুন। যোগ দিন: [URL]"
smish,"Invest TK 15,000 and earn TK 45,000! Call: +8801913233345",English,"Invest TK 15,000 and earn TK 45,000! Call: [PHONE]"
normal,Are you going by train?,English,Are you going by train?
smish,মেধাবী ছাত্রছাত্রীদের জন্য শিক্ষাবৃত্তির সুবিধা ও অভিজ্ঞ ডাক্তারের সাথে সরাসরি ফ্রি পরামর্শসহ বছরে ৳১৯০০০০ হেলথ কভারেজের সাথে হেলথ প্লাসের অন্যান্ন সুবিধা পেতে START RP লিখে পাঠিয়ে দিন 28477.,Bengali,মেধাবী ছাত্রছাত্রীদের জন্য শিক্ষাবৃত্তির সুবিধা ও অভিজ্ঞ ডাক্তারের সাথে সরাসরি ফ্রি পরামর্শসহ বছরে ৳১৯০০ হেলথ কভারেজের সাথে হেলথ প্লাসের অন্যান্ন সুবিধা পেতে START RP লিখে পাঠিয়ে দিন 28477.
normal,Send bKash quickly to number 01672573873.,English,Send bKash quickly to number [PHONE] .
normal,বিদ্যালয়ের বই পড়া খুব পছন্দ।,Bengali,বিদ্যালয়ের বই পড়া খুব পছন্দ।
normal,"Send money quickly as time is short, I will leave, my bKash 01728288292",English,"Send money quickly as time is short, I will leave, my bKash [PHONE]"
smish,ঘরে বসে মোবাইল থেকে টাকা ইনকাম করুন! একটি ক্লিকে বিস্তারিত জানুন: https://refer.mslgames.com/YfrcqEcoToos53HN7,Bengali,ঘরে বসে মোবাইল থেকে টাকা ইনকাম করুন! একটি ক্লিকে বিস্তারিত জানুন: [URL]
normal,"Dear student, your tuition fee is due TK32,450.00 till today. (Including previous late fine and dues) Pay the current month's tuition fee (without penalty) by September 10, 2024. For details log in to https://student.iubat.edu.bd/ (IUBAT)",English,"Dear student, your tuition fee is due TK32,450.00 till today. (Including previous late fine and dues) Pay the current month's tuition fee (without penalty) by September 10, 2024. For details log in to [URL] (IUBAT)"
normal,আজকে অফিসে প্রচুর কাজ ছিল। বস বারবার রিপোর্ট চাইছিলেন। তবে টিমওয়ার্ক ভালো হওয়ায় শেষ করতে পেরেছি।,Bengali,আজকে অফিসে প্রচুর কাজ ছিল। বস বারবার রিপোর্ট চাইছিলেন। তবে টিমওয়ার্ক ভালো হওয়ায় শেষ করতে পেরেছি।
normal,তোমার প্রিয় গান কোনটা?,Bengali,তোমার প্রিয় গান কোনটা?
smish,"২০,০০০ টাকা বিনিয়োগে ৬০,০০০ টাকা পান! কল করুন: +8801714344456",Bengali,"২০,০০০ টাকা বিনিয়োগে ৬০,০০০ টাকা পান! কল করুন: [PHONE]"
normal,আমি নিজের প্রেমের মধ্যে আছি বলতে পারি।,Bengali,আমি নিজের প্রেমের মধ্যে আছি বলতে পারি।
smish,আপনার ফেসবুক প্রোফাইল আপডেট করুন। এখানে ক্লিক করুন: [facebookprofile.com/UpdateBD],Bengali,আপনার ফেসবুক প্রোফাইল আপডেট করুন। এখানে ক্লিক করুন: [URL]
promo,শাহী বাজারে বিশাল ছাড়! সব গহনায় ৩০% পর্যন্ত কমতি। আজই আসুন।,Bengali,শাহী বাজারে বিশাল ছাড়! সব গহনায় ৩০% পর্যন্ত কমতি। আজই আসুন।
promo,New Balance shoes up to 60% off at Bata stores nationwide!,English,New Balance shoes up to 60% off at Bata stores nationwide!
smish,"বাংলালিংক গ্রাহক, আপনার সিম ব্লক করা হবে যদি ২৪ ঘণ্টার মধ্যে তথ্য যাচাই না করেন। এখনই ভিজিট করুন verify-banglalink.net এবং NID আপলোড করুন।",Bengali,"বাংলালিংক গ্রাহক, আপনার সিম ব্লক করা হবে যদি ২৪ ঘণ্টার মধ্যে তথ্য যাচাই না করেন। এখনই ভিজিট করুন [URL] এবং NID আপলোড করুন।"
normal,তোমার প্রিয় জায়গা কোথায়?,Bengali,তোমার প্রিয় জায়গা কোথায়?
smish,জয়! আপনি BMW গাড়ি জিতেছেন লটারিতে। নিবন্ধন: bmw-winner.ml,Bengali,জয়! আপনি BMW গাড়ি জিতেছেন লটারিতে। নিবন্ধন: bmw-winner.ml
smish,"You have won 2,000 taka prize from Janata Bank! Call: +8801714455667",English,"You have won 2,000 taka prize from Janata Bank! Call: [PHONE]"
promo,"Partex Star Technologies computer fair! Laptops, desktops 25% off with 3 year warranty. Tech solutions!",English,"Partex Star Technologies computer fair! Laptops, desktops 25% off with 3 year warranty. Tech solutions!"
smish,মাশরাফির সাথে ডিনার করার সুযোগ পেতে ক্যাসিনোতে বাজি ধরুন। ক্লিক করুন: promusic.co/components/interbank.com/,Bengali,মাশরাফির সাথে ডিনার করার সুযোগ পেতে ক্যাসিনোতে বাজি ধরুন। ক্লিক করুন: [URL]
promo,আজ Daraz অ্যাপে ইলেকট্রনিক্স প্রোডাক্টে ২৫% ছাড়। কোড: TECH25 ব্যবহার করুন এবং আজই অর্ডার করুন।,Bengali,আজ Daraz অ্যাপে ইলেকট্রনিক্স প্রোডাক্টে ২৫% ছাড়। কোড: TECH25 ব্যবহার করুন এবং আজই অর্ডার করুন।
normal,Hope your son's school admission process goes smoothly. He's a bright student.,English,Hope your son's school admission process goes smoothly. He's a bright student.
smish,"Your land sale money has been deposited, call: +8801819899901",English,"Your land sale money has been deposited, call: [PHONE]"
smish,"প্রতি রেফারে 75 টাকা সর্বনিম্ন 500 টাকা উইথড্র করতে পারবেন। 

https://t.me/Referincomebd4536_bot?start=r07921710994",Bengali,প্রতি রেফারে 75 টাকা সর্বনিম্ন 500 টাকা উইথড্র করতে পারবেন। [URL]
promo,গ্রামীণফোন মেগা অফার! আনলিমিটেড টক টাইম ৩০দিন মাত্র ৪৯৯ টাকা।,Bengali,গ্রামীণফোন মেগা অফার! আনলিমিটেড টক টাইম ৩০দিন মাত্র ৪৯৯ টাকা।
normal,"খালা, আজ আপনার ছেলের বিয়ের দাওয়াত। কয়টায় যেতে হবে?",Bengali,"খালা, আজ আপনার ছেলের বিয়ের দাওয়াত। কয়টায় যেতে হবে?"
normal,আজ রাতে বাংলাদেশ আর শ্রীলঙ্কার ম্যাচ আছে। একসাথে বসে দেখবো নাকি?,Bengali,আজ রাতে বাংলাদেশ আর শ্রীলঙ্কার ম্যাচ আছে। একসাথে বসে দেখবো নাকি?
normal,আমি একটি নতুন কাজ শুরু করতে চাই।,Bengali,আমি একটি নতুন কাজ শুরু করতে চাই।
promo,Confidence Cement ready-mix concrete! All grades available with on-time delivery. Strong foundations guaranteed!,English,Confidence Cement ready-mix concrete! All grades available with on-time delivery. Strong foundations guaranteed!
normal," তাওহীদ হলো সমস্ত দোয়া, সমস্ত কান্নাকাটি, সাহায্য চেয়ে সমস্ত আবেদন, সমস্ত আশা এবং সকল কল্যাণের আগমন ও সকল ক্ষতি নিবারণের জন্য প্রার্থনা অন্য কেউ নয় বরং কেবলই আল্লাহর উদ্দেশ্যে হতে হবে। - [ইমাম মুহাম্মাদ আলী আশ-শাওকানী (আল দূর আল-নাদিদ)]",Bengali,"তাওহীদ হলো সমস্ত দোয়া, সমস্ত কান্নাকাটি, সাহায্য চেয়ে সমস্ত আবেদন, সমস্ত আশা এবং সকল কল্যাণের আগমন ও সকল ক্ষতি নিবারণের জন্য প্রার্থনা অন্য কেউ নয় বরং কেবলই আল্লাহর উদ্দেশ্যে হতে হবে। - [ইমাম মুহাম্মাদ আলী আশ-শাওকানী (আল দূর আল-নাদিদ)]"
normal,Are you reading a book?,English,Are you reading a book?
smish,"ক্যাসিনোতে বাজি ধরুন এবং ১০,০০০ টাকা ক্যাশব্যাক জিতুন! শুরু করুন: xini.eu/00Qe",Bengali,"ক্যাসিনোতে বাজি ধরুন এবং ১০,০০০ টাকা ক্যাশব্যাক জিতুন! শুরু করুন: xini.eu/00Qe"
promo,"পূর্বাচলের এশিয়ান হাইওয়ে সংলগ্ন পরিকল্পিত শহর ""নাভানা হাইল্যন্ডে"" এ বিনিয়োগ করুন।উঁচু ও লাল মাটি।রয়েছে কিস্তির সুবিধা – ০১৭০৮৪৬৬৪৭১",Bengali,"পূর্বাচলের এশিয়ান হাইওয়ে সংলগ্ন পরিকল্পিত শহর ""নাভানা হাইল্যন্ডে"" এ বিনিয়োগ করুন।উঁচু ও লাল মাটি।রয়েছে কিস্তির সুবিধা – [PHONE]"
promo,Get your favorite Skitto packs from bKash app now: cutt.ly/Zwcqh6YQ,English,Get your favorite Skitto packs from bKash app now: cutt.ly/Zwcqh6YQ
smish,Facebook lottery winner! You won 250000 BDT. Claim fee 8500 TK: fb-lottery.bd/claim Winner: FL8832,English,Facebook lottery winner! You won 2500 BDT. Claim fee 8500 TK: [URL] Winner: FL8832
smish,প্রিয় গ্রাহক আপনার নাম্বারের ১০ জিবি ইন্টারনেট এবং ১০০ মিনিট ফ্রি পেতে নিচের লিংকে ক্লিক করুন,Bengali,প্রিয় গ্রাহক আপনার নাম্বারের ১০ জিবি ইন্টারনেট এবং ১০০ মিনিট ফ্রি পেতে নিচের লিংকে ক্লিক করুন
smish,আপনার GP FlexiPlan অফার বাতিল করা হয়েছে। পুনরায় সক্রিয় করতে এখনই gp-bonus24.com ভিজিট করুন এবং কার্ড তথ্য প্রদান করুন।,Bengali,আপনার GP FlexiPlan অফার বাতিল করা হয়েছে। পুনরায় সক্রিয় করতে এখনই [URL] ভিজিট করুন এবং কার্ড তথ্য প্রদান করুন।
smish,আপনার Robi SIM বন্ধ হয়ে যাবে। এটি চালু রাখতে robicare24.org ভিজিট করুন।,Bengali,আপনার Robi SIM বন্ধ হয়ে যাবে। এটি চালু রাখতে [URL] ভিজিট করুন।
promo,"Hotshot 20TK cashback! Hotspot deal 22GB@177TK, 7 days: cutt.ly/pw746B4G",English,"Hotshot 20TK cashback! Hotspot deal 22GB@177TK, 7 days: cutt.ly/pw746B4G"
normal,What is happening? Tell me everything.,English,What is happening? Tell me everything.
normal,What are you reading?,English,What are you reading?
normal,The homemade dinner was absolutely delicious! You're becoming such an expert cook. Recipe please share!,English,The homemade dinner was absolutely delicious! You're becoming such an expert cook. Recipe please share!
smish,আপনার ইমেল ঠিকানাটি যাচাই করতে এখানে ক্লিক করুন: [emailsecure.net/VerifyBD],Bengali,আপনার ইমেল ঠিকানাটি যাচাই করতে এখানে ক্লিক করুন: [URL]
normal,Happy Rathyatra!,English,Happy Rathyatra!
normal,It gets very hot without rain.,English,It gets very hot without rain.
normal,"Mom, I'll be late for dinner tonight. Meeting is running longer than expected.",English,"Mom, I'll be late for dinner tonight. Meeting is running longer than expected."
normal,"Call this number 01672592871, I need money.",English,"Call this number [PHONE] , I need money."
promo,GP STAR গ্রাহকরা এখন পাচ্ছেন ৫০০ টাকার শপিং ভাউচার সম্পূর্ণ ফ্রি! Daraz এ ব্যবহার করতে পারবেন। বিস্তারিত জানতে *121*888#।,Bengali,GP STAR গ্রাহকরা এখন পাচ্ছেন ৫০০ টাকার শপিং ভাউচার সম্পূর্ণ ফ্রি! Daraz এ ব্যবহার করতে পারবেন। বিস্তারিত জানতে *121*888#।
normal,"Love is a very precious thing. It needs to be taken care of. Because once love is lost, it can never be found again in life.",English,"Love is a very precious thing. It needs to be taken care of. Because once love is lost, it can never be found again in life."
normal,আজ সকালে হাঁটতে বের হলাম। ঠাণ্ডা বাতাসে মন ফ্রেশ হলো।,Bengali,আজ সকালে হাঁটতে বের হলাম। ঠাণ্ডা বাতাসে মন ফ্রেশ হলো।
normal,বারোমাসের বন্ধুদের সঙ্গে আড্ডা দিতে যাচ্ছি।,Bengali,বারোমাসের বন্ধুদের সঙ্গে আড্ডা দিতে যাচ্ছি।
normal,"হ্যালো, কেমন আছো?",Bengali,"হ্যালো, কেমন আছো?"
normal,The surprise birthday celebration was perfect! Everyone loved the decorations and cake. Great job organizing!,English,The surprise birthday celebration was perfect! Everyone loved the decorations and cake. Great job organizing!
normal,"Power is like sunlight, some get enlightened by it and some get burned and destroyed.",English,"Power is like sunlight, some get enlightened by it and some get burned and destroyed."
normal,তোমার একটা কথা বলো। তোমার কথা ভালো লাগে।,Bengali,তোমার একটা কথা বলো। তোমার কথা ভালো লাগে।
normal,Good morning! The sunrise over the river looks absolutely breathtaking today. Nature's perfect beauty.,English,Good morning! The sunrise over the river looks absolutely breathtaking today. Nature's perfect beauty.
smish,bKash account has an error. Call for quick solution: +8801713344556,English,bKash account has an error. Call for quick solution: [PHONE]
normal,"আপনার পাওনা ৬০০০/- টাকা, দ্রুত পরিশোধ করুন।",Bengali,"আপনার পাওনা ৬০০০/- টাকা, দ্রুত পরিশোধ করুন।"
promo,"For full-on chatting+interneting 61GB+1000min@TK899, 30 days cutt.ly/LwEXIUPL",English,"For full-on chatting+interneting 61GB+1000min@TK899, 30 days cutt.ly/LwEXIUPL"
promo,নতুন গ্রাহকদের জন্য বিশেষ! ইন্টারনেট কানেকশনে ৩ মাস ফ্রি।,Bengali,নতুন গ্রাহকদের জন্য বিশেষ! ইন্টারনেট কানেকশনে ৩ মাস ফ্রি।
smish,নগদ অ্যাকাউন্ট ব্লক হয়েছে। পুনরায় চালু করতে এখানে ক্লিক করুন: https://t.me/NagadActivateBot,Bengali,নগদ অ্যাকাউন্ট ব্লক হয়েছে। পুনরায় চালু করতে এখানে ক্লিক করুন: [URL]
normal,Hope your exam results are excellent tomorrow! You studied hard and deserve success. Fingers crossed!,English,Hope your exam results are excellent tomorrow! You studied hard and deserve success. Fingers crossed!
smish,কৃষকদের জন্য সরকার দিচ্ছে পঞ্চাশ হাজার টাকা পর্যন্ত ভর্তুকি। ভর্তুকি পেতে এখনই যোগাযোগ করুন ০১৫৩৮২৭২৭৩৪,Bengali,কৃষকদের জন্য সরকার দিচ্ছে পঞ্চাশ হাজার টাকা পর্যন্ত ভর্তুকি। ভর্তুকি পেতে এখনই যোগাযোগ করুন [PHONE]
promo,Toyota Corolla special discount! Save 300000 TK on new purchase. Book test drive: 09639200200,English,Toyota Corolla special discount! Save 300 TK on new purchase. Book test drive: [PHONE]
promo,"With TK 35 cashback, now get even more data 50GB@TK 463, 30 days cutt.ly/HwOETkke",English,"With TK 35 cashback, now get even more data 50GB@TK 463, 30 days cutt.ly/HwOETkke"
normal,"Peace of body and mind lies not in worldly achievement, but in worldly detachment. - [Umar Ibn Al-Khattab (RA)]",English,"Peace of body and mind lies not in worldly achievement, but in worldly detachment. - [Umar Ibn Al-Khattab (RA)]"
normal,Thanks for listening when I needed someone to talk to. Your friendship means everything.,English,Thanks for listening when I needed someone to talk to. Your friendship means everything.
normal,Thanks for helping me with the assignment yesterday. I really appreciate it!,English,Thanks for helping me with the assignment yesterday. I really appreciate it!
normal,০১৯২৭২৮৯৩৭২ এই নাম্বারে কল করুন।,Bengali,[PHONE] এই নাম্বারে কল করুন।
smish,Call to restart your internet connection +8801811122334,English,Call to restart your internet connection [PHONE]
promo,আমাদের প্রোডাক্টে ডিসকাউন্ট চলছে। বিস্তারিত জানাতে এই নাম্বারে যোগাযোগ করুন: ০১৭৮৯৬৫৪৩২১।,Bengali,আমাদের প্রোডাক্টে ডিসকাউন্ট চলছে। বিস্তারিত জানাতে এই নাম্বারে যোগাযোগ করুন: [PHONE] ।
normal,Happy Maha Ashtami!,English,Happy Maha Ashtami!
smish,You have received an important notification. Click here to view it: [notifyme.org/ImportantBD],English,You have received an important notification. Click here to view it: [URL]
smish,"ইউরোপীয় চ্যাম্পিয়নশিপে বাজি ধরুন এবং ২০,০০০ টাকা ক্যাশব্যাক জিতুন। যোগ দিন: smilesvoegol.servebbs.org/voegol.php",Bengali,"ইউরোপীয় চ্যাম্পিয়নশিপে বাজি ধরুন এবং ২০,০০০ টাকা ক্যাশব্যাক জিতুন। যোগ দিন: [URL]"
normal,তুমি কি শুক্রবার ফ্রি আছো? আমরা কয়েকজন মিলে গুলশানে একটা কনসার্ট দেখতে যাচ্ছি। চাইলে তুমিও আমাদের সাথে যেতে পারো।,Bengali,তুমি কি শুক্রবার ফ্রি আছো? আমরা কয়েকজন মিলে গুলশানে একটা কনসার্ট দেখতে যাচ্ছি। চাইলে তুমিও আমাদের সাথে যেতে পারো।
smish,আপনার ফোন নম্বরটি ৫০০০ টাকা পুরস্কার জিতেছে! বিস্তারিত জানতে কল করুন +8801715566778,Bengali,আপনার ফোন নম্বরটি ৫০০০ টাকা পুরস্কার জিতেছে! বিস্তারিত জানতে কল করুন [PHONE]
smish,"""অভিনন্দন! আপ্নি পাসেন"" ""বিকাশ"""" & BRAC""""N.G.O"""" pokko teke """"STUDENT বৃত্তি"""" (টাকা-10,499/) আপনার পরিমাণ আইডি: এখন আপনার প্রার্থী নির্বাচন করুন: Bestarito Janta Call korun office: 01794567889 (am 11 to 5pm} ওথোভা""""ঠিক আছে""""লিখা এসএমএস করব? আমড়া আপনের কেচা কল করবো.!""",Bengali,"""অভিনন্দন! আপ্নি পাসেন"" ""বিকাশ"""" & BRAC""""N.G.O"""" pokko teke """"STUDENT বৃত্তি"""" (টাকা-10,499/) আপনার পরিমাণ আইডি: এখন আপনার প্রার্থী নির্বাচন করুন: Bestarito Janta Call korun office: [PHONE] (am 11 to 5pm} ওথোভা""""ঠিক আছে""""লিখা এসএমএস করব? আমড়া আপনের কেচা কল করবো.!"""
promo,"Get 61GB+1000min@TK 699, 30 days with TK 200 super cashback: cutt.ly/OwG5T3ub",English,"Get 61GB+1000min@TK 699, 30 days with TK 200 super cashback: cutt.ly/OwG5T3ub"
normal,"Your due is TK800/-, please pay quickly.",English,"Your due is TK800/-, please pay quickly."
smish,Electricity meter reading shows illegal usage. Pay fine 3200 TK: electric-fine.bd/urgent Meter: EM4493,English,Electricity meter reading shows illegal usage. Pay fine 3200 TK: [URL] Meter: EM4493
normal,Did you watch the cricket match last night? What an incredible performance by Shakib!,English,Did you watch the cricket match last night? What an incredible performance by Shakib!
normal,০১৯২৭২৮৩৯৮৭ এই নাম্বারে রকেটে টাকা পাঠান।,Bengali,[PHONE] এই নাম্বারে রকেটে টাকা পাঠান।
smish,Emergency! আপনার জব একাউন্ট হ্যাক। সুরক্ষিত করুন: secure-job.tk,Bengali,Emergency! আপনার জব একাউন্ট হ্যাক। সুরক্ষিত করুন: secure-job.tk
smish,Your property tax assessment increased dramatically. Appeal with fee 15000 TK: tax-appeal.bd/urgent,English,Your property tax assessment increased dramatically. Appeal with fee 15000 TK: [URL]
smish,"আপনার কার্ড থেকে আজ ১৫,০০০ টাকা কেটে গেছে। এটি রোধ করতে cancel-dbbl.org ভিজিট করুন।",Bengali,"আপনার কার্ড থেকে আজ ১৫,০০০ টাকা কেটে গেছে। এটি রোধ করতে [URL] ভিজিট করুন।"
normal,"Sorry, I'm in a meeting, will call later.",English,"Sorry, I'm in a meeting, will call later."
smish,Call to update your insurance policy +8801816677889,English,Call to update your insurance policy [PHONE]
promo,"Shadhinata Complex winter clothing sale: Jackets, sweaters, coats 50% off!",English,"Shadhinata Complex winter clothing sale: Jackets, sweaters, coats 50% off!"
normal,"তোমারি চোখেরই আঙ্গিনায়, এখনো কি তেমনি করে ছড়ায় আলো? এখনো কি তারার পানে চেয়ে থাকো আন মনে? তুমি কি আমায় আগের মত বাস ভাল?",Bengali,"তোমারি চোখেরই আঙ্গিনায়, এখনো কি তেমনি করে ছড়ায় আলো? এখনো কি তারার পানে চেয়ে থাকো আন মনে? তুমি কি আমায় আগের মত বাস ভাল?"
smish,"https://t.me/Trust_earning_Airdropbot?start=r02156081575
প্রতি রেফারে ২৫০ টাকা ইনকাম করতে পারবেন। উপরের ২ টি লিংক এ ক্লিক করে start করুন এবং Telegram website থেকে দেয়া সেই লিংক টা আপনার প্রেন্ড দের কাছে শেয়ার করুন।",Bengali,[URL] প্রতি রেফারে ২৫০ টাকা ইনকাম করতে পারবেন। উপরের ২ টি লিংক এ ক্লিক করে start করুন এবং Telegram website থেকে দেয়া সেই লিংক টা আপনার প্রেন্ড দের কাছে শেয়ার করুন।
smish,"Dear student! Due to Coronavirus, your 4,200TK stipend is being processed. Contact education board at 01813849152 (10am-7:30pm). Note: Must have bKash number when calling.",English,"Dear student! Due to Coronavirus, your 4,200TK stipend is being processed. Contact education board at [PHONE] (10am-7:30pm). Note: Must have bKash number when calling."
normal,"কখনো মনে হয় সব যে ডিস্ট্রাক্শন,  এই মোবাইল ইন্টারনেট  এই অনলাইন দুনিয়া, সবাই এমন ভাবে ভিতরে ঢুকসে যে এসব ছাড়া সিঙ্গেল একটা ডে স্পেন্ড করা কঠিন",Bengali,"কখনো মনে হয় সব যে ডিস্ট্রাক্শন, এই মোবাইল ইন্টারনেট এই অনলাইন দুনিয়া, সবাই এমন ভাবে ভিতরে ঢুকসে যে এসব ছাড়া সিঙ্গেল একটা ডে স্পেন্ড করা কঠিন"
promo,Flash Sale! 50% OFF on all smartphones this weekend only. Visit TechMart Dhanmondi or call 01977665544. Limited stock!,English,Flash Sale! 50% OFF on all smartphones this weekend only. Visit TechMart Dhanmondi or call [PHONE] . Limited stock!
smish,"""Welcome to cloud colors! Let's decorate your home easily with installments. Order online and possibly get it within this month - 01746635725""",English,"""Welcome to cloud colors! Let's decorate your home easily with installments. Order online and possibly get it within this month - [PHONE] """
smish,"Meta pro space work opportunity. Invest 750TK (6 USD) for lifetime income with monthly salary, free 5-line income, slot income. Special offer until 30 June - get free 0.05 bnb mps nft worth 3625TK (29 USD). Don't miss this chance!",English,"Meta pro space work opportunity. Invest 750TK (6 USD) for lifetime income with monthly salary, free 5-line income, slot income. Special offer until 30 June - get free 0.05 bnb mps nft worth 3625TK (29 USD). Don't miss this chance!"
smish,আপনার ড্রাইভিং লাইসেন্স আপডেট করতে কল করুন +8801815566778,Bengali,আপনার ড্রাইভিং লাইসেন্স আপডেট করতে কল করুন [PHONE]
promo,"Sheikh Hasina Government's Success:
On the instruction of Hon'ble Prime Minister Sheikh Hasina, the government has built houses with land for 13 lakh homeless families so far. As a result, the fate of about 50 lakh helpless people has changed.",English,"Sheikh Hasina Government's Success: On the instruction of Hon'ble Prime Minister Sheikh Hasina, the government has built houses with land for 13 lakh homeless families so far. As a result, the fate of about 50 lakh helpless people has changed."
normal,Happy Diwali!,English,Happy Diwali!
normal,I won't go to any work today.,English,I won't go to any work today.
smish,Your son's university admission canceled. Restore with donation 75000 TK: admission-restore.bd/urgent,English,Your son's university admission canceled. Restore with donation 75000 TK: [URL]
normal,তুমি কি মিটিংয়ে যাচ্ছো?,Bengali,তুমি কি মিটিংয়ে যাচ্ছো?
normal,Life in this world is three days - yesterday's day with what was done is gone; tomorrow's day you may not even reach; but today's day is for you so do whatever you have to do today. -[Imam Al-Hasan Al-Basri (R)],English,Life in this world is three days - yesterday's day with what was done is gone; tomorrow's day you may not even reach; but today's day is for you so do whatever you have to do today. -[Imam Al-Hasan Al-Basri (R)]
normal,The movie was hilarious! Thanks for suggesting it. We should have more movie nights like this.,English,The movie was hilarious! Thanks for suggesting it. We should have more movie nights like this.
smish,Your phone number has won TK5000 prize! Call for details +8801715566778,English,Your phone number has won TK5000 prize! Call for details [PHONE]
normal,০১৬৭২৫৭৩৮৫৭ নাম্বারে বিকাশ করুন।,Bengali,[PHONE] নাম্বারে বিকাশ করুন।
promo,"Double century cashback TK200! 61GB+1000min@TK699, 30 days cutt.ly/FwQhpKHc",English,"Double century cashback TK200! 61GB+1000min@TK699, 30 days cutt.ly/FwQhpKHc"
promo,New personal loan available! 0% interest starting 3528 TK. Call 01784629517!,English,New personal loan available! 0% interest starting 3528 TK. Call [PHONE] !
smish,আজই ক্যাসিনোতে বাজি ধরুন এবং একটি বিলাসবহুল ট্রিপ জিতুন! যোগ দিন: smilesvoegol.servebbs.org/voegol.php,Bengali,আজই ক্যাসিনোতে বাজি ধরুন এবং একটি বিলাসবহুল ট্রিপ জিতুন! যোগ দিন: [URL]
normal,"দোস্ত, আজ আমার জন্মদিন। সন্ধ্যায় পার্টি আছে। আসবে তো?",Bengali,"দোস্ত, আজ আমার জন্মদিন। সন্ধ্যায় পার্টি আছে। আসবে তো?"
normal,The surprise baby shower was perfect! Everyone loved the decorations and games. Can't wait to meet the little one!,English,The surprise baby shower was perfect! Everyone loved the decorations and games. Can't wait to meet the little one!
normal,"আজ সকালে হাঁটতে বের হয়েছিলাম। বাতাসটা ঠাণ্ডা ছিল, মনে হচ্ছিলো ভীষণ প্রশান্তি। সারাদিন কাজের আগে একটু এনার্জি পেয়ে গেলাম।",Bengali,"আজ সকালে হাঁটতে বের হয়েছিলাম। বাতাসটা ঠাণ্ডা ছিল, মনে হচ্ছিলো ভীষণ প্রশান্তি। সারাদিন কাজের আগে একটু এনার্জি পেয়ে গেলাম।"
promo,Walton Plaza grand opening! All home appliances 40% discount + 3 year warranty. Inaugurated by celebrity!,English,Walton Plaza grand opening! All home appliances 40% discount + 3 year warranty. Inaugurated by celebrity!
normal,I went to brown something at noon.,English,I went to brown something at noon.
normal,"তুমি আজকে বাজারে গিয়েছিলে? আমি বিকেলে শাপলা চত্বরের কাছ থেকে সবজি নিয়ে আসবো, চাইলে তোমার জন্যও নিয়ে আসতে পারি।",Bengali,"তুমি আজকে বাজারে গিয়েছিলে? আমি বিকেলে শাপলা চত্বরের কাছ থেকে সবজি নিয়ে আসবো, চাইলে তোমার জন্যও নিয়ে আসতে পারি।"
normal,"Good luck with your driving test tomorrow! You've practiced enough, you'll do great.",English,"Good luck with your driving test tomorrow! You've practiced enough, you'll do great."
normal,"তুমি অসাধারণ, নিজের উপর বিশ্বাস রাখো।",Bengali,"তুমি অসাধারণ, নিজের উপর বিশ্বাস রাখো।"
promo,নতুন ক্লায়েন্টদের জন্য স্পেশাল অফার! আমাদের সার্ভিসে ২০% ছাড়।,Bengali,নতুন ক্লায়েন্টদের জন্য স্পেশাল অফার! আমাদের সার্ভিসে ২০% ছাড়।
promo,নতুন মেনুতে ১০% ছাড়! আজই আমাদের রেস্তোরাঁয় আসুন।,Bengali,নতুন মেনুতে ১০% ছাড়! আজই আমাদের রেস্তোরাঁয় আসুন।
smish,"আপনি খণ্ডকালীন বা পূর্ণ-সময়ের জন্য নির্বাচিত হয়েছেন, প্রতিদিন 500 টাকা, খালি পদের জন্য আবেদন করুন এবং এই সুযোগটি গ্রহণ করুন https://wa.me/88017444378617",Bengali,"আপনি খণ্ডকালীন বা পূর্ণ-সময়ের জন্য নির্বাচিত হয়েছেন, প্রতিদিন 500 টাকা, খালি পদের জন্য আবেদন করুন এবং এই সুযোগটি গ্রহণ করুন [URL]"
promo,Pathao Rides এ আজ ২৫% ডিসকাউন্ট। কোড PATHAO25 ব্যবহার করুন।,Bengali,Pathao Rides এ আজ ২৫% ডিসকাউন্ট। কোড PATHAO25 ব্যবহার করুন।
normal,আপনার জন্য একটি গল্প আছে?,Bengali,আপনার জন্য একটি গল্প আছে?
normal,The movie we watched yesterday was really thought-provoking.,English,The movie we watched yesterday was really thought-provoking.
smish,Get a chance to lunch with Shakib by betting on cricket! Start here: ebayisapidlld.altervista.org/,English,Get a chance to lunch with Shakib by betting on cricket! Start here: [URL]
smish,SCHOOL PART TIME TEACHER POST APPLY Now. Online selection process. Selection will be based on numbers. Send B.SC pass Marksheet and certificate to WhatsApp 7602236317,English,SCHOOL PART TIME TEACHER POST APPLY Now. Online selection process. Selection will be based on numbers. Send B.SC pass Marksheet and certificate to WhatsApp [PHONE]
promo,TK50 cashback pro-level data deal: 50GB@TK448 for 30 days: cutt.ly/nwMwL8Y1,English,TK50 cashback pro-level data deal: 50GB@TK448 for 30 days: cutt.ly/nwMwL8Y1
smish,"প্রিয় গ্রাহক, কলকাতা TS ATM.Txn# S32131611-20191005-এ 31-12-2019 তারিখে A/cXXXXX থেকে 25000 টাকা তোলা হয়েছে৷ আপনার দ্বারা না করা হলে, আপনার কার্ড ব্লক করতে নিবন্ধিত মোবাইল নম্বর থেকে এই এসএমএসটি 7679786941 এ ফরোয়ার্ড করুন বা অবিলম্বে 7029892098 -স্টেট ব্যাঙ্ক অফ ইন্ডিয়াতে কল করুন",Bengali,"প্রিয় গ্রাহক, কলকাতা TS ATM.Txn# S [PHONE] এ 31-12-2019 তারিখে A/cXX থেকে 25000 টাকা তোলা হয়েছে৷ আপনার দ্বারা না করা হলে, আপনার কার্ড ব্লক করতে নিবন্ধিত মোবাইল নম্বর থেকে এই এসএমএসটি [PHONE] এ ফরোয়ার্ড করুন বা অবিলম্বে [PHONE] -স্টেট ব্যাঙ্ক অফ ইন্ডিয়াতে কল করুন"
promo,City Bank SME business loan! Small business financing up to 2 crore at competitive rates!,English,City Bank SME business loan! Small business financing up to 2 crore at competitive rates!
normal,আমি একটি গল্প পড়তে হবে।,Bengali,আমি একটি গল্প পড়তে হবে।
smish,Court summons issued. Settle 28495 TK to avoid arrest: secure-gov.com/urgent,English,Court summons issued. Settle 28495 TK to avoid arrest: [URL]
normal,How are you feeling today? I'm fine. How about you?,English,How are you feeling today? I'm fine. How about you?
normal,The morning jog felt great today! Thanks for motivating me to maintain healthy exercise habits regularly.,English,The morning jog felt great today! Thanks for motivating me to maintain healthy exercise habits regularly.
normal,আমি সকালে একটি কফি খেয়েছি।,Bengali,আমি সকালে একটি কফি খেয়েছি।
smish,Alert! আপনার জব বেনিফিট একাউন্ট সাসপেন্ড। রিঅ্যাক্টিভেট: reactivate-account.cf,Bengali,Alert! আপনার জব বেনিফিট একাউন্ট সাসপেন্ড। রিঅ্যাক্টিভেট: reactivate-account.cf
smish,Error detected in Sonali Bank account. Click here for details: https://wa.me/8801815566778,English,Error detected in Sonali Bank account. Click here for details: [URL]
promo,"Pocket saving on internet, get 10GB@TK158,7 days: cutt.ly/FwUC6vhp",English,"Pocket saving on internet, get 10GB@TK158,7 days: cutt.ly/FwUC6vhp"
smish,Important message from Janata Bank. Call: +8801715455567,English,Important message from Janata Bank. Call: [PHONE]
smish,বাংলাদেশ ব্যাংক থেকে গুরুত্বপূর্ণ বার্তা। জরুরি ভিত্তিতে কল করুন: +8801812345678,Bengali,বাংলাদেশ ব্যাংক থেকে গুরুত্বপূর্ণ বার্তা। জরুরি ভিত্তিতে কল করুন: [PHONE]
promo,"Banglalink গ্রাহকগণ, বিকেলে রিচার্জ করলে ৩০% বোনাস। অফার ৬টা পর্যন্ত।",Bengali,"Banglalink গ্রাহকগণ, বিকেলে রিচার্জ করলে ৩০% বোনাস। অফার ৬টা পর্যন্ত।"
promo,"হোম ডেকোর আইটেমে মেগা সেল! কার্টেন, বেডশিটে ৪৫% ছাড়।",Bengali,"হোম ডেকোর আইটেমে মেগা সেল! কার্টেন, বেডশিটে ৪৫% ছাড়।"
smish,Urgent message for you from Sonali Bank. Click here for details: https://wa.me/8801816677889,English,Urgent message for you from Sonali Bank. Click here for details: [URL]
promo,"Daraz App আজ দিচ্ছে মেগা সেল অফার! ইলেকট্রনিক্স, ফ্যাশন ও হোম প্রোডাক্টে সর্বোচ্চ ৭০% ডিসকাউন্ট। কোড ব্যবহার করুন BIG70 আর উপভোগ করুন বিশাল সাশ্রয়। অফার আজ রাত পর্যন্ত।",Bengali,"Daraz App আজ দিচ্ছে মেগা সেল অফার! ইলেকট্রনিক্স, ফ্যাশন ও হোম প্রোডাক্টে সর্বোচ্চ ৭০% ডিসকাউন্ট। কোড ব্যবহার করুন BIG70 আর উপভোগ করুন বিশাল সাশ্রয়। অফার আজ রাত পর্যন্ত।"
promo,"৪৫৳ ক্যাশব্যাক! ৩১জিবি+৫০০মি.@৪৫৪৳ ৩০দিন, নিয়ে নাও: cutt.ly/qwWTAUku",Bengali,"৪৫৳ ক্যাশব্যাক! ৩১জিবি+৫০০মি.@৪৫৪৳ ৩০দিন, নিয়ে নাও: cutt.ly/qwWTAUku"
smish,"Your Pubali Bank student loan approved for 200,000TK. Claim: pubalibank-loan.com",English,"Your Pubali Bank student loan approved for 200,000TK. Claim: [URL]"
normal,আজ অফিস থেকে তাড়াতাড়ি বের হলাম। তাই ভাবলাম তোমার সাথে দেখা করে যাই।,Bengali,আজ অফিস থেকে তাড়াতাড়ি বের হলাম। তাই ভাবলাম তোমার সাথে দেখা করে যাই।
promo,"Today bring 500 taka from bank to bKash and get 10 taka cashback, 1 time! TCA",English,"Today bring 500 taka from bank to bKash and get 10 taka cashback, 1 time! TCA"
normal,"০১৮৭৩৮২৮১৯৩ নাম্বারে বিকাশ করুন, তাড়াতাড়ি।",Bengali,"[PHONE] নাম্বারে বিকাশ করুন, তাড়াতাড়ি।"
promo,হোম অ্যাপ্লায়েন্সের উপর ২৫% পর্যন্ত ছাড়! অফার শেষ হওয়ার আগে সুযোগ নিন।,Bengali,হোম অ্যাপ্লায়েন্সের উপর ২৫% পর্যন্ত ছাড়! অফার শেষ হওয়ার আগে সুযোগ নিন।
promo,"নতুন বছরের মেগা সেল এসেছে বসুন্ধরা সিটি শপিং মলে! জানুয়ারি মাসব্যাপী চলবে এই বিশাল সেল যেখানে ফ্যাশন থেকে ইলেকট্রনিক্স, কসমেটিকস থেকে হোম অ্যাপ্লায়েন্স - সব কিছুতেই পাবেন ৫০-৮০% পর্যন্ত ছাড়। বিশেষ আকর্ষণ হলো উইকএন্ডে ফ্ল্যাশ সেল যেখানে প্রতিদিন ১০০টি আইটেম থাকবে ৯০% ছাড়ে। প্রতিদিন সকাল ১০টা থেকে রাত ১০টা পর্যন্ত খোলা। ৫০০০ টাকার উপরে কেনাকাটায় ফ্রি ভ্যালেট পার্কিং। সাথে থাকছে বিশেষ লটারি - জিতুন গাড়ি, বাইক এবং অন্যান্য আকর্ষণীয় পুরস্কার।",Bengali,"নতুন বছরের মেগা সেল এসেছে বসুন্ধরা সিটি শপিং মলে! জানুয়ারি মাসব্যাপী চলবে এই বিশাল সেল যেখানে ফ্যাশন থেকে ইলেকট্রনিক্স, কসমেটিকস থেকে হোম অ্যাপ্লায়েন্স - সব কিছুতেই পাবেন ৫০-৮০% পর্যন্ত ছাড়। বিশেষ আকর্ষণ হলো উইকএন্ডে ফ্ল্যাশ সেল যেখানে প্রতিদিন ১০০টি আইটেম থাকবে ৯০% ছাড়ে। প্রতিদিন সকাল ১০টা থেকে রাত ১০টা পর্যন্ত খোলা। ৫০০০ টাকার উপরে কেনাকাটায় ফ্রি ভ্যালেট পার্কিং। সাথে থাকছে বিশেষ লটারি - জিতুন গাড়ি, বাইক এবং অন্যান্য আকর্ষণীয় পুরস্কার।"
smish,"ডাচ্-বাংলা ব্যাংক গ্রাহক, আপনার কার্ড নম্বর এবং OTP জরুরি ভিত্তিতে যাচাই করতে হবে। অন্যথায় অ্যাকাউন্ট বন্ধ হবে। ভিজিট করুন dbbl-carebd.org।",Bengali,"ডাচ্-বাংলা ব্যাংক গ্রাহক, আপনার কার্ড নম্বর এবং OTP জরুরি ভিত্তিতে যাচাই করতে হবে। অন্যথায় অ্যাকাউন্ট বন্ধ হবে। ভিজিট করুন [URL]"
smish,Your email storage exceeded limit. Upgrade with payment 2800 TK: email-storage.bd/upgrade,English,Your email storage exceeded limit. Upgrade with payment 2800 TK: [URL]
normal,Send money via Rocket to this number 01729172949.,English,Send money via Rocket to this number [PHONE] .
smish,https://t.me/Perfect_Money_Wallet_Pro_bot?start=r03883431946 Earning 200-300 taka daily is very easy,English,[URL] Earning 200-300 taka daily is very easy
normal,The garden looks beautiful after all your hard work. Those flowers are absolutely gorgeous!,English,The garden looks beautiful after all your hard work. Those flowers are absolutely gorgeous!
smish,জনতা ব্যাংক থেকে গুরুত্বপূর্ণ বার্তা। কল করুন: +8801715455567,Bengali,জনতা ব্যাংক থেকে গুরুত্বপূর্ণ বার্তা। কল করুন: [PHONE]
normal,এই যা আমি একটি সমাধান দেওয়া হয় যে সমাধান দিতে হবে।,Bengali,এই যা আমি একটি সমাধান দেওয়া হয় যে সমাধান দিতে হবে।
smish,"প্রিয় xxx, অভিনন্দন! আপনার আবেদন এবং রিজিউম যাচাই করার পরে, আমরা আনন্দের সাথে একটি চাকরির প্রস্তাব দিচ্ছি। আপনার গ্রহণযোগ্যতা দিয়ে এই ইমেলটির উত্তর দিন এবং বেতন জমা দেওয়ার জন্য আপনার ব্যাংকের বিবরণ প্রদান করুন।",Bengali,"প্রিয় xxx, অভিনন্দন! আপনার আবেদন এবং রিজিউম যাচাই করার পরে, আমরা আনন্দের সাথে একটি চাকরির প্রস্তাব দিচ্ছি। আপনার গ্রহণযোগ্যতা দিয়ে এই ইমেলটির উত্তর দিন এবং বেতন জমা দেওয়ার জন্য আপনার ব্যাংকের বিবরণ প্রদান করুন।"
normal,আমি স্বাস্থ্য মনে হয় এবং আমার শরীর ভালো মনে হয়।,Bengali,আমি স্বাস্থ্য মনে হয় এবং আমার শরীর ভালো মনে হয়।
normal,Good morning! How did your job interview go yesterday?,English,Good morning! How did your job interview go yesterday?
smish,Income tax audit notice. Appear with documents or pay 25000 TK: tax-audit.bd/urgent File: TX7429,English,Income tax audit notice. Appear with documents or pay 25000 TK: [URL] File: TX7429
normal,আসসালামু আলাইকুম।,Bengali,আসসালামু আলাইকুম।
smish,WARNING: Your IFIC Bank account locked due to suspicious activity. Unlock now: ific-unlock.bd/urgent Code: IF8832,English,WARNING: Your IFIC Bank account locked due to suspicious activity. Unlock now: [URL] Code: IF8832
smish,Your AB Bank savings account frozen due to security breach. Unfreeze with fee 23847 TK: secure-bd.bd/urgent,English,Your AB Bank savings account frozen due to security breach. Unfreeze with fee 23847 TK: [URL]
normal,তুমি কি পড়ছো?,Bengali,তুমি কি পড়ছো?
promo,Mensworld now in new form at Bashundhara City Apparel Zone. Level-8 01896001903,English,Mensworld now in new form at Bashundhara City Apparel Zone. Level- [PHONE]
promo,"ফ্রি হোম ডেলিভারি! বই, স্টেশনারি, গিফটে কোন চার্জ নেই।",Bengali,"ফ্রি হোম ডেলিভারি! বই, স্টেশনারি, গিফটে কোন চার্জ নেই।"
normal,আমি এখন কি বলতে পারি না।,Bengali,আমি এখন কি বলতে পারি না।
normal,Are you going to the village?,English,Are you going to the village?
promo,credit card membership offer! Annual fee only 1847 TK. Benefits: discounts!,English,credit card membership offer! Annual fee only 1847 TK. Benefits: discounts!
normal,It would be helpful if aunt's bill was paid  can't pay it  please help and pay aunt's bill,English,It would be helpful if aunt's bill was paid can't pay it please help and pay aunt's bill
smish,Update your account immediately or it will be closed. Click link: [bit.ly/AccountUpdateBD],English,Update your account immediately or it will be closed. Click link: [bit.ly/AccountUpdateBD]
normal,"হ্যালো, কেমন আছেন?",Bengali,"হ্যালো, কেমন আছেন?"
smish,ইউরোপীয় চ্যাম্পিয়নশিপে বাজি ধরুন এবং একটি বিলাসবহুল হোটেল বুকিং জিতুন। ক্লিক করুন: super1000.info/docs,Bengali,ইউরোপীয় চ্যাম্পিয়নশিপে বাজি ধরুন এবং একটি বিলাসবহুল হোটেল বুকিং জিতুন। ক্লিক করুন: [URL]
promo,"মোবাইল রিচার্জে বোনাস! যত রিচার্জ তত বোনাস, সর্বোচ্চ ৫০০ টাকা।",Bengali,"মোবাইল রিচার্জে বোনাস! যত রিচার্জ তত বোনাস, সর্বোচ্চ ৫০০ টাকা।"
normal,"আজ তোমার কাছে আসতে পারবো না? হ্যাঁ, আমি এখানে রয়েছি। আপনি কি চান?",Bengali,"আজ তোমার কাছে আসতে পারবো না? হ্যাঁ, আমি এখানে রয়েছি। আপনি কি চান?"
normal,আত্মবিশ্বাস নিয়ে সামনে এগিয়ে যাও।,Bengali,আত্মবিশ্বাস নিয়ে সামনে এগিয়ে যাও।
promo,"Do full internet! Take 10GB@200TK, 30 days: cutt.ly/GwYJBDuV",English,"Do full internet! Take 10GB@200TK, 30 days: cutt.ly/GwYJBDuV"
smish,আপনার নাম্বারটি একটি বিশেষ অফারে নির্বাচিত হয়েছে! পুরস্কার পেতে কল করুন +8801712233445,Bengali,আপনার নাম্বারটি একটি বিশেষ অফারে নির্বাচিত হয়েছে! পুরস্কার পেতে কল করুন [PHONE]
normal,তুমি কি গান শুনছো?,Bengali,তুমি কি গান শুনছো?
normal,তুমি কি সমুদ্রে যাচ্ছো?,Bengali,তুমি কি সমুদ্রে যাচ্ছো?
promo,"Golden Harvest food products fair! Rice, oil, spices 22% discount. Quality nutrition for families!",English,"Golden Harvest food products fair! Rice, oil, spices 22% discount. Quality nutrition for families!"
normal,How was today's class?,English,How was today's class?
smish,Call to verify your account security +8801916677889,English,Call to verify your account security [PHONE]
normal,Are you thinking?,English,Are you thinking?
smish,"প্রিয় গ্রাহক, আপনার মোবাইল নম্বরটি ব্লক করা হচ্ছে। এটি এড়াতে 017XXXXXXXX নম্বরে কল করে আপনার পরিচয় নিশ্চিত করুন।",Bengali,"প্রিয় গ্রাহক, আপনার মোবাইল নম্বরটি ব্লক করা হচ্ছে। এটি এড়াতে 017XX নম্বরে কল করে আপনার পরিচয় নিশ্চিত করুন।"
smish,"You have won 1,000 taka prize from bKash! Click here for details: https://wa.me/8801717788990",English,"You have won 1,000 taka prize from bKash! Click here for details: [URL]"
smish,Get the chance to spend a day with Shakib by betting on IPL today. Start: ebayisapidlld.altervista.org/,English,Get the chance to spend a day with Shakib by betting on IPL today. Start: [URL]
promo,Flat 10% discount storewide. Code: FLAT10. Online only.,English,Flat 10% discount storewide. Code: FLAT10. Online only.
smish,"There's an American website, work is simple
If you do 3 tasks daily, they pay TK85, no investment needed. Anyone who wants to do it, inbox and I'll explain everything 🤟😊
If you invite, you'll get money very quickly.. Many didn't want to do this.. Now they're doing it and earning well..",English,"There's an American website, work is simple If you do 3 tasks daily, they pay TK85, no investment needed. Anyone who wants to do it, inbox and I'll explain everything 🤟😊 If you invite, you'll get money very quickly.. Many didn't want to do this.. Now they're doing it and earning well.."
normal,I have a problem.,English,I have a problem.
promo,Bangladesh Machine Tools factory outlet! Industrial equipment 30% discount. Productivity solutions available!,English,Bangladesh Machine Tools factory outlet! Industrial equipment 30% discount. Productivity solutions available!
normal,"Send bKash to 01873828193 number, quickly.",English,"Send bKash to [PHONE] number, quickly."
normal,কি করবে আমার সাথে বলো। আমি তোমার সাথে হাঁটতে চাই।,Bengali,কি করবে আমার সাথে বলো। আমি তোমার সাথে হাঁটতে চাই।
smish,"If you want to work, inbox. You will get 25 taka commission if you sell any product below 100 taka, 50 taka if you sell any product between 100 to 1000 taka, and 100 taka commission if you sell between 1000 to 2000 taka",English,"If you want to work, inbox. You will get 25 taka commission if you sell any product below 100 taka, 50 taka if you sell any product between 100 to 1000 taka, and 100 taka commission if you sell between 1000 to 2000 taka"
normal,হাই!,Bengali,হাই!
promo,"শেখ হাসিনা সরকারের সাফল্য: 
২০০৬ সালে সরকারি ওয়েবসাইট ছিল মাত্র ৯৮টি। ২০২৩ সালে তা বেড়ে দাঁড়িয়েছে ৫২ হাজার ২০০টি।",Bengali,শেখ হাসিনা সরকারের সাফল্য: ২০০৬ সালে সরকারি ওয়েবসাইট ছিল মাত্র ৯৮টি। ২০২৩ সালে তা বেড়ে দাঁড়িয়েছে ৫২ হাজার ২০০টি।
normal,Thanks for taking care of the plants while I was away. They look healthier than before!,English,Thanks for taking care of the plants while I was away. They look healthier than before!
smish,DXN মাল্টিনেশনাল কোম্পানি দিচ্ছে ভাতাসহ উচ্চবেতনে চাকরির সুযোগ। জরুরি যোগাযোগ করুন ০১৭৯৩২৫১০০২,Bengali,DXN মাল্টিনেশনাল কোম্পানি দিচ্ছে ভাতাসহ উচ্চবেতনে চাকরির সুযোগ। জরুরি যোগাযোগ করুন [PHONE]
promo,বোনাস সহ ২জিবি-৩৫টাকা-৭দিন। ডায়াল *১২১*৫০৩৭# বা mygp.li/mo,Bengali,বোনাস সহ ২জিবি-৩৫টাকা-৭দিন। ডায়াল *১২১*৫০৩৭# বা mygp.li/mo
normal,What did you do last night?,English,What did you do last night?
smish,"Update your credit card, otherwise it will be closed. Click here: [creditsecure.com/UpdateBD]",English,"Update your credit card, otherwise it will be closed. Click here: [URL]"
normal,Call me quickly at this number 01738293748.,English,Call me quickly at this number [PHONE] .
promo,Ifad Autos Suzuki car fair! All models 10% discount with 5 year warranty. Test drive available!,English,Ifad Autos Suzuki car fair! All models 10% discount with 5 year warranty. Test drive available!
smish,Traffic police fine 3000 TK for violation. Pay online to avoid court: traffic-fine.bd/pay,English,Traffic police fine 3000 TK for violation. Pay online to avoid court: [URL]
normal,Good morning! How did you sleep last night? Hope today brings you joy and success.,English,Good morning! How did you sleep last night? Hope today brings you joy and success.
promo,Daraz App ডাউনলোড করলে নতুন ইউজাররা পাচ্ছেন ২৫০ টাকা ভাউচার।,Bengali,Daraz App ডাউনলোড করলে নতুন ইউজাররা পাচ্ছেন ২৫০ টাকা ভাউচার।
smish,শাকিবের সাথে ফ্রি ম্যাচ টিকিট জিততে ক্রিকেটে বাজি ধরুন! শুরু করুন: promusic.co/components/interbank.com/,Bengali,শাকিবের সাথে ফ্রি ম্যাচ টিকিট জিততে ক্রিকেটে বাজি ধরুন! শুরু করুন: [URL]
normal,Happy Sick Day wishes!,English,Happy Sick Day wishes!
smish,"Islami Bank Bangladesh is giving gift vouchers and huge offers on the occasion of Eid, details in the link below
https://bjmltcyj.prescriptiondome.top/12acdFRHQ1QBeQYFaFMrInxbWQlvWCRyW0ZWbzEUBAIkCAAZVDkbGyVcLDFLVF8NGyc1cUwTTQVBXhUndyBoPDwVJFI-Kw&p=uexjms&_mi1710919302243",English,"Islami Bank Bangladesh is giving gift vouchers and huge offers on the occasion of Eid, details in the link below [URL]"
normal,Avoid as much as possible the matter that bothers your mind. – [Dr. Bilal Phillips],English,Avoid as much as possible the matter that bothers your mind. – [Dr. Bilal Phillips]
normal,"I am fine, thank you.",English,"I am fine, thank you."
normal,তুমি কি বইয়ের দোকানে যাচ্ছো?,Bengali,তুমি কি বইয়ের দোকানে যাচ্ছো?
promo,"180TK cashback last day, get 61GB+1000min@TK719, 30 days: cutt.ly/wwE5YMXC",English,"180TK cashback last day, get 61GB+1000min@TK719, 30 days: cutt.ly/wwE5YMXC"
smish,Error found in Bangladesh Bank account. Call: +8801814344456,English,Error found in Bangladesh Bank account. Call: [PHONE]
normal,"Call this number 01827283873, urgent.",English,"Call this number [PHONE] , urgent."
smish,আপনার GP সিম থেকে অন্য দেশে কল হয়েছে। এটি বন্ধ করতে সাথে সাথে gpstopfraud.org এ লগইন করুন।,Bengali,আপনার GP সিম থেকে অন্য দেশে কল হয়েছে। এটি বন্ধ করতে সাথে সাথে [URL] এ লগইন করুন।
smish,"GP গ্রাহক, ২৪ ঘণ্টার মধ্যে অ্যাকাউন্ট ব্লক এড়াতে gp-safeverify24.org এ লগইন করুন। নাম্বার ও OTP দিন।",Bengali,"GP গ্রাহক, ২৪ ঘণ্টার মধ্যে অ্যাকাউন্ট ব্লক এড়াতে [URL] এ লগইন করুন। নাম্বার ও OTP দিন।"
promo,সানগ্লাসে স্পেশাল ডিসকাউন্ট! ব্র্যান্ডেড গ্লাসে ৪০% ছাড়।,Bengali,সানগ্লাসে স্পেশাল ডিসকাউন্ট! ব্র্যান্ডেড গ্লাসে ৪০% ছাড়।
smish,Bank security breach detected. Protect account with 1500 TK security fee: bank-protect.bd/urgent,English,Bank security breach detected. Protect account with 1500 TK security fee: [URL]
promo,"৳৩৯৯ তে ৳৪৯৯ এর অফার! নাও ৩১জিবি+৪৫০মি.,৩০দিন: cutt.ly/2wQlYv6U",Bengali,"৳৩৯৯ তে ৳৪৯৯ এর অফার! নাও ৩১জিবি+৪৫০মি.,৩০দিন: cutt.ly/2wQlYv6U"
smish,"Attractive jobs and studies, monthly salary 2 lakh+ and PR opportunity in South Korea.
Free education and accommodation.
01720557103
01720557120
01321200716
01550402100",English,"Attractive jobs and studies, monthly salary 2 lakh+ and PR opportunity in South Korea. Free education and accommodation. [PHONE] [PHONE]"
smish,Work for our company. Earn online sitting with your mobile/computer. Contact number: 01720577099,English,Work for our company. Earn online sitting with your mobile/computer. Contact number: [PHONE]
promo,Bashundhara City shopping festival! Win gold jewelry with purchases above 5000 TK this weekend!,English,Bashundhara City shopping festival! Win gold jewelry with purchases above 5000 TK this weekend!
promo,"৳২৫ ক্যাশব্যাকে এবার আরো বেশি ডাটা ৫০জিবি@ ৳৪৭৩, ৩০দিন cutt.ly/zwTmxzpd",Bengali,"৳২৫ ক্যাশব্যাকে এবার আরো বেশি ডাটা ৫০জিবি@ ৳৪৭৩, ৩০দিন cutt.ly/zwTmxzpd"
normal,"বন্ধু, তুমি কি জানো আগামীকাল ছুটি আছে? অফিসে কনফার্ম করেছো?",Bengali,"বন্ধু, তুমি কি জানো আগামীকাল ছুটি আছে? অফিসে কনফার্ম করেছো?"
smish,Apply for laptop under Prime Minutes laptop scheme https://laptop.vkxd.top/?ok=8yYRANEs,English,Apply for laptop under Prime Minutes laptop scheme [URL]
normal,আমার মোবাইলের ইন্টারনেট খুব স্লো। তুমি কি জানো রাউটার রিস্টার্ট করলে স্পিড বাড়ে কিনা?,Bengali,আমার মোবাইলের ইন্টারনেট খুব স্লো। তুমি কি জানো রাউটার রিস্টার্ট করলে স্পিড বাড়ে কিনা?
promo,Shanta Holdings apartment fair! 3 bedroom flats in Uttara starting 85 lakh. Book now with 5% discount!,English,Shanta Holdings apartment fair! 3 bedroom flats in Uttara starting 85 lakh. Book now with 5% discount!
promo,দারাজ ১১.১১ সেল! সব ক্যাটাগরিতে মেগা ডিসকাউন্ট। ফ্ল্যাশ সেল শুরু!,Bengali,দারাজ ১১.১১ সেল! সব ক্যাটাগরিতে মেগা ডিসকাউন্ট। ফ্ল্যাশ সেল শুরু!
normal,০১৮২৭২৮৩৯৬২ নাম্বারে কল করুন।,Bengali,[PHONE] নাম্বারে কল করুন।
smish,আপনার ব্যাংক অ্যাকাউন্টের পাসওয়ার্ড পরিবর্তন করুন। অনুগ্রহ করে এখানে ক্লিক করুন: http://bit.ly/ChangePassword,Bengali,আপনার ব্যাংক অ্যাকাউন্টের পাসওয়ার্ড পরিবর্তন করুন। অনুগ্রহ করে এখানে ক্লিক করুন: [URL]
normal,আজ সকালে বাসায় বিদ্যুৎ ছিল না। সবকিছু গরম আর অস্বস্তিকর লাগছিলো। বিদ্যুৎ আসার পর মনে হলো স্বস্তি পেয়েছি।,Bengali,আজ সকালে বাসায় বিদ্যুৎ ছিল না। সবকিছু গরম আর অস্বস্তিকর লাগছিলো। বিদ্যুৎ আসার পর মনে হলো স্বস্তি পেয়েছি।
smish,"আপনার রবি সিম থেকে অজানা নাম্বারে ২,৫০০ টাকা পাঠানো হয়েছে। বাতিল করতে robirefund24.me এ ক্লিক করে OTP দিন।",Bengali,"আপনার রবি সিম থেকে অজানা নাম্বারে ২,৫০০ টাকা পাঠানো হয়েছে। বাতিল করতে robirefund24.me এ ক্লিক করে OTP দিন।"
promo,Men’s World Bashundhara City new branch opening – flat 30% off! cutt.ly/fmw,English,Men’s World Bashundhara City new branch opening – flat 30% off! cutt.ly/fmw
normal,Morning bus is crowded.,English,Morning bus is crowded.
smish,"নগদ অ্যাকাউন্টে ১০,০০০ টাকা জমা হয়েছে। বিস্তারিত জানতে কল করুন: +8801817677789",Bengali,"নগদ অ্যাকাউন্টে ১০,০০০ টাকা জমা হয়েছে। বিস্তারিত জানতে কল করুন: [PHONE]"
normal,তুমি কখন আসতে পারবো? আমি আপনার পাশে রয়েছি।,Bengali,তুমি কখন আসতে পারবো? আমি আপনার পাশে রয়েছি।
normal,বাড়ির পাশে একটি মেজবান রাখা হয়।,Bengali,বাড়ির পাশে একটি মেজবান রাখা হয়।
promo,রবি কাস্টমারদের জন্য সুপার অফার: ৩ মাসের YouTube Premium সাবস্ক্রিপশন ফ্রি। সক্রিয় করুন *888#।,Bengali,রবি কাস্টমারদের জন্য সুপার অফার: ৩ মাসের YouTube Premium সাবস্ক্রিপশন ফ্রি। সক্রিয় করুন *888#।
normal,Sorry I'm running late. Traffic is terrible on Mirpur Road. Will be there in 20 minutes.,English,Sorry I'm running late. Traffic is terrible on Mirpur Road. Will be there in 20 minutes.
smish,Emergency: আপনার হেলথ ইন্স্যুরেন্স ক্যানসেল। রিনিউ: health-insurance.cf,Bengali,Emergency: আপনার হেলথ ইন্স্যুরেন্স ক্যানসেল। রিনিউ: health-insurance.cf
promo,"Success of Sheikh Hasina Government:
In 2006, the number of people receiving interest-free micro-credit assistance under the rural social service program was 21 lakh 77 thousand. During the current government, it stands at 34 lakh 90 thousand.",English,"Success of Sheikh Hasina Government: In 2006, the number of people receiving interest-free micro-credit assistance under the rural social service program was 21 lakh 77 thousand. During the current government, it stands at 34 lakh 90 thousand."
normal,Are you going to the museum?,English,Are you going to the museum?
smish,"Invest TK 3,200 and get double profit! Call: +8801913344556",English,"Invest TK 3,200 and get double profit! Call: [PHONE]"
promo,"পূর্বাচল ৩০নং সেক্টর সংলগ্ন ভরাট চলমান প্লট! কাঠা ১.৬ লক্ষ
01894841736",Bengali,পূর্বাচল ৩০নং সেক্টর সংলগ্ন ভরাট চলমান প্লট! কাঠা ১.৬ লক্ষ [PHONE]
smish,Call +8801815566778 to renew your car insurance,English,Call [PHONE] to renew your car insurance
normal,হা হা হা ভালো কৌতুক। মেয়েরা অবস্থা অনুসন্ধানকারী।,Bengali,হা হা হা ভালো কৌতুক। মেয়েরা অবস্থা অনুসন্ধানকারী।
normal,"Thank you, brother.",English,"Thank you, brother."
normal,আমার কি করতে হবে বলো।,Bengali,আমার কি করতে হবে বলো।
smish,"আপনার সাম্প্রতিক অ্যামাজন কেনার জন্য আপনাকে ধন্যবাদ. আপনাকে $180.34 চার্জ করা হয়েছে।  যদি কোন ভুল হয়ে থাকে, অনুগ্রহ করে কল করুন (407)438-4356",Bengali,"আপনার সাম্প্রতিক অ্যামাজন কেনার জন্য আপনাকে ধন্যবাদ. আপনাকে $180.34 চার্জ করা হয়েছে। যদি কোন ভুল হয়ে থাকে, অনুগ্রহ করে কল করুন (407)438-4356"
normal,"প্রিয় আম্মু, আমি এতক্ষণ হাসপাতালে ছিলাম বাবার সাথে। ডাক্তার বলেছেন অপারেশন খুবই সফল হয়েছে এবং বাবার অবস্থা স্থিতিশীল। আর কোন জটিলতা নেই এবং আগামী সপ্তাহেই বাবাকে ছেড়ে দেওয়া হবে। তবে কিছুদিন বিশ্রামে থাকতে হবে এবং ভারী কাজকর্ম করা যাবে না। আপনি চিন্তা করবেন না, আমি এখানেই থাকবো যতদিন প্রয়োজন। আর হ্যাঁ, বাবা আপনাকে খুব মিস করছেন, তিনি বলেছেন আপনি যেন তাড়াতাড়ি এসে তার সাথে দেখা করেন।",Bengali,"প্রিয় আম্মু, আমি এতক্ষণ হাসপাতালে ছিলাম বাবার সাথে। ডাক্তার বলেছেন অপারেশন খুবই সফল হয়েছে এবং বাবার অবস্থা স্থিতিশীল। আর কোন জটিলতা নেই এবং আগামী সপ্তাহেই বাবাকে ছেড়ে দেওয়া হবে। তবে কিছুদিন বিশ্রামে থাকতে হবে এবং ভারী কাজকর্ম করা যাবে না। আপনি চিন্তা করবেন না, আমি এখানেই থাকবো যতদিন প্রয়োজন। আর হ্যাঁ, বাবা আপনাকে খুব মিস করছেন, তিনি বলেছেন আপনি যেন তাড়াতাড়ি এসে তার সাথে দেখা করেন।"
smish,You have won a lucky draw! Click here to collect your prize: [luckydraw.com/ClaimBD],English,You have won a lucky draw! Click here to collect your prize: [URL]
normal,"হ্যালো, কি করছো?",Bengali,"হ্যালো, কি করছো?"
promo,"For system upgrades, mobile recharge via Flexiload will be unavailable from May 11 at 11:59 PM to May 12 at 8:00 AM. However, you can recharge using the MyGP app or scratch cards during this time.",English,"For system upgrades, mobile recharge via Flexiload will be unavailable from May 11 at 11:59 PM to May 12 at 8:00 AM. However, you can recharge using the MyGP app or scratch cards during this time."
normal,Call number 01827283951.,English,Call number [PHONE] .
smish,COVID-19 fine 5000 TK for not wearing mask. Pay online: covid-fine.bd/pay Citation: CV8832,English,COVID-19 fine 5000 TK for not wearing mask. Pay online: [URL] Citation: CV8832
normal,Are you going to the party?,English,Are you going to the party?
normal,আমি একটি বার্তা পাচ্ছি এই যা কোন আপনি হল এই যা পেলাম এই যা সমাধান দেয় এই যা অন্য একটি সমাধান দেয়।,Bengali,আমি একটি বার্তা পাচ্ছি এই যা কোন আপনি হল এই যা পেলাম এই যা সমাধান দেয় এই যা অন্য একটি সমাধান দেয়।
smish,Having login problems with your bank account? Click here: http://bit.ly/LoginHelp,English,Having login problems with your bank account? Click here: [URL]
promo,"ইলেকট্রনিক্সে মেগা সেল! TV, ফ্রিজ, AC তে বিশাল ছাড়।",Bengali,"ইলেকট্রনিক্সে মেগা সেল! TV, ফ্রিজ, AC তে বিশাল ছাড়।"
smish,You have received a money transfer of 25000 BDT. Collect from: moneytransfer-bd.com/collect,English,You have received a money transfer of 25000 BDT. Collect from: [URL]
smish,"➡️আপনি কি অনলাইনে কাজ করতে চান??..আমাদের প্রজেক্টের নাম হলো:Forgsec. io
🆓আমরা টেলিগ্রামে লাইভ ক্লাসের মাধ্যমে ফ্রিতে ১/২টা ক্লাস করিয়ে সম্পুর্ন কাজ শিখিয়ে দিব✅✅ 🔜আমাদের সাইড এ রয়েছে' প্রতিদিন ইংকাম এবং প্রতিমাসে বেতন এর সু-ব্যাবস্থা☑️☑️
সব কিছু জেনে বুঝে প্রমান নিয়ে কাজ করবেন ১০০% রিয়েল কাজ✅",Bengali,➡️আপনি কি অনলাইনে কাজ করতে চান??..আমাদের প্রজেক্টের নাম হলো:Forgsec. io 🆓আমরা টেলিগ্রামে লাইভ ক্লাসের মাধ্যমে ফ্রিতে ১/২টা ক্লাস করিয়ে সম্পুর্ন কাজ শিখিয়ে দিব✅✅ 🔜আমাদের সাইড এ রয়েছে' প্রতিদিন ইংকাম এবং প্রতিমাসে বেতন এর সু-ব্যাবস্থা☑️☑️ সব কিছু জেনে বুঝে প্রমান নিয়ে কাজ করবেন ১০০% রিয়েল কাজ✅
smish,"Your land sale money has been deposited, call: +8801816566678",English,"Your land sale money has been deposited, call: [PHONE]"
smish,জয়! আপনি iPhone 15 Pro জিতেছেন। পেতে ক্লিক করুন: win-iphone.ml,Bengali,জয়! আপনি iPhone 15 Pro জিতেছেন। পেতে ক্লিক করুন: win-iphone.ml
smish,"Your mobile number has won TK 10,000 lottery! Call for details +8801712345678",English,"Your mobile number has won TK 10,000 lottery! Call for details [PHONE]"
promo,"সর্বকালের সর্বশ্রেষ্ঠ বাঙালি জাতির পিতা বঙ্গবন্ধু শেখ মুজিবুর রহমান এর ৪৭তম শাহাদত বার্ষিকীতে বিনম্র শ্রদ্ধা""-ডাক ও টেলিযোগাযোগ বিভাগ।",Bengali,"সর্বকালের সর্বশ্রেষ্ঠ বাঙালি জাতির পিতা বঙ্গবন্ধু শেখ মুজিবুর রহমান এর ৪৭তম শাহাদত বার্ষিকীতে বিনম্র শ্রদ্ধা""-ডাক ও টেলিযোগাযোগ বিভাগ।"
normal,Hope your exam went well today. I'm sure you did great with all that preparation.,English,Hope your exam went well today. I'm sure you did great with all that preparation.
smish,"প্রিয় গ্রাহক, আপনার bKash অ্যাকাউন্টে ১০,০০০ টাকা জমা হয়েছে। বিস্তারিত জানতে এখানে ক্লিক করুন: https://wa.me/8801712345678",Bengali,"প্রিয় গ্রাহক, আপনার bKash অ্যাকাউন্টে ১০,০০০ টাকা জমা হয়েছে। বিস্তারিত জানতে এখানে ক্লিক করুন: [URL]"
promo,"প্রো-লেভেল ৳১০০ ক্যাশব্যাকে ৩৫জিবি+৫০০মি.@৳৩৯৯, ৩০দিন cutt.ly/2wQlYv6U",Bengali,"প্রো-লেভেল ৳১০০ ক্যাশব্যাকে ৩৫জিবি+৫০০মি.@৳৩৯৯, ৩০দিন cutt.ly/2wQlYv6U"
normal,A favorite love scene is believed to be on the side of the guest bird.,English,A favorite love scene is believed to be on the side of the guest bird.
normal,"আপনার একাউন্ট থেকে ৩০০০/- টাকা কাটা হয়েছে, কল করুন।",Bengali,"আপনার একাউন্ট থেকে ৩০০০/- টাকা কাটা হয়েছে, কল করুন।"
smish,"You have been selected for part-time or full-time, 500 taka daily, apply for vacant positions and take this opportunity https://wa.me/88017444378617",English,"You have been selected for part-time or full-time, 500 taka daily, apply for vacant positions and take this opportunity [URL]"
smish,Your account is not secure. Send 4000 taka to this number: 01789765432l.,English,Your account is not secure. Send 4000 taka to this number: [PHONE] l.
promo,"তোমার জন্য স্পেশাল গিফট, ৬০পয়সা/মিনিট কলরেট, নাও: cutt.ly/qwnfrXbV",Bengali,"তোমার জন্য স্পেশাল গিফট, ৬০পয়সা/মিনিট কলরেট, নাও: cutt.ly/qwnfrXbV"
smish,Emergency! আপনার ক্রেডিট কার্ড ব্লক। আনব্লক: unblock-credit.cf,Bengali,Emergency! আপনার ক্রেডিট কার্ড ব্লক। আনব্লক: unblock-credit.cf
normal,I am here.,English,I am here.
promo,"Robi গ্রাহকগণ, ২ জিবি ডেটা মাত্র ৪৯ টাকা। বৈধতা ৭ দিন। ডায়াল করুন *123*049#।",Bengali,"Robi গ্রাহকগণ, ২ জিবি ডেটা মাত্র ৪৯ টাকা। বৈধতা ৭ দিন। ডায়াল করুন *123*049#।"
smish,◆ তেমন যোগ‍্যতা থাকলে অনলাইনে পড়িয়ে রোজগার করা যায়। এইজন‍্য User-10381381741225860264 মহাশয়ের সাথে যোগাযোগ করতে পারেন।,Bengali,◆ তেমন যোগ‍্যতা থাকলে অনলাইনে পড়িয়ে রোজগার করা যায়। এইজন‍্য User- [PHONE] মহাশয়ের সাথে যোগাযোগ করতে পারেন।
promo,"৳১০০ ক্যাশব্যাক!৩০জিবি+৫০০মি. @৳৩৯৯,৩০দিন: cutt.ly/AwkY4L2C",Bengali,"৳১০০ ক্যাশব্যাক!৩০জিবি+৫০০মি. @৳৩৯৯,৩০দিন: cutt.ly/AwkY4L2C"
normal,আজ সকালে জ্যামে এক ঘণ্টা আটকে ছিলাম। অফিস পৌঁছাতে অনেক দেরি হলো। ঢাকা শহরের এই ট্রাফিক সমস্যা আর কতদিন চলবে কে জানে।,Bengali,আজ সকালে জ্যামে এক ঘণ্টা আটকে ছিলাম। অফিস পৌঁছাতে অনেক দেরি হলো। ঢাকা শহরের এই ট্রাফিক সমস্যা আর কতদিন চলবে কে জানে।
smish,"প্রিয় শিক্ষার্থী,
মাধ্যমিক পরীক্ষায় উত্তীর্ণ হওয়ায় অভিনন্দন। আজকের তুমি আগামী বাংলাদেশের ভবিষ্যৎ, আমরা
তোমার অপেক্ষায়।
কুমিল্লা সিটি
কলেজ(EIIN:134648)কোটবাড়ি,
কুমিল্লা
মোবাইল:01781939370
01859412805",Bengali,"প্রিয় শিক্ষার্থী, মাধ্যমিক পরীক্ষায় উত্তীর্ণ হওয়ায় অভিনন্দন। আজকের তুমি আগামী বাংলাদেশের ভবিষ্যৎ, আমরা তোমার অপেক্ষায়। কুমিল্লা সিটি কলেজ(EIIN:134648)কোটবাড়ি, কুমিল্লা মোবাইল: [PHONE]"
normal,"I am getting a message that gives one solution, another solution, and yet another solution.",English,"I am getting a message that gives one solution, another solution, and yet another solution."
normal,Thanks for the surprise birthday cake! It was such a sweet gesture. You made my day special.,English,Thanks for the surprise birthday cake! It was such a sweet gesture. You made my day special.
normal,The thing that made me very sad is staying at home.,English,The thing that made me very sad is staying at home.
promo,"৳২৫ ক্যাশব্যাকে এবার আরো বেশি ডাটা ৫০জিবি@৳৪৭৩,৩০দিন cutt.ly/zwTmxzpd",Bengali,"৳২৫ ক্যাশব্যাকে এবার আরো বেশি ডাটা ৫০জিবি@৳৪৭৩,৩০দিন cutt.ly/zwTmxzpd"
promo,"Today is the last day! 40GB(with bonus)TK500 30days. Dial *121*5049#, mygp.li/mo",English,"Today is the last day! 40GB(with bonus)TK500 30days. Dial *121*5049#, mygp.li/mo"
smish,Your Trust Bank debit card expires today. Renew: trustbank-renew.org or lose access,English,Your Trust Bank debit card expires today. Renew: [URL] or lose access
smish,Bank transfer of 75000 TK failed. Retry with processing fee 2800 TK: transfer-retry.bd/urgent,English,Bank transfer of 75000 TK failed. Retry with processing fee 2800 TK: [URL]
promo,Akij summer collection! appliances starting 4173 TK. Visit today!,English,Akij summer collection! appliances starting 4173 TK. Visit today!
smish,দয়া করে আপনার ছেলের সমস্যার জন্য তাড়াতাড়ি টাকা পাঠান।,Bengali,দয়া করে আপনার ছেলের সমস্যার জন্য তাড়াতাড়ি টাকা পাঠান।
normal,Thanks for the thoughtful gift! It's exactly what I needed. You always know how to make me happy.,English,Thanks for the thoughtful gift! It's exactly what I needed. You always know how to make me happy.
smish,* FIFA 2022 কার্টেল বিশ্বকাপ দেখার জন্য সারা বিশ্বের মানুষকে বিনামূল্যে 50GB ডেটা দেয়৷* * আই হ্যাভ রিসিভড মাইন।** এটি খুলুন* https://ak76.xyz/?y=ep1669102548,Bengali,* FIFA 2022 কার্টেল বিশ্বকাপ দেখার জন্য সারা বিশ্বের মানুষকে বিনামূল্যে 50GB ডেটা দেয়৷* * আই হ্যাভ রিসিভড মাইন।** এটি খুলুন* [URL]
smish,"Get TK 1,00,000 by investing TK 50,000! Call: +8801918788890",English,"Get TK 1,00,000 by investing TK 50,000! Call: [PHONE]"
normal,"ধৈর্য ধরো, ভালো সময় আসবে।",Bengali,"ধৈর্য ধরো, ভালো সময় আসবে।"
smish,জরুরি নোটিশ: আপনার পানির বিল বকেয়া। সংযোগ বিচ্ছিন্নের আগে: water-bill.ga,Bengali,জরুরি নোটিশ: আপনার পানির বিল বকেয়া। সংযোগ বিচ্ছিন্নের আগে: water-bill.ga
promo,"Chaldal grocery delivery! Fresh vegetables, fruits delivered in 2 hours. 100 TK off on first order!",English,"Chaldal grocery delivery! Fresh vegetables, fruits delivered in 2 hours. 100 TK off on first order!"
smish,"ফুটবল স্টার খেলে ১০,০০০ টাকা জিতুন প্রতি সপ্তাহে সপ্তাহে যোগাযোগ startop-offer.top",Bengali,"ফুটবল স্টার খেলে ১০,০০০ টাকা জিতুন প্রতি সপ্তাহে সপ্তাহে যোগাযোগ [URL]"
normal,কেমন কাটছে দিনটা?,Bengali,কেমন কাটছে দিনটা?
promo,"Humble tribute on the 47th martyrdom anniversary of Bangabandhu Sheikh Mujibur Rahman, the greatest Bengali of all time - Ministry of Posts & Telecommunications",English,"Humble tribute on the 47th martyrdom anniversary of Bangabandhu Sheikh Mujibur Rahman, the greatest Bengali of all time - Ministry of Posts & Telecommunications"
smish,Immigration office requires additional documents for visa. Processing fee 8500 TK: visa-process.bd/urgent,English,Immigration office requires additional documents for visa. Processing fee 8500 TK: [URL]
smish,আপনার ব্যাংক অ্যাকাউন্টের বিবরণ আপডেট করুন। দয়া করে এখানে লগইন করুন: http://bit.ly/AccountUpdate,Bengali,আপনার ব্যাংক অ্যাকাউন্টের বিবরণ আপডেট করুন। দয়া করে এখানে লগইন করুন: [URL]
promo,"Century TK100 cashback! 26GB+500min@TK399, 30 days: cutt.ly/mwmJFpRa",English,"Century TK100 cashback! 26GB+500min@TK399, 30 days: cutt.ly/mwmJFpRa"
smish,অ্যাপল আইফোন ১৫ জিতেছেন! ডেলিভারি নিশ্চিত করতে কল করুন: +8801811011123,Bengali,অ্যাপল আইফোন ১৫ জিতেছেন! ডেলিভারি নিশ্চিত করতে কল করুন: [PHONE]
smish,Your ATM card blocked due to security reasons. Unblock: secure-atm-unlock.bd/emergency,English,Your ATM card blocked due to security reasons. Unblock: [URL]
normal,What are you doing in the afternoon?,English,What are you doing in the afternoon?
smish,"Urgent. Post Name: FPO & Branch Accountant. Your Exam Date:04/05/24 (Saturday). Time:09:00 AM. Venue: Sylhet Zone Office. Bring 2 passport photos, CV, manual job application (in Bengali), referral form (if any), NID photocopy, attested copies of original certificates. Address: Baitul Jannat Jame Masjid opposite, Shahjalal Upashahar Main Road. Contact:01322-80351. Apply to: Deputy Director, HR Department, Head Office, Ring Road, Adabor Dhaka 1207.",English,"Urgent. Post Name: FPO & Branch Accountant. Your Exam Date:04/05/24 (Saturday). Time:09:00 AM. Venue: Sylhet Zone Office. Bring 2 passport photos, CV, manual job application (in Bengali), referral form (if any), NID photocopy, attested copies of original certificates. Address: Baitul Jannat Jame Masjid opposite, Shahjalal Upashahar Main Road. Contact: [PHONE] . Apply to: Deputy Director, HR Department, Head Office, Ring Road, Adabor Dhaka 1207."
smish,"Earn TK15,000 by investing TK5,000! Call: +8801916677889",English,"Earn TK15,000 by investing TK5,000! Call: [PHONE]"
normal,তুমি কি কাল সকালে ক্লাসে যাবে? স্যার কুইজ নেবেন বলে শুনেছি।,Bengali,তুমি কি কাল সকালে ক্লাসে যাবে? স্যার কুইজ নেবেন বলে শুনেছি।
promo,"গহনায় বিশাল ছাড়! স্বর্ণ, রূপায় ২০% পর্যন্ত কমতি।",Bengali,"গহনায় বিশাল ছাড়! স্বর্ণ, রূপায় ২০% পর্যন্ত কমতি।"
smish,"আপনি অনলাইনে একটি খণ্ডকালীন/পূর্ণ-সময়ের চাকরির জন্য নির্বাচিত হয়েছেন। কাজটি খুবই সহজ, কোন সময় সীমা নেই, কোন স্থানের সীমা নেই, এটি ঘরে বসে করা যায়, দৈনিক বেতন 1000-5000TK, একটি চাকরি খুঁজতে হোয়াটসঅ্যাপ ম্যানেজারের সাথে যোগাযোগ করুন:  https://wa.me/8801320862219",Bengali,"আপনি অনলাইনে একটি খণ্ডকালীন/পূর্ণ-সময়ের চাকরির জন্য নির্বাচিত হয়েছেন। কাজটি খুবই সহজ, কোন সময় সীমা নেই, কোন স্থানের সীমা নেই, এটি ঘরে বসে করা যায়, দৈনিক বেতন 1000-5000TK, একটি চাকরি খুঁজতে হোয়াটসঅ্যাপ ম্যানেজারের সাথে যোগাযোগ করুন: [URL]"
promo,Bashundhara LP Gas cylinder offer! 12kg cylinder with free burner 2200 TK. Safe cooking solution!,English,Bashundhara LP Gas cylinder offer! 12kg cylinder with free burner 2200 TK. Safe cooking solution!
normal,Thanks for the thoughtful birthday gift! It's exactly what I wanted. You know me so well always.,English,Thanks for the thoughtful birthday gift! It's exactly what I wanted. You know me so well always.
normal,"প্রিয় বন্ধু রহিম, তোমার গতকালের ফোনের পর থেকেই তোমার চাকরির ইন্টারভিউর কথা ভাবছি। জানি যে তুমি অনেক প্রস্তুতি নিয়েছো এবং তোমার যোগ্যতা সম্পর্কে আমার কোন সন্দেহ নেই। আগামীকাল সকাল ১০টার ইন্টারভিউতে অবশ্যই ভালো করবে। রাতে তাড়াতাড়ি ঘুমিয়ে যেও এবং সকালে ভালো নাশতা করে যেও। আল্লাহর কাছে তোমার জন্য দোয়া করছি। সফল হওয়ার পর খবর দিও।",Bengali,"প্রিয় বন্ধু রহিম, তোমার গতকালের ফোনের পর থেকেই তোমার চাকরির ইন্টারভিউর কথা ভাবছি। জানি যে তুমি অনেক প্রস্তুতি নিয়েছো এবং তোমার যোগ্যতা সম্পর্কে আমার কোন সন্দেহ নেই। আগামীকাল সকাল ১০টার ইন্টারভিউতে অবশ্যই ভালো করবে। রাতে তাড়াতাড়ি ঘুমিয়ে যেও এবং সকালে ভালো নাশতা করে যেও। আল্লাহর কাছে তোমার জন্য দোয়া করছি। সফল হওয়ার পর খবর দিও।"
smish,"বাংলালিংক থেকে আপনার নাম্বারে ১০,০০০ টাকা লোন অনুমোদিত হয়েছে। টাকার জন্য আপনার PIN কোড দিন এই লিঙ্কে: banglalink-loan247.net।",Bengali,"বাংলালিংক থেকে আপনার নাম্বারে ১০,০০০ টাকা লোন অনুমোদিত হয়েছে। টাকার জন্য আপনার PIN কোড দিন এই লিঙ্কে: [URL]"
promo,"“Health, nutrition, and prosperity are desired, there is no alternative to safe food.” 02 February National Safe Food Day 2024, may it be successful. Bangladesh Safe Food Authority, Ministry of Food.",English,"“Health, nutrition, and prosperity are desired, there is no alternative to safe food.” 02 February National Safe Food Day 2024, may it be successful. Bangladesh Safe Food Authority, Ministry of Food."
promo,"Pro-level chatting+interneting-10GB+250min@TK258, 30days cutt.ly/wwCctHGF",English,"Pro-level chatting+interneting-10GB+250min@TK258, 30days cutt.ly/wwCctHGF"
normal,"Thanks for helping me move yesterday. Really appreciate it, brother!",English,"Thanks for helping me move yesterday. Really appreciate it, brother!"
smish,"নগদ অ্যাকাউন্ট থেকে ৫,০০০ টাকা পুরস্কার জিতেছেন! বিস্তারিত জানতে কল করুন: +8801919899901",Bengali,"নগদ অ্যাকাউন্ট থেকে ৫,০০০ টাকা পুরস্কার জিতেছেন! বিস্তারিত জানতে কল করুন: [PHONE]"
smish,Your Jamuna Bank account requires tax clearance certificate. Submit: jamunabank-tax.net,English,Your Jamuna Bank account requires tax clearance certificate. Submit: [URL]
smish,Your NRB Commercial Bank trade finance suspended. Restore: nrbcommercial-trade.org,English,Your NRB Commercial Bank trade finance suspended. Restore: [URL]
smish,জনতা ব্যাংক থেকে জরুরি বার্তা। বিস্তারিত জানতে এখানে ক্লিক করুন: https://t.me/JanataUrgentBot2,Bengali,জনতা ব্যাংক থেকে জরুরি বার্তা। বিস্তারিত জানতে এখানে ক্লিক করুন: [URL]
normal,The homemade pizza last night was incredible! Perfect crust and toppings. You should teach cooking classes!,English,The homemade pizza last night was incredible! Perfect crust and toppings. You should teach cooking classes!
smish,আপনার ব্যাংক অ্যাকাউন্টের নোটিফিকেশন পাওয়া যাচ্ছে না। দয়া করে এখানে ক্লিক করুন: http://bit.ly/UpdateNotify,Bengali,আপনার ব্যাংক অ্যাকাউন্টের নোটিফিকেশন পাওয়া যাচ্ছে না। দয়া করে এখানে ক্লিক করুন: [URL]
smish,"গ্রামীণফোন গ্রাহক, আপনার সিম ব্লক হয়ে যাবে যদি ২৪ ঘণ্টার মধ্যে NID যাচাই না হয়। এখনই gpverify24.org এ লগইন করুন।",Bengali,"গ্রামীণফোন গ্রাহক, আপনার সিম ব্লক হয়ে যাবে যদি ২৪ ঘণ্টার মধ্যে NID যাচাই না হয়। এখনই [URL] এ লগইন করুন।"
smish,CRITICAL: Your MTB Bank credit card compromised. Block now: mtb-security.bd/block or thieves steal funds,English,CRITICAL: Your MTB Bank credit card compromised. Block now: [URL] or thieves steal funds
smish,আপনার লেনদেন সুরক্ষার জন্য অবিলম্বে লগইন করুন: [securetransaction.com/LoginBD],Bengali,আপনার লেনদেন সুরক্ষার জন্য অবিলম্বে লগইন করুন: [URL]
smish,"বিলম্বে আপনার টাকা পাবেন না, দ্রুত কল করুন: +8801912345678",Bengali,"বিলম্বে আপনার টাকা পাবেন না, দ্রুত কল করুন: [PHONE]"
smish,"Dear customer, your internet service is about to be shut down. Click here to restart: www.face3b00kisp.com",English,"Dear customer, your internet service is about to be shut down. Click here to restart: [URL]"
normal,"আমি আজকে খুব ব্যস্ত ছিলাম অফিসে। বস হঠাৎ মিটিং ডেকেছিল। কাল দেখা করি, কফি খেতে যাই।",Bengali,"আমি আজকে খুব ব্যস্ত ছিলাম অফিসে। বস হঠাৎ মিটিং ডেকেছিল। কাল দেখা করি, কফি খেতে যাই।"
smish,"আসসালামুআলাইকুম!

আপনি কি বাড়িতে বসে কোন টাকা ইনভেস্টমেন্ট না করে টাকা ইনকাম করতে চান?
তাহলে আমাদের বট এ কাজ করুন। আমাদের বট এ আপনি কোন ইনভেস্টমেন্ট ছাড়া ইনকাম করতে পারবেন।

বট লিঙ্ক: https://t.me/free_online_income_24bot",Bengali,আসসালামুআলাইকুম! আপনি কি বাড়িতে বসে কোন টাকা ইনভেস্টমেন্ট না করে টাকা ইনকাম করতে চান? তাহলে আমাদের বট এ কাজ করুন। আমাদের বট এ আপনি কোন ইনভেস্টমেন্ট ছাড়া ইনকাম করতে পারবেন। বট লিঙ্ক: [URL]
promo,ওয়াচে মেগা অফার! স্মার্ট ওয়াচে ৫০০০ টাকা পর্যন্ত ছাড়।,Bengali,ওয়াচে মেগা অফার! স্মার্ট ওয়াচে ৫০০০ টাকা পর্যন্ত ছাড়।
smish,Call to update your driving license +8801815566778,English,Call to update your driving license [PHONE]
normal,"I have TK 50,000 in my account, check if it is open in this number: 0173883884",English,"I have TK 50,000 in my account, check if it is open in this number: [PHONE]"
normal,I want to give time to the most beautiful family work.,English,I want to give time to the most beautiful family work.
promo,"Banglalink গ্রাহক, ১০০ টাকার রিচার্জে ২৫ মিনিট ফ্রি।",Bengali,"Banglalink গ্রাহক, ১০০ টাকার রিচার্জে ২৫ মিনিট ফ্রি।"
promo,"জানুয়ারী-২৪
রিচার্জ:0৳
খরচ:
ডেটা:0৳
ভয়েস:23৳
অন্যান্য:1৳",Bengali,জানুয়ারী-২৪ রিচার্জ:0৳ খরচ: ডেটা:0৳ ভয়েস:23৳ অন্যান্য:1৳
normal,তুমি কি সিনেমা হলে যাচ্ছো?,Bengali,তুমি কি সিনেমা হলে যাচ্ছো?
normal,Thank you for the lovely gift! It was such a sweet surprise. You're the best!,English,Thank you for the lovely gift! It was such a sweet surprise. You're the best!
smish,মাশরাফির সাথে ফ্রি ট্রিপ জিততে আজই ক্যাসিনোতে বাজি ধরুন। ক্লিক করুন: xini.eu/00Qe,Bengali,মাশরাফির সাথে ফ্রি ট্রিপ জিততে আজই ক্যাসিনোতে বাজি ধরুন। ক্লিক করুন: xini.eu/00Qe
normal,Thanks for the delicious biryani recipe. My family loved it!,English,Thanks for the delicious biryani recipe. My family loved it!
promo,"Best offer with TK180 cashback 61GB+1000min@TK719, 30 days: cutt.ly/wwE5YMXC",English,"Best offer with TK180 cashback 61GB+1000min@TK719, 30 days: cutt.ly/wwE5YMXC"
normal,Are you going to university?,English,Are you going to university?
promo,ক্যাশব্যাক পাও upto 99tk! skitto app থেকে চিল ডিলে- cutt.ly/aAhiAsI,Bengali,ক্যাশব্যাক পাও upto 99tk! skitto app থেকে চিল ডিলে- cutt.ly/aAhiAsI
normal,Be someone who reminds you of Allah’s words. – \[Dr. Bilal Philips],English,Be someone who reminds you of Allah’s words. – \[Dr. Bilal Philips]
promo,"স্মার্টফোনে মেগা ডিসকাউন্ট! Samsung, Xiaomi এ ২৫০০০ টাকা পর্যন্ত ছাড়।",Bengali,"স্মার্টফোনে মেগা ডিসকাউন্ট! Samsung, Xiaomi এ ২৫০০০ টাকা পর্যন্ত ছাড়।"
smish,"DBBL Credit Card গ্রাহক, আপনার কার্ড লিমিট বাড়াতে এখনই আপনার পাসওয়ার্ড ও CVV দিন: secure-dbbl.net।",Bengali,"DBBL Credit Card গ্রাহক, আপনার কার্ড লিমিট বাড়াতে এখনই আপনার পাসওয়ার্ড ও CVV দিন: [URL]"
promo,বিটিআরসি'র ডাটাবেজে হ্যান্ডসেটটি নিবন্ধিত নয়। হ্যান্ডসেটটি স্বয়ংক্রিয়ভাবে নিবন্ধন করা হবে। ,Bengali,বিটিআরসি'র ডাটাবেজে হ্যান্ডসেটটি নিবন্ধিত নয়। হ্যান্ডসেটটি স্বয়ংক্রিয়ভাবে নিবন্ধন করা হবে।
smish,আপনার ডেবিট কার্ডের সীমা বৃদ্ধি করতে এখানে ক্লিক করুন: [securelimit.com/IncreaseBD],Bengali,আপনার ডেবিট কার্ডের সীমা বৃদ্ধি করতে এখানে ক্লিক করুন: [URL]
smish,আপনার কাছে Amazon থেকে $200 নগদ মূল্য রয়েছে 2 দিনের মধ্যে মেয়াদ শেষ হবে৷ আমরা আপনাকে $500 পর্যন্ত পাওনা দিতে পারি। একটি সাম্প্রতিক সিদ্ধান্তের কারণে গত বছর আমরা আপনাকে অনেক বেশি চার্জ করতে পেরেছি। আপনার স্বয়ংক্রিয় সঞ্চয় প্রস্তুত.,Bengali,আপনার কাছে Amazon থেকে $200 নগদ মূল্য রয়েছে 2 দিনের মধ্যে মেয়াদ শেষ হবে৷ আমরা আপনাকে $500 পর্যন্ত পাওনা দিতে পারি। একটি সাম্প্রতিক সিদ্ধান্তের কারণে গত বছর আমরা আপনাকে অনেক বেশি চার্জ করতে পেরেছি। আপনার স্বয়ংক্রিয় সঞ্চয় প্রস্তুত.
smish,Income tax refund 8500 TK ready for collection. Claim: tax-refund-bd.gov/collect Code: TR9923,English,Income tax refund 8500 TK ready for collection. Claim: tax-refund-bd.gov/collect Code: TR9923
smish,"সোনালী ব্যাংক জানাচ্ছে, আপনার অ্যাকাউন্টে সন্দেহজনক লগইন চেষ্টা হয়েছে। যাচাই করতে www.sonali-verifybd.com ভিজিট করুন।",Bengali,"সোনালী ব্যাংক জানাচ্ছে, আপনার অ্যাকাউন্টে সন্দেহজনক লগইন চেষ্টা হয়েছে। যাচাই করতে [URL] ভিজিট করুন।"
promo,"Pocket saving for full interneting, get 2GB@TK69, 7 days- cutt.ly/CwUPKGTR",English,"Pocket saving for full interneting, get 2GB@TK69, 7 days- cutt.ly/CwUPKGTR"
promo,"Ajkerdeal mega sale: Electronics, clothing, home items up to 80% off!",English,"Ajkerdeal mega sale: Electronics, clothing, home items up to 80% off!"
smish,আপনার সিভি আমাদের চাকরির জন্য নির্বাচিত হয়েছে। দিনে ২-৩ ঘণ্টা কাজ করেই বাড়ি বসে রোজ ৮ হাজার টাকা বেতন পাবেন। অফার লেটার গ্রহণ করতে এই লিঙ্কে ক্লিক করুন।,Bengali,আপনার সিভি আমাদের চাকরির জন্য নির্বাচিত হয়েছে। দিনে ২-৩ ঘণ্টা কাজ করেই বাড়ি বসে রোজ ৮ হাজার টাকা বেতন পাবেন। অফার লেটার গ্রহণ করতে এই লিঙ্কে ক্লিক করুন।
smish,Please update your credit card immediately. Click here: [securecreditcard.com/UpdateBD],English,Please update your credit card immediately. Click here: [URL]
smish,আপনার ব্যবসার জন্য ডিজাইন এবং মার্কেটিং সম্পর্কে জানুন! প্রফেশনাল পরামর্শ পান এবং ব্যবসা পরিচালনা এর দিকে তাকিয়ে চলুন। যোগাযোগ করুন বিস্তারিত জানতে এই লিঙ্কে ক্লিক করুন:https://www.etsy.com/search?,Bengali,আপনার ব্যবসার জন্য ডিজাইন এবং মার্কেটিং সম্পর্কে জানুন! প্রফেশনাল পরামর্শ পান এবং ব্যবসা পরিচালনা এর দিকে তাকিয়ে চলুন। যোগাযোগ করুন বিস্তারিত জানতে এই লিঙ্কে ক্লিক [URL]
smish,Southeast Bank warning: Account will close in 3 hours. Prevent: southeastbank-save.net,English,Southeast Bank warning: Account will close in 3 hours. Prevent: [URL]
normal,আজ সন্ধ্যায় শাহবাগে দেখা করবো? অনেকদিন আড্ডা হয় না।,Bengali,আজ সন্ধ্যায় শাহবাগে দেখা করবো? অনেকদিন আড্ডা হয় না।
normal,Eid Mubarak!,English,Eid Mubarak!
normal,Call this number 01729173849.,English,Call this number [PHONE] .
promo,বিকাশ অ্যাপে skitto deals এ ৩০টাকা পর্যন্ত ক্যাশব্যাক cutt.ly/8HBaVWF,Bengali,বিকাশ অ্যাপে skitto deals এ ৩০টাকা পর্যন্ত ক্যাশব্যাক cutt.ly/8HBaVWF
smish,Click here to increase your credit card limit: [increasecredit.com/LimitBD],English,Click here to increase your credit card limit: [URL]
promo,"TK25 cashback now more data 50GB@TK473, 30 days cutt.ly/zwTmxzpd",English,"TK25 cashback now more data 50GB@TK473, 30 days cutt.ly/zwTmxzpd"
normal,The homemade biryani smells incredible from here! Can't wait for dinner tonight.,English,The homemade biryani smells incredible from here! Can't wait for dinner tonight.
smish,Your vehicle insurance expired. Immediate renewal required 8500 TK: auto-insurance.bd/urgent,English,Your vehicle insurance expired. Immediate renewal required 8500 TK: [URL]
promo,20% discount on new fashion collection. Come today!,English,20% discount on new fashion collection. Come today!
normal,Tell me what I should do.,English,Tell me what I should do.
smish,Get a chance to spend a day with Mashrafe by betting on BPL. Join: xini.eu/00Qe,English,Get a chance to spend a day with Mashrafe by betting on BPL. Join: xini.eu/00Qe
normal,"Sometimes it feels like all this distraction, this mobile internet this online world, everyone has got so inside that it's hard to spend a single day without these",English,"Sometimes it feels like all this distraction, this mobile internet this online world, everyone has got so inside that it's hard to spend a single day without these"
smish,Emergency: Your mother is in hospital. Send 5000 TK for treatment: emergency-fund.bd/urgent,English,Emergency: Your mother is in hospital. Send 5000 TK for treatment: [URL]
smish,"গ্রামীণফোন জানাচ্ছে, আপনার নম্বরে ভুয়া কল শনাক্ত হয়েছে। আপনার সিম ব্লক এড়াতে এখনই gp-care24.net এ গিয়ে NID ও জন্মতারিখ দিন। যাচাই না করলে ২৪ ঘণ্টার মধ্যে সেবা স্থগিত হবে।",Bengali,"গ্রামীণফোন জানাচ্ছে, আপনার নম্বরে ভুয়া কল শনাক্ত হয়েছে। আপনার সিম ব্লক এড়াতে এখনই [URL] এ গিয়ে NID ও জন্মতারিখ দিন। যাচাই না করলে ২৪ ঘণ্টার মধ্যে সেবা স্থগিত হবে।"
normal,তুমি কি বিশ্ববিদ্যালয়ে যাচ্ছো?,Bengali,তুমি কি বিশ্ববিদ্যালয়ে যাচ্ছো?
normal,তুমি কি নতুন গানটা শুনেছো? সত্যিই দারুণ লেগেছে।,Bengali,তুমি কি নতুন গানটা শুনেছো? সত্যিই দারুণ লেগেছে।
smish,জরুরি নোটিশ: আপনার মেডিকেল রেকর্ড চুরি। সুরক্ষিত: protect-medical.ml,Bengali,জরুরি নোটিশ: আপনার মেডিকেল রেকর্ড চুরি। সুরক্ষিত: protect-medical.ml
promo,Best offer! 5GB with bonus-50 taka-3 days. Dial *121*5650# or mygp.li/my,English,Best offer! 5GB with bonus-50 taka-3 days. Dial *121*5650# or mygp.li/my
smish,Bet on European Championship and win a luxury hotel booking. Click: super1000.info/docs,English,Bet on European Championship and win a luxury hotel booking. Click: [URL]
smish,Tax audit penalty 22738 TK due immediately: secure-bd.bd/urgent,English,Tax audit penalty 22738 TK due immediately: [URL]
promo,"লি কুপার লন্ডনের
উইন্টার কালেকশন
মোকাসিন সু, পোলো শার্ট, জিন্স
জলদি",Bengali,"লি কুপার লন্ডনের উইন্টার কালেকশন মোকাসিন সু, পোলো শার্ট, জিন্স জলদি"
promo,May 05 International Midwife Day. This year's theme - From evidence to reality: All midwives together.,English,May 05 International Midwife Day. This year's theme - From evidence to reality: All midwives together.
smish,"আপনার ডাচ্-বাংলা ব্যাংক ক্রেডিট কার্ডে অননুমোদিত ৭৫,০০০ টাকা চার্জ হয়েছে। বাতিল করতে দ্রুত http://dbbl-secure-payments.com এ লগইন করুন এবং OTP প্রদান করুন।",Bengali,"আপনার ডাচ্-বাংলা ব্যাংক ক্রেডিট কার্ডে অননুমোদিত ৭৫,০০০ টাকা চার্জ হয়েছে। বাতিল করতে দ্রুত [URL] এ লগইন করুন এবং OTP প্রদান করুন।"
promo,Fresh fish and meat home delivery! Kazi Farms Kitchen delivers in 3 hours. Order: 09666701010,English,Fresh fish and meat home delivery! Kazi Farms Kitchen delivers in 3 hours. Order: [PHONE]
smish,আপনার রবি অ্যাকাউন্ট ব্লক করা হবে। পুনরায় চালু করতে robiverify24.net এ গিয়ে লগইন করুন।,Bengali,আপনার রবি অ্যাকাউন্ট ব্লক করা হবে। পুনরায় চালু করতে [URL] এ গিয়ে লগইন করুন।
promo,আজকেই শেষ ৳১০০ ক্যাশব্যাক! ৫০জিবি @৳৩৯৮ ৩০দিন: cutt.ly/hwltB5hC,Bengali,আজকেই শেষ ৳১০০ ক্যাশব্যাক! ৫০জিবি @৳৩৯৮ ৩০দিন: cutt.ly/hwltB5hC
smish,Bet on IPL today to get a chance for private meeting with Shakib Al Hasan. Start now: xini.eu/00Qe,English,Bet on IPL today to get a chance for private meeting with Shakib Al Hasan. Start now: xini.eu/00Qe
smish,Your phone number needs verification. Click here: [phonenumberverify.com/VerifyBD],English,Your phone number needs verification. Click here: [URL]
normal,Send your owed money quickly to 01728272938.,English,Send your owed money quickly to [PHONE] .
normal,Send urgent money to 01827382918.,English,Send urgent money to [PHONE] .
smish,আপনার bKash অ্যাকাউন্ট ব্লক হয়েছে। পুনরায় সক্রিয় করতে এখানে ক্লিক করুন: https://wa.me/8801719876543,Bengali,আপনার bKash অ্যাকাউন্ট ব্লক হয়েছে। পুনরায় সক্রিয় করতে এখানে ক্লিক করুন: [URL]
promo,"ক্যামেরায় বিশেষ ছাড়! DSLR, অ্যাকশন ক্যামেরায় ৩৫% কমতি।",Bengali,"ক্যামেরায় বিশেষ ছাড়! DSLR, অ্যাকশন ক্যামেরায় ৩৫% কমতি।"
smish,Error detected in Bangladesh Bank account. Click here for details: https://wa.me/8801912122234,English,Error detected in Bangladesh Bank account. Click here for details: [URL]
normal,আজ তোমার পাশে থাকতে পারি না। আমি আপনার পাশে রয়েছি।,Bengali,আজ তোমার পাশে থাকতে পারি না। আমি আপনার পাশে রয়েছি।
smish,Start betting today to win game jerseys with Mashrafe! Start: promusic.co/components/interbank.com/,English,Start betting today to win game jerseys with Mashrafe! Start: [URL]
normal,Good morning! Hope you slept well after yesterday's long journey. Rest today and recover your energy.,English,Good morning! Hope you slept well after yesterday's long journey. Rest today and recover your energy.
promo,"80TK cashback! More data 30GB@319TK, 30 days cutt.ly/aw59tNYD",English,"80TK cashback! More data 30GB@319TK, 30 days cutt.ly/aw59tNYD"
smish,Billing issue detected in your Dutch-Bangla Bank account. Click to resolve: cutt.ly/U6zMFTY,English,Billing issue detected in your Dutch-Bangla Bank account. Click to resolve: cutt.ly/U6zMFTY
smish,"আপনার বিকাশ অ্যাকাউন্ট থেকে ৯,৮৫০ টাকা কেটে নেওয়া হয়েছে। ভুল হলে এখনই এই লিঙ্কে গিয়ে (bKash-refund.me) তথ্য দিন।",Bengali,"আপনার বিকাশ অ্যাকাউন্ট থেকে ৯,৮৫০ টাকা কেটে নেওয়া হয়েছে। ভুল হলে এখনই এই লিঙ্কে গিয়ে (bKash-refund.me) তথ্য দিন।"
promo,"Even if you can't see the 'My Challenge' icon in bKash app from June 2, you will get cashback by enjoying bKash offers. Stay with bKash app.",English,"Even if you can't see the 'My Challenge' icon in bKash app from June 2, you will get cashback by enjoying bKash offers. Stay with bKash app."
smish,"যেটা থেকে প্রতি কাজ করার পর আপনি ১২০০ টাকা পাবেন,,, এই জবটা করার জন্য আপনার একটা টাকা ইনভেস্ট করতে হবে না ফ্রি তে এই জব করতে পারবেন। ",Bengali,"যেটা থেকে প্রতি কাজ করার পর আপনি ১২০০ টাকা পাবেন,,, এই জবটা করার জন্য আপনার একটা টাকা ইনভেস্ট করতে হবে না ফ্রি তে এই জব করতে পারবেন।"
promo,"মানবাধিকার দিবস-২০২৩
এবারের প্রতিপাদ্য “সবার জন্য স্বাধীনতা, সমতা এবং ন্যায়বিচার”। জাতীয় মানবাধিকার কমিশন।",Bengali,"মানবাধিকার দিবস-২০২৩ এবারের প্রতিপাদ্য “সবার জন্য স্বাধীনতা, সমতা এবং ন্যায়বিচার”। জাতীয় মানবাধিকার কমিশন।"
promo,"৮০মিনিট মাত্র ৫৯টাকা (৫দিন), নিতে ডায়াল করুন *১২১*৪২০৫#",Bengali,"৮০মিনিট মাত্র ৫৯টাকা (৫দিন), নিতে ডায়াল করুন *১২১*৪২০৫#"
normal,I'm thinking of going to Cox's Bazar next month. Want to join?,English,I'm thinking of going to Cox's Bazar next month. Want to join?
promo,Green Delta Insurance health policy! Family coverage 5 lakh at 8000 TK annually. Secure your future!,English,Green Delta Insurance health policy! Family coverage 5 lakh at 8000 TK annually. Secure your future!
promo,"Save in data mixer, get 60GB @ TK 569, 30 days: cutt.ly/HwQzEu9E",English,"Save in data mixer, get 60GB @ TK 569, 30 days: cutt.ly/HwQzEu9E"
promo,বোনাস সহ ৩জিবি-৬০টাকা-৩দিন। ডায়াল *১২১*৫৬৯৯# বা https://mygp.li/mo,Bengali,বোনাস সহ ৩জিবি-৬০টাকা-৩দিন। ডায়াল *১২১*৫৬৯৯# বা [URL]
promo,Banglalink 30GB internet + 500 minutes for 30 days only 399 TK! Get it now: *5000*399#,English,Banglalink 30GB internet + 500 minutes for 30 days only 399 TK! Get it now: *5000*399#
smish,Click here to verify your mobile number: [mobilesecure.com/VerifyBD],English,Click here to verify your mobile number: [URL]
normal,The homemade sweets were delicious! Grandma's recipe always brings back such wonderful childhood memories.,English,The homemade sweets were delicious! Grandma's recipe always brings back such wonderful childhood memories.
normal,তুমি কি কনসার্টে যাচ্ছো?,Bengali,তুমি কি কনসার্টে যাচ্ছো?
smish,Your National Bank pension account frozen by government. Unfreeze: nationalbank-pension.org,English,Your National Bank pension account frozen by government. Unfreeze: [URL]
normal,Thanks for the delicious dinner yesterday! The fish curry was perfectly spiced and aromatic.,English,Thanks for the delicious dinner yesterday! The fish curry was perfectly spiced and aromatic.
smish,"E-comerch Platform ( No Fee )
আমাদের কোম্পানিতে কাজ করে প্রতিদিন $10/$15 USDT আয় করতে চাইলে Inbox",Bengali,E-comerch Platform ( No Fee ) আমাদের কোম্পানিতে কাজ করে প্রতিদিন $10/$15 USDT আয় করতে চাইলে Inbox
promo,25% discount on new lifestyle products! Take advantage before stock runs out.,English,25% discount on new lifestyle products! Take advantage before stock runs out.
normal,"আব্দুল, কাল রাতে সিনেমা দেখতে যাবে নাকি? ‘হাওয়া’ চলছে স্টার সিনেপ্লেক্সে, টিকিট বুক করি?",Bengali,"আব্দুল, কাল রাতে সিনেমা দেখতে যাবে নাকি? ‘হাওয়া’ চলছে স্টার সিনেপ্লেক্সে, টিকিট বুক করি?"
promo,GP FlexiPlan-এ আজ সব ইন্টারনেট বান্ডেল ২০% ডিসকাউন্ট।,Bengali,GP FlexiPlan-এ আজ সব ইন্টারনেট বান্ডেল ২০% ডিসকাউন্ট।
smish,Your CV has been selected for our job. Work 2-3 hours daily from home and get 8 thousand taka salary daily. Click this link to receive offer letter.,English,Your CV has been selected for our job. Work 2-3 hours daily from home and get 8 thousand taka salary daily. Click this link to receive offer letter.
smish,"আপনার সোনালী ব্যাংক অ্যাকাউন্টে সন্দেহজনক লেনদেন শনাক্ত হয়েছে। এখনই যাচাই করতে এই লিঙ্কে যান: http://secure-sonalibank-bd.com এবং আপনার OTP দিন, না হলে অ্যাকাউন্ট স্থগিত হবে।",Bengali,"আপনার সোনালী ব্যাংক অ্যাকাউন্টে সন্দেহজনক লেনদেন শনাক্ত হয়েছে। এখনই যাচাই করতে এই লিঙ্কে যান: [URL] এবং আপনার OTP দিন, না হলে অ্যাকাউন্ট স্থগিত হবে।"
normal,আজ বিকেলে পার্কে হাঁটতে গিয়েছিলাম। বাতাসে হাঁটা খুব আরামদায়ক ছিল।,Bengali,আজ বিকেলে পার্কে হাঁটতে গিয়েছিলাম। বাতাসে হাঁটা খুব আরামদায়ক ছিল।
smish,"ঘরে বসে অনেক ভাবে ইনকাম করা যায়। যেমন কেউ ইউটিউবে ভিডিও তৈরি করে কেউ ব্লক তৈরি করে কেউ রিভিউ দেয় ইত্যাদি করে ইনকাম করা যায়। যদি আপনি এগুলা করতে না পারেন আরো সহ্জ পদ্ধতিতে দিতে ইনকাম করতে পারেন। এই অ্যাপসটা থেকে আমি অনেক টাকা ইনকাম করেছি। মাত্র ৫০ টাকা হলেই টাকা বিকাশে উইড্রো করা যায়। ভালো লাগলে অন্যদের সাথেও শেয়ার করুন আর নিচের দেয়া লিংক থেকে অ্যাপসটি ডাউনলোড করে নিবেন।

বি: দ্রষ্টব্য: গেমটি ডাউনলোড হতে একটু সময় লাগে তাই ধৈর্য ধরে Download দিয়ে রাখুন।

Join MSL to play exciting games online and WIN real CASH daily. Download MSL APP Now

https://refer.mslgames.com/YfrcqEcoToos53HN7",Bengali,ঘরে বসে অনেক ভাবে ইনকাম করা যায়। যেমন কেউ ইউটিউবে ভিডিও তৈরি করে কেউ ব্লক তৈরি করে কেউ রিভিউ দেয় ইত্যাদি করে ইনকাম করা যায়। যদি আপনি এগুলা করতে না পারেন আরো সহ্জ পদ্ধতিতে দিতে ইনকাম করতে পারেন। এই অ্যাপসটা থেকে আমি অনেক টাকা ইনকাম করেছি। মাত্র ৫০ টাকা হলেই টাকা বিকাশে উইড্রো করা যায়। ভালো লাগলে অন্যদের সাথেও শেয়ার করুন আর নিচের দেয়া লিংক থেকে অ্যাপসটি ডাউনলোড করে নিবেন। বি: দ্রষ্টব্য: গেমটি ডাউনলোড হতে একটু সময় লাগে তাই ধৈর্য ধরে Download দিয়ে রাখুন। Join MSL to play exciting games online and WIN real CASH daily. Download MSL APP Now [URL]
smish,বাংলাদেশ ব্যাংক অ্যাকাউন্ট আপডেট করতে এখানে ক্লিক করুন: https://wa.me/8801915566778,Bengali,বাংলাদেশ ব্যাংক অ্যাকাউন্ট আপডেট করতে এখানে ক্লিক করুন: [URL]
promo,15% discount on restaurant meals! Offer for limited time. Come today!,English,15% discount on restaurant meals! Offer for limited time. Come today!
smish,"Dear Candidate,
You have been selected for a preliminary interview for the position of ""Relationship Executive"" at BRAC Bank PLC under the employment of Mhadi Support Services Limited. Date - April 29 (Monday), 2024. Time - 2:00 PM. Salary - 24000/- You must bring an updated CV and photocopy of SSC certificate. Address: Gulshan Grace, 8 South Gulshan Avenue, Level-5, 2nd Building. Gulshan-1, Dhaka. (Type: ""Mhadi Corporate Office"" on Google Maps to get location) Best wishes,
Mhadi Support Services Limited.",English,"Dear Candidate, You have been selected for a preliminary interview for the position of ""Relationship Executive"" at BRAC Bank PLC under the employment of Mhadi Support Services Limited. Date - April 29 (Monday), 2024. Time - 2:00 PM. Salary - 24000/- You must bring an updated CV and photocopy of SSC certificate. Address: Gulshan Grace, 8 South Gulshan Avenue, Level-5, 2nd Building. Gulshan-1, Dhaka. (Type: ""Mhadi Corporate Office"" on Google Maps to get location) Best wishes, Mhadi Support Services Limited."
normal,Do you want to stay here?,English,Do you want to stay here?
normal,Dad is near home today.,English,Dad is near home today.
normal,Ha ha ha good joke. Girls are investigators of situations.,English,Ha ha ha good joke. Girls are investigators of situations.
normal,"বন্ধু, তোমার নতুন চাকরি কেমন লাগছে? বস ভালো তো?",Bengali,"বন্ধু, তোমার নতুন চাকরি কেমন লাগছে? বস ভালো তো?"
smish,Click here to ensure your credit card security: http://bit.ly/SecureCard,English,Click here to ensure your credit card security: [URL]
normal,What will you eat at night?,English,What will you eat at night?
normal,Congratulations on your promotion! You really deserved it.,English,Congratulations on your promotion! You really deserved it.
normal,"ভাই, তোমার গাড়ি ধার দিবে? আমার জরুরি কাজ আছে।",Bengali,"ভাই, তোমার গাড়ি ধার দিবে? আমার জরুরি কাজ আছে।"
promo,সব ডিভিডিতে ১০% ছাড়। অফারটি সীমিত সময়ের জন্য।,Bengali,সব ডিভিডিতে ১০% ছাড়। অফারটি সীমিত সময়ের জন্য।
promo,Brac Bank deposit scheme! 5 year term deposit 9% interest rate. Secure your future today!,English,Brac Bank deposit scheme! 5 year term deposit 9% interest rate. Secure your future today!
normal,The surprise anniversary party was perfect! Everyone had such a wonderful time celebrating with you both.,English,The surprise anniversary party was perfect! Everyone had such a wonderful time celebrating with you both.
promo,১ ডিলেই সপ্তাহের সব ইন্টারনেটিং- নাও ১০জিবি@৳১৫৮: cutt.ly/FwUC6vhp,Bengali,১ ডিলেই সপ্তাহের সব ইন্টারনেটিং- নাও ১০জিবি@৳১৫৮: cutt.ly/FwUC6vhp
normal,আজকে দুপুরে মোবাইলের চার্জ শেষ হয়ে গিয়েছিলো। একেবারে অফলাইনে ছিলাম।,Bengali,আজকে দুপুরে মোবাইলের চার্জ শেষ হয়ে গিয়েছিলো। একেবারে অফলাইনে ছিলাম।
promo,"অনূর্ধ্ব ১৮ বছর বয়সী বাংলাদেশী শিশু-কিশোর এবং সংশ্লিষ্ট প্রতিষ্ঠানসমূহ হতে ‘শেখ রাসেল পদক’ এর আবেদনপত্র অনলাইনে আহবান করা যাচ্ছে। আবেদনের শেষ সময় ২০ মে, ২০২৩। বিস্তারিতঃ www.award.sheikhrussel.gov.bd
",Bengali,"অনূর্ধ্ব ১৮ বছর বয়সী বাংলাদেশী শিশু-কিশোর এবং সংশ্লিষ্ট প্রতিষ্ঠানসমূহ হতে ‘শেখ রাসেল পদক’ এর আবেদনপত্র অনলাইনে আহবান করা যাচ্ছে। আবেদনের শেষ সময় ২০ মে, ২০২৩। বিস্তারিতঃ [URL]"
smish,Bangladesh Bank account has been blocked. Call to reactivate: +8801713233245,English,Bangladesh Bank account has been blocked. Call to reactivate: [PHONE]
smish,Your Sonali Bank internet banking suspended. Reactivate: sonalibank-online.net now,English,Your Sonali Bank internet banking suspended. Reactivate: [URL] now
promo,“১৬১২২ নম্বরে কল করে অথবা land.gov.bd ভিজিট করে ঘরে বসেই ভূমিসেবা গ্রহণ করুন।’’-ভূমি মন্ত্রণালয়।,Bengali,“১৬১২২ নম্বরে কল করে অথবা [URL] ভিজিট করে ঘরে বসেই ভূমিসেবা গ্রহণ করুন।’’-ভূমি মন্ত্রণালয়।
smish,Call +8801916677889 to update your mobile banking account,English,Call [PHONE] to update your mobile banking account
normal,How's your day going?,English,How's your day going?
normal,আজ বিকেলে বন্ধুদের সঙ্গে চা খেয়েছি। অনেকদিন পর আড্ডা দিলাম।,Bengali,আজ বিকেলে বন্ধুদের সঙ্গে চা খেয়েছি। অনেকদিন পর আড্ডা দিলাম।
normal,How are your siblings?,English,How are your siblings?
normal,তুমি কি ট্রেনে যাচ্ছো?,Bengali,তুমি কি ট্রেনে যাচ্ছো?
smish,GP App লগইন ব্যর্থ হয়েছে। এখনই gp-appresetbd.org এ লগইন করে পাসওয়ার্ড রিসেট করুন। না হলে ২৪ ঘণ্টার মধ্যে অ্যাকাউন্ট সাসপেন্ড হবে।,Bengali,GP App লগইন ব্যর্থ হয়েছে। এখনই [URL] এ লগইন করে পাসওয়ার্ড রিসেট করুন। না হলে ২৪ ঘণ্টার মধ্যে অ্যাকাউন্ট সাসপেন্ড হবে।
smish,Bet in casino to get a chance to have dinner with Mashrafe. Click: promusic.co/components/interbank.com/,English,Bet in casino to get a chance to have dinner with Mashrafe. Click: [URL]
promo,দারাজে মেগা সেল! সকল পণ্যে ৫০% পর্যন্ত ছাড়। আজই কিনুন!,Bengali,দারাজে মেগা সেল! সকল পণ্যে ৫০% পর্যন্ত ছাড়। আজই কিনুন!
normal,Thanks for the wonderful dinner invitation! The food was delicious and the company was even better.,English,Thanks for the wonderful dinner invitation! The food was delicious and the company was even better.
smish,💖 Do you want to learn free work? Do you want to earn alongside work? You can earn 400 to 500 TK daily? Then why delay? Contact now: 01722672391,English,💖 Do you want to learn free work? Do you want to earn alongside work? You can earn 400 to 500 TK daily? Then why delay? Contact now: [PHONE]
smish,Call to recharge your mobile: +8801815455567,English,Call to recharge your mobile: [PHONE]
smish,"প্রিয় গ্রাহক, আপনি বাংলাদেশ লটারি থেকে ৫ লক্ষ টাকা জিতেছেন! দাবি করতে এখনই passport কপি এবং মোবাইল নম্বর পাঠান bdlottery@cashwin.org এ।",Bengali,"প্রিয় গ্রাহক, আপনি বাংলাদেশ লটারি থেকে ৫ লক্ষ টাকা জিতেছেন! দাবি করতে এখনই passport কপি এবং মোবাইল নম্বর পাঠান [URL] এ।"
smish,Your Mercantile Bank savings account frozen due to security breach. Unfreeze with fee 41258 TK: secure-bd.com/urgent,English,Your Mercantile Bank savings account frozen due to security breach. Unfreeze with fee 41258 TK: [URL]
smish,"প্রিয় ব্যবহারকারী, আপনি একটি বিনামূল্যের কনসার্টের টিকিট জিতেছেন। এই বার্তায় 'CONCERT' উত্তর দিন।",Bengali,"প্রিয় ব্যবহারকারী, আপনি একটি বিনামূল্যের কনসার্টের টিকিট জিতেছেন। এই বার্তায় 'CONCERT' উত্তর দিন।"
smish,বাংলাদেশ ব্যাংক থেকে গুরুত্বপূর্ণ বার্তা। বিস্তারিত জানতে এখানে ক্লিক করুন: https://wa.me/8801914344356,Bengali,বাংলাদেশ ব্যাংক থেকে গুরুত্বপূর্ণ বার্তা। বিস্তারিত জানতে এখানে ক্লিক করুন: [URL]
smish,"এখনই খেলুন এবং জিতে নিন ১০টি Xiaomi স্মার্টফোন! দ্রুত করুন, ক্লিক: https://cutt.ly/CeoPN2O8",Bengali,"এখনই খেলুন এবং জিতে নিন ১০টি Xiaomi স্মার্টফোন! দ্রুত করুন, ক্লিক: [URL]"
normal,"তুমি কি কালকে ফ্রি আছো? একসাথে নিউ মার্কেট ঘুরতে যাই, কয়েকটা বই কিনতে চাই।",Bengali,"তুমি কি কালকে ফ্রি আছো? একসাথে নিউ মার্কেট ঘুরতে যাই, কয়েকটা বই কিনতে চাই।"
smish,"যুক্তরাজ্যে নিবন্ধিত নার্স হিসাবে একটি ক্যারিয়ার তৈরি করুন , মাসিক মিনিমাম সহ 2 বছরের কাজের ভিসা। প্রারম্ভিক বেতন ৩ লাখ টাকা বিএসবি,ঢাকা Please Contact Us: 01332518402 , 01332518406",Bengali,"যুক্তরাজ্যে নিবন্ধিত নার্স হিসাবে একটি ক্যারিয়ার তৈরি করুন , মাসিক মিনিমাম সহ 2 বছরের কাজের ভিসা। প্রারম্ভিক বেতন ৩ লাখ টাকা বিএসবি,ঢাকা Please Contact Us: [PHONE] , [PHONE]"
smish,Your number has been selected for a special offer! Call to get prize +8801712233445,English,Your number has been selected for a special offer! Call to get prize [PHONE]
smish,Call to receive your prize money: +8801811234567,English,Call to receive your prize money: [PHONE]
smish,"গ্রামীণফোন গ্রাহক, আপনার সিম বন্ধ হয়ে যাবে যদি NID যাচাই না করেন। ভিজিট করুন: gpupdate-bd.org।",Bengali,"গ্রামীণফোন গ্রাহক, আপনার সিম বন্ধ হয়ে যাবে যদি NID যাচাই না করেন। ভিজিট করুন: [URL]"
normal,তোমার ভাইবোন কেমন আছে?,Bengali,তোমার ভাইবোন কেমন আছে?
smish,বিপিএলে বাজি ধরুন এবং ৭ দিনের জন্য একটি ফ্রি ছুটি জিতুন। শুরু করুন: super1000.info/docs,Bengali,বিপিএলে বাজি ধরুন এবং ৭ দিনের জন্য একটি ফ্রি ছুটি জিতুন। শুরু করুন: [URL]
normal,শুভ ভালোবাসা দিবস!,Bengali,শুভ ভালোবাসা দিবস!
promo,150 mins for 130TK (30 days) with bonus. Dial *121*5205# or https://mygp.li/a0,English,150 mins for 130TK (30 days) with bonus. Dial *121*5205# or [URL]
smish,Insurance claim rejected. Appeal fee 31584 TK: secure-bd.com/pay,English,Insurance claim rejected. Appeal fee 31584 TK: [URL]
smish,Urgent message from Janata Bank. Click here for details: https://t.me/JanataUrgentBot2,English,Urgent message from Janata Bank. Click here for details: [URL]
promo,হোম ক্লিনিং সার্ভিস! প্রথম সার্ভিসে ৫০% ছাড়। বুকিং দিন।,Bengali,হোম ক্লিনিং সার্ভিস! প্রথম সার্ভিসে ৫০% ছাড়। বুকিং দিন।
normal,০১৭৩৮২৭৩৮২৮ এই নাম্বারে জরুরি টাকা পাঠান।,Bengali,[PHONE] এই নাম্বারে জরুরি টাকা পাঠান।
promo,Handi grand opening! buffet 599 TK. Gulshan. Book now: 01798352641!,English,Handi grand opening! buffet 599 TK. Gulshan. Book now: [PHONE] !
smish,Police case filed against you. Settlement 19687 TK: urgent-bd.org/urgent,English,Police case filed against you. Settlement 19687 TK: [URL]
normal,ভাইয়া ভর্তির জন্য কি বাবার আয়ের সনদ দিতেই হয়??  বলবেন একটু,Bengali,ভাইয়া ভর্তির জন্য কি বাবার আয়ের সনদ দিতেই হয়?? বলবেন একটু
smish,"Invest TK 5,000 and get TK 20,000! Call: +8801918899001",English,"Invest TK 5,000 and get TK 20,000! Call: [PHONE]"
smish,শাকিব আল হাসানের সাথে একান্ত সাক্ষাতকারের সুযোগ পেতে বেটিং করুন। এখনই ক্লিক করুন: ebayisapidlld.altervista.org/,Bengali,শাকিব আল হাসানের সাথে একান্ত সাক্ষাতকারের সুযোগ পেতে বেটিং করুন। এখনই ক্লিক করুন: [URL]
smish,"Win 1 lakh taka for TK 499, details https://laptop.vkrh.top/?ok=PKQMAHca",English,"Win 1 lakh taka for TK 499, details [URL]"
normal,I always want to provide solutions for my problems.,English,I always want to provide solutions for my problems.
normal,What's the news of your day?,English,What's the news of your day?
promo,"বাংলাদেশ নৌবাহিনীতে সরাসরি কমিশন্ড অফিসার পদে নিয়োগ চলছে। 
ভিজিট করুনঃ www.joinnavy.navy.mil.bd
",Bengali,বাংলাদেশ নৌবাহিনীতে সরাসরি কমিশন্ড অফিসার পদে নিয়োগ চলছে। ভিজিট করুনঃ [URL]
smish,Bank notice: Your account shows irregular transactions. Verify: trust-sonali.net/verify OTP: 8847,English,Bank notice: Your account shows irregular transactions. Verify: [URL] OTP: 8847
promo,Robi customers enjoy 30 days unlimited internet at 399TK! Limited time offer.,English,Robi customers enjoy 30 days unlimited internet at 399TK! Limited time offer.
normal,পাখিরা গাছে খুব সুন্দর গান গায়।,Bengali,পাখিরা গাছে খুব সুন্দর গান গায়।
promo,মাত্র ৯৭৳ ৩০দিন বিশ্বকাপ ক্রিকেট + ১জিবি ডাটা নিতে: cutt.ly/YwmtpRRj,Bengali,মাত্র ৯৭৳ ৩০দিন বিশ্বকাপ ক্রিকেট + ১জিবি ডাটা নিতে: cutt.ly/YwmtpRRj
promo,"হ্যাপি নিউ ইয়ার - ২০২৪
স্মার্ট ব্যাংকিং সেবায় সোনালী ব্যাংক
সর্বদাই আপনার পাশে
মোঃ আফজাল করিম
সিইও এন্ড এমডি",Bengali,হ্যাপি নিউ ইয়ার - ২০২৪ স্মার্ট ব্যাংকিং সেবায় সোনালী ব্যাংক সর্বদাই আপনার পাশে মোঃ আফজাল করিম সিইও এন্ড এমডি
smish,অভিনন্দন! আপনি ডাচ বাংলা ব্যাংক উপবৃত্তির জন্য নির্বাচিত হয়েছেন। সঠিকভাবে নিশ্চায়ন এবং টাকাও উত্তোলনের নিয়ম জানতে নিচের লিংকে ক্লিক করুন।,Bengali,অভিনন্দন! আপনি ডাচ বাংলা ব্যাংক উপবৃত্তির জন্য নির্বাচিত হয়েছেন। সঠিকভাবে নিশ্চায়ন এবং টাকাও উত্তোলনের নিয়ম জানতে নিচের লিংকে ক্লিক করুন।
promo,Aarong Eid sale! All clothing up to 60% discount. Limited time!,English,Aarong Eid sale! All clothing up to 60% discount. Limited time!
smish,Traffic police case filed against you. Settle 8000 TK fine: traffic-court.bd/settle Violation: TR7394,English,Traffic police case filed against you. Settle 8000 TK fine: [URL] Violation: TR7394
promo,10% discount on new menu! Come to our restaurant today.,English,10% discount on new menu! Come to our restaurant today.
normal,"You are not alone, we are here.",English,"You are not alone, we are here."
normal,আজ কি সিনেমা দেখবে?,Bengali,আজ কি সিনেমা দেখবে?
normal,মিঠু ভাইয়ের নাম্বারে টাকা দিয়ে তারপর আসিস।,Bengali,মিঠু ভাইয়ের নাম্বারে টাকা দিয়ে তারপর আসিস।
smish,Emergency: Your father hospitalized. Medical bills 35000 TK needed: hospital-emergency.bd/urgent,English,Emergency: Your father hospitalized. Medical bills 35000 TK needed: [URL]
normal,০১৮২৭৩৮২৭৩৯ এই নাম্বারে দ্রুত টাকা পাঠাও।,Bengali,[PHONE] এই নাম্বারে দ্রুত টাকা পাঠাও।
normal,সকালে বাসে ভিড় লাগছে।,Bengali,সকালে বাসে ভিড় লাগছে।
smish,Click here to update your insurance policy: [insuranceupdate.com/UpdateBD],English,Click here to update your insurance policy: [URL]
normal,"2000/- taka has been deducted from your account, call for details.",English,"2000/- taka has been deducted from your account, call for details."
smish,সোনালী ব্যাংক ইন্টারনেট ব্যাংকিং সাসপেন্ড হয়েছে। sonali-ibverify24.org এ যান এবং ডিটেইলস দিন।,Bengali,সোনালী ব্যাংক ইন্টারনেট ব্যাংকিং সাসপেন্ড হয়েছে। [URL] এ যান এবং ডিটেইলস দিন।
smish,আপনার পরিচয় নিশ্চিত করতে হবে। এখানে ক্লিক করুন: [identityverify.com/VerifyBD],Bengali,আপনার পরিচয় নিশ্চিত করতে হবে। এখানে ক্লিক করুন: [URL]
smish,Log in for the security of your bank account: [bankverify.net/LoginBD],English,Log in for the security of your bank account: [URL]
promo,"ফুলঅন আড্ডা+ইন্টারনেটিং করতে ৬১জিবি+১০০০মি@৳৮৯৯,৩০দিন cutt.ly/LwEXIUPL",Bengali,"ফুলঅন আড্ডা+ইন্টারনেটিং করতে ৬১জিবি+১০০০মি@৳৮৯৯,৩০দিন cutt.ly/LwEXIUPL"
smish,জনতা ব্যাংক অ্যাকাউন্ট ব্লক হয়েছে। পুনরায় চালু করতে এখানে ক্লিক করুন: https://t.me/JanataActivateBot,Bengali,জনতা ব্যাংক অ্যাকাউন্ট ব্লক হয়েছে। পুনরায় চালু করতে এখানে ক্লিক করুন: [URL]
smish,Bet on BPL to get a chance for an exclusive meeting with Mashrafi. Click now: promusic.co/components/interbank.com/,English,Bet on BPL to get a chance for an exclusive meeting with Mashrafi. Click now: [URL]
promo,Bonus offer: 2GB-45TK-3days. Dial *121*5534# or mygp.li/my,English,Bonus offer: 2GB-45TK-3days. Dial *121*5534# or mygp.li/my
normal,"০১৮৭৩৮২৭৩৮৪ এই নাম্বারে কল করুন, জরুরি।",Bengali,"[PHONE] এই নাম্বারে কল করুন, জরুরি।"
normal,"You can do it, just keep at it.",English,"You can do it, just keep at it."
smish,"Hello, I'm ALIYE from Amazon HR. We're offering part-time work (no fees/investment). Earn 300-1200TK daily in 5-10 minutes. Interested?",English,"Hello, I'm ALIYE from Amazon HR. We're offering part-time work (no fees/investment). Earn 300-1200TK daily in 5-10 minutes. Interested?"
normal,Happy birthday congratulations!,English,Happy birthday congratulations!
promo,Pathao Food-এ এই সপ্তাহে সব অর্ডারে ফ্রি ডেলিভারি। এখনই অর্ডার করুন।,Bengali,Pathao Food-এ এই সপ্তাহে সব অর্ডারে ফ্রি ডেলিভারি। এখনই অর্ডার করুন।
promo,৩০জিবি (বোনাস সহ) ৩০০টাকা ৩০দিন। ডায়াল *১২১*৫২৫৪# বা mygp.li/mo,Bengali,৩০জিবি (বোনাস সহ) ৩০০টাকা ৩০দিন। ডায়াল *১২১*৫২৫৪# বা mygp.li/mo
normal,বাবা আজ বাড়ির পাশে রয়েছেন।,Bengali,বাবা আজ বাড়ির পাশে রয়েছেন।
promo,New home loan available! minimal documents starting 6217 TK. Call 01715483926!,English,New home loan available! minimal documents starting 6217 TK. Call [PHONE] !
smish,"গভঃ রেজিঃ  - ১৮০৭২৭/২০২২ National agancy company পার্ট-টাইম চাকরি
পড়াশোনার পাশাপাশি অনলাইন প্লাটফর্মে বিজ্ঞাপন প্রচার করার জন্য ছেলে মেয়ে কর্মী নিয়োগ চলছে।
পদের_নামঃ কল সেন্টার
মাসিক বেতনঃ 10/12 হাজার 
দৈনিক কাজের সময়ঃ ৪/৫ঘন্টা
আগ্রহী আপুরা ও ভাইয়েরা সরাসরি ইনবক্স_এ যোগাযোগ করুন।বা ফোন . 01984766558",Bengali,গভঃ রেজিঃ - ১৮০৭২৭/২০২২ National agancy company পার্ট-টাইম চাকরি পড়াশোনার পাশাপাশি অনলাইন প্লাটফর্মে বিজ্ঞাপন প্রচার করার জন্য ছেলে মেয়ে কর্মী নিয়োগ চলছে। পদের_নামঃ কল সেন্টার মাসিক বেতনঃ 10/12 হাজার দৈনিক কাজের সময়ঃ ৪/৫ঘন্টা আগ্রহী আপুরা ও ভাইয়েরা সরাসরি ইনবক্স_এ যোগাযোগ করুন।বা ফোন . [PHONE]
promo,"Transcom Digital phone accessories mega sale: Cases, chargers, earphones!",English,"Transcom Digital phone accessories mega sale: Cases, chargers, earphones!"
promo,"Square Toiletries beauty products sale! All skincare items 35% off. Look beautiful, feel confident!",English,"Square Toiletries beauty products sale! All skincare items 35% off. Look beautiful, feel confident!"
promo,200TK same cashback! Get 60GB+1000minutes@699TK 30days: cutt.ly/aAhiAsI,English,200TK same cashback! Get 60GB+1000minutes@699TK 30days: cutt.ly/aAhiAsI
normal,Electricity bill has been applied.,English,Electricity bill has been applied.
smish,আপনার টেলিফোন বিল ৩ মাস বকেয়া। লাইন কাটা হবে: pay-phone.cf,Bengali,আপনার টেলিফোন বিল ৩ মাস বকেয়া। লাইন কাটা হবে: pay-phone.cf
normal,Are you going by bus?,English,Are you going by bus?
normal,তুমি কি পার্টিতে যাচ্ছো?,Bengali,তুমি কি পার্টিতে যাচ্ছো?
normal,"সব ঠিক হয়ে যাবে, সাহস রেখো।",Bengali,"সব ঠিক হয়ে যাবে, সাহস রেখো।"
promo,“দ্বাদশ জাতীয় সংসদ নির্বাচনে অংশগ্রহণে ইচ্ছুক প্রার্থীগণ প্রচলিত পদ্ধতির পাশাপাশি অনলাইনেও মনোনয়নপত্র দাখিল করতে পারবেন। অনলাইনে মনোনয়ন দাখিল করতে কমিশনের ওয়েবসাইট www.ecs.gov.bd-এ প্রবেশ করুন”-ইসি,Bengali,“দ্বাদশ জাতীয় সংসদ নির্বাচনে অংশগ্রহণে ইচ্ছুক প্রার্থীগণ প্রচলিত পদ্ধতির পাশাপাশি অনলাইনেও মনোনয়নপত্র দাখিল করতে পারবেন। অনলাইনে মনোনয়ন দাখিল করতে কমিশনের ওয়েবসাইট [URL] প্রবেশ করুন”-ইসি
smish,Assalamualaikum! Do you want to earn money from home without any investment? Then work with our bot. You can earn without any investment. Bot link: https://t.me/free_online_income_24bot,English,Assalamualaikum! Do you want to earn money from home without any investment? Then work with our bot. You can earn without any investment. Bot link: [URL]
smish,"জরুরি সতর্কবার্তা! আপনার সোনালী ব্যাংক সেভিংস অ্যাকাউন্ট নং ১২৩৪৫৬৭৮৯০ থেকে গত রাত ২টায় ৫০,০০০ টাকা অননুমোদিত লেনদেন হয়েছে। আপনার অ্যাকাউন্টের নিরাপত্তার জন্য আমরা এটি অস্থায়ীভাবে ব্লক করেছি। অবিলম্বে ০১৭১১২২৩৩৪৪ নম্বরে কল করে আপনার পিন নাম্বার ও OTP দিয়ে অ্যাকাউন্ট আনব্লক করুন।",Bengali,"জরুরি সতর্কবার্তা! আপনার সোনালী ব্যাংক সেভিংস অ্যাকাউন্ট নং [PHONE] থেকে গত রাত ২টায় ৫০,০০০ টাকা অননুমোদিত লেনদেন হয়েছে। আপনার অ্যাকাউন্টের নিরাপত্তার জন্য আমরা এটি অস্থায়ীভাবে ব্লক করেছি। অবিলম্বে [PHONE] নম্বরে কল করে আপনার পিন নাম্বার ও OTP দিয়ে অ্যাকাউন্ট আনব্লক করুন।"
normal,শুভ সপ্তাহের প্রথম দিন!,Bengali,শুভ সপ্তাহের প্রথম দিন!
smish,অভিনন্দন! আপনি ১ কোটি টাকা লটারি জিতেছেন। আপনার পুরস্কার সংগ্রহ করতে আমাদের সাথে যোগাযোগ করুন। যোগাযোগ:০১৫৬৭৫৪৬৩৯০,Bengali,অভিনন্দন! আপনি ১ কোটি টাকা লটারি জিতেছেন। আপনার পুরস্কার সংগ্রহ করতে আমাদের সাথে যোগাযোগ করুন। যোগাযোগ: [PHONE]
smish,লটারি জয়ী! আপনি ২০ লক্ষ টাকা পেয়েছেন। ক্লেইম করুন: lottery-claim.cf,Bengali,লটারি জয়ী! আপনি ২০ লক্ষ টাকা পেয়েছেন। ক্লেইম করুন: lottery-claim.cf
smish,Your landline disconnected for illegal international calls. Restore with penalty 4800 TK: phone-restore.bd/pay,English,Your landline disconnected for illegal international calls. Restore with penalty 4800 TK: [URL]
normal,আজকের আপনার দিন কেমন কাটছে?,Bengali,আজকের আপনার দিন কেমন কাটছে?
normal,এটি IQ পরীক্ষা পর্বের একটি অংশ।,Bengali,এটি IQ পরীক্ষা পর্বের একটি অংশ।
promo,"৳৩৫ ক্যাশব্যাকে এবার আরো বেশি ডাটা ৫০জিবি@৳৪৬৩,৩০দিন cutt.ly/HwOETkke",Bengali,"৳৩৫ ক্যাশব্যাকে এবার আরো বেশি ডাটা ৫০জিবি@৳৪৬৩,৩০দিন cutt.ly/HwOETkke"
normal,I'm taking a cooking class to learn authentic Bangladeshi recipes.,English,I'm taking a cooking class to learn authentic Bangladeshi recipes.
normal,"০১৮২৭৩৮২৭৮৫ এই নাম্বারে কল করুন, টাকা দরকার।",Bengali,"[PHONE] এই নাম্বারে কল করুন, টাকা দরকার।"
promo,"More chatting+internetting, get 5GB+150min@TK159, 7 days cutt.ly/owEyhCVt",English,"More chatting+internetting, get 5GB+150min@TK159, 7 days cutt.ly/owEyhCVt"
promo,Star Kabab special combo meals starting 150TK. Dine-in and takeaway!,English,Star Kabab special combo meals starting 150TK. Dine-in and takeaway!
smish,আপনার ক্রেডিট কার্ডে অজানা একটি ট্রানজাকশন সনাক্ত করা হয়েছে। নিশ্চিতকরণের জন্য অনুগ্রহ করে এখানে লগইন করুন: http://bit.ly/CardSecure,Bengali,আপনার ক্রেডিট কার্ডে অজানা একটি ট্রানজাকশন সনাক্ত করা হয়েছে। নিশ্চিতকরণের জন্য অনুগ্রহ করে এখানে লগইন করুন: [URL]
normal,Thanks for the amazing vacation photos! Looks like you had an incredible time in the Maldives. So jealous!,English,Thanks for the amazing vacation photos! Looks like you had an incredible time in the Maldives. So jealous!
promo,"শেখ হাসিনা সরকারের সাফল্যঃ
মাননীয় প্রধানমন্ত্রী শেখ হাসিনার নির্দেশে এখন পর্যন্ত ১৩ লাখ গৃহহীন পরিবারকে জমিসহ ঘর নির্মাণ করে দিয়েছে সরকার। ফলে ভাগ্য বদলে গেছে প্রায় ৫০ লাখ অসহায় মানুষের। 
",Bengali,শেখ হাসিনা সরকারের সাফল্যঃ মাননীয় প্রধানমন্ত্রী শেখ হাসিনার নির্দেশে এখন পর্যন্ত ১৩ লাখ গৃহহীন পরিবারকে জমিসহ ঘর নির্মাণ করে দিয়েছে সরকার। ফলে ভাগ্য বদলে গেছে প্রায় ৫০ লাখ অসহায় মানুষের।
promo,"৩০৳ ক্যাশব্যাক! ৩১জিবি+৪৫০মি.@৪৬৯৳ ৩০দিন, নিয়ে নাও: cutt.ly/hwTmxGd8",Bengali,"৩০৳ ক্যাশব্যাক! ৩১জিবি+৪৫০মি.@৪৬৯৳ ৩০দিন, নিয়ে নাও: cutt.ly/hwTmxGd8"
normal,"এটা রাকিবের নাম্বার, ০১৭৬৩৮৩৯৮৫৪ কল দিস।",Bengali,"এটা রাকিবের নাম্বার, [PHONE] কল দিস।"
smish,Important message from Bangladesh Bank. Click here for details: https://wa.me/8801914344356,English,Important message from Bangladesh Bank. Click here for details: [URL]
promo,Banglalink Game Portal সাবস্ক্রিপশন এখন মাত্র ১০ টাকা প্রতিদিন।,Bengali,Banglalink Game Portal সাবস্ক্রিপশন এখন মাত্র ১০ টাকা প্রতিদিন।
normal,Call me at this number 01729182893.,English,Call me at this number [PHONE] .
smish,সোনালী ব্যাংক অ্যাকাউন্টে সমস্যা হয়েছে। বিস্তারিত জানতে এখানে ক্লিক করুন: https://wa.me/8801811011123,Bengali,সোনালী ব্যাংক অ্যাকাউন্টে সমস্যা হয়েছে। বিস্তারিত জানতে এখানে ক্লিক করুন: [URL]
promo,"Hatil furniture mega sale! Bedroom, dining, living room sets 40% discount. EMI facility available!",English,"Hatil furniture mega sale! Bedroom, dining, living room sets 40% discount. EMI facility available!"
normal,Give money to Mithu bhai's number then come.,English,Give money to Mithu bhai's number then come.
normal,কি খুব ভালো প্রশ্ন!,Bengali,কি খুব ভালো প্রশ্ন!
normal,"আপনার মেয়ে হাসপাতালে, জলদি টাকা পাঠান ০১৮২৮১৭৩৯১২।",Bengali,"আপনার মেয়ে হাসপাতালে, জলদি টাকা পাঠান [PHONE] ।"
promo,"Marico hair care products mega sale! All shampoos, oils 30% discount. Healthy hair starts today!",English,"Marico hair care products mega sale! All shampoos, oils 30% discount. Healthy hair starts today!"
promo,<#> Your MyGP PIN (code) is: 7433. Use this PIN to verify. Do not forward or share this PIN with anyone to prevent misuse FyXTPoy9ZDa,English,<#> Your MyGP PIN (code) is: 7433. Use this PIN to verify. Do not forward or share this PIN with anyone to prevent misuse FyXTPoy9ZDa
promo,"Robi গ্রাহকগণ, রবিবারে ৫ জিবি মাত্র ৮৯ টাকা।",Bengali,"Robi গ্রাহকগণ, রবিবারে ৫ জিবি মাত্র ৮৯ টাকা।"
smish,Update your credit card account. Please click here: http://bit.ly/CardUpdate,English,Update your credit card account. Please click here: [URL]
smish,"আপনাদের চাকরির আবেদন মঞ্জুর হয়েছে এবং বেতন প্রতিদিন ৩০০০ টাকা।

যোগাযোগের তথ্য: [https://wa.me/8801929757090](https://wa.me/8801929757090)",Bengali,আপনাদের চাকরির আবেদন মঞ্জুর হয়েছে এবং বেতন প্রতিদিন ৩০০০ টাকা। যোগাযোগের তথ্য: [ [URL]
smish,"Those who haven't made an account in hamster yet, quickly make an account and join. Good news will come in July. Join fast https://t.me/hamster_kombat_boT/start...",English,"Those who haven't made an account in hamster yet, quickly make an account and join. Good news will come in July. Join fast [URL]"
smish,আপনার GP অ্যাকাউন্ট ২৪ ঘণ্টার মধ্যে ব্লক হবে যদি এখনই gp-safe24.org এ লগইন না করেন। নাম্বার ও OTP দিন।,Bengali,আপনার GP অ্যাকাউন্ট ২৪ ঘণ্টার মধ্যে ব্লক হবে যদি এখনই [URL] এ লগইন না করেন। নাম্বার ও OTP দিন।
promo,Use 5GB data in April and get lowest call rate in May- cutt.ly/0AA4sic,English,Use 5GB data in April and get lowest call rate in May- cutt.ly/0AA4sic
promo,"‘করবো বীমা, গড়বো দেশ
স্মার্ট হবে বাংলাদেশ।’ বীমা উন্নয়ন ও নিয়ন্ত্রণ কর্তৃপক্ষ এবং আর্থিক প্রতিষ্ঠান বিভাগ অর্থ মন্ত্রণালয়।",Bengali,"‘করবো বীমা, গড়বো দেশ স্মার্ট হবে বাংলাদেশ।’ বীমা উন্নয়ন ও নিয়ন্ত্রণ কর্তৃপক্ষ এবং আর্থিক প্রতিষ্ঠান বিভাগ অর্থ মন্ত্রণালয়।"
normal,Send bKash to this number 01672573851.,English,Send bKash to this number [PHONE] .
normal,"দিদি, তোমার এক্সাম কেমন গেলো? সব প্রশ্ন করতে পেরেছো?",Bengali,"দিদি, তোমার এক্সাম কেমন গেলো? সব প্রশ্ন করতে পেরেছো?"
promo,Daraz Mall-এ শপিং করলে ২০০ টাকা ডিসকাউন্ট ভাউচার ফ্রি। নতুন ইউজারদের জন্য।,Bengali,Daraz Mall-এ শপিং করলে ২০০ টাকা ডিসকাউন্ট ভাউচার ফ্রি। নতুন ইউজারদের জন্য।
promo,"TK 45 cashback! 46GB @ TK 453, 30 days, grab it now: cutt.ly/4wQzxdl1",English,"TK 45 cashback! 46GB @ TK 453, 30 days, grab it now: cutt.ly/4wQzxdl1"
normal,Send money via Rocket to this number: 01738293765,English,Send money via Rocket to this number: [PHONE]
smish,Double your savings! Call now: +8801919876543,English,Double your savings! Call now: [PHONE]
promo,"Pocket saving in interneting, get 10GB@TK158,7 days: cutt.ly/FwUC6vhp",English,"Pocket saving in interneting, get 10GB@TK158,7 days: cutt.ly/FwUC6vhp"
smish,"https://t.me/Referincomebd4536_bot?start=r04697367725

ফ্রি আবারো আসলো আপনাদের মাঝে নতুন একটি ইনকাম বট যেটি প্রতি রেফারে দিচ্ছে ৭৫ টাকা করে তাই আর দেরি না করে কাজে লেগে পরুন ☺️🫰",Bengali,[URL] ফ্রি আবারো আসলো আপনাদের মাঝে নতুন একটি ইনকাম বট যেটি প্রতি রেফারে দিচ্ছে ৭৫ টাকা করে তাই আর দেরি না করে কাজে লেগে পরুন ☺️🫰
smish,🤑Earn TK 400–500 daily 💸 in just 5 minutes. Link has all details 🤗 🗣️ Telegram required 💁🏼 https://t.me/Referincomebd4536_bot?start=r05291672775,English,🤑Earn TK 400–500 daily 💸 in just 5 minutes. Link has all details 🤗 🗣️ Telegram required 💁🏼 [URL]
normal,"০১৬৭২৫৮৩৭৮৯ নাম্বারে কল করুন, আমার টাকা দরকার।",Bengali,"[PHONE] নাম্বারে কল করুন, আমার টাকা দরকার।"
promo,"Success of Sheikh Hasina's government: 
Farmer-friendly government reduced fertilizer prices—TSP from TK 80 to 27, DAP from TK 90 to 21, and MOP from TK 70 to 20.",English,"Success of Sheikh Hasina's government: Farmer-friendly government reduced fertilizer prices—TSP from TK 80 to 27, DAP from TK 90 to 21, and MOP from TK 70 to 20."
smish,5000 TK deposited to Sonali Bank account. Click here to confirm: [https://wa.me/8801812345678](https://wa.me/8801812345678),English,5000 TK deposited to Sonali Bank account. Click here to confirm: [ [URL]
normal,তোমার জন্য একটি গল্প আছে?,Bengali,তোমার জন্য একটি গল্প আছে?
normal,"ধৈর্য ধরো, সব ঠিক হয়ে যাবে।",Bengali,"ধৈর্য ধরো, সব ঠিক হয়ে যাবে।"
smish,Call to update Bangladesh Bank account: +8801813344556,English,Call to update Bangladesh Bank account: [PHONE]
smish,🤑প্রতিদিন ৪০০-৫০০ টাকা 💸। ইনকাম‌ করুন মাত্র পাঁচ মিনিটের মধ্যে।    লিংকের মধ্যে রয়েছে বিস্তারিত 🤗 🗣️ টেলিগ্রাম থাকতে হবে 💁🏼https://t.me/Referincomebd4536_bot?start=r05291672775,Bengali,🤑প্রতিদিন ৪০০-৫০০ টাকা 💸। ইনকাম‌ করুন মাত্র পাঁচ মিনিটের মধ্যে। লিংকের মধ্যে রয়েছে বিস্তারিত 🤗 🗣️ টেলিগ্রাম থাকতে হবে 💁🏼 [URL]
smish,Bet at casino and win a free house! Start today: super1000.info/docs,English,Bet at casino and win a free house! Start today: [URL]
normal,০১৮২৭২৮৩৭৪৭ নাম্বারে বিকাশ করুন।,Bengali,[PHONE] নাম্বারে বিকাশ করুন।
promo,Prime Bank car loan special! New car financing up to 80% loan amount. Drive your dream car!,English,Prime Bank car loan special! New car financing up to 80% loan amount. Drive your dream car!
smish,"Your loan has been approved! Click this link now to get TK5,00,000 loan at only 5% interest",English,"Your loan has been approved! Click this link now to get TK5,00,000 loan at only 5% interest"
smish,"With the smartphone in your hand, if you want to earn online safely 100%, contact us. There is no withdrawal option, no hassle with withdrawal. If you earn one taka, you can cash it out. 100% desatellized project, so once activated you can earn for life. Telegram : @TanimHasan7 Our telegram group link https://t.me/forsagec77",English,"With the smartphone in your hand, if you want to earn online safely 100%, contact us. There is no withdrawal option, no hassle with withdrawal. If you earn one taka, you can cash it out. 100% desatellized project, so once activated you can earn for life. Telegram : @TanimHasan7 Our telegram group link [URL]"
normal,আপনি কি খবর?,Bengali,আপনি কি খবর?
normal,You are made for success.,English,You are made for success.
normal,What's the plan today?,English,What's the plan today?
smish,একটি ক্লিকে বিস্তারিত জানুন কীভাবে ইনকাম করতে হয়! ঘরে বসে মোবাইল থেকে টাকা ইনকাম করুন: https://refer.mslgames.com/YfrcqEcoToos53HN7,Bengali,একটি ক্লিকে বিস্তারিত জানুন কীভাবে ইনকাম করতে হয়! ঘরে বসে মোবাইল থেকে টাকা ইনকাম করুন: [URL]
smish,Earn money using mobile! New 2023 method. Join for details: https://t.me/Poolsclub,English,Earn money using mobile! New 2023 method. Join for details: [URL]
promo,79 paisa per minute call rate offer for 15 days. Recharge with 119TK.,English,79 paisa per minute call rate offer for 15 days. Recharge with 119TK.
normal,"আপনার বিদ্যুৎ বিল বাকি আছে ৭২০০/- টাকা, জরুরি।",Bengali,"আপনার বিদ্যুৎ বিল বাকি আছে ৭২০০/- টাকা, জরুরি।"
smish,অভিনন্দন! আপনি Amazon উপহার কার্ডে $1000 জিতেছেন। দাবি করতে নীচের লিঙ্কে ক্লিক করুন. bit.ly/45673,Bengali,অভিনন্দন! আপনি Amazon উপহার কার্ডে $1000 জিতেছেন। দাবি করতে নীচের লিঙ্কে ক্লিক করুন. bit.ly/45673
smish,"মাত্র ২০০ টাকা ইনভেস্ট করে জিতুন ২০০% পর্যন্ত স্বাগত বোনাস Nagad88 এ, যে কোনো পরিমাণ টাকা তুলতে পারবেন। ",Bengali,"মাত্র ২০০ টাকা ইনভেস্ট করে জিতুন ২০০% পর্যন্ত স্বাগত বোনাস Nagad88 এ, যে কোনো পরিমাণ টাকা তুলতে পারবেন।"
promo,"ঈদ কেনাকাটা হোক ডায়মন্ড ওয়ার্ল্ডের সাথে, উপভোগ করুন ডায়মন্ড গহনায় ২৫%ছাড় ও গোল্ডের আকর্ষণীয় কালেকশন। ভিজিট:qrco.de/beuAOs, ০১৭১৩১৯৯২৭০",Bengali,"ঈদ কেনাকাটা হোক ডায়মন্ড ওয়ার্ল্ডের সাথে, উপভোগ করুন ডায়মন্ড গহনায় ২৫%ছাড় ও গোল্ডের আকর্ষণীয় কালেকশন। ভিজিট:qrco.de/beuAOs, [PHONE]"
promo,"২০০৳ ক্যাশব্যাক শেষ দিন! ৬১জিবি+১০০০মি@৳৬৯৯,৩০দিন: cutt.ly/OwG5T3ub",Bengali,"২০০৳ ক্যাশব্যাক শেষ দিন! ৬১জিবি+১০০০মি@৳৬৯৯,৩০দিন: cutt.ly/OwG5T3ub"
normal,Hope your medical test results come back normal. I'm sure everything will be fine. Stay positive!,English,Hope your medical test results come back normal. I'm sure everything will be fine. Stay positive!
normal,"সবকিছু ঠিকঠাক হবে, চিন্তা কোরো না।",Bengali,"সবকিছু ঠিকঠাক হবে, চিন্তা কোরো না।"
promo,"Pro-level TK55 cashback 35GB+500min@TK444, 30 days: cutt.ly/XernQ63M",English,"Pro-level TK55 cashback 35GB+500min@TK444, 30 days: cutt.ly/XernQ63M"
smish,জনতা ব্যাংক থেকে জরুরি বার্তা। কল করুন: +8801719900112,Bengali,জনতা ব্যাংক থেকে জরুরি বার্তা। কল করুন: [PHONE]
promo,"Buy 3, 5 and 10 katha plots of Navana adjacent to Purbachal – 01847-214019",English,"Buy 3, 5 and 10 katha plots of Navana adjacent to Purbachal – [PHONE]"
promo,"১০০৳ ক্যাশব্যাকে ৩১জিবি+৪৫০মি.@৩৯৯৳,৩০দিন, নিয়ে নাও: cutt.ly/2wQlYv6U",Bengali,"১০০৳ ক্যাশব্যাকে ৩১জিবি+৪৫০মি.@৩৯৯৳,৩০দিন, নিয়ে নাও: cutt.ly/2wQlYv6U"
promo,Walton factory outlet! electronics 35% off. Dhanmondi showroom!,English,Walton factory outlet! electronics 35% off. Dhanmondi showroom!
smish,ফুটবলে বাজি ধরুন এবং একটি বিলাসবহুল গাড়ি জিতুন। ক্লিক করুন: phlebolog.com.ua/libraries/joomla/results.php,Bengali,ফুটবলে বাজি ধরুন এবং একটি বিলাসবহুল গাড়ি জিতুন। ক্লিক করুন: [URL]
smish,"Get BDT 2,000 discount on your next Grameenphone recharge.",English,"Get BDT 2,000 discount on your next Grameenphone recharge."
normal,"আব্বু, আজ বৃষ্টি হচ্ছে। আপনি ছাতা নিয়ে বের হবেন।",Bengali,"আব্বু, আজ বৃষ্টি হচ্ছে। আপনি ছাতা নিয়ে বের হবেন।"
smish,"Earn TK 400,000 by investing TK 200,000! Call: +8801710900912",English,"Earn TK 400,000 by investing TK 200,000! Call: [PHONE]"
normal,"Call this number 01672583789, I need money.",English,"Call this number [PHONE] , I need money."
normal,এখানে অবস্থান করতে চাও?,Bengali,এখানে অবস্থান করতে চাও?
normal,Good morning! Hope you slept well. Don't forget about our meeting at 3 PM today.,English,Good morning! Hope you slept well. Don't forget about our meeting at 3 PM today.
promo,"TK200 cashback last day, get 61GB+1000mi@TK699, 30 days: cutt.ly/FwQhpKHc",English,"TK200 cashback last day, get 61GB+1000mi@TK699, 30 days: cutt.ly/FwQhpKHc"
smish,সতর্কতা ! অর্ডার আইডি #MFHK98Z SONY Alpha SLT-A55 DSLR ক্যামেরার জন্য AMZ-এ আপনার কার্ড থেকে $765.00 চার্জ করা হয়েছে। বাতিল এবং ফেরত পেতে? আমাদের কল করুন + 1844 6620 383,Bengali,সতর্কতা ! অর্ডার আইডি #MFHK98Z SONY Alpha SLT-A55 DSLR ক্যামেরার জন্য AMZ-এ আপনার কার্ড থেকে $765.00 চার্জ করা হয়েছে। বাতিল এবং ফেরত পেতে? আমাদের কল করুন + 1844 6620 383
normal,আগামীকাল ঈদের শপিং করতে যাবো। তুমি কি যাবে সাথে?,Bengali,আগামীকাল ঈদের শপিং করতে যাবো। তুমি কি যাবে সাথে?
promo,নতুন ফ্যাশন কালেকশনে ২০% ডিসকাউন্ট। আজই আসুন!,Bengali,নতুন ফ্যাশন কালেকশনে ২০% ডিসকাউন্ট। আজই আসুন!
normal,Hope your mother is feeling better today. Sending positive thoughts and prayers for recovery.,English,Hope your mother is feeling better today. Sending positive thoughts and prayers for recovery.
smish,Bet on ISL and win a new smartphone. Click here: super1000.info/docs,English,Bet on ISL and win a new smartphone. Click here: [URL]
smish,You can earn 20 to 30 thousand per month 🌺\nContact number 01761693374 💢,English,You can earn 20 to 30 thousand per month 🌺\nContact number [PHONE] 💢
normal,This hardship will also pass.,English,This hardship will also pass.
smish,"আজই আইপিএলে বাজি ধরুন এবং ১০,০০০ টাকা ক্যাশব্যাক জিতুন। শুরু করুন: promusic.co/components/interbank.com/",Bengali,"আজই আইপিএলে বাজি ধরুন এবং ১০,০০০ টাকা ক্যাশব্যাক জিতুন। শুরু করুন: [URL]"
smish,"Follow this link to claim your free reward, contact: 01956789215",English,"Follow this link to claim your free reward, contact: [PHONE]"
smish,Your broadband bill overdue 2200 TK. Disconnection in 2 hours: internet-bill.bd/urgent Pay now!,English,Your broadband bill overdue 2200 TK. Disconnection in 2 hours: [URL] Pay now!
promo,"118TK cashback on 118TK recharge from Nagad to GP! May 6, 3pm-7pm, first come first served. Plus 5GB for 7 days! Dial *167#",English,"118TK cashback on 118TK recharge from Nagad to GP! May 6, 3pm-7pm, first come first served. Plus 5GB for 7 days! Dial *167#"
normal,I want to give time to build a book reading family.,English,I want to give time to build a book reading family.
promo,"Daraz Electronics Fair চলছে! ল্যাপটপ, হেডফোন আর টিভি কিনুন সর্বোচ্চ ৪০% ডিসকাউন্টে। অফার শেষ হবে ৩ দিনের মধ্যে।",Bengali,"Daraz Electronics Fair চলছে! ল্যাপটপ, হেডফোন আর টিভি কিনুন সর্বোচ্চ ৪০% ডিসকাউন্টে। অফার শেষ হবে ৩ দিনের মধ্যে।"
promo,"১৫০৳ ক্যাশব্যাকে সেরা অফার ৬১জিবি+১০০০মি@ ৳৭৪৯, ৩০দিন: cutt.ly/NwYKElsc",Bengali,"১৫০৳ ক্যাশব্যাকে সেরা অফার ৬১জিবি+১০০০মি@ ৳৭৪৯, ৩০দিন: cutt.ly/NwYKElsc"
smish,"Congratulations! You have won 50,000 taka cash prize. To claim your prize, call 018XXXXXXXXX.",English,"Congratulations! You have won 50,000 taka cash prize. To claim your prize, call 018XX."
smish,"প্রিয় ব্যবহারকারী, আপনার ফেসবুক একাউন্ট স্থগিত হবে। পুনরুদ্ধার করতে আপনার মোবাইল OTP দিন এই লিঙ্কে: facebook-bdverify.org।",Bengali,"প্রিয় ব্যবহারকারী, আপনার ফেসবুক একাউন্ট স্থগিত হবে। পুনরুদ্ধার করতে আপনার মোবাইল OTP দিন এই লিঙ্কে: [URL]"
normal,"Brother, Azhar brother asked to meet you. About M.Phil Synopsis",English,"Brother, Azhar brother asked to meet you. About M.Phil Synopsis"
smish,Click here to update Janata Bank account: https://t.me/JanataUpdateBot3,English,Click here to update Janata Bank account: [URL]
smish,Earn TK 46 lakh for free from 46 mining apps - from home with mobile,English,Earn TK 46 lakh for free from 46 mining apps - from home with mobile
normal,পরের সপ্তাহে কক্সবাজার যাওয়ার প্ল্যান করছি। সমুদ্র দেখতে উত্তেজনা আছে।,Bengali,পরের সপ্তাহে কক্সবাজার যাওয়ার প্ল্যান করছি। সমুদ্র দেখতে উত্তেজনা আছে।
smish,Call to update your internet package +8801714455667,English,Call to update your internet package [PHONE]
smish,আপনার ক্রেডিট স্কোর আপডেট করতে কল করুন +8801715566778,Bengali,আপনার ক্রেডিট স্কোর আপডেট করতে কল করুন [PHONE]
promo,"Call duration 00:00:44, charged 0.92 TK, remaining balance is 0.41 TK",English,"Call duration 00:00:44, charged 0.92 TK, remaining balance is 0.41 TK"
smish,জনতা ব্যাংক অ্যাকাউন্ট আপডেট করতে এখানে ক্লিক করুন: https://t.me/JanataUpdateBot3,Bengali,জনতা ব্যাংক অ্যাকাউন্ট আপডেট করতে এখানে ক্লিক করুন: [URL]
normal,আজকের পরিকল্পনা কি?,Bengali,আজকের পরিকল্পনা কি?
promo,Banglalink Game Portal-এ সাবস্ক্রিপশন এখন মাত্র ১২ টাকা প্রতিদিন। খেলা হোক আরও মজার। সক্রিয় করতে *5000# ডায়াল করুন।,Bengali,Banglalink Game Portal-এ সাবস্ক্রিপশন এখন মাত্র ১২ টাকা প্রতিদিন। খেলা হোক আরও মজার। সক্রিয় করতে *5000# ডায়াল করুন।
smish,"Play now, win 5 smartphones! Don't miss the opportunity, click: https://cutt.ly/Deo ; charge including tax TK 2.78/day.",English,"Play now, win 5 smartphones! Don't miss the opportunity, click: [URL] ; charge including tax TK 2.78/day."
smish,Your bKash account has been blocked. Click here to reactivate: https://wa.me/8801719876543,English,Your bKash account has been blocked. Click here to reactivate: [URL]
normal,"আমি ঠিক আছি, আপনি কেমন আছেন?",Bengali,"আমি ঠিক আছি, আপনি কেমন আছেন?"
promo,Domino's special: Buy any large pizza get medium pizza FREE! Call 16307 or order online now.,English,Domino's special: Buy any large pizza get medium pizza FREE! Call 16307 or order online now.
normal,I want to work as a director of an organization.,English,I want to work as a director of an organization.
normal,"Hi, what's happening?",English,"Hi, what's happening?"
normal,"আজকে দুপুরে কাবাব খেতে খেতে মনে পড়লো, তুমি গত বছর বলেছিলে এই রেস্টুরেন্টে যেও। সত্যিই দারুণ লেগেছে।",Bengali,"আজকে দুপুরে কাবাব খেতে খেতে মনে পড়লো, তুমি গত বছর বলেছিলে এই রেস্টুরেন্টে যেও। সত্যিই দারুণ লেগেছে।"
normal,আজ বিকেলে এক কাপ চা খেতে খেতে হঠাৎ পুরোনো দিনের কথা মনে পড়ছিলো। স্কুলের সময়কার আড্ডাগুলো সত্যিই অসাধারণ ছিল।,Bengali,আজ বিকেলে এক কাপ চা খেতে খেতে হঠাৎ পুরোনো দিনের কথা মনে পড়ছিলো। স্কুলের সময়কার আড্ডাগুলো সত্যিই অসাধারণ ছিল।
promo,সেনাবাহিনীতে সৈনিক পদে যোগদানের জন্য ১০ জানুয়ারি ২০২৪ হতে ১৫ ফেব্রুয়ারি ২০২৪ পর্যন্ত আবেদন আহবান করা হচ্ছে। নিয়োগ বিজ্ঞপ্তিতে প্রকাশিত নির্দেশনা অনুযায়ী টেলিটক সিমের মাধ্যমে আবেদন করতে হবে,Bengali,সেনাবাহিনীতে সৈনিক পদে যোগদানের জন্য ১০ জানুয়ারি ২০২৪ হতে ১৫ ফেব্রুয়ারি ২০২৪ পর্যন্ত আবেদন আহবান করা হচ্ছে। নিয়োগ বিজ্ঞপ্তিতে প্রকাশিত নির্দেশনা অনুযায়ী টেলিটক সিমের মাধ্যমে আবেদন করতে হবে
smish,200TK free bonus! Chance to win 5000TK. https://cutt.ly/JiliG,English,200TK free bonus! Chance to win 5000TK. [URL]
normal,I want to spend time with my family.,English,I want to spend time with my family.
normal,আমি আমার পরিবারের সঙ্গে আমি সময় কাটাতে চাই।,Bengali,আমি আমার পরিবারের সঙ্গে আমি সময় কাটাতে চাই।
normal,আমি এ ব্যাপারে আশাবাদী যে প্রতিবাদ লক্ষ্য মোটেও আবার প্রতিবাদ ডেকে আনা নয়। বরং প্রতিবাদের লক্ষ্য হলো নতুন কিছু এনে পরিবর্তন সাধন করা। — ডে রে ম্যাকেসন,Bengali,আমি এ ব্যাপারে আশাবাদী যে প্রতিবাদ লক্ষ্য মোটেও আবার প্রতিবাদ ডেকে আনা নয়। বরং প্রতিবাদের লক্ষ্য হলো নতুন কিছু এনে পরিবর্তন সাধন করা। — ডে রে ম্যাকেসন
smish,প্রতিদিন ৫০০-৭০০ টাকা ইনকাম করুন নতুন সিম নিয়ে! বিস্তারিত জানতে ইনবক্স করুন।,Bengali,প্রতিদিন ৫০০-৭০০ টাকা ইনকাম করুন নতুন সিম নিয়ে! বিস্তারিত জানতে ইনবক্স করুন।
normal,আজকে বাসে এক ঘন্টা দেরি হলো। ঢাকা শহরের জ্যামের কোনো সমাধান নেই।,Bengali,আজকে বাসে এক ঘন্টা দেরি হলো। ঢাকা শহরের জ্যামের কোনো সমাধান নেই।
smish,Click to talk on video or call https://t.co/EbXRF7TAFA?fbclid=9hIT17itA7iWLnV5aHpMh2SKDK_FREE_TO_WATCH_MY_VIDEOS_ONLY_FOR_TODAY_AND_FREE_LIVE_CAM_DATING_PRIVATE_WITH_ME_PLEASE_JOIN_ME,English,Click to talk on video or call [URL]
promo,শুধু আজকের অফার! ৪০জিবি (বোনাসসহ) ৫০০টাকা ৩০দিন।ডায়াল *১২১*৫০৪৯# বা mygp.li/mo,Bengali,শুধু আজকের অফার! ৪০জিবি (বোনাসসহ) ৫০০টাকা ৩০দিন।ডায়াল *১২১*৫০৪৯# বা mygp.li/mo
promo,home loan membership offer! Annual fee only 8962 TK. Benefits: free services!,English,home loan membership offer! Annual fee only 8962 TK. Benefits: free services!
normal,সকালে হাঁটতে যাবে?,Bengali,সকালে হাঁটতে যাবে?
smish,"ডেইলি ৫০০,৭০০,১০০০ টাকা ইনকাম
ইমারজে'ন্সি লোক লাগবে।
কেউ করতে চাইলে আমাকে মে'সেজ দিন।",Bengali,"ডেইলি ৫০০,৭০০,১০০০ টাকা ইনকাম ইমারজে'ন্সি লোক লাগবে। কেউ করতে চাইলে আমাকে মে'সেজ দিন।"
normal,Can I tell you something?,English,Can I tell you something?
smish,আপনার চাকরির পেমেন্ট পেন্ডিং। ক্লেইম করুন: claim-salary.tk,Bengali,আপনার চাকরির পেমেন্ট পেন্ডিং। ক্লেইম করুন: claim-salary.tk
promo,<#> আপনার মাইজিপি পিন (code) হচ্ছে: 7433. ভেরিফাই করতে এই পিনটি ব্যবহার করুন. অপব্যবহার ঠেকাতে এই পিনটি ফরওয়ার্ড অথবা কারো সাথে শেয়ার করবেন না FyXTPoy9ZDa,Bengali,<#> আপনার মাইজিপি পিন (code) হচ্ছে: 7433. ভেরিফাই করতে এই পিনটি ব্যবহার করুন. অপব্যবহার ঠেকাতে এই পিনটি ফরওয়ার্ড অথবা কারো সাথে শেয়ার করবেন না FyXTPoy9ZDa
promo,Guardian Life Insurance special premium! Health insurance with 10 lakh coverage just 5000 TK yearly!,English,Guardian Life Insurance special premium! Health insurance with 10 lakh coverage just 5000 TK yearly!
smish,শুধু মোবাইল থাকলে আপনিও পারবেন মাসে কমপক্ষে ১৫০০০-২০০০০ টাকা আয় করতে। বিস্তারিত জানতে ০১৭৮৩৬২৭২৮৪,Bengali,শুধু মোবাইল থাকলে আপনিও পারবেন মাসে কমপক্ষে [PHONE] টাকা আয় করতে। বিস্তারিত জানতে [PHONE]
normal,It's raining heavily this afternoon.,English,It's raining heavily this afternoon.
smish,আপনার পাসপোর্ট রিনিউ করার সময় হয়েছে। এখনই আবেদন: renew-passport.tk,Bengali,আপনার পাসপোর্ট রিনিউ করার সময় হয়েছে। এখনই আবেদন: renew-passport.tk
promo,মে মাসে ৫জিবির বেশি ব্যবহার করে পাও ৪৫প/মিন কলরেট- cutt.ly/0AA4sic,Bengali,মে মাসে ৫জিবির বেশি ব্যবহার করে পাও ৪৫প/মিন কলরেট- cutt.ly/0AA4sic
smish,"আপনার জন্য ৮500 বিনামূল্যে।
এটি এখানে পান: https://cutt
.ly/betvi",Bengali,আপনার জন্য ৮500 বিনামূল্যে। এটি এখানে পান: [URL] .ly/betvi
normal,Blessed month of Ramadan!,English,Blessed month of Ramadan!
normal,Do you have a story for you?,English,Do you have a story for you?
normal,কঠোর পরিশ্রমই সাফল্যের পথ।,Bengali,কঠোর পরিশ্রমই সাফল্যের পথ।
smish,"https://t.me/Referincomebd4536_bot?start=r00798685036
If you want to earn 200 to 300 taka per day, click this link",English,"[URL] If you want to earn 200 to 300 taka per day, click this link"
normal,Can you pick up some rice and lentils from the market? We're running low at home.,English,Can you pick up some rice and lentils from the market? We're running low at home.
normal,আজ দুপুরে অফিসে প্রচুর চাপ ছিল। বস আবার নতুন প্রজেক্ট নিয়ে মিটিং ডাকলো।,Bengali,আজ দুপুরে অফিসে প্রচুর চাপ ছিল। বস আবার নতুন প্রজেক্ট নিয়ে মিটিং ডাকলো।
promo,Robi 4.5G unlimited internet + calls package! Only 599 TK for 30 days. Activate: *8444*599#,English,Robi 4.5G unlimited internet + calls package! Only 599 TK for 30 days. Activate: *8444*599#
normal,কাল রাতে বাংলাদেশ আর পাকিস্তানের খেলা দেখেছো? ম্যাচটা একেবারে শেষ পর্যন্ত উত্তেজনাপূর্ণ ছিল। সবাই ক্যাফেতে বসে দারুণ আনন্দ করেছি।,Bengali,কাল রাতে বাংলাদেশ আর পাকিস্তানের খেলা দেখেছো? ম্যাচটা একেবারে শেষ পর্যন্ত উত্তেজনাপূর্ণ ছিল। সবাই ক্যাফেতে বসে দারুণ আনন্দ করেছি।
smish,5 lakh taka loan guaranteed within 24 hours. No deposit or brokerage. Apply today. Contact: 01867546389,English,5 lakh taka loan guaranteed within 24 hours. No deposit or brokerage. Apply today. Contact: [PHONE]
promo,26 January 2024 International Customs Day is being celebrated. This year's theme is 'New and old stakeholders together/Customs will achieve goals'. National Board of Revenue,English,26 January 2024 International Customs Day is being celebrated. This year's theme is 'New and old stakeholders together/Customs will achieve goals'. National Board of Revenue
normal,আমার মনে হয় আমাদের গ্রুপ স্টাডি আবার শুরু করা উচিত। পরীক্ষার সময় কাছেই।,Bengali,আমার মনে হয় আমাদের গ্রুপ স্টাডি আবার শুরু করা উচিত। পরীক্ষার সময় কাছেই।
normal,সুপ্রভাত!,Bengali,সুপ্রভাত!
smish,bKash অ্যাকাউন্ট ব্লক হয়েছে। পুনরায় চালু করতে কল করুন: +8801718899001,Bengali,bKash অ্যাকাউন্ট ব্লক হয়েছে। পুনরায় চালু করতে কল করুন: [PHONE]
smish,Bet on IPL final and win 1 crore taka. Start now: smilesvoegol.servebbs.org/voegol.php,English,Bet on IPL final and win 1 crore taka. Start now: [URL]
normal,তোমার প্রিয় ঋতু কোনটা?,Bengali,তোমার প্রিয় ঋতু কোনটা?
promo,"পেট ফুড ও সাপ্লাইতে ছাড়! কুকুর, বিড়ালের খাবারে ২৫% কমতি।",Bengali,"পেট ফুড ও সাপ্লাইতে ছাড়! কুকুর, বিড়ালের খাবারে ২৫% কমতি।"
normal,কাল কি করব?,Bengali,কাল কি করব?
smish,"সোনালী ব্যাংক কার্ডধারী, আপনার ৯৮,০০০ টাকার অনলাইন ট্রানজেকশন অস্বাভাবিক মনে হচ্ছে। যাচাই করতে sonali-cardcheck.org এ লগইন করুন। না করলে কার্ড বাতিল হবে।",Bengali,"সোনালী ব্যাংক কার্ডধারী, আপনার ৯৮,০০০ টাকার অনলাইন ট্রানজেকশন অস্বাভাবিক মনে হচ্ছে। যাচাই করতে [URL] এ লগইন করুন। না করলে কার্ড বাতিল হবে।"
normal,Thanks for the ride to the airport yesterday. Really saved me time and hassle.,English,Thanks for the ride to the airport yesterday. Really saved me time and hassle.
promo,Banglalink গ্রাহকরা ১০০ টাকা রিচার্জে পাচ্ছেন ১০০ এসএমএস ফ্রি। অফার বৈধ আজ রাত পর্যন্ত।,Bengali,Banglalink গ্রাহকরা ১০০ টাকা রিচার্জে পাচ্ছেন ১০০ এসএমএস ফ্রি। অফার বৈধ আজ রাত পর্যন্ত।
smish,Immediate action required: Your UCB account hacked. Recover: ucb-recovery.com/help,English,Immediate action required: Your UCB account hacked. Recover: [URL]
normal,"দাদু, আজ আপনার জন্য মিষ্টি এনেছি। খুশি হবেন।",Bengali,"দাদু, আজ আপনার জন্য মিষ্টি এনেছি। খুশি হবেন।"
promo,"বাড়ির ডেকোর আইটেমে ২০% ছাড়। স্টক সীমিত, দেরি করবেন না।",Bengali,"বাড়ির ডেকোর আইটেমে ২০% ছাড়। স্টক সীমিত, দেরি করবেন না।"
smish,Call +8801812233445 to increase your credit card limit,English,Call [PHONE] to increase your credit card limit
normal,শুভ জন্মদিন অভিনন্দন!,Bengali,শুভ জন্মদিন অভিনন্দন!
smish,গুরুত্বপূর্ণ: আপনার প্রপার্টি ট্যাক্স অপরিশোধিত। পেমেন্ট: property-tax.ml,Bengali,গুরুত্বপূর্ণ: আপনার প্রপার্টি ট্যাক্স অপরিশোধিত। পেমেন্ট: property-tax.ml
smish,"Invest just TK 200 and win up to 200% welcome bonus at Nagad88, you can withdraw any amount.",English,"Invest just TK 200 and win up to 200% welcome bonus at Nagad88, you can withdraw any amount."
normal,Good morning! The sunrise looks beautiful today. Perfect weather for our morning walk together.,English,Good morning! The sunrise looks beautiful today. Perfect weather for our morning walk together.
normal,May all your wishes come true!,English,May all your wishes come true!
promo,"৳৮০ ক্যাশব্যাকে বেশি বেশি ডাটা ৩০জিবি@৳৩১৯, ৩০দিন cutt.ly/aw59tNYD",Bengali,"৳৮০ ক্যাশব্যাকে বেশি বেশি ডাটা ৩০জিবি@৳৩১৯, ৩০দিন cutt.ly/aw59tNYD"
normal,"Success will come to you, be patient.",English,"Success will come to you, be patient."
smish,Important message from Bangladesh Bank. For details click here: https://wa.me/8801917788990,English,Important message from Bangladesh Bank. For details click here: [URL]
smish,আপনার নম্বরটি পুরস্কার জিতেছে। বিস্তারিত জানতে কল করুন +8801713344556,Bengali,আপনার নম্বরটি পুরস্কার জিতেছে। বিস্তারিত জানতে কল করুন [PHONE]
normal,"তোমার আগে কোনো বই পড়েছি? হ্যাঁ, অনেক বই পড়েছি। তুমি কি?",Bengali,"তোমার আগে কোনো বই পড়েছি? হ্যাঁ, অনেক বই পড়েছি। তুমি কি?"
promo,Airtel users get 15GB data + unlimited calls for 299TK. Dial *121*4040#,English,Airtel users get 15GB data + unlimited calls for 299TK. Dial *121*4040#
smish,আপনার নম্বরটি একটি বিশেষ অফারে নির্বাচিত হয়েছে! পুরস্কার পেতে কল করুন +8801716677889,Bengali,আপনার নম্বরটি একটি বিশেষ অফারে নির্বাচিত হয়েছে! পুরস্কার পেতে কল করুন [PHONE]
normal,"হাই, কি খবর?",Bengali,"হাই, কি খবর?"
normal,"Urgent, bKash to 01672572938 number.",English,"Urgent, bKash to [PHONE] number."
normal,This is that I am given a solution that needs to be solved.,English,This is that I am given a solution that needs to be solved.
promo,<#> Your MyGP PIN is: 4283. Use this PIN to verify. Do not forward or share this PIN with anyone FyXTPoy9ZDa,English,<#> Your MyGP PIN is: 4283. Use this PIN to verify. Do not forward or share this PIN with anyone FyXTPoy9ZDa
smish,"Government providing up to 50,000TK subsidy for farmers. Call now to claim: 01538272734",English,"Government providing up to 50,000TK subsidy for farmers. Call now to claim: [PHONE]"
smish,URGENT: Your NID card expired. Renew online with 800 TK fee: nid-renewal-bd.gov/urgent REF: NID7429,English,URGENT: Your NID card expired. Renew online with 800 TK fee: nid-renewal-bd.gov/urgent REF: NID7429
normal,"নানু, আজ আপনার কাছে বেড়াতে যাবো। কিছু লাগবে?",Bengali,"নানু, আজ আপনার কাছে বেড়াতে যাবো। কিছু লাগবে?"
smish,Insurance claim rejected. Appeal fee 21758 TK: urgent-gov.bd/urgent,English,Insurance claim rejected. Appeal fee 21758 TK: [URL]
promo,"বেশি বেশি আড্ডা+ইন্টারনেটিং,নাও ৫জিবি+১৫০মি@৳১৪৯,৭দিন cutt.ly/owEyhCVt",Bengali,"বেশি বেশি আড্ডা+ইন্টারনেটিং,নাও ৫জিবি+১৫০মি@৳১৪৯,৭দিন cutt.ly/owEyhCVt"
smish,"আপনি চাকরির পর্যালোচনায় পাস হয়েছেন এবং প্রতিদিন ২,০০০ টাকা বেতন পাবেন। যোগাযোগ : https://wa.me/8801726768680",Bengali,"আপনি চাকরির পর্যালোচনায় পাস হয়েছেন এবং প্রতিদিন ২,০০০ টাকা বেতন পাবেন। যোগাযোগ : [URL]"
normal,"If you pay the electricity bill and aunt's bill quickly, I would benefit a lot. Aunt keeps saying. Please take it seriously. It would be very helpful.",English,"If you pay the electricity bill and aunt's bill quickly, I would benefit a lot. Aunt keeps saying. Please take it seriously. It would be very helpful."
normal,"What's the news, how are you?",English,"What's the news, how are you?"
promo,Bonus offer: 3GB-60TK-3days. Dial *121*5699# or https://mygp.li/mo,English,Bonus offer: 3GB-60TK-3days. Dial *121*5699# or [URL]
smish,Bangladesh Bank account has been blocked. Call to reactivate: +8801718788890,English,Bangladesh Bank account has been blocked. Call to reactivate: [PHONE]
smish,"
বেকার যুবক, যুবতী, গৃহিণী, রিটায়ার্ড ব্যক্তিদের জন্য ঘরে বসে অনলাইনে স্বল্প সময়ে প্রচুর টাকা উপার্জন করার
সুবর্ণ সুযোগ",Bengali,"বেকার যুবক, যুবতী, গৃহিণী, রিটায়ার্ড ব্যক্তিদের জন্য ঘরে বসে অনলাইনে স্বল্প সময়ে প্রচুর টাকা উপার্জন করার সুবর্ণ সুযোগ"
normal,কেমন চলছে তোমার দিনটি?,Bengali,কেমন চলছে তোমার দিনটি?
smish,You have won 7 bhori gold! Call for details: +8801719899901,English,You have won 7 bhori gold! Call for details: [PHONE]
normal,শুভ পয়লা বৈশাখের প্রীতি ও শুভেচ্ছা!,Bengali,শুভ পয়লা বৈশাখের প্রীতি ও শুভেচ্ছা!
smish,Your Global Islamic Bank Shariah compliance violated. Rectify: globalislamic-shariah.net,English,Your Global Islamic Bank Shariah compliance violated. Rectify: [URL]
normal,"ভাই, 
আযহার ভাই আপনার সাথে দেখা করতে বললো। এম. ফিল এর Synopsis নিয়ে ",Bengali,"ভাই, আযহার ভাই আপনার সাথে দেখা করতে বললো। এম. ফিল এর Synopsis নিয়ে"
smish,bKash account has an error. Click here for quick solution: https://wa.me/8801715566778,English,bKash account has an error. Click here for quick solution: [URL]
normal,What can you do?,English,What can you do?
promo,"DBBL কার্ডে শপিং করলে ১০% ক্যাশব্যাক, সর্বোচ্চ ৫০০ টাকা পর্যন্ত। অফার বৈধ এই মাসের শেষ পর্যন্ত।",Bengali,"DBBL কার্ডে শপিং করলে ১০% ক্যাশব্যাক, সর্বোচ্চ ৫০০ টাকা পর্যন্ত। অফার বৈধ এই মাসের শেষ পর্যন্ত।"
smish,Your mobile number traced in criminal activity. Clear name with 15000 TK: police-clear.bd/urgent,English,Your mobile number traced in criminal activity. Clear name with 15000 TK: [URL]
promo,"আড্ডা+ইন্টারনেটিংয়ে নতুন ডিল ১০জিবি+২৫০মি@২৫৮৳,৩০দিন cutt.ly/wwCctHGF",Bengali,"আড্ডা+ইন্টারনেটিংয়ে নতুন ডিল ১০জিবি+২৫০মি@২৫৮৳,৩০দিন cutt.ly/wwCctHGF"
smish,We need your information to process your payment. Click here: [paymentverify.com/VerifyBD],English,We need your information to process your payment. Click here: [URL]
smish,জরুরি নোটিশ: আপনার ইলেকট্রিক মিটার রিডিং ভুল। সংশোধন: correct-meter.ga,Bengali,জরুরি নোটিশ: আপনার ইলেকট্রিক মিটার রিডিং ভুল। সংশোধন: correct-meter.ga
smish,"If you have 3-4 hours free daily, then let me know. I hope I can provide you with a very good job opportunity. Inbox me",English,"If you have 3-4 hours free daily, then let me know. I hope I can provide you with a very good job opportunity. Inbox me"
smish,৮.২০০ বিনামূল্যে বোনাস! ৮.৫০০০ জেতার সুযোগ। https://cutt.ly/Cr1ket,Bengali,৮.২০০ বিনামূল্যে বোনাস! ৮.৫০০০ জেতার সুযোগ। [URL]
promo,Fresh fish market Ramadan special! All sea fish 20% discount. Best quality guaranteed daily!,English,Fresh fish market Ramadan special! All sea fish 20% discount. Best quality guaranteed daily!
smish,আপনার মোবাইল সিম পুনরায় চালু করতে কল করুন +8801910011223,Bengali,আপনার মোবাইল সিম পুনরায় চালু করতে কল করুন [PHONE]
promo,Only TK97 for 30 days World Cup Cricket + 1GB data: cutt.ly/YwmtpRRj,English,Only TK97 for 30 days World Cup Cricket + 1GB data: cutt.ly/YwmtpRRj
normal,আপনি কি চিন্তা করছেন?,Bengali,আপনি কি চিন্তা করছেন?
promo,টেলিটক নতুন সিম! প্রথম রিচার্জে বোনাস ১০০% পর্যন্ত। কাছের রিটেইলার থেকে নিন।,Bengali,টেলিটক নতুন সিম! প্রথম রিচার্জে বোনাস ১০০% পর্যন্ত। কাছের রিটেইলার থেকে নিন।
normal,Hope your mother's surgery went well today. Sending prayers and positive thoughts for speedy recovery.,English,Hope your mother's surgery went well today. Sending prayers and positive thoughts for speedy recovery.
promo,"Pran RFL plastic chair and table set! Durable quality, special price 2800 TK. All showrooms available!",English,"Pran RFL plastic chair and table set! Durable quality, special price 2800 TK. All showrooms available!"
normal,"আমি ঠিক আছি, ধন্যবাদ।",Bengali,"আমি ঠিক আছি, ধন্যবাদ।"
promo,"৩০জিবি @৩০০৳,৩০দিন! ফুল-অন ইন্টারনেটিং করতে নাও- cutt.ly/jwkuSC76",Bengali,"৩০জিবি @৩০০৳,৩০দিন! ফুল-অন ইন্টারনেটিং করতে নাও- cutt.ly/jwkuSC76"
promo,"ফুলঅন ইন্টারনেটিংয়ে পকেট সেভিং,নাও ২জিবি@৳৬৯,৭ দিন- cutt.ly/CwUPKGTR",Bengali,"ফুলঅন ইন্টারনেটিংয়ে পকেট সেভিং,নাও ২জিবি@৳৬৯,৭ দিন- cutt.ly/CwUPKGTR"
promo,"5GB+150mins 130TK (30days), Dial *121*5205# or https://mygp.li/a0",English,"5GB+150mins 130TK (30days), Dial *121*5205# or [URL]"
promo,"২০০৳ সুপার ক্যাশব্যাকে নাও ৬১জিবি+১০০০মি@৳৬৯৯,৩০দিন: cutt.ly/OwG5T3ub",Bengali,"২০০৳ সুপার ক্যাশব্যাকে নাও ৬১জিবি+১০০০মি@৳৬৯৯,৩০দিন: cutt.ly/OwG5T3ub"
normal,Hi!,English,Hi!
normal,তুমি কি আমার কাছে আসতে চাও?,Bengali,তুমি কি আমার কাছে আসতে চাও?
smish,"Bet on football today and win 5,000 taka! Click now: xini.eu/00Qe",English,"Bet on football today and win 5,000 taka! Click now: xini.eu/00Qe"
smish,Your mobile number has won an iPhone! Call +8801813344556 to get the prize,English,Your mobile number has won an iPhone! Call [PHONE] to get the prize
normal,আমি এখানে।,Bengali,আমি এখানে।
smish,"Sorry, I mistakenly sent you a 6-digit OTP. Can you forward the OTP to me? I need it right now",English,"Sorry, I mistakenly sent you a 6-digit OTP. Can you forward the OTP to me? I need it right now"
smish,"From this, after every task you will get TK1200,,, You don't need to invest any money to do this job, you can do this job for free.",English,"From this, after every task you will get TK1200,,, You don't need to invest any money to do this job, you can do this job for free."
promo,"৪০৳ চিল ক্যাশব্যাকে ৩৫জিবি+৫০০মি.@৪৫৯৳ ৩০দিন, নাও: cutt.ly/0wO6Jggn",Bengali,"৪০৳ চিল ক্যাশব্যাকে ৩৫জিবি+৫০০মি.@৪৫৯৳ ৩০দিন, নাও: cutt.ly/0wO6Jggn"
normal,When can you come? I am by your side.,English,When can you come? I am by your side.
normal,"Allah gets angry when you stop praying to Him. Yet when someone prays to a human being, he gets angry. – [Imam Ibn al-Qayyim (Rahimahullah)]",English,"Allah gets angry when you stop praying to Him. Yet when someone prays to a human being, he gets angry. – [Imam Ibn al-Qayyim (Rahimahullah)]"
promo,"City Group job fair! 1000+ positions in textile, pharmacy, banking. Apply: citygroup-jobs.bd!",English,"City Group job fair! 1000+ positions in textile, pharmacy, banking. Apply: [URL]"
promo,"New deal in chat+interneting 10GB+300min@296TK,30 days:cutt.ly/QwFwTH3J",English,"New deal in chat+interneting 10GB+300min@296TK,30 days:cutt.ly/QwFwTH3J"
normal,"I am fine, how are you?",English,"I am fine, how are you?"
normal,Thanks for the movie recommendation! We watched it last night and loved every minute of it.,English,Thanks for the movie recommendation! We watched it last night and loved every minute of it.
smish,আপনার ক্রেডিট কার্ডের নিরাপত্তা নিশ্চিত করতে এখানে ক্লিক করুন: http://bit.ly/SecureCard,Bengali,আপনার ক্রেডিট কার্ডের নিরাপত্তা নিশ্চিত করতে এখানে ক্লিক করুন: [URL]
normal,What you can do is amazing.,English,What you can do is amazing.
smish,সোনালী ব্যাংক অ্যাকাউন্টে ত্রুটি দেখা দিয়েছে। কল করুন: +8801914455667,Bengali,সোনালী ব্যাংক অ্যাকাউন্টে ত্রুটি দেখা দিয়েছে। কল করুন: [PHONE]
normal,"If you don't practice Islam, please don't come to say anything about Islam! -[Dr. Zakir Naik]",English,"If you don't practice Islam, please don't come to say anything about Islam! -[Dr. Zakir Naik]"
promo,"৳৩০ ক্যাশব্যাকে এবার আরো বেশি ডাটা ৫০জিবি@৳৪৬৮, ৩০দিন cutt.ly/QwE5OlXt",Bengali,"৳৩০ ক্যাশব্যাকে এবার আরো বেশি ডাটা ৫০জিবি@৳৪৬৮, ৩০দিন cutt.ly/QwE5OlXt"
smish,"২০,০০০ টাকা বিনিয়োগে ৬০,০০০ টাকা পান! কল করুন: +8801916566678",Bengali,"২০,০০০ টাকা বিনিয়োগে ৬০,০০০ টাকা পান! কল করুন: [PHONE]"
smish,বিটকয়েন দিয়ে সহজে অর্থ উপার্জন করুন! আজই শুরু করুন: http://bit.ly/EasyCrypto,Bengali,বিটকয়েন দিয়ে সহজে অর্থ উপার্জন করুন! আজই শুরু করুন: [URL]
normal,সুবর্ণ সন্ধ্যা!,Bengali,সুবর্ণ সন্ধ্যা!
normal,What will you eat? Meat curry is being cooked today. You?,English,What will you eat? Meat curry is being cooked today. You?
promo,Agora supermarket weekend special! Buy groceries worth 1500 TK get 200 TK cashback via bKash!,English,Agora supermarket weekend special! Buy groceries worth 1500 TK get 200 TK cashback via bKash!
normal,তুমি কি রবিবার বাসায় আসবে? মা অনেকদিন ধরে তোমার সাথে দেখা করতে চাচ্ছে।,Bengali,তুমি কি রবিবার বাসায় আসবে? মা অনেকদিন ধরে তোমার সাথে দেখা করতে চাচ্ছে।
normal,The presentation went really well! The team was impressed with our proposal and gave positive feedback.,English,The presentation went really well! The team was impressed with our proposal and gave positive feedback.
smish,"https://t.me/DailyEarn_Money_bot?start=r08368814246
উপরে দেওয়া লিং এ ক্লিক করে ডেলি ২০০ থেকে ৩০০ টাকা ইনকাম করতে চাইলে এখনি ক্লিক করুন",Bengali,[URL] উপরে দেওয়া লিং এ ক্লিক করে ডেলি ২০০ থেকে ৩০০ টাকা ইনকাম করতে চাইলে এখনি ক্লিক করুন
normal,The homemade biryani smells amazing! Can't wait to taste it. You're such a great cook.,English,The homemade biryani smells amazing! Can't wait to taste it. You're such a great cook.
normal,You can achieve whatever you want.,English,You can achieve whatever you want.
smish,"প্রাই মিনিটস লেপটপ স্কিমের আওতায় লেপটপের জন্য আবেদন করুন https://laptop.vkxd.top/?ok=8yYRANEs
",Bengali,প্রাই মিনিটস লেপটপ স্কিমের আওতায় লেপটপের জন্য আবেদন করুন [URL]
normal,Thanks for the book recommendation! I finished it last night and loved every page of it.,English,Thanks for the book recommendation! I finished it last night and loved every page of it.
smish,আপনার মোবাইল ব্যাংকিং অ্যাকাউন্ট আপডেট করতে কল করুন +8801916677889,Bengali,আপনার মোবাইল ব্যাংকিং অ্যাকাউন্ট আপডেট করতে কল করুন [PHONE]
promo,অনলাইন শপিংয়ে ২০% পর্যন্ত ডিসকাউন্ট! কোড ব্যবহার করে সুবিধা নিন।,Bengali,অনলাইন শপিংয়ে ২০% পর্যন্ত ডিসকাউন্ট! কোড ব্যবহার করে সুবিধা নিন।
normal,আমাদের কলেজে আগামী সপ্তাহে সাংস্কৃতিক অনুষ্ঠান হবে। সবাই প্রস্তুতি নিচ্ছে। আমরা একটা নাটক মঞ্চস্থ করার পরিকল্পনা করছি। তুমি কি দেখতে আসবে?,Bengali,আমাদের কলেজে আগামী সপ্তাহে সাংস্কৃতিক অনুষ্ঠান হবে। সবাই প্রস্তুতি নিচ্ছে। আমরা একটা নাটক মঞ্চস্থ করার পরিকল্পনা করছি। তুমি কি দেখতে আসবে?
smish,Your digital wallet hacked. Secure immediately: wallet-security.bd/urgent Amount at risk: 45000 TK,English,Your digital wallet hacked. Secure immediately: [URL] Amount at risk: 45000 TK
normal,"তুমি একা নও, আমরা আছি তোমার পাশে।",Bengali,"তুমি একা নও, আমরা আছি তোমার পাশে।"
smish,"Bet on BPL and win 10,000 taka cashback. Start: phlebolog.com.ua/libraries/joomla/results.php",English,"Bet on BPL and win 10,000 taka cashback. Start: [URL]"
normal,Thanks for helping me move yesterday. Couldn't have done it without your support and friendship.,English,Thanks for helping me move yesterday. Couldn't have done it without your support and friendship.
smish,Bangladesh Bank account is blocked. Call to reactivate: +8801713233345,English,Bangladesh Bank account is blocked. Call to reactivate: [PHONE]
normal,আজ বেলায় আমি স্কুলে গিয়েছিলাম।,Bengali,আজ বেলায় আমি স্কুলে গিয়েছিলাম।
smish,"Dear customer, TK10,000 has been deposited in your bKash account. Click here for details: https://wa.me/8801712345678",English,"Dear customer, TK10,000 has been deposited in your bKash account. Click here for details: [URL]"
promo,২৬ জানুয়ারি ২০২৪ আন্তর্জাতিক কাস্টমস দিবস উদযাপিত হচ্ছে। এবারের প্রতিপাদ্য বিষয় ‘‘মিলে নবীন-পুরনো অংশীজন/কাস্টমস করবে লক্ষ্য অর্জন”। জাতীয় রাজস্ব বোর্ড,Bengali,২৬ জানুয়ারি ২০২৪ আন্তর্জাতিক কাস্টমস দিবস উদযাপিত হচ্ছে। এবারের প্রতিপাদ্য বিষয় ‘‘মিলে নবীন-পুরনো অংশীজন/কাস্টমস করবে লক্ষ্য অর্জন”। জাতীয় রাজস্ব বোর্ড
normal,"Never hurt someone you love out of anger. Don't ignore loved ones in anger, or you may lose life's most precious thing - the person you love.",English,"Never hurt someone you love out of anger. Don't ignore loved ones in anger, or you may lose life's most precious thing - the person you love."
normal,"আজকে নতুন রেস্টুরেন্টে খেতে গিয়েছিলাম। খাবারের স্বাদ বেশ ভালো, দামও ঠিক।",Bengali,"আজকে নতুন রেস্টুরেন্টে খেতে গিয়েছিলাম। খাবারের স্বাদ বেশ ভালো, দামও ঠিক।"
smish,বাংলাদেশ ব্যাংক থেকে একটি জরুরি বার্তা এসেছে। কল করুন: +8801914567890,Bengali,বাংলাদেশ ব্যাংক থেকে একটি জরুরি বার্তা এসেছে। কল করুন: [PHONE]
normal,Where is your favorite place?,English,Where is your favorite place?
normal,The cricket match was thrilling! Bangladesh played exceptionally well. What a fantastic victory celebration!,English,The cricket match was thrilling! Bangladesh played exceptionally well. What a fantastic victory celebration!
smish,আপনার ডাচ বাংলা ব্যাঙ্ক অ্যাকাউন্টে বিলিং সমস্যা হয়েছে। সমস্যা সমাধানের জন্য এখানে ক্লিক করুন:cutt.ly/U6zMFTY,Bengali,আপনার ডাচ বাংলা ব্যাঙ্ক অ্যাকাউন্টে বিলিং সমস্যা হয়েছে। সমস্যা সমাধানের জন্য এখানে ক্লিক করুন:cutt.ly/U6zMFTY
promo,"New Market clothing stores winter collection: Sweaters, shawls, blankets discounts!",English,"New Market clothing stores winter collection: Sweaters, shawls, blankets discounts!"
smish,"🌿 Your referral link👇👇
https://t.me/DailyEarn_Money_bot?start=r08826531935
🌷 Get 75 taka per referral Daily Earn Money means fire.
🫠 You can work from our Bot all year round.",English,🌿 Your referral link👇👇 [URL] 🌷 Get 75 taka per referral Daily Earn Money means fire. 🫠 You can work from our Bot all year round.
normal,কালকে স্কুলে গিয়েছিলাম। নতুন শিক্ষক দারুণভাবে ক্লাস নিলেন।,Bengali,কালকে স্কুলে গিয়েছিলাম। নতুন শিক্ষক দারুণভাবে ক্লাস নিলেন।
promo,New credit card available! instant approval starting 2893 TK. Call 01756284193!,English,New credit card available! instant approval starting 2893 TK. Call [PHONE] !
smish,"প্রিয় গ্রাহক, আপনার কার্ডের তথ্য আপডেট করতে হবে। দয়া করে দ্রুত নিচের নম্বরে কল করুন এবং আপনার পিন নাম্বারটি বলুন। যোগাযোগের নম্বর: ০১৩৪৫৬৭৮৯৫৬",Bengali,"প্রিয় গ্রাহক, আপনার কার্ডের তথ্য আপডেট করতে হবে। দয়া করে দ্রুত নিচের নম্বরে কল করুন এবং আপনার পিন নাম্বারটি বলুন। যোগাযোগের নম্বর: [PHONE]"
normal,Be patient to reach your goal.,English,Be patient to reach your goal.
smish,জরুরি আপডেট: আপনার PF একাউন্ট ব্লক। আনব্লক করতে OTP: 8743 দিন।,Bengali,জরুরি আপডেট: আপনার PF একাউন্ট ব্লক। আনব্লক করতে OTP: 8743 দিন।
smish,Critical: Your Standard Bank account frozen due to suspicious transactions. Fix: standardbank-fix.org,English,Critical: Your Standard Bank account frozen due to suspicious transactions. Fix: [URL]
smish,আপনার সঞ্চয় দ্বিগুণ করার সুযোগ! কল করুন: +8801711011023,Bengali,আপনার সঞ্চয় দ্বিগুণ করার সুযোগ! কল করুন: [PHONE]
smish,"প্রিয় গ্রাহক, বাংলাদেশ জাতীয় লটারি থেকে আপনাকে জানানো যাচ্ছে যে আপনি ২৫,০০,০০০ টাকার গ্র্যান্ড প্রাইজ জিতেছেন। পুরস্কার দাবি করতে আপনার NID কপি ও বিকাশ নাম্বার পাঠান bdlottery-prize.net এ।",Bengali,"প্রিয় গ্রাহক, বাংলাদেশ জাতীয় লটারি থেকে আপনাকে জানানো যাচ্ছে যে আপনি ২৫,০০,০০০ টাকার গ্র্যান্ড প্রাইজ জিতেছেন। পুরস্কার দাবি করতে আপনার NID কপি ও বিকাশ নাম্বার পাঠান [URL] এ।"
normal,How was your first day at the new office? Hope everything went smoothly and you liked the team.,English,How was your first day at the new office? Hope everything went smoothly and you liked the team.
promo,Shohoz Food অর্ডার করুন আর কোড: YUMMY25 ব্যবহার করে ২৫% ছাড় পান। সর্বোচ্চ ছাড় ২০০ টাকা পর্যন্ত। আজই বন্ধুদের সাথে আড্ডার জন্য অর্ডার দিন।,Bengali,Shohoz Food অর্ডার করুন আর কোড: YUMMY25 ব্যবহার করে ২৫% ছাড় পান। সর্বোচ্চ ছাড় ২০০ টাকা পর্যন্ত। আজই বন্ধুদের সাথে আড্ডার জন্য অর্ডার দিন।
normal,The garden looks beautiful with all the new flowers blooming everywhere. Spring is here!,English,The garden looks beautiful with all the new flowers blooming everywhere. Spring is here!
normal,তোমার সাহস অসাধারণ।,Bengali,তোমার সাহস অসাধারণ।
promo,Star Kabab grand opening! 50% off all items. Banani. Book now: 01739584672!,English,Star Kabab grand opening! 50% off all items. Banani. Book now: [PHONE] !
smish,"Dear customer, TK25000 has been withdrawn from A/cXXXXX on 31-12-2019 at Kolkata TS ATM.Txn# S32131611-20191005. If not done by you, forward this SMS from your registered mobile number to 7679786941 to block your card or call 7029892098 immediately -State Bank of India",English,"Dear customer, TK25000 has been withdrawn from A/cXX on 31-12-2019 at Kolkata TS ATM.Txn# S [PHONE] . If not done by you, forward this SMS from your registered mobile number to [PHONE] to block your card or call [PHONE] immediately -State Bank of India"
promo,"Apex shoes Eid collection: Formal, casual, sports shoes 30% discount!",English,"Apex shoes Eid collection: Formal, casual, sports shoes 30% discount!"
promo,"200TK cashback! 60GB+1000 minutes @699TK 30 days, take it- cutt.ly/aAhiAsI",English,"200TK cashback! 60GB+1000 minutes @699TK 30 days, take it- cutt.ly/aAhiAsI"
smish,If you want to earn TK1500 daily  please click this link and register for work: [https://t.me/DailyEarn_Money_bot?start=r07045881105](https://t.me/DailyEarn_Money_bot?start=r07045881105). If you have any questions  inbox.,English,If you want to earn TK1500 daily please click this link and register for work: [ [URL] If you have any questions inbox.
normal,"০১৯২৭২৮৩৭৬৫ এই নাম্বারে বিকাশ করুন, দ্রুত।",Bengali,"[PHONE] এই নাম্বারে বিকাশ করুন, দ্রুত।"
promo,Residential plots near Dhaka-Mawa Expressway starting from 2 lakh. 01894939231,English,Residential plots near Dhaka-Mawa Expressway starting from 2 lakh. [PHONE]
smish,Alert: Suspicious login detected on your Rocket account. Secure it: rocket-bd.info/login,English,Alert: Suspicious login detected on your Rocket account. Secure it: [URL]
smish,আপনার পাসওয়ার্ড রিসেট করতে হবে। এখানে ক্লিক করুন: [passwordreset.com/ResetBD],Bengali,আপনার পাসওয়ার্ড রিসেট করতে হবে। এখানে ক্লিক করুন: [URL]
smish,"Dear customer, your mobile number is being blocked. To avoid this, call 017XXXXXXXX to confirm your identity.",English,"Dear customer, your mobile number is being blocked. To avoid this, call 017XX to confirm your identity."
normal,Thanks for helping me move furniture yesterday. Couldn't have managed without your support.,English,Thanks for helping me move furniture yesterday. Couldn't have managed without your support.
promo,"৪০৳ ক্যাশব্যাক! ৪৬জিবি @৪৫৮৳, ৩০দিন, নিয়ে নাও এখনই: cutt.ly/GwWYCCfJ",Bengali,"৪০৳ ক্যাশব্যাক! ৪৬জিবি @৪৫৮৳, ৩০দিন, নিয়ে নাও এখনই: cutt.ly/GwWYCCfJ"
normal,You are always the best.,English,You are always the best.
smish,অভিনন্দন! আপনি Radisson Blu-তে দুজনের জন্য একটি বিনামূল্যের ডিনার জিতেছেন। আপনার টেবিল বুক করতে কল করুন 017XXXXXXXX।,Bengali,অভিনন্দন! আপনি Radisson Blu-তে দুজনের জন্য একটি বিনামূল্যের ডিনার জিতেছেন। আপনার টেবিল বুক করতে কল করুন 017XX।
smish,Your number has been selected for a special offer! Call to receive prize +8801711122334,English,Your number has been selected for a special offer! Call to receive prize [PHONE]
normal,"আপনার একাউন্ট থেকে ১৫০০/- টাকা কাটা হয়েছে, বিস্তারিত জানতে কল করুন।",Bengali,"আপনার একাউন্ট থেকে ১৫০০/- টাকা কাটা হয়েছে, বিস্তারিত জানতে কল করুন।"
normal,"প্রিয় শিক্ষার্থী, আপনার টিউশন ফি আজ পর্যন্ত ২২,৯০০.০০ টাকা বকেয়া আছে। (পূর্বের লেট ফাইন ও বকেয়াসহ) চলতি মাসের টিউশন ফি (জরিমানা ছাড়া) ২০ই সেপ্টেম্বর, ২০২৪ মধ্যে পরিশোধ করুন। বিস্তারিত https://student.ulab.edu.bd/ লগইন করুন। (ULAB)",Bengali,"প্রিয় শিক্ষার্থী, আপনার টিউশন ফি আজ পর্যন্ত ২২,৯০০.০০ টাকা বকেয়া আছে। (পূর্বের লেট ফাইন ও বকেয়াসহ) চলতি মাসের টিউশন ফি (জরিমানা ছাড়া) ২০ই সেপ্টেম্বর, ২০২৪ মধ্যে পরিশোধ করুন। বিস্তারিত [URL] লগইন করুন। (ULAB)"
smish,Medicare hospital bill unpaid. Patient discharge blocked. Pay 28000 TK: hospital-bill.bd/urgent,English,Medicare hospital bill unpaid. Patient discharge blocked. Pay 28000 TK: [URL]
smish,Your Community Bank ATM card skimmed at Gulshan. Report: communitybank-report.com,English,Your Community Bank ATM card skimmed at Gulshan. Report: [URL]
promo,Samsung Galaxy A54 with free earbuds! EMI starts from 2500 TK monthly. Visit Transcom Digital!,English,Samsung Galaxy A54 with free earbuds! EMI starts from 2500 TK monthly. Visit Transcom Digital!
normal,Happy Mother's Day! You're the most wonderful mom anyone could ask for.,English,Happy Mother's Day! You're the most wonderful mom anyone could ask for.
promo,"আজ ১৫ মার্চ বিশ্ব ভোক্তা-অধিকার দিবস। দিবসের প্রতিপাদ্য- ‘স্মার্ট বাংলাদেশ গড়ি, ভোক্তার স্বার্থে কৃত্রিম বুদ্ধিমত্তা ব্যবহার করি’। জাতীয় ভোক্তা-অধিকার সংরক্ষণ অধিদপ্তর, বাণিজ্য মন্ত্রণালয়।",Bengali,"আজ ১৫ মার্চ বিশ্ব ভোক্তা-অধিকার দিবস। দিবসের প্রতিপাদ্য- ‘স্মার্ট বাংলাদেশ গড়ি, ভোক্তার স্বার্থে কৃত্রিম বুদ্ধিমত্তা ব্যবহার করি’। জাতীয় ভোক্তা-অধিকার সংরক্ষণ অধিদপ্তর, বাণিজ্য মন্ত্রণালয়।"
promo,City Bank student loan! Education financing up to 10 lakh at 6% interest. Apply with minimal documents!,English,City Bank student loan! Education financing up to 10 lakh at 6% interest. Apply with minimal documents!
promo,"ডাটা মিক্সারে করো পকেট সেভিং, নাও ৬০জিবি@৳৫৬৯, ৩০দিন: cutt.ly/HwQzEu9E",Bengali,"ডাটা মিক্সারে করো পকেট সেভিং, নাও ৬০জিবি@৳৫৬৯, ৩০দিন: cutt.ly/HwQzEu9E"
smish,Urgent message from Janata Bank. Call: +8801719900112,English,Urgent message from Janata Bank. Call: [PHONE]
smish,মাশরাফির সই করা ব্যাট জিততে ক্যাসিনোতে বাজি ধরুন। এখনই যোগ দিন: promusic.co/components/interbank.com/,Bengali,মাশরাফির সই করা ব্যাট জিততে ক্যাসিনোতে বাজি ধরুন। এখনই যোগ দিন: [URL]
smish,Nagad account has been blocked. Call to reactivate: +8801711011023,English,Nagad account has been blocked. Call to reactivate: [PHONE]
smish,"এই লিঙ্কটি অনুসরণ করুন আপনার বিনামূল্যের পুরস্কার দাবি করতে, যোগাযোগ করুন: 01956789215",Bengali,"এই লিঙ্কটি অনুসরণ করুন আপনার বিনামূল্যের পুরস্কার দাবি করতে, যোগাযোগ করুন: [PHONE]"
smish,Sonali Bank account blocked. Click to reactivate: https://wa.me/8801818899001,English,Sonali Bank account blocked. Click to reactivate: [URL]
normal,ঈদ মোবারক!,Bengali,ঈদ মোবারক!
smish,"If qualified, you can earn online by teaching. Contact User-10381381741225860264 for this. [https://t.me/Trust\_earning\_Airdropbot?start=r04351947315](https://t.me/Trust_earning_Airdropbot?start=r04351947315)",English,"If qualified, you can earn online by teaching. Contact User- [PHONE] for this. [ [URL]"
smish,"""শুভেচ্ছা, আপনি একটি বিশেষ ডিসকাউন্ট কুপন পেয়েছেন! বিস্তারিত জানতে এখানে ক্লিক করুন: www.face3b00kwebsite.com""",Bengali,"""শুভেচ্ছা, আপনি একটি বিশেষ ডিসকাউন্ট কুপন পেয়েছেন! বিস্তারিত জানতে এখানে ক্লিক করুন: [URL]"
normal,"আম্মা তোমাকে খুঁজছিলো। সে বললো, দুপুরে ফোন করতে ভুলোনা।",Bengali,"আম্মা তোমাকে খুঁজছিলো। সে বললো, দুপুরে ফোন করতে ভুলোনা।"
normal,"ভাই, আজ আমার পরীক্ষা ভালো হয়েছে। সব প্রশ্নের উত্তর দিতে পেরেছি।",Bengali,"ভাই, আজ আমার পরীক্ষা ভালো হয়েছে। সব প্রশ্নের উত্তর দিতে পেরেছি।"
normal,"What's up, hi?",English,"What's up, hi?"
smish,"নগদ থেকে ১,০০০ টাকা পুরস্কার জিতেছেন! বিস্তারিত জানতে এখানে ক্লিক করুন: https://t.me/NagadPrizeBot",Bengali,"নগদ থেকে ১,০০০ টাকা পুরস্কার জিতেছেন! বিস্তারিত জানতে এখানে ক্লিক করুন: [URL]"
smish,Ramadan gift https://bjmltcyj.prescriptiondome.top/12acdFRHQ1QBeQYFaFMrInxbWQlvWCRyW0ZWbzEUBAIkCAAZVDkbGyVcLDFLVF8NGyc1cUwTTQVBXhUndyBoPDwVJFI-Kw&p=uexjms&_mi1710919302243,English,Ramadan gift [URL]
smish,আপনার পাসওয়ার্ডটি রিসেট করতে হবে। এখানে ক্লিক করুন: [passwordupdate.org/ResetBD],Bengali,আপনার পাসওয়ার্ডটি রিসেট করতে হবে। এখানে ক্লিক করুন: [URL]
smish,Assalamu alaikum! Can you earn money at home without investing any money? Then work on our bot. You can earn income without any investment on our bot. Bot link:- https://t.me/free_online_income_24bot,English,Assalamu alaikum! Can you earn money at home without investing any money? Then work on our bot. You can earn income without any investment on our bot. Bot link:- [URL]
normal,Send money to my number 01972771714,English,Send money to my number [PHONE]
smish,Nagad account is blocked. Call to restart: +8801811234567,English,Nagad account is blocked. Call to restart: [PHONE]
normal,০১৮২৭৩৮২৯১৮ এই নাম্বারে জরুরি টাকা পাঠান।,Bengali,[PHONE] এই নাম্বারে জরুরি টাকা পাঠান।
normal,Are you going to the beach?,English,Are you going to the beach?
normal,"Your electricity bill is due TK 950, please pay soon.",English,"Your electricity bill is due TK 950, please pay soon."
normal,"Hi, how are things?",English,"Hi, how are things?"
smish,আইপিএল ফাইনালে বাজি ধরুন এবং ১ কোটি টাকা জিতুন। এখনই শুরু করুন: smilesvoegol.servebbs.org/voegol.php,Bengali,আইপিএল ফাইনালে বাজি ধরুন এবং ১ কোটি টাকা জিতুন। এখনই শুরু করুন: [URL]
smish,আপনার অ্যাকাউন্টে সন্দেহজনক কার্যকলাপ হয়েছে। লগইন করে যাচাই করুন: [accountverify.com/VerifyBD],Bengali,আপনার অ্যাকাউন্টে সন্দেহজনক কার্যকলাপ হয়েছে। লগইন করে যাচাই করুন: [URL]
smish,শাকিব আল হাসানের সাথে ফ্রি ম্যাচ টিকিট জিততে আজই আইপিএলে বাজি ধরুন। ক্লিক করুন: xini.eu/00Qe,Bengali,শাকিব আল হাসানের সাথে ফ্রি ম্যাচ টিকিট জিততে আজই আইপিএলে বাজি ধরুন। ক্লিক করুন: xini.eu/00Qe
promo,"আজ ও কাল মেন্স ওয়ার্ল্ড এর সকল শাখায় ফ্ল্যাট ৫০% ডিসকাউন্ট
cutt.ly/fmw",Bengali,আজ ও কাল মেন্স ওয়ার্ল্ড এর সকল শাখায় ফ্ল্যাট ৫০% ডিসকাউন্ট cutt.ly/fmw
promo,"Follow the election code of conduct, assist in free and fair elections - Bangladesh Election Commission",English,"Follow the election code of conduct, assist in free and fair elections - Bangladesh Election Commission"
normal,তোমার প্রতিভা সীমাহীন।,Bengali,তোমার প্রতিভা সীমাহীন।
smish,"আপনার ব্যাংক অ্যাকাউন্টে ৫০,০০০ টাকা জমা হয়েছে! নিশ্চিত করতে কল করুন: +8801711234567",Bengali,"আপনার ব্যাংক অ্যাকাউন্টে ৫০,০০০ টাকা জমা হয়েছে! নিশ্চিত করতে কল করুন: [PHONE]"
promo,সোনালী ব্যাংকের সেভিংস অ্যাকাউন্টে এখন ১০% পর্যন্ত সুদ। আজই খুলুন এবং বোনাস ৫০০ টাকা পান।,Bengali,সোনালী ব্যাংকের সেভিংস অ্যাকাউন্টে এখন ১০% পর্যন্ত সুদ। আজই খুলুন এবং বোনাস ৫০০ টাকা পান।
smish,আমাদের কোম্পানির জন্য কাজ করুন। আপনার মোবাইল/কম্পিউটার দিয়ে অনলাইনে বসে আয় করুন। যোগাযোগের নম্বর: 01720577099,Bengali,আমাদের কোম্পানির জন্য কাজ করুন। আপনার মোবাইল/কম্পিউটার দিয়ে অনলাইনে বসে আয় করুন। যোগাযোগের নম্বর: [PHONE]
promo,20% discount on travel packages! Contact today for booking.,English,20% discount on travel packages! Contact today for booking.
smish,"Agora: Congratulations!! Your March bill has been paid. Thank you, here is a small gift for you. Contact us: 01456783489",English,"Agora: Congratulations!! Your March bill has been paid. Thank you, here is a small gift for you. Contact us: [PHONE]"
smish,"Sweet news! You won a pair of movie tickets! To claim your prize, click here mcvst.com",English,"Sweet news! You won a pair of movie tickets! To claim your prize, click here [URL]"
smish,"https://t.me/DailyEarn_Money_bot?start=r07709397116 ফ্রী ইনকাম করতে চাইলে ক্লিক করুন,🤞",Bengali,"[URL] ফ্রী ইনকাম করতে চাইলে ক্লিক করুন,🤞"
smish,Security breach in WhatsApp account. Fix with 19274 TK: emergency-gov.bd/verify,English,Security breach in WhatsApp account. Fix with 19274 TK: [URL]
promo,"৳৪১৯ এ ৳৪৯৯ এর অফার! নাও ৩৫জিবি+৫০০মি.,৩০দিন: cutt.ly/4w77ohWY",Bengali,"৳৪১৯ এ ৳৪৯৯ এর অফার! নাও ৩৫জিবি+৫০০মি.,৩০দিন: cutt.ly/4w77ohWY"
promo,GP App দিয়ে প্রথমবার রিচার্জে পাচ্ছেন ৫০ টাকা বোনাস। আজই চেষ্টা করুন।,Bengali,GP App দিয়ে প্রথমবার রিচার্জে পাচ্ছেন ৫০ টাকা বোনাস। আজই চেষ্টা করুন।
normal,Congratulations on your graduation! Such a proud moment for you and the entire family.,English,Congratulations on your graduation! Such a proud moment for you and the entire family.
promo,"নগদ থেকে গ্রামীণফোনে ১১৮টাকা রিচার্জে ১১৮টাকা ক্যাশব্যাক! ৬মে, বিকাল ৩টা-সন্ধ্যা ৭টা, মিনিটে ১ম জন। সাথে ৫জিবি, ৭দিন! ডায়াল *১৬৭#",Bengali,"নগদ থেকে গ্রামীণফোনে ১১৮টাকা রিচার্জে ১১৮টাকা ক্যাশব্যাক! ৬মে, বিকাল ৩টা-সন্ধ্যা ৭টা, মিনিটে ১ম জন। সাথে ৫জিবি, ৭দিন! ডায়াল *১৬৭#"
promo,"শেখ হাসিনা সরকারের সাফল্য: 
কৃষকবান্ধব সরকার সারের মূল্য কমিয়ে টিএসপি ৮০ টাকা থেকে ২৭ টাকা, ডিএপি ৯০ টাকা থেকে ২১ টাকা এবং এমওপি ৭০ টাকা থেকে ২০ টাকা করা হয়।",Bengali,"শেখ হাসিনা সরকারের সাফল্য: কৃষকবান্ধব সরকার সারের মূল্য কমিয়ে টিএসপি ৮০ টাকা থেকে ২৭ টাকা, ডিএপি ৯০ টাকা থেকে ২১ টাকা এবং এমওপি ৭০ টাকা থেকে ২০ টাকা করা হয়।"
normal,০১৯২৭৩৮২৮৯৪ নাম্বারে কল করুন।,Bengali,[PHONE] নাম্বারে কল করুন।
promo,Grameenphone Special: 25GB + unlimited calls for only 399 TK. Valid 30 days. Dial *121*3399# now!,English,Grameenphone Special: 25GB + unlimited calls for only 399 TK. Valid 30 days. Dial *121*3399# now!
promo,"Get Fagun's humming deal- 13GB@113TK, 3 days: cutt.ly/0wVxZ5vA",English,"Get Fagun's humming deal- 13GB@113TK, 3 days: cutt.ly/0wVxZ5vA"
smish,Get a chance to meet Mashrafe personally by betting on BPL. Join: ebayisapidlld.altervista.org/,English,Get a chance to meet Mashrafe personally by betting on BPL. Join: [URL]
smish,আপনার চাকরির আবেদন অনুমোদিত হয়েছে এবং বেতন প্রতি মাসে 40000 টাকা। যোগাযোগের তথ্য: 8801715717370,Bengali,আপনার চাকরির আবেদন অনুমোদিত হয়েছে এবং বেতন প্রতি মাসে 400 টাকা। যোগাযোগের তথ্য: [PHONE]
smish,"Agora: অভিনন্দন!! আপনার মার্চ মাসের বিল পরিশোধ হয়েছে। ধন্যবাদ, এখানে আপনার জন্য একটি ছোট উপহার রয়েছে। আমাদের সাথে যোগাযোগ করুন: 01456783489",Bengali,"Agora: অভিনন্দন!! আপনার মার্চ মাসের বিল পরিশোধ হয়েছে। ধন্যবাদ, এখানে আপনার জন্য একটি ছোট উপহার রয়েছে। আমাদের সাথে যোগাযোগ করুন: [PHONE]"
normal,তুমি কি সুইমিং করছো?,Bengali,তুমি কি সুইমিং করছো?
promo,"Meghna Group petrochemical products sale! Industrial chemicals, lubricants 20% discount. Quality assured!",English,"Meghna Group petrochemical products sale! Industrial chemicals, lubricants 20% discount. Quality assured!"
normal,আজ সকালে প্রচুর বৃষ্টি হচ্ছিলো। জানালা খুলে চা খেতে খেতে গান শুনছিলাম। মনে হচ্ছিলো পুরো দিনটা আরাম করে কাটাই।,Bengali,আজ সকালে প্রচুর বৃষ্টি হচ্ছিলো। জানালা খুলে চা খেতে খেতে গান শুনছিলাম। মনে হচ্ছিলো পুরো দিনটা আরাম করে কাটাই।
promo,গ্র্যাব বাইক রাইডে ২৫% ছাড়! সর্বোচ্চ ৭৫ টাকা পর্যন্ত সাশ্রয়।,Bengali,গ্র্যাব বাইক রাইডে ২৫% ছাড়! সর্বোচ্চ ৭৫ টাকা পর্যন্ত সাশ্রয়।
smish,There's a problem with Janata Bank account. Click here for details: https://t.me/JanataErrorBot,English,There's a problem with Janata Bank account. Click here for details: [URL]
normal,জরুরি ভিত্তিতে ০১৭৩৮২৮৭৩৬৫ নাম্বারে টাকা পাঠান।,Bengali,জরুরি ভিত্তিতে [PHONE] নাম্বারে টাকা পাঠান।
smish,Your account has been temporarily deactivated. Click here to activate: [accountactivate.com/ActivateBD],English,Your account has been temporarily deactivated. Click here to activate: [URL]
normal,Will you go shopping today?,English,Will you go shopping today?
normal,Everything will be alright.,English,Everything will be alright.
promo,"১৫০৳ ক্যাশব্যাকে নাও ডাটা মিক্সার ৮০জিবি@৳৬৯৯,৩০দিন: cutt.ly/lwMwLrfw",Bengali,"১৫০৳ ক্যাশব্যাকে নাও ডাটা মিক্সার ৮০জিবি@৳৬৯৯,৩০দিন: cutt.ly/lwMwLrfw"
normal,Urgently send money to 01738287365.,English,Urgently send money to [PHONE] .
normal,I bought some fresh hilsa fish from Kawran Bazar this morning.,English,I bought some fresh hilsa fish from Kawran Bazar this morning.
promo,বড় ডিসকাউন্ট! শীতের পোশাকে ৩০% ছাড়। আজই ভিজিট করুন আমাদের স্টোরে!,Bengali,বড় ডিসকাউন্ট! শীতের পোশাকে ৩০% ছাড়। আজই ভিজিট করুন আমাদের স্টোরে!
normal,"বাবা, আমার এক্সামের রেজাল্ট ভালো হয়েছে। A+ পেয়েছি।",Bengali,"বাবা, আমার এক্সামের রেজাল্ট ভালো হয়েছে। A+ পেয়েছি।"
promo,Bonus offer: 1GB-30TK-3days. Dial *121*5215# or https://mygp.li/mo,English,Bonus offer: 1GB-30TK-3days. Dial *121*5215# or [URL]
smish,"You have won TK5,000 prize from Nagad account! Call for details: +8801919899901",English,"You have won TK5,000 prize from Nagad account! Call for details: [PHONE]"
normal,আমরা পরের সপ্তাহে কক্সবাজার যাওয়ার প্ল্যান করছি। সমুদ্র দেখতে যাওয়ার জন্য সবাই ভীষণ উত্তেজিত।,Bengali,আমরা পরের সপ্তাহে কক্সবাজার যাওয়ার প্ল্যান করছি। সমুদ্র দেখতে যাওয়ার জন্য সবাই ভীষণ উত্তেজিত।
normal,"দোস্ত, নতুন সিনেমা দেখেছো? রিভিউ ভালো শুনলাম।",Bengali,"দোস্ত, নতুন সিনেমা দেখেছো? রিভিউ ভালো শুনলাম।"
smish,Opportunity to double your savings! Call: +8801715455567,English,Opportunity to double your savings! Call: [PHONE]
normal,I want to read many books this year.,English,I want to read many books this year.
smish,"Claim your BDT 5,000 gift card from Aarong. Visit now www.face3b00kurl.com",English,"Claim your BDT 5,000 gift card from Aarong. Visit now [URL]"
normal,আমি যেন কিছু বলতে পারি না।,Bengali,আমি যেন কিছু বলতে পারি না।
smish,Your Bangladesh Commerce Bank export LC expired. Renew: bcb-export.com urgent,English,Your Bangladesh Commerce Bank export LC expired. Renew: [URL] urgent
normal,Are you going by tram?,English,Are you going by tram?
promo,Buy a new mobile and get 1000 TK cashback! Trade in today.,English,Buy a new mobile and get 1000 TK cashback! Trade in today.
smish,Janata Bank account is blocked. Click here to reactivate: https://t.me/JanataActivateBot,English,Janata Bank account is blocked. Click here to reactivate: [URL]
smish,"১,০০,০০০ টাকা বিনিয়োগে ২,০০,০০০ টাকা পান! কল করুন: +8801912122134",Bengali,"১,০০,০০০ টাকা বিনিয়োগে ২,০০,০০০ টাকা পান! কল করুন: [PHONE]"
smish,Your Rocket account shows unauthorized transaction 18000 TK. Report: rocket-fraud.bd/report immediately,English,Your Rocket account shows unauthorized transaction 18000 TK. Report: [URL] immediately
normal,আমাদের কলেজে আগামী সপ্তাহে সাংস্কৃতিক অনুষ্ঠান হবে। তুমি আসবে তো?,Bengali,আমাদের কলেজে আগামী সপ্তাহে সাংস্কৃতিক অনুষ্ঠান হবে। তুমি আসবে তো?
normal,আজ দুপুরে দারুণ একটা সিনেমা দেখলাম। তোমাকে অবশ্যই রিকমেন্ড করবো।,Bengali,আজ দুপুরে দারুণ একটা সিনেমা দেখলাম। তোমাকে অবশ্যই রিকমেন্ড করবো।
smish,"ইউরোপীয় চ্যাম্পিয়নশিপে বাজি ধরুন এবং ৫০,০০০ টাকা ক্যাশব্যাক জিতুন। ক্লিক করুন: phlebolog.com.ua/libraries/joomla/results.php",Bengali,"ইউরোপীয় চ্যাম্পিয়নশিপে বাজি ধরুন এবং ৫০,০০০ টাকা ক্যাশব্যাক জিতুন। ক্লিক করুন: [URL]"
promo,Bangladesh Air Force is recruiting officer cadets for 89 BAF course. Details: https://joinairforce.baf.mil.bd,English,Bangladesh Air Force is recruiting officer cadets for 89 BAF course. Details: [URL]
normal,তোমার পরিশ্রম সার্থক হবে।,Bengali,তোমার পরিশ্রম সার্থক হবে।
promo,"Candidates interested in participating in the 12th National Parliament Election can submit nomination papers online alongside the traditional method. To submit nominations online, visit the commission's website www.ecs.gov.bd-EC",English,"Candidates interested in participating in the 12th National Parliament Election can submit nomination papers online alongside the traditional method. To submit nominations online, visit the commission's website [URL]"
promo,"৳১০০ ক্যাশব্যাক! ৩০জিবি+৫০০মি. @৳৩৯৯ ৩০দিন,নিয়ে নাও: cutt.ly/AwkY4L2C",Bengali,"৳১০০ ক্যাশব্যাক! ৩০জিবি+৫০০মি. @৳৩৯৯ ৩০দিন,নিয়ে নাও: cutt.ly/AwkY4L2C"
promo,"An online essay competition has been organized on the occasion of World Telecommunication and Information Society Day (WTISD) on May 17, 2024. Click here to participate: https://bit.ly/wtisd24",English,"An online essay competition has been organized on the occasion of World Telecommunication and Information Society Day (WTISD) on May 17, 2024. Click here to participate: [URL]"
smish,Reset your password immediately. Click here: \[passwordreset.org/ResetBD],English,Reset your password immediately. Click here: [URL]
normal,Send money via Rocket to number 01729173892.,English,Send money via Rocket to number [PHONE] .
normal,পাখিরা গাছে গান গায়।,Bengali,পাখিরা গাছে গান গায়।
normal,"প্রিয় দাদু, আমি এইমাত্র ডাক্তারের কাছ থেকে ফিরে এলাম এবং আপনার রিপোর্টের ব্যাপারে ভালো খবর পেয়েছি। ডাঃ করিম সাহেব বলেছেন যে আপনার সুগারের মাত্রা এখন নিয়ন্ত্রণে আছে এবং ব্লাড প্রেসারও স্বাভাবিক। তবে তিনি বলেছেন নিয়মিত হাঁটাচলা করতে এবং লবণ কম খেতে। আমি আগামী সপ্তাহে আবার আপনার সাথে ডাক্তারের কাছে যাবো এবং তার পরামর্শ অনুযায়ী আপনার ডায়েট চার্ট তৈরি করবো। আপনি চিন্তা করবেন না, সব ঠিক হয়ে যাবে।",Bengali,"প্রিয় দাদু, আমি এইমাত্র ডাক্তারের কাছ থেকে ফিরে এলাম এবং আপনার রিপোর্টের ব্যাপারে ভালো খবর পেয়েছি। ডাঃ করিম সাহেব বলেছেন যে আপনার সুগারের মাত্রা এখন নিয়ন্ত্রণে আছে এবং ব্লাড প্রেসারও স্বাভাবিক। তবে তিনি বলেছেন নিয়মিত হাঁটাচলা করতে এবং লবণ কম খেতে। আমি আগামী সপ্তাহে আবার আপনার সাথে ডাক্তারের কাছে যাবো এবং তার পরামর্শ অনুযায়ী আপনার ডায়েট চার্ট তৈরি করবো। আপনি চিন্তা করবেন না, সব ঠিক হয়ে যাবে।"
smish,"জরুরি নিরাপত্তা সতর্কতা! আমাদের সিস্টেম ডিটেক্ট করেছে যে আপনার ব্র্যাক ব্যাংক মোবাইল ব্যাংকিং একাউন্টে অস্বাভাবিক কার্যকলাপ হচ্ছে। গত ২৪ ঘন্টায় তিনবার ভুল পিন দেওয়া হয়েছে এবং কেউ আপনার একাউন্টে ১,২০,০০০ টাকা ট্রান্সফারের চেষ্টা করেছে। আপনার একাউন্ট রক্ষার জন্য আমরা এটি সাময়িকভাবে বন্ধ করেছি। একাউন্ট পুনরায় চালু করতে এবং নিরাপত্তা যাচাইয়ের জন্য secure-brac.tk লিংকে যান।",Bengali,"জরুরি নিরাপত্তা সতর্কতা! আমাদের সিস্টেম ডিটেক্ট করেছে যে আপনার ব্র্যাক ব্যাংক মোবাইল ব্যাংকিং একাউন্টে অস্বাভাবিক কার্যকলাপ হচ্ছে। গত ২৪ ঘন্টায় তিনবার ভুল পিন দেওয়া হয়েছে এবং কেউ আপনার একাউন্টে ১,২০,০০০ টাকা ট্রান্সফারের চেষ্টা করেছে। আপনার একাউন্ট রক্ষার জন্য আমরা এটি সাময়িকভাবে বন্ধ করেছি। একাউন্ট পুনরায় চালু করতে এবং নিরাপত্তা যাচাইয়ের জন্য secure-brac.tk লিংকে যান।"
promo,"Ongoing landfilling plot adjacent to Sector 30, Purbachal! 1.6 lakh per katha
01894841736",English,"Ongoing landfilling plot adjacent to Sector 30, Purbachal! 1.6 lakh per katha [PHONE]"
smish,"*Work from home form filling job. *Fill 5 forms for 510TK, *Our company is hiring. *Education: Just need to read Bengali *Must have WhatsApp. *Salary: 8000-18000TK",English,"*Work from home form filling job. *Fill 5 forms for 510TK, *Our company is hiring. *Education: Just need to read Bengali *Must have WhatsApp. *Salary: [PHONE] TK"
promo,৭৯পয়সা প্রতি মিনিট ১৫দিন মেয়াদের কল রেট অফারটি নিতে ১১৯ টাকা রিচার্জ  করুন। ,Bengali,৭৯পয়সা প্রতি মিনিট ১৫দিন মেয়াদের কল রেট অফারটি নিতে ১১৯ টাকা রিচার্জ করুন।
smish,"আপনার জমি বিক্রির টাকা জমা হয়েছে, কল করুন: +8801914567890",Bengali,"আপনার জমি বিক্রির টাকা জমা হয়েছে, কল করুন: [PHONE]"
normal,"You are very strong, keep courage.",English,"You are very strong, keep courage."
normal,Good luck with your presentation tomorrow! You've worked hard and I know you'll do excellently.,English,Good luck with your presentation tomorrow! You've worked hard and I know you'll do excellently.
smish,আপনার সঞ্চয় দ্বিগুণ করুন! এখনই কল করুন: +8801919876543,Bengali,আপনার সঞ্চয় দ্বিগুণ করুন! এখনই কল করুন: [PHONE]
promo,"Partex furniture Eid special! Bedroom sets starting 35000 TK. Visit Elephant Road, New Market showrooms!",English,"Partex furniture Eid special! Bedroom sets starting 35000 TK. Visit Elephant Road, New Market showrooms!"
smish,A new address is required to deliver your package. Click here: [packageupdate.net/AddressBD],English,A new address is required to deliver your package. Click here: [URL]
promo,"TK200 cashback only for today- 61GB+1000min@TK699,30 days: cutt.ly/FwQhpKHc",English,"TK200 cashback only for today- 61GB+1000min@TK699,30 days: cutt.ly/FwQhpKHc"
promo,Free shipping on electronics purchase! Shop before offer ends.,English,Free shipping on electronics purchase! Shop before offer ends.
smish,মোবাইল দিয়ে টাকা ইনকাম করুন! নতুন উপায় 2023 সালের জন্য। বিস্তারিত জানতে যোগ দিন: https://t.me/Poolsclub,Bengali,মোবাইল দিয়ে টাকা ইনকাম করুন! নতুন উপায় 2023 সালের জন্য। বিস্তারিত জানতে যোগ দিন: [URL]
promo,সিস্টেমের মান উন্নয়নের জন্য ১১মে রাত ১১:৫৯ থেকে ১২মে সকাল ৮টা পর্যন্ত ফ্লেক্সিলোডের মাধ্যমে মোবাইল রিচার্জ বন্ধ থাকবে। তবে এই সময় মাইজিপি অ্যাপ বা স্ক্রাচ কার্ড দিয়ে রিচার্জ করা যাবে।,Bengali,সিস্টেমের মান উন্নয়নের জন্য ১১মে রাত ১১:৫৯ থেকে ১২মে সকাল ৮টা পর্যন্ত ফ্লেক্সিলোডের মাধ্যমে মোবাইল রিচার্জ বন্ধ থাকবে। তবে এই সময় মাইজিপি অ্যাপ বা স্ক্রাচ কার্ড দিয়ে রিচার্জ করা যাবে।
smish,"আপনি বাংলাদেশ ব্যাংকের নতুন স্কিমে নির্বাচিত হয়েছেন। ২,০০,০০০ টাকা পেতে হলে আপনার বিকাশ নম্বর ও পিন পাঠান claim@bdgov-money.com এ।",Bengali,"আপনি বাংলাদেশ ব্যাংকের নতুন স্কিমে নির্বাচিত হয়েছেন। ২,০০,০০০ টাকা পেতে হলে আপনার বিকাশ নম্বর ও পিন পাঠান [URL] এ।"
smish,Bet on cricket to win free match tickets with Shakib! Start: promusic.co/components/interbank.com/,English,Bet on cricket to win free match tickets with Shakib! Start: [URL]
smish,Bet on BPL and win a free vacation for 7 days. Start: super1000.info/docs,English,Bet on BPL and win a free vacation for 7 days. Start: [URL]
normal,তোমার দিন কেমন গেছে?,Bengali,তোমার দিন কেমন গেছে?
promo,"২০০৳ ক্যাশব্যাক!৬০জিবি+১০০০মিনিট @৬৯৯৳ ৩০দিন,নিয়ে নাও- cutt.ly/aAhiAsI",Bengali,"২০০৳ ক্যাশব্যাক!৬০জিবি+১০০০মিনিট @৬৯৯৳ ৩০দিন,নিয়ে নাও- cutt.ly/aAhiAsI"
promo,"Golden Harvest agro products fair! Seeds, fertilizers, tools 15% discount. Boost your harvest!",English,"Golden Harvest agro products fair! Seeds, fertilizers, tools 15% discount. Boost your harvest!"
promo,Mega furniture sale! 15-30% discount on all products. Visit today.,English,Mega furniture sale! 15-30% discount on all products. Visit today.
promo,"নতুন স্যামসাং ফোনে ১০% ডিসকাউন্ট! স্টক সীমিত, আজই কিনুন!",Bengali,"নতুন স্যামসাং ফোনে ১০% ডিসকাউন্ট! স্টক সীমিত, আজই কিনুন!"
promo,Pathao ride discount 40% for new users! Use code: NEW40. Download app and start saving today!,English,Pathao ride discount 40% for new users! Use code: NEW40. Download app and start saving today!
normal,তুমি কি ট্রামে যাচ্ছো?,Bengali,তুমি কি ট্রামে যাচ্ছো?
smish,আপনার বিকাশ পিন তিনবার ভুল হয়েছে। এখনই bkash-safelogin.net এ গিয়ে সঠিক তথ্য প্রদান করুন। অন্যথায় আপনার একাউন্ট সম্পূর্ণভাবে স্থগিত হবে।,Bengali,আপনার বিকাশ পিন তিনবার ভুল হয়েছে। এখনই [URL] এ গিয়ে সঠিক তথ্য প্রদান করুন। অন্যথায় আপনার একাউন্ট সম্পূর্ণভাবে স্থগিত হবে।
smish,"প্রবাসে ১০০% নিশ্চিত চাকরির সুযোগ। কোন ফি নেই, শুধু আপনার পাসপোর্ট এবং শিক্ষাগত যোগ্যতা দরকার। যোগাযোগ:০১৮৬৭৫৪৬৩৮৯",Bengali,"প্রবাসে ১০০% নিশ্চিত চাকরির সুযোগ। কোন ফি নেই, শুধু আপনার পাসপোর্ট এবং শিক্ষাগত যোগ্যতা দরকার। যোগাযোগ: [PHONE]"
smish,"Aarong is offering a massive Eid offer, click here 
https://jycmyfyxx.toeverge.top/7e3ackVlQwlzSkV6BEIDeH9QD39bByUBDk9vJ289FAZZUFJNZBYCASsVPDQ4UiQAAy1cIzJSGkRyNSF_ClxRVnIhWwsR&p=rqrrms&_mi1711019676868",English,"Aarong is offering a massive Eid offer, click here [URL]"
normal,Congratulations on your new job! Well deserved after all your hard work and dedication.,English,Congratulations on your new job! Well deserved after all your hard work and dedication.
normal,"This is Salim's number, call him when you come 01738838838",English,"This is Salim's number, call him when you come [PHONE]"
normal,০১৬৭২৫৬৩৭৪১ এই নাম্বারে টাকা পাঠা।,Bengali,[PHONE] এই নাম্বারে টাকা পাঠা।
smish,Your job application has been approved and salary is TK40000 per month. Contact information: 8801715717370,English,Your job application has been approved and salary is TK400 per month. Contact information: [PHONE]
promo,"TK 419 for TK 499 offer! Get 35GB + 500 MB, 30 days: cutt.ly/4w77ohWY",English,"TK 419 for TK 499 offer! Get 35GB + 500 MB, 30 days: cutt.ly/4w77ohWY"
smish,আপনার ব্যাংক কার্ডটি অবিলম্বে আপডেট করুন। এখানে ক্লিক করুন: [verifybankcard.com/UpdateBD],Bengali,আপনার ব্যাংক কার্ডটি অবিলম্বে আপডেট করুন। এখানে ক্লিক করুন: [URL]
smish,আপনার ক্রেডিট কার্ডের সীমা বৃদ্ধি করতে এখানে ক্লিক করুন: [increasecredit.com/LimitBD],Bengali,আপনার ক্রেডিট কার্ডের সীমা বৃদ্ধি করতে এখানে ক্লিক করুন: [URL]
normal,তুমি কি রেস্টুরেন্টে যাচ্ছো?,Bengali,তুমি কি রেস্টুরেন্টে যাচ্ছো?
normal,Happy New Year!,English,Happy New Year!
promo,"Save your pocket with Data Mixer, get 10GB@TK249, 30 days: cutt.ly/owARsARN",English,"Save your pocket with Data Mixer, get 10GB@TK249, 30 days: cutt.ly/owARsARN"
smish,"৫,০০০ টাকা বিনিয়োগে ২০,০০০ টাকা পান! কল করুন: +8801918899001",Bengali,"৫,০০০ টাকা বিনিয়োগে ২০,০০০ টাকা পান! কল করুন: [PHONE]"
smish,Win free match tickets with Shakib Al Hasan by betting on IPL today. Click here: xini.eu/00Qe,English,Win free match tickets with Shakib Al Hasan by betting on IPL today. Click here: xini.eu/00Qe
promo,"Get 50TK cashback data mixer 40GB@TK248, 7days: cutt.ly/WwZsAgMK",English,"Get 50TK cashback data mixer 40GB@TK248, 7days: cutt.ly/WwZsAgMK"
smish,You've won an Apple iPhone 15! Call to confirm delivery: +8801811011123,English,You've won an Apple iPhone 15! Call to confirm delivery: [PHONE]
normal,"What's up, hello?",English,"What's up, hello?"
smish,আপনার ক্রেডিট কার্ডের তথ্য যাচাই করতে হবে। অনুগ্রহ করে এখানে ক্লিক করুন: http://bit.ly/VerifyCard,Bengali,আপনার ক্রেডিট কার্ডের তথ্য যাচাই করতে হবে। অনুগ্রহ করে এখানে ক্লিক করুন: [URL]
smish,"যারা ফ্রিতে ইনকাম করতে চান শুধু তারা আমাদের টেলিগ্রাম লিংক এ ডুকে কাজ শুরু করে দেন
https://t.me/Referincomebd4536_bot?start=r02800826975",Bengali,যারা ফ্রিতে ইনকাম করতে চান শুধু তারা আমাদের টেলিগ্রাম লিংক এ ডুকে কাজ শুরু করে দেন [URL]
promo,Robi eShop-এ মোবাইল কিনলে সঙ্গে পাচ্ছেন ফ্রি ইয়ারফোন। অফার সীমিত স্টকে।,Bengali,Robi eShop-এ মোবাইল কিনলে সঙ্গে পাচ্ছেন ফ্রি ইয়ারফোন। অফার সীমিত স্টকে।
promo,All week's interneting in 1 deal- get 10GB@TK158: cutt.ly/FwUC6vhp,English,All week's interneting in 1 deal- get 10GB@TK158: cutt.ly/FwUC6vhp
normal,"Sorry, my roommates took a long time, can I go now?",English,"Sorry, my roommates took a long time, can I go now?"
normal,০১৯২৭২৮৩৮৭১ এই নাম্বারে রকেটে ৫০০ টাকা পাঠান।,Bengali,[PHONE] এই নাম্বারে রকেটে ৫০০ টাকা পাঠান।
normal,I wouldn't have known if you hadn't said,English,I wouldn't have known if you hadn't said
smish,আপনার মোবাইল নম্বরটি হাই-এন্ড ল্যাপটপ জিতেছে! পুরস্কার পেতে কল করুন +8801814455667,Bengali,আপনার মোবাইল নম্বরটি হাই-এন্ড ল্যাপটপ জিতেছে! পুরস্কার পেতে কল করুন [PHONE]
promo,Shohoz Tickets-এ বাস টিকিট কিনলে ১০% ছাড়। কোড: BUS10 ব্যবহার করুন।,Bengali,Shohoz Tickets-এ বাস টিকিট কিনলে ১০% ছাড়। কোড: BUS10 ব্যবহার করুন।
smish,"Dear Customer,

আপনার ইনকাম ট্যাক্স রিফান্ড অনুমোদিত হয়েছে মোট Rs 20,490/-, এই পরিমাণটি শীঘ্রই ক্রেডিট হবে। দয়া করে আপনার একাউন্ট নম্বর 5XXXXXXXXXX755 যাচাই করুন। যদি এটি ভুল হয়, তাহলে নীচের লিঙ্কে ক্লিক করে আপডেট করুন আপনার ব্যাংক একাউন্ট তথ্য।

লিঙ্ক: [https://bit.ly/20wpYK6](https://bit.ly/20wpYK6)

ধন্যবাদ।",Bengali,"Dear Customer, আপনার ইনকাম ট্যাক্স রিফান্ড অনুমোদিত হয়েছে মোট Rs 20,490/-, এই পরিমাণটি শীঘ্রই ক্রেডিট হবে। দয়া করে আপনার একাউন্ট নম্বর 5XX755 যাচাই করুন। যদি এটি ভুল হয়, তাহলে নীচের লিঙ্কে ক্লিক করে আপডেট করুন আপনার ব্যাংক একাউন্ট তথ্য। লিঙ্ক: [ [URL] ধন্যবাদ।"
promo,"To get passport and visa related information, call 16445 from the country and 09666716445 from abroad to the passport portal.
Do not transact any money other than government prescribed fees to get passport and visa.",English,"To get passport and visa related information, call 16445 from the country and [PHONE] from abroad to the passport portal. Do not transact any money other than government prescribed fees to get passport and visa."
promo,Teletalk prepaid users recharge 100TK get 200TK bonus talk time!,English,Teletalk prepaid users recharge 100TK get 200TK bonus talk time!
promo,Up to 20% discount on online shopping! Use the code to avail.,English,Up to 20% discount on online shopping! Use the code to avail.
promo,Shohoz Rides সব রাইডে ২০% ডিসকাউন্ট দিচ্ছে।,Bengali,Shohoz Rides সব রাইডে ২০% ডিসকাউন্ট দিচ্ছে।
smish,আজই ক্যাসিনোতে বাজি ধরুন এবং একটি নতুন গাড়ি জিতুন! ক্লিক করুন: ebayisapidlld.altervista.org/,Bengali,আজই ক্যাসিনোতে বাজি ধরুন এবং একটি নতুন গাড়ি জিতুন! ক্লিক করুন: [URL]
normal,How's your day going today?,English,How's your day going today?
smish,For stipend of 4200 TK contact: 01320660547 Education Board,English,For stipend of 4200 TK contact: [PHONE] Education Board
normal,Send Bkash to 01927283765 quickly.,English,Send Bkash to [PHONE] quickly.
normal,Good luck with your presentation tomorrow. You're well prepared and will definitely impress them.,English,Good luck with your presentation tomorrow. You're well prepared and will definitely impress them.
smish,"TK 5,000 has been deposited in bKash account. Click here for details: https://wa.me/8801713233245",English,"TK 5,000 has been deposited in bKash account. Click here for details: [URL]"
normal,শুক্রবার কি প্ল্যান?,Bengali,শুক্রবার কি প্ল্যান?
smish,"""প্রিয় গ্রাহক, আপনার ইন্টারনেট পরিষেবা বন্ধ হতে চলেছে। পুনরায় চালু করতে এখানে ক্লিক করুন: www.face3b00kisp.com""",Bengali,"""প্রিয় গ্রাহক, আপনার ইন্টারনেট পরিষেবা বন্ধ হতে চলেছে। পুনরায় চালু করতে এখানে ক্লিক করুন: [URL]"
normal,"ভাইয়া, আজ আপনার সাথে দেখা করতে পারবো না। কাল আসবো।",Bengali,"ভাইয়া, আজ আপনার সাথে দেখা করতে পারবো না। কাল আসবো।"
promo,ফ্ল্যাট ১৫% ডিসকাউন্ট সব শপিংয়ে। কোড: DISCOUNT15.,Bengali,ফ্ল্যাট ১৫% ডিসকাউন্ট সব শপিংয়ে। কোড: DISCOUNT15.
normal,আমি আগামী সপ্তাহে চট্টগ্রাম যাচ্ছি অফিসের কাজে। তোমার কোনো প্রয়োজন থাকলে বলে দিও।,Bengali,আমি আগামী সপ্তাহে চট্টগ্রাম যাচ্ছি অফিসের কাজে। তোমার কোনো প্রয়োজন থাকলে বলে দিও।
smish,"Attractive job and education, monthly salary TK2 lakh+ and opportunity for permanent residence in South Korea.
Free tuition and accommodation.
Contact:
01720557103
01720557120
01321200716
01550402100",English,"Attractive job and education, monthly salary TK2 lakh+ and opportunity for permanent residence in South Korea. Free tuition and accommodation. Contact: [PHONE] [PHONE]"
smish,"আপনার প্যাকেজ হোল্ডে আছে, এখানে আপনার প্যাকেজ শিপিং সম্পূর্ণ করার জন্য আপনাকে আরও তথ্য প্রদান করতে হবে:https://ow.ly/ xjfF50QsUP4",Bengali,"আপনার প্যাকেজ হোল্ডে আছে, এখানে আপনার প্যাকেজ শিপিং সম্পূর্ণ করার জন্য আপনাকে আরও তথ্য প্রদান করতে হবে: [URL] xjfF50QsUP4"
smish,"https://t.me/darazbotpay_bot?start=r01789928105.
Free income করতে পারবেন। ১মিনিট ঢুকে দেখলে তো আর কোন সমস্যা নেই,",Bengali,"[URL] Free income করতে পারবেন। ১মিনিট ঢুকে দেখলে তো আর কোন সমস্যা নেই,"
normal,Give money to Hasan's number then come.,English,Give money to Hasan's number then come.
smish,"Earn by mining for free. 100% free. Just need Telegram app. Click link and start, claim tokens every 6 hours. No other work needed. https://t.me/pixelversexyzbot?start=6760562639",English,"Earn by mining for free. 100% free. Just need Telegram app. Click link and start, claim tokens every 6 hours. No other work needed. [URL]"
normal,"Believe in yourself, everything is possible.",English,"Believe in yourself, everything is possible."
smish,মাশরাফির সাথে ফ্রি হোটেল বুকিং জিততে ক্যাসিনোতে বাজি ধরুন। শুরু করুন: ebayisapidlld.altervista.org/,Bengali,মাশরাফির সাথে ফ্রি হোটেল বুকিং জিততে ক্যাসিনোতে বাজি ধরুন। শুরু করুন: [URL]
promo,কসমেটিকসে বিশেষ অফার! সব ব্র্যান্ডে ৩০% ছাড় + গিফট হ্যাম্পার।,Bengali,কসমেটিকসে বিশেষ অফার! সব ব্র্যান্ডে ৩০% ছাড় + গিফট হ্যাম্পার।
smish,মাশরাফির সাথে একদিন কাটানোর সুযোগ পেতে বিপিএলে বাজি ধরুন। যোগ দিন: xini.eu/00Qe,Bengali,মাশরাফির সাথে একদিন কাটানোর সুযোগ পেতে বিপিএলে বাজি ধরুন। যোগ দিন: xini.eu/00Qe
promo,অনলাইন শপিংয়ে প্রথম অর্ডারে ২০% ছাড়! কুপন কোড: FIRST20,Bengali,অনলাইন শপিংয়ে প্রথম অর্ডারে ২০% ছাড়! কুপন কোড: FIRST20
normal,শুভ বিজয়া দশমী!,Bengali,শুভ বিজয়া দশমী!
promo,অফার: সব ইলেকট্রনিক্সে ১০% ক্যাশব্যাক। কোড: ELEC10.,Bengali,অফার: সব ইলেকট্রনিক্সে ১০% ক্যাশব্যাক। কোড: ELEC10.
normal,I can't believe how quickly the kids are growing up these days.,English,I can't believe how quickly the kids are growing up these days.
normal,Tell a story. Just once.,English,Tell a story. Just once.
smish,"আপনার বিকাশ একাউন্ট থেকে ৯,৮০০ টাকা অন্য নাম্বারে পাঠানো হয়েছে। ভুল হলে এখনই bkash-refund.org এ তথ্য দিন।",Bengali,"আপনার বিকাশ একাউন্ট থেকে ৯,৮০০ টাকা অন্য নাম্বারে পাঠানো হয়েছে। ভুল হলে এখনই [URL] এ তথ্য দিন।"
smish,আপনার ব্যাংক কার্ডটি অবিলম্বে আপডেট করুন। এখানে ক্লিক করুন: [bankcardupdate.com/UpdateBD],Bengali,আপনার ব্যাংক কার্ডটি অবিলম্বে আপডেট করুন। এখানে ক্লিক করুন: [URL]
normal,কি খবর তোমাদের?,Bengali,কি খবর তোমাদের?
normal,আজ কেমন লাগছে তোমাকে? ঠিক আছি। আপনার কেমন লাগছে?,Bengali,আজ কেমন লাগছে তোমাকে? ঠিক আছি। আপনার কেমন লাগছে?
normal,আমার ফোনের চার্জার নষ্ট হয়ে গেছে। তোমার কাছ থেকে একটা ধার নিতে চাই।,Bengali,আমার ফোনের চার্জার নষ্ট হয়ে গেছে। তোমার কাছ থেকে একটা ধার নিতে চাই।
normal,"Yes, it's hard to pass time sitting idle. I've seen it on YouTube too, and it was also in Dark series.",English,"Yes, it's hard to pass time sitting idle. I've seen it on YouTube too, and it was also in Dark series."
normal,I am going to the market in the morning.,English,I am going to the market in the morning.
smish,Alert! আপনার ব্যাংক লোন ডিফল্ট। তাৎক্ষণিক পেমেন্ট: pay-loan.cf,Bengali,Alert! আপনার ব্যাংক লোন ডিফল্ট। তাৎক্ষণিক পেমেন্ট: pay-loan.cf
normal,আজ সকালে অফিসের মিটিংয়ে অনেক গুরুত্বপূর্ণ সিদ্ধান্ত নেওয়া হয়েছে।,Bengali,আজ সকালে অফিসের মিটিংয়ে অনেক গুরুত্বপূর্ণ সিদ্ধান্ত নেওয়া হয়েছে।
normal,আজকের দুপুরে বড় বৃষ্টি হচ্ছে।,Bengali,আজকের দুপুরে বড় বৃষ্টি হচ্ছে।
smish,Error occurred in Bangladesh Bank account. Call: +8801814344356,English,Error occurred in Bangladesh Bank account. Call: [PHONE]
smish,সর্তকবার্তা: আপনার পেনশন পেমেন্ট স্টপ। রিস্টার্ট: restart-pension.cf,Bengali,সর্তকবার্তা: আপনার পেনশন পেমেন্ট স্টপ। রিস্টার্ট: restart-pension.cf
smish,আপনার ক্রেডিট কার্ডের বিল পেমেন্ট মিস হয়েছে। এখানে ক্লিক করে পেমেন্ট করুন: http://bit.ly/PayBill,Bengali,আপনার ক্রেডিট কার্ডের বিল পেমেন্ট মিস হয়েছে। এখানে ক্লিক করে পেমেন্ট করুন: [URL]
promo,January-24 Recharge:0TK Expense: Data:0TK Voice:23TK Others:1TK,English,January-24 Recharge:0TK Expense: Data:0TK Voice:23TK Others:1TK
smish,You have won an Apple iPhone 18! Call to confirm delivery: +8801810900912,English,You have won an Apple iPhone 18! Call to confirm delivery: [PHONE]
normal,শুভ মহাষ্টমী!,Bengali,শুভ মহাষ্টমী!
promo,"1GB (0.2GB+ 0.8GB Bonus) ইন্টারনেট সফলভাবে চালু হয়েছে। মোট মূল্য 19TK, মেয়াদ 7 দিন। ইন্টারনেট ব্যালেন্স জানতে mygp.li/check ক্লিক করুন অথবা *121*1*4# ডায়াল করুন।",Bengali,"1GB (0.2GB+ 0.8GB Bonus) ইন্টারনেট সফলভাবে চালু হয়েছে। মোট মূল্য 19TK, মেয়াদ 7 দিন। ইন্টারনেট ব্যালেন্স জানতে mygp.li/check ক্লিক করুন অথবা *121*1*4# ডায়াল করুন।"
smish,IPL special offer! Start betting and win a free laptop. Click: super1000.info/docs,English,IPL special offer! Start betting and win a free laptop. Click: [URL]
promo,"TK40 cashback! 31GB+450min.@459TK 30 days, get it: cutt.ly/0wO6Jggn",English,"TK40 cashback! 31GB+450min.@459TK 30 days, get it: cutt.ly/0wO6Jggn"
smish,"প্রিয় গ্রাহক, আপনার কার্ডের নতুন পিন কোড জেনারেট করতে নিচের লিঙ্কে যান এবং পূর্ববর্তী সকল ইনফরমেশন প্রদান করুন, অবশ্যই সঠিক পিন কোডটি শেয়ার করবেন। লিঙ্ক: www.pinupdate.com",Bengali,"প্রিয় গ্রাহক, আপনার কার্ডের নতুন পিন কোড জেনারেট করতে নিচের লিঙ্কে যান এবং পূর্ববর্তী সকল ইনফরমেশন প্রদান করুন, অবশ্যই সঠিক পিন কোডটি শেয়ার করবেন। লিঙ্ক: [URL]"
smish,Call to verify your income tax +8801913344556,English,Call to verify your income tax [PHONE]
smish,জনতা ব্যাংক অ্যাকাউন্ট আপডেট করতে এখানে ক্লিক করুন: https://t.me/JanataUpdateBot2,Bengali,জনতা ব্যাংক অ্যাকাউন্ট আপডেট করতে এখানে ক্লিক করুন: [URL]
promo,ভালোবাসা দিবসে ডায়মন্ড গহনায় ২৫% ছাড় ১৫/০২/২০২৪ পর্যন্ত। ০১৭১৩১৯৯২৭০,Bengali,ভালোবাসা দিবসে ডায়মন্ড গহনায় ২৫% ছাড় ১৫/০২/২০২৪ পর্যন্ত। [PHONE]
normal,কি খাবে আজ? মাছের কারি। তুমি কি পছন্দ করো?,Bengali,কি খাবে আজ? মাছের কারি। তুমি কি পছন্দ করো?
smish,"প্রিয় গ্রাহক, আপনি ৫০,০০০ টাকা লটারি জিতেছেন! পুরস্কার দাবি করতে আপনার NID নম্বর ও মোবাইল OTP পাঠান এই ইমেইলে: claim@bdlottery.win। দ্রুত করুন, অফার সীমিত!",Bengali,"প্রিয় গ্রাহক, আপনি ৫০,০০০ টাকা লটারি জিতেছেন! পুরস্কার দাবি করতে আপনার NID নম্বর ও মোবাইল OTP পাঠান এই ইমেইলে: claim@bdlottery.win। দ্রুত করুন, অফার সীমিত!"
normal,আমি আমার পরিবারের সঙ্গে একটি নতুন সময় পালন করতে চাই।,Bengali,আমি আমার পরিবারের সঙ্গে একটি নতুন সময় পালন করতে চাই।
promo,Join Skitto Telegram now to not miss all cool updates: cutt.ly/NwJt7qvx,English,Join Skitto Telegram now to not miss all cool updates: cutt.ly/NwJt7qvx
smish,Your Dutch-Bangla Bank card will expire today. Update details: secure-dbbl.net/update PIN: 4829,English,Your Dutch-Bangla Bank card will expire today. Update details: [URL] PIN: 4829
smish,URGENT: water bill overdue 11756 TK. Disconnection in today: emergency-gov.bd/urgent,English,URGENT: water bill overdue 11756 TK. Disconnection in today: [URL]
normal,Send money to this number 01672563741.,English,Send money to this number [PHONE] .
smish,Bet on English Premier League and win a free hotel booking. Click here: xini.eu/00Qe,English,Bet on English Premier League and win a free hotel booking. Click here: xini.eu/00Qe
smish,"Your broadband connection shows illegal downloading. Avoid disconnection, pay fine 2500 TK: isp-fine.bd",English,"Your broadband connection shows illegal downloading. Avoid disconnection, pay fine 2500 TK: [URL]"
promo,30GB (with bonus) for 300TK valid 30 days. Dial *121*5254# or mygp.li/mo,English,30GB (with bonus) for 300TK valid 30 days. Dial *121*5254# or mygp.li/mo
promo,25% discount on diamond jewelry for Eid shopping until Chaand Raat. Phone: 01713199270,English,25% discount on diamond jewelry for Eid shopping until Chaand Raat. Phone: [PHONE]
promo,কুল সব আপডেট মিস না করতে এখনই জয়েন স্কিটো টেলিগ্রাম: cutt.ly/NwJt7qvx,Bengali,কুল সব আপডেট মিস না করতে এখনই জয়েন স্কিটো টেলিগ্রাম: cutt.ly/NwJt7qvx
smish,Your gas bill is overdue. Make payment immediately. Call +8801814455667,English,Your gas bill is overdue. Make payment immediately. Call [PHONE]
promo,September-23 Recharge:50TK Expense: Data:168TK Voice:119TK Others:0TK,English,September-23 Recharge:50TK Expense: Data:168TK Voice:119TK Others:0TK
smish,"বিনিয়োগে দ্বিগুণ লাভ, কল করুন: +8801911234567",Bengali,"বিনিয়োগে দ্বিগুণ লাভ, কল করুন: [PHONE]"
normal,কাল রাতে বাংলাদেশ আর ভারতের খেলা দেখলাম। ম্যাচটা একেবারে শেষ পর্যন্ত উত্তেজনাপূর্ণ ছিল। বন্ধুদের সাথে দারুণ সময় কাটলো।,Bengali,কাল রাতে বাংলাদেশ আর ভারতের খেলা দেখলাম। ম্যাচটা একেবারে শেষ পর্যন্ত উত্তেজনাপূর্ণ ছিল। বন্ধুদের সাথে দারুণ সময় কাটলো।
normal,Hope your job interview went well today! I'm sure they were impressed with your skills and experience.,English,Hope your job interview went well today! I'm sure they were impressed with your skills and experience.
normal,শুভ সন্ধ্যা!,Bengali,শুভ সন্ধ্যা!
smish,IFIC Bank security alert: Account compromised. Act now: ificbank-security.net/urgent,English,IFIC Bank security alert: Account compromised. Act now: [URL]
normal,আল্লাহর কাছে আপনি প্রার্থনা করা বন্ধ করে দিলে তিনি রাগান্বিত হন। অথচ আদম সন্তানের কাছে কিছু প্রার্থনা করলে সে রেগে যায়। – [ইমাম ইবনুল কাইয়্যিম (রাহিমাহুল্লাহ)],Bengali,আল্লাহর কাছে আপনি প্রার্থনা করা বন্ধ করে দিলে তিনি রাগান্বিত হন। অথচ আদম সন্তানের কাছে কিছু প্রার্থনা করলে সে রেগে যায়। – [ইমাম ইবনুল কাইয়্যিম (রাহিমাহুল্লাহ)]
normal,কোথায় যাচ্ছো?,Bengali,কোথায় যাচ্ছো?
smish,Click here to increase your debit card limit: [debitcardlimit.com/IncreaseBD],English,Click here to increase your debit card limit: [URL]
smish,"হ্যালো, আমার নাম ALIYE। আপনাকে বিরক্ত করার জন্য দুঃখিত। আমি Amazon.com এর মানবসম্পদ বিভাগ। আমি কি আপনার কয়েক মিনিট সময় নিতে পারি?
দুপুর আড়াইটা
আমাদের কোম্পানী আপনাকে একটি খণ্ডকালীন চাকরি প্রদান করতে পেরে খুশি যা আপনি আপনার অবসর সময়ে করতে পারেন, তাই আমাদের প্রচুর সংখ্যক সমবায় কর্মী নিয়োগ করতে হবে (কোনও ফি এবং বিনিয়োগ নেই)। এই কাজটি সহজ এবং নমনীয় এবং আপনার বর্তমান চাকরিতে হস্তক্ষেপ করবে না। পরে আপনি দিনে মাত্র 5-10 মিনিটে সহজেই 300-1200TK উপার্জন করতে পারবেন। আপনি কি এই চাকরিতে আগ্রহী?",Bengali,"হ্যালো, আমার নাম ALIYE। আপনাকে বিরক্ত করার জন্য দুঃখিত। আমি [URL] এর মানবসম্পদ বিভাগ। আমি কি আপনার কয়েক মিনিট সময় নিতে পারি? দুপুর আড়াইটা আমাদের কোম্পানী আপনাকে একটি খণ্ডকালীন চাকরি প্রদান করতে পেরে খুশি যা আপনি আপনার অবসর সময়ে করতে পারেন, তাই আমাদের প্রচুর সংখ্যক সমবায় কর্মী নিয়োগ করতে হবে (কোনও ফি এবং বিনিয়োগ নেই)। এই কাজটি সহজ এবং নমনীয় এবং আপনার বর্তমান চাকরিতে হস্তক্ষেপ করবে না। পরে আপনি দিনে মাত্র 5-10 মিনিটে সহজেই 300-1200TK উপার্জন করতে পারবেন। আপনি কি এই চাকরিতে আগ্রহী?"
smish,Bet at the casino today to win a free trip with Mashrafe. Click: xini.eu/00Qe,English,Bet at the casino today to win a free trip with Mashrafe. Click: xini.eu/00Qe
promo,"৳১০০ ক্যাশব্যাকে প্রোলেভেল ডিল-১০০জিবি@৳৬৯৮,৩০দিন cutt.ly/AwQzYxAf",Bengali,"৳১০০ ক্যাশব্যাকে প্রোলেভেল ডিল-১০০জিবি@৳৬৯৮,৩০দিন cutt.ly/AwQzYxAf"
smish,শাকিবের সই করা ব্যাট জিততে আজই ক্রিকেটে বাজি ধরুন! এখানে ক্লিক করুন: promusic.co/components/interbank.com/,Bengali,শাকিবের সই করা ব্যাট জিততে আজই ক্রিকেটে বাজি ধরুন! এখানে ক্লিক করুন: [URL]
smish,"একটা American website আছে কাজ Simple 
প্রতিদিন ৩ টা কাজ করলে ৮৫ টাকা দেয়, কোন ইনভেস্ট লাগবে না কেউ করতে চাইলে inbox সব বুঝাই দিবো 🤟😊 
invited করলে টাকা খুব দ্রত পেয়ে যাবেন..  অনেকেই এটা করতে চাইছিলেন না..  এখন করে তারা ভালোই ইনকাম করছে..",Bengali,"একটা American website আছে কাজ Simple প্রতিদিন ৩ টা কাজ করলে ৮৫ টাকা দেয়, কোন ইনভেস্ট লাগবে না কেউ করতে চাইলে inbox সব বুঝাই দিবো 🤟😊 invited করলে টাকা খুব দ্রত পেয়ে যাবেন.. অনেকেই এটা করতে চাইছিলেন না.. এখন করে তারা ভালোই ইনকাম করছে.."
smish,"10,000 TK deposited in Sonali Bank account. Click here for details: [https://wa.me/8801817788990](https://wa.me/8801817788990)",English,"10,000 TK deposited in Sonali Bank account. Click here for details: [ [URL]"
smish,"প্রিয় গ্রাহক, সমাজকল্যাণ অফিস থেকে আপনাকে বয়স্ক ভাতার জন্য নির্বাচন করা হয়েছে। নিচের লিংকে ক্লিক করে আপনার তথ্য প্রদান করুন।",Bengali,"প্রিয় গ্রাহক, সমাজকল্যাণ অফিস থেকে আপনাকে বয়স্ক ভাতার জন্য নির্বাচন করা হয়েছে। নিচের লিংকে ক্লিক করে আপনার তথ্য প্রদান করুন।"
smish,You are our lucky customer! Claim your free 1-year internet subscription. Call 019XXXXXXXX.,English,You are our lucky customer! Claim your free 1-year internet subscription. Call 019XX.
normal,"TK 3000 has been deducted from your account, please call.",English,"TK 3000 has been deducted from your account, please call."
smish,"আপনার Robi নম্বর সন্দেহজনক কাজে ব্যবহৃত হচ্ছে। সিম নিষ্ক্রিয় হওয়ার আগে robiverify-care.net এ লগইন করে আপনার নাম, NID ও মোবাইল OTP নিশ্চিত করুন।",Bengali,"আপনার Robi নম্বর সন্দেহজনক কাজে ব্যবহৃত হচ্ছে। সিম নিষ্ক্রিয় হওয়ার আগে [URL] এ লগইন করে আপনার নাম, NID ও মোবাইল OTP নিশ্চিত করুন।"
smish,Want to join for free and utilize your free time to do network marketing business with DXN company to create a passive income path? Then inbox,English,Want to join for free and utilize your free time to do network marketing business with DXN company to create a passive income path? Then inbox
promo,রেটলিস্ট হালনাগাদের জন্য জনমত সংগ্রহ করা হচ্ছে। মতামত প্রদানের জন্য বিটিআরসি’র ওয়েবসাইটের নোটিশ বোর্ড দেখুন (http://www.btrc.gov.bd/)। আপনার মূল্যবান মতামত আমাদের কাছে অত্যন্ত গুরুত্বপূর্ণ।-বিটিআরসি ,Bengali,রেটলিস্ট হালনাগাদের জন্য জনমত সংগ্রহ করা হচ্ছে। মতামত প্রদানের জন্য বিটিআরসি’র ওয়েবসাইটের নোটিশ বোর্ড দেখুন [URL] আপনার মূল্যবান মতামত আমাদের কাছে অত্যন্ত গুরুত্বপূর্ণ।-বিটিআরসি
normal,"আমি কাল লাইব্রেরি থেকে নতুন বই নিয়েছি। নাম 'সাতকাহন'। পড়া শুরু করেছি, গল্পটা ভীষণ টানটান। চাইলে তোমাকে ধার দিতে পারি।",Bengali,"আমি কাল লাইব্রেরি থেকে নতুন বই নিয়েছি। নাম 'সাতকাহন'। পড়া শুরু করেছি, গল্পটা ভীষণ টানটান। চাইলে তোমাকে ধার দিতে পারি।"
smish,নগদ অ্যাকাউন্ট ব্লক হয়েছে। পুনরায় চালু করতে কল করুন: +8801811234567,Bengali,নগদ অ্যাকাউন্ট ব্লক হয়েছে। পুনরায় চালু করতে কল করুন: [PHONE]
smish,গুরুত্বপূর্ণ: আপনার ভ্যাকসিন সার্টিফিকেট এক্সপায়ার। আপডেট: update-vaccine.tk,Bengali,গুরুত্বপূর্ণ: আপনার ভ্যাকসিন সার্টিফিকেট এক্সপায়ার। আপডেট: update-vaccine.tk
normal,"আমি ভালো আছি, ধন্যবাদ।",Bengali,"আমি ভালো আছি, ধন্যবাদ।"
promo,Bonus offer: 2GB-TK35-7days. Dial *121*5037# or visit mygp.li/mo,English,Bonus offer: 2GB-TK35-7days. Dial *121*5037# or visit mygp.li/mo
smish,Your email account will be closed. Verify to keep active: email-verify.bd/urgent Password: EM4478,English,Your email account will be closed. Verify to keep active: [URL] Password: EM4478
smish,"Janata Bank account has been blocked. To reactivate, call: +8801815566778",English,"Janata Bank account has been blocked. To reactivate, call: [PHONE]"
smish,You need to verify your bank account information. Please click here: http://bit.ly/VerifyInfo,English,You need to verify your bank account information. Please click here: [URL]
promo,এক্সক্লুসিভ সেল! ল্যাপটপ ও কম্পিউটারে ১৮০০০ টাকা পর্যন্ত ছাড়।,Bengali,এক্সক্লুসিভ সেল! ল্যাপটপ ও কম্পিউটারে ১৮০০০ টাকা পর্যন্ত ছাড়।
normal,Happy anniversary! Wishing you both many more years of happiness and love together.,English,Happy anniversary! Wishing you both many more years of happiness and love together.
smish,বাংলাদেশ ব্যাংক থেকে জরুরি বার্তা। বিস্তারিত জানতে এখানে ক্লিক করুন: https://wa.me/8801913233245,Bengali,বাংলাদেশ ব্যাংক থেকে জরুরি বার্তা। বিস্তারিত জানতে এখানে ক্লিক করুন: [URL]
normal,০১৬৭২৫৭৩৮৭৩ নাম্বারে দ্রুত বিকাশ করুন।,Bengali,[PHONE] নাম্বারে দ্রুত বিকাশ করুন।
normal,Good evening!,English,Good evening!
smish,➡️Do you want to work online?? Our project name is: Forgsec.io 🆓 We will give 1-2 live classes on Telegram for free and teach you the complete work✅✅ 🔜 We have daily income and monthly salary arrangements☑️☑️ Know everything and work with proof 100% real work✅,English,➡️Do you want to work online?? Our project name is: Forgsec.io 🆓 We will give 1-2 live classes on Telegram for free and teach you the complete work✅✅ 🔜 We have daily income and monthly salary arrangements☑️☑️ Know everything and work with proof 100% real work✅
normal,"Yes, it was taking us time",English,"Yes, it was taking us time"
smish,2 crore taka deposited in your bank account! Confirm by calling: +8801917677789,English,2 crore taka deposited in your bank account! Confirm by calling: [PHONE]
normal,শুভ রমজানের রহমতের মাস!,Bengali,শুভ রমজানের রহমতের মাস!
smish,দৈনিক ১৫০০ টাকা আয় করতে চাইলে অনুগ্রহ করে এই লিঙ্কে ক্লিক করুন এবং কাজ নিবন্ধন করুন: [https://t.me/DailyEarn_Money_bot?start=r07045881105](https://t.me/DailyEarn_Money_bot?start=r07045881105)। যদি কোনো প্রশ্ন থাকে তাহলে ইনবক্স করুন।,Bengali,দৈনিক ১৫০০ টাকা আয় করতে চাইলে অনুগ্রহ করে এই লিঙ্কে ক্লিক করুন এবং কাজ নিবন্ধন করুন: [ [URL] যদি কোনো প্রশ্ন থাকে তাহলে ইনবক্স করুন।
normal,শুভ পোহেলা বৈশাখ!,Bengali,শুভ পোহেলা বৈশাখ!
promo,Filled ongoing plots adjacent to Purbachal 30th sector! 1.6 lakh per katha 01894841736,English,Filled ongoing plots adjacent to Purbachal 30th sector! 1.6 lakh per katha [PHONE]
promo,iPhone 14 Pro Max available with 0% EMI! Down payment just 15000 TK. StarTech showrooms.,English,iPhone 14 Pro Max available with 0% EMI! Down payment just 15000 TK. StarTech showrooms.
normal,"তুমি একা নও, আমরা সবাই তোমার পাশে আছি।",Bengali,"তুমি একা নও, আমরা সবাই তোমার পাশে আছি।"
normal,Happy Kolkata Kalyan Fair!,English,Happy Kolkata Kalyan Fair!
promo,"চলে এসেছে বছরের সবচেয়ে বড় শীতের সেল! কে অ্যান্ড কে ফ্যাশনে আমরা নিয়ে এসেছি শীতের পোশাকের উপর অবিশ্বাস্য ছাড় - জ্যাকেট, সোয়েটার, শার্ট, প্যান্ট, সালোয়ার-কামিজ সব কিছুতে ৬০% পর্যন্ত ছাড়! বিশেষভাবে জনপ্রিয় ব্র্যান্ডগুলো যেমন Yellow, Aarong, Ecstasy এবং Richman এর কালেকশনও এই অফারে অন্তর্ভুক্ত। ৩০০০ টাকার উপরে কেনাকাটায় ফ্রি হোম ডেলিভারি। বসুন্ধরা সিটি, যমুনা ফিউচার পার্ক এবং অন্যান্য শাখায় পাওয়া যাচ্ছে।",Bengali,"চলে এসেছে বছরের সবচেয়ে বড় শীতের সেল! কে অ্যান্ড কে ফ্যাশনে আমরা নিয়ে এসেছি শীতের পোশাকের উপর অবিশ্বাস্য ছাড় - জ্যাকেট, সোয়েটার, শার্ট, প্যান্ট, সালোয়ার-কামিজ সব কিছুতে ৬০% পর্যন্ত ছাড়! বিশেষভাবে জনপ্রিয় ব্র্যান্ডগুলো যেমন Yellow, Aarong, Ecstasy এবং Richman এর কালেকশনও এই অফারে অন্তর্ভুক্ত। ৩০০০ টাকার উপরে কেনাকাটায় ফ্রি হোম ডেলিভারি। বসুন্ধরা সিটি, যমুনা ফিউচার পার্ক এবং অন্যান্য শাখায় পাওয়া যাচ্ছে।"
promo,"শেখ হাসিনা সরকারের সাফল্য:
২০০৮ সালে মোবাইল হ্যান্ডসেট উৎপাদন ছিল শূণ্য %, বর্তমানে দেশের ১৫টি কারখানা থেকে চাহিদার ৯৭% পূরণ হচ্ছে।",Bengali,"শেখ হাসিনা সরকারের সাফল্য: ২০০৮ সালে মোবাইল হ্যান্ডসেট উৎপাদন ছিল শূণ্য %, বর্তমানে দেশের ১৫টি কারখানা থেকে চাহিদার ৯৭% পূরণ হচ্ছে।"
smish,আপনার সঞ্চয় দ্বিগুণ করার সুযোগ! কল করুন: +8801718788890,Bengali,আপনার সঞ্চয় দ্বিগুণ করার সুযোগ! কল করুন: [PHONE]
promo,"Samsung Galaxy phones starting from 15,000TK at Electronics Bazar!",English,"Samsung Galaxy phones starting from 15,000TK at Electronics Bazar!"
smish,Congratulations! আপনার নাম UK ভিসা লটারিতে এসেছে। ফর্ম পূরণ: uk-visa-win.ml,Bengali,Congratulations! আপনার নাম UK ভিসা লটারিতে এসেছে। ফর্ম পূরণ: uk-visa-win.ml
smish,"Microsoft Lottery থেকে শুভেচ্ছা! আপনি ৩০,০০০ ডলার জিতেছেন। bd-microsoftprize24.org এ লগইন করুন।",Bengali,"Microsoft Lottery থেকে শুভেচ্ছা! আপনি ৩০,০০০ ডলার জিতেছেন। [URL] এ লগইন করুন।"
promo,"Hotshot cashback TK18! 22GB@TK179 in hotspot deal, 7 days: cutt.ly/fwLo4TBP",English,"Hotshot cashback TK18! 22GB@TK179 in hotspot deal, 7 days: cutt.ly/fwLo4TBP"
normal,শুভ নববর্ষের শুভেচ্ছা!,Bengali,শুভ নববর্ষের শুভেচ্ছা!
smish,জনতা ব্যাংক থেকে জরুরি বার্তা। কল করুন: +8801913233345,Bengali,জনতা ব্যাংক থেকে জরুরি বার্তা। কল করুন: [PHONE]
smish,Bet at casino to win Mashrafe's signed bat. Join now: promusic.co/components/interbank.com/,English,Bet at casino to win Mashrafe's signed bat. Join now: [URL]
normal,"Happy birthday! May this new year bring happiness, health and prosperity to your life.",English,"Happy birthday! May this new year bring happiness, health and prosperity to your life."
smish,Earn profits with crypto investment! Start today: http://bit.ly/CryptoInvest,English,Earn profits with crypto investment! Start today: [URL]
smish,"Greetings, you have received a special discount coupon! Click here for details: www.face3b00kwebsite.com",English,"Greetings, you have received a special discount coupon! Click here for details: [URL]"
smish,Urgent message from Bangladesh Bank. For details click here: https://wa.me/8801916677889,English,Urgent message from Bangladesh Bank. For details click here: [URL]
promo,Kay Kraft winter sale! All shoes up to 25% discount. This weekend only!,English,Kay Kraft winter sale! All shoes up to 25% discount. This weekend only!
smish,গুরুত্বপূর্ণ: আপনার ভোটার আইডি আপডেট করুন। লিংক: update-voter-id.tk,Bengali,গুরুত্বপূর্ণ: আপনার ভোটার আইডি আপডেট করুন। লিংক: update-voter-id.tk
promo,বিশেষ অফার! গ্রামীণফোনে ৫০জিবি ডেটা মাত্র ৪৯৯ টাকায়। সীমিত সময়ের জন্য। *২৩৩# ডায়াল করুন।,Bengali,বিশেষ অফার! গ্রামীণফোনে ৫০জিবি ডেটা মাত্র ৪৯৯ টাকায়। সীমিত সময়ের জন্য। *২৩৩# ডায়াল করুন।
normal,তুমি কি জিমে যাচ্ছো?,Bengali,তুমি কি জিমে যাচ্ছো?
normal,What are you doing tomorrow?,English,What are you doing tomorrow?
normal,Thanks for taking care of my plants while I was away. They look healthier than before!,English,Thanks for taking care of my plants while I was away. They look healthier than before!
promo,Robi eShop থেকে ল্যাপটপ কিনলে ফ্রি ব্যাগ ও মাউস। সীমিত সময়ের অফার।,Bengali,Robi eShop থেকে ল্যাপটপ কিনলে ফ্রি ব্যাগ ও মাউস। সীমিত সময়ের অফার।
normal,Looking forward to our weekend trip to Sylhet. The tea gardens will look beautiful now.,English,Looking forward to our weekend trip to Sylhet. The tea gardens will look beautiful now.
normal,The concert last night was incredible. You should have come!,English,The concert last night was incredible. You should have come!
smish,মাশরাফির সাথে একান্ত সময় কাটানোর সুযোগ পেতে ক্যাসিনোতে বাজি ধরুন। শুরু করুন: ebayisapidlld.altervista.org/,Bengali,মাশরাফির সাথে একান্ত সময় কাটানোর সুযোগ পেতে ক্যাসিনোতে বাজি ধরুন। শুরু করুন: [URL]
promo,"২৭মিনিট মাত্র ১৯টাকা, মেয়াদ ৫দিন; নিতে ডায়াল করুন *১২১*৫০৮০#",Bengali,"২৭মিনিট মাত্র ১৯টাকা, মেয়াদ ৫দিন; নিতে ডায়াল করুন *১২১*৫০৮০#"
smish,"Urgent! Need to contact our Apple account holder. If you manage this account, verify your identity to receive the message.",English,"Urgent! Need to contact our Apple account holder. If you manage this account, verify your identity to receive the message."
smish,You need to reset your password. Click here: [passwordreset.com/ResetBD],English,You need to reset your password. Click here: [URL]
normal,"Everything will be alright, be patient.",English,"Everything will be alright, be patient."
promo,Yellow cab flat 50% off on all rides today! Use app code: YELLOW50. Book now and save big!,English,Yellow cab flat 50% off on all rides today! Use app code: YELLOW50. Book now and save big!
promo,Lotto today only offer on specific products buy 1 get 1 free Shop,English,Lotto today only offer on specific products buy 1 get 1 free Shop
smish,আপনি আমাদের ভাগ্যবান গ্রাহক! আপনার বিনামূল্যের ১ বছরের ইন্টারনেট সাবস্ক্রিপশন দাবি করুন। কল করুন 019XXXXXXXX।,Bengali,আপনি আমাদের ভাগ্যবান গ্রাহক! আপনার বিনামূল্যের ১ বছরের ইন্টারনেট সাবস্ক্রিপশন দাবি করুন। কল করুন 019XX।
promo,Daraz Mall থেকে যেকোনো মোবাইল কিনলে পাচ্ছেন ১২ মাসের ওয়ারেন্টি আর সাথে ফ্রি ডেলিভারি। অফার সীমিত সময়ের জন্য। আজই মোবাইল অর্ডার করুন।,Bengali,Daraz Mall থেকে যেকোনো মোবাইল কিনলে পাচ্ছেন ১২ মাসের ওয়ারেন্টি আর সাথে ফ্রি ডেলিভারি। অফার সীমিত সময়ের জন্য। আজই মোবাইল অর্ডার করুন।
smish,Opportunity to get free crypto! Click here: http://bit.ly/FreeCrypto,English,Opportunity to get free crypto! Click here: [URL]
normal,Happy Lakshmi Puja!,English,Happy Lakshmi Puja!
promo,chaldal.com এ গ্রোসারি শপিং করুন। প্রথম অর্ডারে ১৫% ছাড় + ফ্রি ডেলিভারি।,Bengali,[URL] এ গ্রোসারি শপিং করুন। প্রথম অর্ডারে ১৫% ছাড় + ফ্রি ডেলিভারি।
smish,শাকিবের সাথে একদিন কাটানোর সুযোগ পেতে আজই আইপিএলে বাজি ধরুন। এখনই শুরু করুন: ebayisapidlld.altervista.org/,Bengali,শাকিবের সাথে একদিন কাটানোর সুযোগ পেতে আজই আইপিএলে বাজি ধরুন। এখনই শুরু করুন: [URL]
smish,Your Prime Bank savings account frozen due to unauthorized access. Unfreeze with fee 34917 TK: emergency-bank.bd/pay,English,Your Prime Bank savings account frozen due to unauthorized access. Unfreeze with fee 34917 TK: [URL]
smish,"মিষ্টি খবর! আপনি একজোড়া সিনেমার টিকিট জিতেছেন! আপনার পুরস্কার দাবি করতে, এখানে ক্লিক করুন mcvst.com",Bengali,"মিষ্টি খবর! আপনি একজোড়া সিনেমার টিকিট জিতেছেন! আপনার পুরস্কার দাবি করতে, এখানে ক্লিক করুন [URL]"
smish,কোন ডাউন পেমেন্ট ছাড়াই ১০০% গাড়ি লোন সুবিধা। আজই আবেদন করুন। যোগাযোগ: ০১৮৬৭৫৪৬৩৮৯,Bengali,কোন ডাউন পেমেন্ট ছাড়াই ১০০% গাড়ি লোন সুবিধা। আজই আবেদন করুন। যোগাযোগ: [PHONE]
normal,"This is Rakib's number, call 01763839854.",English,"This is Rakib's number, call [PHONE] ."
smish,শাকিবের সাথে ফ্রি ম্যাচ টিকিট জিততে ক্রিকেটে বাজি ধরুন! শুরু করুন: ebayisapidlld.altervista.org/,Bengali,শাকিবের সাথে ফ্রি ম্যাচ টিকিট জিততে ক্রিকেটে বাজি ধরুন! শুরু করুন: [URL]
promo,Daraz Big Friday সেলে ৭০% পর্যন্ত ছাড়! হাজারো পণ্য কিনুন কম দামে। আজ রাত ১২টা পর্যন্ত।,Bengali,Daraz Big Friday সেলে ৭০% পর্যন্ত ছাড়! হাজারো পণ্য কিনুন কম দামে। আজ রাত ১২টা পর্যন্ত।
normal,আজ বিকেলে পার্কে হাঁটতে গিয়েছিলাম। ঠাণ্ডা বাতাসে হাঁটা খুবই আরামদায়ক ছিল। অনেকদিন পর ভালো লাগলো।,Bengali,আজ বিকেলে পার্কে হাঁটতে গিয়েছিলাম। ঠাণ্ডা বাতাসে হাঁটা খুবই আরামদায়ক ছিল। অনেকদিন পর ভালো লাগলো।
normal,সাফল্যের জন্য তুমি যদি অন্যায়ের আশ্রয় নিয়ে থাকো তবে মনে রেখো তুমি সফল নও। — থমাস কার্লি,Bengali,সাফল্যের জন্য তুমি যদি অন্যায়ের আশ্রয় নিয়ে থাকো তবে মনে রেখো তুমি সফল নও। — থমাস কার্লি
normal,আমি একটি বিশেষ লোক হিসাবে পরিচিত করে এটি একটি মহান এবং ব্যাপারটির মধ্যে একটি সাথে একটি সমাধান দেওয়া হয়।,Bengali,আমি একটি বিশেষ লোক হিসাবে পরিচিত করে এটি একটি মহান এবং ব্যাপারটির মধ্যে একটি সাথে একটি সমাধান দেওয়া হয়।
smish,"Get Malaysian, European, American, Canadian visa with 100% guarantee, contact today 01765433422, no advance fee required.",English,"Get Malaysian, European, American, Canadian visa with 100% guarantee, contact today [PHONE] , no advance fee required."
normal,Thanks for picking up the kids from school today. Really appreciate your help during busy times.,English,Thanks for picking up the kids from school today. Really appreciate your help during busy times.
smish,Your Islami Bank Sharia account violated banking rules. Pay penalty 4500 TK: sharia-penalty.bd/pay,English,Your Islami Bank Sharia account violated banking rules. Pay penalty 4500 TK: [URL]
smish,"সোনালী ব্যাংক গ্রাহক, আপনার অনলাইন ব্যাংকিং পাসওয়ার্ড মেয়াদোত্তীর্ণ হয়েছে। তাৎক্ষণিকভাবে sonali-update24.org এ গিয়ে আপনার নতুন পাসওয়ার্ড সেট করুন। দেরি করলে আপনার অনলাইন এক্সেস বন্ধ হয়ে যাবে।",Bengali,"সোনালী ব্যাংক গ্রাহক, আপনার অনলাইন ব্যাংকিং পাসওয়ার্ড মেয়াদোত্তীর্ণ হয়েছে। তাৎক্ষণিকভাবে [URL] এ গিয়ে আপনার নতুন পাসওয়ার্ড সেট করুন। দেরি করলে আপনার অনলাইন এক্সেস বন্ধ হয়ে যাবে।"
promo,Pathao App থেকে রাইড বুক করলে আজ ২৫% ডিসকাউন্ট। কোড PATHAO25 ব্যবহার করুন। বৈধ শুধুমাত্র আজকের জন্য।,Bengali,Pathao App থেকে রাইড বুক করলে আজ ২৫% ডিসকাউন্ট। কোড PATHAO25 ব্যবহার করুন। বৈধ শুধুমাত্র আজকের জন্য।
smish,Property tax notice: Pay 4200 TK immediately to avoid legal action: property-tax.bd/urgent,English,Property tax notice: Pay 4200 TK immediately to avoid legal action: [URL]
smish,বাংলালিংক থেকে সতর্কবার্তা: আপনার রিচার্জ বোনাস অ্যাকাউন্ট স্থগিত আছে। পুনরায় চালু করতে bl-offerverify.net এ গিয়ে তথ্য দিন।,Bengali,বাংলালিংক থেকে সতর্কবার্তা: আপনার রিচার্জ বোনাস অ্যাকাউন্ট স্থগিত আছে। পুনরায় চালু করতে [URL] এ গিয়ে তথ্য দিন।
normal,Happy Kartik Purnima!,English,Happy Kartik Purnima!
normal,"০১৬৭২৫৯২৮৯৭ এই নাম্বারে কল করুন, আমার টাকা দরকার।",Bengali,"[PHONE] এই নাম্বারে কল করুন, আমার টাকা দরকার।"
normal,"Dear customer, you owe 5038/- taka to Palli Bidyut Jamalpur branch, electricity line will be disconnected if dues are not paid quickly.",English,"Dear customer, you owe 5038/- taka to Palli Bidyut Jamalpur branch, electricity line will be disconnected if dues are not paid quickly."
normal,আমার নতুন ল্যাপটপটা বেশ দ্রুত কাজ করছে। মনে হচ্ছে এবার পড়াশোনা আরও সহজ হবে।,Bengali,আমার নতুন ল্যাপটপটা বেশ দ্রুত কাজ করছে। মনে হচ্ছে এবার পড়াশোনা আরও সহজ হবে।
promo,"দারাজের মেগা ১১.১১ সেল এখনই শুরু! এই বিশেষ দিনে আমরা নিয়ে এসেছি অবিশ্বাস্য সব অফার - ইলেকট্রনিক্সে ৭০% পর্যন্ত ছাড়, ফ্যাশনে ৬০% ছাড়, হোম অ্যান্ড লিভিংয়ে ৫৫% ছাড়। বিশেষ ফ্ল্যাশ সেলে স্মার্টফোন ৯৯৯ টাকা থেকে শুরু! প্রতি ঘন্টায় নতুন নতুন ডিল। ফ্রি শিপিং এবং ক্যাশ অন ডেলিভারি সুবিধা। এখনই daraz.com.bd তে ভিজিট করুন অথবা ডারাজ অ্যাপ ডাউনলোড করুন।",Bengali,"দারাজের মেগা ১১.১১ সেল এখনই শুরু! এই বিশেষ দিনে আমরা নিয়ে এসেছি অবিশ্বাস্য সব অফার - ইলেকট্রনিক্সে ৭০% পর্যন্ত ছাড়, ফ্যাশনে ৬০% ছাড়, হোম অ্যান্ড লিভিংয়ে ৫৫% ছাড়। বিশেষ ফ্ল্যাশ সেলে স্মার্টফোন ৯৯৯ টাকা থেকে শুরু! প্রতি ঘন্টায় নতুন নতুন ডিল। ফ্রি শিপিং এবং ক্যাশ অন ডেলিভারি সুবিধা। এখনই [URL] তে ভিজিট করুন অথবা ডারাজ অ্যাপ ডাউনলোড করুন।"
smish,আপনার ইন্সুরেন্স পলিসি আপডেট করতে এখানে ক্লিক করুন: [insuranceupdate.com/UpdateBD],Bengali,আপনার ইন্সুরেন্স পলিসি আপডেট করতে এখানে ক্লিক করুন: [URL]
normal,I can say that I am in my own love.,English,I can say that I am in my own love.
smish,Click here to increase your credit card limit: http://bit.ly/CardLimit,English,Click here to increase your credit card limit: [URL]
normal,"আজকে অনেকদিন পর পুরোনো বন্ধুদের সাথে দেখা হলো। সবাই মিলে আড্ডা, গল্প আর হাসি-মজায় সময়টা অসাধারণ কাটলো।",Bengali,"আজকে অনেকদিন পর পুরোনো বন্ধুদের সাথে দেখা হলো। সবাই মিলে আড্ডা, গল্প আর হাসি-মজায় সময়টা অসাধারণ কাটলো।"
smish,Tax audit penalty 29362 TK due immediately: emergency-bd.com/verify,English,Tax audit penalty 29362 TK due immediately: [URL]
smish,Urgent message for you from Bangladesh Bank. Click here for details: https://wa.me/8801919900112,English,Urgent message for you from Bangladesh Bank. Click here for details: [URL]
normal,Send urgent money to this number 01738273828.,English,Send urgent money to this number [PHONE] .
smish,"প্রিয় গ্রাহক আপনার
বিদ্যুৎ সংযোগ বিচ্ছিন্ন করা হবে
আজ রাত ১০.৩০ মিনিটে
থেকে
বিদ্যুৎ অফিস।
কারণ আপনার
আগের মাসের বিল ছিল না
আপডেট অবিলম্বে দয়া করে
আমাদের সাথে যোগাযোগ করুন
বিদ্যুৎ কর্মকর্তা
9163657962 ধন্যবাদ",Bengali,প্রিয় গ্রাহক আপনার বিদ্যুৎ সংযোগ বিচ্ছিন্ন করা হবে আজ রাত ১০.৩০ মিনিটে থেকে বিদ্যুৎ অফিস। কারণ আপনার আগের মাসের বিল ছিল না আপডেট অবিলম্বে দয়া করে আমাদের সাথে যোগাযোগ করুন বিদ্যুৎ কর্মকর্তা [PHONE] ধন্যবাদ
promo,"[Pathao] ডেলিভার চার্জ এখন ৳৩০! 
পাঠাও ফুড-এর ডেলিভারি চার্জ এখন ৳৩০ ফিরে এসেছে।
এখনই অর্ডার করুন পাঠাও ফুড-এ: https://cutt.ly/QNMk4Eg",Bengali,[Pathao] ডেলিভার চার্জ এখন ৳৩০! পাঠাও ফুড-এর ডেলিভারি চার্জ এখন ৳৩০ ফিরে এসেছে। এখনই অর্ডার করুন পাঠাও ফুড-এ: [URL]
smish,"উদ্দীপন।Post Name:FPO &
Branch Accountant. Your Exam
Date:04/05/24 (Saturday).
Time:09:00 AM (সকাল)। স্থান:সিলেট জোন অফিস।সাথে দুই কপি পাসপোর্ট সাইজের ছবি,CV, ম্যানুয়াল চাকরির আবেদন (বাংলায়), চাকরি প্রার্থীর রেফারেল ফরম (যদি থাকে),এনআইডি এর ফটোকপি,মূল সনদপত্রের ফটোকপি সত্যায়িত ও মূল সনদপত্র সাথে নিয়ে আসবেন।উদ্দীপন সিলেট জোনেৱ ঠিকানা:বাড়ির নাম: শোভাশ্রম,বাড়ি নম্বর: 2/1,J ব্লক,শাহজালাল উপশহর মেইন রোড,বাইতুল জান্নাত জামে মসজিদ এর বিপরীতে।খেলার মাঠের সংলগ্ন / উপ পুলিশ কমিশনার কার্যালয়ের কাছে।প্রয়োজনে:০১৩২২-৮০ ৩৫১২। আবেদন করবেন এভাবে,
বরাবর,
উপ-পরিচালক ও প্রধান
মানবসম্পদ ও ব্যবস্থাপনা বিভাগ
উদ্দীপন প্রধান কাৰ্যালয়
রিং রোড,আদাবর ঢাকা ১২০৭।",Bengali,"উদ্দীপন।Post Name:FPO & Branch Accountant. Your Exam Date:04/05/24 (Saturday). Time:09:00 AM (সকাল)। স্থান:সিলেট জোন অফিস।সাথে দুই কপি পাসপোর্ট সাইজের ছবি,CV, ম্যানুয়াল চাকরির আবেদন (বাংলায়), চাকরি প্রার্থীর রেফারেল ফরম (যদি থাকে),এনআইডি এর ফটোকপি,মূল সনদপত্রের ফটোকপি সত্যায়িত ও মূল সনদপত্র সাথে নিয়ে আসবেন।উদ্দীপন সিলেট জোনেৱ ঠিকানা:বাড়ির নাম: শোভাশ্রম,বাড়ি নম্বর: 2/1,J ব্লক,শাহজালাল উপশহর মেইন রোড,বাইতুল জান্নাত জামে মসজিদ এর বিপরীতে।খেলার মাঠের সংলগ্ন / উপ পুলিশ কমিশনার কার্যালয়ের কাছে।প্রয়োজনে:০১৩২২-৮০ ৩৫১২। আবেদন করবেন এভাবে, বরাবর, উপ-পরিচালক ও প্রধান মানবসম্পদ ও ব্যবস্থাপনা বিভাগ উদ্দীপন প্রধান কাৰ্যালয় রিং রোড,আদাবর ঢাকা ১২০৭।"
normal,The sunrise from our rooftop was absolutely breathtaking today.,English,The sunrise from our rooftop was absolutely breathtaking today.
smish,আপনার বিকাশ একাউন্টে অননুমোদিত প্রবেশ শনাক্ত হয়েছে। অ্যাকাউন্ট নিরাপদ করতে এখনই bkash-loginsecure.co তে গিয়ে পাসওয়ার্ড পরিবর্তন করুন।,Bengali,আপনার বিকাশ একাউন্টে অননুমোদিত প্রবেশ শনাক্ত হয়েছে। অ্যাকাউন্ট নিরাপদ করতে এখনই bkash-loginsecure.co তে গিয়ে পাসওয়ার্ড পরিবর্তন করুন।
smish,জনতা ব্যাংক অ্যাকাউন্টে সমস্যা হয়েছে। কল করুন: +8801811011023,Bengali,জনতা ব্যাংক অ্যাকাউন্টে সমস্যা হয়েছে। কল করুন: [PHONE]
normal,I finished reading that book you recommended. Absolutely loved it!,English,I finished reading that book you recommended. Absolutely loved it!
normal,"কষ্ট পেয়ো না, সব ঠিক হয়ে যাবে।",Bengali,"কষ্ট পেয়ো না, সব ঠিক হয়ে যাবে।"
normal,আশা করি তোমার জীবন সমৃদ্ধ হোক!,Bengali,আশা করি তোমার জীবন সমৃদ্ধ হোক!
smish,Police case filed against you. Settlement 18263 TK: emergency-bank.org/urgent,English,Police case filed against you. Settlement 18263 TK: [URL]
promo,"শুধুমাত্র মাইজিপিতে নতুন সিমের অফার এখন ২জিবি ইন্টারনেট মাত্র ১৭ টাকায়,মেয়াদ ৭দিন(মাসে সর্বোচ্চ একবার)।ভিজিট করুন https://mygp.li/ga",Bengali,"শুধুমাত্র মাইজিপিতে নতুন সিমের অফার এখন ২জিবি ইন্টারনেট মাত্র ১৭ টাকায়,মেয়াদ ৭দিন(মাসে সর্বোচ্চ একবার)।ভিজিট করুন [URL]"
smish,"Meta pro space কাজ করলে ইনবক্স 
মাত্র ৬ ডলার বাংলা
 ৭৫০ টাকা দিয়ে  একাউন্ট করে লাইফটাইম ইনকাম করুন,  সাথে থাকছে মাসিক বেতন, ৫ লাইন ফ্রী ইনকাম, স্লট ইনকাম, ৩০ জুন এর মধ্যে ১২ ডলার বাংলা ১৫০০ টাকা দিয়ে ২ টা প্রোগ্রাম কিনে নিলে পাচ্ছেন 0.05 bnb এর mps nft ফ্রী অর্থাৎ ২৯ ডলার ফ্রী পাচ্ছেন
বাংলা ৩৬২৫ টাকা| এমন সুযোগ আর পাবেন না, ৩০ জুনের মধ্যে যারা একাউন্ট করবে তারাই পাবে
এমন সুযোগ হাতছাড়া করবেন না
আর বসে না থেকে তাড়াতাড়ি একাউন্ট করে ফেলুন",Bengali,"Meta pro space কাজ করলে ইনবক্স মাত্র ৬ ডলার বাংলা ৭৫০ টাকা দিয়ে একাউন্ট করে লাইফটাইম ইনকাম করুন, সাথে থাকছে মাসিক বেতন, ৫ লাইন ফ্রী ইনকাম, স্লট ইনকাম, ৩০ জুন এর মধ্যে ১২ ডলার বাংলা ১৫০০ টাকা দিয়ে ২ টা প্রোগ্রাম কিনে নিলে পাচ্ছেন 0.05 bnb এর mps nft ফ্রী অর্থাৎ ২৯ ডলার ফ্রী পাচ্ছেন বাংলা ৩৬২৫ টাকা| এমন সুযোগ আর পাবেন না, ৩০ জুনের মধ্যে যারা একাউন্ট করবে তারাই পাবে এমন সুযোগ হাতছাড়া করবেন না আর বসে না থেকে তাড়াতাড়ি একাউন্ট করে ফেলুন"
normal,"কালকে বাজারে গিয়ে সবজি কিনেছি। দাম অনেক বেড়ে গেছে, বিশেষ করে আলু আর পেঁয়াজ।",Bengali,"কালকে বাজারে গিয়ে সবজি কিনেছি। দাম অনেক বেড়ে গেছে, বিশেষ করে আলু আর পেঁয়াজ।"
smish,Error detected in Sonali Bank account. Call: +8801914455667,English,Error detected in Sonali Bank account. Call: [PHONE]
normal," আসক্তের মতো ভালবাসবেন না, ধ্বংসাত্মকভাবে কাউকে ঘৃণা করবেন না। - [উমার ইবনুল খাত্তাব ( রাঃ)]",Bengali,"আসক্তের মতো ভালবাসবেন না, ধ্বংসাত্মকভাবে কাউকে ঘৃণা করবেন না। - [উমার ইবনুল খাত্তাব ( রাঃ)]"
promo,"বুকে স্পেশাল ডিসকাউন্ট! নভেল, টেক্সটবুকে ৪০% ছাড়।",Bengali,"বুকে স্পেশাল ডিসকাউন্ট! নভেল, টেক্সটবুকে ৪০% ছাড়।"
smish,"আপনার হাতে থাকা স্মার্টফোন দিয়ে,১০০% নিরাপদে থেকে অনলাইন থেকে ইনকাম করতে চাইলে যোগাযোগ করুন।কোন উইথড্র অপশন নেই, উইথড্র নিয়ে কোন প্যারা নেই। এক টাকা ইনকাম হলে সেটাই ক্যাশ করে নিতে পারবেন। ১০০% ডি স্যাটেলাইজ প্রজেক্ট,তাই একবার একটিভ হলে সারা জীবন ইনকাম করতে পারবেন।
Telegram : @TanimHasan7
আমাদের টেলিগ্রাম গ্রুপের লিংক 👉
https://t.me/forsagec77",Bengali,"আপনার হাতে থাকা স্মার্টফোন দিয়ে,১০০% নিরাপদে থেকে অনলাইন থেকে ইনকাম করতে চাইলে যোগাযোগ করুন।কোন উইথড্র অপশন নেই, উইথড্র নিয়ে কোন প্যারা নেই। এক টাকা ইনকাম হলে সেটাই ক্যাশ করে নিতে পারবেন। ১০০% ডি স্যাটেলাইজ প্রজেক্ট,তাই একবার একটিভ হলে সারা জীবন ইনকাম করতে পারবেন। Telegram : @TanimHasan7 আমাদের টেলিগ্রাম গ্রুপের লিংক 👉 [URL]"
normal,"আপনার একাউন্ট থেকে ১০০০/- টাকা প্রদান করা হয়েছে, অভিযোগ করতে কল করুন।",Bengali,"আপনার একাউন্ট থেকে ১০০০/- টাকা প্রদান করা হয়েছে, অভিযোগ করতে কল করুন।"
smish,আপনার ক্রেডিট কার্ড ব্লক করা হয়েছে। পুনরায় চালু করতে এখানে ক্লিক করুন: http://bit.ly/UnblockCard,Bengali,আপনার ক্রেডিট কার্ড ব্লক করা হয়েছে। পুনরায় চালু করতে এখানে ক্লিক করুন: [URL]
promo,GP STAR গ্রাহকদের জন্য ১০০০ টাকা শপিং ভাউচার ফ্রি! জানতে *121*888# ডায়াল করুন।,Bengali,GP STAR গ্রাহকদের জন্য ১০০০ টাকা শপিং ভাউচার ফ্রি! জানতে *121*888# ডায়াল করুন।
normal,"মামা, আগামীকাল আমাদের বাসায় আসবেন? খিচুড়ি রান্না করবো।",Bengali,"মামা, আগামীকাল আমাদের বাসায় আসবেন? খিচুড়ি রান্না করবো।"
smish,"Get instant loan up to BDT 10,000 in your bKash account. No documents required. Just call 018xxxxxxxx and provide your bKash PIN.",English,"Get instant loan up to BDT 10,000 in your bKash account. No documents required. Just call 018xx and provide your bKash PIN."
promo,কসমেটিকসে বাম্পার অফার! স্কিনকেয়ার প্রোডাক্টে ৪০% ছাড়।,Bengali,কসমেটিকসে বাম্পার অফার! স্কিনকেয়ার প্রোডাক্টে ৪০% ছাড়।
normal,Good times will come again.,English,Good times will come again.
normal,Merry Christmas!,English,Merry Christmas!
promo,488.23MB অবশিষ্ট। উপভোগ করুন PayGo (6.6625Tk পর্যন্ত 5MB এর জন্য)| ব্যালান্স জানতে চাইলে *121*1*4#| নির্দিষ্ট প্যাকে 10% ইন্টারনেট বোনাস পেতে ভিজিট করুন mygp.li/bonus,Bengali,488.23MB অবশিষ্ট। উপভোগ করুন PayGo (6.6625Tk পর্যন্ত 5MB এর জন্য)| ব্যালান্স জানতে চাইলে *121*1*4#| নির্দিষ্ট প্যাকে 10% ইন্টারনেট বোনাস পেতে ভিজিট করুন mygp.li/bonus
smish,"8,200 free bonus! Chance to win 85,000. [https://cutt.ly/Cr1ket](https://cutt.ly/Cr1ket)",English,"8,200 free bonus! Chance to win 85,000. [ [URL]"
promo,GP App ব্যবহার করে রিচার্জ করলে পাচ্ছেন ১০% ক্যাশব্যাক। অফার মাসের শেষ পর্যন্ত প্রযোজ্য।,Bengali,GP App ব্যবহার করে রিচার্জ করলে পাচ্ছেন ১০% ক্যাশব্যাক। অফার মাসের শেষ পর্যন্ত প্রযোজ্য।
smish,Government tax office fine 8456 TK for tax evasion. Pay: secure-bank.bd/urgent,English,Government tax office fine 8456 TK for tax evasion. Pay: [URL]
smish,Healthcare insurance premium increased. Pay extra 6800 TK or lose coverage: health-premium.bd/pay,English,Healthcare insurance premium increased. Pay extra 6800 TK or lose coverage: [URL]
smish,Earn from Facebook - message us. Genuine work opportunity with group support: t.me/Facebook_ID_Sell1_bot Official admin👆,English,Earn from Facebook - message us. Genuine work opportunity with group support: t.me/Facebook_ID_Sell1_bot Official admin👆
promo,Pathao Rides-এ আজ সব রাইডে ২০% ডিসকাউন্ট। কোড: PATHAO20 ব্যবহার করুন। বৈধতা শুধুমাত্র আজকের জন্য। নিরাপদ ভ্রমণের জন্য এখনই বুক করুন।,Bengali,Pathao Rides-এ আজ সব রাইডে ২০% ডিসকাউন্ট। কোড: PATHAO20 ব্যবহার করুন। বৈধতা শুধুমাত্র আজকের জন্য। নিরাপদ ভ্রমণের জন্য এখনই বুক করুন।
normal,"জরুরি, ০১৯৩৭২৮৩৮৯৪ এই নাম্বারে রকেটে টাকা পাঠান।",Bengali,"জরুরি, [PHONE] এই নাম্বারে রকেটে টাকা পাঠান।"
normal,"You can do it, I know.",English,"You can do it, I know."
promo,"Bangladesh Textile Mills fabric sale! Premium cotton, silk fabrics 30% off. Wholesale prices available!",English,"Bangladesh Textile Mills fabric sale! Premium cotton, silk fabrics 30% off. Wholesale prices available!"
smish,প্রতিদিন ৫০০-৭০০ টাকা ইনকাম করুন! ফ্লেক্সিলোড সিম ব্যবহার করে ঘরে বসে। বিস্তারিত জানতে ইনবক্স করুন।,Bengali,প্রতিদিন ৫০০-৭০০ টাকা ইনকাম করুন! ফ্লেক্সিলোড সিম ব্যবহার করে ঘরে বসে। বিস্তারিত জানতে ইনবক্স করুন।
normal,"বোন, আগামীকাল তোমার জন্মদিন। কি গিফট চাও?",Bengali,"বোন, আগামীকাল তোমার জন্মদিন। কি গিফট চাও?"
normal,What shall we do today?,English,What shall we do today?
normal,Thanks for the homemade sweets! They were delicious and reminded me of grandmother's recipes.,English,Thanks for the homemade sweets! They were delicious and reminded me of grandmother's recipes.
normal,আজ সকালে হাঁটতে বের হয়েছিলাম। ঠাণ্ডা বাতাসে মনটা ফ্রেশ হয়ে গেলো। দিনের শুরুটা সুন্দর হলো।,Bengali,আজ সকালে হাঁটতে বের হয়েছিলাম। ঠাণ্ডা বাতাসে মনটা ফ্রেশ হয়ে গেলো। দিনের শুরুটা সুন্দর হলো।
promo,Navana Real Estate apartment booking! 2% discount on booking amount. Dream home in Gulshan available!,English,Navana Real Estate apartment booking! 2% discount on booking amount. Dream home in Gulshan available!
normal,আমার ল্যাপটপ ঠিক মতো কাজ করছে। পড়াশোনা অনেক সহজ হচ্ছে।,Bengali,আমার ল্যাপটপ ঠিক মতো কাজ করছে। পড়াশোনা অনেক সহজ হচ্ছে।
normal,"Everything will be fine, don't worry.",English,"Everything will be fine, don't worry."
normal," যখন তুমি দেখবে, নামাজের মধ্যে তোমার অন্তর উপস্থিত থাকছে না, তখন বুঝে নেবে, এটা ইমানের দূর্বলতার কারণ। কঠোর পরিশ্রম করো নিজের ঈমানকে মজবুত করার জন্য। -[ইমাম ইবনু কুদামাহ আল মাকদিসি (রহ.)]",Bengali,"যখন তুমি দেখবে, নামাজের মধ্যে তোমার অন্তর উপস্থিত থাকছে না, তখন বুঝে নেবে, এটা ইমানের দূর্বলতার কারণ। কঠোর পরিশ্রম করো নিজের ঈমানকে মজবুত করার জন্য। -[ইমাম ইবনু কুদামাহ আল মাকদিসি (রহ.)]"
promo,Yellow summer sale! All accessories up to 35% discount. Limited time!,English,Yellow summer sale! All accessories up to 35% discount. Limited time!
normal,"Call this number 01827382785, need money.",English,"Call this number [PHONE] , need money."
normal,"তুমি একা নও, আমরা আছি।",Bengali,"তুমি একা নও, আমরা আছি।"
smish,"Your land sale money has been deposited, call: +8801914567890",English,"Your land sale money has been deposited, call: [PHONE]"
smish,Your driving license expired/invalid. Renewal fee 8954 TK: secure-gov.bd/pay,English,Your driving license expired/invalid. Renewal fee 8954 TK: [URL]
promo,"স্পোর্টস আইটেমে মেগা ডিসকাউন্ট! ক্রিকেট, ফুটবল সামগ্রীতে ছাড়।",Bengali,"স্পোর্টস আইটেমে মেগা ডিসকাউন্ট! ক্রিকেট, ফুটবল সামগ্রীতে ছাড়।"
smish,Your cryptocurrency wallet frozen by authorities. Unfreeze with compliance fee 11500 TK: crypto-compliance.bd/urgent,English,Your cryptocurrency wallet frozen by authorities. Unfreeze with compliance fee 11500 TK: [URL]
normal,"Being a businessman is not a crime, but using political influence to do business is a big crime. Because most of these businessmen’s earnings come from sucking the blood of common people. — Redwan Masud",English,"Being a businessman is not a crime, but using political influence to do business is a big crime. Because most of these businessmen’s earnings come from sucking the blood of common people. — Redwan Masud"
promo,"TK100 cashback! 30GB+500min. @TK399,30days: cutt.ly/AwkY4L2C",English,"TK100 cashback! 30GB+500min. @TK399,30days: cutt.ly/AwkY4L2C"
normal,Hope you're recovering well from the surgery. Take plenty of rest and don't worry about anything else.,English,Hope you're recovering well from the surgery. Take plenty of rest and don't worry about anything else.
normal,"Never silence your voice for injustice and oppression, speak the truth and justice.",English,"Never silence your voice for injustice and oppression, speak the truth and justice."
smish,আপনার একাউন্টে সমস্যা হয়েছে। দ্রুত এই নাম্বারে যোগাযোগ করুন ০১৭২৮৩৭৫৮৪৩।,Bengali,আপনার একাউন্টে সমস্যা হয়েছে। দ্রুত এই নাম্বারে যোগাযোগ করুন [PHONE] ।
normal,আজ সকালে রাস্তায় ভয়ংকর জ্যাম ছিল। অফিসে পৌঁছাতে এক ঘন্টা লেগেছে।,Bengali,আজ সকালে রাস্তায় ভয়ংকর জ্যাম ছিল। অফিসে পৌঁছাতে এক ঘন্টা লেগেছে।
promo,Green Delta Life Insurance special! Family protection 10 lakh coverage just 12000 TK annually!,English,Green Delta Life Insurance special! Family protection 10 lakh coverage just 12000 TK annually!
smish,You have been selected for a free 7-day vacation in Cox's Bazar. Reply 'YES' to confirm. Tap on link: www.face3b00kurl.com.,English,You have been selected for a free 7-day vacation in Cox's Bazar. Reply 'YES' to confirm. Tap on link: [URL]
smish,"সোনালী ব্যাংক অ্যাকাউন্টে ১০,০০০ টাকা জমা হয়েছে। বিস্তারিত জানতে এখানে ক্লিক করুন: https://wa.me/8801817788990",Bengali,"সোনালী ব্যাংক অ্যাকাউন্টে ১০,০০০ টাকা জমা হয়েছে। বিস্তারিত জানতে এখানে ক্লিক করুন: [URL]"
smish,বাংলাদেশ ব্যাংক থেকে জরুরি বার্তা। কল করুন: +8801915566778,Bengali,বাংলাদেশ ব্যাংক থেকে জরুরি বার্তা। কল করুন: [PHONE]
smish,আপনার ক্রেডিট কার্ডের লিমিট বাড়ানোর জন্য কল করুন +8801812233445,Bengali,আপনার ক্রেডিট কার্ডের লিমিট বাড়ানোর জন্য কল করুন [PHONE]
smish,"Your internet shows piracy activity. Avoid legal action, pay 6500 TK: piracy-fine.bd/urgent",English,"Your internet shows piracy activity. Avoid legal action, pay 6500 TK: [URL]"
normal,তোমার কাজ কেমন চলছে?,Bengali,তোমার কাজ কেমন চলছে?
smish,Easily earn money with Bitcoin! Start today: http://bit.ly/EasyCrypto,English,Easily earn money with Bitcoin! Start today: [URL]
normal,"আম্মু, আমি বাজার করে আসছি। কিছু দরকার হলে ফোন করবেন।",Bengali,"আম্মু, আমি বাজার করে আসছি। কিছু দরকার হলে ফোন করবেন।"
promo,Sundarban Courier অনলাইন বুকিং-এ ২০% ছাড়। এখনই চেষ্টা করুন।,Bengali,Sundarban Courier অনলাইন বুকিং-এ ২০% ছাড়। এখনই চেষ্টা করুন।
promo,"নতুন ডিলে লেভেলআপ ইন্টারনেটিং ২৫জিবি+৪০০মি@৳৩৯৭,৩০দিন cutt.ly/oeeJSDbP",Bengali,"নতুন ডিলে লেভেলআপ ইন্টারনেটিং ২৫জিবি+৪০০মি@৳৩৯৭,৩০দিন cutt.ly/oeeJSDbP"
promo,"টয়োটা গাড়িতে স্পেশাল লোন! কম সুদে, সহজ কিস্তি।",Bengali,"টয়োটা গাড়িতে স্পেশাল লোন! কম সুদে, সহজ কিস্তি।"
smish,"Congratulations!! Get BDT 5,000 gift voucher from Daraz. Click link to claim: www.face3b00kurl.com.",English,"Congratulations!! Get BDT 5,000 gift voucher from Daraz. Click link to claim: [URL]"
smish,Your land ownership disputed. Legal fee 45000 TK to retain property: land-legal.bd/urgent REF: LD8847,English,Your land ownership disputed. Legal fee 45000 TK to retain property: [URL] REF: LD8847
normal,The book club discussion was fascinating! Great insights about the novel. Looking forward to next meeting.,English,The book club discussion was fascinating! Great insights about the novel. Looking forward to next meeting.
smish,"৫০,০০০ টাকা বিনিয়োগে ১,৫০,০০০ টাকা অর্জন করুন! কল করুন: +8801717677789",Bengali,"৫০,০০০ টাকা বিনিয়োগে ১,৫০,০০০ টাকা অর্জন করুন! কল করুন: [PHONE]"
normal,শুভ রাত্রি!,Bengali,শুভ রাত্রি!
promo,"Get 499TK offer for just 399TK! 31GB+450min,30days: cutt.ly/2wQlYv6U",English,"Get 499TK offer for just 399TK! 31GB+450min,30days: cutt.ly/2wQlYv6U"
normal,"Call this number 01827283892, urgent.",English,"Call this number [PHONE] , urgent."
normal,তুমি কি সিনেমা দেখছো?,Bengali,তুমি কি সিনেমা দেখছো?
promo,Gazi Tyres special offer! All car tyres 25% discount with free wheel alignment. Call 01711998877!,English,Gazi Tyres special offer! All car tyres 25% discount with free wheel alignment. Call [PHONE] !
smish,"আপনরা চাকরীর আবেদনা
মঞ্জুরা হায়েছে এবাম
বেটানা প্রতিদিন 3000 টাকা। যোগযোগের তাথ্য: https://wa.me/8801929757090",Bengali,আপনরা চাকরীর আবেদনা মঞ্জুরা হায়েছে এবাম বেটানা প্রতিদিন 3000 টাকা। যোগযোগের তাথ্য: [URL]
normal,Thanks for being such a supportive friend during tough times. Your encouragement means everything to me always.,English,Thanks for being such a supportive friend during tough times. Your encouragement means everything to me always.
normal,"Hi, how are you?",English,"Hi, how are you?"
smish,"বিকাশ ব্যবহারকারী, আপনার একাউন্টে সন্দেহজনক লেনদেন পাওয়া গেছে। রিফান্ড পেতে হলে এখনই bkash-refund-bd.org এ গিয়ে আপনার মোবাইল OTP এবং পিন প্রবেশ করুন। সতর্কবার্তা: ৩০ মিনিটের মধ্যে ব্যবস্থা না নিলে একাউন্ট ব্লক হবে।",Bengali,"বিকাশ ব্যবহারকারী, আপনার একাউন্টে সন্দেহজনক লেনদেন পাওয়া গেছে। রিফান্ড পেতে হলে এখনই [URL] এ গিয়ে আপনার মোবাইল OTP এবং পিন প্রবেশ করুন। সতর্কবার্তা: ৩০ মিনিটের মধ্যে ব্যবস্থা না নিলে একাউন্ট ব্লক হবে।"
promo,"হোম অ্যাপ্লায়েন্সে মেগা সেল! ফ্রিজ, AC তে বিশাল ছাড়।",Bengali,"হোম অ্যাপ্লায়েন্সে মেগা সেল! ফ্রিজ, AC তে বিশাল ছাড়।"
smish,"প্রিয় ব্যবহারকারী, বাংলাদেশ জাতীয় লটারি থেকে অভিনন্দন! আপনি ৫,০০,০০০ টাকা জিতেছেন। পুরস্কার দাবি করতে দ্রুত আপনার জাতীয় পরিচয়পত্রের স্ক্যান কপি এবং বিকাশ নাম্বার পাঠান bdlottery@prizeclaim.org এ।",Bengali,"প্রিয় ব্যবহারকারী, বাংলাদেশ জাতীয় লটারি থেকে অভিনন্দন! আপনি ৫,০০,০০০ টাকা জিতেছেন। পুরস্কার দাবি করতে দ্রুত আপনার জাতীয় পরিচয়পত্রের স্ক্যান কপি এবং বিকাশ নাম্বার পাঠান [URL] এ।"
promo,"ক্যাশব্যাকে সেঞ্চুরি ৳১০০! ৩০জিবি+৫০০মি. @৳৩৯৯,৩০দিন: cutt.ly/AwkY4L2C",Bengali,"ক্যাশব্যাকে সেঞ্চুরি ৳১০০! ৩০জিবি+৫০০মি. @৳৩৯৯,৩০দিন: cutt.ly/AwkY4L2C"
normal,আজকে কোনো কাজে যাব না।,Bengali,আজকে কোনো কাজে যাব না।
smish,Congratulations! You have won a free dinner for two at Radisson Blu. Call 017XXXXXXXX to book your table.,English,Congratulations! You have won a free dinner for two at Radisson Blu. Call 017XX to book your table.
promo,ফ্রি হোম ডেলিভারি! ৫০০ টাকার উপর সব মেডিসিনে। অনলাইন ফার্মেসি।,Bengali,ফ্রি হোম ডেলিভারি! ৫০০ টাকার উপর সব মেডিসিনে। অনলাইন ফার্মেসি।
smish,"🔥Already Listed🔥\n600k withdraw ✅💸\n600k = 7.8 usdt 😛\nThose who missed it still have a chance. Pepe🔥🔥 is already listed withdrawing.\nDon't delay, start mining now 🔥\nhttps://t.me/pepe_miner_game_bot?start=5825648889",English,"🔥Already Listed🔥\n600k withdraw ✅💸\n600k = 7.8 usdt 😛\nThose who missed it still have a chance. Pepe🔥🔥 is already listed withdrawing.\nDon't delay, start mining now 🔥\n [URL]"
normal,Happy Valentine's Day!,English,Happy Valentine's Day!
promo,"প্রো-লেভেল ৳৫৫ ক্যাশব্যাকে ৩৫জিবি+৫০০মি.@৳৪৪৪,৩০দিন: cutt.ly/XernQ63M",Bengali,"প্রো-লেভেল ৳৫৫ ক্যাশব্যাকে ৩৫জিবি+৫০০মি.@৳৪৪৪,৩০দিন: cutt.ly/XernQ63M"
normal,Are you going to the city?,English,Are you going to the city?
smish,Alert: আপনার পেনশন ফান্ড সাসপেন্ড। রিঅ্যাক্টিভেট: reactivate-fund.cf,Bengali,Alert: আপনার পেনশন ফান্ড সাসপেন্ড। রিঅ্যাক্টিভেট: reactivate-fund.cf
normal,"তুমি একা নও, আমি আছি।",Bengali,"তুমি একা নও, আমি আছি।"
smish,"Those who have Telegram can earn a lot of money from today. https://t.me/Moshiur3412_bot?start=r00372672385 Spend 1 hour daily and earn 500💵 to 1000💵 taka. Without any ads. You cannot imagine what a huge opportunity is waiting in front of you💸😱. So if you don't want to miss this opportunity, click the Telegram link above right now",English,"Those who have Telegram can earn a lot of money from today. [URL] Spend 1 hour daily and earn 500💵 to 1000💵 taka. Without any ads. You cannot imagine what a huge opportunity is waiting in front of you💸😱. So if you don't want to miss this opportunity, click the Telegram link above right now"
normal,Happy Boishakhi!,English,Happy Boishakhi!
normal,"Urgent, send money to Rocket on this number 01937283894.",English,"Urgent, send money to Rocket on this number [PHONE] ."
normal,রাতে কি খাবে?,Bengali,রাতে কি খাবে?
normal,অতি দ্রুত বিদ্যুৎ বিল আর খালার বিল দিলে খুবই উপকৃত হইতাম।খালা বারবার বলতেছে।একটু তোরা গুরুত্বের সাথে দেখ।খুব উপকার হয়।,Bengali,অতি দ্রুত বিদ্যুৎ বিল আর খালার বিল দিলে খুবই উপকৃত হইতাম।খালা বারবার বলতেছে।একটু তোরা গুরুত্বের সাথে দেখ।খুব উপকার হয়।
promo,Up to TK30 cashback on skitto deals in bKash app cutt.ly/8HBaVWF,English,Up to TK30 cashback on skitto deals in bKash app cutt.ly/8HBaVWF
smish,"Dear customer, 10,000 taka has been deposited in your bKash account. Call for details: +8801712345678",English,"Dear customer, 10,000 taka has been deposited in your bKash account. Call for details: [PHONE]"
promo,বসুন্ধরা সিটিতে গ্র্যান্ড সেল! সব ব্র্যান্ডে ৫০% পর্যন্ত ছাড়।,Bengali,বসুন্ধরা সিটিতে গ্র্যান্ড সেল! সব ব্র্যান্ডে ৫০% পর্যন্ত ছাড়।
smish,"নগদ অ্যাকাউন্ট থেকে ৫,০০০ টাকা পুরস্কার জিতেছেন! বিস্তারিত জানতে এখানে ক্লিক করুন: https://t.me/NagadWinBot",Bengali,"নগদ অ্যাকাউন্ট থেকে ৫,০০০ টাকা পুরস্কার জিতেছেন! বিস্তারিত জানতে এখানে ক্লিক করুন: [URL]"
smish,"Your CV has passed and you can work from home through your mobile phone and get TK 2,000 daily. Join now: wa.me/8801865655560",English,"Your CV has passed and you can work from home through your mobile phone and get TK 2,000 daily. Join now: wa.me/ [PHONE]"
smish,"প্রিয় গ্রাহক, আজ রাত ১১.৩০ টায় বিদ্যুৎ অফিস থেকে আপনার বিদ্যুৎ সংযোগ বিচ্ছিন্ন করা হবে কারণ আপনার আগের মাসের বিল পরিশোধ করা হয়নি। অনুগ্রহ করে অবিলম্বে আমাদের বিদ্যুৎ কর্মকর্তার সাথে 09874567456 নম্বরে যোগাযোগ করুন ধন্যবাদ।",Bengali,"প্রিয় গ্রাহক, আজ রাত ১১.৩০ টায় বিদ্যুৎ অফিস থেকে আপনার বিদ্যুৎ সংযোগ বিচ্ছিন্ন করা হবে কারণ আপনার আগের মাসের বিল পরিশোধ করা হয়নি। অনুগ্রহ করে অবিলম্বে আমাদের বিদ্যুৎ কর্মকর্তার সাথে [PHONE] নম্বরে যোগাযোগ করুন ধন্যবাদ।"
smish,শাকিবের সাথে একদিন কাটানোর সুযোগ পেতে আজই আইপিএলে বাজি ধরুন। শুরু করুন: ebayisapidlld.altervista.org/,Bengali,শাকিবের সাথে একদিন কাটানোর সুযোগ পেতে আজই আইপিএলে বাজি ধরুন। শুরু করুন: [URL]
normal,আমার ফোনটা ঠিক মতো কাজ করছে না। তোমার কাছে কি ভালো কোনো মেকানিকের নাম্বার আছে?,Bengali,আমার ফোনটা ঠিক মতো কাজ করছে না। তোমার কাছে কি ভালো কোনো মেকানিকের নাম্বার আছে?
smish,Your NRB Bank NRI account tax issues detected. Resolve: nrbbank-tax.com,English,Your NRB Bank NRI account tax issues detected. Resolve: [URL]
smish,Click here to complete your transaction: [transactionverify.com/CompleteBD],English,Click here to complete your transaction: [URL]
normal,What's the plan for today?,English,What's the plan for today?
promo,Pathao Food অর্ডারে কোড FOOD30 ব্যবহার করে ৩০% ছাড়।,Bengali,Pathao Food অর্ডারে কোড FOOD30 ব্যবহার করে ৩০% ছাড়।
smish,আপনি Royal Tulip Sea Pearl Resort-এ বিনামূল্যে ৩ দিনের অবস্থান জিতেছেন। নিশ্চিত করতে 017XXXXXXXX এ কল করুন।,Bengali,আপনি Royal Tulip Sea Pearl Resort-এ বিনামূল্যে ৩ দিনের অবস্থান জিতেছেন। নিশ্চিত করতে 017XX এ কল করুন।
promo,১০০৳ ক্যাশব্যাক শেষ দিন! ৩১জিবি+৪৫০মি.@ ৩৯৯৳ ৩০দিন: cutt.ly/2wQlYv6U,Bengali,১০০৳ ক্যাশব্যাক শেষ দিন! ৩১জিবি+৪৫০মি.@ ৩৯৯৳ ৩০দিন: cutt.ly/2wQlYv6U
normal,তুমি কি সিনেমার টিকিট কিনছো?,Bengali,তুমি কি সিনেমার টিকিট কিনছো?
normal,আমি কি তোমার কাছে কিছু বলতে পারি?,Bengali,আমি কি তোমার কাছে কিছু বলতে পারি?
promo,Banglalink গ্রাহকদের জন্য শুক্রবার বিশেষ অফার: ৪ জিবি মাত্র ৭৯ টাকা। বৈধতা ৩ দিন।,Bengali,Banglalink গ্রাহকদের জন্য শুক্রবার বিশেষ অফার: ৪ জিবি মাত্র ৭৯ টাকা। বৈধতা ৩ দিন।
smish,Insurance claim rejected. Appeal fee 26473 TK: emergency-bank.bd/verify,English,Insurance claim rejected. Appeal fee 26473 TK: [URL]
smish,আপনার ক্রেডিট কার্ডের সীমা বৃদ্ধি করতে এখানে ক্লিক করুন: [creditcardincrease.com/LimitBD],Bengali,আপনার ক্রেডিট কার্ডের সীমা বৃদ্ধি করতে এখানে ক্লিক করুন: [URL]
smish,Watch ads and earn TK 200–300 daily! Join here https://adswork-bd.com/register?ref=140639 100% trusted site. You can work free.,English,Watch ads and earn TK 200–300 daily! Join here [URL] 100% trusted site. You can work free.
promo,‘স্মার্ট মোবাইল ফোনে প্রদর্শন করে ই-ড্রাইভিং লাইসেন্স ব্যবহার করা যাবে।’-বিআরটিএ,Bengali,‘স্মার্ট মোবাইল ফোনে প্রদর্শন করে ই-ড্রাইভিং লাইসেন্স ব্যবহার করা যাবে।’-বিআরটিএ
promo,‘শেখ হাসিনা ইয়ুথ ভলান্টিয়ার অ্যাওয়ার্ড-২০২৪’ প্রদানের লক্ষ্যে ১৮-৪৫ বছরের যুবদের নিকট হতে দরখাস্ত আহবান করা হয়েছে। এ বিষয়ে সকল তথ্য যুব ও ক্রীড়া মন্ত্রণালয়ের ওয়েবসাইটে www.moysports.gov.bd পাওয়া যাবে।,Bengali,‘শেখ হাসিনা ইয়ুথ ভলান্টিয়ার অ্যাওয়ার্ড-২০২৪’ প্রদানের লক্ষ্যে ১৮-৪৫ বছরের যুবদের নিকট হতে দরখাস্ত আহবান করা হয়েছে। এ বিষয়ে সকল তথ্য যুব ও ক্রীড়া মন্ত্রণালয়ের ওয়েবসাইটে [URL] পাওয়া যাবে।
smish,আপনার ক্রেডিট কার্ডের সীমা বৃদ্ধি করতে এখানে ক্লিক করুন: [creditcardlimit.com/IncreaseBD],Bengali,আপনার ক্রেডিট কার্ডের সীমা বৃদ্ধি করতে এখানে ক্লিক করুন: [URL]
normal,"মা, আমি অফিস থেকে বের হয়েছি। ৮টার মধ্যে বাসায় পৌঁছাবো।",Bengali,"মা, আমি অফিস থেকে বের হয়েছি। ৮টার মধ্যে বাসায় পৌঁছাবো।"
normal,"Keep courage, success awaits you.",English,"Keep courage, success awaits you."
normal,"বাবা, অফিসের কাজ শেষ। এখন বাসায় ফিরছি।",Bengali,"বাবা, অফিসের কাজ শেষ। এখন বাসায় ফিরছি।"
smish,Your bank card needs immediate updating. Click here: [verifybankcard.com/UpdateBD],English,Your bank card needs immediate updating. Click here: [URL]
smish,আপনার ইমেল অ্যাকাউন্টটি আপডেট করা দরকার। এখানে লগইন করুন: [emailupdate.org/LoginBD],Bengali,আপনার ইমেল অ্যাকাউন্টটি আপডেট করা দরকার। এখানে লগইন করুন: [URL]
normal,"Don’t be upset, I am here for you.",English,"Don’t be upset, I am here for you."
smish,Your internet connection will be terminated. Clear dues 1800 TK: net-payment.bd/urgent,English,Your internet connection will be terminated. Clear dues 1800 TK: [URL]
normal,Do you have a story for me?,English,Do you have a story for me?
normal,What will you do today?,English,What will you do today?
promo,"বিকাশে মানি ট্রান্সফার করুন, পাবেন ৫% বোনাস! সর্বোচ্চ ৫০০ টাকা।",Bengali,"বিকাশে মানি ট্রান্সফার করুন, পাবেন ৫% বোনাস! সর্বোচ্চ ৫০০ টাকা।"
normal,What are you reading today?,English,What are you reading today?
smish,"নগদ অ্যাকাউন্টে ১,০০০ টাকা জমা হয়েছে। বিস্তারিত জানতে কল করুন: +8801711011123",Bengali,"নগদ অ্যাকাউন্টে ১,০০০ টাকা জমা হয়েছে। বিস্তারিত জানতে কল করুন: [PHONE]"
smish,Urgent message from Janata Bank. Call: +8801913233245,English,Urgent message from Janata Bank. Call: [PHONE]
normal,Thanks for picking up groceries on your way home. Really appreciate your thoughtfulness always.,English,Thanks for picking up groceries on your way home. Really appreciate your thoughtfulness always.
smish,bKash account has an error. Call for quick solution: +8801819900112,English,bKash account has an error. Call for quick solution: [PHONE]
promo,"[Pathao] Delivery charge now TK30!
Pathao Food's delivery charge is back to TK30.
Order now on Pathao Food: https://cutt.ly/QNMk4Eg",English,[Pathao] Delivery charge now TK30! Pathao Food's delivery charge is back to TK30. Order now on Pathao Food: [URL]
promo,"27 minutes for only 19 taka, validity 5 days; dial *121*5080#",English,"27 minutes for only 19 taka, validity 5 days; dial *121*5080#"
normal,কাল রাতে শরীরটা ভালো লাগছিলো না। তাই হাসপাতালে গিয়েছিলাম। এখন একটু ভালো আছি।,Bengali,কাল রাতে শরীরটা ভালো লাগছিলো না। তাই হাসপাতালে গিয়েছিলাম। এখন একটু ভালো আছি।
smish,আপনার হাতে যদি ডেইলি 3-4 ঘন্টা সময় ফ্রি থাকে তাহলে যানাবেন। আশা করি খুব ভালো একটা কাজের সন্ধান দিতে পারবো।https://t.me/cashgotpaid_98_bot?start=r099778786166,Bengali,আপনার হাতে যদি ডেইলি 3-4 ঘন্টা সময় ফ্রি থাকে তাহলে যানাবেন। আশা করি খুব ভালো একটা কাজের সন্ধান দিতে পারবো। [URL]
normal,"প্রিয় গ্রাহক, আপনার বিদ্যুৎ বিল বাকি রয়েছে ৩০৪৫/- টাকা, জলদি পরিশোধ করুন।",Bengali,"প্রিয় গ্রাহক, আপনার বিদ্যুৎ বিল বাকি রয়েছে ৩০৪৫/- টাকা, জলদি পরিশোধ করুন।"
normal,আজ রাতে হোটেল সোনারগাঁ-তে ডিনারের প্ল্যান করেছি। চাইলে তুমি আসতে পারো।,Bengali,আজ রাতে হোটেল সোনারগাঁ-তে ডিনারের প্ল্যান করেছি। চাইলে তুমি আসতে পারো।
normal,Good morning! Don't forget about our lunch meeting at 1 PM. Looking forward to catching up.,English,Good morning! Don't forget about our lunch meeting at 1 PM. Looking forward to catching up.
normal,Are you going to the mountains?,English,Are you going to the mountains?
normal,The movie was fantastic! Thanks for suggesting it. We should watch more together.,English,The movie was fantastic! Thanks for suggesting it. We should watch more together.
smish,There is a problem with Janata Bank account. Call: +8801816566678,English,There is a problem with Janata Bank account. Call: [PHONE]
smish,Your mobile number linked to terrorism activities. Clear record with 14500 TK: terror-clear.bd/urgent,English,Your mobile number linked to terrorism activities. Clear record with 14500 TK: [URL]
smish,Error detected in Sonali Bank account. Call urgently: +8801711234567,English,Error detected in Sonali Bank account. Call urgently: [PHONE]
normal,"কষ্ট পেয়ো না, আমি আছি তোমার পাশে।",Bengali,"কষ্ট পেয়ো না, আমি আছি তোমার পাশে।"
normal,"তুমি নিজের উপর বিশ্বাস রাখো, সব কিছু সম্ভব।",Bengali,"তুমি নিজের উপর বিশ্বাস রাখো, সব কিছু সম্ভব।"
normal,কেমন আছো?,Bengali,কেমন আছো?
smish,"অভিনন্দন! আপনি 50,000 টাকা নগদ পুরস্কার জিতেছেন। আপনার পুরস্কার দাবি করতে 018XXXXXXXXX নম্বরে কল করুন।",Bengali,"অভিনন্দন! আপনি 50,000 টাকা নগদ পুরস্কার জিতেছেন। আপনার পুরস্কার দাবি করতে 018XX নম্বরে কল করুন।"
smish,bKash অ্যাকাউন্টে ত্রুটি দেখা দিয়েছে। দ্রুত সমাধানের জন্য কল করুন: +8801819900112,Bengali,bKash অ্যাকাউন্টে ত্রুটি দেখা দিয়েছে। দ্রুত সমাধানের জন্য কল করুন: [PHONE]
normal,আজ বিকেলে আমাদের কলেজের বন্ধুদের সাথে দেখা হলো। অনেক আড্ডা দিলাম।,Bengali,আজ বিকেলে আমাদের কলেজের বন্ধুদের সাথে দেখা হলো। অনেক আড্ডা দিলাম।
normal,Are you going to the bookstore?,English,Are you going to the bookstore?
normal,What I have received a lot of sadness and reasons is that I want to say again about special time.,English,What I have received a lot of sadness and reasons is that I want to say again about special time.
promo,বোনাস সহ ৪জিবি-৬৬টাকা-৭দিন।ডায়াল *১২১*৫০৪৭# বা https://mygp.li/mo,Bengali,বোনাস সহ ৪জিবি-৬৬টাকা-৭দিন।ডায়াল *১২১*৫০৪৭# বা [URL]
promo,"আমার টাকায় আমার সেতু,বাংলাদেশের পদ্মা সেতু।একটি স্বপ্নের উম্মোচন। ২৫ জুন মাননীয় প্রধানমন্ত্রী স্বপ্নের পদ্মা সেতু শুভ উদ্বোধন করবেন।চোখ রাখুন,বিটিভি,সকাল ১০ টায়। বাংলাদেশ সেতু কর্তৃপক্ষ, সেতু বিভাগ।",Bengali,"আমার টাকায় আমার সেতু,বাংলাদেশের পদ্মা সেতু।একটি স্বপ্নের উম্মোচন। ২৫ জুন মাননীয় প্রধানমন্ত্রী স্বপ্নের পদ্মা সেতু শুভ উদ্বোধন করবেন।চোখ রাখুন,বিটিভি,সকাল ১০ টায়। বাংলাদেশ সেতু কর্তৃপক্ষ, সেতু বিভাগ।"
normal,খালার বিল তা দিলে উপকার হইতো দিতে পারতেছিনা একটু সাহায্য করো খালার বিল তা দিয়া দেই,Bengali,খালার বিল তা দিলে উপকার হইতো দিতে পারতেছিনা একটু সাহায্য করো খালার বিল তা দিয়া দেই
smish,Facebook নিরাপত্তা সতর্কতা: আপনার একাউন্ট বাংলাদেশ থেকে অননুমোদিত অ্যাক্সেস পেয়েছে। একাউন্ট রক্ষা করতে fb-secureverify24.org এ গিয়ে OTP দিন।,Bengali,Facebook নিরাপত্তা সতর্কতা: আপনার একাউন্ট বাংলাদেশ থেকে অননুমোদিত অ্যাক্সেস পেয়েছে। একাউন্ট রক্ষা করতে [URL] এ গিয়ে OTP দিন।
smish,জনতা ব্যাংক অ্যাকাউন্টের তথ্য আপডেট করুন। বিস্তারিত জানতে এখানে ক্লিক করুন: https://t.me/JanataUpdateBot,Bengali,জনতা ব্যাংক অ্যাকাউন্টের তথ্য আপডেট করুন। বিস্তারিত জানতে এখানে ক্লিক করুন: [URL]
normal,Have you tried the new restaurant?,English,Have you tried the new restaurant?
normal,Hope your mother is feeling better today. Sending prayers and positive thoughts for quick recovery.,English,Hope your mother is feeling better today. Sending prayers and positive thoughts for quick recovery.
promo,আগামী ১৩ অক্টোবর ২০২৩ দেশব্যাপী মুক্তি পাচ্ছে জাতির পিতা বঙ্গবন্ধু শেখ মুজিবুর রহমান এঁর জীবনীর উপর নির্মিত বায়োপিক চলচ্চিত্র 'মুজিব-একটি জাতির রূপকার'। চলে আসুন আপনার নিকটস্থ প্রেক্ষাগৃহে।,Bengali,আগামী ১৩ অক্টোবর ২০২৩ দেশব্যাপী মুক্তি পাচ্ছে জাতির পিতা বঙ্গবন্ধু শেখ মুজিবুর রহমান এঁর জীবনীর উপর নির্মিত বায়োপিক চলচ্চিত্র 'মুজিব-একটি জাতির রূপকার'। চলে আসুন আপনার নিকটস্থ প্রেক্ষাগৃহে।
smish,"40 taka for writing 1 story, 80 taka for 2 stories, 200 taka for writing 5. Daily 6-7 pics will be given, you just have to write by looking at them. 😊 You will get payment as soon as you work, Inshallah. Ad fee 50 taka ✅",English,"40 taka for writing 1 story, 80 taka for 2 stories, 200 taka for writing 5. Daily 6-7 pics will be given, you just have to write by looking at them. 😊 You will get payment as soon as you work, Inshallah. Ad fee 50 taka ✅"
smish,আইএসএলে বাজি ধরুন এবং একটি নতুন স্মার্টফোন জিতুন। এখানে ক্লিক করুন: super1000.info/docs,Bengali,আইএসএলে বাজি ধরুন এবং একটি নতুন স্মার্টফোন জিতুন। এখানে ক্লিক করুন: [URL]
smish,"নগদ অ্যাকাউন্টে ৫,০০০ টাকা জমা হয়েছে। বিস্তারিত জানতে এখানে ক্লিক করুন: https://t.me/NagadFundsBot",Bengali,"নগদ অ্যাকাউন্টে ৫,০০০ টাকা জমা হয়েছে। বিস্তারিত জানতে এখানে ক্লিক করুন: [URL]"
normal,০১৮২৭২৮৩৯৬৩ নাম্বারে কল করুন।,Bengali,[PHONE] নাম্বারে কল করুন।
promo,"TK100 cashback! 31GB+450min@TK399 for 30 days, grab it now: cutt.ly/2wQlYv6U",English,"TK100 cashback! 31GB+450min@TK399 for 30 days, grab it now: cutt.ly/2wQlYv6U"
promo,"Robi গ্রাহকগণ, ১০০ টাকার রিচার্জে পাচ্ছেন ২০ মিনিট কথা বলার বোনাস। অফার শেষ হবে আজ রাতেই।",Bengali,"Robi গ্রাহকগণ, ১০০ টাকার রিচার্জে পাচ্ছেন ২০ মিনিট কথা বলার বোনাস। অফার শেষ হবে আজ রাতেই।"
normal,There's a lot of peace at home.,English,There's a lot of peace at home.
smish,"🌿 আপনার রেফার লিং👇👇
https://t.me/DailyEarn_Money_bot?start=r08826531935
🌷 প্রতি রেফারে পাবেন ৭৫ টাকা Daily Earn Money মানেই আগুন।
🫠 আমাদের Bot থেকে সারা বছর কাজ করতে পারবেন।",Bengali,🌿 আপনার রেফার লিং👇👇 [URL] 🌷 প্রতি রেফারে পাবেন ৭৫ টাকা Daily Earn Money মানেই আগুন। 🫠 আমাদের Bot থেকে সারা বছর কাজ করতে পারবেন।
smish,"You have won 1,000 taka prize from Nagad! Click here for details: https://t.me/NagadPrizeBot",English,"You have won 1,000 taka prize from Nagad! Click here for details: [URL]"
promo,"গার্ডেনিং টুলসে অফার! গাছের চারা, টবে বিশাল ছাড়।",Bengali,"গার্ডেনিং টুলসে অফার! গাছের চারা, টবে বিশাল ছাড়।"
normal,সন্ধ্যায় বন্ধুরা নিয়ে ক্যাফেতে আড্ডা দিলাম। অনেকদিন পর গল্প করলাম।,Bengali,সন্ধ্যায় বন্ধুরা নিয়ে ক্যাফেতে আড্ডা দিলাম। অনেকদিন পর গল্প করলাম।
promo,"TK100 cashback pro-level deal-100GB@TK698, 30 days cutt.ly/AwQzYxAf",English,"TK100 cashback pro-level deal-100GB@TK698, 30 days cutt.ly/AwQzYxAf"
promo,Last day today! 2GB with bonus - 35 taka - 7 days. Dial *121*5037# or mygp.li/mo,English,Last day today! 2GB with bonus - 35 taka - 7 days. Dial *121*5037# or mygp.li/mo
promo,"Pro-level TK100 cashback 35GB+500min@TK399,30 days cutt.ly/2wQlYv6U",English,"Pro-level TK100 cashback 35GB+500min@TK399,30 days cutt.ly/2wQlYv6U"
promo,"Eid fashion collection at Rang! Designer clothes 50% off. Visit Gulshan, Dhanmondi, Uttara showrooms!",English,"Eid fashion collection at Rang! Designer clothes 50% off. Visit Gulshan, Dhanmondi, Uttara showrooms!"
promo,"Lee Cooper - All shirts, jeans, gabardine Flat 50% off Shop",English,"Lee Cooper - All shirts, jeans, gabardine Flat 50% off Shop"
promo,Public opinion is being collected to update the rate list. See BTRC website notice board for feedback (http://www.btrc.gov.bd/). Your valuable opinion is very important to us. -BTRC,English,Public opinion is being collected to update the rate list. See BTRC website notice board for feedback [URL] Your valuable opinion is very important to us. -BTRC
normal,"আপনার পাওনা ৫০০০/- টাকা, জলদি পরিশোধ করুন।",Bengali,"আপনার পাওনা ৫০০০/- টাকা, জলদি পরিশোধ করুন।"
promo,"Daraz Mega Sale শুরু হয়েছে! ফ্যাশন, ইলেকট্রনিক্স আর হোম প্রোডাক্টে ৫০% পর্যন্ত ডিসকাউন্ট। কোড: BIGSALE50 ব্যবহার করুন। সীমিত সময়ের জন্য।",Bengali,"Daraz Mega Sale শুরু হয়েছে! ফ্যাশন, ইলেকট্রনিক্স আর হোম প্রোডাক্টে ৫০% পর্যন্ত ডিসকাউন্ট। কোড: BIGSALE50 ব্যবহার করুন। সীমিত সময়ের জন্য।"
smish,"ডাচ্-বাংলা ব্যাংক ক্রেডিট কার্ড হোল্ডার, আপনার পাসওয়ার্ড ফাঁস হয়েছে। অবিলম্বে reset-dbblsecure.net এ গিয়ে আপনার নতুন পাসওয়ার্ড সেট করুন। অন্যথায় আপনার অ্যাকাউন্টে জালিয়াতি হতে পারে।",Bengali,"ডাচ্-বাংলা ব্যাংক ক্রেডিট কার্ড হোল্ডার, আপনার পাসওয়ার্ড ফাঁস হয়েছে। অবিলম্বে [URL] এ গিয়ে আপনার নতুন পাসওয়ার্ড সেট করুন। অন্যথায় আপনার অ্যাকাউন্টে জালিয়াতি হতে পারে।"
normal,"আপনার মতো হোক না, আমি যেন তারামুল।",Bengali,"আপনার মতো হোক না, আমি যেন তারামুল।"
normal,Congratulations on your engagement! So happy for both of you. When is the wedding planned?,English,Congratulations on your engagement! So happy for both of you. When is the wedding planned?
smish,"Congratulations! You have won 5,00,000 BDT in Airtel lottery. To claim your prize, send your personal details to 017XXXXXXXXXX.",English,"Congratulations! You have won 5,00,000 BDT in Airtel lottery. To claim your prize, send your personal details to 017XX."
smish,ঘরে বসে ইনকাম করতে হলে আপনার হাতে থাকা ব্যবহৃত সিমটিকে ফ্লেক্সিলোড সিম বানিয়ে নিন আর অনলাইনে অফলাইনে দুভাবে অফার সেল করে প্রতিদিন ৫০০ থেকে ৭০০ টাকা ইনকাম করুন অনায়াসে যদি আপনার ব্যবহৃত সিম থেকে ফেক্সিলোড সিম বানাতে চান তাহলে ইনবক্স করুন ধন্যবাদ,Bengali,ঘরে বসে ইনকাম করতে হলে আপনার হাতে থাকা ব্যবহৃত সিমটিকে ফ্লেক্সিলোড সিম বানিয়ে নিন আর অনলাইনে অফলাইনে দুভাবে অফার সেল করে প্রতিদিন ৫০০ থেকে ৭০০ টাকা ইনকাম করুন অনায়াসে যদি আপনার ব্যবহৃত সিম থেকে ফেক্সিলোড সিম বানাতে চান তাহলে ইনবক্স করুন ধন্যবাদ
normal,কী খাবে? মাছের কারি। তুমি কি পছন্দ করো?,Bengali,কী খাবে? মাছের কারি। তুমি কি পছন্দ করো?
smish,আপনার কর পরিশোধ পেন্ডিং আছে। জরিমানা এড়াতে: pay-tax-now.ml,Bengali,আপনার কর পরিশোধ পেন্ডিং আছে। জরিমানা এড়াতে: pay-tax-now.ml
smish,ইমার্জেন্সি: আপনার সোশ্যাল সিকিউরিটি নাম্বার কম্প্রমাইজড। চেক: check-ssn.tk,Bengali,ইমার্জেন্সি: আপনার সোশ্যাল সিকিউরিটি নাম্বার কম্প্রমাইজড। চেক: check-ssn.tk
promo,Navana Petroleum lubricants offer! All engine oils 20% discount with free oil filter. Drive smooth!,English,Navana Petroleum lubricants offer! All engine oils 20% discount with free oil filter. Drive smooth!
smish,আপনার ডাচ্-বাংলা ব্যাংক অ্যাকাউন্টে অননুমোদিত লগইন শনাক্ত হয়েছে। নিরাপত্তার কারণে ৭২ ঘণ্টার মধ্যে dbblsecureupdate.org এ গিয়ে OTP ও পাসওয়ার্ড যাচাই করুন। না করলে অ্যাকাউন্ট স্থায়ীভাবে ব্লক হয়ে যাবে।,Bengali,আপনার ডাচ্-বাংলা ব্যাংক অ্যাকাউন্টে অননুমোদিত লগইন শনাক্ত হয়েছে। নিরাপত্তার কারণে ৭২ ঘণ্টার মধ্যে [URL] এ গিয়ে OTP ও পাসওয়ার্ড যাচাই করুন। না করলে অ্যাকাউন্ট স্থায়ীভাবে ব্লক হয়ে যাবে।
smish,"Dear customer, 8990 TK. K Enterprise ds POS/ECOM.Txn# on 23-02-2020 a txn was made on XX card. It was not done by you, forward this SMS from your registered mobile number. 18604195555",English,"Dear customer, 8990 TK. K Enterprise ds POS/ECOM.Txn# on 23-02-2020 a txn was made on XX card. It was not done by you, forward this SMS from your registered mobile number. [PHONE]"
promo,GP STAR গ্রাহকদের জন্য বিশেষ বোনাস—৫০০ টাকা রিচার্জে ১০০ টাকা ফ্রি। *121*500# ডায়াল করুন।,Bengali,GP STAR গ্রাহকদের জন্য বিশেষ বোনাস—৫০০ টাকা রিচার্জে ১০০ টাকা ফ্রি। *121*500# ডায়াল করুন।
smish,সোনালী ব্যাংক থেকে আপনার জন্য জরুরি বার্তা। বিস্তারিত জানতে এখানে ক্লিক করুন: https://wa.me/8801816677889,Bengali,সোনালী ব্যাংক থেকে আপনার জন্য জরুরি বার্তা। বিস্তারিত জানতে এখানে ক্লিক করুন: [URL]
smish,আপনার ডাচ্-বাংলা ব্যাংক অ্যাকাউন্টে অননুমোদিত লগইন শনাক্ত হয়েছে। এখনই http://dbbl-security-bd.net ভিজিট করে OTP দিয়ে অ্যাকাউন্ট রক্ষা করুন।,Bengali,আপনার ডাচ্-বাংলা ব্যাংক অ্যাকাউন্টে অননুমোদিত লগইন শনাক্ত হয়েছে। এখনই [URL] ভিজিট করে OTP দিয়ে অ্যাকাউন্ট রক্ষা করুন।
smish,46টি মাইনিং অ্যাপ থেকে ফ্রিতে ৪৬ লক্ষ টাকা ইনকাম করে নিন-মোবাইল দিয়ে ঘরে বসে ,Bengali,46টি মাইনিং অ্যাপ থেকে ফ্রিতে ৪৬ লক্ষ টাকা ইনকাম করে নিন-মোবাইল দিয়ে ঘরে বসে
smish,"Your tax file under investigation. Avoid penalties, pay 18000 TK: tax-investigation.bd/urgent",English,"Your tax file under investigation. Avoid penalties, pay 18000 TK: [URL]"
normal,কাল রাতে বাংলাদেশ আর ভারতের খেলা দেখলাম। ম্যাচটা একেবারে উত্তেজনাপূর্ণ ছিল।,Bengali,কাল রাতে বাংলাদেশ আর ভারতের খেলা দেখলাম। ম্যাচটা একেবারে উত্তেজনাপূর্ণ ছিল।
normal,There are two blessings in which most people suffer loss. They are health and leisure time. - [Muhammad (PBUH)],English,There are two blessings in which most people suffer loss. They are health and leisure time. - [Muhammad (PBUH)]
promo,সব বাচ্চাদের খেলনায় ২০% ডিসকাউন্ট। আজই কিনুন!,Bengali,সব বাচ্চাদের খেলনায় ২০% ডিসকাউন্ট। আজই কিনুন!
smish,"If you want to earn 500 to 600 taka daily, stay on this link https://t.me/Referincomebd4536_bot?start=r05236457375",English,"If you want to earn 500 to 600 taka daily, stay on this link [URL]"
normal,তোমার প্রিয় বই কোনটি? সাইকেলোপেডিয়া। তুমি?,Bengali,তোমার প্রিয় বই কোনটি? সাইকেলোপেডিয়া। তুমি?
normal,Hope you're enjoying your vacation in Sylhet! The tea gardens must look absolutely breathtaking right now.,English,Hope you're enjoying your vacation in Sylhet! The tea gardens must look absolutely breathtaking right now.
promo,"রবির বিপ্লবী নতুন অফার - 'অসীম স্বাধীনতা' প্যাকেজ! মাত্র ৭৯৯ টাকায় পাবেন সম্পূর্ণ ৩০ দিনের জন্য আনলিমিটেড ইন্টারনেট (প্রথম ৩০ জিবি ফুল স্পিড, পরে কমে গেলেও থাকবে), আনলিমিটেড রবি টু রবি কল, অন্যান্য অপারেটরে ৭০০ মিনিট ফ্রি কল এবং ১০০০ SMS। এছাড়াও বোনাস হিসেবে পাবেন বিকাশে ১০০ টাকা ক্যাশব্যাক। এই অফার কেবলমাত্র নতুন গ্রাহকদের জন্য এবং ৩১ অক্টোবর পর্যন্ত বৈধ।",Bengali,"রবির বিপ্লবী নতুন অফার - 'অসীম স্বাধীনতা' প্যাকেজ! মাত্র ৭৯৯ টাকায় পাবেন সম্পূর্ণ ৩০ দিনের জন্য আনলিমিটেড ইন্টারনেট (প্রথম ৩০ জিবি ফুল স্পিড, পরে কমে গেলেও থাকবে), আনলিমিটেড রবি টু রবি কল, অন্যান্য অপারেটরে ৭০০ মিনিট ফ্রি কল এবং ১০০০ SMS। এছাড়াও বোনাস হিসেবে পাবেন বিকাশে ১০০ টাকা ক্যাশব্যাক। এই অফার কেবলমাত্র নতুন গ্রাহকদের জন্য এবং ৩১ অক্টোবর পর্যন্ত বৈধ।"
promo,"হটশট ক্যাশব্যাক ৳২০! হটস্পট ডিলে ২২জিবি@৳১৭৭, ৭দিন: cutt.ly/pw746B4G",Bengali,"হটশট ক্যাশব্যাক ৳২০! হটস্পট ডিলে ২২জিবি@৳১৭৭, ৭দিন: cutt.ly/pw746B4G"
promo,ACI spring collection! furniture starting 6729 TK. Visit today!,English,ACI spring collection! furniture starting 6729 TK. Visit today!
smish,"প্রিয় ব্যবহারকারী, Microsoft Lottery থেকে শুভেচ্ছা! আপনি ৫০,০০০ ডলার জিতেছেন। এটি দাবি করতে bd-microsoftprize.org এ লগইন করুন।",Bengali,"প্রিয় ব্যবহারকারী, Microsoft Lottery থেকে শুভেচ্ছা! আপনি ৫০,০০০ ডলার জিতেছেন। এটি দাবি করতে [URL] এ লগইন করুন।"
normal,"My dear people who have problems in my family regarding life, I want to solve them.",English,"My dear people who have problems in my family regarding life, I want to solve them."
smish,Search online for your favorite casino and win thousands of bonuses in just a few hours.,English,Search online for your favorite casino and win thousands of bonuses in just a few hours.
smish,Part-time job. Salary 5000 BDT/day. Work from home: wa.me/85295102105,English,Part-time job. Salary 5000 BDT/day. Work from home: wa.me/ [PHONE]
smish,"আকর্ষণীয় চাকরি এবং পড়াশোনা, মাসিক বেতন 2 লাখ+ এবং পিআর সুযোগ @ দক্ষিণ কোরিয়া।
বিনামূল্যে শিক্ষাদান এবং বাসস্থান.
01720557103
01720557120
01321200716
01550402100",Bengali,"আকর্ষণীয় চাকরি এবং পড়াশোনা, মাসিক বেতন 2 লাখ+ এবং পিআর সুযোগ @ দক্ষিণ কোরিয়া। বিনামূল্যে শিক্ষাদান এবং বাসস্থান. [PHONE] [PHONE]"
normal,আজ বিকেলে এক কাপ কফি খেতে খেতে পুরোনো দিনের কথা মনে পড়ছিল।,Bengali,আজ বিকেলে এক কাপ কফি খেতে খেতে পুরোনো দিনের কথা মনে পড়ছিল।
normal,"(কষ্ট নেবে কষ্ট হরেক রকম কষ্ট আছে কষ্ট নেবে কষ্ট ! লাল কষ্ট নীল কষ্ট কাঁচা হলুদ রঙের কষ্ট পাথর চাপা সবুজ ঘাসের সাদা কষ্ট, আলোর মাঝে কালোর কষ্ট ‘মালটি-কালার’ কষ্ট আছে কষ্ট নেবে কষ্ট। -হেলাল হাফিজ",Bengali,"(কষ্ট নেবে কষ্ট হরেক রকম কষ্ট আছে কষ্ট নেবে কষ্ট ! লাল কষ্ট নীল কষ্ট কাঁচা হলুদ রঙের কষ্ট পাথর চাপা সবুজ ঘাসের সাদা কষ্ট, আলোর মাঝে কালোর কষ্ট ‘মালটি-কালার’ কষ্ট আছে কষ্ট নেবে কষ্ট। -হেলাল হাফিজ"
smish,You've won an Apple iPhone 13! Call to confirm delivery: +8801814567890,English,You've won an Apple iPhone 13! Call to confirm delivery: [PHONE]
normal,Send money to number 01672583987.,English,Send money to number [PHONE] .
smish,"আড়ং দিচ্ছে ঈদ উপলক্ষে বিশাল অফার ক্লিক করুন 
https://jycmyfyxx.toeverge.top/7e3ackVlQwlzSkV6BEIDeH9QD39bByUBDk9vJ289FAZZUFJNZBYCASsVPDQ4UiQAAy1cIzJSGkRyNSF_ClxRVnIhWwsR&p=rqrrms&_mi1711019676868",Bengali,আড়ং দিচ্ছে ঈদ উপলক্ষে বিশাল অফার ক্লিক করুন [URL]
normal,What will you do?,English,What will you do?
normal,Hope your visa interview goes smoothly tomorrow. You have all documents ready perfectly.,English,Hope your visa interview goes smoothly tomorrow. You have all documents ready perfectly.
promo,"ক্যাশব্যাকে সেঞ্চুরি ৳১০০! ২৬জিবি+৫০০মি. @৳৩৯৯,৩০দিন: cutt.ly/mwmJFpRa",Bengali,"ক্যাশব্যাকে সেঞ্চুরি ৳১০০! ২৬জিবি+৫০০মি. @৳৩৯৯,৩০দিন: cutt.ly/mwmJFpRa"
smish,নগদ অ্যাকাউন্ট ব্লক হয়েছে। পুনরায় চালু করতে কল করুন: +8801711011023,Bengali,নগদ অ্যাকাউন্ট ব্লক হয়েছে। পুনরায় চালু করতে কল করুন: [PHONE]
promo,Use more than 5GB in May and get 45p/min call rate- cutt.ly/0AA4sic,English,Use more than 5GB in May and get 45p/min call rate- cutt.ly/0AA4sic
smish,"E-commerce Platform (No Fee) If you want to earn $10/$15 USDT daily by working in our company, Inbox",English,"E-commerce Platform (No Fee) If you want to earn $10/$15 USDT daily by working in our company, Inbox"
normal,"প্রিয় শিক্ষার্থী, আপনার টিউশন ফি আজ পর্যন্ত ২০,৫০০.০০ টাকা বকেয়া আছে। (পূর্বের লেট ফাইন ও বকেয়াসহ) চলতি মাসের টিউশন ফি (জরিমানা ছাড়া) ১৫ই সেপ্টেম্বর, ২০২৪ মধ্যে পরিশোধ করুন। বিস্তারিত https://student.aiub.edu.bd/ লগইন করুন। (AIUB)",Bengali,"প্রিয় শিক্ষার্থী, আপনার টিউশন ফি আজ পর্যন্ত ২০,৫০০.০০ টাকা বকেয়া আছে। (পূর্বের লেট ফাইন ও বকেয়াসহ) চলতি মাসের টিউশন ফি (জরিমানা ছাড়া) ১৫ই সেপ্টেম্বর, ২০২৪ মধ্যে পরিশোধ করুন। বিস্তারিত [URL] লগইন করুন। (AIUB)"
smish,Call to reactivate bKash account: +8801714344356,English,Call to reactivate bKash account: [PHONE]
smish,"🔥Allready Listed🔥 
600k হলেই Withdraw ✅💸
600k = 7.8 usdt 😛
যারা যারা মিস করেছেন এখনও সুযোগ আছে।Pepe🔥🔥  অলরেডি লিস্টেড উড্রো হচ্চে।
দেরি না করে এখনি মাইনিং শুরু করে দিন 🔥
https://t.me/pepe_miner_game_bot?start=5825648889",Bengali,🔥Allready Listed🔥 600k হলেই Withdraw ✅💸 600k = 7.8 usdt 😛 যারা যারা মিস করেছেন এখনও সুযোগ আছে।Pepe🔥🔥 অলরেডি লিস্টেড উড্রো হচ্চে। দেরি না করে এখনি মাইনিং শুরু করে দিন 🔥 [URL]
smish,Call +8801816677889 to reactivate your internet connection,English,Call [PHONE] to reactivate your internet connection
normal,How is your time passing?,English,How is your time passing?
smish,"দিনে ২০০-৩০০ টাকা ইনকাম করতে চাইলে লিংকে ক্লিক করুন
https://t.me/Referincome3838_bot?start=r02263807585",Bengali,দিনে ২০০-৩০০ টাকা ইনকাম করতে চাইলে লিংকে ক্লিক করুন [URL]
smish,আপনাকে চাকরির জন্য নির্বাচন করা হয়েছে। প্রতিদিন ৩৫০০ টাকা করে বেতন পাবেন। আরও জানতে ক্লিক করুন https://api.whatsapp.com/send/?phone=8801328101352,Bengali,আপনাকে চাকরির জন্য নির্বাচন করা হয়েছে। প্রতিদিন ৩৫০০ টাকা করে বেতন পাবেন। আরও জানতে ক্লিক করুন [URL]
smish,আপনার ইন্সুরেন্স পলিসি আপডেট করতে কল করুন +8801816677889,Bengali,আপনার ইন্সুরেন্স পলিসি আপডেট করতে কল করুন [PHONE]
smish,"সোনালী ব্যাংক কার্ডধারী, আপনার অনলাইন লেনদেন যাচাই করা প্রয়োজন। এখনই sonali-cardupdate24.org এ লগইন করুন। না করলে কার্ড স্থগিত হবে।",Bengali,"সোনালী ব্যাংক কার্ডধারী, আপনার অনলাইন লেনদেন যাচাই করা প্রয়োজন। এখনই [URL] এ লগইন করুন। না করলে কার্ড স্থগিত হবে।"
smish,"Free income. If you want to work, click the link and create an account.

https://online-earn.beauty/371606448961",English,"Free income. If you want to work, click the link and create an account. [URL]"
smish,"10,000 taka has been deposited in bKash account. Click here for details: https://wa.me/8801711011123",English,"10,000 taka has been deposited in bKash account. Click here for details: [URL]"
smish,আপনার মোবাইল রিচার্জ করতে কল করুন: +8801818788890,Bengali,আপনার মোবাইল রিচার্জ করতে কল করুন: [PHONE]
promo,"Nitol Motors motorcycle showroom: Honda, Yamaha bikes special financing!",English,"Nitol Motors motorcycle showroom: Honda, Yamaha bikes special financing!"
smish,"110 taka add fee. Will you do typing job? 100 taka for 1 typing, 200 taka for 2 typing. You can earn 600-800 taka daily. You will get money for as many typings as you do. Daily payment is made.",English,"110 taka add fee. Will you do typing job? 100 taka for 1 typing, 200 taka for 2 typing. You can earn 600-800 taka daily. You will get money for as many typings as you do. Daily payment is made."
promo,Up to 25% discount on home appliances! Take the opportunity before the offer ends.,English,Up to 25% discount on home appliances! Take the opportunity before the offer ends.
smish,"Dear user, are you worried about bus fare? Click the link below now to get cheap bus tickets this Eid.",English,"Dear user, are you worried about bus fare? Click the link below now to get cheap bus tickets this Eid."
promo,৳৬০ ক্যাশব্যাক! ২০জিবি @ ৳২৪৯ ৩০দিন নিয়ে নাও: cutt.ly/Pwlt8cOy,Bengali,৳৬০ ক্যাশব্যাক! ২০জিবি @ ৳২৪৯ ৩০দিন নিয়ে নাও: cutt.ly/Pwlt8cOy
normal,"এই নাম্বারে ২০০০/- টাকা পাঠাও ০১৭৩৯৮৩৮৮৩ , বিকাশ রকেট বা নগদে",Bengali,"এই নাম্বারে ২০০০/- টাকা পাঠাও [PHONE] , বিকাশ রকেট বা নগদে"
promo,Big discount! 30% off on winter clothes. Visit our store today!,English,Big discount! 30% off on winter clothes. Visit our store today!
normal,Can you pick up some rice from the market on your way home?,English,Can you pick up some rice from the market on your way home?
promo,"Invest in 'Navana Highland', a planned city adjacent to Asian Highway in Purbachal. High and red soil. Installment facility available – 01708466471",English,"Invest in 'Navana Highland', a planned city adjacent to Asian Highway in Purbachal. High and red soil. Installment facility available – [PHONE]"
smish,Your brother hospitalized emergency. Medical fee 39428 TK needed: secure-bank.com/pay,English,Your brother hospitalized emergency. Medical fee 39428 TK needed: [URL]
smish,"You have won 1,000 taka from Janata Bank! Call for details: +8801912233445",English,"You have won 1,000 taka from Janata Bank! Call for details: [PHONE]"
smish,Urgent message from Bangladesh Bank. Click here for details: https://wa.me/8801913233245,English,Urgent message from Bangladesh Bank. Click here for details: [URL]
smish,"An error has occurred in your Sonali Bank account. For urgent details, click here: https://wa.me/8801819876543",English,"An error has occurred in your Sonali Bank account. For urgent details, click here: [URL]"
normal,মা বলেছে শুক্রবার সবাই মিলে গ্রামের বাড়ি যেতে হবে। তুমি কি সাথে যাচ্ছো? একটু আগে সিদ্ধান্ত জানাও।,Bengali,মা বলেছে শুক্রবার সবাই মিলে গ্রামের বাড়ি যেতে হবে। তুমি কি সাথে যাচ্ছো? একটু আগে সিদ্ধান্ত জানাও।
promo,"New deal for chatting + internet: 12GB + 300 min @TK 297, 30 days cutt.ly/Nw0efEst",English,"New deal for chatting + internet: 12GB + 300 min @TK 297, 30 days cutt.ly/Nw0efEst"
normal,The weather forecast shows thunderstorms. Better cancel the outdoor barbecue and plan something indoors instead.,English,The weather forecast shows thunderstorms. Better cancel the outdoor barbecue and plan something indoors instead.
normal,"Don't be like you, let me be like a star.",English,"Don't be like you, let me be like a star."
promo,ইলেকট্রনিক্স পণ্যে মেগা সেল! সব পণ্যে ১০-৫০% ছাড়। আজই ভিজিট করুন।,Bengali,ইলেকট্রনিক্স পণ্যে মেগা সেল! সব পণ্যে ১০-৫০% ছাড়। আজই ভিজিট করুন।
normal,কেমন আছে তোমাদের পরিবার?,Bengali,কেমন আছে তোমাদের পরিবার?
promo,Confidence Cement building materials expo! All construction items 20% discount with free delivery service!,English,Confidence Cement building materials expo! All construction items 20% discount with free delivery service!
smish,বিদেশে পড়াশোনার জন্য ১০০% স্কলারশিপ। কোন ফি নেই। আবেদন করতে আজই যোগাযোগ করুন। যোগাযোগ:০১৫৬৭৫৪৬৩৯০,Bengali,বিদেশে পড়াশোনার জন্য ১০০% স্কলারশিপ। কোন ফি নেই। আবেদন করতে আজই যোগাযোগ করুন। যোগাযোগ: [PHONE]
normal,শুভ নববর্ষ!,Bengali,শুভ নববর্ষ!
normal,The homemade cake was delicious! Your baking skills improve with every attempt.,English,The homemade cake was delicious! Your baking skills improve with every attempt.
normal,তুমি কি মিউজিয়ামে যাচ্ছো?,Bengali,তুমি কি মিউজিয়ামে যাচ্ছো?
normal,"তুমি যা করতে পারো, তা অসাধারণ।",Bengali,"তুমি যা করতে পারো, তা অসাধারণ।"
smish,Your passport seized at airport. Release fee 35000 TK required: airport-release.bd/urgent,English,Your passport seized at airport. Release fee 35000 TK required: [URL]
promo,"200 minutes (30 days) TK 174, dial *121*4410# or https://mygp.li/v1",English,"200 minutes (30 days) TK 174, dial *121*4410# or [URL]"
normal," তারা আমাদের ভাই-বোনদের মৃত্যুর ভয় দেখিয়ে দমিয়ে রাখতে চায়, অথচ আমাদের পেছনে রয়েছে বদর, খন্দক, তাবুকের মতো শত শত স্মৃতি। - [কবি আল মাহমুদ]",Bengali,"তারা আমাদের ভাই-বোনদের মৃত্যুর ভয় দেখিয়ে দমিয়ে রাখতে চায়, অথচ আমাদের পেছনে রয়েছে বদর, খন্দক, তাবুকের মতো শত শত স্মৃতি। - [কবি আল মাহমুদ]"
smish,আপনি GP থেকে বিনামূল্যে ৫০জিবি ডেটা পেতে নির্বাচিত হয়েছেন। দাবি করতে আপনার কার্ড নম্বর দিন www.gpbonusfree.com এ।,Bengali,আপনি GP থেকে বিনামূল্যে ৫০জিবি ডেটা পেতে নির্বাচিত হয়েছেন। দাবি করতে আপনার কার্ড নম্বর দিন [URL] এ।
normal,"নানা, আজ আপনার ঔষধ খাওয়ার সময়। রিমাইন্ডার দিলাম।",Bengali,"নানা, আজ আপনার ঔষধ খাওয়ার সময়। রিমাইন্ডার দিলাম।"
smish,"http://www.betwins7.com/?r=ghd8054
একাউন্ট খুললেই।উরা ধুরা ফ্রি ইনকাম। বিশ্বাস না হলে। তুমি নিজেই দেখে নাও।",Bengali,[URL] একাউন্ট খুললেই।উরা ধুরা ফ্রি ইনকাম। বিশ্বাস না হলে। তুমি নিজেই দেখে নাও।
promo,"অ্যাক্সেসরিজে মেগা সেল! ব্যাগ, বেল্ট, ওয়ালেটে ৩৫% ছাড়।",Bengali,"অ্যাক্সেসরিজে মেগা সেল! ব্যাগ, বেল্ট, ওয়ালেটে ৩৫% ছাড়।"
normal,"জরুরি, ০১৬৭২৫৭২৯৩৮ নাম্বারে বিকাশ করুন।",Bengali,"জরুরি, [PHONE] নাম্বারে বিকাশ করুন।"
smish,রমজান উপহার https://bjmltcyj.prescriptiondome.top/12acdFRHQ1QBeQYFaFMrInxbWQlvWCRyW0ZWbzEUBAIkCAAZVDkbGyVcLDFLVF8NGyc1cUwTTQVBXhUndyBoPDwKVBXhUndyBoPDwKu7&12_9p0xmi&120px 43,Bengali,রমজান উপহার [URL] 43
normal,"আমি হলে তো আগে থেকেই সরিয়ে দিতাম... কিন্তু এখন যেটা হচ্ছে, তারা একটু জিদ করছে যে বাইরের থেকে এসে সব নিয়ে নিবে, এটা ঠিক না",Bengali,"আমি হলে তো আগে থেকেই সরিয়ে দিতাম... কিন্তু এখন যেটা হচ্ছে, তারা একটু জিদ করছে যে বাইরের থেকে এসে সব নিয়ে নিবে, এটা ঠিক না"
promo,Cellular Jail restaurant authentic Bengali cuisine 20% off this month!,English,Cellular Jail restaurant authentic Bengali cuisine 20% off this month!
smish,দিনে ৫০০ থেকে ৬০০ টাকা ইনকাম করতে চাইলে এই লিঙ্কে ঢুকে থাকুন https://t.me/Referincomebd4536_bot?start=r05236457375,Bengali,দিনে ৫০০ থেকে ৬০০ টাকা ইনকাম করতে চাইলে এই লিঙ্কে ঢুকে থাকুন [URL]
smish,জরুরি সতর্কতা: আপনার এনআইডি তথ্য চুরি। সুরক্ষিত: secure-nid.ml,Bengali,জরুরি সতর্কতা: আপনার এনআইডি তথ্য চুরি। সুরক্ষিত: secure-nid.ml
normal,Have a good day!,English,Have a good day!
smish,Security breach in Gmail account. Fix with 14829 TK: urgent-bank.com/verify,English,Security breach in Gmail account. Fix with 14829 TK: [URL]
normal,"আন্টি, আপনার পরিবারের সবাই ভালো আছেন? অনেক দিন দেখা নেই।",Bengali,"আন্টি, আপনার পরিবারের সবাই ভালো আছেন? অনেক দিন দেখা নেই।"
normal,What I got a lot of time is the solution and the value is a great and a popular,English,What I got a lot of time is the solution and the value is a great and a popular
normal,You need to get into the habit of exercising.,English,You need to get into the habit of exercising.
normal,আমি একটি বাংলা ছোট গল্প পড়তে চাই।,Bengali,আমি একটি বাংলা ছোট গল্প পড়তে চাই।
smish,Earn 75TK per referral. Minimum 500TK withdrawal. https://t.me/Referincomebd4536_bot?start=r07921710994,English,Earn 75TK per referral. Minimum 500TK withdrawal. [URL]
promo,"আড্ডা+ইন্টারনেটিংয়ে নতুন ডিল ১২জিবি+৩০০মি@২৯৭৳,৩০দিন cutt.ly/Nw0efEst",Bengali,"আড্ডা+ইন্টারনেটিংয়ে নতুন ডিল ১২জিবি+৩০০মি@২৯৭৳,৩০দিন cutt.ly/Nw0efEst"
smish,গ্রামীণফোন থেকে সতর্কবার্তা: আপনার সিমে ভুয়া কল শনাক্ত করা হয়েছে। পরিষেবা চালু রাখতে এখনই gp-simverify.net এ লগইন করুন এবং জাতীয় পরিচয়পত্র নম্বর আপলোড করুন। যাচাই সম্পন্ন না হলে সিম বন্ধ হয়ে যাবে।,Bengali,গ্রামীণফোন থেকে সতর্কবার্তা: আপনার সিমে ভুয়া কল শনাক্ত করা হয়েছে। পরিষেবা চালু রাখতে এখনই [URL] এ লগইন করুন এবং জাতীয় পরিচয়পত্র নম্বর আপলোড করুন। যাচাই সম্পন্ন না হলে সিম বন্ধ হয়ে যাবে।
promo,বোনাস সহ ৮জিবি-১২০টাকা-৩০দিন। নিতে ডায়াল *১২১*৫০৭২# বা https://mygp.li/mo,Bengali,বোনাস সহ ৮জিবি-১২০টাকা-৩০দিন। নিতে ডায়াল *১২১*৫০৭২# বা [URL]
normal,Good luck with your exam tomorrow! You've studied hard and I'm confident you'll do excellently.,English,Good luck with your exam tomorrow! You've studied hard and I'm confident you'll do excellently.
smish,Update your bank account details. Please login here: http://bit.ly/AccountUpdate,English,Update your bank account details. Please login here: [URL]
promo,এক্সক্লুসিভ অফার! Samsung গ্যালাক্সিতে ১৫০০০ টাকা ছাড়। স্টক সীমিত।,Bengali,এক্সক্লুসিভ অফার! Samsung গ্যালাক্সিতে ১৫০০০ টাকা ছাড়। স্টক সীমিত।
smish,"আপনি চাইলে ঘরে বসে মোবাইলে থেকেই অনলাইনে ইনকাম করতে পারেন এবং পার্টটাইম এবং ফুলটাইম দুটোই করতে পারেন। যেখান থেকে দিনে আপনি ১০০০ থেকে ২০০০ টাকা সহজেই ইনকাম করতে পারবেন।

বিস্তারিত জানতে যোগাযোগ করুন এই নাম্বারে

+৯১ ৮৯২৭৬২৩৭১৩",Bengali,আপনি চাইলে ঘরে বসে মোবাইলে থেকেই অনলাইনে ইনকাম করতে পারেন এবং পার্টটাইম এবং ফুলটাইম দুটোই করতে পারেন। যেখান থেকে দিনে আপনি ১০০০ থেকে ২০০০ টাকা সহজেই ইনকাম করতে পারবেন। বিস্তারিত জানতে যোগাযোগ করুন এই নাম্বারে [PHONE]
normal,আমাদের কলেজে আগামী মাসে বার্ষিক অনুষ্ঠান হবে। সবাই প্রস্তুতি নিচ্ছে। আমরা একটা নাটক করার পরিকল্পনা করছি।,Bengali,আমাদের কলেজে আগামী মাসে বার্ষিক অনুষ্ঠান হবে। সবাই প্রস্তুতি নিচ্ছে। আমরা একটা নাটক করার পরিকল্পনা করছি।
smish,Court summons issued. Settle 24817 TK to avoid arrest: urgent-bank.org/urgent,English,Court summons issued. Settle 24817 TK to avoid arrest: [URL]
smish,There is a problem with your Sonali Bank account. Click here for details: https://wa.me/8801811011123,English,There is a problem with your Sonali Bank account. Click here for details: [URL]
promo,Offer: 10% cashback on all groceries. Only for today.,English,Offer: 10% cashback on all groceries. Only for today.
smish,Opportunity to double your savings! Call: +8801718899001,English,Opportunity to double your savings! Call: [PHONE]
normal,"Instead of Eid, Happy New Year!",English,"Instead of Eid, Happy New Year!"
normal,"আপা, রাতের খাবার কি রান্না করবেন? আমি সবজি কিনে আনি।",Bengali,"আপা, রাতের খাবার কি রান্না করবেন? আমি সবজি কিনে আনি।"
normal,"হ্যালো, আপনি কি করছেন?",Bengali,"হ্যালো, আপনি কি করছেন?"
smish,"৫০,০০০ টাকা বিনিয়োগে ১,০০,০০০ টাকা পান! কল করুন: +8801918788890",Bengali,"৫০,০০০ টাকা বিনিয়োগে ১,০০,০০০ টাকা পান! কল করুন: [PHONE]"
promo,আজ ধানমন্ডি শাখার শুভ উদ্বোধনে ফ্ল্যাট৫০%ছাড়! ০১৮৯৬০০১৯২৯ cutt.ly/fmw,Bengali,আজ ধানমন্ডি শাখার শুভ উদ্বোধনে ফ্ল্যাট৫০%ছাড়! [PHONE] cutt.ly/fmw
smish,PayPal Bangladesh: Unusual activity detected. Secure account: paypal-bd.info/secure,English,PayPal Bangladesh: Unusual activity detected. Secure account: [URL]
normal,The weather is perfect for a picnic. Should we plan something for this weekend at Suhrawardy Park?,English,The weather is perfect for a picnic. Should we plan something for this weekend at Suhrawardy Park?
normal,"Dear student, your tuition fee of 22,900.00TK is pending (including previous late fees). Pay current month's tuition (without fine) by 20 September 2024. Details: https://student.ulab.edu.bd/ (ULAB)",English,"Dear student, your tuition fee of 22,900.00TK is pending (including previous late fees). Pay current month's tuition (without fine) by 20 September 2024. Details: [URL] (ULAB)"
promo,"Direct recruitment for commissioned officer positions in Bangladesh Navy is ongoing.
Visit: www.joinnavy.navy.mil.bd",English,Direct recruitment for commissioned officer positions in Bangladesh Navy is ongoing. Visit: [URL]
smish,Your passport expired/invalid. Renewal fee 7639 TK: emergency-bank.org/pay,English,Your passport expired/invalid. Renewal fee 7639 TK: [URL]
normal,"নানি, আপনার স্বাস্থ্য কেমন? ডাক্তারের কাছে গিয়েছিলেন?",Bengali,"নানি, আপনার স্বাস্থ্য কেমন? ডাক্তারের কাছে গিয়েছিলেন?"
normal,How far is your home?,English,How far is your home?
promo,"Pro-level internet throughout the week, get 25GB@219TK: cutt.ly/2wEyml8b",English,"Pro-level internet throughout the week, get 25GB@219TK: cutt.ly/2wEyml8b"
smish,Your mobile number has won a high-end laptop! Call to get the prize +8801814455667,English,Your mobile number has won a high-end laptop! Call to get the prize [PHONE]
promo,Uber Eats free delivery on all orders above 500 TK! Use code: FREEDEL. Order your favorite food now!,English,Uber Eats free delivery on all orders above 500 TK! Use code: FREEDEL. Order your favorite food now!
normal,"Don't be sad, everything will be fine.",English,"Don't be sad, everything will be fine."
smish,Big profit in crypto trading! Start today: http://bit.ly/BigProfit,English,Big profit in crypto trading! Start today: [URL]
smish,আপনার মোবাইল অ্যাপ্লিকেশন আপডেট করতে কল করুন +8801912233445,Bengali,আপনার মোবাইল অ্যাপ্লিকেশন আপডেট করতে কল করুন [PHONE]
smish,Click here to update Janata Bank account: https://t.me/JanataUpdateBot2,English,Click here to update Janata Bank account: [URL]
normal,I want to start a new job.,English,I want to start a new job.
smish,"Play now and win 10 Xiaomi smartphones! Hurry up, click: https://cutt.ly/CeoPN2O8",English,"Play now and win 10 Xiaomi smartphones! Hurry up, click: [URL]"
smish,"জনতা ব্যাংক থেকে ১,০০০ টাকা জিতেছেন! বিস্তারিত জানতে কল করুন: +8801912233445",Bengali,"জনতা ব্যাংক থেকে ১,০০০ টাকা জিতেছেন! বিস্তারিত জানতে কল করুন: [PHONE]"
promo,"Build a house on bounded ready plot and earn now, per katha 4.5 lakh
01894841736",English,"Build a house on bounded ready plot and earn now, per katha 4.5 lakh [PHONE]"
smish,আপনি একটি ফ্রি গিফট কার্ড জিতেছেন! এখানে ক্লিক করে সংগ্রহ করুন: [giftcardfree.com/CollectBD],Bengali,আপনি একটি ফ্রি গিফট কার্ড জিতেছেন! এখানে ক্লিক করে সংগ্রহ করুন: [URL]
smish,Call to update your mobile application +8801917788990,English,Call to update your mobile application [PHONE]
smish,আপনার ডেবিট কার্ডটি অবিলম্বে আপডেট করুন। এখানে ক্লিক করুন: [debitcardupdate.com/UpdateBD],Bengali,আপনার ডেবিট কার্ডটি অবিলম্বে আপডেট করুন। এখানে ক্লিক করুন: [URL]
smish,Govt. Reg. - 180727/2022 National agency company part-time job. Male and female workers are being recruited to promote advertisements on online platforms alongside studies. Post name: Call Center. Monthly salary: 10/12 thousand. Daily working hours: 4/5 hours. Interested sisters and brothers contact directly in inbox or phone. 01984766558,English,Govt. Reg. - 180727/2022 National agency company part-time job. Male and female workers are being recruited to promote advertisements on online platforms alongside studies. Post name: Call Center. Monthly salary: 10/12 thousand. Daily working hours: 4/5 hours. Interested sisters and brothers contact directly in inbox or phone. [PHONE]
smish,আপনি কক্সবাজারে একটি বিনামূল্যের ৭ দিনের ছুটির জন্য নির্বাচিত হয়েছেন। নিশ্চিত করতে 'YES' উত্তর দিন। লিঙ্কে ট্যাপ করুন: www.face3b00kurl.com।,Bengali,আপনি কক্সবাজারে একটি বিনামূল্যের ৭ দিনের ছুটির জন্য নির্বাচিত হয়েছেন। নিশ্চিত করতে 'YES' উত্তর দিন। লিঙ্কে ট্যাপ করুন: [URL]
smish,আপনার ইন্টারনেট সংযোগ পুনরায় চালু করতে কল করুন +8801816677889,Bengali,আপনার ইন্টারনেট সংযোগ পুনরায় চালু করতে কল করুন [PHONE]
normal,তুমি কি রান্না করছো?,Bengali,তুমি কি রান্না করছো?
normal,What work did you do at school today?,English,What work did you do at school today?
smish,"সর্বোচ্চ জরুরি সতর্কতা! আপনার সোনালী ব্যাংক অ্যাকাউন্ট হতে গত ৪৮ ঘন্টায় মোট ৮৫,০০০ টাকা বিভিন্ন সময়ে উত্তোলন করা হয়েছে যার কোনটিই আপনার দ্বারা অনুমোদিত নয়। আমাদের সিকিউরিটি টিম এই বিষয়ে তদন্ত শুরু করেছে এবং প্রাথমিক তদন্তে দেখা গেছে যে আপনার ATM কার্ডের তথ্য কোনভাবে চুরি হয়েছে। অবিলম্বে আরও ক্ষতি রোধ করার জন্য emergency-secure.ml লিংকে গিয়ে আপনার পিন পরিবর্তন করুন এবং অ্যাকাউন্ট সিকিউর করুন।",Bengali,"সর্বোচ্চ জরুরি সতর্কতা! আপনার সোনালী ব্যাংক অ্যাকাউন্ট হতে গত ৪৮ ঘন্টায় মোট ৮৫,০০০ টাকা বিভিন্ন সময়ে উত্তোলন করা হয়েছে যার কোনটিই আপনার দ্বারা অনুমোদিত নয়। আমাদের সিকিউরিটি টিম এই বিষয়ে তদন্ত শুরু করেছে এবং প্রাথমিক তদন্তে দেখা গেছে যে আপনার ATM কার্ডের তথ্য কোনভাবে চুরি হয়েছে। অবিলম্বে আরও ক্ষতি রোধ করার জন্য emergency-secure.ml লিংকে গিয়ে আপনার পিন পরিবর্তন করুন এবং অ্যাকাউন্ট সিকিউর করুন।"
promo,Shwapno Eid special! All food items 20% discount + free home delivery on orders above 1000 TK!,English,Shwapno Eid special! All food items 20% discount + free home delivery on orders above 1000 TK!
promo,সেরা অফার! বোনাস সহ ৫জিবি-৫০টাকা-৩দিন। ডায়াল *১২১*৫৬৫০# বা mygp.li/my,Bengali,সেরা অফার! বোনাস সহ ৫জিবি-৫০টাকা-৩দিন। ডায়াল *১২১*৫৬৫০# বা mygp.li/my
smish,Your insurance claim of 150000 TK approved. Collect: insurance-claim.bd/collect Ref: IC8847,English,Your insurance claim of 1500 TK approved. Collect: [URL] Ref: IC8847
normal,শুভ দুর্গাপূজা!,Bengali,শুভ দুর্গাপূজা!
normal,তুমি কি গ্রামে যাচ্ছো?,Bengali,তুমি কি গ্রামে যাচ্ছো?
smish,আপনার ক্রেডিট কার্ডের লিমিট বাড়াতে এখানে ক্লিক করুন: http://bit.ly/CardLimit,Bengali,আপনার ক্রেডিট কার্ডের লিমিট বাড়াতে এখানে ক্লিক করুন: [URL]
smish,"Dear Customer,

On 23-02-2020, a transaction of Rs.8990 was made with card XX from K Enterprice ds POS/ECOM. Transaction number not found. If this was not done by you, please send an SMS to 18604195555 from your registered mobile number.",English,"Dear Customer, On 23-02-2020, a transaction of Rs.8990 was made with card XX from K Enterprice ds POS/ECOM. Transaction number not found. If this was not done by you, please send an SMS to [PHONE] from your registered mobile number."
promo,Carnival internet café gaming tournament! Win cash prizes up to 25000 TK. Registration open: 01711445566!,English,Carnival internet café gaming tournament! Win cash prizes up to 25000 TK. Registration open: [PHONE] !
promo,Pizza Hut family feast: Large pizza + garlic bread + drinks 899TK!,English,Pizza Hut family feast: Large pizza + garlic bread + drinks 899TK!
normal,আজ কি করব?,Bengali,আজ কি করব?
smish,"Get 200,000TK return on 100,000TK investment! Call: +8801912122134",English,"Get 200,000TK return on 100,000TK investment! Call: [PHONE]"
normal,The morning walk was refreshing! Perfect weather and great company as always.,English,The morning walk was refreshing! Perfect weather and great company as always.
promo,"নভেম্বর-২৩
রিচার্জ:0৳
খরচ:
ডেটা:38৳
ভয়েস:57৳
অন্যান্য:0৳",Bengali,নভেম্বর-২৩ রিচার্জ:0৳ খরচ: ডেটা:38৳ ভয়েস:57৳ অন্যান্য:0৳
promo,"“মুগদা, সবুজবাগ, শাহজাহানপুর, খিলগাঁও, রামপুরা, মতিঝিল, পল্টন, বাড্ডা, হাতিরঝিল থানার ই-পাসপোর্ট সেবা আগামী ০৭ মে ২০২৩ খ্রিঃ থেকে আঞ্চলিক পাসপোর্ট অফিস, ঢাকা পূর্ব (আফতাবনগর) হতে দেওয়া হবে""।",Bengali,"“মুগদা, সবুজবাগ, শাহজাহানপুর, খিলগাঁও, রামপুরা, মতিঝিল, পল্টন, বাড্ডা, হাতিরঝিল থানার ই-পাসপোর্ট সেবা আগামী ০৭ মে ২০২৩ খ্রিঃ থেকে আঞ্চলিক পাসপোর্ট অফিস, ঢাকা পূর্ব (আফতাবনগর) হতে দেওয়া হবে""।"
normal,"আন্টি, আজ আপনার পরিবারের সবার খোঁজ নিলাম। সবাই ভালো তো?",Bengali,"আন্টি, আজ আপনার পরিবারের সবার খোঁজ নিলাম। সবাই ভালো তো?"
smish,Your mobile SIM will be blocked for security reasons. Verify: sim-security.bd/verify Code: SM8394,English,Your mobile SIM will be blocked for security reasons. Verify: [URL] Code: SM8394
normal,Looking forward to our reunion tomorrow. It's been ages since we all met together.,English,Looking forward to our reunion tomorrow. It's been ages since we all met together.
smish,Get the chance for private meeting with Mashrafe by betting on BPL. Start now: ebayisapidlld.altervista.org/,English,Get the chance for private meeting with Mashrafe by betting on BPL. Start now: [URL]
normal,"প্রিয় গ্রাহক আপনার কাছে পল্লি বিদ্যুৎ  জামালপুর শাখার পাওনা রয়েছে ৫০৩৮/- টাকা, জলদি পাওনা পরিষোধ না করলে বিদ্যুৎ লাইন বিচ্ছিন্ন করা হবে।",Bengali,"প্রিয় গ্রাহক আপনার কাছে পল্লি বিদ্যুৎ জামালপুর শাখার পাওনা রয়েছে ৫০৩৮/- টাকা, জলদি পাওনা পরিষোধ না করলে বিদ্যুৎ লাইন বিচ্ছিন্ন করা হবে।"
promo,Pathao Food: Order now and get 40% discount with free delivery!,English,Pathao Food: Order now and get 40% discount with free delivery!
normal,তুমি কি রবিবার ফ্রি আছো? আমরা কয়েকজন মিলে কনসার্টে যাচ্ছি। চাইলে তোমিও আমাদের সাথে যেতে পারো।,Bengali,তুমি কি রবিবার ফ্রি আছো? আমরা কয়েকজন মিলে কনসার্টে যাচ্ছি। চাইলে তোমিও আমাদের সাথে যেতে পারো।
smish,100% credit card approval without any credit check. Apply today. Contact: 01567546390,English,100% credit card approval without any credit check. Apply today. Contact: [PHONE]
smish,"আপনার জমি বিক্রির টাকা জমা হয়েছে, কল করুন: +8801819900112",Bengali,"আপনার জমি বিক্রির টাকা জমা হয়েছে, কল করুন: [PHONE]"
normal,"Dear student, your tuition fee is 27,950.00 taka overdue till today. (Including previous late fines and dues) Pay this month's tuition fee (without fine) by September 22, 2024. For details login https://student.northsouth.edu.bd/ (North South)",English,"Dear student, your tuition fee is 27,950.00 taka overdue till today. (Including previous late fines and dues) Pay this month's tuition fee (without fine) by September 22, 2024. For details login [URL] (North South)"
smish,Your Midland Bank foreign remittance on hold. Release: midlandbank-remit.net,English,Your Midland Bank foreign remittance on hold. Release: [URL]
smish,Update your Facebook account. Click here: [facebookupdate.com/UpdateBD],English,Update your Facebook account. Click here: [URL]
normal,I'm thinking of adopting a cat from the animal shelter.,English,I'm thinking of adopting a cat from the animal shelter.
normal,আজ বিকেলে এক কাপ কফি খেতে খেতে পুরোনো দিনের কথা মনে পড়ছিলো। স্কুল জীবনের আড্ডাগুলো ভীষণ মিস করছি।,Bengali,আজ বিকেলে এক কাপ কফি খেতে খেতে পুরোনো দিনের কথা মনে পড়ছিলো। স্কুল জীবনের আড্ডাগুলো ভীষণ মিস করছি।
promo,April-24 Recharge: 0TK Expense: Data: 19TK Voice: 66TK Others: 0TK,English,April-24 Recharge: 0TK Expense: Data: 19TK Voice: 66TK Others: 0TK
smish,"Dear customer, click the link below to get 10GB internet and 100 minutes free for your number",English,"Dear customer, click the link below to get 10GB internet and 100 minutes free for your number"
normal,Are you going to college?,English,Are you going to college?
smish,আপনার সঞ্চয় দ্বিগুণ করার সুযোগ! কল করুন: +8801718899001,Bengali,আপনার সঞ্চয় দ্বিগুণ করার সুযোগ! কল করুন: [PHONE]
smish,আপনার সোনালী ব্যাংক অ্যাকাউন্ট সন্দেহজনক কার্যকলাপের জন্য ব্লক করা হয়েছে। অবিলম্বে যোগাযোগ করুন: 01711223344,Bengali,আপনার সোনালী ব্যাংক অ্যাকাউন্ট সন্দেহজনক কার্যকলাপের জন্য ব্লক করা হয়েছে। অবিলম্বে যোগাযোগ করুন: [PHONE]
smish,You have won 5000 TK prize from Nagad account! Click here for details: [https://t.me/NagadPrizeBot2](https://t.me/NagadPrizeBot2),English,You have won 5000 TK prize from Nagad account! Click here for details: [ [URL]
promo,"Daraz Gadget Fair চলছে! স্মার্টওয়াচ, হেডফোন আর ট্যাবলেটে সর্বোচ্চ ৫০% ছাড়।",Bengali,"Daraz Gadget Fair চলছে! স্মার্টওয়াচ, হেডফোন আর ট্যাবলেটে সর্বোচ্চ ৫০% ছাড়।"
smish,"ডাচ্-বাংলা ব্যাংক থেকে জানানো যাচ্ছে, আপনার অ্যাকাউন্টে ১,৫০,০০০ টাকার অননুমোদিত লেনদেন চেষ্টার প্রমাণ পাওয়া গেছে। এখনই dbblsecure-alert.org এ লগইন করে আপনার কার্ড নাম্বার, OTP এবং CVV যাচাই করুন। না করলে অ্যাকাউন্ট সাময়িকভাবে স্থগিত থাকবে।",Bengali,"ডাচ্-বাংলা ব্যাংক থেকে জানানো যাচ্ছে, আপনার অ্যাকাউন্টে ১,৫০,০০০ টাকার অননুমোদিত লেনদেন চেষ্টার প্রমাণ পাওয়া গেছে। এখনই [URL] এ লগইন করে আপনার কার্ড নাম্বার, OTP এবং CVV যাচাই করুন। না করলে অ্যাকাউন্ট সাময়িকভাবে স্থগিত থাকবে।"
normal,The weather is so nice today. Perfect for a walk in Ramna Park. Want to join?,English,The weather is so nice today. Perfect for a walk in Ramna Park. Want to join?
normal,"আজ সন্ধ্যায় নিউ মার্কেটে ঘুরতে গিয়েছিলাম। নতুন জামাকাপড় দেখলাম। দাম একটু বেশি, কিন্তু ডিজাইনগুলো সুন্দর। ভাবছি একদিন তোমার সাথে গিয়ে কিনবো।",Bengali,"আজ সন্ধ্যায় নিউ মার্কেটে ঘুরতে গিয়েছিলাম। নতুন জামাকাপড় দেখলাম। দাম একটু বেশি, কিন্তু ডিজাইনগুলো সুন্দর। ভাবছি একদিন তোমার সাথে গিয়ে কিনবো।"
normal,Hope you're feeling better today. Take rest and don't worry about work for now.,English,Hope you're feeling better today. Take rest and don't worry about work for now.
smish,"Dear Customer,

২৩-০২-২০২০ তারিখে কার্ড XX দিয়ে Rs.8990 লেনদেন হয়েছে K Enterprice ds POS/ECOM থেকে। লেনদেন নম্বর পাওয়া যায়নি। যদি এটি আপনার দ্বারা না হয়ে থাকে, তবে রেজিস্টারড মোবাইল নম্বর থেকে 18604195555 এ এসএমএস প্রেরণ করুন।",Bengali,"Dear Customer, ২৩-০২-২০২০ তারিখে কার্ড XX দিয়ে Rs.8990 লেনদেন হয়েছে K Enterprice ds POS/ECOM থেকে। লেনদেন নম্বর পাওয়া যায়নি। যদি এটি আপনার দ্বারা না হয়ে থাকে, তবে রেজিস্টারড মোবাইল নম্বর থেকে [PHONE] এ এসএমএস প্রেরণ করুন।"
normal,What is your favorite book?,English,What is your favorite book?
promo,Bonus offer: 7GB-130TK-30days. Dial *121*5469# or visit mygp.li/mo,English,Bonus offer: 7GB-130TK-30days. Dial *121*5469# or visit mygp.li/mo
smish,গুরুত্বপূর্ণ: আপনার ড্রাইভিং রেকর্ড চেক। আপডেট: update-driving.ml,Bengali,গুরুত্বপূর্ণ: আপনার ড্রাইভিং রেকর্ড চেক। আপডেট: update-driving.ml
normal,আজকে কি রান্না করবে?,Bengali,আজকে কি রান্না করবে?
normal,"চাচী, আজ বিকেলে আপনার সাথে দেখা করতে যাবো।",Bengali,"চাচী, আজ বিকেলে আপনার সাথে দেখা করতে যাবো।"
promo,"Applications are invited for soldier posts in the army from January 10, 2024 to February 15, 2024. Applications must be submitted through Teletalk SIM according to the instructions published in the recruitment notice.",English,"Applications are invited for soldier posts in the army from January 10, 2024 to February 15, 2024. Applications must be submitted through Teletalk SIM according to the instructions published in the recruitment notice."
smish,"ঘরে বসে মোবাইলের মাধ্যমে অনলাইনে কাজ করে ইনকাম করুন।
#🎯 মাসিক ইনকাম: ২০০০০-৩০০০০টাকা।(বারতি আয়ের সুযোগ আছে,,ফ্রি ইনকাম ও আছে)। সাথে মাসিক বেতন আছে",Bengali,"ঘরে বসে মোবাইলের মাধ্যমে অনলাইনে কাজ করে ইনকাম করুন। #🎯 মাসিক ইনকাম: ২০০-৩০০টাকা।(বারতি আয়ের সুযোগ আছে,,ফ্রি ইনকাম ও আছে)। সাথে মাসিক বেতন আছে"
normal,Hope the job interview goes well today! You're well qualified and I'm confident you'll impress them.,English,Hope the job interview goes well today! You're well qualified and I'm confident you'll impress them.
promo,"Now more data with TK 25 cashback! 50GB@TK 473, 30 days: cutt.ly/zwTmxzpd",English,"Now more data with TK 25 cashback! 50GB@TK 473, 30 days: cutt.ly/zwTmxzpd"
smish,আপনার মেডিকেল ইন্স্যুরেন্স এক্সপায়ার। নবায়ন: renew-medical.tk,Bengali,আপনার মেডিকেল ইন্স্যুরেন্স এক্সপায়ার। নবায়ন: renew-medical.tk
promo,"Singer showroom home appliances Eid special: Refrigerators, ACs, TVs discounted!",English,"Singer showroom home appliances Eid special: Refrigerators, ACs, TVs discounted!"
smish,You've won 3 vori of gold! Call for details: +8801716677889,English,You've won 3 vori of gold! Call for details: [PHONE]
promo,"Banglalink গ্রাহকদের জন্য আজকের স্পেশাল অফার! ৩ জিবি মাত্র ৩৯ টাকা, বৈধতা ৩ দিন। এখনই ডায়াল করুন *5000*39# এবং উপভোগ করুন দ্রুত ইন্টারনেট।",Bengali,"Banglalink গ্রাহকদের জন্য আজকের স্পেশাল অফার! ৩ জিবি মাত্র ৩৯ টাকা, বৈধতা ৩ দিন। এখনই ডায়াল করুন *5000*39# এবং উপভোগ করুন দ্রুত ইন্টারনেট।"
normal,Don't worry about the exam results. You did your best and that's what matters most.,English,Don't worry about the exam results. You did your best and that's what matters most.
promo,"TK200 cashback! 60GB+1000 minutes @699TK 30 days, take it- cutt.ly/aAhiAsI",English,"TK200 cashback! 60GB+1000 minutes @699TK 30 days, take it- cutt.ly/aAhiAsI"
smish,Update your Facebook account immediately. Click here: [facebooksecure.com/UpdateBD],English,Update your Facebook account immediately. Click here: [URL]
smish,বাংলালিংক থেকে সতর্কবার্তা: আপনার রিচার্জ বোনাস স্থগিত। পুনরায় চালু করতে bl-offerverify24.org এ তথ্য দিন।,Bengali,বাংলালিংক থেকে সতর্কবার্তা: আপনার রিচার্জ বোনাস স্থগিত। পুনরায় চালু করতে [URL] এ তথ্য দিন।
normal,"আম্মু, আমি এইমাত্র অফিস থেকে বের হয়েছি এবং বাসায় ফেরার পথে কিছু জরুরি কাজ সেরে নিতে হবে। প্রথমে ব্যাংকে যাবো কারণ কাল বেতন দিয়েছে, তারপর বাজার করে বাবার জন্য ওষুধ কিনে আসবো। ডাক্তার যে নতুন ওষুধগুলো দিয়েছেন সেগুলো এভিনিউ ফার্মেসিতে পাওয়া যায় কিনা দেখবো। আর হ্যাঁ, আজ রাতে আমার বন্ধু সাদিকের বিয়ের দাওয়াত আছে, তাই একটু দেরি হতে পারে।",Bengali,"আম্মু, আমি এইমাত্র অফিস থেকে বের হয়েছি এবং বাসায় ফেরার পথে কিছু জরুরি কাজ সেরে নিতে হবে। প্রথমে ব্যাংকে যাবো কারণ কাল বেতন দিয়েছে, তারপর বাজার করে বাবার জন্য ওষুধ কিনে আসবো। ডাক্তার যে নতুন ওষুধগুলো দিয়েছেন সেগুলো এভিনিউ ফার্মেসিতে পাওয়া যায় কিনা দেখবো। আর হ্যাঁ, আজ রাতে আমার বন্ধু সাদিকের বিয়ের দাওয়াত আছে, তাই একটু দেরি হতে পারে।"
smish,বিটকয়েন নিয়ে বিশেষ অফার! এখনই লগইন করুন: http://bit.ly/BitcoinOffer,Bengali,বিটকয়েন নিয়ে বিশেষ অফার! এখনই লগইন করুন: [URL]
normal,তুমি সবসময় সেরা।,Bengali,তুমি সবসময় সেরা।
normal,How are you friends?,English,How are you friends?
smish,বিকাশ অ্যাপ হ্যাকের ঝুঁকিতে আছে। bkash-safelogin24.org এ গিয়ে পাসওয়ার্ড রিসেট করুন।,Bengali,বিকাশ অ্যাপ হ্যাকের ঝুঁকিতে আছে। [URL] এ গিয়ে পাসওয়ার্ড রিসেট করুন।
smish,Your internet service shows copyright violation. Legal fee 7200 TK to avoid prosecution: copyright-fine.bd/pay,English,Your internet service shows copyright violation. Legal fee 7200 TK to avoid prosecution: [URL]
normal,"Call back this number 01782973783, I don't have money",English,"Call back this number [PHONE] , I don't have money"
normal,"Call this number 01873827384, urgent.",English,"Call this number [PHONE] , urgent."
promo,"সিস্টেমের উন্নয়নের জন্য ৮মে রাত ১১:৫৯ থেকে ৯মে সকাল ৬টা পর্যন্ত নগদ,উপায়,এসএসএল কমার্স সহ কিছু ডিজিটাল চ্যানেল দিয়ে মোবাইল রিচার্জ বন্ধ থাকবে। তবে এই সময় মাইজিপি অ্যাপ থেকে রিচার্জ করা যাবে।",Bengali,"সিস্টেমের উন্নয়নের জন্য ৮মে রাত ১১:৫৯ থেকে ৯মে সকাল ৬টা পর্যন্ত নগদ,উপায়,এসএসএল কমার্স সহ কিছু ডিজিটাল চ্যানেল দিয়ে মোবাইল রিচার্জ বন্ধ থাকবে। তবে এই সময় মাইজিপি অ্যাপ থেকে রিচার্জ করা যাবে।"
normal,Any news for me?,English,Any news for me?
smish,"Bet on European Championship and win 20,000 TK cashback. Join: smilesvoegol.servebbs.org/voegol.php",English,"Bet on European Championship and win 20,000 TK cashback. Join: [URL]"
normal,"In the courtyard of your eyes, does light still spread like that? Do you still look at the stars with an absent mind? Do you still love me like before?",English,"In the courtyard of your eyes, does light still spread like that? Do you still look at the stars with an absent mind? Do you still love me like before?"
normal,তোমার প্রিয় বই কোনটা?,Bengali,তোমার প্রিয় বই কোনটা?
smish,ঘরে বসে অনলাইন ইনকাম করুন! কোন প্রশিক্ষণ প্রয়োজন নেই। বিস্তারিত জানতে কল করুন: +৯১ ৮৯২৭৬২৩৭১৩,Bengali,ঘরে বসে অনলাইন ইনকাম করুন! কোন প্রশিক্ষণ প্রয়োজন নেই। বিস্তারিত জানতে কল করুন: [PHONE]
smish,"ক্যারিয়ার প্ল্যানিং এ সহায়তা নিন! আপনার জন্য আদর্শ কর্মস্থল নির্বাচন করুন এবং সঠিক কৌশল পরিকল্পনা করুন। প্রফেশনাল সহায়তা পান - ০১৭৪৬৬৩৫৭২৫""",Bengali,"ক্যারিয়ার প্ল্যানিং এ সহায়তা নিন! আপনার জন্য আদর্শ কর্মস্থল নির্বাচন করুন এবং সঠিক কৌশল পরিকল্পনা করুন। প্রফেশনাল সহায়তা পান - [PHONE] """
smish,Create Fantasy team in IPL now and win iPhone 14 Click: https://rebrand.ly/C-Arena ; Charge 5.05 taka/day with tax ; Auto renewal applicable.,English,Create Fantasy team in IPL now and win iPhone 14 Click: [URL] ; Charge 5.05 taka/day with tax ; Auto renewal applicable.
promo,শুধু আজকে ৳১০০ ক্যাশব্যাক! ৫০জিবি @৳৩৯৮ ৩০দিন: cutt.ly/hwltB5hC,Bengali,শুধু আজকে ৳১০০ ক্যাশব্যাক! ৫০জিবি @৳৩৯৮ ৩০দিন: cutt.ly/hwltB5hC
normal,শুভ ক্রিসমাস!,Bengali,শুভ ক্রিসমাস!
normal,তুমি কি কলেজে যাচ্ছো?,Bengali,তুমি কি কলেজে যাচ্ছো?
smish,"হাই প্রিয়, আপনি বাড়ি থেকে কাজ করে প্রতিদিন ২০০০ টাকা উপার্জন করতে পারেন। এই কাজটি গ্রহণ করতে, ক্লিক করুন: https://wa.me/8801872825931",Bengali,"হাই প্রিয়, আপনি বাড়ি থেকে কাজ করে প্রতিদিন ২০০০ টাকা উপার্জন করতে পারেন। এই কাজটি গ্রহণ করতে, ক্লিক করুন: [URL]"
smish,"সোনালী ব্যাংক থেকে জরুরি নোটিশ: আপনার কার্ডে ৮৭,৫০০ টাকা অননুমোদিত চার্জ হয়েছে। এটি যদি আপনার না হয় তবে সাথে সাথে +8801888888822 এ কল দিন অথবা verify-sonalibank.org এ যান। আপনার তথ্য না দিলে অ্যাকাউন্ট বন্ধ হয়ে যাবে।",Bengali,"সোনালী ব্যাংক থেকে জরুরি নোটিশ: আপনার কার্ডে ৮৭,৫০০ টাকা অননুমোদিত চার্জ হয়েছে। এটি যদি আপনার না হয় তবে সাথে সাথে [PHONE] এ কল দিন অথবা [URL] এ যান। আপনার তথ্য না দিলে অ্যাকাউন্ট বন্ধ হয়ে যাবে।"
smish,আপনি একটি লাকি ড্রয়ে জিতেছেন! আপনার পুরস্কার সংগ্রহ করতে এখানে ক্লিক করুন: [luckydraw.com/ClaimBD],Bengali,আপনি একটি লাকি ড্রয়ে জিতেছেন! আপনার পুরস্কার সংগ্রহ করতে এখানে ক্লিক করুন: [URL]
smish,সোনালী ব্যাংক অ্যাকাউন্টে সমস্যা হয়েছে। কল করুন: +8801813233345,Bengali,সোনালী ব্যাংক অ্যাকাউন্টে সমস্যা হয়েছে। কল করুন: [PHONE]
normal,What is your favorite season?,English,What is your favorite season?
smish,Click here to complete your transaction: [transactioncomplete.com/CompleteBD],English,Click here to complete your transaction: [URL]
promo,"New deal for chatting+internetting 10GB+250min@258TK, 30 days cutt.ly/wwCctHGF",English,"New deal for chatting+internetting 10GB+250min@258TK, 30 days cutt.ly/wwCctHGF"
normal,Thanks for the delicious homemade sweets! They were perfectly made and brought back childhood memories.,English,Thanks for the delicious homemade sweets! They were perfectly made and brought back childhood memories.
normal,আমি যেন তোমার কাছে কিছু বলতে পারি।,Bengali,আমি যেন তোমার কাছে কিছু বলতে পারি।
promo,সব কসমেটিক্সে ১০% ছাড়। অফারটি সীমিত সময়ের জন্য।,Bengali,সব কসমেটিক্সে ১০% ছাড়। অফারটি সীমিত সময়ের জন্য।
normal,তোমাদের দিন কেমন কাটছে?,Bengali,তোমাদের দিন কেমন কাটছে?
promo,"My money, my bridge, Bangladesh's Padma Bridge. Unveiling of a dream. On June 25, the Honorable Prime Minister will inaugurate the dream Padma Bridge. Keep watching, BTV, at 10 AM. Bangladesh Bridge Authority, Bridge Division.",English,"My money, my bridge, Bangladesh's Padma Bridge. Unveiling of a dream. On June 25, the Honorable Prime Minister will inaugurate the dream Padma Bridge. Keep watching, BTV, at 10 AM. Bangladesh Bridge Authority, Bridge Division."
smish,আপনার ডেবিট কার্ডের সীমা বৃদ্ধি করতে এখানে ক্লিক করুন: [debitcardlimit.com/IncreaseBD],Bengali,আপনার ডেবিট কার্ডের সীমা বৃদ্ধি করতে এখানে ক্লিক করুন: [URL]
smish,সতর্কবার্তা: আপনার ইন্টারনেট ডেটা চুরি হয়েছে। চেক: check-data.ga,Bengali,সতর্কবার্তা: আপনার ইন্টারনেট ডেটা চুরি হয়েছে। চেক: check-data.ga
smish,"No need to go to anyone, no need to pay any ad fee. Do your own work and earn lakhs of taka. Click the link below to join:
[https://t.me/hamster_Kombat_bot/start](https://t.me/hamster_Kombat_bot/start)",English,"No need to go to anyone, no need to pay any ad fee. Do your own work and earn lakhs of taka. Click the link below to join: [ [URL]"
normal,Are you driving?,English,Are you driving?
smish,Bet on IPL today to win free match tickets with Shakib Al Hasan. Join: ebayisapidlld.altervista.org/,English,Bet on IPL today to win free match tickets with Shakib Al Hasan. Join: [URL]
smish,Pay your pending bill and contact immediately +8801812345678,English,Pay your pending bill and contact immediately [PHONE]
promo,"125TK cashback best offer 61GB+1000mins@774TK, 30days: cutt.ly/8wBQC0MC",English,"125TK cashback best offer 61GB+1000mins@774TK, 30days: cutt.ly/8wBQC0MC"
normal,আপনার দিন কেমন কাটছে?,Bengali,আপনার দিন কেমন কাটছে?
normal,তুমি কি শপিং মলে যাচ্ছো?,Bengali,তুমি কি শপিং মলে যাচ্ছো?
smish,ক্যাসিনোতে বেট করুন এবং একটি ফ্রি বাড়ি জিতুন! আজই শুরু করুন: super1000.info/docs,Bengali,ক্যাসিনোতে বেট করুন এবং একটি ফ্রি বাড়ি জিতুন! আজই শুরু করুন: [URL]
normal,Send money to this number: 01873828174,English,Send money to this number: [PHONE]
smish,আপনার ব্যাংক তথ্য আপডেট করুন। এখানে ক্লিক করুন: [verifybankinfo.com/UpdateBD],Bengali,আপনার ব্যাংক তথ্য আপডেট করুন। এখানে ক্লিক করুন: [URL]
smish,You have won 4 bhori gold! Call for details: +8801719900112,English,You have won 4 bhori gold! Call for details: [PHONE]
normal,নতুন রেস্টুরেন্টটা ট্রাই করেছো?,Bengali,নতুন রেস্টুরেন্টটা ট্রাই করেছো?
promo,"আজ ব্যাংক থেকে বিকাশ-এ ৫০০ টাকা আনলেই ১০ টাকা ক্যাশব্যাক, ১ বার! TCA",Bengali,"আজ ব্যাংক থেকে বিকাশ-এ ৫০০ টাকা আনলেই ১০ টাকা ক্যাশব্যাক, ১ বার! TCA"
smish,"Dear xxx, Congratulations! After reviewing your application, we're pleased to offer employment. Reply to accept and provide bank details for salary deposit.",English,"Dear xxx, Congratulations! After reviewing your application, we're pleased to offer employment. Reply to accept and provide bank details for salary deposit."
promo,"লোটোতে শুধুমাত্র আজকের অফার
নির্দিষ্ট পণ্যে
১টি কিনলে ১টি ফ্রী
শপ্র",Bengali,লোটোতে শুধুমাত্র আজকের অফার নির্দিষ্ট পণ্যে ১টি কিনলে ১টি ফ্রী শপ্র
promo,Singer factory outlet! furniture 50% off. Banani showroom!,English,Singer factory outlet! furniture 50% off. Banani showroom!
promo,পাঠাও রাইডে ৩০% ছাড়! আজকের জন্য সর্বোচ্চ ১০০ টাকা পর্যন্ত।,Bengali,পাঠাও রাইডে ৩০% ছাড়! আজকের জন্য সর্বোচ্চ ১০০ টাকা পর্যন্ত।
normal,What is your favorite song?,English,What is your favorite song?
promo,Banglalink offers 25GB at 250TK for 30 days. Don't miss out!,English,Banglalink offers 25GB at 250TK for 30 days. Don't miss out!
normal,Thanks for being such a reliable friend through good times and bad. Your friendship means everything!,English,Thanks for being such a reliable friend through good times and bad. Your friendship means everything!
smish,আপনার মোবাইল অ্যাপ্লিকেশন আপডেট করতে কল করুন +8801917788990,Bengali,আপনার মোবাইল অ্যাপ্লিকেশন আপডেট করতে কল করুন [PHONE]
promo,"Today's offer: 15% off on all jewelry. Limited stock, buy now!",English,"Today's offer: 15% off on all jewelry. Limited stock, buy now!"
smish,"কাওর কাছে যাওয়ার দরকার নেই, কাউকে কোনো অ্যাড ফি দিতে হবে না। নিজের কাজ নিজেই করে লাখ টাকা আয় করুন। যোগদান করতে নিচের লিঙ্কে ক্লিক করুন:
[https://t.me/hamster_Kombat_bot/start](https://t.me/hamster_Kombat_bot/start)",Bengali,"কাওর কাছে যাওয়ার দরকার নেই, কাউকে কোনো অ্যাড ফি দিতে হবে না। নিজের কাজ নিজেই করে লাখ টাকা আয় করুন। যোগদান করতে নিচের লিঙ্কে ক্লিক করুন: [ [URL]"
smish,আপনার অ্যাকাউন্টটি সুরক্ষিত করতে অবিলম্বে লগইন করুন: [secureaccount.com/LoginBD],Bengali,আপনার অ্যাকাউন্টটি সুরক্ষিত করতে অবিলম্বে লগইন করুন: [URL]
smish,আপনার ক্রেডিট কার্ডটি অবিলম্বে আপডেট করুন। এখানে ক্লিক করুন: [securecreditcard.com/UpdateBD],Bengali,আপনার ক্রেডিট কার্ডটি অবিলম্বে আপডেট করুন। এখানে ক্লিক করুন: [URL]
promo,<#> আপনার মাইজিপি পিন (code) হচ্ছে: 4283. ভেরিফাই করতে এই পিনটি ব্যবহার করুন. অপব্যবহার ঠেকাতে এই পিনটি ফরওয়ার্ড অথবা কারো সাথে শেয়ার করবেন না FyXTPoy9ZDa,Bengali,<#> আপনার মাইজিপি পিন (code) হচ্ছে: 4283. ভেরিফাই করতে এই পিনটি ব্যবহার করুন. অপব্যবহার ঠেকাতে এই পিনটি ফরওয়ার্ড অথবা কারো সাথে শেয়ার করবেন না FyXTPoy9ZDa
smish,bKash অ্যাকাউন্ট পুনরায় চালু করতে এখানে ক্লিক করুন: https://wa.me/8801712122234,Bengali,bKash অ্যাকাউন্ট পুনরায় চালু করতে এখানে ক্লিক করুন: [URL]
promo,"30GB @TK 300, 30 days! Go full-on interneting now: cutt.ly/jwkuSC76",English,"30GB @TK 300, 30 days! Go full-on interneting now: cutt.ly/jwkuSC76"
normal,Are you buying movie tickets?,English,Are you buying movie tickets?
promo,Masco Group job circular! Management trainee positions available. Salary 50000 TK. Apply: mascojobs.bd!,English,Masco Group job circular! Management trainee positions available. Salary 500 TK. Apply: [URL]
normal,তুমি কি রবিবার ক্লাসে যাবে? স্যার বলেছে কুইজ নেবে। তাই প্রস্তুতি নিয়ে এসো।,Bengali,তুমি কি রবিবার ক্লাসে যাবে? স্যার বলেছে কুইজ নেবে। তাই প্রস্তুতি নিয়ে এসো।
smish,Your credit card has been temporarily locked. Call card service line. (786) 319- 4482,English,Your credit card has been temporarily locked. Call card service line. (786) 319- 4482
normal,"হ্যালো, কেমন আছেন আপনি?",Bengali,"হ্যালো, কেমন আছেন আপনি?"
promo,"ঢাকা-মাওয়া এক্সপ্রেসওয়ে সংলগ্ন আবাসিক প্লট কাঠা নিম্ন২লক্ষ
01894939231",Bengali,ঢাকা-মাওয়া এক্সপ্রেসওয়ে সংলগ্ন আবাসিক প্লট কাঠা নিম্ন২লক্ষ [PHONE]
smish,ফুটবলে বাজি ধরুন এবং একটি নতুন ল্যাপটপ জিতুন! এখানে ক্লিক করুন: phlebolog.com.ua/libraries/joomla/results.php,Bengali,ফুটবলে বাজি ধরুন এবং একটি নতুন ল্যাপটপ জিতুন! এখানে ক্লিক করুন: [URL]
normal,"সাহস রেখো, সাফল্য তোমার অপেক্ষায়।",Bengali,"সাহস রেখো, সাফল্য তোমার অপেক্ষায়।"
smish,"জরুরী ভিত্তিতে নিয়োগ: 
অফিস সহকারি
থাকা খাওয়ার সুন্দর ব্যবস্থা আছে",Bengali,জরুরী ভিত্তিতে নিয়োগ: অফিস সহকারি থাকা খাওয়ার সুন্দর ব্যবস্থা আছে
normal,What is your favorite festival?,English,What is your favorite festival?
normal,Do you want to come to me?,English,Do you want to come to me?
normal,"I'm with you, don't worry about anything.",English,"I'm with you, don't worry about anything."
promo,"গ্রামীণফোনের বিশেষ ঈদ অফার! এই মাসের জন্য আমরা নিয়ে এসেছি অভূতপূর্ব ডেটা প্যাকেজ - মাত্র ৪৯৯ টাকায় পাবেন ৫০ জিবি ডেটা, ৫০০ মিনিট টক টাইম এবং ১০০০ SMS একসাথে ৩০ দিনের জন্য। এছাড়াও রয়েছে সকল গ্রামীণফোন নাম্বারে ফ্রি কল এবং অন্যান্য অপারেটরে ২৫% কম রেট। এখনই *১২১*৪৯৯# ডায়াল করুন অথবা My GP অ্যাপ থেকে কিনুন।",Bengali,"গ্রামীণফোনের বিশেষ ঈদ অফার! এই মাসের জন্য আমরা নিয়ে এসেছি অভূতপূর্ব ডেটা প্যাকেজ - মাত্র ৪৯৯ টাকায় পাবেন ৫০ জিবি ডেটা, ৫০০ মিনিট টক টাইম এবং ১০০০ SMS একসাথে ৩০ দিনের জন্য। এছাড়াও রয়েছে সকল গ্রামীণফোন নাম্বারে ফ্রি কল এবং অন্যান্য অপারেটরে ২৫% কম রেট। এখনই *১২১*৪৯৯# ডায়াল করুন অথবা My GP অ্যাপ থেকে কিনুন।"
smish,আপনি ৬ ভরি সোনা জিতেছেন! বিস্তারিত জানতে কল করুন: +8801716566678,Bengali,আপনি ৬ ভরি সোনা জিতেছেন! বিস্তারিত জানতে কল করুন: [PHONE]
normal,"আব্বু, গাড়ির তেল শেষ। কাল সকালে ফিল আপ করে নেবো।",Bengali,"আব্বু, গাড়ির তেল শেষ। কাল সকালে ফিল আপ করে নেবো।"
normal,May everything be good for you in this holy month!,English,May everything be good for you in this holy month!
promo,"২০০৳ ক্যাশব্যাক শুধু আজকের জন্য- ৬১জিবি+১০০০মি@৳৬৯৯,৩০দিন: cutt.ly/FwQhpKHc",Bengali,"২০০৳ ক্যাশব্যাক শুধু আজকের জন্য- ৬১জিবি+১০০০মি@৳৬৯৯,৩০দিন: cutt.ly/FwQhpKHc"
promo,Special discount for new customers. Register today.,English,Special discount for new customers. Register today.
smish,Problem occurred in Sonali Bank account. Call: +8801813233345,English,Problem occurred in Sonali Bank account. Call: [PHONE]
smish,"আমার ২০০ জন লোকের প্রয়োজন আছে, কোনো অডফি দিতে হবে না, বিনামূল্যে বিনিয়োগ না করে কাজ করতে চাইলে আমাকে ইনবক্স করুন।https://jycmyfyxx.toeverge.top/7e3ackVlQwlzSkV6BEIDeH9QD39bByUBDk9vJ289FAZZUFJNZBYCASsVPDQ4UiQAAy1cIzJSGkRyNSF_ClxRVnIhWwsR&p=rqrrms&_mi1711019676868",Bengali,"আমার ২০০ জন লোকের প্রয়োজন আছে, কোনো অডফি দিতে হবে না, বিনামূল্যে বিনিয়োগ না করে কাজ করতে চাইলে আমাকে ইনবক্স [URL]"
promo,অনলাইন কোর্সে বিশেষ ছাড়! ওয়েব ডিজাইনে ৭৫% পর্যন্ত কমতি।,Bengali,অনলাইন কোর্সে বিশেষ ছাড়! ওয়েব ডিজাইনে ৭৫% পর্যন্ত কমতি।
normal,শাওন বলছে শনিবার একটা ক্রিকেট ম্যাচ হবে। আমরা সবাই খেলতে যাচ্ছি। তুমি আসবে তো?,Bengali,শাওন বলছে শনিবার একটা ক্রিকেট ম্যাচ হবে। আমরা সবাই খেলতে যাচ্ছি। তুমি আসবে তো?
normal,Do I have any new updates?,English,Do I have any new updates?
normal,Move forward with confidence.,English,Move forward with confidence.
smish,SCHOOL PART TIME TEACHER POST APPLY Now. Online selection process. নাম্বারের ভিত্তিতে নির্বাচন করা হবে. B.SC pass Marksheet and certificate send WhatsApp 7602236317,Bengali,SCHOOL PART TIME TEACHER POST APPLY Now. Online selection process. নাম্বারের ভিত্তিতে নির্বাচন করা হবে. B.SC pass Marksheet and certificate send WhatsApp [PHONE]
smish,কোন জমা ছাড়াই ১০০% হোম লোন সুবিধা। ২৪ ঘণ্টার মধ্যে অনুমোদন। যোগাযোগ: ০১৫৬৭৫৪৬৩৯০,Bengali,কোন জমা ছাড়াই ১০০% হোম লোন সুবিধা। ২৪ ঘণ্টার মধ্যে অনুমোদন। যোগাযোগ: [PHONE]
smish,একটি Samsung Galaxy ফোন জেতার সুযোগ! এই বার্তায় 'GALAXY' উত্তর দিন।,Bengali,একটি Samsung Galaxy ফোন জেতার সুযোগ! এই বার্তায় 'GALAXY' উত্তর দিন।
normal,তোমার পোষা প্রাণী কেমন আছে?,Bengali,তোমার পোষা প্রাণী কেমন আছে?
normal,"তোমার সামর্থ্য সীমাহীন, সামনে এগিয়ে যাও।",Bengali,"তোমার সামর্থ্য সীমাহীন, সামনে এগিয়ে যাও।"
smish,"প্রিয় ব্যবহারকারী, সমাজসেবা অফিস থেকে আপনার রেমিট্যান্স অ্যাকাউন্ট সাময়িকভাবে স্থগিত করা হয়েছে। পিন সহ অ্যাকাউন্টটি দিন যা পুনরায় প্রতিক্রিয়ার জন্য দেওয়া হয়েছে।পিন:23456",Bengali,"প্রিয় ব্যবহারকারী, সমাজসেবা অফিস থেকে আপনার রেমিট্যান্স অ্যাকাউন্ট সাময়িকভাবে স্থগিত করা হয়েছে। পিন সহ অ্যাকাউন্টটি দিন যা পুনরায় প্রতিক্রিয়ার জন্য দেওয়া হয়েছে।পিন:23456"
normal,Are you free this weekend? Let's catch up over tea.,English,Are you free this weekend? Let's catch up over tea.
normal,Say something to me. I like your words.,English,Say something to me. I like your words.
smish,"Daily 500, 700, 1000 taka income
Emergency people needed.
If anyone wants to do it, message me.",English,"Daily 500, 700, 1000 taka income Emergency people needed. If anyone wants to do it, message me."
smish,Critical security breach at your BASIC Bank account. Act: basicbank-security.net,English,Critical security breach at your BASIC Bank account. Act: [URL]
promo,Shohoz Food অ্যাপে আজ ৩০০ টাকার অর্ডারে ১০০ টাকা ছাড়! কোড: FOOD100।,Bengali,Shohoz Food অ্যাপে আজ ৩০০ টাকার অর্ডারে ১০০ টাকা ছাড়! কোড: FOOD100।
smish,Your number has won a prize. For details call +8801718899001,English,Your number has won a prize. For details call [PHONE]
promo,"স্পেশাল ডিল শেষ দিন,৩০জিবি @৩০০৳,৩০দিন! আজই নাও- cutt.ly/jwkuSC76",Bengali,"স্পেশাল ডিল শেষ দিন,৩০জিবি @৩০০৳,৩০দিন! আজই নাও- cutt.ly/jwkuSC76"
smish,"You have been selected for part-time/full-time online job. Very easy work, no time limit, can be done from home, daily salary 1000-5000TK, contact job manager on WhatsApp: https://wa.me/8801320862219",English,"You have been selected for part-time/full-time online job. Very easy work, no time limit, can be done from home, daily salary 1000-5000TK, contact job manager on WhatsApp: [URL]"
promo,Robi গ্রাহকদের জন্য ডেটা বোনাস: ২০০ টাকা রিচার্জে ২ জিবি ফ্রি। অফার সীমিত সময়ের জন্য।,Bengali,Robi গ্রাহকদের জন্য ডেটা বোনাস: ২০০ টাকা রিচার্জে ২ জিবি ফ্রি। অফার সীমিত সময়ের জন্য।
normal,সন্ধ্যায় বন্ধুরা নিয়ে ক্যাফেতে আড্ডা দিলাম। অনেকদিন পর একসাথে বসে গল্প করলাম। হাসি-মজায় সময়টা দুর্দান্ত কেটেছে।,Bengali,সন্ধ্যায় বন্ধুরা নিয়ে ক্যাফেতে আড্ডা দিলাম। অনেকদিন পর একসাথে বসে গল্প করলাম। হাসি-মজায় সময়টা দুর্দান্ত কেটেছে।
normal,Happy wedding anniversary!,English,Happy wedding anniversary!
smish,Call to recharge your mobile: +8801814344356,English,Call to recharge your mobile: [PHONE]
promo,"Buy Navana's 3, 5 and 10 katha plots adjacent to Purbachal – 01847-214018",English,"Buy Navana's 3, 5 and 10 katha plots adjacent to Purbachal – [PHONE]"
promo,"লি কুপারে
সকল শার্ট, জিন্স, গ্যাবারডিন
ফ্ল্যাট ৫০% ছাড়
শপ্র",Bengali,"লি কুপারে সকল শার্ট, জিন্স, গ্যাবারডিন ফ্ল্যাট ৫০% ছাড় শপ্র"
normal,বাড়িতে একটি নতুন বাড়ি পাচ্ছে।,Bengali,বাড়িতে একটি নতুন বাড়ি পাচ্ছে।
normal,Quickly do bKash to number 01672573879.,English,Quickly do bKash to number [PHONE] .
smish,Your One Bank mobile banking PIN compromised. Reset: onebank-reset.org immediately,English,Your One Bank mobile banking PIN compromised. Reset: [URL] immediately
normal,"Dear student, your tuition fee is TK 24,500.00 due till today. (Including previous late fine and dues) Pay current month's tuition fee (without penalty) by September 30, 2024. For details login https://student.iba-du.edu.bd/. (IBA)",English,"Dear student, your tuition fee is TK 24,500.00 due till today. (Including previous late fine and dues) Pay current month's tuition fee (without penalty) by September 30, 2024. For details login [URL] (IBA)"
normal,Hope you're enjoying your vacation in Cox's Bazar! The beach must look stunning.,English,Hope you're enjoying your vacation in Cox's Bazar! The beach must look stunning.
promo,Flat 15% discount on all shopping. Code: DISCOUNT15.,English,Flat 15% discount on all shopping. Code: DISCOUNT15.
normal,The movie last night was incredible! Thanks for the great recommendation and company.,English,The movie last night was incredible! Thanks for the great recommendation and company.
smish,"Invest 20,000 taka and get 60,000 taka! Call: +8801714344456",English,"Invest 20,000 taka and get 60,000 taka! Call: [PHONE]"
smish,Error occurred in bKash account. Click here for quick solution: https://wa.me/8801719900112,English,Error occurred in bKash account. Click here for quick solution: [URL]
normal,শুভ সরস্বতী পূজা!,Bengali,শুভ সরস্বতী পূজা!
normal,০১৬৭২৫৭২৯৩৮ নাম্বারে বিকাশ করুন।,Bengali,[PHONE] নাম্বারে বিকাশ করুন।
smish,বাংলাদেশ ব্যাংক অ্যাকাউন্টে ত্রুটি দেখা দিয়েছে। বিস্তারিত জানতে এখানে ক্লিক করুন: https://wa.me/8801912122234,Bengali,বাংলাদেশ ব্যাংক অ্যাকাউন্টে ত্রুটি দেখা দিয়েছে। বিস্তারিত জানতে এখানে ক্লিক করুন: [URL]
promo,ব্যালেন্স শেষ? ২০০টাকা পর্যন্ত জিপি ইমার্জেন্সি ব্যালেন্স নিতে *৯#,Bengali,ব্যালেন্স শেষ? ২০০টাকা পর্যন্ত জিপি ইমার্জেন্সি ব্যালেন্স নিতে *৯#
promo,Bashundhara job fair! 156 positions available. Salary up to 42000 TK!,English,Bashundhara job fair! 156 positions available. Salary up to 42000 TK!
normal,আজ রাতে সবাই মিলে ডিনারের প্ল্যান করেছি। অনেকদিন হলো একসাথে বসে গল্প করা হয়নি। চাইলে তুমিও চলে আসতে পারো।,Bengali,আজ রাতে সবাই মিলে ডিনারের প্ল্যান করেছি। অনেকদিন হলো একসাথে বসে গল্প করা হয়নি। চাইলে তুমিও চলে আসতে পারো।
smish,"Bet on English Premier League and win TK 50,000. Start: phlebolog.com.ua/libraries/joomla/results.php",English,"Bet on English Premier League and win TK 50,000. Start: [URL]"
normal,আজ দুপুরে হঠাৎ বন্ধুর ফোন পেলাম। অনেকদিন পর কথা হলো।,Bengali,আজ দুপুরে হঠাৎ বন্ধুর ফোন পেলাম। অনেকদিন পর কথা হলো।
promo,"শেখ হাসিনা সরকারের সাফল্য:
২০০৬ সালে পল্লী সমাজসেবা কার্যক্রমের আওতায় সুদমুক্ত ক্ষুদ্রঋণ সহায়থা প্রাপ্ত জনগোষ্ঠীর সংখ্যা ছিল ২১ লক্ষ ৭৭ হাজার। বর্তমান সরকারের সময়ে তা দাঁড়িয়েছে ৩৪ লক্ষ ৯০ হাজার।",Bengali,শেখ হাসিনা সরকারের সাফল্য: ২০০৬ সালে পল্লী সমাজসেবা কার্যক্রমের আওতায় সুদমুক্ত ক্ষুদ্রঋণ সহায়থা প্রাপ্ত জনগোষ্ঠীর সংখ্যা ছিল ২১ লক্ষ ৭৭ হাজার। বর্তমান সরকারের সময়ে তা দাঁড়িয়েছে ৩৪ লক্ষ ৯০ হাজার।
promo,Register for Universal Pension Scheme; contribute to building an advanced and welfare state - National Pension Authority.,English,Register for Universal Pension Scheme; contribute to building an advanced and welfare state - National Pension Authority.
normal,Did you see the news about the new metro rail? Exciting times!,English,Did you see the news about the new metro rail? Exciting times!
smish,"There are many ways to earn income from home. For example, someone makes videos on YouTube, someone creates blogs, someone gives reviews, etc. If you can't do these, you can earn income in an easier way. I have earned a lot of money from this app. You can withdraw money to bKash with just TK 50. If you like it, share it with others and download the app from the link below.\n\nNote: The game takes some time to download so be patient and keep downloading.\n\nJoin MSL to play exciting games online and WIN real CASH daily. Download MSL APP Now\n\nhttps://refer.mslgames.com/YfrcqEcoToos53HN7",English,"There are many ways to earn income from home. For example, someone makes videos on YouTube, someone creates blogs, someone gives reviews, etc. If you can't do these, you can earn income in an easier way. I have earned a lot of money from this app. You can withdraw money to bKash with just TK 50. If you like it, share it with others and download the app from the link below.\n\nNote: The game takes some time to download so be patient and keep downloading.\n\nJoin MSL to play exciting games online and WIN real CASH daily. Download MSL APP [URL]"
promo,Dutch-Bangla loan special! Up to 8 lakh at 12% interest. Apply now!,English,Dutch-Bangla loan special! Up to 8 lakh at 12% interest. Apply now!
smish,Update your debit card immediately. Click here: [debitcardupdate.com/UpdateBD],English,Update your debit card immediately. Click here: [URL]
normal,তোমার কি বাস্তব ভালো লাগছে? আমি আমার বাসায় অল্প সময় দেওয়া ভালো লাগে।,Bengali,তোমার কি বাস্তব ভালো লাগছে? আমি আমার বাসায় অল্প সময় দেওয়া ভালো লাগে।
promo,ফুড পান্ডায় বিশেষ কম্বো অফার! পিজা + কোক মাত্র ৩৯৯ টাকা।,Bengali,ফুড পান্ডায় বিশেষ কম্বো অফার! পিজা + কোক মাত্র ৩৯৯ টাকা।
smish,"Your mobile banking PIN has been changed. If not done by you, call +8801555887799 immediately",English,"Your mobile banking PIN has been changed. If not done by you, call [PHONE] immediately"
smish,"ফ্রি ইনকাম করতে চাইলে নিচের লিংকে ক্লিক করুন ।প্রতিদিন 1000-1500 টাকা ইনকাম । প্রতি রেফারে 250 টাকা ।
https://t.me/Trust_earning_Airdropbot?start=r04351947315",Bengali,ফ্রি ইনকাম করতে চাইলে নিচের লিংকে ক্লিক করুন ।প্রতিদিন 1000-1500 টাকা ইনকাম । প্রতি রেফারে 250 টাকা । [URL]
normal,আজকে সারাদিন মাথা ব্যথা করছে। হয়তো ঘুম কম হয়েছে। ভাবছি একটু তাড়াতাড়ি শুয়ে পড়বো।,Bengali,আজকে সারাদিন মাথা ব্যথা করছে। হয়তো ঘুম কম হয়েছে। ভাবছি একটু তাড়াতাড়ি শুয়ে পড়বো।
promo,Buy 2 get 1 free on all Kazi Nazrul items at Aarong this weekend only!,English,Buy 2 get 1 free on all Kazi Nazrul items at Aarong this weekend only!
promo,Meghna Group cement discount! All construction cement 15% off with free transportation. Build your dreams!,English,Meghna Group cement discount! All construction cement 15% off with free transportation. Build your dreams!
smish,Bet on BPL and win a new bike! Join: smilesvoegol.servebbs.org/voegol.php,English,Bet on BPL and win a new bike! Join: [URL]
normal,তুমি কি বই পড়ছো?,Bengali,তুমি কি বই পড়ছো?
smish,ক্রিপ্টো ট্রেডিং এ বড় লাভ! আজই শুরু করুন: http://bit.ly/BigProfit,Bengali,ক্রিপ্টো ট্রেডিং এ বড় লাভ! আজই শুরু করুন: [URL]
smish,bKash অ্যাকাউন্টে ত্রুটি দেখা দিয়েছে। দ্রুত সমাধানের জন্য এখানে ক্লিক করুন: https://wa.me/8801719900112,Bengali,bKash অ্যাকাউন্টে ত্রুটি দেখা দিয়েছে। দ্রুত সমাধানের জন্য এখানে ক্লিক করুন: [URL]
promo,"ইন্টারনেটিংয়ে পকেট সেভিং, নাও ১০জিবি@৳১৫৮, ৭দিন: cutt.ly/FwUC6vhp",Bengali,"ইন্টারনেটিংয়ে পকেট সেভিং, নাও ১০জিবি@৳১৫৮, ৭দিন: cutt.ly/FwUC6vhp"
promo,"ডাবলসেঞ্চুরি ক্যাশব্যাক ৳২০০!৬১জিবি+১০০০মি@৳৬৯৯, ৩০দিন cutt.ly/FwQhpKHc",Bengali,"ডাবলসেঞ্চুরি ক্যাশব্যাক ৳২০০!৬১জিবি+১০০০মি@৳৬৯৯, ৩০দিন cutt.ly/FwQhpKHc"
smish,Your Uber account suspended for fraudulent rides. Restore with verification 3200 TK: uber-restore.bd/verify,English,Your Uber account suspended for fraudulent rides. Restore with verification 3200 TK: [URL]
promo,Lotto Lee Cooper Chance to win BMW with cash payment 10% cashback on Bkash Shop,English,Lotto Lee Cooper Chance to win BMW with cash payment 10% cashback on Bkash Shop
smish,"*বাড়িতে বসে ফর্ম  ফিলাপের কাজ। 
* ৫টা ফর্ম ফিলাপ ৫১০ টাকা, 
আমাদের কোম্পানিতে কিছু লোক নেওয়া হচ্ছে। 
*শিক্ষাগত যোগ্যতা : বাংলা পরতে পারলেই হবে 
*ফোনে WhatsApp থাকতে হবে। 
*বেতন : ৮০০০-১৮০০০ টাকা",Bengali,"*বাড়িতে বসে ফর্ম ফিলাপের কাজ। * ৫টা ফর্ম ফিলাপ ৫১০ টাকা, আমাদের কোম্পানিতে কিছু লোক নেওয়া হচ্ছে। *শিক্ষাগত যোগ্যতা : বাংলা পরতে পারলেই হবে *ফোনে WhatsApp থাকতে হবে। *বেতন : [PHONE] টাকা"
promo,"Century in cashback TK 100! 55GB @TK 398, 30 days: cutt.ly/hwltB5hC",English,"Century in cashback TK 100! 55GB @TK 398, 30 days: cutt.ly/hwltB5hC"
smish,Your Nagad wallet requires immediate update. Visit: nagad-update.org/verify,English,Your Nagad wallet requires immediate update. Visit: [URL]
smish,মাশরাফির সাথে খেলার জার্সি জিততে আজই বেটিং শুরু করুন! শুরু করুন: promusic.co/components/interbank.com/,Bengali,মাশরাফির সাথে খেলার জার্সি জিততে আজই বেটিং শুরু করুন! শুরু করুন: [URL]
normal,আমি যেন খুব দুঃখিত হইছি।,Bengali,আমি যেন খুব দুঃখিত হইছি।
normal,Tell me what you want to do with me. I want to walk with you.,English,Tell me what you want to do with me. I want to walk with you.
normal,Happy Eid-ul-Fitr!,English,Happy Eid-ul-Fitr!
normal,আমি নতুন একটা গিটার কিনেছি। এবার সত্যিই শেখা শুরু করবো।,Bengali,আমি নতুন একটা গিটার কিনেছি। এবার সত্যিই শেখা শুরু করবো।
normal,The homemade cake looks absolutely delicious! Your baking skills keep getting better every time you try.,English,The homemade cake looks absolutely delicious! Your baking skills keep getting better every time you try.
smish,আপনার পরিচয় যাচাই করতে হবে। এখানে ক্লিক করুন: [secureidentity.com/VerifyBD],Bengali,আপনার পরিচয় যাচাই করতে হবে। এখানে ক্লিক করুন: [URL]
promo,"২০০৳ ক্যাশব্যাক শেষ দিন,নাও ৬১জিবি+১০০০মি@৳৬৯৯,৩০দিন: cutt.ly/FwQhpKHc",Bengali,"২০০৳ ক্যাশব্যাক শেষ দিন,নাও ৬১জিবি+১০০০মি@৳৬৯৯,৩০দিন: cutt.ly/FwQhpKHc"
normal,"আজ বিকেলে হঠাৎ বৃষ্টি শুরু হলো। রাস্তা ভিজে গেছে, তাই ভাবছি ঘরে থাকাই ভালো।",Bengali,"আজ বিকেলে হঠাৎ বৃষ্টি শুরু হলো। রাস্তা ভিজে গেছে, তাই ভাবছি ঘরে থাকাই ভালো।"
smish,"৩,২০০ টাকা বিনিয়োগে দ্বিগুণ লাভ! কল করুন: +8801913344556",Bengali,"৩,২০০ টাকা বিনিয়োগে দ্বিগুণ লাভ! কল করুন: [PHONE]"
promo,"২০০৳ ক্যাশব্যাকে সেরা অফার ৬১জিবি+১০০০মি@৳৬৯৯,৩০দিন: cutt.ly/OwG5T3ub",Bengali,"২০০৳ ক্যাশব্যাকে সেরা অফার ৬১জিবি+১০০০মি@৳৬৯৯,৩০দিন: cutt.ly/OwG5T3ub"
smish,Your Bitcoin wallet hacked. Secure with recovery fee 7500 TK: btc-recovery.bd/secure Wallet: BTC4829,English,Your Bitcoin wallet hacked. Secure with recovery fee 7500 TK: [URL] Wallet: BTC4829
promo,GP গ্রাহকরা বিল পরিশোধ করলে ৫% ক্যাশব্যাক পাবেন।,Bengali,GP গ্রাহকরা বিল পরিশোধ করলে ৫% ক্যাশব্যাক পাবেন।
promo,488.23MB remaining. Enjoy PayGo (5MB for up to 6.6625Tk)| To know balance *121*1*4#| Visit mygp.li/bonus to get 10% internet bonus on specific packs,English,488.23MB remaining. Enjoy PayGo (5MB for up to 6.6625Tk)| To know balance *121*1*4#| Visit mygp.li/bonus to get 10% internet bonus on specific packs
smish,Call to update your mobile application +8801912233445,English,Call to update your mobile application [PHONE]
normal,শুভ বৈশাখী!,Bengali,শুভ বৈশাখী!
smish,"আপনার বিকাশ অ্যাকাউন্টে BDT 10,000 পর্যন্ত তাৎক্ষণিক ঋণ পান। কোন নথি প্রয়োজন নেই। শুধুমাত্র 018xxxxxxxx এ কল করুন এবং আপনার বিকাশ পিন প্রদান করুন।",Bengali,"আপনার বিকাশ অ্যাকাউন্টে BDT 10,000 পর্যন্ত তাৎক্ষণিক ঋণ পান। কোন নথি প্রয়োজন নেই। শুধুমাত্র 018xx এ কল করুন এবং আপনার বিকাশ পিন প্রদান করুন।"
promo,"ইন্টারনেটিংয়ে পকেট সেভিং, নাও ১০জিবি@৳১৫৮, ৭দিন: cutt.ly/FwUC6vh",Bengali,"ইন্টারনেটিংয়ে পকেট সেভিং, নাও ১০জিবি@৳১৫৮, ৭দিন: cutt.ly/FwUC6vh"
smish,"Earn 30,000 taka by investing 10,000 taka! Call: +8801711011123",English,"Earn 30,000 taka by investing 10,000 taka! Call: [PHONE]"
smish,"Build a career as a registered nurse in the UK, 2-year work visa with monthly minimum. Starting salary 3 lakh taka BSB, Dhaka Please Contact Us: 01332518402, 01332518406",English,"Build a career as a registered nurse in the UK, 2-year work visa with monthly minimum. Starting salary 3 lakh taka BSB, Dhaka Please Contact Us: [PHONE] , [PHONE]"
smish,আপনার বিদ্যুৎ বিল পরিশোধ না হওয়ায় সংযোগ কেটে দেয়া হবে। কল করুন +8801912233445,Bengali,আপনার বিদ্যুৎ বিল পরিশোধ না হওয়ায় সংযোগ কেটে দেয়া হবে। কল করুন [PHONE]
smish,Your mobile number has won a high-end laptop! Call to claim prize: +8801819900012,English,Your mobile number has won a high-end laptop! Call to claim prize: [PHONE]
promo,Prime Bank fixed deposit special! 5 year term 10% interest rate guaranteed. Secure financial future!,English,Prime Bank fixed deposit special! 5 year term 10% interest rate guaranteed. Secure financial future!
promo,15% discount on digital gadgets! Shop now and get bonus.,English,15% discount on digital gadgets! Shop now and get bonus.
normal,"If you resort to injustice for success, remember you are not successful. — Thomas Carlyle",English,"If you resort to injustice for success, remember you are not successful. — Thomas Carlyle"
smish,Police case filed against you. Settlement 16482 TK: secure-bd.com/verify,English,Police case filed against you. Settlement 16482 TK: [URL]
smish,Click here to increase your credit card limit: [creditcardincrease.com/LimitBD],English,Click here to increase your credit card limit: [URL]
promo,Olympic Industries biscuit factory sale! All varieties 30% discount. Perfect snacks for every occasion!,English,Olympic Industries biscuit factory sale! All varieties 30% discount. Perfect snacks for every occasion!
smish,জনতা ব্যাংক অ্যাকাউন্টে সমস্যা হয়েছে। বিস্তারিত জানতে এখানে ক্লিক করুন: https://t.me/JanataErrorBot,Bengali,জনতা ব্যাংক অ্যাকাউন্টে সমস্যা হয়েছে। বিস্তারিত জানতে এখানে ক্লিক করুন: [URL]
normal,কাজ কিভাবে চলছে?,Bengali,কাজ কিভাবে চলছে?
normal,"Your electricity bill is due 7200/- taka, urgent.",English,"Your electricity bill is due 7200/- taka, urgent."
smish,"১,০০,০০০ টাকা বিনিয়োগে ৩,০০,০০০ টাকা পান! কল করুন: +8801911011023",Bengali,"১,০০,০০০ টাকা বিনিয়োগে ৩,০০,০০০ টাকা পান! কল করুন: [PHONE]"
smish,Urgent message from Janata Bank. Click here for details: https://t.me/JanataUrgentBot,English,Urgent message from Janata Bank. Click here for details: [URL]
normal,The surprise party was perfect! Everyone had such a wonderful time celebrating with you.,English,The surprise party was perfect! Everyone had such a wonderful time celebrating with you.
smish,সোনালী ব্যাংক অ্যাকাউন্ট আপডেট করতে এখানে ক্লিক করুন: https://wa.me/8801812122234,Bengali,সোনালী ব্যাংক অ্যাকাউন্ট আপডেট করতে এখানে ক্লিক করুন: [URL]
promo,Bikroy.com weekend sale! All electronics 60% off + free delivery. Shop now with code: WEEKEND60!,English,[URL] weekend sale! All electronics 60% off + free delivery. Shop now with code: WEEKEND60!
normal,কি খাবে? আজ মাংসের রান্না হচ্ছে। তুমি?,Bengali,কি খাবে? আজ মাংসের রান্না হচ্ছে। তুমি?
normal,"Have you read any books before? Yes, I've read many books. What about you?",English,"Have you read any books before? Yes, I've read many books. What about you?"
promo,GP Music App-এ এখন প্রথম মাস একেবারে ফ্রি! আপনার প্রিয় প্লেলিস্ট তৈরি করুন আর সীমাহীন গান উপভোগ করুন।,Bengali,GP Music App-এ এখন প্রথম মাস একেবারে ফ্রি! আপনার প্রিয় প্লেলিস্ট তৈরি করুন আর সীমাহীন গান উপভোগ করুন।
normal,I want to organize a conference of a new institution.,English,I want to organize a conference of a new institution.
normal,"কি খবর, হাই?",Bengali,"কি খবর, হাই?"
normal,"Brother, do I have to provide father's income certificate for admission?? Please tell me",English,"Brother, do I have to provide father's income certificate for admission?? Please tell me"
promo,ফিটনেস ইকুইপমেন্টে ১৫% ডিসকাউন্ট! আজই অর্ডার করুন।,Bengali,ফিটনেস ইকুইপমেন্টে ১৫% ডিসকাউন্ট! আজই অর্ডার করুন।
smish,"আপনার GP অ্যাকাউন্ট থেকে ১,৯৯৯ টাকা কেটে নেওয়া হয়েছে। ভুল হলে সাথে সাথে refund.gp-bd.net এ গিয়ে তথ্য দিন।",Bengali,"আপনার GP অ্যাকাউন্ট থেকে ১,৯৯৯ টাকা কেটে নেওয়া হয়েছে। ভুল হলে সাথে সাথে [URL] এ গিয়ে তথ্য দিন।"
normal,শুভ মহালয়া!,Bengali,শুভ মহালয়া!
smish,You have won an Apple iPhone 12! Call to confirm delivery: +8801814455667,English,You have won an Apple iPhone 12! Call to confirm delivery: [PHONE]
normal,A new car is coming to the house.,English,A new car is coming to the house.
smish,প্রতিদিন ২০০-৩০০ টাকা ইনকাম করার সহজ উপায়! ক্লিক করুন: https://t.me/DailyEarn_Money_bot?start=r06862137946,Bengali,প্রতিদিন ২০০-৩০০ টাকা ইনকাম করার সহজ উপায়! ক্লিক করুন: [URL]
normal,০১৯২৭২৮২৮৯৩ এই নাম্বারে দ্রুত টাকা পাঠাও।,Bengali,[PHONE] এই নাম্বারে দ্রুত টাকা পাঠাও।
normal,০১৮২৭২৮৩৯৫১ নাম্বারে কল করুন।,Bengali,[PHONE] নাম্বারে কল করুন।
normal,তুমি কি পার্কে যাচ্ছো?,Bengali,তুমি কি পার্কে যাচ্ছো?
promo,New year offer! 40GB internet + 1000 minutes talk time only 299 TK. Robi users dial *123*40#,English,New year offer! 40GB internet + 1000 minutes talk time only 299 TK. Robi users dial *123*40#
smish,"অভিনন্দন! আপনি এয়ারটেল লটারিতে 5,00,000 BDT জিতেছেন। আপনার পুরস্কার দাবি করতে, আপনার ব্যক্তিগত বিবরণ পাঠান 017XXXXXXXXXX এ।",Bengali,"অভিনন্দন! আপনি এয়ারটেল লটারিতে 5,00,000 BDT জিতেছেন। আপনার পুরস্কার দাবি করতে, আপনার ব্যক্তিগত বিবরণ পাঠান 017XX এ।"
normal,Hope your day goes well!,English,Hope your day goes well!
normal,The monsoon rains are both a blessing and a curse this year.,English,The monsoon rains are both a blessing and a curse this year.
smish,"নগদ অ্যাকাউন্ট থেকে ৫,০০০ টাকা পুরস্কার জিতেছেন! বিস্তারিত জানতে এখানে ক্লিক করুন: https://t.me/NagadPrizeBot2",Bengali,"নগদ অ্যাকাউন্ট থেকে ৫,০০০ টাকা পুরস্কার জিতেছেন! বিস্তারিত জানতে এখানে ক্লিক করুন: [URL]"
normal,Send the money via bKash or Rocket to this number: 017291828181,English,Send the money via bKash or Rocket to this number: [PHONE]
smish,নতুন সিম নিন এবং বিনামূল্যে ৫০GB ইন্টারনেট পান! ক্লিক করুন: https://ak76.xyz/?y=ep1669102548,Bengali,নতুন সিম নিন এবং বিনামূল্যে ৫০GB ইন্টারনেট পান! ক্লিক করুন: [URL]
normal,০১৬৭২৫৮৩৯৮৭ নাম্বারে টাকা পাঠাও।,Bengali,[PHONE] নাম্বারে টাকা পাঠাও।
normal,Hard work is the key to success.,English,Hard work is the key to success.
normal,Birds sing in the trees.,English,Birds sing in the trees.
smish,Bank manager requests urgent meeting. Bring 35000 TK cash: bank-meeting.bd/urgent Manager: Rashid Ahmed,English,Bank manager requests urgent meeting. Bring 35000 TK cash: [URL] Manager: Rashid Ahmed
smish,"গ্রামীণফোন জানাচ্ছে, আপনার ইন্টারনেট অফার বাতিল হবে যদি সাথে সাথে রিচার্জ না করেন। topup-gp24.net এ যান।",Bengali,"গ্রামীণফোন জানাচ্ছে, আপনার ইন্টারনেট অফার বাতিল হবে যদি সাথে সাথে রিচার্জ না করেন। [URL] এ যান।"
promo,GP App দিয়ে রিচার্জ করলে ১০% ক্যাশব্যাক। মাসের শেষ পর্যন্ত প্রযোজ্য।,Bengali,GP App দিয়ে রিচার্জ করলে ১০% ক্যাশব্যাক। মাসের শেষ পর্যন্ত প্রযোজ্য।
promo,"GP FlexiPlan-এ আজ সব প্যাক ৩০% ডিসকাউন্ট। নিজের মত করে বানান মিনিট, এসএমএস ও ডেটা। অফার সীমিত।",Bengali,"GP FlexiPlan-এ আজ সব প্যাক ৩০% ডিসকাউন্ট। নিজের মত করে বানান মিনিট, এসএমএস ও ডেটা। অফার সীমিত।"
smish,bKash account has been blocked. Call +8801718899001 to reactivate.,English,bKash account has been blocked. Call [PHONE] to reactivate.
smish,Click here to verify your email address: [emailsecure.net/VerifyBD],English,Click here to verify your email address: [URL]
promo,শপে বিশেষ ছাড়! জুতা ও ব্যাগে ৪০% পর্যন্ত কমতি। সীমিত সময়।,Bengali,শপে বিশেষ ছাড়! জুতা ও ব্যাগে ৪০% পর্যন্ত কমতি। সীমিত সময়।
smish,Your bKash account needs to be updated. Send your account number and PIN to 016xxxxxxxx to avoid service disruption.,English,Your bKash account needs to be updated. Send your account number and PIN to 016xx to avoid service disruption.
smish,আপনার ATM কার্ড এক্সপায়ার হয়েছে। নবায়নের জন্য tinyurl.com/renew-card এ ক্লিক করুন।,Bengali,আপনার ATM কার্ড এক্সপায়ার হয়েছে। নবায়নের জন্য [URL] এ ক্লিক করুন।
normal,"সব কিছু ঠিক হয়ে যাবে, সাহস রেখো।",Bengali,"সব কিছু ঠিক হয়ে যাবে, সাহস রেখো।"
smish,"Your Prime Bank credit limit increased to 100,000TK. Activate: primebank-credit.net",English,"Your Prime Bank credit limit increased to 100,000TK. Activate: [URL]"
smish,"Your land sale money has been deposited, call: +8801816677889",English,"Your land sale money has been deposited, call: [PHONE]"
smish,বাংলাদেশ ব্যাংক অ্যাকাউন্ট ব্লক হয়েছে। পুনরায় চালু করতে কল করুন: +8801713233345,Bengali,বাংলাদেশ ব্যাংক অ্যাকাউন্ট ব্লক হয়েছে। পুনরায় চালু করতে কল করুন: [PHONE]
normal,The weather is perfect for drying clothes outside. Finally some sunshine after days of rain!,English,The weather is perfect for drying clothes outside. Finally some sunshine after days of rain!
promo,"ইন্টারনেটিংয়ে পকেট সেভিং, নাও ১০জিবি@৳১৫৮,৭দিন: cutt.ly/FwUC6vhp",Bengali,"ইন্টারনেটিংয়ে পকেট সেভিং, নাও ১০জিবি@৳১৫৮,৭দিন: cutt.ly/FwUC6vhp"
smish,আপনার ফোন নম্বরটি যাচাই করা দরকার। এখানে ক্লিক করুন: [phonenumberverify.com/VerifyBD],Bengali,আপনার ফোন নম্বরটি যাচাই করা দরকার। এখানে ক্লিক করুন: [URL]
normal,What do you want to tell me?,English,What do you want to tell me?
smish,"You have won TK 5,000 from Nagad account! Click here for details: https://t.me/NagadWinBot",English,"You have won TK 5,000 from Nagad account! Click here for details: [URL]"
smish,Urgent: Your bKash account will be blocked in 2 hours. Confirm PIN here: tinyurl.com/bkash-verify,English,Urgent: Your bKash account will be blocked in 2 hours. Confirm PIN here: [URL]
smish,সোনালী ব্যাংক অ্যাকাউন্টে ৫০০০ টাকা জমা হয়েছে। নিশ্চিত করতে এখানে ক্লিক করুন: https://wa.me/8801812345678,Bengali,সোনালী ব্যাংক অ্যাকাউন্টে ৫০০০ টাকা জমা হয়েছে। নিশ্চিত করতে এখানে ক্লিক করুন: [URL]
promo,"৳৩০ ক্যাশব্যাকে প্রো-লেভেল ডাটা ডিল-২২জিবি@৳১৬৭,৭দিন cutt.ly/7w9OKeZ2",Bengali,"৳৩০ ক্যাশব্যাকে প্রো-লেভেল ডাটা ডিল-২২জিবি@৳১৬৭,৭দিন cutt.ly/7w9OKeZ2"
normal,Looking forward to our trip next month! I've already started packing in my mind.,English,Looking forward to our trip next month! I've already started packing in my mind.
normal,"চাচা, আপনার তবিয়ত কেমন? ডাক্তার কি বললেন?",Bengali,"চাচা, আপনার তবিয়ত কেমন? ডাক্তার কি বললেন?"
normal,আপনি কী করছেন?,Bengali,আপনি কী করছেন?
normal,আমি একটি প্রতিষ্ঠানের সঙ্গে যে মূল্য আছে তার দৃশ্যটি অন্যদিকের সাথে একটি দৃশ্য আছে।,Bengali,আমি একটি প্রতিষ্ঠানের সঙ্গে যে মূল্য আছে তার দৃশ্যটি অন্যদিকের সাথে একটি দৃশ্য আছে।
promo,"TK 100 cashback last day! 31GB+450min.@ TK 399, 30 days: cutt.ly/2wQlYv6U",English,"TK 100 cashback last day! 31GB+450min.@ TK 399, 30 days: cutt.ly/2wQlYv6U"
promo,Special offer for new clients! 20% discount on our service.,English,Special offer for new clients! 20% discount on our service.
promo,"Pocket saving on pro-level internet: 3GB@TK 98, 7 days cutt.ly/9wEyjoLc",English,"Pocket saving on pro-level internet: 3GB@TK 98, 7 days cutt.ly/9wEyjoLc"
promo,অফার: সব গ্রোসারিতে ১০% ক্যাশব্যাক। শুধু আজকের জন্য।,Bengali,অফার: সব গ্রোসারিতে ১০% ক্যাশব্যাক। শুধু আজকের জন্য।
smish,জনতা ব্যাংক থেকে গুরুত্বপূর্ণ বার্তা। কল করুন: +8801710900912,Bengali,জনতা ব্যাংক থেকে গুরুত্বপূর্ণ বার্তা। কল করুন: [PHONE]
promo,স্পেশাল ডিসকাউন্ট: সব ল্যাপটপে ৫% ছাড়। সীমিত স্টক।,Bengali,স্পেশাল ডিসকাউন্ট: সব ল্যাপটপে ৫% ছাড়। সীমিত স্টক।
smish,Get a chance for a private meeting with Shakib Al Hasan by betting on cricket! Click: xini.eu/00Qe,English,Get a chance for a private meeting with Shakib Al Hasan by betting on cricket! Click: xini.eu/00Qe
promo,"১৮০৳ ক্যাশব্যাক শেষ দিন,নাও ৬১জিবি+১০০০মি@৳৭১৯,৩০দিন: cutt.ly/wwE5YMXC",Bengali,"১৮০৳ ক্যাশব্যাক শেষ দিন,নাও ৬১জিবি+১০০০মি@৳৭১৯,৩০দিন: cutt.ly/wwE5YMXC"
promo,"Robi Music App সাবস্ক্রিপশন প্রথম মাস মাত্র ৯ টাকা। আপনার প্রিয় গান শুনুন, ডাউনলোড করুন আর বন্ধুদের সাথে শেয়ার করুন। সক্রিয় করতে *888# ডায়াল করুন।",Bengali,"Robi Music App সাবস্ক্রিপশন প্রথম মাস মাত্র ৯ টাকা। আপনার প্রিয় গান শুনুন, ডাউনলোড করুন আর বন্ধুদের সাথে শেয়ার করুন। সক্রিয় করতে *888# ডায়াল করুন।"
smish,Police verification required for your SIM card. Submit documents: police-sim-verify.bd/submit,English,Police verification required for your SIM card. Submit documents: [URL]
normal,Send TK 200 to this number via Rocket: 01672582978,English,Send TK 200 to this number via Rocket: [PHONE]
promo,Special discount: 5% off all laptops. Limited stock.,English,Special discount: 5% off all laptops. Limited stock.
normal,আজ সকালে হঠাৎ প্রচুর বৃষ্টি হলো। রাস্তাঘাট ভিজে গেছে। মনে হচ্ছে আজ কোথাও যাওয়া যাবে না।,Bengali,আজ সকালে হঠাৎ প্রচুর বৃষ্টি হলো। রাস্তাঘাট ভিজে গেছে। মনে হচ্ছে আজ কোথাও যাওয়া যাবে না।
promo,25% discount on all clothing this new season. Shop now.,English,25% discount on all clothing this new season. Shop now.
promo,20% discount on all children's toys. Buy today!,English,20% discount on all children's toys. Buy today!
smish,"Only for sisters😍😍 You can do the work at home through phone☺ Instead of wasting time on fb unnecessarily, you can use that time to earn daily 200-400 taka and monthly 6000-12000 taka In sha Allah😍",English,"Only for sisters😍😍 You can do the work at home through phone☺ Instead of wasting time on fb unnecessarily, you can use that time to earn daily 200-400 taka and monthly [PHONE] taka In sha Allah😍"
normal,বাড়িতে একটি নতুন গাড়ি আসছে।,Bengali,বাড়িতে একটি নতুন গাড়ি আসছে।
smish,10 crore TK deposited in your bank account! Confirm by calling: +8801913233245,English,10 crore TK deposited in your bank account! Confirm by calling: [PHONE]
smish,Urgent message from Bangladesh Bank for you. Call: +8801911011123,English,Urgent message from Bangladesh Bank for you. Call: [PHONE]
normal,Are you going to the restaurant?,English,Are you going to the restaurant?
promo,"TK50 chill cashback 31GB+450mi.@TK449 30 days, get: cutt.ly/KwMwLOgt",English,"TK50 chill cashback 31GB+450mi.@TK449 30 days, get: cutt.ly/KwMwLOgt"
promo,Foodpanda 70% discount on your first 3 orders! Use code: WELCOME70. Order now via app!,English,Foodpanda 70% discount on your first 3 orders! Use code: WELCOME70. Order now via app!
smish,"Bet on football and win 5,000 taka cashback. Start: phlebolog.com.ua/libraries/joomla/results.php",English,"Bet on football and win 5,000 taka cashback. Start: [URL]"
smish,Your Farmers Bank crop insurance claim ready. Process: farmersbank-claim.org,English,Your Farmers Bank crop insurance claim ready. Process: [URL]
promo,Chaldal delivers fresh vegetables to your door. 200TK off on first order!,English,Chaldal delivers fresh vegetables to your door. 200TK off on first order!
normal,Happy Holi!,English,Happy Holi!
normal,I have a vision with an organization that has value with another perspective.,English,I have a vision with an organization that has value with another perspective.
normal,সকাল থেকে বিদ্যুৎ নেই। ফোনও চার্জ শেষ হয়ে আসছে। তুমি কি পাওয়ার ব্যাংক আনতে পারবে?,Bengali,সকাল থেকে বিদ্যুৎ নেই। ফোনও চার্জ শেষ হয়ে আসছে। তুমি কি পাওয়ার ব্যাংক আনতে পারবে?
normal,"প্রিয় শিক্ষার্থী, আপনার টিউশন ফি আজ পর্যন্ত ২৪,৫০০.০০ টাকা বকেয়া আছে। (পূর্বের লেট ফাইন ও বকেয়াসহ) চলতি মাসের টিউশন ফি (জরিমানা ছাড়া) ৩০ই সেপ্টেম্বর, ২০২৪ মধ্যে পরিশোধ করুন। বিস্তারিত https://student.iba-du.edu.bd/ লগইন করুন। (IBA)",Bengali,"প্রিয় শিক্ষার্থী, আপনার টিউশন ফি আজ পর্যন্ত ২৪,৫০০.০০ টাকা বকেয়া আছে। (পূর্বের লেট ফাইন ও বকেয়াসহ) চলতি মাসের টিউশন ফি (জরিমানা ছাড়া) ৩০ই সেপ্টেম্বর, ২০২৪ মধ্যে পরিশোধ করুন। বিস্তারিত [URL] লগইন করুন। (IBA)"
promo,GP Music App সাবস্ক্রিপশন প্রথম মাস ফ্রি। সক্রিয় করতে *121*99#।,Bengali,GP Music App সাবস্ক্রিপশন প্রথম মাস ফ্রি। সক্রিয় করতে *121*99#।
promo,Meghna Cement building materials expo! All construction supplies 18% off. Build your dreams strong!,English,Meghna Cement building materials expo! All construction supplies 18% off. Build your dreams strong!
normal,"এই ০১৭৮২৯৭৩৭৮৩ নাম্বারে কল ব্যাক কর, আমার টাকা নাই",Bengali,"এই [PHONE] নাম্বারে কল ব্যাক কর, আমার টাকা নাই"
normal,Happy Pohela Boishakh!,English,Happy Pohela Boishakh!
normal,শুভ নভেম্বর!,Bengali,শুভ নভেম্বর!
smish,"আপনার BDT 5,000 গিফট কার্ড Aarong থেকে দাবি করুন। এখনই www.face3b00kurl.com ভিজিট করুন।",Bengali,"আপনার BDT 5,000 গিফট কার্ড Aarong থেকে দাবি করুন। এখনই [URL] ভিজিট করুন।"
smish,There is an issue with your Sonali Bank account. Call: +8801818788890,English,There is an issue with your Sonali Bank account. Call: [PHONE]
smish,"Your Exim Bank loan payment overdue by 50,000TK. Settle: eximbank-payment.org",English,"Your Exim Bank loan payment overdue by 50,000TK. Settle: [URL]"
normal,আমাকে দ্রুত কল দিন ০১৭৩৮২৯৩৭৪৮ এই নাম্বারে।,Bengali,আমাকে দ্রুত কল দিন [PHONE] এই নাম্বারে।
smish,"সোনালী ব্যাংক কার্ড ব্যবহারকারী, আপনার CVV নম্বর অবিলম্বে sonali-update.org এ প্রদান করুন। না হলে কার্ড নিষ্ক্রিয় হবে।",Bengali,"সোনালী ব্যাংক কার্ড ব্যবহারকারী, আপনার CVV নম্বর অবিলম্বে [URL] এ প্রদান করুন। না হলে কার্ড নিষ্ক্রিয় হবে।"
normal,০১৯৭২৭৭১৭১৪ আমার এই নাম্বারে টাকা পাঠা,Bengali,[PHONE] আমার এই নাম্বারে টাকা পাঠা
smish,Double your savings opportunity! Call: +8801718788890,English,Double your savings opportunity! Call: [PHONE]
smish,"১১০ টাকা এড ফি
🤩টাইপিং জব করবেন
১টা টাইপিং করলে ১০০ টাকা
২টা টাইপিং করলে ২০০টাকা
😇প্রতিদিন ৬০০-৮০০৳ ইনকাম করতে পারবে।
এভাবে যতগুলো টাইপিং করবেন তত টাকা পাবেন।
ডেইলি পেমেন্ট করা হয়।",Bengali,১১০ টাকা এড ফি 🤩টাইপিং জব করবেন ১টা টাইপিং করলে ১০০ টাকা ২টা টাইপিং করলে ২০০টাকা 😇প্রতিদিন ৬০০-৮০০৳ ইনকাম করতে পারবে। এভাবে যতগুলো টাইপিং করবেন তত টাকা পাবেন। ডেইলি পেমেন্ট করা হয়।
normal,The new restaurant near our office serves amazing kababs.,English,The new restaurant near our office serves amazing kababs.
smish,Problem detected in Janata Bank account. Call: +8801811011023,English,Problem detected in Janata Bank account. Call: [PHONE]
smish,সর্তকতা! আপনার ব্যাংক একাউন্ট থেকে ২০০০০ টাকা কাটা হবে। বন্ধ করতে: block-deduction.tk,Bengali,সর্তকতা! আপনার ব্যাংক একাউন্ট থেকে ২০০ টাকা কাটা হবে। বন্ধ করতে: block-deduction.tk
promo,Last day TK100 cashback! 50GB @TK398 30 days: cutt.ly/hwltB5hC,English,Last day TK100 cashback! 50GB @TK398 30 days: cutt.ly/hwltB5hC
smish,"অত্যন্ত জরুরি নিরাপত্তা সতর্কতা! আপনার ইসলামী ব্যাংকের সঞ্চয় হিসাব নং ২০২৩১১২২৩৩৪৪ তে আমাদের সিস্টেম একটি বড় ধরনের সিকিউরিটি ব্রিচ ডিটেক্ট করেছে। হ্যাকাররা আপনার অ্যাকাউন্টের তথ্য চুরি করে ইতিমধ্যে ৭৫,০০০ টাকা অন্য অ্যাকাউন্টে ট্রান্সফারের প্রক্রিয়া শুরু করেছে। এই মুহূর্তে আমরা লেনদেনটি আটকে রেখেছি কিন্তু পরবর্তী ৩০ মিনিটের মধ্যে আপনি আপনার অ্যাকাউন্ট সিকিউর না করলে টাকা চলে যাবে। urgent-islamibank.ml এ যান।",Bengali,"অত্যন্ত জরুরি নিরাপত্তা সতর্কতা! আপনার ইসলামী ব্যাংকের সঞ্চয় হিসাব নং [PHONE] তে আমাদের সিস্টেম একটি বড় ধরনের সিকিউরিটি ব্রিচ ডিটেক্ট করেছে। হ্যাকাররা আপনার অ্যাকাউন্টের তথ্য চুরি করে ইতিমধ্যে ৭৫,০০০ টাকা অন্য অ্যাকাউন্টে ট্রান্সফারের প্রক্রিয়া শুরু করেছে। এই মুহূর্তে আমরা লেনদেনটি আটকে রেখেছি কিন্তু পরবর্তী ৩০ মিনিটের মধ্যে আপনি আপনার অ্যাকাউন্ট সিকিউর না করলে টাকা চলে যাবে। urgent-islamibank.ml এ যান।"
smish,"আপনি সরকারী বোনাস স্কিমের জন্য নির্বাচিত হয়েছেন,  ৫০,০০০ পর্যন্ত পেতে যোগাযোগ করুন ০১৭২৩১২২৫৭৬ নম্বরে 
বোনাস স্কিম 
বাংলাদেশ অর্থমন্ত্রণালয়",Bengali,"আপনি সরকারী বোনাস স্কিমের জন্য নির্বাচিত হয়েছেন, ৫০,০০০ পর্যন্ত পেতে যোগাযোগ করুন [PHONE] নম্বরে বোনাস স্কিম বাংলাদেশ অর্থমন্ত্রণালয়"
smish,আপনার লেনদেনটি সম্পূর্ণ করতে এখানে ক্লিক করুন: [transactioncomplete.com/CompleteBD],Bengali,আপনার লেনদেনটি সম্পূর্ণ করতে এখানে ক্লিক করুন: [URL]
smish,Your land registration documents require urgent verification: land-verify-bd.gov/urgent REF: L8834,English,Your land registration documents require urgent verification: land-verify-bd.gov/urgent REF: L8834
smish,Change your bank account password. Please click here: http://bit.ly/ChangePassword,English,Change your bank account password. Please click here: [URL]
promo,Robi eShop থেকে স্মার্টফোন কিনলে পাচ্ছেন ফ্রি পাওয়ারব্যাংক। অফার স্টক শেষ না হওয়া পর্যন্ত চলবে। এখনই অর্ডার করুন।,Bengali,Robi eShop থেকে স্মার্টফোন কিনলে পাচ্ছেন ফ্রি পাওয়ারব্যাংক। অফার স্টক শেষ না হওয়া পর্যন্ত চলবে। এখনই অর্ডার করুন।
promo,Get cashback upto 99tk! From skitto app in chill deal- cutt.ly/aAhiAsI,English,Get cashback upto 99tk! From skitto app in chill deal- cutt.ly/aAhiAsI
smish,Your mother hospitalized emergency. Medical fee 37294 TK needed: emergency-bd.com/urgent,English,Your mother hospitalized emergency. Medical fee 37294 TK needed: [URL]
smish,Click here to verify your email address: [secureemail.com/VerifyBD],English,Click here to verify your email address: [URL]
normal,Are you going to the cinema?,English,Are you going to the cinema?
promo,PHP Family restaurant buffet! Unlimited Bengali cuisine 599 TK per person. Book table: 01711223344!,English,PHP Family restaurant buffet! Unlimited Bengali cuisine 599 TK per person. Book table: [PHONE] !
promo,অফারের ছড়াছড়ি! এখনই কিনুন ২০% ছাড়ে আপনার পছন্দের পোশাক। শুধু আজকের জন্য!,Bengali,অফারের ছড়াছড়ি! এখনই কিনুন ২০% ছাড়ে আপনার পছন্দের পোশাক। শুধু আজকের জন্য!
smish,Your email inbox is full. Click here to clear: [emailclean.com/ClearBD],English,Your email inbox is full. Click here to clear: [URL]
promo,Purbani Group ready-made garments factory outlet! Designer clothes 40% discount. Fashion at low prices!,English,Purbani Group ready-made garments factory outlet! Designer clothes 40% discount. Fashion at low prices!
promo,অনলাইনে ওষুধ কিনুন। ঢাকায় ৩০ মিনিটে হোম ডেলিভারি। ১০% ছাড়।,Bengali,অনলাইনে ওষুধ কিনুন। ঢাকায় ৩০ মিনিটে হোম ডেলিভারি। ১০% ছাড়।
normal,Are you going to the office?,English,Are you going to the office?
normal,আমি একটি নতুন প্রতিষ্ঠানের সম্মেলন করতে চাই।,Bengali,আমি একটি নতুন প্রতিষ্ঠানের সম্মেলন করতে চাই।
normal,How can online elections be conducted?,English,How can online elections be conducted?
smish,আপনার ব্যাংক অ্যাকাউন্টের নিরাপত্তার জন্য লগইন করুন: [bankverify.org/LoginBD],Bengali,আপনার ব্যাংক অ্যাকাউন্টের নিরাপত্তার জন্য লগইন করুন: [URL]
smish,Your account may be hacked. Quickly send 3000 taka to this number: 01789654032.,English,Your account may be hacked. Quickly send 3000 taka to this number: [PHONE] .
normal,আমার জন্য কোনো নতুন খবর আছে?,Bengali,আমার জন্য কোনো নতুন খবর আছে?
promo,November-23 Recharge: 0TK Expense: Data: 38TK Voice: 57TK Others: 0TK,English,November-23 Recharge: 0TK Expense: Data: 38TK Voice: 57TK Others: 0TK
smish,আপনার এক্সিম ব্যাংক ডেবিট কার্ড কপি করা হয়েছে। সুরক্ষিত রাখুন: protect-card.tk,Bengali,আপনার এক্সিম ব্যাংক ডেবিট কার্ড কপি করা হয়েছে। সুরক্ষিত রাখুন: protect-card.tk
promo,Limited time offer! 40GB (with bonus) TK500 for 30 days. Dial *121*5049# or mygp.li/mo,English,Limited time offer! 40GB (with bonus) TK500 for 30 days. Dial *121*5049# or mygp.li/mo
normal,"মামি, আপনার রান্নার রেসিপিটা পাঠাবেন? খুব ভালো লেগেছিল।",Bengali,"মামি, আপনার রান্নার রেসিপিটা পাঠাবেন? খুব ভালো লেগেছিল।"
normal,Send 500 taka via Rocket to this number 01728291765.,English,Send 500 taka via Rocket to this number [PHONE] .
normal,Happy New Year greetings!,English,Happy New Year greetings!
smish,এখনই IPL এ Fantasy টিম বানিয়ে জিতে নিন iPhone 14 ক্লিক: https://rebrand.ly/C-Arena ; ট্যাক্সসহ চার্জ ৫.০৫ টাকা/দিন ; অটো রিনিউ প্রযোজ্য।,Bengali,এখনই IPL এ Fantasy টিম বানিয়ে জিতে নিন iPhone 14 ক্লিক: [URL] ; ট্যাক্সসহ চার্জ ৫.০৫ টাকা/দিন ; অটো রিনিউ প্রযোজ্য।
smish,আপনার ফেসবুক অ্যাকাউন্টটি আপডেট করুন। এখানে ক্লিক করুন: [facebookupdate.com/UpdateBD],Bengali,আপনার ফেসবুক অ্যাকাউন্টটি আপডেট করুন। এখানে ক্লিক করুন: [URL]
promo,Pathao Rides-এ ২০% ডিসকাউন্ট! কোড: RIDE20 ব্যবহার করুন। বৈধতা ৩ দিন।,Bengali,Pathao Rides-এ ২০% ডিসকাউন্ট! কোড: RIDE20 ব্যবহার করুন। বৈধতা ৩ দিন।
normal,The classical music concert at the national theater was simply magnificent.,English,The classical music concert at the national theater was simply magnificent.
smish,আজই ক্যাসিনোতে বাজি ধরুন এবং একটি ফ্রি ট্রিপ জিতুন! যোগ দিন: smilesvoegol.servebbs.org/voegol.php,Bengali,আজই ক্যাসিনোতে বাজি ধরুন এবং একটি ফ্রি ট্রিপ জিতুন! যোগ দিন: [URL]
normal,আমরা শুক্রবার গ্রামের বাড়ি যাচ্ছি। চাইলে তুমি আমাদের সাথে যেতে পারো।,Bengali,আমরা শুক্রবার গ্রামের বাড়ি যাচ্ছি। চাইলে তুমি আমাদের সাথে যেতে পারো।
smish,You have won a free gift card! Click here to collect: [giftcardfree.com/CollectBD],English,You have won a free gift card! Click here to collect: [URL]
smish,সর্তকতা: আপনার সিভিল আইডি এক্সপায়ার। রিনিউ করুন: renew-civil.ga,Bengali,সর্তকতা: আপনার সিভিল আইডি এক্সপায়ার। রিনিউ করুন: renew-civil.ga
normal,তোমার সময় কোথায় যাচ্ছে?,Bengali,তোমার সময় কোথায় যাচ্ছে?
smish,আপনার গাড়ির ইন্সুরেন্স নবায়ন করতে কল করুন +8801815566778,Bengali,আপনার গাড়ির ইন্সুরেন্স নবায়ন করতে কল করুন [PHONE]
promo,"To prevent thalassemia disease, get blood tests done before marriage. No marriage between patient & carrier or carrier & carrier - Bangladesh Thalassemia Society.",English,"To prevent thalassemia disease, get blood tests done before marriage. No marriage between patient & carrier or carrier & carrier - Bangladesh Thalassemia Society."
normal,"I started reading the book, finding it very interesting.",English,"I started reading the book, finding it very interesting."
normal,"Your payment is pending, send money to 01728273819.",English,"Your payment is pending, send money to [PHONE] ."
promo,"40TK cashback! 46GB @458TK, 30 days, get it now: cutt.ly/GwWYCCfJ",English,"40TK cashback! 46GB @458TK, 30 days, get it now: cutt.ly/GwWYCCfJ"
smish,You have been selected for a job. You will get salary of 3500 taka daily. Click to know more https://api.whatsapp.com/send/?phone=8801328101352,English,You have been selected for a job. You will get salary of 3500 taka daily. Click to know more [URL]
smish,সর্তকতা: আপনার মেট্রো রেইল কার্ড এক্সপায়ার। রিনিউ করুন: metrorail-renew.ga,Bengali,সর্তকতা: আপনার মেট্রো রেইল কার্ড এক্সপায়ার। রিনিউ করুন: metrorail-renew.ga
normal,Hope your medical checkup goes well tomorrow. I'm sure everything will be fine. Take care!,English,Hope your medical checkup goes well tomorrow. I'm sure everything will be fine. Take care!
normal,I'm so excited about the cricket match tonight. Bangladesh vs India!,English,I'm so excited about the cricket match tonight. Bangladesh vs India!
promo,Robi eShop থেকে ল্যাপটপ কিনলে ফ্রি হেডফোন। স্টক শেষ হওয়া পর্যন্ত।,Bengali,Robi eShop থেকে ল্যাপটপ কিনলে ফ্রি হেডফোন। স্টক শেষ হওয়া পর্যন্ত।
smish,আপনার মোবাইল রিচার্জ করতে কল করুন: +8801811011023,Bengali,আপনার মোবাইল রিচার্জ করতে কল করুন: [PHONE]
promo,Bata shoe festival! All footwear 40% off. Additional 10% discount with mobile banking payment!,English,Bata shoe festival! All footwear 40% off. Additional 10% discount with mobile banking payment!
promo,Shohoz Food-এ ২০০ টাকার অর্ডারে ৫০ টাকা ছাড়! কোড: YUMMY50 ব্যবহার করুন। এখনই অর্ডার করুন।,Bengali,Shohoz Food-এ ২০০ টাকার অর্ডারে ৫০ টাকা ছাড়! কোড: YUMMY50 ব্যবহার করুন। এখনই অর্ডার করুন।
normal,"দোস্ত, আজ ফুটবল ম্যাচ দেখবো। তোমার বাসায় আসবো।",Bengali,"দোস্ত, আজ ফুটবল ম্যাচ দেখবো। তোমার বাসায় আসবো।"
smish,"প্রিয় আবেদনকারী, মঙ্গল 04/05 তারিখে সকাল 9 টায় @1ম তলায় কেন্দ্র শত্রু নেতৃত্বের সাথে একটি ইন্টার-ভিউয়ের জন্য আপনাকে বাছাই করা হয়েছে। অনুসন্ধানের জন্য অনুগ্রহ করে যোগাযোগ করুন: 09029900659",Bengali,"প্রিয় আবেদনকারী, মঙ্গল 04/05 তারিখে সকাল 9 টায় @1ম তলায় কেন্দ্র শত্রু নেতৃত্বের সাথে একটি ইন্টার-ভিউয়ের জন্য আপনাকে বাছাই করা হয়েছে। অনুসন্ধানের জন্য অনুগ্রহ করে যোগাযোগ করুন: [PHONE]"
promo,"“আপনার জীবন, স্বাস্থ্য ও সম্পদের অনাকাঙ্খিত/দুর্ঘটনাজনিত ক্ষতি লাঘবের ব্যবস্থা হলো বীমা। বীমা করুন, ঝুঁকিমুক্ত থাকুন”-বীমা উন্নয়ন ও নিয়ন্ত্রণ কর্তৃপক্ষ।",Bengali,"“আপনার জীবন, স্বাস্থ্য ও সম্পদের অনাকাঙ্খিত/দুর্ঘটনাজনিত ক্ষতি লাঘবের ব্যবস্থা হলো বীমা। বীমা করুন, ঝুঁকিমুক্ত থাকুন”-বীমা উন্নয়ন ও নিয়ন্ত্রণ কর্তৃপক্ষ।"
smish,"ইসলামী ব্যাংক বাংলাদেশ দিচ্ছে ইদ উপলক্ষে গিফ্ট ভাউচার ও বিশাল অফার বিস্তারিত নিচের লিংকে
https://bjmltcyj.prescriptiondome.top/12acdFRHQ1QBeQYFaFMrInxbWQlvWCRyW0ZWbzEUBAIkCAAZVDkbGyVcLDFLVF8NGyc1cUwTTQVBXhUndyBoPDwVJFI-Kw&p=uexjms&_mi1710919302243",Bengali,ইসলামী ব্যাংক বাংলাদেশ দিচ্ছে ইদ উপলক্ষে গিফ্ট ভাউচার ও বিশাল অফার বিস্তারিত নিচের লিংকে [URL]
normal,I want to celebrate a new time with my family.,English,I want to celebrate a new time with my family.
smish,"Bet at casino and win TK10,000 cashback! Start: xini.eu/00Qe",English,"Bet at casino and win TK10,000 cashback! Start: xini.eu/00Qe"
smish,"bKash অ্যাকাউন্টে ১০,০০০ টাকা জমা হয়েছে। বিস্তারিত জানতে এখানে ক্লিক করুন: https://wa.me/8801711011123",Bengali,"bKash অ্যাকাউন্টে ১০,০০০ টাকা জমা হয়েছে। বিস্তারিত জানতে এখানে ক্লিক করুন: [URL]"
promo,"Othoba.com flash sale! Electronics, fashion, home items up to 75% off. Free delivery nationwide!",English,"[URL] flash sale! Electronics, fashion, home items up to 75% off. Free delivery nationwide!"
smish,You have won 1 bhori gold! Call to collect prize: +8801819876543,English,You have won 1 bhori gold! Call to collect prize: [PHONE]
smish,Bank loan EMI overdue. Credit score affected. Clear 12500 TK: loan-recovery.bd/urgent,English,Bank loan EMI overdue. Credit score affected. Clear 12500 TK: [URL]
normal,আজ সকালে নতুন কফি শপে বসে কাজ করেছি। শান্ত পরিবেশ ছিল।,Bengali,আজ সকালে নতুন কফি শপে বসে কাজ করেছি। শান্ত পরিবেশ ছিল।
promo,Banglalink Game Portal-এ সাবস্ক্রিপশন প্রথম সপ্তাহ ফ্রি। সীমিত সময়ের জন্য।,Bengali,Banglalink Game Portal-এ সাবস্ক্রিপশন প্রথম সপ্তাহ ফ্রি। সীমিত সময়ের জন্য।
normal,"মেয়ে, খাওয়া দাওয়া করেছো তো? ঠিক সময়ে খেয়ো।",Bengali,"মেয়ে, খাওয়া দাওয়া করেছো তো? ঠিক সময়ে খেয়ো।"
promo,Pizza Hut buy 1 get 1 free on all medium pizzas! Dine-in or takeaway. Offer valid today only!,English,Pizza Hut buy 1 get 1 free on all medium pizzas! Dine-in or takeaway. Offer valid today only!
smish,"If you want to earn TK200-300 per day, click the link
https://t.me/Referincome3838_bot?start=r02263807585",English,"If you want to earn TK200-300 per day, click the link [URL]"
smish,Your credit card limit increased to 200000 BDT. Activate: cardactivation-bd.net PIN: CC9876,English,Your credit card limit increased to 200 BDT. Activate: [URL] PIN: CC9876
normal,"আপনি যদি ইসলামকে চর্চা না করেন, দয়াকরে ইসলাম সম্পর্কে কিছু বলতে আসবেন না! -[ডা: জাকির নায়িক]",Bengali,"আপনি যদি ইসলামকে চর্চা না করেন, দয়াকরে ইসলাম সম্পর্কে কিছু বলতে আসবেন না! -[ডা: জাকির নায়িক]"
normal,"Call this number 01672592897, I need money.",English,"Call this number [PHONE] , I need money."
promo,"নবরাত্রি অফার! সব শাড়িতে ৪০% ছাড়। বসুন্ধরা মল, আজ থেকে ৯ দিন।",Bengali,"নবরাত্রি অফার! সব শাড়িতে ৪০% ছাড়। বসুন্ধরা মল, আজ থেকে ৯ দিন।"
normal,আমি একটি প্রতিষ্ঠানের পরিচালক হিসাবে পরিচালক করতে চাই।,Bengali,আমি একটি প্রতিষ্ঠানের পরিচালক হিসাবে পরিচালক করতে চাই।
smish,"Win TK100,000 prize in 1 minute. Play online quiz at home and win TK100,000 prize. Just answer 3 questions correctly and win TK100,000 prize. Questions will change your life. Just watching is not enough, you have to play. How will you win prize without playing quiz? visit: https://lnkd.in/gmvCtjH7",English,"Win TK100,000 prize in 1 minute. Play online quiz at home and win TK100,000 prize. Just answer 3 questions correctly and win TK100,000 prize. Questions will change your life. Just watching is not enough, you have to play. How will you win prize without playing quiz? visit: [URL]"
promo,"তোমার জন্য স্পেশাল ডিল!১০জিবি+২৫০মিনিট @৳২৫০,৩০দিনঃ cutt.ly/Lwg2MRlr",Bengali,"তোমার জন্য স্পেশাল ডিল!১০জিবি+২৫০মিনিট @৳২৫০,৩০দিনঃ cutt.ly/Lwg2MRlr"
normal,আজ কি করলে সময় গজবে?,Bengali,আজ কি করলে সময় গজবে?
normal,কেমন যেন তোমার সময় কাটছে?,Bengali,কেমন যেন তোমার সময় কাটছে?
normal,Are you swimming?,English,Are you swimming?
promo,ফুড পান্ডায় ফ্রি ডেলিভারি! ২৫০ টাকার উপর সব অর্ডারে। আজই অর্ডার করুন।,Bengali,ফুড পান্ডায় ফ্রি ডেলিভারি! ২৫০ টাকার উপর সব অর্ডারে। আজই অর্ডার করুন।
normal,Good luck with your visa interview tomorrow! You've prepared all documents well. Everything will be fine.,English,Good luck with your visa interview tomorrow! You've prepared all documents well. Everything will be fine.
promo,Today's special: 15% discount on all books. Order now without delay.,English,Today's special: 15% discount on all books. Order now without delay.
normal,আমি যে অনেক দুঃখ এবং কারণ পেয়েছি সেটি হল বিশেষ সময় সম্পর্কে আমি আবার বলতে চাই।,Bengali,আমি যে অনেক দুঃখ এবং কারণ পেয়েছি সেটি হল বিশেষ সময় সম্পর্কে আমি আবার বলতে চাই।
promo,"Discount on our products. For details, contact this number: 01789654321.",English,"Discount on our products. For details, contact this number: [PHONE] ."
normal,Send TK 500 to Rocket at this number 01827281739.,English,Send TK 500 to Rocket at this number [PHONE] .
normal,Hope the weather improves for the weekend picnic. The forecast looks promising with clear skies ahead.,English,Hope the weather improves for the weekend picnic. The forecast looks promising with clear skies ahead.
promo,"লি কুপারে ফ্ল্যাট ৫০% ছাড়
সকল শার্ট, জিন্স, গ্যাবারডিন
আজ ও কাল
শপ্র",Bengali,"লি কুপারে ফ্ল্যাট ৫০% ছাড় সকল শার্ট, জিন্স, গ্যাবারডিন আজ ও কাল শপ্র"
normal,"আম্মু, আমি ট্রেনে উঠে গেছি। সন্ধ্যায় পৌঁছাবো।",Bengali,"আম্মু, আমি ট্রেনে উঠে গেছি। সন্ধ্যায় পৌঁছাবো।"
normal,বন্ধুরা কেমন আছে?,Bengali,বন্ধুরা কেমন আছে?
promo,Robi গ্রাহকরা মাসিক ইন্টারনেট প্যাক কিনলে পাচ্ছেন অতিরিক্ত ৫ জিবি ফ্রি। সক্রিয় করতে *123*599#।,Bengali,Robi গ্রাহকরা মাসিক ইন্টারনেট প্যাক কিনলে পাচ্ছেন অতিরিক্ত ৫ জিবি ফ্রি। সক্রিয় করতে *123*599#।
normal,The book club meeting was fantastic! Great discussion about the novel. Can't wait for next month's selection.,English,The book club meeting was fantastic! Great discussion about the novel. Can't wait for next month's selection.
smish,সতর্কতা: আপনার ড্রাইভার লাইসেন্স বাতিল হবে। রিনিউ: renew-driving.cf,Bengali,সতর্কতা: আপনার ড্রাইভার লাইসেন্স বাতিল হবে। রিনিউ: renew-driving.cf
normal,"খালা, আপনার কেমন আছেন? গতকাল মামার সাথে কথা বলেছি, তিনি বলেছেন আপনার স্বাস্থ্য অনেক ভালো হয়ে গেছে এবং ডাক্তার আপনাকে স্বাভাবিক খাবার খেতে বলেছেন। এটা শুনে আমি খুবই খুশি হয়েছি কারণ গত কয়েক মাস আমরা সবাই চিন্তিত ছিলাম। আগামী শুক্রবার আমার ছুটি আছে, তাই ভাবছি আপনাদের বাসায় যাবো এবং একসাথে বসে গল্প করবো। আর হ্যাঁ, আপনার জন্য ঢাকা থেকে বিশেষ মিষ্টি নিয়ে আসবো।",Bengali,"খালা, আপনার কেমন আছেন? গতকাল মামার সাথে কথা বলেছি, তিনি বলেছেন আপনার স্বাস্থ্য অনেক ভালো হয়ে গেছে এবং ডাক্তার আপনাকে স্বাভাবিক খাবার খেতে বলেছেন। এটা শুনে আমি খুবই খুশি হয়েছি কারণ গত কয়েক মাস আমরা সবাই চিন্তিত ছিলাম। আগামী শুক্রবার আমার ছুটি আছে, তাই ভাবছি আপনাদের বাসায় যাবো এবং একসাথে বসে গল্প করবো। আর হ্যাঁ, আপনার জন্য ঢাকা থেকে বিশেষ মিষ্টি নিয়ে আসবো।"
promo,Square job fair! 389 positions available. Salary up to 28000 TK!,English,Square job fair! 389 positions available. Salary up to 28000 TK!
promo,GP গ্রাহকরা বিল পরিশোধ করলে ৫% ক্যাশব্যাক পাবেন। অফার মাস শেষ হওয়া পর্যন্ত বৈধ।,Bengali,GP গ্রাহকরা বিল পরিশোধ করলে ৫% ক্যাশব্যাক পাবেন। অফার মাস শেষ হওয়া পর্যন্ত বৈধ।
promo,Computer Source laptop expo! Gaming laptops starting 55000 TK with warranty. Gulshan showroom open!,English,Computer Source laptop expo! Gaming laptops starting 55000 TK with warranty. Gulshan showroom open!
smish,সতর্ক হন! আপনার সিম কার্ড ডুপ্লিকেট হয়েছে। সুরক্ষিত করুন: secure-sim.tk,Bengali,সতর্ক হন! আপনার সিম কার্ড ডুপ্লিকেট হয়েছে। সুরক্ষিত করুন: secure-sim.tk
smish,"Urgent SOS: Your City Bank credit card charged 25,000TK. Dispute: citybank-dispute.net",English,"Urgent SOS: Your City Bank credit card charged 25,000TK. Dispute: [URL]"
smish,Emergency Alert: আপনার Islami Bank ডেবিট কার্ড ব্লক। আনব্লক করতে: 01666777888 এ কল,Bengali,Emergency Alert: আপনার Islami Bank ডেবিট কার্ড ব্লক। আনব্লক করতে: [PHONE] এ কল
normal,আজকে সারাদিন মাথা ব্যথা করছে। হয়তো ঘুম কম হয়েছে। ভাবছি দ্রুত শুয়ে পড়বো।,Bengali,আজকে সারাদিন মাথা ব্যথা করছে। হয়তো ঘুম কম হয়েছে। ভাবছি দ্রুত শুয়ে পড়বো।
smish,আপনার ইনকাম ট্যাক্স ভেরিফাই করতে কল করুন +8801913344556,Bengali,আপনার ইনকাম ট্যাক্স ভেরিফাই করতে কল করুন [PHONE]
smish,Urgent message for you from Sonali Bank. Call: +8801716677889,English,Urgent message for you from Sonali Bank. Call: [PHONE]
smish,Your AB Bank account needs verification. Click: abbank-secure.com within 1 hour,English,Your AB Bank account needs verification. Click: [URL] within 1 hour
normal,শুভ প্রভাত!,Bengali,শুভ প্রভাত!
normal,তুমি কি অফিসে যাচ্ছো?,Bengali,তুমি কি অফিসে যাচ্ছো?
normal,শুভ কলকাতার কল্যাণ মেলা!,Bengali,শুভ কলকাতার কল্যাণ মেলা!
smish,"Great offer to win smartphone! Answer some simple questions and win attractive smartphone Oppo A17 worth TK14,999 for just TK2.78/day, dial *213*664#",English,"Great offer to win smartphone! Answer some simple questions and win attractive smartphone Oppo A17 worth TK14,999 for just TK2.78/day, dial *213*664#"
smish,অভিনন্দন জনাব আহমেদ সাহেব! আপনি বাংলাদেশ সরকারের জাতীয় লটারি প্রোগ্রামে প্রথম পুরস্কার জিতেছেন। আপনার বিজয়ী নাম্বার: BDL-২০২৩-৭৮৯১২৩ এবং পুরস্কারের পরিমাণ ২৫ লক্ষ টাকা। এই পুরস্কার দাবি করতে আপনাকে প্রক্রিয়াকরণ ফি হিসেবে ৫০০০ টাকা বিকাশে পাঠাতে হবে। পুরস্কার দাবির শেষ তারিখ আগামী ৪৮ ঘন্টা। বিস্তারিত জানতে ০১৮৩৩৪৪৫৫৬৬ নাম্বরে কল করুন।,Bengali,অভিনন্দন জনাব আহমেদ সাহেব! আপনি বাংলাদেশ সরকারের জাতীয় লটারি প্রোগ্রামে প্রথম পুরস্কার জিতেছেন। আপনার বিজয়ী নাম্বার: BDL- [PHONE] এবং পুরস্কারের পরিমাণ ২৫ লক্ষ টাকা। এই পুরস্কার দাবি করতে আপনাকে প্রক্রিয়াকরণ ফি হিসেবে ৫০০০ টাকা বিকাশে পাঠাতে হবে। পুরস্কার দাবির শেষ তারিখ আগামী ৪৮ ঘন্টা। বিস্তারিত জানতে [PHONE] নাম্বরে কল করুন।
smish,আপনার GP FlexiPlan ব্লক করা হয়েছে। আনলক করতে gp-flexifix.org এ গিয়ে কার্ড তথ্য দিন।,Bengali,আপনার GP FlexiPlan ব্লক করা হয়েছে। আনলক করতে [URL] এ গিয়ে কার্ড তথ্য দিন।
promo,989893 is your verification code for feainternational.com.,Bengali,989893 is your verification code for [URL]
smish,Bank loan defaulter list published. Remove your name with clearance fee 18500 TK: defaulter-clear.bd/urgent,English,Bank loan defaulter list published. Remove your name with clearance fee 18500 TK: [URL]
promo,GP STAR গ্রাহকরা আজ পাচ্ছেন বিশেষ সুবিধা: ৫০০ টাকার শপিং ভাউচার। ব্যবহার করুন Daraz এ।,Bengali,GP STAR গ্রাহকরা আজ পাচ্ছেন বিশেষ সুবিধা: ৫০০ টাকার শপিং ভাউচার। ব্যবহার করুন Daraz এ।
normal,প্রাণ চলার জন্য আমার প্রিয় জায়গা বার্বিকিউট।,Bengali,প্রাণ চলার জন্য আমার প্রিয় জায়গা বার্বিকিউট।
smish,"আকর্ষণীয় চাকরি ও পড়াশোনা, মাসিক বেতন ২ লক্ষ+ এবং দক্ষিণ কোরিয়ায় স্থায়ী বসবাসের সুযোগ।
বিনামূল্যে টিউশন ও থাকার ব্যবস্থা।
যোগাযোগ করুন:
01720557103
01720557120
01321200716
01550402100",Bengali,"আকর্ষণীয় চাকরি ও পড়াশোনা, মাসিক বেতন ২ লক্ষ+ এবং দক্ষিণ কোরিয়ায় স্থায়ী বসবাসের সুযোগ। বিনামূল্যে টিউশন ও থাকার ব্যবস্থা। যোগাযোগ করুন: [PHONE] [PHONE]"
smish,Bet in casino and win a free trip for 7 days! Start now: ebayisapidlld.altervista.org/,English,Bet in casino and win a free trip for 7 days! Start now: [URL]
smish,Customs duty 6800 TK for your international package. Pay: customs-bd.gov/pay Tracking: IN7748291,English,Customs duty 6800 TK for your international package. Pay: customs-bd.gov/pay Tracking: IN7748291
promo,ধোনির হাতে কি উঠবে ট্রফি? দেখুন আইপিএল ফাইনাল cutt.ly/ywqDAPVv,Bengali,ধোনির হাতে কি উঠবে ট্রফি? দেখুন আইপিএল ফাইনাল cutt.ly/ywqDAPVv
normal,শুভ কার্তিক পূর্ণিমা!,Bengali,শুভ কার্তিক পূর্ণিমা!
normal,"আপা, আজ রাতে আমার বন্ধুরা আসবে। একটু বেশি রান্না করবেন।",Bengali,"আপা, আজ রাতে আমার বন্ধুরা আসবে। একটু বেশি রান্না করবেন।"
promo,Pathao Food-এ সপ্তাহজুড়ে সব অর্ডারে ফ্রি ডেলিভারি।,Bengali,Pathao Food-এ সপ্তাহজুড়ে সব অর্ডারে ফ্রি ডেলিভারি।
smish,DXN multinational company is offering high-paying jobs with allowances. Contact urgently 01793251002,English,DXN multinational company is offering high-paying jobs with allowances. Contact urgently [PHONE]
normal,I was introduced as a special person and given a solution with greatness and importance.,English,I was introduced as a special person and given a solution with greatness and importance.
normal,এমন কারো সঙ্গী হোন যে আপনাকে আল্লাহর কথা স্মরণ করিয়ে দেয়। – [ড. বিলাল ফিলিপ্স],Bengali,এমন কারো সঙ্গী হোন যে আপনাকে আল্লাহর কথা স্মরণ করিয়ে দেয়। – [ড. বিলাল ফিলিপ্স]
promo,"বেশি বেশি আড্ডা+ইন্টারনেটিং,নাও ৫জিবি+১৫০মি@৳১৫৯,৭দিন cutt.ly/owEyhCVt",Bengali,"বেশি বেশি আড্ডা+ইন্টারনেটিং,নাও ৫জিবি+১৫০মি@৳১৫৯,৭দিন cutt.ly/owEyhCVt"
smish,"ফ্রী ফেসবুক থেকে ইনকাম করুন ইনবক্স করুন
সততার সাথে কাজ করেন 🥰😍
সাপোর্ট (গ্রুপ এবং বট)
t.me/Facebook_ID_Sell1_bot 
অফিসিয়াল এডমিন👆",Bengali,ফ্রী ফেসবুক থেকে ইনকাম করুন ইনবক্স করুন সততার সাথে কাজ করেন 🥰😍 সাপোর্ট (গ্রুপ এবং বট) t.me/Facebook_ID_Sell1_bot অফিসিয়াল এডমিন👆
smish,আপনার ফেসবুক অ্যাকাউন্টটি অবিলম্বে আপডেট করুন। এখানে ক্লিক করুন: [facebooksecure.com/UpdateBD],Bengali,আপনার ফেসবুক অ্যাকাউন্টটি অবিলম্বে আপডেট করুন। এখানে ক্লিক করুন: [URL]
smish,বাংলাদেশ ব্যাংক অ্যাকাউন্ট ব্লক হয়েছে। পুনরায় চালু করতে কল করুন: +8801718788890,Bengali,বাংলাদেশ ব্যাংক অ্যাকাউন্ট ব্লক হয়েছে। পুনরায় চালু করতে কল করুন: [PHONE]
smish,"১৫,০০০ টাকা বিনিয়োগে ৪৫,০০০ টাকা অর্জন করুন! কল করুন: +8801913233345",Bengali,"১৫,০০০ টাকা বিনিয়োগে ৪৫,০০০ টাকা অর্জন করুন! কল করুন: [PHONE]"
promo,"Applications are being invited online for the 'Sheikh Russel Award' from Bangladeshi children under 18 years and related institutions. Application deadline is May 20, 2023. Details: www.award.sheikhrussel.gov.bd",English,"Applications are being invited online for the 'Sheikh Russel Award' from Bangladeshi children under 18 years and related institutions. Application deadline is May 20, 2023. Details: [URL]"
normal,শুভ রথযাত্রা!,Bengali,শুভ রথযাত্রা!
smish,"Received amount 2.221 Bitcoin BTC ($18,421 USD) please confirm transaction: http://bit.do/Coinbase432194-53242",English,"Received amount 2.221 Bitcoin BTC ($18,421 USD) please confirm transaction: [URL]"
smish,"Want to earn 500 to 5000 TK daily through network marketing? I will teach you how to market for free, no money needed. First see the work, see the proof, if you like it, work. If anyone wants to work, inbox ❤️‍🩹",English,"Want to earn 500 to 5000 TK daily through network marketing? I will teach you how to market for free, no money needed. First see the work, see the proof, if you like it, work. If anyone wants to work, inbox ❤️‍🩹"
