label,text,source,text_clean,has_url,has_phone
smish,আপনি ৩ vori gold জিতেছেন! Claim করুন: +8801716677889,CodeMix,আপনি ৩ vori gold জিতেছেন! Claim করুন: [PHONE],False,True
smish,জনতা ব্যাংক অ্যাকাউন্ট ব্লক হয়েছে। পুনরায় চালু করতে কল করুন: +8801815566778,Bengali,জনতা ব্যাংক অ্যাকাউন্ট ব্লক হয়েছে। পুনরায় চালু করতে কল করুন: [PHONE],False,True
smish,"Attractive job এবং study, monthly salary 2 lakh+ এবং PR opportunity @ South Korea।
Free education এবং accommodation.
01720557103
01720557120
01321200716
01550402100",CodeMix,"Attractive job এবং study, monthly salary 2 lakh+ এবং PR opportunity @ South Korea। Free education এবং accommodation. [PHONE] [PHONE]",False,True
smish,আপনার mobile recharge করতে call করুন: +8801818788890,CodeMix,আপনার mobile recharge করতে call করুন: [PHONE],False,True
smish,Apple iPhone 13 win করেছেন! Delivery confirm করতে call করুন: +8801814567890,CodeMix,Apple iPhone 13 win করেছেন! Delivery confirm করতে call করুন: [PHONE],False,True
smish,100% scholarship for studying abroad. No fee required. Contact today to apply. Contact: 01567546390,English,100% scholarship for studying abroad. No fee required. Contact today to apply. Contact: [PHONE],False,True
smish,আপনার মোবাইল রিচার্জ করতে কল করুন: +8801818899001,Bengali,আপনার মোবাইল রিচার্জ করতে কল করুন: [PHONE],False,True
smish,আপনার পুরস্কারের টাকা পেতে কল করুন: +8801811234567,Bengali,আপনার পুরস্কারের টাকা পেতে কল করুন: [PHONE],False,True
smish,Apnar number ta ekta bishesh offer e nirbachito hoyeche! Puroskar pete call korun +8801716677889,Banglish,Apnar number ta ekta bishesh offer e nirbachito hoyeche! Puroskar pete call korun [PHONE],False,True
smish,নগদ অ্যাকাউন্টে ত্রুটি দেখা দিয়েছে। কল করুন: +8801812122134,Bengali,নগদ অ্যাকাউন্টে ত্রুটি দেখা দিয়েছে। কল করুন: [PHONE],False,True
smish,Congratulations! You won 1 crore TK lottery. Contact us to claim prize: 01567546390,English,Congratulations! You won 1 crore TK lottery. Contact us to claim prize: [PHONE],False,True
smish,There is a problem with Bangladesh Bank account. Call: +8801818899001,English,There is a problem with Bangladesh Bank account. Call: [PHONE],False,True
smish,Sonali Bank theke apnar jonno joruri barta. Call korun: +8801716677889,Banglish,Sonali Bank theke apnar jonno joruri barta. Call korun: [PHONE],False,True
smish,খণ্ডকালীন জব।বেতন 5000 BDT/দিন।ঘরে বসে কাজ : wa.me/85295102105,Bengali,খণ্ডকালীন জব।বেতন 5000 BDT/দিন।ঘরে বসে কাজ : wa.me/ [PHONE],False,True
smish,"1,00,000 TK binyoge 2,00,000 TK pan! Call korun: +8801919899901",Banglish,"1,00,000 TK binyoge 2,00,000 TK pan! Call korun: [PHONE]",False,True
smish,"10,000 TK has been deposited in Nagad account. Call for details: +8801817677789",English,"10,000 TK has been deposited in Nagad account. Call for details: [PHONE]",False,True
smish,"আপনার CV pass হয়েছে এবং আপনি home থেকে আপনার mobile phone-এর মাধ্যমে work করতে পারবেন এবং daily 2,000 টাকা পাবেন। এখনই join করুন: wa.me/8801865655560",CodeMix,"আপনার CV pass হয়েছে এবং আপনি home থেকে আপনার mobile phone-এর মাধ্যমে work করতে পারবেন এবং daily 2,000 টাকা পাবেন। এখনই join করুন: wa.me/ [PHONE]",False,True
smish,আপনার account-এর security verify করতে call করুন +8801916677889,CodeMix,আপনার account-এর security verify করতে call করুন [PHONE],False,True
smish,Apnar account block hoye jabe. Jogajog korun 01789765432।,Banglish,Apnar account block hoye jabe. Jogajog korun [PHONE] ।,False,True
smish,Priyo grahok apnar bidyut shongog bichchinno kora hobe aj raat 10.30 minute theke bidyut office. Karon apnar ager masher bill chilo na update obilombe doya kore amader shathe jogajog korun bidyut kormokrta 9163657962 dhonnobad,Banglish,Priyo grahok apnar bidyut shongog bichchinno kora hobe aj raat 10.30 minute theke bidyut office. Karon apnar ager masher bill chilo na update obilombe doya kore amader shathe jogajog korun bidyut kormokrta [PHONE] dhonnobad,False,True
smish,Nagad account-এ error দেখা দিয়েছে। Call করুন: +8801812122134,CodeMix,Nagad account-এ error দেখা দিয়েছে। Call করুন: [PHONE],False,True
smish,অ্যাপল আইফোন ১৩ জিতেছেন! ডেলিভারি নিশ্চিত করতে কল করুন: +8801814567890,Bengali,অ্যাপল আইফোন ১৩ জিতেছেন! ডেলিভারি নিশ্চিত করতে কল করুন: [PHONE],False,True
smish,Apnar insurance policy update korte call korun +8801816677889,Banglish,Apnar insurance policy update korte call korun [PHONE],False,True
smish,"Dear customer, your card information needs to be updated. Please call the number below quickly and tell your pin number. Contact number: 01345678956",English,"Dear customer, your card information needs to be updated. Please call the number below quickly and tell your pin number. Contact number: [PHONE]",False,True
smish,💖 Want to learn কাজ for free and earn money? প্রতিদিন earn করুন TK400-500. যোগাযোগ করুন: ০১৭২২৬৭২৩৯১,CodeMix,💖 Want to learn কাজ for free and earn money? প্রতিদিন earn করুন TK400-500. যোগাযোগ করুন: [PHONE],False,True
smish,"Invest TK 8,000 and get TK 24,000! Call: +8801919900112",English,"Invest TK 8,000 and get TK 24,000! Call: [PHONE]",False,True
smish,আপনার অ্যাকাউন্টটি ভেরিফাই করতে কল করুন +8801813344556,Bengali,আপনার অ্যাকাউন্টটি ভেরিফাই করতে কল করুন [PHONE],False,True
smish,Apnar number ti ekti bishesh offer e nirbachito hoyeche! Puroshkar pete call korun +8801711122334,Banglish,Apnar number ti ekti bishesh offer e nirbachito hoyeche! Puroshkar pete call korun [PHONE],False,True
smish,আপনার account hack হতে পারে। দ্রুত ৩০০০ টাকা পাঠান এই number-এ: ০১৭৮৯৬৫৪৩২।,CodeMix,আপনার account hack হতে পারে। দ্রুত ৩০০০ টাকা পাঠান এই number-এ: [PHONE] ।,False,True
smish,আপনার Bank account-এ ২ crore deposited! Confirm: +8801917677789,CodeMix,আপনার Bank account-এ ২ crore deposited! Confirm: [PHONE],False,True
smish,bKash account e truti dekha diyeche. Druto somadhan er jonno call korun: +8801917677789,Banglish,bKash account e truti dekha diyeche. Druto somadhan er jonno call korun: [PHONE],False,True
smish,দারুণ খবর! আমাদের ভ্রমণ প্যাকেজে ৭০% ডিসকাউন্ট! দ্রুত বুকিং করুন এই নম্বরে :01317235293,Bengali,দারুণ খবর! আমাদের ভ্রমণ প্যাকেজে ৭০% ডিসকাউন্ট! দ্রুত বুকিং করুন এই নম্বরে : [PHONE],False,True
smish,"Joruri niyog, thaka khawar shubidha shoh 30,000 taka beton/salary jogajog 01727827826",Banglish,"Joruri niyog, thaka khawar shubidha shoh 30,000 taka beton/salary jogajog [PHONE]",False,True
smish,"1,00,000 টাকা investment-এ 3,00,000 টাকা পান! Call করুন: +8801914344356",CodeMix,"1,00,000 টাকা investment-এ 3,00,000 টাকা পান! Call করুন: [PHONE]",False,True
smish,আপনার নম্বরটি পুরস্কার জিতেছে। বিস্তারিত জানতে কল করুন +8801718899001,Bengali,আপনার নম্বরটি পুরস্কার জিতেছে। বিস্তারিত জানতে কল করুন [PHONE],False,True
smish,"""আপনার ATM কার্ড ব্লক করা হয়েছে। পুনরায় সক্রিয় করতে এই নম্বরে আপনার কার্ড নম্বর পাঠান: 0123456789""",Bengali,"""আপনার ATM কার্ড ব্লক করা হয়েছে। পুনরায় সক্রিয় করতে এই নম্বরে আপনার কার্ড নম্বর পাঠান: [PHONE] """,False,True
smish,নগদ অ্যাকাউন্ট ব্লক হয়েছে। পুনরায় চালু করতে কল করুন: +8801716566678,Bengali,নগদ অ্যাকাউন্ট ব্লক হয়েছে। পুনরায় চালু করতে কল করুন: [PHONE],False,True
smish,আপনার mobile banking account update করতে call করুন +8801916677889,CodeMix,আপনার mobile banking account update করতে call করুন [PHONE],False,True
smish,BRAC lottery result: Apni 2nd prize e brand new car jitachen. Claim korte verification fee pathate hobe Bkash number 01711223344 e. Fee na pathale apnar prize cancel hoye jabe. Claim ekhuni confirm korun.,Banglish,BRAC lottery result: Apni 2nd prize e brand new car jitachen. Claim korte verification fee pathate hobe Bkash number [PHONE] e. Fee na pathale apnar prize cancel hoye jabe. Claim ekhuni confirm korun.,False,True
smish,"Dear customer, your electricity connection will be disconnected from the electricity office today at 11:30 PM because last month's bill has not been paid. Please contact our electricity officer immediately at 09874567456. Thank you.",English,"Dear customer, your electricity connection will be disconnected from the electricity office today at 11:30 PM because last month's bill has not been paid. Please contact our electricity officer immediately at [PHONE] . Thank you.",False,True
smish,Jonota Bank theke guruttopurno barta. Call korun: +8801715455567,Banglish,Jonota Bank theke guruttopurno barta. Call korun: [PHONE],False,True
smish,"Priyo abedonkari, Mongol 04/05 tarikh-e sokal 9 tay @1st tolay kendro shotru netritwer sathe ekti inter-view-er jonno apnake bachai kora hoyeche. Onusondhaner jonno onugroho kore jogajog korun: 09029900659",Banglish,"Priyo abedonkari, Mongol 04/05 tarikh-e sokal 9 tay @1st tolay kendro shotru netritwer sathe ekti inter-view-er jonno apnake bachai kora hoyeche. Onusondhaner jonno onugroho kore jogajog korun: [PHONE]",False,True
smish,আপনার মোবাইল নম্বরটি হাই-এন্ড ল্যাপটপ জিতেছে! পুরস্কার পেতে কল করুন +8801819900012,Bengali,আপনার মোবাইল নম্বরটি হাই-এন্ড ল্যাপটপ জিতেছে! পুরস্কার পেতে কল করুন [PHONE],False,True
smish,"আপনার mobile number-টি 10,000 টাকা lottery জিতেছে! বিস্তারিত জানতে call করুন +8801712345678",CodeMix,"আপনার mobile number-টি 10,000 টাকা lottery জিতেছে! বিস্তারিত জানতে call করুন [PHONE]",False,True
smish,আপনার job application approved হয়েছে এবং salary প্রতি month-এ 40000 টাকা। Contact information: 8801715717370,CodeMix,আপনার job application approved হয়েছে এবং salary প্রতি month-এ 400 টাকা। Contact information: [PHONE],False,True
smish,"Nagad account এ TK10,000 জমা হয়েছে। বিস্তারিত জানতে call করুন: +8801817677789",CodeMix,"Nagad account এ TK10,000 জমা হয়েছে। বিস্তারিত জানতে call করুন: [PHONE]",False,True
smish,Jonota Bank theke joruri borto. Call korun: +8801719900112,Banglish,Jonota Bank theke joruri borto. Call korun: [PHONE],False,True
smish,"নগদ অ্যাকাউন্ট থেকে ৫,০০০ টাকা পুরস্কার জিতেছেন! বিস্তারিত জানতে কল করুন: +8801918899001",Bengali,"নগদ অ্যাকাউন্ট থেকে ৫,০০০ টাকা পুরস্কার জিতেছেন! বিস্তারিত জানতে কল করুন: [PHONE]",False,True
smish,আপনার gas bill due রয়েছে। Immediately payment করুন। Call করুন +8801814455667,CodeMix,আপনার gas bill due রয়েছে। Immediately payment করুন। Call করুন [PHONE],False,True
smish,আপনার internet connection পুনরায় activate করতে call করুন +8801816677889,CodeMix,আপনার internet connection পুনরায় activate করতে call করুন [PHONE],False,True
smish,"Sonali Bank theke 1,000 taka puroshkar jitechen! Bistarito jante call korun: +8801712122134",Banglish,"Sonali Bank theke 1,000 taka puroshkar jitechen! Bistarito jante call korun: [PHONE]",False,True
smish,"Your land sale money has been deposited, call: +8801819900112",English,"Your land sale money has been deposited, call: [PHONE]",False,True
smish,"প্রিয় customer আপনার
electric connection disconnect করা হবে
today রাত ১০.৩০ minute-এ
থেকে
electricity office।
কারণ আপনার
last month-র bill pay ছিল না
Update immediately please
আমাদের সাথে contact করুন
electric officer
9163657962 Thank you",CodeMix,প্রিয় customer আপনার electric connection disconnect করা হবে today রাত ১০.৩০ minute-এ থেকে electricity office। কারণ আপনার last month-র bill pay ছিল না Update immediately please আমাদের সাথে contact করুন electric officer [PHONE] Thank you,False,True
smish,"1,000 taka has been deposited in Nagad account. Call for details: +8801711011123",English,"1,000 taka has been deposited in Nagad account. Call for details: [PHONE]",False,True
smish,Just having a mobile you can also earn at least TK 15000-20000 per month. For details 01783627284,English,Just having a mobile you can also earn at least TK [PHONE] per month. For details [PHONE],False,True
smish,আপনি ১ ভরি সোনা জিতেছেন! পুরস্কার নিতে কল করুন: +8801819876543,Bengali,আপনি ১ ভরি সোনা জিতেছেন! পুরস্কার নিতে কল করুন: [PHONE],False,True
smish,আপনার ব্যাংক অ্যাকাউন্টে ২ কোটি টাকা জমা হয়েছে! নিশ্চিত করতে কল করুন: +8801917677789,Bengali,আপনার ব্যাংক অ্যাকাউন্টে ২ কোটি টাকা জমা হয়েছে! নিশ্চিত করতে কল করুন: [PHONE],False,True
smish,আপনার internet connection আবার চালু করতে call করুন +8801811122334,CodeMix,আপনার internet connection আবার চালু করতে call করুন [PHONE],False,True
smish,"আপনার মৌলিক স্থায়ীত্বের মধ্যে ক্যামব্রিজ ইউনিভার্সিটি এপ্লিকেশন ফি মুক্ত! পড়ার স্বপ্ন পূরণ করতে আজই যোগাযোগ করুন - ০১৭৪৬৬৩৫৭২৫""",Bengali,"আপনার মৌলিক স্থায়ীত্বের মধ্যে ক্যামব্রিজ ইউনিভার্সিটি এপ্লিকেশন ফি মুক্ত! পড়ার স্বপ্ন পূরণ করতে আজই যোগাযোগ করুন - [PHONE] """,False,True
smish,"""Abhinondon! Apni pasen"" ""Bkash"""" & BRAC""""N.G.O"""" pokko teke """"STUDENT britt"""" (Taka-10,499/) apnar poriman ID: ekhon apnar prothoi nirbachon korun: Bistrito janta kol korun office: 01794567889 (am 11 to 5pm) othoba""""thik achhe""""lekha SMS korbo? Amra apnar kacha kol korbo.!""",Banglish,"""Abhinondon! Apni pasen"" ""Bkash"""" & BRAC""""N.G.O"""" pokko teke """"STUDENT britt"""" (Taka-10,499/) apnar poriman ID: ekhon apnar prothoi nirbachon korun: Bistrito janta kol korun office: [PHONE] (am 11 to 5pm) othoba""""thik achhe""""lekha SMS korbo? Amra apnar kacha kol korbo.!""",False,True
smish,"You will not get your money delayed, call quickly: +8801912345678",English,"You will not get your money delayed, call quickly: [PHONE]",False,True
smish,আপনার ব্যাংক অ্যাকাউন্টে ১ কোটি টাকা জমা হয়েছে! নিশ্চিত করতে কল করুন: +8801914344456,Bengali,আপনার ব্যাংক অ্যাকাউন্টে ১ কোটি টাকা জমা হয়েছে! নিশ্চিত করতে কল করুন: [PHONE],False,True
smish,"Nagad account থেকে 5,000 টাকা prize জিতেছেন! বিস্তারিত জানতে call করুন: +8801918899001",CodeMix,"Nagad account থেকে 5,000 টাকা prize জিতেছেন! বিস্তারিত জানতে call করুন: [PHONE]",False,True
smish,জনতা ব্যাংক থেকে জরুরি বার্তা। কল করুন: +8801913233245,Bengali,জনতা ব্যাংক থেকে জরুরি বার্তা। কল করুন: [PHONE],False,True
smish,Bangladesh Bank account block হয়েছে। Again activate করতে call করুন: +8801713233245,CodeMix,Bangladesh Bank account block হয়েছে। Again activate করতে call করুন: [PHONE],False,True
smish,আপনার মোবাইল রিচার্জ করতে কল করুন: +8801814344356,Bengali,আপনার মোবাইল রিচার্জ করতে কল করুন: [PHONE],False,True
smish,"১০০% গেরান্টিসহ মালেশিয়ান, ইউরোপিয়ান,আমেরিকা, কানাডা ভিসা পেতে আজই যোগাযোগ করুন ০১৭৬৫৪৩৩৪২২, অগ্রীম ফি লাগবে না। ",Bengali,"১০০% গেরান্টিসহ মালেশিয়ান, ইউরোপিয়ান,আমেরিকা, কানাডা ভিসা পেতে আজই যোগাযোগ করুন [PHONE] , অগ্রীম ফি লাগবে না।",False,True
smish,আপনার মোবাইল রিচার্জ করতে কল করুন: +8801815455567,Bengali,আপনার মোবাইল রিচার্জ করতে কল করুন: [PHONE],False,True
smish,Apni 4 bhori shona jitechen! Bistarito jante call korun: +8801719900112,Banglish,Apni 4 bhori shona jitechen! Bistarito jante call korun: [PHONE],False,True
smish,আপনার অ্যাকাউন্টের সুরক্ষা যাচাই করতে কল করুন +8801916677889,Bengali,আপনার অ্যাকাউন্টের সুরক্ষা যাচাই করতে কল করুন [PHONE],False,True
smish,"৫,০০০ টাকা বিনিয়োগে ১৫,০০০ টাকা অর্জন করুন! কল করুন: +8801916677889",Bengali,"৫,০০০ টাকা বিনিয়োগে ১৫,০০০ টাকা অর্জন করুন! কল করুন: [PHONE]",False,True
smish,"Ei linkti onushron korun apnar binamulyer puroshkar dabi korte, jogajog korun: 01956789215",Banglish,"Ei linkti onushron korun apnar binamulyer puroshkar dabi korte, jogajog korun: [PHONE]",False,True
smish,"50,000 taka biniyog e 1,50,000 taka orjon korun! Call korun: +8801717677789",Banglish,"50,000 taka biniyog e 1,50,000 taka orjon korun! Call korun: [PHONE]",False,True
smish,আপনার mobile SIM পুনরায় activate করতে call করুন +8801915566778,CodeMix,আপনার mobile SIM পুনরায় activate করতে call করুন [PHONE],False,True
smish,Kono down payment charai 100% gari loan shubidha. Ajei abednon korun. Jogajog: 01867546389,Banglish,Kono down payment charai 100% gari loan shubidha. Ajei abednon korun. Jogajog: [PHONE],False,True
smish,bKash অ্যাকাউন্টে ত্রুটি দেখা দিয়েছে। দ্রুত সমাধানের জন্য কল করুন: +8801917677789,Bengali,bKash অ্যাকাউন্টে ত্রুটি দেখা দিয়েছে। দ্রুত সমাধানের জন্য কল করুন: [PHONE],False,True
smish,Apple iPhone 12 jitechen! Delivery nishchit korte call korun: +8801814455667,Banglish,Apple iPhone 12 jitechen! Delivery nishchit korte call korun: [PHONE],False,True
smish,Your Dutch Bangla Bank card is blocked. Reactivate: dutchbangla-help.net or call 01777-123456,English,Your Dutch Bangla Bank card is blocked. Reactivate: [URL] or call [PHONE],True,True
smish,Error detected in bKash account. Call for quick solution: +8801917677789,English,Error detected in bKash account. Call for quick solution: [PHONE],False,True
smish,Call to verify your bank account +8801812233445,English,Call to verify your bank account [PHONE],False,True
smish,আপনার গ্যাস সংযোগ পুনরায় সক্রিয় করতে কল করুন +8801719900012,Bengali,আপনার গ্যাস সংযোগ পুনরায় সক্রিয় করতে কল করুন [PHONE],False,True
smish,Error has occurred in Bangladesh Bank account. Call: +8801819899901,English,Error has occurred in Bangladesh Bank account. Call: [PHONE],False,True
smish,আপনার মোবাইল সিম পুনরায় চালু করতে কল করুন +8801915566778,Bengali,আপনার মোবাইল সিম পুনরায় চালু করতে কল করুন [PHONE],False,True
smish,Sonali Bank accounte shomoshya hoyeche. Call korun: +8801813233345,Banglish,Sonali Bank accounte shomoshya hoyeche. Call korun: [PHONE],False,True
smish,"You have been selected for government bonus scheme, contact 01723122576 to receive up to 50,000
Bonus scheme
Bangladesh Ministry of Finance",English,"You have been selected for government bonus scheme, contact [PHONE] to receive up to 50,000 Bonus scheme Bangladesh Ministry of Finance",False,True
smish,"১,০০,০০০ টাকা বিনিয়োগে ৩,০০,০০০ টাকা পান! কল করুন: +8801914344356",Bengali,"১,০০,০০০ টাকা বিনিয়োগে ৩,০০,০০০ টাকা পান! কল করুন: [PHONE]",False,True
smish,"bKash account এ TK 5,000 deposited হয়েছে। Details জানতে call করুন: +8801810900912",CodeMix,"bKash account এ TK 5,000 deposited হয়েছে। Details জানতে call করুন: [PHONE]",False,True
smish,◆ যোগ‍্যতা থাকলে online পড়িয়ে earning করা যায়। এজন‍্য User-10381381741225860264 মহাশয়ের সাথে যোগাযোগ করতে পারেন।,CodeMix,◆ যোগ‍্যতা থাকলে online পড়িয়ে earning করা যায়। এজন‍্য User- [PHONE] মহাশয়ের সাথে যোগাযোগ করতে পারেন।,False,True
smish,Your basic sustainability includes Cambridge University application fee waiver! Contact today to fulfill your dream of studying - 01746635725,English,Your basic sustainability includes Cambridge University application fee waiver! Contact today to fulfill your dream of studying - [PHONE],False,True
smish,Apnar mobile number ti high-end laptop jiteche! Puraskar pete kol korun +8801819900012,Banglish,Apnar mobile number ti high-end laptop jiteche! Puraskar pete kol korun [PHONE],False,True
smish,Bangladesh Bank theke guruttopurno barta. Joruri bhittite call korun: +8801812345678,Banglish,Bangladesh Bank theke guruttopurno barta. Joruri bhittite call korun: [PHONE],False,True
smish,Bangladesh Bank theke joruri barta. Call korun: +8801915566778,Banglish,Bangladesh Bank theke joruri barta. Call korun: [PHONE],False,True
smish,"Uddipan।Post: FPO & Branch Accountant। Exam: ০৪/০৫/২৪ (Saturday)। Time: ০৯:০০ AM। Venue: Sylhet Zone Office। Documents: ২ copy photo, CV, application, NID copy, certificates। Address: Shobhashram, ২/১,J block, Shahjalal Uposhohor। Contact: ০১৩২২-৮০৩৫১২।",CodeMix,"Uddipan।Post: FPO & Branch Accountant। Exam: ০৪/০৫/২৪ (Saturday)। Time: ০৯:০০ AM। Venue: Sylhet Zone Office। Documents: ২ copy photo, CV, application, NID copy, certificates। Address: Shobhashram, ২/১,J block, Shahjalal Uposhohor। Contact: [PHONE] ।",False,True
smish,আপনার সঞ্চয় দ্বিগুণ করার সুযোগ! কল করুন: +8801712122234,Bengali,আপনার সঞ্চয় দ্বিগুণ করার সুযোগ! কল করুন: [PHONE],False,True
smish,Bkash anti-fraud team er notice: Apnar wallet er upor foreign device theke repeated login attempt detect kora hoyeche. Ei suspicious activity protect korte apnar OTP and PIN confirm korte hobe. Please reply to 01712398765 within 2hr. Na korle wallet block hoye jabe permanently.,Banglish,Bkash anti-fraud team er notice: Apnar wallet er upor foreign device theke repeated login attempt detect kora hoyeche. Ei suspicious activity protect korte apnar OTP and PIN confirm korte hobe. Please reply to [PHONE] within 2hr. Na korle wallet block hoye jabe permanently.,False,True
smish,আপনার mobile SIM পুনরায় activate করতে call করুন +8801910011223,CodeMix,আপনার mobile SIM পুনরায় activate করতে call করুন [PHONE],False,True
smish,Apnar mobile application update korte call korun +8801917788990,Banglish,Apnar mobile application update korte call korun [PHONE],False,True
smish,আপনার bank account-এ ১০ crore TK deposit হয়েছে! Confirm করতে call করুন: +8801913233245,CodeMix,আপনার bank account-এ ১০ crore TK deposit হয়েছে! Confirm করতে call করুন: [PHONE],False,True
smish,"Get 3,00,000 taka by investing 1,00,000 taka! Call: +8801914344356",English,"Get 3,00,000 taka by investing 1,00,000 taka! Call: [PHONE]",False,True
smish,"Dear applicant, you have been selected for an interview with the center enemy leadership on Tuesday 04/05 at 9 AM @1st floor. Please contact for inquiry: 09029900659",English,"Dear applicant, you have been selected for an interview with the center enemy leadership on Tuesday 04/05 at 9 AM @1st floor. Please contact for inquiry: [PHONE]",False,True
smish,GP mega prize announcement: Apni GP special lucky draw te 5 lakh TK win korechen. Prize collect korte verification fee pay korte hobe. Call now: 01876543210. Late hole prize cancel hoye jabe.,Banglish,GP mega prize announcement: Apni GP special lucky draw te 5 lakh TK win korechen. Prize collect korte verification fee pay korte hobe. Call now: [PHONE] . Late hole prize cancel hoye jabe.,False,True
smish,Great news! 70% discount on our travel packages! Quick booking at this number: 01317235293,English,Great news! 70% discount on our travel packages! Quick booking at this number: [PHONE],False,True
smish,আপনার মোবাইল রিচার্জ করতে কল করুন: +8801812233445,Bengali,আপনার মোবাইল রিচার্জ করতে কল করুন: [PHONE],False,True
smish,আপনার mobile recharge করতে call করুন: +8801811011023,CodeMix,আপনার mobile recharge করতে call করুন: [PHONE],False,True
smish,"Congratulations! You've been selected for BRAC NGO student scholarship (10,499TK). Call office: 01794567889 (11am-5pm) or reply 'OK' via SMS.",English,"Congratulations! You've been selected for BRAC NGO student scholarship (10,499TK). Call office: [PHONE] (11am-5pm) or reply 'OK' via SMS.",False,True
smish,আপনার নম্বরটি একটি বিশেষ অফারে নির্বাচিত হয়েছে! পুরস্কার পেতে কল করুন +8801711122334,Bengali,আপনার নম্বরটি একটি বিশেষ অফারে নির্বাচিত হয়েছে! পুরস্কার পেতে কল করুন [PHONE],False,True
smish,24 ghontar moddhe 5 lokkho taka loan nishchito. Kono joma ba dalali nei. Ajei abedon korun. Jogajog: 01867546389,Banglish,24 ghontar moddhe 5 lokkho taka loan nishchito. Kono joma ba dalali nei. Ajei abedon korun. Jogajog: [PHONE],False,True
smish,Get help with career planning! Choose the ideal workplace for you and plan the right strategy. Get professional help - 01746635725,English,Get help with career planning! Choose the ideal workplace for you and plan the right strategy. Get professional help - [PHONE],False,True
smish,সোনালী ব্যাংক অ্যাকাউন্টে সমস্যা হয়েছে। কল করুন: +8801813233245,Bengali,সোনালী ব্যাংক অ্যাকাউন্টে সমস্যা হয়েছে। কল করুন: [PHONE],False,True
smish,বাংলাদেশ ব্যাংক অ্যাকাউন্ট ব্লক হয়েছে। পুনরায় চালু করতে কল করুন: +8801713233245,Bengali,বাংলাদেশ ব্যাংক অ্যাকাউন্ট ব্লক হয়েছে। পুনরায় চালু করতে কল করুন: [PHONE],False,True
smish,Call +8801914455667 to reset your debit card PIN.,English,Call [PHONE] to reset your debit card PIN.,False,True
smish,Call +8801910011223 to reactivate your mobile SIM,English,Call [PHONE] to reactivate your mobile SIM,False,True
smish,Apnar bank account e 2 koti taka joma hoyeche! Nischito korte kol korun: +8801917677789,Banglish,Apnar bank account e 2 koti taka joma hoyeche! Nischito korte kol korun: [PHONE],False,True
smish,Call +8801715566778 to update your credit score,English,Call [PHONE] to update your credit score,False,True
smish,Sonali Bank account e truti dekha diyeche. Call korun: +8801914455667,Banglish,Sonali Bank account e truti dekha diyeche. Call korun: [PHONE],False,True
smish,"Nagad account theke 5,000 taka puraskar jitechen! Bistarioto jante call korun: +8801919899901",Banglish,"Nagad account theke 5,000 taka puraskar jitechen! Bistarioto jante call korun: [PHONE]",False,True
smish,আপনার account-এর info update করতে call করুন +8801712233445,CodeMix,আপনার account-এর info update করতে call করুন [PHONE],False,True
smish,bKash অ্যাকাউন্ট পুনরায় চালু করতে কল করুন: +8801714344356,Bengali,bKash অ্যাকাউন্ট পুনরায় চালু করতে কল করুন: [PHONE],False,True
smish,Urgent message from Bangladesh Bank. Call: +8801911011023,English,Urgent message from Bangladesh Bank. Call: [PHONE],False,True
smish,"Dear customer, 8990 TK। K Enterprice ds POS/ECOM.Txn# এ 23-02-2020 তারিখে XX কার্ডে txn করা হয়েছে। আপনার দ্বারা করা হয়নি, registered mobile number থেকে এই SMS টি forward করুন। 18604195555",CodeMix,"Dear customer, 8990 TK। K Enterprice ds POS/ECOM.Txn# এ 23-02-2020 তারিখে XX কার্ডে txn করা হয়েছে। আপনার দ্বারা করা হয়নি, registered mobile number থেকে এই SMS টি forward করুন। [PHONE]",False,True
smish,"""মেঘের রঙের জন্য স্বাগতম! আসুন আপনার ঘরবসতি সাজিয়ে নেই সহজ কিস্তিতে। অনলাইন অর্ডার দিন এবং সম্ভবত এই মাসের মধ্যে পাওয়ার সুযোগ নিন - ০১৭৪৬৬৩৫৭২৫""",Bengali,"""মেঘের রঙের জন্য স্বাগতম! আসুন আপনার ঘরবসতি সাজিয়ে নেই সহজ কিস্তিতে। অনলাইন অর্ডার দিন এবং সম্ভবত এই মাসের মধ্যে পাওয়ার সুযোগ নিন - [PHONE] """,False,True
smish,"Just invest 2,000 TK and 5 minute এর মধ্যে 4,000 TK earn করুন! Call now: +8801714567890",CodeMix,"Just invest 2,000 TK and 5 minute এর মধ্যে 4,000 TK earn করুন! Call now: [PHONE]",False,True
smish,Jonota Bank account e shomoshya hoyeche. Call korun: +8801816566678,Banglish,Jonota Bank account e shomoshya hoyeche. Call korun: [PHONE],False,True
smish,"To recharge your mobile, call now: +8801812233445",CodeMix,"To recharge your mobile, call now: [PHONE]",False,True
smish," সুবর্ণ সুযোগ! ঘরে বসে ডাটা এন্ট্রি করে প্রতিদিন ১০০০-২০০০ টাকা আয় করুন। রেজিস্ট্রেশন ফি মাত্র ১০০ টাকা। নাম,বয়স,শহর, জাতীয় পরিচয়পত্র নম্বর সহ যোগাযোগ  whatsapp ৭৬০২২৩৬৩১৭",Bengali,"সুবর্ণ সুযোগ! ঘরে বসে ডাটা এন্ট্রি করে প্রতিদিন ১০০০-২০০০ টাকা আয় করুন। রেজিস্ট্রেশন ফি মাত্র ১০০ টাকা। নাম,বয়স,শহর, জাতীয় পরিচয়পত্র নম্বর সহ যোগাযোগ whatsapp [PHONE]",False,True
smish,বিদেশে education-এর জন্য 100% scholarship। কোন fee নেই। Apply করতে আজই contact করুন। Contact: ০১৫৬৭৫৪৬৩৯০,CodeMix,বিদেশে education-এর জন্য 100% scholarship। কোন fee নেই। Apply করতে আজই contact করুন। Contact: [PHONE],False,True
smish,আপনার mobile application update করতে call করুন +8801912233445,CodeMix,আপনার mobile application update করতে call করুন [PHONE],False,True
smish,আপনার মোবাইল নম্বর লটারিতে জিতেছে! ৮ লক্ষ টাকা নিতে কল: 01999888777,Bengali,আপনার মোবাইল নম্বর লটারিতে জিতেছে! ৮ লক্ষ টাকা নিতে কল: [PHONE],False,True
smish,Urgent message from Janata Bank. Call: +8801913233345,English,Urgent message from Janata Bank. Call: [PHONE],False,True
smish,Apnar number-ti ekti bishesh offer-e nirbachito hoyeche! Puruskar pete call korun +8801712233445,Banglish,Apnar number-ti ekti bishesh offer-e nirbachito hoyeche! Puruskar pete call korun [PHONE],False,True
smish,bKash account-এ ত্রুটি দেখা দিয়েছে। দ্রুত solution-এর জন্য call করুন: +8801819900112,CodeMix,bKash account-এ ত্রুটি দেখা দিয়েছে। দ্রুত solution-এর জন্য call করুন: [PHONE],False,True
smish,100% car loan facility without any down payment. Apply today. Contact: 01867546389,English,100% car loan facility without any down payment. Apply today. Contact: [PHONE],False,True
smish,"Earn 1,50,000 taka by investing 50,000 taka! Call: +8801717677789",English,"Earn 1,50,000 taka by investing 50,000 taka! Call: [PHONE]",False,True
smish,আপনি ১ ভরি সোনা জিতেছেন! prize নিতে call করুন: +8801819876543,CodeMix,আপনি ১ ভরি সোনা জিতেছেন! prize নিতে call করুন: [PHONE],False,True
smish,Earn online income from home! No training required. Call for details: +91 8927623713,English,Earn online income from home! No training required. Call for details: [PHONE],False,True
smish,Apnar account shurakkkhito noy. 4000 taka pathan ei number e: 01789765432l.,Banglish,Apnar account shurakkkhito noy. 4000 taka pathan ei number e: [PHONE] l.,False,True
smish,1 crore taka has been deposited in your bank account! Call to confirm: +8801914344456,English,1 crore taka has been deposited in your bank account! Call to confirm: [PHONE],False,True
smish,Janata Bank থেকে important বার্তা। call করুন: +8801715455567,CodeMix,Janata Bank থেকে important বার্তা। call করুন: [PHONE],False,True
smish,শুধুমাত্র আপুদের জন্যে😍😍 ঘরে বসেই ফোন এর মাধ্যমে কাজটি করতে পারবেন☺ অযথা fb তে সময় না কাটিয়ে সেই সময়টুকু ব্যবহার করে দৈনিক ২০০ -৪০০ টাকা এবং মাসে ৬০০০-১২০০০ টাকা ইনকাম করতে পারবেন In sha Allah😍,Bengali,শুধুমাত্র আপুদের জন্যে😍😍 ঘরে বসেই ফোন এর মাধ্যমে কাজটি করতে পারবেন☺ অযথা fb তে সময় না কাটিয়ে সেই সময়টুকু ব্যবহার করে দৈনিক ২০০ -৪০০ টাকা এবং মাসে [PHONE] টাকা ইনকাম করতে পারবেন In sha Allah😍,False,True
smish,"Emergency নিয়োগ,  থাকা খাওয়ার facility সহ ৩০,০০০ টাকার salary যোগাযোগ ০১৭২৭৮২৭৮২৬",CodeMix,"Emergency নিয়োগ, থাকা খাওয়ার facility সহ ৩০,০০০ টাকার salary যোগাযোগ [PHONE]",False,True
smish,"আপনার জমি বিক্রির টাকা জমা হয়েছে, কল করুন: +8801816677889",Bengali,"আপনার জমি বিক্রির টাকা জমা হয়েছে, কল করুন: [PHONE]",False,True
smish,সোনালী ব্যাংক থেকে আপনার জন্য জরুরি বার্তা। কল করুন: +8801716677889,Bengali,সোনালী ব্যাংক থেকে আপনার জন্য জরুরি বার্তা। কল করুন: [PHONE],False,True
smish,আপনি ৩ ভরি সোনা জিতেছেন! বিস্তারিত জানতে কল করুন: +8801716677889,Bengali,আপনি ৩ ভরি সোনা জিতেছেন! বিস্তারিত জানতে কল করুন: [PHONE],False,True
smish,Ghore boshe online income korun! Kono proshikkhon proyojon nei. Bistarito jante call korun: +91 8927623713,Banglish,Ghore boshe online income korun! Kono proshikkhon proyojon nei. Bistarito jante call korun: [PHONE],False,True
smish,জনতা bank account block হয়েছে। পুনরায় চালু করতে call করুন: +8801815566778,CodeMix,জনতা bank account block হয়েছে। পুনরায় চালু করতে call করুন: [PHONE],False,True
smish,আপনি ৪ ভরি সোনা জিতেছেন! বিস্তারিত জানতে কল করুন: +8801719900112,Bengali,আপনি ৪ ভরি সোনা জিতেছেন! বিস্তারিত জানতে কল করুন: [PHONE],False,True
smish,Apnar debit card er pin reset korte call korun +8801914455667,Banglish,Apnar debit card er pin reset korte call korun [PHONE],False,True
smish,"Apnar jomi bikrir taka joma hoyeche, call korun: +8801819899901",Banglish,"Apnar jomi bikrir taka joma hoyeche, call korun: [PHONE]",False,True
smish,ডাচ্-বাংলা ব্যাংক থেকে জানানো হচ্ছে যে আপনার কার্ড ব্লক করা হয়েছে। পুনরায় চালু করতে আপনার পিন ও কার্ড নম্বর SMS করুন +8801944456789 নাম্বারে।,Bengali,ডাচ্-বাংলা ব্যাংক থেকে জানানো হচ্ছে যে আপনার কার্ড ব্লক করা হয়েছে। পুনরায় চালু করতে আপনার পিন ও কার্ড নম্বর SMS করুন [PHONE] নাম্বারে।,False,True
smish,Bangladesh Bank থেকে emergency message। Call করুন: +8801915566778,CodeMix,Bangladesh Bank থেকে emergency message। Call করুন: [PHONE],False,True
smish,Your account will be blocked. Contact 01789765432.,English,Your account will be blocked. Contact [PHONE] .,False,True
smish,Emergency: Apnar NID misuse hoyeche ekta online transaction e. OTP send korun immediately to +8801998877665. Failure hole taka harano jabe.,Banglish,Emergency: Apnar NID misuse hoyeche ekta online transaction e. OTP send korun immediately to [PHONE] . Failure hole taka harano jabe.,False,True
smish,"You have won TK 5,000 prize from Nagad account! For details call: +8801918899001",English,"You have won TK 5,000 prize from Nagad account! For details call: [PHONE]",False,True
smish,আপনার phone number-টি 5000 টাকা reward জিতেছেন! Details জানতে call করুন +8801715566778,CodeMix,আপনার phone number-টি 5000 টাকা reward জিতেছেন! Details জানতে call করুন [PHONE],False,True
smish,Your number has been selected for a special offer! Call to receive prize +8801716677889,English,Your number has been selected for a special offer! Call to receive prize [PHONE],False,True
smish,"জরুরি নিয়োগ,  থাকা খাওয়ার সুবিধাসহ ৩০,০০০ টাকার বেতন/ সেলারি  যোগাযোগ ০১৭২৭৮২৭৮২৬",Bengali,"জরুরি নিয়োগ, থাকা খাওয়ার সুবিধাসহ ৩০,০০০ টাকার বেতন/ সেলারি যোগাযোগ [PHONE]",False,True
smish,Urgent police verification required. Fine avoid korte 2000TK bKash korun 01798765432 e.,Banglish,Urgent police verification required. Fine avoid korte 2000TK bKash korun [PHONE] e.,False,True
smish,আপনার internet package update করতে call করুন +8801714455667,CodeMix,আপনার internet package update করতে call করুন [PHONE],False,True
smish,💖 আপনি কি ফ্রি কাজ শিখতে চান। কাজের পাশাপাশি কি ইনকাম করতে চান?প্রতি দিন ৪০০থেকে৫০০ টাকা ইনকাম করতে পারবেন? তাহলে আর দেরি কেনো? এখনি যোগাযোগ করুন : ০১৭২২৬৭২৩৯১,Bengali,💖 আপনি কি ফ্রি কাজ শিখতে চান। কাজের পাশাপাশি কি ইনকাম করতে চান?প্রতি দিন ৪০০থেকে৫০০ টাকা ইনকাম করতে পারবেন? তাহলে আর দেরি কেনো? এখনি যোগাযোগ করুন : [PHONE],False,True
smish,apnar SIM card punoray sokriyo korte call korun +8801915566778,Banglish,apnar SIM card punoray sokriyo korte call korun [PHONE],False,True
smish,আপনার গ্যাস বিল বকেয়া রয়েছে। অবিলম্বে পেমেন্ট করুন। কল করুন +8801814455667,Bengali,আপনার গ্যাস বিল বকেয়া রয়েছে। অবিলম্বে পেমেন্ট করুন। কল করুন [PHONE],False,True
smish,২৪ ঘণ্টার মধ্যে ৫ লক্ষ টাকা লোন নিশ্চিত। কোন জমা বা দালালি নেই। আজই আবেদন করুন। যোগাযোগ: ০১৮৬৭৫৪৬৩৮৯,Bengali,২৪ ঘণ্টার মধ্যে ৫ লক্ষ টাকা লোন নিশ্চিত। কোন জমা বা দালালি নেই। আজই আবেদন করুন। যোগাযোগ: [PHONE],False,True
smish,"উপবৃত্তির 4200 টাকার জন্য
যোগাযোগ করুন: 01320660547
শিক্ষা বোর্ড",Bengali,উপবৃত্তির 4200 টাকার জন্য যোগাযোগ করুন: [PHONE] শিক্ষা বোর্ড,False,True
smish,"*Home-এ বসে form fillup কাজ। 
* ৫ form = ৫১০TK, 
আমাদের company-তে hiring চলছে। 
*Qualification: বাংলা পড়তে পারলেই হবে 
*WhatsApp থাকতে হবে। 
*Salary: ৮০০০-১৮০০০TK",CodeMix,"*Home-এ বসে form fillup কাজ। * ৫ form = ৫১০TK, আমাদের company-তে hiring চলছে। *Qualification: বাংলা পড়তে পারলেই হবে *WhatsApp থাকতে হবে। *Salary: [PHONE] TK",False,True
smish,"Dear customer your
electricity connection will be disconnected
today at 10.30 PM
from
Electricity Office.
Because your
previous month's bill was not
updated please
contact us immediately
Electricity Officer
9163657962 Thank you",English,Dear customer your electricity connection will be disconnected today at 10.30 PM from Electricity Office. Because your previous month's bill was not updated please contact us immediately Electricity Officer [PHONE] Thank you,False,True
smish,Nagad account block হয়েছে। Again চালু করতে call করুন: +8801811234567,CodeMix,Nagad account block হয়েছে। Again চালু করতে call করুন: [PHONE],False,True
smish,Call to reactivate your gas connection +8801719900012,English,Call to reactivate your gas connection [PHONE],False,True
smish,"Juktorajye nibondhito nurse hisabe ekta career toiri korun , mashik minimum soho 2 bochor er kajer visa. Prarombhik beton 3 lakh taka BSB,Dhaka Please Contact Us: 01332518402 , 01332518406",Banglish,"Juktorajye nibondhito nurse hisabe ekta career toiri korun , mashik minimum soho 2 bochor er kajer visa. Prarombhik beton 3 lakh taka BSB,Dhaka Please Contact Us: [PHONE] , [PHONE]",False,True
smish,জনতা ব্যাংক অ্যাকাউন্টে সমস্যা হয়েছে। কল করুন: +8801816566678,Bengali,জনতা ব্যাংক অ্যাকাউন্টে সমস্যা হয়েছে। কল করুন: [PHONE],False,True
smish,আপনার number-টি prize জিতেছে। বিস্তারিত জানতে call করুন +8801718899001,CodeMix,আপনার number-টি prize জিতেছে। বিস্তারিত জানতে call করুন [PHONE],False,True
smish,"ইমার্জেন্সি নোটিশ! আপনার মোবাইল নম্বর ০১৭১১২২৩৩৪৪ টি একটি আন্তর্জাতিক প্রতারণামূলক চক্রের তালিকায় অন্তর্ভুক্ত হয়েছে। এই নম্বর ব্যবহার করে বিভিন্ন অবৈধ কার্যকলাপের অভিযোগ এসেছে যার মধ্যে রয়েছে অনলাইন জুয়া, সাইবার বুলিং এবং ফ্রড। আপনার নাম পরিষ্কার রাখতে এবং আইনি ঝামেলা এড়াতে পরবর্তী ২৪ ঘন্টার মধ্যে আপনার পরিচয় যাচাই করতে হবে। clear-name-urgent.ga লিংকে গিয়ে সম্পূর্ণ তথ্য দিন।",Bengali,"ইমার্জেন্সি নোটিশ! আপনার মোবাইল নম্বর [PHONE] টি একটি আন্তর্জাতিক প্রতারণামূলক চক্রের তালিকায় অন্তর্ভুক্ত হয়েছে। এই নম্বর ব্যবহার করে বিভিন্ন অবৈধ কার্যকলাপের অভিযোগ এসেছে যার মধ্যে রয়েছে অনলাইন জুয়া, সাইবার বুলিং এবং ফ্রড। আপনার নাম পরিষ্কার রাখতে এবং আইনি ঝামেলা এড়াতে পরবর্তী ২৪ ঘন্টার মধ্যে আপনার পরিচয় যাচাই করতে হবে। clear-name-urgent.ga লিংকে গিয়ে সম্পূর্ণ তথ্য দিন।",False,True
smish,"আপনার সিভি পাস হয়েছে এবং আপনি বাড়ি থেকে আপনার মোবাইল ফোনের মাধ্যমে কাজ করতে পারবেন এবং প্রতিদিন ২,০০০ টাকা পাবেন। এখনই যোগ দিন: wa.me/8801865655560
",Bengali,"আপনার সিভি পাস হয়েছে এবং আপনি বাড়ি থেকে আপনার মোবাইল ফোনের মাধ্যমে কাজ করতে পারবেন এবং প্রতিদিন ২,০০০ টাকা পাবেন। এখনই যোগ দিন: wa.me/ [PHONE]",False,True
smish,"Dear Customer, 23-02-2020 tarikh e card XX diye Rs.8990 len-den hoyeche K Enterprice ds POS/ECOM theke. len-den number paoya jayni. jodi eti apnar dora na hoye thake, tobe registered mobile number theke 18604195555 e SMS preron korun.",Banglish,"Dear Customer, 23-02-2020 tarikh e card XX diye Rs.8990 len-den hoyeche K Enterprice ds POS/ECOM theke. len-den number paoya jayni. jodi eti apnar dora na hoye thake, tobe registered mobile number theke [PHONE] e SMS preron korun.",False,True
smish,"100% guaranteed job opportunity abroad. No fee, just need your passport and educational qualifications. Contact: 01867546389",English,"100% guaranteed job opportunity abroad. No fee, just need your passport and educational qualifications. Contact: [PHONE]",False,True
smish,Bangladesh Bank theke joruri barta. call korun: +8801916566678,Banglish,Bangladesh Bank theke joruri barta. call korun: [PHONE],False,True
smish,Apni 3 bhori sona jitechen! Bistrito jante kol korun: +8801716677889,Banglish,Apni 3 bhori sona jitechen! Bistrito jante kol korun: [PHONE],False,True
smish,"৮,০০০ টাকা বিনিয়োগে ২৪,০০০ টাকা পান! কল করুন: +8801919900112",Bengali,"৮,০০০ টাকা বিনিয়োগে ২৪,০০০ টাকা পান! কল করুন: [PHONE]",False,True
smish,You won 6 vori gold! Call for details: +8801716566678,English,You won 6 vori gold! Call for details: [PHONE],False,True
smish,Shudhu mobile thakle apniyo parben mashe kompokkhe 15000-20000 taka ay korte. Bistarito jante 01783627284,Banglish,Shudhu mobile thakle apniyo parben mashe kompokkhe [PHONE] taka ay korte. Bistarito jante [PHONE],False,True
smish,Call to verify your account +8801813344556,English,Call to verify your account [PHONE],False,True
smish,সোনালী ব্যাংক অ্যাকাউন্টে ত্রুটি দেখা দিয়েছে। জরুরি ভিত্তিতে কল করুন: +8801711234567,Bengali,সোনালী ব্যাংক অ্যাকাউন্টে ত্রুটি দেখা দিয়েছে। জরুরি ভিত্তিতে কল করুন: [PHONE],False,True
smish,"জনতা ব্যাংক থেকে ২,০০০ টাকা পুরস্কার জিতেছেন! কল করুন: +8801714455667",Bengali,"জনতা ব্যাংক থেকে ২,০০০ টাকা পুরস্কার জিতেছেন! কল করুন: [PHONE]",False,True
smish,There's a problem with your account. Contact this number quickly 01728375843.,English,There's a problem with your account. Contact this number quickly [PHONE] .,False,True
smish,"15,000 টাকা investment-এ 45,000 টাকা achieve করুন! Call করুন: +8801913233345",CodeMix,"15,000 টাকা investment-এ 45,000 টাকা achieve করুন! Call করুন: [PHONE]",False,True
smish,"২০,০০০ TK investment-এ ৬০,০০০ TK পান! Call করুন: +8801916566678",CodeMix,"২০,০০০ TK investment-এ ৬০,০০০ TK পান! Call করুন: [PHONE]",False,True
smish,"Dear student, Congratulations on passing your secondary exam. Today you are the future of Bangladesh, we await you. Comilla City College (EIIN:134648) Kotbari, Comilla Mobile: 01781939370 01859412805",English,"Dear student, Congratulations on passing your secondary exam. Today you are the future of Bangladesh, we await you. Comilla City College (EIIN:134648) Kotbari, Comilla Mobile: [PHONE]",False,True
smish,"Invest TK 1,00,000 and get TK 3,00,000! Call: +8801911011023",English,"Invest TK 1,00,000 and get TK 3,00,000! Call: [PHONE]",False,True
smish,bKash account blocked হয়েছে। Reactivate করতে call করুন: +8801718899001,CodeMix,bKash account blocked হয়েছে। Reactivate করতে call করুন: [PHONE],False,True
smish,আপনি ৭ ভরি সোনা জিতেছেন! বিস্তারিত জানতে কল করুন: +8801719899901,Bengali,আপনি ৭ ভরি সোনা জিতেছেন! বিস্তারিত জানতে কল করুন: [PHONE],False,True
smish,Bangladesh Bank account-e error দেখা দিয়েছে। Call করুন: +8801814344356,CodeMix,Bangladesh Bank account-e error দেখা দিয়েছে। Call করুন: [PHONE],False,True
smish,Opportunity to double your savings! Call: +8801711011023,English,Opportunity to double your savings! Call: [PHONE],False,True
smish,"সাইপ্রাস/ইউরোপে স্পট ভর্তি প্রতিনিধির উপস্থিতিতে (মিঃ পাম্বোস) 10-11 অক্টোবর, 100% ভিসার নিশ্চয়তা, ক্রেডিট ট্রান্সফার, টিউশন ফি 5000 ইউরো শুধুমাত্র, বিএসবি, ঢাকা যোগাযোগের নম্বর: 01720577099",Bengali,"সাইপ্রাস/ইউরোপে স্পট ভর্তি প্রতিনিধির উপস্থিতিতে (মিঃ পাম্বোস) 10-11 অক্টোবর, 100% ভিসার নিশ্চয়তা, ক্রেডিট ট্রান্সফার, টিউশন ফি 5000 ইউরো শুধুমাত্র, বিএসবি, ঢাকা যোগাযোগের নম্বর: [PHONE]",False,True
smish,Apnar sonchoy digun korar sujog! Kol korun: +8801718788890,Banglish,Apnar sonchoy digun korar sujog! Kol korun: [PHONE],False,True
smish,আপনার car insurance renew করতে call করুন +8801815566778,CodeMix,আপনার car insurance renew করতে call করুন [PHONE],False,True
smish,বাংলাদেশ ব্যাংক থেকে আপনার জন্য জরুরি বার্তা। কল করুন: +8801911011123,Bengali,বাংলাদেশ ব্যাংক থেকে আপনার জন্য জরুরি বার্তা। কল করুন: [PHONE],False,True
smish,Bangladesh Bank account update করতে call করুন: +8801813344556,CodeMix,Bangladesh Bank account update করতে call করুন: [PHONE],False,True
smish,আপনার account secure নয়। ৪০০০ টাকা send করুন এই number-এ: ০১৭৮৯৭৬৫৪৩২১।,CodeMix,আপনার account secure নয়। ৪০০০ টাকা send করুন এই number-এ: [PHONE] ।,False,True
smish,Krishok der jonno sorkar dicche panchas hajar taka porjonto bhortuki. Bhortuki pete akhonii jogajog korun 01538272734,Banglish,Krishok der jonno sorkar dicche panchas hajar taka porjonto bhortuki. Bhortuki pete akhonii jogajog korun [PHONE],False,True
smish,আপনার সোনালী ব্যাংক অ্যাকাউন্ট ব্লক হওয়ার পথে। এটি চালু রাখতে সাথে সাথে +8801844456788 নম্বরে কল দিন এবং OTP নিশ্চিত করুন।,Bengali,আপনার সোনালী ব্যাংক অ্যাকাউন্ট ব্লক হওয়ার পথে। এটি চালু রাখতে সাথে সাথে [PHONE] নম্বরে কল দিন এবং OTP নিশ্চিত করুন।,False,True
smish,jonta bank account block hoyeche. punoray chalute call korun: +8801815566778,Banglish,jonta bank account block hoyeche. punoray chalute call korun: [PHONE],False,True
smish,To reactivate your SIM card call +8801915566778,English,To reactivate your SIM card call [PHONE],False,True
smish,"১,০০,০০০ টাকা বিনিয়োগে ২,০০,০০০ টাকা পান! কল করুন: +8801919899901",Bengali,"১,০০,০০০ টাকা বিনিয়োগে ২,০০,০০০ টাকা পান! কল করুন: [PHONE]",False,True
smish,"সোনালী ব্যাংক থেকে ১,০০০ টাকা পুরস্কার জিতেছেন! বিস্তারিত জানতে কল করুন: +8801712122134",Bengali,"সোনালী ব্যাংক থেকে ১,০০০ টাকা পুরস্কার জিতেছেন! বিস্তারিত জানতে কল করুন: [PHONE]",False,True
smish,An urgent message has come from Bangladesh Bank. Call: +8801914567890,English,An urgent message has come from Bangladesh Bank. Call: [PHONE],False,True
smish,অভিনন্দন! আপনি লটারিতে ৫ লক্ষ টাকা জিতেছেন। পুরস্কার নিতে এখনই কল করুন: +8801555666777,Bengali,অভিনন্দন! আপনি লটারিতে ৫ লক্ষ টাকা জিতেছেন। পুরস্কার নিতে এখনই কল করুন: [PHONE],False,True
smish,"50,000 টাকা investment-এ 1,50,000 টাকা earn করুন! Call করুন: +8801717677789",CodeMix,"50,000 টাকা investment-এ 1,50,000 টাকা earn করুন! Call করুন: [PHONE]",False,True
smish,Bangladesh Bank account e shomoshya hoyeche. Call korun: +8801818899001,Banglish,Bangladesh Bank account e shomoshya hoyeche. Call korun: [PHONE],False,True
smish,"PLC,LIMITED.

প্রিয় applicant, congratulations!

আপনার CV select হয়েছে। Position এর name - Customer Service/Unit Manager (Dev..) (Part Time / Full Time)। যদি আপনি job এ interested হন তবে অবশ্যই CV এবং passport size এর ৪ copy picture নিয়ে আসতে হবে।

Job location - আপনি Dhaka city এর any branch office select করতে পারবেন।

Interview date - ১৪ November ২০২৩ (১০.০০am - ০৪.০০pm)

Contact address - ১৬৬, Dilkhusha, Motijheel, Dhaka ১০০০।

Details জানার জন্য call করুন: ০১৬১৩৫৮৯১৩৭",CodeMix,"PLC,LIMITED. প্রিয় applicant, congratulations! আপনার CV select হয়েছে। Position এর name - Customer Service/Unit Manager (Dev..) (Part Time / Full Time)। যদি আপনি job এ interested হন তবে অবশ্যই CV এবং passport size এর ৪ copy picture নিয়ে আসতে হবে। Job location - আপনি Dhaka city এর any branch office select করতে পারবেন। Interview date - ১৪ November ২০২৩ (১০.০০am - ০৪.০০pm) Contact address - ১৬৬, Dilkhusha, Motijheel, Dhaka ১০০০। Details জানার জন্য call করুন: [PHONE]",False,True
smish,Apni ekta global lottery te 1 crore TK win korechen. Collect korte processing fee joma korun 4500TK e-wallet number 01722779900 e. Delay hole prize expire hobe.,Banglish,Apni ekta global lottery te 1 crore TK win korechen. Collect korte processing fee joma korun 4500TK e-wallet number [PHONE] e. Delay hole prize expire hobe.,False,True
smish,Your number has won a prize. Call for details +8801713344556,English,Your number has won a prize. Call for details [PHONE],False,True
smish,Apnar shonchoy digun korun! Ekhoni call korun: +8801919876543,Banglish,Apnar shonchoy digun korun! Ekhoni call korun: [PHONE],False,True
smish,বাংলাদেশ bank থেকে আপনার জন্য urgent message। call করুন: +8801911011123,CodeMix,বাংলাদেশ bank থেকে আপনার জন্য urgent message। call করুন: [PHONE],False,True
smish,"Dear countrymen! (COVID-19)
TK2,500 government
assistance will be given for coronavirus.
Contact the number below to receive money:- 01810559231",English,"Dear countrymen! (COVID-19) TK2,500 government assistance will be given for coronavirus. Contact the number below to receive money:- [PHONE]",False,True
smish,সোনালী ব্যাংক অ্যাকাউন্টে সমস্যা হয়েছে। কল করুন: +8801818788890,Bengali,সোনালী ব্যাংক অ্যাকাউন্টে সমস্যা হয়েছে। কল করুন: [PHONE],False,True
smish,Apnar shonchoy diguon korar sujog! Call korun: +8801718899001,Banglish,Apnar shonchoy diguon korar sujog! Call korun: [PHONE],False,True
smish,"বিলম্বে আপনার টাকা পাবেন না, দ্রুত call করুন: +8801912345678",CodeMix,"বিলম্বে আপনার টাকা পাবেন না, দ্রুত call করুন: [PHONE]",False,True
smish,Unknown transaction occurred from your bank account. Call for details +8801914455667,English,Unknown transaction occurred from your bank account. Call for details [PHONE],False,True
smish,Apnar gari r insurance nobayon korte kol korun +8801815566778,Banglish,Apnar gari r insurance nobayon korte kol korun [PHONE],False,True
smish,"bKash অ্যাকাউন্টে ৫,০০০ টাকা জমা হয়েছে। বিস্তারিত জানতে কল করুন: +8801810900912",Bengali,"bKash অ্যাকাউন্টে ৫,০০০ টাকা জমা হয়েছে। বিস্তারিত জানতে কল করুন: [PHONE]",False,True
smish,"NGO relief fund notice: Apnar NID selected hoyeche 15,000TK flood grant er jonno. OTP confirm korte ekhuni call korun +8801844552233. Na korle grant cancel hobe.",Banglish,"NGO relief fund notice: Apnar NID selected hoyeche 15,000TK flood grant er jonno. OTP confirm korte ekhuni call korun [PHONE] . Na korle grant cancel hobe.",False,True
smish,Apnar bank account theke ojana transaction hoyeche. Bistarito jante call korun +8801914455667,Banglish,Apnar bank account theke ojana transaction hoyeche. Bistarito jante call korun [PHONE],False,True
smish,Call +8801712233445 to update your account information,English,Call [PHONE] to update your account information,False,True
smish,"University of Sydney scholarship award. Apnar naam shortlist hoyeche, kintu seat confirm korte 5000TK pay korte hobe bkash 01788223344 te. Delay hole seat cancel hobe.",Banglish,"University of Sydney scholarship award. Apnar naam shortlist hoyeche, kintu seat confirm korte 5000TK pay korte hobe bkash [PHONE] te. Delay hole seat cancel hobe.",False,True
smish,Problem occurred with Sonali Bank account. Call: +8801813233245,English,Problem occurred with Sonali Bank account. Call: [PHONE],False,True
smish,Your bKash account has been blocked. Call to reactivate: +8801819876543,English,Your bKash account has been blocked. Call to reactivate: [PHONE],False,True
smish,"আপনার জমি বিক্রির টাকা জমা হয়েছে, কল করুন: +8801819899901",Bengali,"আপনার জমি বিক্রির টাকা জমা হয়েছে, কল করুন: [PHONE]",False,True
smish,বাংলাদেশ ব্যাংক অ্যাকাউন্টে ত্রুটি দেখা দিয়েছে। কল করুন: +8801819899901,Bengali,বাংলাদেশ ব্যাংক অ্যাকাউন্টে ত্রুটি দেখা দিয়েছে। কল করুন: [PHONE],False,True
smish,"প্রিয় গ্রাহক, আপনার ক্রেডিট কার্ডে ১,২০,০০০ টাকা চার্জ হয়েছে। বাতিল করতে এখনই 01888822991 নাম্বারে কল দিন এবং OTP নিশ্চিত করুন।",Bengali,"প্রিয় গ্রাহক, আপনার ক্রেডিট কার্ডে ১,২০,০০০ টাকা চার্জ হয়েছে। বাতিল করতে এখনই [PHONE] নাম্বারে কল দিন এবং OTP নিশ্চিত করুন।",False,True
smish,"মাসে ২০ থেকে ৩০ হাজার ইনকাম করতে পারবেন 🌺
যোগাযোগ নাম্বার 01761693374 💢",Bengali,মাসে ২০ থেকে ৩০ হাজার ইনকাম করতে পারবেন 🌺 যোগাযোগ নাম্বার [PHONE] 💢,False,True
smish,"1,00,000 টাকা investment-এ 3,00,000 টাকা পান! Call করুন: +8801911011023",CodeMix,"1,00,000 টাকা investment-এ 3,00,000 টাকা পান! Call করুন: [PHONE]",False,True
smish,নগদ অ্যাকাউন্টে ত্রুটি দেখা দিয়েছে। কল করুন: +8801812122234,Bengali,নগদ অ্যাকাউন্টে ত্রুটি দেখা দিয়েছে। কল করুন: [PHONE],False,True
smish,বাংলাদেশ ব্যাংক থেকে জরুরি বার্তা। কল করুন: +8801911011023,Bengali,বাংলাদেশ ব্যাংক থেকে জরুরি বার্তা। কল করুন: [PHONE],False,True
smish,Urgent message from Bangladesh Bank. Call: +8801915566778,English,Urgent message from Bangladesh Bank. Call: [PHONE],False,True
smish,আপনার savings double করার opportunity! Call করুন: +8801718788890,CodeMix,আপনার savings double করার opportunity! Call করুন: [PHONE],False,True
smish,Call to recharge your mobile: +8801812233445,English,Call to recharge your mobile: [PHONE],False,True
smish,"Spot admission in Cyprus/Europe in presence of representative (Mr. Pambos) 10-11 October, 100% visa guarantee, credit transfer, tuition fee only 5000 euros, BSB, Dhaka contact number: 01720577099",English,"Spot admission in Cyprus/Europe in presence of representative (Mr. Pambos) 10-11 October, 100% visa guarantee, credit transfer, tuition fee only 5000 euros, BSB, Dhaka contact number: [PHONE]",False,True
smish,Delivery agent bolchi: Apnar parcel customs e atke geche for tax clearance. Please pay 2500TK Nagad number 01788992211 te akhoni. Payment chara parcel release hobe na.,Banglish,Delivery agent bolchi: Apnar parcel customs e atke geche for tax clearance. Please pay 2500TK Nagad number [PHONE] te akhoni. Payment chara parcel release hobe na.,False,True
smish,"আপনার bank account-এ 50,000 টাকা deposit হয়েছে! Confirm করতে call করুন: +8801711234567",CodeMix,"আপনার bank account-এ 50,000 টাকা deposit হয়েছে! Confirm করতে call করুন: [PHONE]",False,True
smish,আপনি ৪ ভরি gold জিতেছেন! বিস্তারিত জানতে call করুন: +8801719900112,CodeMix,আপনি ৪ ভরি gold জিতেছেন! বিস্তারিত জানতে call করুন: [PHONE],False,True
smish,আপনার basic residency এর মধ্যে Cambridge University application fee free! পড়ার dream পূরণ করতে আজই contact করুন - ০১৭৪৬৬৩৫৭২৫,CodeMix,আপনার basic residency এর মধ্যে Cambridge University application fee free! পড়ার dream পূরণ করতে আজই contact করুন - [PHONE],False,True
smish,"Invest TK100,000 and get TK200,000! Call: +8801919899901",English,"Invest TK100,000 and get TK200,000! Call: [PHONE]",False,True
smish,Apnar number ta puroshkar jiteche. Bishtar janate call korun +8801718899001,Banglish,Apnar number ta puroshkar jiteche. Bishtar janate call korun [PHONE],False,True
smish,Your DBBL account has been compromised. Verify immediately: bit.ly/dbbl-secure or call +8801999887766,English,Your DBBL account has been compromised. Verify immediately: bit.ly/dbbl-secure or call [PHONE],False,True
smish,আপনার ব্যাংক অ্যাকাউন্টে ১০ কোটি টাকা জমা হয়েছে! নিশ্চিত করতে কল করুন: +8801913233245,Bengali,আপনার ব্যাংক অ্যাকাউন্টে ১০ কোটি টাকা জমা হয়েছে! নিশ্চিত করতে কল করুন: [PHONE],False,True
smish,"Shuborn shujog! Ghore boshe data entry kore protidin 1000-2000 taka ay korun. Registration fee matro 100 taka. Naam, boyosh, shohor, jatiyo porichoyopotro number shoho jogajog whatsapp 7602236317",Banglish,"Shuborn shujog! Ghore boshe data entry kore protidin 1000-2000 taka ay korun. Registration fee matro 100 taka. Naam, boyosh, shohor, jatiyo porichoyopotro number shoho jogajog whatsapp [PHONE]",False,True
smish,"Apnar CV pass hoyeche ebong apni bari theke apnar mobile phone-er madhyome kaj korte parben ebong protidin 2,000 taka paben. Ekhoni jog din: wa.me/8801865655560",Banglish,"Apnar CV pass hoyeche ebong apni bari theke apnar mobile phone-er madhyome kaj korte parben ebong protidin 2,000 taka paben. Ekhoni jog din: wa.me/ [PHONE]",False,True
smish,Apnar mobile banking account update korte call korun +8801916677889,Banglish,Apnar mobile banking account update korte call korun [PHONE],False,True
smish,Apni 6 bhori sona jitechen! Bistrito jante kol korun: +8801716566678,Banglish,Apni 6 bhori sona jitechen! Bistrito jante kol korun: [PHONE],False,True
smish,Error detected in Nagad account. Call: +8801812122134,English,Error detected in Nagad account. Call: [PHONE],False,True
smish,"Dear Customer,
২৩-০২-২০২০ তারিখে card XX দিয়ে Rs.8990 transaction হয়েছে K Enterprice ds POS/ECOM থেকে। Transaction নম্বর পাওয়া যায়নি। যদি এটা আপনার না হয়, তবে registered mobile থেকে 18604195555 এ SMS করুন।",CodeMix,"Dear Customer, ২৩-০২-২০২০ তারিখে card XX দিয়ে Rs.8990 transaction হয়েছে K Enterprice ds POS/ECOM থেকে। Transaction নম্বর পাওয়া যায়নি। যদি এটা আপনার না হয়, তবে registered mobile থেকে [PHONE] এ SMS করুন।",False,True
smish,আপনার একাউন্টের তথ্য আপডেট করতে কল করুন +8801712233445,Bengali,আপনার একাউন্টের তথ্য আপডেট করতে কল করুন [PHONE],False,True
smish,"Apnar jomi bikrir taka joma hoyeche, call korun: +8801914567890",Banglish,"Apnar jomi bikrir taka joma hoyeche, call korun: [PHONE]",False,True
smish,Error detected in Nagad account. Call: +8801812122234,English,Error detected in Nagad account. Call: [PHONE],False,True
smish,Sonali Bank alert! Apnar card e unauthorized use detect kora hoyeche. Call korun immediately +8801776543210,Banglish,Sonali Bank alert! Apnar card e unauthorized use detect kora hoyeche. Call korun immediately [PHONE],False,True
smish,URGENT: Your bKash account has been temporarily suspended. Verify immediately at: bit.ly/bkash-verify or call +8801711223344,English,URGENT: Your bKash account has been temporarily suspended. Verify immediately at: bit.ly/bkash-verify or call [PHONE],False,True
smish,"50,000 taka biniyog-e 1,00,000 taka pan! Call korun: +8801918788890",Banglish,"50,000 taka biniyog-e 1,00,000 taka pan! Call korun: [PHONE]",False,True
smish,"priyo grahok, 8990 Taka. K Enterprice ds POS/ECOM.Txn# e 23-02-2020 tarikhe XX karde txn kora hoyeche. Apnar dwara kora hoyni, nibondhito mobile NB theke ei SMS ti forward korun. 18604195555",Banglish,"priyo grahok, 8990 Taka. K Enterprice ds POS/ECOM.Txn# e 23-02-2020 tarikhe XX karde txn kora hoyeche. Apnar dwara kora hoyni, nibondhito mobile NB theke ei SMS ti forward korun. [PHONE]",False,True
smish,শুধু mobile থাকলে আপনিও পারবেন মাসে কমপক্ষে 15000-20000 টাকা earn করতে। বিস্তারিত জানতে 01783627284,CodeMix,শুধু mobile থাকলে আপনিও পারবেন মাসে কমপক্ষে [PHONE] টাকা earn করতে। বিস্তারিত জানতে [PHONE],False,True
smish,Welcome to মেঘের রঙ! চলুন আপনার home সাজিয়ে নেই easy installment-e. Online order দিন এবং maybe এই month-এর মধ্যে পাওয়ার chance নিন - ০১৭৪৬৬৩৫৭২৫,CodeMix,Welcome to মেঘের রঙ! চলুন আপনার home সাজিয়ে নেই easy installment-e. Online order দিন এবং maybe এই month-এর মধ্যে পাওয়ার chance নিন - [PHONE],False,True
smish,"If you want, you can earn income online from home using your mobile, both part-time and full-time. From where you can easily earn 1000 to 2000 taka per day. For details contact this number +91 8927623713",English,"If you want, you can earn income online from home using your mobile, both part-time and full-time. From where you can easily earn 1000 to 2000 taka per day. For details contact this number [PHONE]",False,True
smish,Apple iPhone 18 জিতেছেন! Delivery confirm করতে call করুন: +8801810900912,CodeMix,Apple iPhone 18 জিতেছেন! Delivery confirm করতে call করুন: [PHONE],False,True
smish,"TK5,000 has been deposited into your bKash account. For details, call: +8801810900912",English,"TK5,000 has been deposited into your bKash account. For details, call: [PHONE]",False,True
smish,আপনার driving license update করতে call করুন +8801815566778,CodeMix,আপনার driving license update করতে call করুন [PHONE],False,True
smish,"PLC,LIMITED.

Dear applicant, congratulations!

Your CV has been selected. Position name - Customer Service/Unit Manager (Dev..) (Part Time / Full Time). If you are interested in the job, you must bring CV and 4 copies of passport size photos.

Work location - You can choose any branch office in Dhaka city.

Interview date - November 14, 2023 (10.00am - 04.00pm)

Contact address - 166, Dilkusha, Motijheel, Dhaka 1000.

Call for details: 01613589137",English,"PLC,LIMITED. Dear applicant, congratulations! Your CV has been selected. Position name - Customer Service/Unit Manager (Dev..) (Part Time / Full Time). If you are interested in the job, you must bring CV and 4 copies of passport size photos. Work location - You can choose any branch office in Dhaka city. Interview date - November 14, 2023 (10.00am - 04.00pm) Contact address - 166, Dilkusha, Motijheel, Dhaka 1000. Call for details: [PHONE]",False,True
smish,Upobrittir 4200 taka jonno jogajog korun: 01320660547 Shikkha board,Banglish,Upobrittir 4200 taka jonno jogajog korun: [PHONE] Shikkha board,False,True
smish,Bangladesh Bank account-e truti dekha diyeche. Call korun: +8801814344456,Banglish,Bangladesh Bank account-e truti dekha diyeche. Call korun: [PHONE],False,True
smish,"◆ If qualified, you can earn online by teaching. Contact User-10381381741225860264.",English,"◆ If qualified, you can earn online by teaching. Contact User- [PHONE] .",False,True
smish,bKash account-এ error দেখা দিয়েছে। Quick solution-এর জন্য call করুন: +8801917677789,CodeMix,bKash account-এ error দেখা দিয়েছে। Quick solution-এর জন্য call করুন: [PHONE],False,True
smish,বাংলাদেশ ব্যাংক অ্যাকাউন্ট আপডেট করতে কল করুন: +8801813344556,Bengali,বাংলাদেশ ব্যাংক অ্যাকাউন্ট আপডেট করতে কল করুন: [PHONE],False,True
smish,Call to recharge your mobile: +8801818899001,English,Call to recharge your mobile: [PHONE],False,True
smish,"Apnar mobile number ta 10,000 taka lottery jiteche! Bistarito jante call korun +8801712345678",Banglish,"Apnar mobile number ta 10,000 taka lottery jiteche! Bistarito jante call korun [PHONE]",False,True
smish,"১০০% guarantee সহ Malaysian, European, America, Canada visa পেতে আজই contact করুন ০১৭৬৫৪৩৩৪২২, advance fee লাগবে না। ",CodeMix,"১০০% guarantee সহ Malaysian, European, America, Canada visa পেতে আজই contact করুন [PHONE] , advance fee লাগবে না।",False,True
smish,বাংলাদেশ ব্যাংক থেকে জরুরি বার্তা। কল করুন: +8801916566678,Bengali,বাংলাদেশ ব্যাংক থেকে জরুরি বার্তা। কল করুন: [PHONE],False,True
smish,"2,000 taka binoyog korun ebong 5 minite 4,000 taka pan! kol korun: +8801714567890",Banglish,"2,000 taka binoyog korun ebong 5 minite 4,000 taka pan! kol korun: [PHONE]",False,True
smish,Apnar mobile recharge korte call korun: +8801818899001,Banglish,Apnar mobile recharge korte call korun: [PHONE],False,True
smish,Apple iPhone 15 win করেছেন! Delivery confirm করতে call করুন: +8801811011123,CodeMix,Apple iPhone 15 win করেছেন! Delivery confirm করতে call করুন: [PHONE],False,True
smish,Your ATM card has been blocked. Send your card number to this number to reactivate: 0123456789,English,Your ATM card has been blocked. Send your card number to this number to reactivate: [PHONE],False,True
smish,Apnar mobile recharge korte call korun: +8801818788890,Banglish,Apnar mobile recharge korte call korun: [PHONE],False,True
smish,"50,000 টাকা investment-এ 1,00,000 টাকা পান! Call করুন: +8801918788890",CodeMix,"50,000 টাকা investment-এ 1,00,000 টাকা পান! Call করুন: [PHONE]",False,True
smish,Abhinondon! Apni 1 koti taka lottery jitechen. Apnar puraskar songroho korte amader sathe jogajog korun. Jogajog: 01567546390,Banglish,Abhinondon! Apni 1 koti taka lottery jitechen. Apnar puraskar songroho korte amader sathe jogajog korun. Jogajog: [PHONE],False,True
smish,"50,000 TK has been deposited in your bank account! Call to confirm: +8801711234567",English,"50,000 TK has been deposited in your bank account! Call to confirm: [PHONE]",False,True
smish,কোন ক্রেডিট চেক ছাড়াই ১০০% ক্রেডিট কার্ড অনুমোদন। আজই আবেদন করুন। যোগাযোগ: ০১৫৬৭৫৪৬৩৯০,Bengali,কোন ক্রেডিট চেক ছাড়াই ১০০% ক্রেডিট কার্ড অনুমোদন। আজই আবেদন করুন। যোগাযোগ: [PHONE],False,True
smish,"২,০০০ টাকা বিনিয়োগ করুন এবং ৫ মিনিটে ৪,০০০ টাকা পান! কল করুন: +8801714567890",Bengali,"২,০০০ টাকা বিনিয়োগ করুন এবং ৫ মিনিটে ৪,০০০ টাকা পান! কল করুন: [PHONE]",False,True
smish,বাংলাদেশ ব্যাংক অ্যাকাউন্টে ত্রুটি দেখা দিয়েছে। কল করুন: +8801814344456,Bengali,বাংলাদেশ ব্যাংক অ্যাকাউন্টে ত্রুটি দেখা দিয়েছে। কল করুন: [PHONE],False,True
smish,Bangladesh Bank থেকে important message। Emergency basis-এ call করুন: +8801812345678,CodeMix,Bangladesh Bank থেকে important message। Emergency basis-এ call করুন: [PHONE],False,True
smish,আপনার mobile number-এ laptop জিতেছেন! Claim: +8801819900012,CodeMix,আপনার mobile number-এ laptop জিতেছেন! Claim: [PHONE],False,True
smish,Nogod account block হয়েছে। পুনরায় active করতে call করুন: +8801716566678,CodeMix,Nogod account block হয়েছে। পুনরায় active করতে call করুন: [PHONE],False,True
smish,আপনার ইন্টারনেট প্যাকেজ আপডেট করতে কল করুন +8801714455667,Bengali,আপনার ইন্টারনেট প্যাকেজ আপডেট করতে কল করুন [PHONE],False,True
smish,আপনার মোবাইল নম্বর lucky draw এ নির্বাচিত হয়েছে। ১০ লক্ষ টাকা জিতেছেন! কল করুন: 01833445566,Bengali,আপনার মোবাইল নম্বর lucky draw এ নির্বাচিত হয়েছে। ১০ লক্ষ টাকা জিতেছেন! কল করুন: [PHONE],False,True
smish,"1,00,000 taka biniyoge 3,00,000 taka pan! Call korun: +8801911011023",Banglish,"1,00,000 taka biniyoge 3,00,000 taka pan! Call korun: [PHONE]",False,True
smish,"আপনার জমি selling-এর টাকা জমা হয়েছে, call করুন: +8801816566678",CodeMix,"আপনার জমি selling-এর টাকা জমা হয়েছে, call করুন: [PHONE]",False,True
smish,Opportunity to double your savings! Call: +8801712122234,English,Opportunity to double your savings! Call: [PHONE],False,True
smish,bKash অ্যাকাউন্টে ত্রুটি দেখা দিয়েছে। দ্রুত সমাধানের জন্য কল করুন: +8801713344556,Bengali,bKash অ্যাকাউন্টে ত্রুটি দেখা দিয়েছে। দ্রুত সমাধানের জন্য কল করুন: [PHONE],False,True
smish,"আপনার জমি বিক্রির টাকা জমা হয়েছে, কল করুন: +8801816566678",Bengali,"আপনার জমি বিক্রির টাকা জমা হয়েছে, কল করুন: [PHONE]",False,True
smish,আপনার bKash অ্যাকাউন্ট ব্লক হয়েছে। পুনরায় সক্রিয় করতে কল করুন: +8801819876543,Bengali,আপনার bKash অ্যাকাউন্ট ব্লক হয়েছে। পুনরায় সক্রিয় করতে কল করুন: [PHONE],False,True
smish,"প্রিয় দেশবাসি ! (COVID-19)
করনা ভাইরাস এর জন্য
2,500 টাকা সরকারী
শুনুদান দেওয়া হবে।
টাকা নেওয়ার জন্য নিচের নাম্বারে যোগাযোগ করুনঃ-01810559231",Bengali,"প্রিয় দেশবাসি ! (COVID-19) করনা ভাইরাস এর জন্য 2,500 টাকা সরকারী শুনুদান দেওয়া হবে। টাকা নেওয়ার জন্য নিচের নাম্বারে যোগাযোগ করুনঃ- [PHONE]",False,True
smish,Shudhumatro apuder jonno😍😍 ghore bosei phone er maddhome kajti korte parben☺ oyotha fb te shomoy na katiye shei shomoytuku byabohar kore dainik 200-400 TK ebong mashe 6000-12000 TK income korte parben In sha Allah😍,Banglish,Shudhumatro apuder jonno😍😍 ghore bosei phone er maddhome kajti korte parben☺ oyotha fb te shomoy na katiye shei shomoytuku byabohar kore dainik 200-400 TK ebong mashe [PHONE] TK income korte parben In sha Allah😍,False,True
smish,আপনার mobile number-টি iPhone জিতেছে! Prize পেতে call করুন +8801813344556,CodeMix,আপনার mobile number-টি iPhone জিতেছে! Prize পেতে call করুন [PHONE],False,True
smish,আপনার savings double করার chance! Call করুন: +8801712122234,CodeMix,আপনার savings double করার chance! Call করুন: [PHONE],False,True
smish,অ্যাপল আইফোন ১৮ জিতেছেন! ডেলিভারি নিশ্চিত করতে কল করুন: +8801810900912,Bengali,অ্যাপল আইফোন ১৮ জিতেছেন! ডেলিভারি নিশ্চিত করতে কল করুন: [PHONE],False,True
smish,আপনার DBBL কার্ড স্থগিত হয়েছে। পুনরায় চালু করতে +8801990008899 নম্বরে কল করুন এবং পিন কোড দিন।,Bengali,আপনার DBBL কার্ড স্থগিত হয়েছে। পুনরায় চালু করতে [PHONE] নম্বরে কল করুন এবং পিন কোড দিন।,False,True
smish,আপনার সিম কার্ড পুনরায় সক্রিয় করতে কল করুন +8801915566778,Bengali,আপনার সিম কার্ড পুনরায় সক্রিয় করতে কল করুন [PHONE],False,True
smish,Apni 1 bhori shona jitechen! Puruskar nite call korun: +8801819876543,Banglish,Apni 1 bhori shona jitechen! Puruskar nite call korun: [PHONE],False,True
smish,Apnar gas shongjog punoray shokriyo korte call korun +8801719900012,Banglish,Apnar gas shongjog punoray shokriyo korte call korun [PHONE],False,True
smish,"1,00,000 taka binimoye 2,00,000 taka pan! Kol korun: +8801912122134",Banglish,"1,00,000 taka binimoye 2,00,000 taka pan! Kol korun: [PHONE]",False,True
smish,Important message from Janata Bank. Call: +8801710900912,English,Important message from Janata Bank. Call: [PHONE],False,True
smish,Janata Bank থেকে urgent message। Call করুন: +8801719900112,CodeMix,Janata Bank থেকে urgent message। Call করুন: [PHONE],False,True
smish,"প্রিয় গ্রাহক, 8990 টাকা। K Enterprice ds POS/ECOM.Txn# এ 23-02-2020 তারিখে XX কার্ডে txn করা হয়েছে। আপনার দ্বারা করা হয়নি, নিবন্ধিত মোবাইল এনবি থেকে এই এসএমএসটি ফরোয়ার্ড করুন। 18604195555",Bengali,"প্রিয় গ্রাহক, 8990 টাকা। K Enterprice ds POS/ECOM.Txn# এ 23-02-2020 তারিখে XX কার্ডে txn করা হয়েছে। আপনার দ্বারা করা হয়নি, নিবন্ধিত মোবাইল এনবি থেকে এই এসএমএসটি ফরোয়ার্ড করুন। [PHONE]",False,True
smish,"প্রিয় গ্রাহক, আপনার bKash অ্যাকাউন্টে ১০,০০০ টাকা জমা হয়েছে। বিস্তারিত জানতে কল করুন: +8801712345678",Bengali,"প্রিয় গ্রাহক, আপনার bKash অ্যাকাউন্টে ১০,০০০ টাকা জমা হয়েছে। বিস্তারিত জানতে কল করুন: [PHONE]",False,True
smish,"Bilombe apnar taka paben na, druto call korun: +8801912345678",Banglish,"Bilombe apnar taka paben na, druto call korun: [PHONE]",False,True
smish,Important message from Bangladesh Bank. Call urgently: +8801812345678,English,Important message from Bangladesh Bank. Call urgently: [PHONE],False,True
smish,Urgent message from Bangladesh Bank. Call: +8801916566678,English,Urgent message from Bangladesh Bank. Call: [PHONE],False,True
smish,আপনার একাউন্ট হ্যাক হতে পারে। দ্রুত ৩০০০ টাকা পাঠান এই নাম্বারে: ০১৭৮৯৬৫৪৩২।,Bengali,আপনার একাউন্ট হ্যাক হতে পারে। দ্রুত ৩০০০ টাকা পাঠান এই নাম্বারে: [PHONE] ।,False,True
smish,bKash account-এ error দেখা দিয়েছে। দ্রুত solution-এর জন্য call করুন: +8801713344556,CodeMix,bKash account-এ error দেখা দিয়েছে। দ্রুত solution-এর জন্য call করুন: [PHONE],False,True
smish,"Get 60,000TK return on 20,000TK investment! Call: +8801916566678",English,"Get 60,000TK return on 20,000TK investment! Call: [PHONE]",False,True
smish,"Mashe 20 theke 30 hajar income korte parben 🌺
Jogajog number 01761693374 💢",Banglish,Mashe 20 theke 30 hajar income korte parben 🌺 Jogajog number [PHONE] 💢,False,True
smish,"Dear applicant, Tuesday 04/05 তারিখে সকাল 9am @1st floor center enemy leadership-এর সাথে একটি interview-এর জন্য আপনাকে select করা হয়েছে। Query-র জন্য please contact: 09029900659",CodeMix,"Dear applicant, Tuesday 04/05 তারিখে সকাল 9am @1st floor center enemy leadership-এর সাথে একটি interview-এর জন্য আপনাকে select করা হয়েছে। Query-র জন্য please contact: [PHONE]",False,True
smish,"Golden opportunity! Earn TK 1000-2000 daily by doing data entry from home. Registration fee only TK 100. Contact with name, age, city, national ID number whatsapp 7602236317",English,"Golden opportunity! Earn TK 1000-2000 daily by doing data entry from home. Registration fee only TK 100. Contact with name, age, city, national ID number whatsapp [PHONE]",False,True
smish,Apnar mobile sim punray chalu korte call korun +8801910011223,Banglish,Apnar mobile sim punray chalu korte call korun [PHONE],False,True
smish,"২,০০,০০০ টাকা বিনিয়োগে ৪,০০,০০০ টাকা অর্জন করুন! কল করুন: +8801710900912",Bengali,"২,০০,০০০ টাকা বিনিয়োগে ৪,০০,০০০ টাকা অর্জন করুন! কল করুন: [PHONE]",False,True
smish,Nagad account has been blocked. Call to reactivate: +8801716566678,English,Nagad account has been blocked. Call to reactivate: [PHONE],False,True
smish,Call to recharge your mobile: +8801811011023,English,Call to recharge your mobile: [PHONE],False,True
smish,বাংলাদেশ ব্যাংক অ্যাকাউন্টে সমস্যা হয়েছে। কল করুন: +8801818899001,Bengali,বাংলাদেশ ব্যাংক অ্যাকাউন্টে সমস্যা হয়েছে। কল করুন: [PHONE],False,True
smish,"Apni chaile ghore boshe mobile theke ei online-e income korte paren ebong parttime ebong fulltime duto i korte paren. jekhan theke dine apni 1000 theke 2000 taka shojei income korte parben.

Bistarito jante jogajog korun ei number-e

+91 8927623713",Banglish,Apni chaile ghore boshe mobile theke ei online-e income korte paren ebong parttime ebong fulltime duto i korte paren. jekhan theke dine apni 1000 theke 2000 taka shojei income korte parben. Bistarito jante jogajog korun ei number-e [PHONE],False,True
smish,Govt. Reg. - 180727/2022 National Agency Company part-time job। পড়াশোনার পাশাপাশি online platform-এ advertisement promote করার জন্য boy girl workers নিয়োগ চলছে। Position: Call Center। Monthly salary: 10/12 হাজার। Daily working time: 4/5ঘন্টা। Interested সবাই directly inbox-এ contact করুন বা phone 01984766558,CodeMix,Govt. Reg. - 180727/2022 National Agency Company part-time job। পড়াশোনার পাশাপাশি online platform-এ advertisement promote করার জন্য boy girl workers নিয়োগ চলছে। Position: Call Center। Monthly salary: 10/12 হাজার। Daily working time: 4/5ঘন্টা। Interested সবাই directly inbox-এ contact করুন বা phone [PHONE],False,True
smish,"১০,০০০ টাকা বিনিয়োগে ৩০,০০০ টাকা অর্জন করুন! কল করুন: +8801711011123",Bengali,"১০,০০০ টাকা বিনিয়োগে ৩০,০০০ টাকা অর্জন করুন! কল করুন: [PHONE]",False,True
smish,Apnar mobile sim punray chalu korte call korun +8801915566778,Banglish,Apnar mobile sim punray chalu korte call korun [PHONE],False,True
smish,"আপনার land বিক্রির টাকা জমা হয়েছে, call করুন: +8801819899901",CodeMix,"আপনার land বিক্রির টাকা জমা হয়েছে, call করুন: [PHONE]",False,True
smish,আপনার prize money পেতে call করুন: +8801811234567,CodeMix,আপনার prize money পেতে call করুন: [PHONE],False,True
smish,সতর্কতা! আপনার City Bank অ্যাকাউন্টে সন্দেহজনক লেনদেন। তাৎক্ষণিক কল করুন: ০১৭৭৮৮৯৯০০০,Bengali,সতর্কতা! আপনার City Bank অ্যাকাউন্টে সন্দেহজনক লেনদেন। তাৎক্ষণিক কল করুন: [PHONE],False,True
smish,আপনার account-টি verify করতে call করুন +8801813344556,CodeMix,আপনার account-টি verify করতে call করুন [PHONE],False,True
smish,Bangladesh Bank account block hoyeche. Punoray chalu korte call korun: +8801718788890,Banglish,Bangladesh Bank account block hoyeche. Punoray chalu korte call korun: [PHONE],False,True
smish,আপনার ডেবিট কার্ডের পিন রিসেট করতে কল করুন +8801914455667,Bengali,আপনার ডেবিট কার্ডের পিন রিসেট করতে কল করুন [PHONE],False,True
smish,আপনার savings double করার opportunity! Call করুন: +8801718899001,CodeMix,আপনার savings double করার opportunity! Call করুন: [PHONE],False,True
smish,Sonali Bank account-এ problem হয়েছে। Call করুন: +8801813233345,CodeMix,Sonali Bank account-এ problem হয়েছে। Call করুন: [PHONE],False,True
smish,অ্যাপল আইফোন ১২ জিতেছেন! ডেলিভারি নিশ্চিত করতে কল করুন: +8801814455667,Bengali,অ্যাপল আইফোন ১২ জিতেছেন! ডেলিভারি নিশ্চিত করতে কল করুন: [PHONE],False,True
smish,আপনার number prize জিতেছে! Details: +8801713344556,CodeMix,আপনার number prize জিতেছে! Details: [PHONE],False,True
smish,Career planning-এ সহায়তা নিন! আপনার জন্য ideal workplace নির্বাচন করুন এবং correct strategy plan করুন। Professional support পান - 01746635725,CodeMix,Career planning-এ সহায়তা নিন! আপনার জন্য ideal workplace নির্বাচন করুন এবং correct strategy plan করুন। Professional support পান - [PHONE],False,True
smish,আপনার ইন্টারনেট সংযোগ পুনরায় চালু করতে কল করুন +8801811122334,Bengali,আপনার ইন্টারনেট সংযোগ পুনরায় চালু করতে কল করুন [PHONE],False,True
smish,Lottery alert: Apni 50 lakh TK win korechen ekta global draw e. Collect korte 8000TK processing fee joma korte hobe Nagad 01799887766. Delay hole prize cancel hobe.,Banglish,Lottery alert: Apni 50 lakh TK win korechen ekta global draw e. Collect korte 8000TK processing fee joma korte hobe Nagad [PHONE] . Delay hole prize cancel hobe.,False,True
smish,আপনার ব্যাংক একাউন্ট থেকে অজানা লেনদেন হয়েছে। বিস্তারিত জানতে কল করুন +8801914455667,Bengali,আপনার ব্যাংক একাউন্ট থেকে অজানা লেনদেন হয়েছে। বিস্তারিত জানতে কল করুন [PHONE],False,True
smish,Your electricity connection will be cut off for non-payment of bill. Call +8801912233445,English,Your electricity connection will be cut off for non-payment of bill. Call [PHONE],False,True
smish,"Invest TK 2,000 and get TK 4,000 in 5 minutes! Call now: +8801714567890",English,"Invest TK 2,000 and get TK 4,000 in 5 minutes! Call now: [PHONE]",False,True
smish,"15,000 taka biniyog e 45,000 taka orjon korun! Call korun: +8801913233345",Banglish,"15,000 taka biniyog e 45,000 taka orjon korun! Call korun: [PHONE]",False,True
smish,Apnar internet package update korte call korun +8801714455667,Banglish,Apnar internet package update korte call korun [PHONE],False,True
smish,আপনার savings double করুন! এখনই call করুন: +8801919876543,CodeMix,আপনার savings double করুন! এখনই call করুন: [PHONE],False,True
smish,"আপনার মোবাইল নম্বরটি ১০,০০০ টাকা লটারি জিতেছে! বিস্তারিত জানতে কল করুন +8801712345678",Bengali,"আপনার মোবাইল নম্বরটি ১০,০০০ টাকা লটারি জিতেছে! বিস্তারিত জানতে কল করুন [PHONE]",False,True
smish,"Double profit in investment, call: +8801911234567",English,"Double profit in investment, call: [PHONE]",False,True
smish,"Urgent recruitment, salary of TK 30,000 with accommodation and food facilities, contact 01727827826",English,"Urgent recruitment, salary of TK 30,000 with accommodation and food facilities, contact [PHONE]",False,True
smish,Jonota Bank theke jururi borta. Call korun: +8801913233245,Banglish,Jonota Bank theke jururi borta. Call korun: [PHONE],False,True
smish,Call +8801915566778 to reactivate your mobile SIM,English,Call [PHONE] to reactivate your mobile SIM,False,True
smish,Bangladesh Bank account-এ problem হয়েছে। Call করুন: +8801818899001,CodeMix,Bangladesh Bank account-এ problem হয়েছে। Call করুন: [PHONE],False,True
smish,Janata Bank account-এ problem হয়েছে। Call করুন: +8801816566678,CodeMix,Janata Bank account-এ problem হয়েছে। Call করুন: [PHONE],False,True
smish,100% home loan facility without any deposit. Approval within 24 hours. Contact: 01567546390,English,100% home loan facility without any deposit. Approval within 24 hours. Contact: [PHONE],False,True
smish,"PLC,LIMITED.

প্রিয় আবেদনকারী, অভিনন্দন!

আপনার সিভি নির্বাচিত হয়েছে। পজিশনের নাম - কাস্টমার সার্ভিস/ইউনিট ম্যানেজার (ডেভ..) (পার্ট টাইম / ফুল টাইম)। যদি আপনি কাজটিতে আগ্রহী হন তবে অবশ্যই সিভি এবং পাসপোর্ট সাইজের ৪ কপি ছবি নিয়ে আসতে হবে।

কাজের স্থান - আপনি ঢাকা শহরের যেকোনো শাখা অফিস বেছে নিতে পারবেন।

সাক্ষাত্কারের তারিখ - ১৪ নভেম্বর ২০২৩ (১০.০০am - ০৪.০০pm)

যোগাযোগের ঠিকানা - ১৬৬, দিলকুশা, মতিঝিল, ঢাকা ১০০০।

বিস্তারিত জানার জন্য কল করুন: ০১৬১৩৫৮৯১৩৭",Bengali,"PLC,LIMITED. প্রিয় আবেদনকারী, অভিনন্দন! আপনার সিভি নির্বাচিত হয়েছে। পজিশনের নাম - কাস্টমার সার্ভিস/ইউনিট ম্যানেজার (ডেভ..) (পার্ট টাইম / ফুল টাইম)। যদি আপনি কাজটিতে আগ্রহী হন তবে অবশ্যই সিভি এবং পাসপোর্ট সাইজের ৪ কপি ছবি নিয়ে আসতে হবে। কাজের স্থান - আপনি ঢাকা শহরের যেকোনো শাখা অফিস বেছে নিতে পারবেন। সাক্ষাত্কারের তারিখ - ১৪ নভেম্বর ২০২৩ (১০.০০am - ০৪.০০pm) যোগাযোগের ঠিকানা - ১৬৬, দিলকুশা, মতিঝিল, ঢাকা ১০০০। বিস্তারিত জানার জন্য কল করুন: [PHONE]",False,True
smish,আপনার একাউন্ট সুরক্ষিত নয়। ৪০০০ টাকা পাঠান এই নাম্বারে: ০১৭৮৯৭৬৫৪৩২১।,Bengali,আপনার একাউন্ট সুরক্ষিত নয়। ৪০০০ টাকা পাঠান এই নাম্বারে: [PHONE] ।,False,True
smish,"Cyprus/Europe-e spot bhorti protidhir uposthitite (Mr. Pambos) 10-11 October, 100% visa'r nishchoyota, credit transfer, tuition fee 5000 euro shudhomatro, BSB, Dhaka jogajog nombar: 01720577099",Banglish,"Cyprus/Europe-e spot bhorti protidhir uposthitite (Mr. Pambos) 10-11 October, 100% visa'r nishchoyota, credit transfer, tuition fee 5000 euro shudhomatro, BSB, Dhaka jogajog nombar: [PHONE]",False,True
smish,আপনার সঞ্চয় দ্বিগুণ করার সুযোগ! কল করুন: +8801715455567,Bengali,আপনার সঞ্চয় দ্বিগুণ করার সুযোগ! কল করুন: [PHONE],False,True
smish,bKash account পুনরায় চালু করতে call করুন: +8801714344356,CodeMix,bKash account পুনরায় চালু করতে call করুন: [PHONE],False,True
smish,"You have won 1,000 taka prize from Sonali Bank! Call for details: +8801712122134",English,"You have won 1,000 taka prize from Sonali Bank! Call for details: [PHONE]",False,True
smish,আপনার account-এ problem হয়েছে। দ্রুত এই number-এ যোগাযোগ করুন ০১৭২৮৩৭৫৮৪ৃ।,CodeMix,আপনার account-এ problem হয়েছে। দ্রুত এই number-এ যোগাযোগ করুন [PHONE] ৃ।,False,True
smish,"প্রিয় শিক্ষার্থী! Coronavirus এর কারণে তোমাদের উপবৃত্তির ৪,২০০ টাকা দেওয়া হচ্ছে। টাকা গ্রহনের জন্য নিম্নোক্ত শিক্ষাবোর্ডের নম্বরে যোগাযোগ করুন।
মোবাঃ 01813849152,
যোগাযোগের সময় সকাল 10 টা রাত 7:30 টা পযন্ত বি:দ্র: একটা বিকাশ নাম্বার নিয়ে ফোন দিতে হবে",Bengali,"প্রিয় শিক্ষার্থী! Coronavirus এর কারণে তোমাদের উপবৃত্তির ৪,২০০ টাকা দেওয়া হচ্ছে। টাকা গ্রহনের জন্য নিম্নোক্ত শিক্ষাবোর্ডের নম্বরে যোগাযোগ করুন। মোবাঃ [PHONE] , যোগাযোগের সময় সকাল 10 টা রাত 7:30 টা পযন্ত বি:দ্র: একটা বিকাশ নাম্বার নিয়ে ফোন দিতে হবে",False,True
smish,আপনার ব্যাংক একাউন্ট ভেরিফাই করতে কল করুন +8801812233445,Bengali,আপনার ব্যাংক একাউন্ট ভেরিফাই করতে কল করুন [PHONE],False,True
smish,আপনার একাউন্ট ব্লক হয়ে যাবে। যোগাযোগ করুন ০১৭৮৯৭৬৫৪৩২১।,Bengali,আপনার একাউন্ট ব্লক হয়ে যাবে। যোগাযোগ করুন [PHONE] ।,False,True
smish,আপনার gas সংযোগ পুনরায় activate করতে call করুন +8801719900012,CodeMix,আপনার gas সংযোগ পুনরায় activate করতে call করুন [PHONE],False,True
smish,"Golden opportunity! ঘরে বসে data entry করে daily 1000-2000 টাকা earn করুন। Registration fee মাত্র 100 টাকা। Name, age, city, national ID number সহ contact WhatsApp 7602236317",CodeMix,"Golden opportunity! ঘরে বসে data entry করে daily 1000-2000 টাকা earn করুন। Registration fee মাত্র 100 টাকা। Name, age, city, national ID number সহ contact WhatsApp [PHONE]",False,True
smish,বাংলাদেশ ব্যাংক অ্যাকাউন্টে ত্রুটি দেখা দিয়েছে। কল করুন: +8801814344356,Bengali,বাংলাদেশ ব্যাংক অ্যাকাউন্টে ত্রুটি দেখা দিয়েছে। কল করুন: [PHONE],False,True
smish,আপনার পেন্ডিং বিলটি পেমেন্ট করুন এবং অবিলম্বে যোগাযোগ করুন +8801812345678,Bengali,আপনার পেন্ডিং বিলটি পেমেন্ট করুন এবং অবিলম্বে যোগাযোগ করুন [PHONE],False,True
smish,Apnar account er tothyo update korte call korun +8801712233445,Banglish,Apnar account er tothyo update korte call korun [PHONE],False,True
smish,"৫,০০০ টাকা investment-এ ১৫,০০০ টাকা earn করুন! Call করুন: +8801916677889",CodeMix,"৫,০০০ টাকা investment-এ ১৫,০০০ টাকা earn করুন! Call করুন: [PHONE]",False,True
smish,Call to recharge your mobile: +8801818788890,English,Call to recharge your mobile: [PHONE],False,True
smish,কোন down payment ছাড়াই 100% car loan facility। আজই apply করুন। Contact: ০১৮৬৭৫৪৬৩৮৯,CodeMix,কোন down payment ছাড়াই 100% car loan facility। আজই apply করুন। Contact: [PHONE],False,True
smish,আপনার মোবাইল নম্বরটি আইফোন জিতেছে! পুরস্কার পেতে কল করুন +8801813344556,Bengali,আপনার মোবাইল নম্বরটি আইফোন জিতেছে! পুরস্কার পেতে কল করুন [PHONE],False,True
smish,"Invest TK 15,000 and earn TK 45,000! Call: +8801913233345",English,"Invest TK 15,000 and earn TK 45,000! Call: [PHONE]",False,True
smish,"Apnar jomi bikrir taka joma hoyeche, call korun: +8801816677889",Banglish,"Apnar jomi bikrir taka joma hoyeche, call korun: [PHONE]",False,True
smish,"২০,০০০ টাকা বিনিয়োগে ৬০,০০০ টাকা পান! কল করুন: +8801714344456",Bengali,"২০,০০০ টাকা বিনিয়োগে ৬০,০০০ টাকা পান! কল করুন: [PHONE]",False,True
smish,Apnar account ti verify korte call korun +8801813344556,Banglish,Apnar account ti verify korte call korun [PHONE],False,True
smish,"You have won 2,000 taka prize from Janata Bank! Call: +8801714455667",English,"You have won 2,000 taka prize from Janata Bank! Call: [PHONE]",False,True
smish,"Your land sale money has been deposited, call: +8801819899901",English,"Your land sale money has been deposited, call: [PHONE]",False,True
smish,Apnar mobile recharge korte call korun: +8801814344356,Banglish,Apnar mobile recharge korte call korun: [PHONE],False,True
smish,ঘরে বসে online income করুন! কোন training required নেই। Details জানতে call করুন: +91 8927623713,CodeMix,ঘরে বসে online income করুন! কোন training required নেই। Details জানতে call করুন: [PHONE],False,True
smish,Apnar credit score update korte kol korun +8801715566778,Banglish,Apnar credit score update korte kol korun [PHONE],False,True
smish,bKash account has an error. Call for quick solution: +8801713344556,English,bKash account has an error. Call for quick solution: [PHONE],False,True
smish,"আপনার land selling-এর money জমা হয়েছে, call করুন: +8801816677889",CodeMix,"আপনার land selling-এর money জমা হয়েছে, call করুন: [PHONE]",False,True
smish,কৃষকদের জন্য সরকার দিচ্ছে পঞ্চাশ হাজার টাকা পর্যন্ত ভর্তুকি। ভর্তুকি পেতে এখনই যোগাযোগ করুন ০১৫৩৮২৭২৭৩৪,Bengali,কৃষকদের জন্য সরকার দিচ্ছে পঞ্চাশ হাজার টাকা পর্যন্ত ভর্তুকি। ভর্তুকি পেতে এখনই যোগাযোগ করুন [PHONE],False,True
smish,"Nagad account e 10,000 TK joma hoyeche. bistarito jante call korun: +8801817677789",Banglish,"Nagad account e 10,000 TK joma hoyeche. bistarito jante call korun: [PHONE]",False,True
smish,"*Bari te boshe form fillup er kaj. * 5ta form fillup 510 taka, amader company te kichhu lok neoya hocche. *Shikkhagotto joggota: Bangla porate parleii hobe *Phone e WhatsApp thakte hobe. *Beton: 8000-18000 taka",Banglish,"*Bari te boshe form fillup er kaj. * 5ta form fillup 510 taka, amader company te kichhu lok neoya hocche. *Shikkhagotto joggota: Bangla porate parleii hobe *Phone e WhatsApp thakte hobe. *Beton: [PHONE] taka",False,True
smish,Call to restart your internet connection +8801811122334,English,Call to restart your internet connection [PHONE],False,True
smish,"Priyo shikkharthi! Coronavirus er karone tomader upobrittir 4,200 taka deoya hocche. Taka grohoner jonno nimnobhukto shikkha board er number e jogajog korun. Mobile: 01813849152, Jogajog er somoy sokal 10 ta rat 7:30 ta porjonto B:D: Ekta bkash number nie phon dite hobe",Banglish,"Priyo shikkharthi! Coronavirus er karone tomader upobrittir 4,200 taka deoya hocche. Taka grohoner jonno nimnobhukto shikkha board er number e jogajog korun. Mobile: [PHONE] , Jogajog er somoy sokal 10 ta rat 7:30 ta porjonto B:D: Ekta bkash number nie phon dite hobe",False,True
smish,আপনার ফোন নম্বরটি ৫০০০ টাকা পুরস্কার জিতেছে! বিস্তারিত জানতে কল করুন +8801715566778,Bengali,আপনার ফোন নম্বরটি ৫০০০ টাকা পুরস্কার জিতেছে! বিস্তারিত জানতে কল করুন [PHONE],False,True
smish,"""অভিনন্দন! আপ্নি পাসেন"" ""বিকাশ"""" & BRAC""""N.G.O"""" pokko teke """"STUDENT বৃত্তি"""" (টাকা-10,499/) আপনার পরিমাণ আইডি: এখন আপনার প্রার্থী নির্বাচন করুন: Bestarito Janta Call korun office: 01794567889 (am 11 to 5pm} ওথোভা""""ঠিক আছে""""লিখা এসএমএস করব? আমড়া আপনের কেচা কল করবো.!""",Bengali,"""অভিনন্দন! আপ্নি পাসেন"" ""বিকাশ"""" & BRAC""""N.G.O"""" pokko teke """"STUDENT বৃত্তি"""" (টাকা-10,499/) আপনার পরিমাণ আইডি: এখন আপনার প্রার্থী নির্বাচন করুন: Bestarito Janta Call korun office: [PHONE] (am 11 to 5pm} ওথোভা""""ঠিক আছে""""লিখা এসএমএস করব? আমড়া আপনের কেচা কল করবো.!""",False,True
smish,Sonali bank account-e somossa hoyeche. Call korun: +8801813233245,Banglish,Sonali bank account-e somossa hoyeche. Call korun: [PHONE],False,True
smish,Apple iPhone 12 জিতেছেন! Delivery confirm করতে call করুন: +8801814455667,CodeMix,Apple iPhone 12 জিতেছেন! Delivery confirm করতে call করুন: [PHONE],False,True
smish,"Akorshonio chakri o porashonar, mashik beton 2 lokkho+ ebong dokkhyn koriay e sthayi boshobasher shujog.
Binamulye tuition o thakar byobostha.
Jogajog korun:
01720557103
01720557120
01321200716
01550402100",Banglish,"Akorshonio chakri o porashonar, mashik beton 2 lokkho+ ebong dokkhyn koriay e sthayi boshobasher shujog. Binamulye tuition o thakar byobostha. Jogajog korun: [PHONE] [PHONE]",False,True
smish,Call to update your insurance policy +8801816677889,English,Call to update your insurance policy [PHONE],False,True
smish,আপনার bank account থেকে unknown transaction হয়েছে। Detail জানতে call করুন +8801914455667,CodeMix,আপনার bank account থেকে unknown transaction হয়েছে। Detail জানতে call করুন [PHONE],False,True
smish,"Dear student! Due to Coronavirus, your 4,200TK stipend is being processed. Contact education board at 01813849152 (10am-7:30pm). Note: Must have bKash number when calling.",English,"Dear student! Due to Coronavirus, your 4,200TK stipend is being processed. Contact education board at [PHONE] (10am-7:30pm). Note: Must have bKash number when calling.",False,True
smish,"""Welcome to cloud colors! Let's decorate your home easily with installments. Order online and possibly get it within this month - 01746635725""",English,"""Welcome to cloud colors! Let's decorate your home easily with installments. Order online and possibly get it within this month - [PHONE] """,False,True
smish,আপনার ড্রাইভিং লাইসেন্স আপডেট করতে কল করুন +8801815566778,Bengali,আপনার ড্রাইভিং লাইসেন্স আপডেট করতে কল করুন [PHONE],False,True
smish,Apnar mobile recharge korte call korun: +8801812233445,Banglish,Apnar mobile recharge korte call korun: [PHONE],False,True
smish,Your phone number has won TK5000 prize! Call for details +8801715566778,English,Your phone number has won TK5000 prize! Call for details [PHONE],False,True
smish,Bangladesh Bank account-এ error দেখা দিয়েছে। Call করুন: +8801819899901,CodeMix,Bangladesh Bank account-এ error দেখা দিয়েছে। Call করুন: [PHONE],False,True
smish,SCHOOL PART TIME TEACHER POST APPLY Now. Online selection process. Selection will be based on numbers. Send B.SC pass Marksheet and certificate to WhatsApp 7602236317,English,SCHOOL PART TIME TEACHER POST APPLY Now. Online selection process. Selection will be based on numbers. Send B.SC pass Marksheet and certificate to WhatsApp [PHONE],False,True
smish,"প্রিয় গ্রাহক, কলকাতা TS ATM.Txn# S32131611-20191005-এ 31-12-2019 তারিখে A/cXXXXX থেকে 25000 টাকা তোলা হয়েছে৷ আপনার দ্বারা না করা হলে, আপনার কার্ড ব্লক করতে নিবন্ধিত মোবাইল নম্বর থেকে এই এসএমএসটি 7679786941 এ ফরোয়ার্ড করুন বা অবিলম্বে 7029892098 -স্টেট ব্যাঙ্ক অফ ইন্ডিয়াতে কল করুন",Bengali,"প্রিয় গ্রাহক, কলকাতা TS ATM.Txn# S [PHONE] এ 31-12-2019 তারিখে A/cXX থেকে 25000 টাকা তোলা হয়েছে৷ আপনার দ্বারা না করা হলে, আপনার কার্ড ব্লক করতে নিবন্ধিত মোবাইল নম্বর থেকে এই এসএমএসটি [PHONE] এ ফরোয়ার্ড করুন বা অবিলম্বে [PHONE] -স্টেট ব্যাঙ্ক অফ ইন্ডিয়াতে কল করুন",False,True
smish,"20,000 taka biniyoge 60,000 taka pan! Call korun: +8801714344456",Banglish,"20,000 taka biniyoge 60,000 taka pan! Call korun: [PHONE]",False,True
smish,Important message from Janata Bank. Call: +8801715455567,English,Important message from Janata Bank. Call: [PHONE],False,True
smish,বাংলাদেশ ব্যাংক থেকে গুরুত্বপূর্ণ বার্তা। জরুরি ভিত্তিতে কল করুন: +8801812345678,Bengali,বাংলাদেশ ব্যাংক থেকে গুরুত্বপূর্ণ বার্তা। জরুরি ভিত্তিতে কল করুন: [PHONE],False,True
smish,জনতা ব্যাংক থেকে গুরুত্বপূর্ণ বার্তা। কল করুন: +8801715455567,Bengali,জনতা ব্যাংক থেকে গুরুত্বপূর্ণ বার্তা। কল করুন: [PHONE],False,True
smish,"""Congratulations! আপনি পাসেন"" ""bKash"""" & BRAC""""N.G.O"""" project থেকে """"STUDENT scholarship"""" (টাকা-10,499/) আপনার amount ID: এখন আপনার candidate select করুন: Bestarito Janta Call করুন office: 01794567889 (am 11 to 5pm} অথবা""""ঠিক আছে""""লিখা SMS করবেন? আমরা আপনার কাছে call করবো.!""",CodeMix,"""Congratulations! আপনি পাসেন"" ""bKash"""" & BRAC""""N.G.O"""" project থেকে """"STUDENT scholarship"""" (টাকা-10,499/) আপনার amount ID: এখন আপনার candidate select করুন: Bestarito Janta Call করুন office: [PHONE] (am 11 to 5pm} অথবা""""ঠিক আছে""""লিখা SMS করবেন? আমরা আপনার কাছে call করবো.!""",False,True
smish,আপনার numberটি একটি special offer-এ selected হয়েছে! Prize পেতে call করুন +8801716677889,CodeMix,আপনার numberটি একটি special offer-এ selected হয়েছে! Prize পেতে call করুন [PHONE],False,True
smish,Kono credit check charai 100% credit card onumodon. Ajei abedon korun. Jogajog: 01567546390,Banglish,Kono credit check charai 100% credit card onumodon. Ajei abedon korun. Jogajog: [PHONE],False,True
smish,"100% guarantee shoh Malaysian, European, America, Canada visa pete ajei jogajog korun 01765433422, ogrim fee lagbe na.",Banglish,"100% guarantee shoh Malaysian, European, America, Canada visa pete ajei jogajog korun [PHONE] , ogrim fee lagbe na.",False,True
smish,আপনার নাম্বারটি একটি বিশেষ অফারে নির্বাচিত হয়েছে! পুরস্কার পেতে কল করুন +8801712233445,Bengali,আপনার নাম্বারটি একটি বিশেষ অফারে নির্বাচিত হয়েছে! পুরস্কার পেতে কল করুন [PHONE],False,True
smish,Fake job alert: Apni Software Engineer position shortlist hoyechen. Joining er age 5000TK processing fee pay korte hobe Nagad 01755667788 e. Payment chara offer cancel hobe.,Banglish,Fake job alert: Apni Software Engineer position shortlist hoyechen. Joining er age 5000TK processing fee pay korte hobe Nagad [PHONE] e. Payment chara offer cancel hobe.,False,True
smish,Call to verify your account security +8801916677889,English,Call to verify your account security [PHONE],False,True
smish,"আপনার জমি selling-এর টাকা জমা হয়েছে, call করুন: +8801914567890",CodeMix,"আপনার জমি selling-এর টাকা জমা হয়েছে, call করুন: [PHONE]",False,True
smish,Sonali Bank account e somossa hoyeche. Kol korun: +8801818788890,Banglish,Sonali Bank account e somossa hoyeche. Kol korun: [PHONE],False,True
smish,"Sonali Bank থেকে 1,000 টাকা reward জিতেছেন! Details জানতে call করুন: +8801712122134",CodeMix,"Sonali Bank থেকে 1,000 টাকা reward জিতেছেন! Details জানতে call করুন: [PHONE]",False,True
smish,DXN মাল্টিনেশনাল কোম্পানি দিচ্ছে ভাতাসহ উচ্চবেতনে চাকরির সুযোগ। জরুরি যোগাযোগ করুন ০১৭৯৩২৫১০০২,Bengali,DXN মাল্টিনেশনাল কোম্পানি দিচ্ছে ভাতাসহ উচ্চবেতনে চাকরির সুযোগ। জরুরি যোগাযোগ করুন [PHONE],False,True
smish,Bangladesh Bank থেকে একটি emergency message এসেছে। Call করুন: +8801914567890,CodeMix,Bangladesh Bank থেকে একটি emergency message এসেছে। Call করুন: [PHONE],False,True
smish,Error found in Bangladesh Bank account. Call: +8801814344456,English,Error found in Bangladesh Bank account. Call: [PHONE],False,True
smish,Apnar puroskar er taka pete call korun: +8801811234567,Banglish,Apnar puroskar er taka pete call korun: [PHONE],False,True
smish,আপনার DBBL account-এ suspicious activity report করা হয়েছে। Immediately call 01987-654321 to avoid suspension.,CodeMix,আপনার DBBL account-এ suspicious activity report করা হয়েছে। Immediately call [PHONE] to avoid suspension.,False,True
smish,"Attractive jobs and studies, monthly salary 2 lakh+ and PR opportunity in South Korea.
Free education and accommodation.
01720557103
01720557120
01321200716
01550402100",English,"Attractive jobs and studies, monthly salary 2 lakh+ and PR opportunity in South Korea. Free education and accommodation. [PHONE] [PHONE]",False,True
smish,Work for our company. Earn online sitting with your mobile/computer. Contact number: 01720577099,English,Work for our company. Earn online sitting with your mobile/computer. Contact number: [PHONE],False,True
smish,শুধুমাত্র আপুদের জন্যে😍😍 ঘরে বসেই ফোন এর মাধ্যমে কাজটি করতে পারবেন☺ অযথা fb তে সময় না কাটিয়ে সেই সময়টুকু ব্যবহার করে daily ২০০ -৪০০ TK এবং মাসে ৬০০০-১২০০০ TK income করতে পারবেন In sha Allah😍,CodeMix,শুধুমাত্র আপুদের জন্যে😍😍 ঘরে বসেই ফোন এর মাধ্যমে কাজটি করতে পারবেন☺ অযথা fb তে সময় না কাটিয়ে সেই সময়টুকু ব্যবহার করে daily ২০০ -৪০০ TK এবং মাসে [PHONE] TK income করতে পারবেন In sha Allah😍,False,True
smish,"Apnar jomi bikrir taka joma hoyeche, call korun: +8801816566678",Banglish,"Apnar jomi bikrir taka joma hoyeche, call korun: [PHONE]",False,True
smish,"Attractive job ও study, monthly salary ২ lakh+ এবং South Korea এ permanent residence এর opportunity।
Free tuition ও accommodation এর ব্যবস্থা।
Contact করুন:
01720557103
01720557120
01321200716
01550402100",CodeMix,"Attractive job ও study, monthly salary ২ lakh+ এবং South Korea এ permanent residence এর opportunity। Free tuition ও accommodation এর ব্যবস্থা। Contact করুন: [PHONE] [PHONE]",False,True
smish,"নগদ অ্যাকাউন্টে ১০,০০০ টাকা জমা হয়েছে। বিস্তারিত জানতে কল করুন: +8801817677789",Bengali,"নগদ অ্যাকাউন্টে ১০,০০০ টাকা জমা হয়েছে। বিস্তারিত জানতে কল করুন: [PHONE]",False,True
smish,"10,000 taka biniyoge 30,000 taka orjon korun! Call korun: +8801711011123",Banglish,"10,000 taka biniyoge 30,000 taka orjon korun! Call korun: [PHONE]",False,True
smish,"Invest TK 3,200 and get double profit! Call: +8801913344556",English,"Invest TK 3,200 and get double profit! Call: [PHONE]",False,True
smish,Call +8801815566778 to renew your car insurance,English,Call [PHONE] to renew your car insurance,False,True
smish,Bangladesh Bank থেকে urgent message। Call করুন: +8801916566678,CodeMix,Bangladesh Bank থেকে urgent message। Call করুন: [PHONE],False,True
smish,Apnar number ti puraskar jiteche. Bistrito jante kol korun +8801713344556,Banglish,Apnar number ti puraskar jiteche. Bistrito jante kol korun [PHONE],False,True
smish,"Your land sale money has been deposited, call: +8801816566678",English,"Your land sale money has been deposited, call: [PHONE]",False,True
smish,"Your mobile number has won TK 10,000 lottery! Call for details +8801712345678",English,"Your mobile number has won TK 10,000 lottery! Call for details [PHONE]",False,True
smish,Your account is not secure. Send 4000 taka to this number: 01789765432l.,English,Your account is not secure. Send 4000 taka to this number: [PHONE] l.,False,True
smish,"Priyo grahok, aj rat 11.30 tay bidyut office theke apnar bidyut shongjog bichchinno kora hobe karon apnar ager mash er bill porishod kora hoynii. Onugroho kore obilombo amader bidyut kormokortai shathe 09874567456 number e jogajog korun dhonnobad।",Banglish,"Priyo grahok, aj rat 11.30 tay bidyut office theke apnar bidyut shongjog bichchinno kora hobe karon apnar ager mash er bill porishod kora hoynii. Onugroho kore obilombo amader bidyut kormokortai shathe [PHONE] number e jogajog korun dhonnobad।",False,True
smish,◆ তেমন যোগ‍্যতা থাকলে অনলাইনে পড়িয়ে রোজগার করা যায়। এইজন‍্য User-10381381741225860264 মহাশয়ের সাথে যোগাযোগ করতে পারেন।,Bengali,◆ তেমন যোগ‍্যতা থাকলে অনলাইনে পড়িয়ে রোজগার করা যায়। এইজন‍্য User- [PHONE] মহাশয়ের সাথে যোগাযোগ করতে পারেন।,False,True
smish,"প্রিয় শিক্ষার্থী,
মাধ্যমিক পরীক্ষায় উত্তীর্ণ হওয়ায় অভিনন্দন। আজকের তুমি আগামী বাংলাদেশের ভবিষ্যৎ, আমরা
তোমার অপেক্ষায়।
কুমিল্লা সিটি
কলেজ(EIIN:134648)কোটবাড়ি,
কুমিল্লা
মোবাইল:01781939370
01859412805",Bengali,"প্রিয় শিক্ষার্থী, মাধ্যমিক পরীক্ষায় উত্তীর্ণ হওয়ায় অভিনন্দন। আজকের তুমি আগামী বাংলাদেশের ভবিষ্যৎ, আমরা তোমার অপেক্ষায়। কুমিল্লা সিটি কলেজ(EIIN:134648)কোটবাড়ি, কুমিল্লা মোবাইল: [PHONE]",False,True
smish,Bangladesh Bank accounte truti dekha diyeche. Call korun: +8801819899901,Banglish,Bangladesh Bank accounte truti dekha diyeche. Call korun: [PHONE],False,True
smish,"Apni shorkari bonus scheme er jonno nirbachito hoyechen, 50,000 porjonto pete jogajog korun 01723122576 number e
Bonus scheme
Bangladesh Orthomontronaloy",Banglish,"Apni shorkari bonus scheme er jonno nirbachito hoyechen, 50,000 porjonto pete jogajog korun [PHONE] number e Bonus scheme Bangladesh Orthomontronaloy",False,True
smish,"Get TK 1,00,000 by investing TK 50,000! Call: +8801918788890",English,"Get TK 1,00,000 by investing TK 50,000! Call: [PHONE]",False,True
smish,অ্যাপল আইফোন ১৫ জিতেছেন! ডেলিভারি নিশ্চিত করতে কল করুন: +8801811011123,Bengali,অ্যাপল আইফোন ১৫ জিতেছেন! ডেলিভারি নিশ্চিত করতে কল করুন: [PHONE],False,True
smish,"Urgent. Post Name: FPO & Branch Accountant. Your Exam Date:04/05/24 (Saturday). Time:09:00 AM. Venue: Sylhet Zone Office. Bring 2 passport photos, CV, manual job application (in Bengali), referral form (if any), NID photocopy, attested copies of original certificates. Address: Baitul Jannat Jame Masjid opposite, Shahjalal Upashahar Main Road. Contact:01322-80351. Apply to: Deputy Director, HR Department, Head Office, Ring Road, Adabor Dhaka 1207.",English,"Urgent. Post Name: FPO & Branch Accountant. Your Exam Date:04/05/24 (Saturday). Time:09:00 AM. Venue: Sylhet Zone Office. Bring 2 passport photos, CV, manual job application (in Bengali), referral form (if any), NID photocopy, attested copies of original certificates. Address: Baitul Jannat Jame Masjid opposite, Shahjalal Upashahar Main Road. Contact: [PHONE] . Apply to: Deputy Director, HR Department, Head Office, Ring Road, Adabor Dhaka 1207.",False,True
smish,"Earn TK15,000 by investing TK5,000! Call: +8801916677889",English,"Earn TK15,000 by investing TK5,000! Call: [PHONE]",False,True
smish,"নগদ অ্যাকাউন্ট থেকে ৫,০০০ টাকা পুরস্কার জিতেছেন! বিস্তারিত জানতে কল করুন: +8801919899901",Bengali,"নগদ অ্যাকাউন্ট থেকে ৫,০০০ টাকা পুরস্কার জিতেছেন! বিস্তারিত জানতে কল করুন: [PHONE]",False,True
smish,আপনার electricity bill pay না হওয়ায় connection কেটে দেয়া হবে। Call করুন +8801912233445,CodeMix,আপনার electricity bill pay না হওয়ায় connection কেটে দেয়া হবে। Call করুন [PHONE],False,True
smish,"বিলম্বে আপনার টাকা পাবেন না, দ্রুত কল করুন: +8801912345678",Bengali,"বিলম্বে আপনার টাকা পাবেন না, দ্রুত কল করুন: [PHONE]",False,True
smish,Call to update your driving license +8801815566778,English,Call to update your driving license [PHONE],False,True
smish,Apnar mobile application update korte call korun +8801912233445,Banglish,Apnar mobile application update korte call korun [PHONE],False,True
smish,"2,00,000 taka biniyoge 4,00,000 taka orjon korun! Call korun: +8801710900912",Banglish,"2,00,000 taka biniyoge 4,00,000 taka orjon korun! Call korun: [PHONE]",False,True
smish,"priyo shikkharthi, madhyamik porikkhay uttirno howay abhinondon. ajker tumi agami Bangladesher vobisshot, amra tomar opekkhay. Cumilla City College (EIIN:134648) Kotbari, Cumilla Mobile:01781939370 01859412805",Banglish,"priyo shikkharthi, madhyamik porikkhay uttirno howay abhinondon. ajker tumi agami Bangladesher vobisshot, amra tomar opekkhay. Cumilla City College (EIIN:134648) Kotbari, Cumilla Mobile: [PHONE]",False,True
smish,Career planning e shahaijyo nin! Apnar jonno adorsho kormosthal nirbachon korun ebong shothik koushol porikolpona korun. Professional shahaijyo pan - 01746635725,Banglish,Career planning e shahaijyo nin! Apnar jonno adorsho kormosthal nirbachon korun ebong shothik koushol porikolpona korun. Professional shahaijyo pan - [PHONE],False,True
smish,Bangladesh Bank account-এ error দেখা দিয়েছে। Call করুন: +8801814344456,CodeMix,Bangladesh Bank account-এ error দেখা দিয়েছে। Call করুন: [PHONE],False,True
smish,Bkash refund system: Apnar account e 2500TK refund wait korche but verify korte hobe. OTP pathan 01788992211 e or click korun: http://bkashrefund-secure.com. Apni verification complete na korle taka cancel hoye jabe.,Banglish,Bkash refund system: Apnar account e 2500TK refund wait korche but verify korte hobe. OTP pathan [PHONE] e or click korun: [URL] Apni verification complete na korle taka cancel hoye jabe.,True,True
smish,"akorshoniyo chakri ebong porashona, mashik beton 2 lakh+ ebong PR sujog @ dokkhin Korea. 
binamulle shikkhadan ebong bashosthan.
01720557103
01720557120
01321200716
01550402100",Banglish,"akorshoniyo chakri ebong porashona, mashik beton 2 lakh+ ebong PR sujog @ dokkhin Korea. binamulle shikkhadan ebong bashosthan. [PHONE] [PHONE]",False,True
smish,"উপবৃত্তির 4200 টাকার জন্য
Contact করুন: 01320660547
শিক্ষা বোর্ড",CodeMix,উপবৃত্তির 4200 টাকার জন্য Contact করুন: [PHONE] শিক্ষা বোর্ড,False,True
smish,"প্রিয় customer, আপনার bKash account-এ 10,000 টাকা deposit হয়েছে। Details জানতে call করুন: +8801712345678",CodeMix,"প্রিয় customer, আপনার bKash account-এ 10,000 টাকা deposit হয়েছে। Details জানতে call করুন: [PHONE]",False,True
smish,Bkash fraud alert: Apnar wallet er against e 2 bar unauthorized login attempt kora hoyeche Malaysia IP theke. Apnar taka protect korte verification korte hobe. Please send OTP immediately to 01755667711. Verification na korle wallet block hoye jabe within 12 hours.,Banglish,Bkash fraud alert: Apnar wallet er against e 2 bar unauthorized login attempt kora hoyeche Malaysia IP theke. Apnar taka protect korte verification korte hobe. Please send OTP immediately to [PHONE] . Verification na korle wallet block hoye jabe within 12 hours.,False,True
smish,আপনার number-টি একটি বিশেষ offer-এ নির্বাচিত হয়েছে! prize পেতে call করুন +8801712233445,CodeMix,আপনার number-টি একটি বিশেষ offer-এ নির্বাচিত হয়েছে! prize পেতে call করুন [PHONE],False,True
smish,Bangladesh Bank account has been blocked. Call to reactivate: +8801713233245,English,Bangladesh Bank account has been blocked. Call to reactivate: [PHONE],False,True
smish,Call +8801916677889 to update your mobile banking account,English,Call [PHONE] to update your mobile banking account,False,True
smish,Apni 7 vori shona jitechen! bistarito jante call korun: +8801719899901,Banglish,Apni 7 vori shona jitechen! bistarito jante call korun: [PHONE],False,True
smish,DXN multinational company dichche bhata-soho uchchobetone chakrir sujog. Joruri jogajog korun 01793251002,Banglish,DXN multinational company dichche bhata-soho uchchobetone chakrir sujog. Joruri jogajog korun [PHONE],False,True
smish,💖 Do you want to learn free work? Do you want to earn alongside work? You can earn 400 to 500 TK daily? Then why delay? Contact now: 01722672391,English,💖 Do you want to learn free work? Do you want to earn alongside work? You can earn 400 to 500 TK daily? Then why delay? Contact now: [PHONE],False,True
smish,Sonali Bank account-e problem হয়েছে। Call করুন: +8801813233245,CodeMix,Sonali Bank account-e problem হয়েছে। Call করুন: [PHONE],False,True
smish,Call to recharge your mobile: +8801815455567,English,Call to recharge your mobile: [PHONE],False,True
smish,"যুক্তরাজ্যে নিবন্ধিত নার্স হিসাবে একটি ক্যারিয়ার তৈরি করুন , মাসিক মিনিমাম সহ 2 বছরের কাজের ভিসা। প্রারম্ভিক বেতন ৩ লাখ টাকা বিএসবি,ঢাকা Please Contact Us: 01332518402 , 01332518406",Bengali,"যুক্তরাজ্যে নিবন্ধিত নার্স হিসাবে একটি ক্যারিয়ার তৈরি করুন , মাসিক মিনিমাম সহ 2 বছরের কাজের ভিসা। প্রারম্ভিক বেতন ৩ লাখ টাকা বিএসবি,ঢাকা Please Contact Us: [PHONE] , [PHONE]",False,True
smish,Your number has been selected for a special offer! Call to get prize +8801712233445,English,Your number has been selected for a special offer! Call to get prize [PHONE],False,True
smish,Call to receive your prize money: +8801811234567,English,Call to receive your prize money: [PHONE],False,True
smish,আপনার mobile recharge করতে call করুন: +8801814344356,CodeMix,আপনার mobile recharge করতে call করুন: [PHONE],False,True
smish,"Invest TK 5,000 and get TK 20,000! Call: +8801918899001",English,"Invest TK 5,000 and get TK 20,000! Call: [PHONE]",False,True
smish,bKash account-e truti dekha diyeche. Druto somadhaner jonno call korun: +8801819900112,Banglish,bKash account-e truti dekha diyeche. Druto somadhaner jonno call korun: [PHONE],False,True
smish,bKash account-e truti dekha diyeche. Druto shodhanor jonne call korun: +8801713344556,Banglish,bKash account-e truti dekha diyeche. Druto shodhanor jonne call korun: [PHONE],False,True
smish,Bangladesh Bank theke apnar jonno joruri barta. call korun: +8801911011123,Banglish,Bangladesh Bank theke apnar jonno joruri barta. call korun: [PHONE],False,True
smish,আপনার credit card-এর limit increase করার জন্য call করুন +8801812233445,CodeMix,আপনার credit card-এর limit increase করার জন্য call করুন [PHONE],False,True
smish,"মাসে ২০ থেকে ৩০ হাজার income করতে পারবেন 🌺
যোগাযোগ number 01761693374 💢",CodeMix,মাসে ২০ থেকে ৩০ হাজার income করতে পারবেন 🌺 যোগাযোগ number [PHONE] 💢,False,True
smish,Your SIM will be disconnected. Reactivate korte call customer care: 01555123456,Banglish,Your SIM will be disconnected. Reactivate korte call customer care: [PHONE],False,True
smish,"গভঃ রেজিঃ  - ১৮০৭২৭/২০২২ National agancy company পার্ট-টাইম চাকরি
পড়াশোনার পাশাপাশি অনলাইন প্লাটফর্মে বিজ্ঞাপন প্রচার করার জন্য ছেলে মেয়ে কর্মী নিয়োগ চলছে।
পদের_নামঃ কল সেন্টার
মাসিক বেতনঃ 10/12 হাজার 
দৈনিক কাজের সময়ঃ ৪/৫ঘন্টা
আগ্রহী আপুরা ও ভাইয়েরা সরাসরি ইনবক্স_এ যোগাযোগ করুন।বা ফোন . 01984766558",Bengali,গভঃ রেজিঃ - ১৮০৭২৭/২০২২ National agancy company পার্ট-টাইম চাকরি পড়াশোনার পাশাপাশি অনলাইন প্লাটফর্মে বিজ্ঞাপন প্রচার করার জন্য ছেলে মেয়ে কর্মী নিয়োগ চলছে। পদের_নামঃ কল সেন্টার মাসিক বেতনঃ 10/12 হাজার দৈনিক কাজের সময়ঃ ৪/৫ঘন্টা আগ্রহী আপুরা ও ভাইয়েরা সরাসরি ইনবক্স_এ যোগাযোগ করুন।বা ফোন . [PHONE],False,True
smish,"Dear student, মাধ্যমিক exam এ pass করায় congrats! আজকের তুমি আগামীর future, আমরা তোমার অপেক্ষায়। Cumilla City College (EIIN:134648), Kotbari, Cumilla. Mobile: 01781939370, 01859412805",CodeMix,"Dear student, মাধ্যমিক exam এ pass করায় congrats! আজকের তুমি আগামীর future, আমরা তোমার অপেক্ষায়। Cumilla City College (EIIN:134648), Kotbari, Cumilla. Mobile: [PHONE] , [PHONE]",False,True
smish,"জরুরি সতর্কবার্তা! আপনার সোনালী ব্যাংক সেভিংস অ্যাকাউন্ট নং ১২৩৪৫৬৭৮৯০ থেকে গত রাত ২টায় ৫০,০০০ টাকা অননুমোদিত লেনদেন হয়েছে। আপনার অ্যাকাউন্টের নিরাপত্তার জন্য আমরা এটি অস্থায়ীভাবে ব্লক করেছি। অবিলম্বে ০১৭১১২২৩৩৪৪ নম্বরে কল করে আপনার পিন নাম্বার ও OTP দিয়ে অ্যাকাউন্ট আনব্লক করুন।",Bengali,"জরুরি সতর্কবার্তা! আপনার সোনালী ব্যাংক সেভিংস অ্যাকাউন্ট নং [PHONE] থেকে গত রাত ২টায় ৫০,০০০ টাকা অননুমোদিত লেনদেন হয়েছে। আপনার অ্যাকাউন্টের নিরাপত্তার জন্য আমরা এটি অস্থায়ীভাবে ব্লক করেছি। অবিলম্বে [PHONE] নম্বরে কল করে আপনার পিন নাম্বার ও OTP দিয়ে অ্যাকাউন্ট আনব্লক করুন।",False,True
smish,অভিনন্দন! আপনি ১ কোটি টাকা লটারি জিতেছেন। আপনার পুরস্কার সংগ্রহ করতে আমাদের সাথে যোগাযোগ করুন। যোগাযোগ:০১৫৬৭৫৪৬৩৯০,Bengali,অভিনন্দন! আপনি ১ কোটি টাকা লটারি জিতেছেন। আপনার পুরস্কার সংগ্রহ করতে আমাদের সাথে যোগাযোগ করুন। যোগাযোগ: [PHONE],False,True
smish,আপনার number-টি একটি special offer-এ selected হয়েছে! Reward পেতে call করুন +8801711122334,CodeMix,আপনার number-টি একটি special offer-এ selected হয়েছে! Reward পেতে call করুন [PHONE],False,True
smish,Part-time job।বেতন 5000 BDT/দিন।ঘরে বসে কাজ : wa.me/85295102105,CodeMix,Part-time job।বেতন 5000 BDT/দিন।ঘরে বসে কাজ : wa.me/ [PHONE],False,True
smish,EBL lottery claim: Apni ekta brand new car win korechen. Collect korte processing fee pay korte hobe bkash 01733445566 e. Delay hole prize cancel hobe.,Banglish,EBL lottery claim: Apni ekta brand new car win korechen. Collect korte processing fee pay korte hobe bkash [PHONE] e. Delay hole prize cancel hobe.,False,True
smish,"Priyo grahok, apnar carder tothyo update korte hobe. Doya kore druto nicher number e call korun ebong apnar pin numberti bolun. Jogajog er number: 01345678956",Banglish,"Priyo grahok, apnar carder tothyo update korte hobe. Doya kore druto nicher number e call korun ebong apnar pin numberti bolun. Jogajog er number: [PHONE]",False,True
smish,Dutch Bangla Bank ATM card unauthorized use detect hoyeche. Apnar account safety er jonno card block kora hoise. Unlock korte please call +8801987654321 now. OTP provide na korle account close hoye jabe.,Banglish,Dutch Bangla Bank ATM card unauthorized use detect hoyeche. Apnar account safety er jonno card block kora hoise. Unlock korte please call [PHONE] now. OTP provide na korle account close hoye jabe.,False,True
smish,Double your savings! Call now: +8801919876543,English,Double your savings! Call now: [PHONE],False,True
smish,Janata Bank account e somossa hoyeche. Kol korun: +8801811011023,Banglish,Janata Bank account e somossa hoyeche. Kol korun: [PHONE],False,True
smish,Call to update Bangladesh Bank account: +8801813344556,English,Call to update Bangladesh Bank account: [PHONE],False,True
smish,"Dear customer, আজ রাত ১১.৩০ টায় electricity office থেকে আপনার electricity connection disconnect করা হবে কারণ আপনার previous month-এর bill payment করা হয়নি। Please অবিলম্বে আমাদের electricity officer-এর সাথে 09874567456 number-এ contact করুন thanks।",CodeMix,"Dear customer, আজ রাত ১১.৩০ টায় electricity office থেকে আপনার electricity connection disconnect করা হবে কারণ আপনার previous month-এর bill payment করা হয়নি। Please অবিলম্বে আমাদের electricity officer-এর সাথে [PHONE] number-এ contact করুন thanks।",False,True
smish,Sonali Bank lottery: Apni ekta iPhone 14 win korechen. Prize claim korte 5500TK processing fee pay korte hobe bkash number 01733442255 e. Payment na korle prize cancel hobe.,Banglish,Sonali Bank lottery: Apni ekta iPhone 14 win korechen. Prize claim korte 5500TK processing fee pay korte hobe bkash number [PHONE] e. Payment na korle prize cancel hobe.,False,True
smish,আপনার insurance policy update করতে call করুন +8801816677889,CodeMix,আপনার insurance policy update করতে call করুন [PHONE],False,True
smish,জনতা ব্যাংক থেকে জরুরি বার্তা। কল করুন: +8801719900112,Bengali,জনতা ব্যাংক থেকে জরুরি বার্তা। কল করুন: [PHONE],False,True
smish,"Earn TK 400,000 by investing TK 200,000! Call: +8801710900912",English,"Earn TK 400,000 by investing TK 200,000! Call: [PHONE]",False,True
smish,Bideshe porashonar jonno 100% scholarship. Kono fee nei. Abednon korte ajei jogajog korun. Jogajog: 01567546390,Banglish,Bideshe porashonar jonno 100% scholarship. Kono fee nei. Abednon korte ajei jogajog korun. Jogajog: [PHONE],False,True
smish,You can earn 20 to 30 thousand per month 🌺\nContact number 01761693374 💢,English,You can earn 20 to 30 thousand per month 🌺\nContact number [PHONE] 💢,False,True
smish,"Follow this link to claim your free reward, contact: 01956789215",English,"Follow this link to claim your free reward, contact: [PHONE]",False,True
smish,"2,00,000 taka investment এ 4,00,000 taka অর্জন করুন! Call করুন: +8801710900912",CodeMix,"2,00,000 taka investment এ 4,00,000 taka অর্জন করুন! Call করুন: [PHONE]",False,True
smish,Call to update your internet package +8801714455667,English,Call to update your internet package [PHONE],False,True
smish,আপনার ক্রেডিট স্কোর আপডেট করতে কল করুন +8801715566778,Bengali,আপনার ক্রেডিট স্কোর আপডেট করতে কল করুন [PHONE],False,True
smish,"20,000 taka binimoye 60,000 taka pan! Kol korun: +8801916566678",Banglish,"20,000 taka binimoye 60,000 taka pan! Kol korun: [PHONE]",False,True
smish,Apnar income tax verify korte call korun +8801913344556,Banglish,Apnar income tax verify korte call korun [PHONE],False,True
smish,Apnar phone number ti 5000 taka puroshkar jiteche! Bistarito jante call korun +8801715566778,Banglish,Apnar phone number ti 5000 taka puroshkar jiteche! Bistarito jante call korun [PHONE],False,True
smish,"8,000 টাকা investment-এ 24,000 টাকা পান! Call করুন: +8801919900112",CodeMix,"8,000 টাকা investment-এ 24,000 টাকা পান! Call করুন: [PHONE]",False,True
smish,জনতা Bank account-এ problem হয়েছে। Call করুন: +8801811011023,CodeMix,জনতা Bank account-এ problem হয়েছে। Call করুন: [PHONE],False,True
smish,শুধু মোবাইল থাকলে আপনিও পারবেন মাসে কমপক্ষে ১৫০০০-২০০০০ টাকা আয় করতে। বিস্তারিত জানতে ০১৭৮৩৬২৭২৮৪,Bengali,শুধু মোবাইল থাকলে আপনিও পারবেন মাসে কমপক্ষে [PHONE] টাকা আয় করতে। বিস্তারিত জানতে [PHONE],False,True
smish,দারুণ খবর! আমাদের travel package-এ ৭০% discount! দ্রুত booking করুন এই number-এ :01317235293,CodeMix,দারুণ খবর! আমাদের travel package-এ ৭০% discount! দ্রুত booking করুন এই number-এ : [PHONE],False,True
smish,আপনার mobile application update করতে call করুন +8801917788990,CodeMix,আপনার mobile application update করতে call করুন [PHONE],False,True
smish,5 lakh taka loan guaranteed within 24 hours. No deposit or brokerage. Apply today. Contact: 01867546389,English,5 lakh taka loan guaranteed within 24 hours. No deposit or brokerage. Apply today. Contact: [PHONE],False,True
smish,bKash অ্যাকাউন্ট ব্লক হয়েছে। পুনরায় চালু করতে কল করুন: +8801718899001,Bengali,bKash অ্যাকাউন্ট ব্লক হয়েছে। পুনরায় চালু করতে কল করুন: [PHONE],False,True
smish,Apnar sonchoy digun korar sujog! Call korun: +8801715455567,Banglish,Apnar sonchoy digun korar sujog! Call korun: [PHONE],False,True
smish,Courier alert: Apnar DHL parcel customs e hold hoyeche. Release korte 3000TK pay korte hobe bkash 01722334455 e. Na korle parcel return hobe automatically.,Banglish,Courier alert: Apnar DHL parcel customs e hold hoyeche. Release korte 3000TK pay korte hobe bkash [PHONE] e. Na korle parcel return hobe automatically.,False,True
smish,Call +8801812233445 to increase your credit card limit,English,Call [PHONE] to increase your credit card limit,False,True
smish,আপনি চাইলে ঘরে বসে mobile থেকেই online-এ income করতে পারেন এবং part-time এবং full-time দুটোই করতে পারেন। যেখান থেকে daily আপনি 1000 থেকে 2000 টাকা easily income করতে পারবেন। Details জানতে contact করুন এই number-এ +91 8927623713,CodeMix,আপনি চাইলে ঘরে বসে mobile থেকেই online-এ income করতে পারেন এবং part-time এবং full-time দুটোই করতে পারেন। যেখান থেকে daily আপনি 1000 থেকে 2000 টাকা easily income করতে পারবেন। Details জানতে contact করুন এই number-এ [PHONE],False,True
smish,আপনার নম্বরটি পুরস্কার জিতেছে। বিস্তারিত জানতে কল করুন +8801713344556,Bengali,আপনার নম্বরটি পুরস্কার জিতেছে। বিস্তারিত জানতে কল করুন [PHONE],False,True
smish,আপনার নম্বরটি একটি বিশেষ অফারে নির্বাচিত হয়েছে! পুরস্কার পেতে কল করুন +8801716677889,Bengali,আপনার নম্বরটি একটি বিশেষ অফারে নির্বাচিত হয়েছে! পুরস্কার পেতে কল করুন [PHONE],False,True
smish,"Government providing up to 50,000TK subsidy for farmers. Call now to claim: 01538272734",English,"Government providing up to 50,000TK subsidy for farmers. Call now to claim: [PHONE]",False,True
smish,Apnar account er shurokha jachhai korte call korun +8801916677889,Banglish,Apnar account er shurokha jachhai korte call korun [PHONE],False,True
smish,Bangladesh Bank account has been blocked. Call to reactivate: +8801718788890,English,Bangladesh Bank account has been blocked. Call to reactivate: [PHONE],False,True
smish,You have won 7 bhori gold! Call for details: +8801719899901,English,You have won 7 bhori gold! Call for details: [PHONE],False,True
smish,Apnar driving license update korte call korun +8801815566778,Banglish,Apnar driving license update korte call korun [PHONE],False,True
smish,"Nagad account থেকে ৫,০০০ টাকা prize জিতেছেন! Details জানতে call করুন: +8801919899901",CodeMix,"Nagad account থেকে ৫,০০০ টাকা prize জিতেছেন! Details জানতে call করুন: [PHONE]",False,True
smish,Khondokalin job.Beton 5000 BDT/din.Ghore boshe kaj : wa.me/85295102105,Banglish,Khondokalin job.Beton 5000 BDT/din.Ghore boshe kaj : wa.me/ [PHONE],False,True
smish,আপনার মোবাইল সিম পুনরায় চালু করতে কল করুন +8801910011223,Bengali,আপনার মোবাইল সিম পুনরায় চালু করতে কল করুন [PHONE],False,True
smish,SCHOOL PART TIME TEACHER POST APPLY Now. Online selection process. Number এর base এ selection করা হবে. B.SC pass Marksheet and certificate send WhatsApp 7602236317,CodeMix,SCHOOL PART TIME TEACHER POST APPLY Now. Online selection process. Number এর base এ selection করা হবে. B.SC pass Marksheet and certificate send WhatsApp [PHONE],False,True
smish,Apnar bank account-e 1 koti taka joma hoyeche! Nishchit korte call korun: +8801914344456,Banglish,Apnar bank account-e 1 koti taka joma hoyeche! Nishchit korte call korun: [PHONE],False,True
smish,Your mobile number has won an iPhone! Call +8801813344556 to get the prize,English,Your mobile number has won an iPhone! Call [PHONE] to get the prize,False,True
smish,Apnar shonchoy digun korar sujog! Call korun: +8801712122234,Banglish,Apnar shonchoy digun korar sujog! Call korun: [PHONE],False,True
smish,সোনালী ব্যাংক অ্যাকাউন্টে ত্রুটি দেখা দিয়েছে। কল করুন: +8801914455667,Bengali,সোনালী ব্যাংক অ্যাকাউন্টে ত্রুটি দেখা দিয়েছে। কল করুন: [PHONE],False,True
smish,"২০,০০০ টাকা বিনিয়োগে ৬০,০০০ টাকা পান! কল করুন: +8801916566678",Bengali,"২০,০০০ টাকা বিনিয়োগে ৬০,০০০ টাকা পান! কল করুন: [PHONE]",False,True
smish,আপনি ৬ vori gold জিতেছেন! Details জানতে call করুন: +8801716566678,CodeMix,আপনি ৬ vori gold জিতেছেন! Details জানতে call করুন: [PHONE],False,True
smish,আপনার মোবাইল ব্যাংকিং অ্যাকাউন্ট আপডেট করতে কল করুন +8801916677889,Bengali,আপনার মোবাইল ব্যাংকিং অ্যাকাউন্ট আপডেট করতে কল করুন [PHONE],False,True
smish,Bangladesh Bank account is blocked. Call to reactivate: +8801713233345,English,Bangladesh Bank account is blocked. Call to reactivate: [PHONE],False,True
smish,"UK-তে registered nurse হিসাবে একটি career তৈরি করুন, monthly minimum সহ 2 years-এর work visa। Starting salary ৩ lakh টাকা BSB,Dhaka Please Contact Us: 01332518402 , 01332518406",CodeMix,"UK-তে registered nurse হিসাবে একটি career তৈরি করুন, monthly minimum সহ 2 years-এর work visa। Starting salary ৩ lakh টাকা BSB,Dhaka Please Contact Us: [PHONE] , [PHONE]",False,True
smish,বাংলাদেশ ব্যাংক থেকে একটি জরুরি বার্তা এসেছে। কল করুন: +8801914567890,Bengali,বাংলাদেশ ব্যাংক থেকে একটি জরুরি বার্তা এসেছে। কল করুন: [PHONE],False,True
smish,Bangladesh Bank account block hoyeche. punoray chalu korte call korun: +8801713233345,Banglish,Bangladesh Bank account block hoyeche. punoray chalu korte call korun: [PHONE],False,True
smish,"প্রিয় গ্রাহক, আপনার কার্ডের তথ্য আপডেট করতে হবে। দয়া করে দ্রুত নিচের নম্বরে কল করুন এবং আপনার পিন নাম্বারটি বলুন। যোগাযোগের নম্বর: ০১৩৪৫৬৭৮৯৫৬",Bengali,"প্রিয় গ্রাহক, আপনার কার্ডের তথ্য আপডেট করতে হবে। দয়া করে দ্রুত নিচের নম্বরে কল করুন এবং আপনার পিন নাম্বারটি বলুন। যোগাযোগের নম্বর: [PHONE]",False,True
smish,আপনার সঞ্চয় দ্বিগুণ করার সুযোগ! কল করুন: +8801711011023,Bengali,আপনার সঞ্চয় দ্বিগুণ করার সুযোগ! কল করুন: [PHONE],False,True
smish,Bangladesh Bank account block হয়েছে। পুনরায় চালু করতে call করুন: +8801718788890,CodeMix,Bangladesh Bank account block হয়েছে। পুনরায় চালু করতে call করুন: [PHONE],False,True
smish,Apnar mobile number ta iPhone jiteche! Puroshkar pete call korun +8801813344556,Banglish,Apnar mobile number ta iPhone jiteche! Puroshkar pete call korun [PHONE],False,True
smish,"Dear customer, TK25000 has been withdrawn from A/cXXXXX on 31-12-2019 at Kolkata TS ATM.Txn# S32131611-20191005. If not done by you, forward this SMS from your registered mobile number to 7679786941 to block your card or call 7029892098 immediately -State Bank of India",English,"Dear customer, TK25000 has been withdrawn from A/cXX on 31-12-2019 at Kolkata TS ATM.Txn# S [PHONE] . If not done by you, forward this SMS from your registered mobile number to [PHONE] to block your card or call [PHONE] immediately -State Bank of India",False,True
smish,Apnar chakrir abedon onumodito hoyeche ebong beton proti mashe 40000 taka. Jogajoger tothyo: 8801715717370,Banglish,Apnar chakrir abedon onumodito hoyeche ebong beton proti mashe 400 taka. Jogajoger tothyo: [PHONE],False,True
smish,Your number has been selected for a special offer! Call to receive prize +8801711122334,English,Your number has been selected for a special offer! Call to receive prize [PHONE],False,True
smish,Urgent message from Janata Bank. Call: +8801719900112,English,Urgent message from Janata Bank. Call: [PHONE],False,True
smish,"১,০০,০০০ TK investment-এ ২,০০,০০০ TK পান! Call করুন: +8801912122134",CodeMix,"১,০০,০০০ TK investment-এ ২,০০,০০০ TK পান! Call করুন: [PHONE]",False,True
smish,Nagad account has been blocked. Call to reactivate: +8801711011023,English,Nagad account has been blocked. Call to reactivate: [PHONE],False,True
smish,"এই লিঙ্কটি অনুসরণ করুন আপনার বিনামূল্যের পুরস্কার দাবি করতে, যোগাযোগ করুন: 01956789215",Bengali,"এই লিঙ্কটি অনুসরণ করুন আপনার বিনামূল্যের পুরস্কার দাবি করতে, যোগাযোগ করুন: [PHONE]",False,True
smish,"If qualified, you can earn online by teaching. Contact User-10381381741225860264 for this. [https://t.me/Trust\_earning\_Airdropbot?start=r04351947315](https://t.me/Trust_earning_Airdropbot?start=r04351947315)",English,"If qualified, you can earn online by teaching. Contact User- [PHONE] for this. [ [URL]",True,True
smish,Apnar gas bill baki achhe. Obilombhe payment korun. Kol korun +8801814455667,Banglish,Apnar gas bill baki achhe. Obilombhe payment korun. Kol korun [PHONE],False,True
smish,Nagad account is blocked. Call to restart: +8801811234567,English,Nagad account is blocked. Call to restart: [PHONE],False,True
smish,Janata Bank theke joruri barta. Kol korun: +8801913233345,Banglish,Janata Bank theke joruri barta. Kol korun: [PHONE],False,True
smish,"আপনার ব্যাংক অ্যাকাউন্টে ৫০,০০০ টাকা জমা হয়েছে! নিশ্চিত করতে কল করুন: +8801711234567",Bengali,"আপনার ব্যাংক অ্যাকাউন্টে ৫০,০০০ টাকা জমা হয়েছে! নিশ্চিত করতে কল করুন: [PHONE]",False,True
smish,আমাদের কোম্পানির জন্য কাজ করুন। আপনার মোবাইল/কম্পিউটার দিয়ে অনলাইনে বসে আয় করুন। যোগাযোগের নম্বর: 01720577099,Bengali,আমাদের কোম্পানির জন্য কাজ করুন। আপনার মোবাইল/কম্পিউটার দিয়ে অনলাইনে বসে আয় করুন। যোগাযোগের নম্বর: [PHONE],False,True
smish,"Agora: Congratulations!! Your March bill has been paid. Thank you, here is a small gift for you. Contact us: 01456783489",English,"Agora: Congratulations!! Your March bill has been paid. Thank you, here is a small gift for you. Contact us: [PHONE]",False,True
smish,Bangladesh Bank account update korte call korun: +8801813344556,Banglish,Bangladesh Bank account update korte call korun: [PHONE],False,True
smish,bKash account punoray chalu korte call korun: +8801714344356,Banglish,bKash account punoray chalu korte call korun: [PHONE],False,True
smish,Nagad account block hoyeche. Punoray chalu korte call korun: +8801716566678,Banglish,Nagad account block hoyeche. Punoray chalu korte call korun: [PHONE],False,True
smish,"Agora: Congratulations!! আপনার March মাসের bill pay হয়েছে। Thank you, এখানে আপনার জন্য একটি ছোট gift রয়েছে। আমাদের সাথে contact করুন: 01456783489",CodeMix,"Agora: Congratulations!! আপনার March মাসের bill pay হয়েছে। Thank you, এখানে আপনার জন্য একটি ছোট gift রয়েছে। আমাদের সাথে contact করুন: [PHONE]",False,True
smish,আপনার চাকরির আবেদন অনুমোদিত হয়েছে এবং বেতন প্রতি মাসে 40000 টাকা। যোগাযোগের তথ্য: 8801715717370,Bengali,আপনার চাকরির আবেদন অনুমোদিত হয়েছে এবং বেতন প্রতি মাসে 400 টাকা। যোগাযোগের তথ্য: [PHONE],False,True
smish,"Agora: অভিনন্দন!! আপনার মার্চ মাসের বিল পরিশোধ হয়েছে। ধন্যবাদ, এখানে আপনার জন্য একটি ছোট উপহার রয়েছে। আমাদের সাথে যোগাযোগ করুন: 01456783489",Bengali,"Agora: অভিনন্দন!! আপনার মার্চ মাসের বিল পরিশোধ হয়েছে। ধন্যবাদ, এখানে আপনার জন্য একটি ছোট উপহার রয়েছে। আমাদের সাথে যোগাযোগ করুন: [PHONE]",False,True
smish,"PLC,LIMITED.

Priyo abeddonkari, obhinondon!

Apnar CV nirbaychito hoyeche. Position er nam - customer service/unit manager (dev..) (part time / full time). Jodi apni kajti te aggrhi hon tobe oboshyoi CV ebong passport saizer 4 kopi chobi niye ashte hobe.

Kajer sthan - apni Dhaka shohorer jekono shakha office beche nite parben.

Shakkhathkarer tarikh - 14 November 2023 (10.00am - 04.00pm)

Jogajoger thikana - 166, Dilkusha, Motijhil, Dhaka 1000.

Bistarito janar jonno call korun: 01613589137",Banglish,"PLC,LIMITED. Priyo abeddonkari, obhinondon! Apnar CV nirbaychito hoyeche. Position er nam - customer service/unit manager (dev..) (part time / full time). Jodi apni kajti te aggrhi hon tobe oboshyoi CV ebong passport saizer 4 kopi chobi niye ashte hobe. Kajer sthan - apni Dhaka shohorer jekono shakha office beche nite parben. Shakkhathkarer tarikh - 14 November 2023 (10.00am - 04.00pm) Jogajoger thikana - 166, Dilkusha, Motijhil, Dhaka 1000. Bistarito janar jonno call korun: [PHONE]",False,True
smish,"You have won TK5,000 prize from Nagad account! Call for details: +8801919899901",English,"You have won TK5,000 prize from Nagad account! Call for details: [PHONE]",False,True
smish,Opportunity to double your savings! Call: +8801715455567,English,Opportunity to double your savings! Call: [PHONE],False,True
smish,"১,০০,০০০ টাকা বিনিয়োগে ২,০০,০০০ টাকা পান! কল করুন: +8801912122134",Bengali,"১,০০,০০০ টাকা বিনিয়োগে ২,০০,০০০ টাকা পান! কল করুন: [PHONE]",False,True
smish,bKash account block hoyeche. punoray chalute kol korun: +8801718899001,Banglish,bKash account block hoyeche. punoray chalute kol korun: [PHONE],False,True
smish,"Nagad account-এ ১,০০০ টাকা deposit হয়েছে। Details জানতে call করুন: +8801711011123",CodeMix,"Nagad account-এ ১,০০০ টাকা deposit হয়েছে। Details জানতে call করুন: [PHONE]",False,True
smish,"Priyo deshbashi ! (COVID-19)
Corona virus er jonno
2,500 taka shorkari
shunudan dewa hobe.
Taka newar jonno nicher number e jogajog korur:-01810559231",Banglish,"Priyo deshbashi ! (COVID-19) Corona virus er jonno 2,500 taka shorkari shunudan dewa hobe. Taka newar jonno nicher number e jogajog korur:- [PHONE]",False,True
smish,আপনি ৭ ভরি gold জিতেছেন! বিস্তারিত জানতে call করুন: +8801719899901,CodeMix,আপনি ৭ ভরি gold জিতেছেন! বিস্তারিত জানতে call করুন: [PHONE],False,True
smish,"*Work from home form filling job. *Fill 5 forms for 510TK, *Our company is hiring. *Education: Just need to read Bengali *Must have WhatsApp. *Salary: 8000-18000TK",English,"*Work from home form filling job. *Fill 5 forms for 510TK, *Our company is hiring. *Education: Just need to read Bengali *Must have WhatsApp. *Salary: [PHONE] TK",False,True
smish,"আপনার জমি বিক্রির টাকা জমা হয়েছে, কল করুন: +8801914567890",Bengali,"আপনার জমি বিক্রির টাকা জমা হয়েছে, কল করুন: [PHONE]",False,True
smish,আপনার সঞ্চয় দ্বিগুণ করুন! এখনই কল করুন: +8801919876543,Bengali,আপনার সঞ্চয় দ্বিগুণ করুন! এখনই কল করুন: [PHONE],False,True
smish,Sonali Bank account e truti dekha diyeche. Joruri bhittite call korun: +8801711234567,Banglish,Sonali Bank account e truti dekha diyeche. Joruri bhittite call korun: [PHONE],False,True
smish,Apple iPhone 15 jitechen! delivery nischit korte call korun: +8801811011123,Banglish,Apple iPhone 15 jitechen! delivery nischit korte call korun: [PHONE],False,True
smish,"প্রবাসে ১০০% নিশ্চিত চাকরির সুযোগ। কোন ফি নেই, শুধু আপনার পাসপোর্ট এবং শিক্ষাগত যোগ্যতা দরকার। যোগাযোগ:০১৮৬৭৫৪৬৩৮৯",Bengali,"প্রবাসে ১০০% নিশ্চিত চাকরির সুযোগ। কোন ফি নেই, শুধু আপনার পাসপোর্ট এবং শিক্ষাগত যোগ্যতা দরকার। যোগাযোগ: [PHONE]",False,True
smish,Your job application has been approved and salary is TK40000 per month. Contact information: 8801715717370,English,Your job application has been approved and salary is TK400 per month. Contact information: [PHONE],False,True
smish,Sonali Bank theke apnar card suspiciously used kora hoyeche online shopping er jonne. Account freeze kora hoyeche temporarily. Unlock korte please call korun +8801798765432 immediately or visit www.sonalibank-secure.com. Apnar delay hole account permanently bondho hoye jabe.,Banglish,Sonali Bank theke apnar card suspiciously used kora hoyeche online shopping er jonne. Account freeze kora hoyeche temporarily. Unlock korte please call korun [PHONE] immediately or visit [URL] Apnar delay hole account permanently bondho hoye jabe.,True,True
smish,"৫,০০০ টাকা বিনিয়োগে ২০,০০০ টাকা পান! কল করুন: +8801918899001",Bengali,"৫,০০০ টাকা বিনিয়োগে ২০,০০০ টাকা পান! কল করুন: [PHONE]",False,True
smish,Nagad account block হয়েছে। Again activate করতে call করুন: +8801711011023,CodeMix,Nagad account block হয়েছে। Again activate করতে call করুন: [PHONE],False,True
smish,You've won an Apple iPhone 15! Call to confirm delivery: +8801811011123,English,You've won an Apple iPhone 15! Call to confirm delivery: [PHONE],False,True
smish,আপনার mobile recharge করতে call করুন: +8801818899001,CodeMix,আপনার mobile recharge করতে call করুন: [PHONE],False,True
smish,"apnar jomi bikrir taka joma hoyeche, call korun: +8801819900112",Banglish,"apnar jomi bikrir taka joma hoyeche, call korun: [PHONE]",False,True
smish,Apnar internet shongjog punoray chalu korte call korun +8801816677889,Banglish,Apnar internet shongjog punoray chalu korte call korun [PHONE],False,True
smish,"Bkash user, apnar account cashout limit cross korar karone block hoyeche. Unlock korte customer care call korun immediately 09612340000 and apnar pin confirm korun. Na korle apnar taka freeze hoye jabe.",Banglish,"Bkash user, apnar account cashout limit cross korar karone block hoyeche. Unlock korte customer care call korun immediately [PHONE] and apnar pin confirm korun. Na korle apnar taka freeze hoye jabe.",False,True
smish,EBL lottery claim: Congratulations! Apni ekta luxury car win korechen. Prize collect korte processing fee pay korte hobe immediately 01755667788 e. Fee na pathale prize cancel hoye jabe.,Banglish,EBL lottery claim: Congratulations! Apni ekta luxury car win korechen. Prize collect korte processing fee pay korte hobe immediately [PHONE] e. Fee na pathale prize cancel hoye jabe.,False,True
smish,আপনার মোবাইল নম্বরটি হাই-এন্ড ল্যাপটপ জিতেছে! পুরস্কার পেতে কল করুন +8801814455667,Bengali,আপনার মোবাইল নম্বরটি হাই-এন্ড ল্যাপটপ জিতেছে! পুরস্কার পেতে কল করুন [PHONE],False,True
smish,💖 Apni ki free kaj shikhte chan? Kajer pasapasi ki income korte chan? Proti din 400 theke 500 TK income korte parben? Tahole ar deri keno? Ekhoni jogajog korun: 01722672391,Banglish,💖 Apni ki free kaj shikhte chan? Kajer pasapasi ki income korte chan? Proti din 400 theke 500 TK income korte parben? Tahole ar deri keno? Ekhoni jogajog korun: [PHONE],False,True
smish,For stipend of 4200 TK contact: 01320660547 Education Board,English,For stipend of 4200 TK contact: [PHONE] Education Board,False,True
smish,"Attractive job and education, monthly salary TK2 lakh+ and opportunity for permanent residence in South Korea.
Free tuition and accommodation.
Contact:
01720557103
01720557120
01321200716
01550402100",English,"Attractive job and education, monthly salary TK2 lakh+ and opportunity for permanent residence in South Korea. Free tuition and accommodation. Contact: [PHONE] [PHONE]",False,True
smish,আপনার bank account verify করতে call করুন +8801812233445,CodeMix,আপনার bank account verify করতে call করুন [PHONE],False,True
smish,"Priyo grohok, apnar bKash account-e 10,000 taka joma hoyeche. Bistarito jante call korun: +8801712345678",Banglish,"Priyo grohok, apnar bKash account-e 10,000 taka joma hoyeche. Bistarito jante call korun: [PHONE]",False,True
smish,Error occurred in Bangladesh Bank account. Call: +8801814344356,English,Error occurred in Bangladesh Bank account. Call: [PHONE],False,True
smish,You have won an Apple iPhone 18! Call to confirm delivery: +8801810900912,English,You have won an Apple iPhone 18! Call to confirm delivery: [PHONE],False,True
smish,Call to verify your income tax +8801913344556,English,Call to verify your income tax [PHONE],False,True
smish,Bangladesh Bank account block hoyeche. Punray chalu korte call korun: +8801713233245,Banglish,Bangladesh Bank account block hoyeche. Punray chalu korte call korun: [PHONE],False,True
smish,Your gas bill is overdue. Make payment immediately. Call +8801814455667,English,Your gas bill is overdue. Make payment immediately. Call [PHONE],False,True
smish,"বিনিয়োগে দ্বিগুণ লাভ, কল করুন: +8801911234567",Bengali,"বিনিয়োগে দ্বিগুণ লাভ, কল করুন: [PHONE]",False,True
smish,Invest TK100000 এবং পান TK200000! Call now: +8801919899901,CodeMix,Invest TK100 এবং পান TK200! Call now: [PHONE],False,True
smish,Sonali Bank থেকে আপনার জন্য urgent message। Call করুন: +8801716677889,CodeMix,Sonali Bank থেকে আপনার জন্য urgent message। Call করুন: [PHONE],False,True
smish,Apnar bKash account block hoyeche. Punoray shokrio korte call korun: +8801819876543,Banglish,Apnar bKash account block hoyeche. Punoray shokrio korte call korun: [PHONE],False,True
smish,নগদ অ্যাকাউন্ট ব্লক হয়েছে। পুনরায় চালু করতে কল করুন: +8801811234567,Bengali,নগদ অ্যাকাউন্ট ব্লক হয়েছে। পুনরায় চালু করতে কল করুন: [PHONE],False,True
smish,"Janata Bank account has been blocked. To reactivate, call: +8801815566778",English,"Janata Bank account has been blocked. To reactivate, call: [PHONE]",False,True
smish,"Jonota Bank theke 2,000 taka puroshkar jitechen! Call korun: +8801714455667",Banglish,"Jonota Bank theke 2,000 taka puroshkar jitechen! Call korun: [PHONE]",False,True
smish,Apnar shonchoy dwigun korar shujog! Call korun: +8801711011023,Banglish,Apnar shonchoy dwigun korar shujog! Call korun: [PHONE],False,True
smish,2 crore taka deposited in your bank account! Confirm by calling: +8801917677789,English,2 crore taka deposited in your bank account! Confirm by calling: [PHONE],False,True
smish,Apni BRAC lottery e car jitachen! Claim korte fee send korun Bkash e: 01711223344,Banglish,Apni BRAC lottery e car jitachen! Claim korte fee send korun Bkash e: [PHONE],False,True
smish,আপনার সঞ্চয় দ্বিগুণ করার সুযোগ! কল করুন: +8801718788890,Bengali,আপনার সঞ্চয় দ্বিগুণ করার সুযোগ! কল করুন: [PHONE],False,True
smish,"Your land sale money has been deposited, call করুন: +8801819900112",CodeMix,"Your land sale money has been deposited, call করুন: [PHONE]",False,True
smish,জনতা ব্যাংক থেকে জরুরি বার্তা। কল করুন: +8801913233345,Bengali,জনতা ব্যাংক থেকে জরুরি বার্তা। কল করুন: [PHONE],False,True
smish,"EBL er lucky draw message: Apni ekta Toyota Corolla win korechen! Claim korte processing fee pay korte hobe. Fee joma din ekhuni: 01744556677 e Bkash. Jodi 24hrs er modhye claim na koren, prize cancel hoye jabe.",Banglish,"EBL er lucky draw message: Apni ekta Toyota Corolla win korechen! Claim korte processing fee pay korte hobe. Fee joma din ekhuni: [PHONE] e Bkash. Jodi 24hrs er modhye claim na koren, prize cancel hoye jabe.",False,True
smish,Apple iPhone 18 jitechen! Delivery nishchito korte call korun: +8801810900912,Banglish,Apple iPhone 18 jitechen! Delivery nishchito korte call korun: [PHONE],False,True
smish,Apnar bidyut bill porishod na howar karon shongjog kete dewa hobe. Call korun +8801912233445,Banglish,Apnar bidyut bill porishod na howar karon shongjog kete dewa hobe. Call korun [PHONE],False,True
smish,কোন ডাউন পেমেন্ট ছাড়াই ১০০% গাড়ি লোন সুবিধা। আজই আবেদন করুন। যোগাযোগ: ০১৮৬৭৫৪৬৩৮৯,Bengali,কোন ডাউন পেমেন্ট ছাড়াই ১০০% গাড়ি লোন সুবিধা। আজই আবেদন করুন। যোগাযোগ: [PHONE],False,True
smish,"প্রিয় customer, Kolkata TS ATM.Txn# S32131611-20191005-এ 31-12-2019 date-এ A/cXXXXX থেকে 25000 টাকা তোলা হয়েছে৷ আপনার দ্বারা না করা হলে, আপনার card block করতে registered mobile number থেকে এই SMS-টি 7679786941 এ forward করুন বা অবিলম্বে 7029892098 -State Bank of India-তে call করুন",CodeMix,"প্রিয় customer, Kolkata TS ATM.Txn# S [PHONE] এ 31-12-2019 date-এ A/cXX থেকে 25000 টাকা তোলা হয়েছে৷ আপনার দ্বারা না করা হলে, আপনার card block করতে registered mobile number থেকে এই SMS-টি [PHONE] এ forward করুন বা অবিলম্বে [PHONE] -State Bank of India-তে call করুন",False,True
smish,"Get Malaysian, European, American, Canadian visa with 100% guarantee, contact today 01765433422, no advance fee required.",English,"Get Malaysian, European, American, Canadian visa with 100% guarantee, contact today [PHONE] , no advance fee required.",False,True
smish,আপনার account block হয়ে যাবে। contact করুন ০১৭৮৯৭৬৫৪৩২১।,CodeMix,আপনার account block হয়ে যাবে। contact করুন [PHONE] ।,False,True
smish,"প্রিয় গ্রাহক আপনার
বিদ্যুৎ সংযোগ বিচ্ছিন্ন করা হবে
আজ রাত ১০.৩০ মিনিটে
থেকে
বিদ্যুৎ অফিস।
কারণ আপনার
আগের মাসের বিল ছিল না
আপডেট অবিলম্বে দয়া করে
আমাদের সাথে যোগাযোগ করুন
বিদ্যুৎ কর্মকর্তা
9163657962 ধন্যবাদ",Bengali,প্রিয় গ্রাহক আপনার বিদ্যুৎ সংযোগ বিচ্ছিন্ন করা হবে আজ রাত ১০.৩০ মিনিটে থেকে বিদ্যুৎ অফিস। কারণ আপনার আগের মাসের বিল ছিল না আপডেট অবিলম্বে দয়া করে আমাদের সাথে যোগাযোগ করুন বিদ্যুৎ কর্মকর্তা [PHONE] ধন্যবাদ,False,True
smish,জনতা ব্যাংক অ্যাকাউন্টে সমস্যা হয়েছে। কল করুন: +8801811011023,Bengali,জনতা ব্যাংক অ্যাকাউন্টে সমস্যা হয়েছে। কল করুন: [PHONE],False,True
smish,"""Apnar ATM card block kora hoyeche. Punoray shokrio korte ei number e apnar card number pathan: 0123456789""",Banglish,"""Apnar ATM card block kora hoyeche. Punoray shokrio korte ei number e apnar card number pathan: [PHONE] """,False,True
smish,Apnar IFIC Bank card block hoye gieche suspicious activity er jonno. Call korun: 01711223344,Banglish,Apnar IFIC Bank card block hoye gieche suspicious activity er jonno. Call korun: [PHONE],False,True
smish,"""আপনার ATM card block করা হয়েছে। আবার activate করতে এই numberএ আপনার card number পাঠান: 0123456789""",CodeMix,"""আপনার ATM card block করা হয়েছে। আবার activate করতে এই numberএ আপনার card number পাঠান: [PHONE] """,False,True
smish,"5,000 taka biniyoge 20,000 taka pan! Call korun: +8801918899001",Banglish,"5,000 taka biniyoge 20,000 taka pan! Call korun: [PHONE]",False,True
smish,Error detected in Sonali Bank account. Call: +8801914455667,English,Error detected in Sonali Bank account. Call: [PHONE],False,True
smish,"Biniyoge dvigun labh, call korun: +8801911234567",Banglish,"Biniyoge dvigun labh, call korun: [PHONE]",False,True
smish,Congratulations! আপনি ১ crore TK lottery জিতেছেন। আপনার prize collect করতে contact করুন। Contact:০১৫৬৭৫৪৬৩৯০,CodeMix,Congratulations! আপনি ১ crore TK lottery জিতেছেন। আপনার prize collect করতে contact করুন। Contact: [PHONE],False,True
smish,Apnar internet songjog punoray chalu korte call korun +8801811122334,Banglish,Apnar internet songjog punoray chalu korte call korun [PHONE],False,True
smish,Apnar Dutch-Bangla Bank account theke 45000 TK withdraw hoyeche. Jodi apni koren ni tahole akhoni call korun +8801987654321,Banglish,Apnar Dutch-Bangla Bank account theke 45000 TK withdraw hoyeche. Jodi apni koren ni tahole akhoni call korun [PHONE],False,True
smish,Darun khobor! Amader bhromon package-e 70% discount! Druto booking korun ei number-e: 01317235293,Banglish,Darun khobor! Amader bhromon package-e 70% discount! Druto booking korun ei number-e: [PHONE],False,True
smish,আপনার mobile recharge করতে call করুন: +8801815455567,CodeMix,আপনার mobile recharge করতে call করুন: [PHONE],False,True
smish,"Your land sale money has been deposited, call: +8801914567890",English,"Your land sale money has been deposited, call: [PHONE]",False,True
smish,আপনার একাউন্টে সমস্যা হয়েছে। দ্রুত এই নাম্বারে যোগাযোগ করুন ০১৭২৮৩৭৫৮৪৩।,Bengali,আপনার একাউন্টে সমস্যা হয়েছে। দ্রুত এই নাম্বারে যোগাযোগ করুন [PHONE] ।,False,True
smish,DXN multinational company দিচ্ছে ভাতাসহ উচ্চবেতনে চাকরির সুযোগ। জরুরি যোগাযোগ করুন ০১৭৯৩২৫১০০২,CodeMix,DXN multinational company দিচ্ছে ভাতাসহ উচ্চবেতনে চাকরির সুযোগ। জরুরি যোগাযোগ করুন [PHONE],False,True
smish,বাংলাদেশ ব্যাংক থেকে জরুরি বার্তা। কল করুন: +8801915566778,Bengali,বাংলাদেশ ব্যাংক থেকে জরুরি বার্তা। কল করুন: [PHONE],False,True
smish,সোনালী Bank account-এ problem হয়েছে। Call করুন: +8801818788890,CodeMix,সোনালী Bank account-এ problem হয়েছে। Call করুন: [PHONE],False,True
smish,আপনার ক্রেডিট কার্ডের লিমিট বাড়ানোর জন্য কল করুন +8801812233445,Bengali,আপনার ক্রেডিট কার্ডের লিমিট বাড়ানোর জন্য কল করুন [PHONE],False,True
smish,"5,000 taka binyoje 15,000 taka arjon korun! Call korun: +8801916677889",Banglish,"5,000 taka binyoje 15,000 taka arjon korun! Call korun: [PHONE]",False,True
smish,"৫০,০০০ টাকা বিনিয়োগে ১,৫০,০০০ টাকা অর্জন করুন! কল করুন: +8801717677789",Bengali,"৫০,০০০ টাকা বিনিয়োগে ১,৫০,০০০ টাকা অর্জন করুন! কল করুন: [PHONE]",False,True
smish,Bangladesh bank account-e truti dekhano diyeche. Call korun: +8801814344356,Banglish,Bangladesh bank account-e truti dekhano diyeche. Call korun: [PHONE],False,True
smish,Kono joma charai 100% home loan shubidha. 24 ghontar moddhe onumodon. Jogajog: 01567546390,Banglish,Kono joma charai 100% home loan shubidha. 24 ghontar moddhe onumodon. Jogajog: [PHONE],False,True
smish,"Dear customer, 10,000 taka has been deposited in your bKash account. Call for details: +8801712345678",English,"Dear customer, 10,000 taka has been deposited in your bKash account. Call for details: [PHONE]",False,True
smish,"Nogod account theke 5,000 taka puroshkar jitechen! Bishtar janate call korun: +8801918899001",Banglish,"Nogod account theke 5,000 taka puroshkar jitechen! Bishtar janate call korun: [PHONE]",False,True
smish,"Your CV has passed and you can work from home through your mobile phone and get TK 2,000 daily. Join now: wa.me/8801865655560",English,"Your CV has passed and you can work from home through your mobile phone and get TK 2,000 daily. Join now: wa.me/ [PHONE]",False,True
smish,"bKash account-e 5,000 taka joma hoyeche. bistarito jante call korun: +8801810900912",Banglish,"bKash account-e 5,000 taka joma hoyeche. bistarito jante call korun: [PHONE]",False,True
smish,"প্রিয় গ্রাহক, আজ রাত ১১.৩০ টায় বিদ্যুৎ অফিস থেকে আপনার বিদ্যুৎ সংযোগ বিচ্ছিন্ন করা হবে কারণ আপনার আগের মাসের বিল পরিশোধ করা হয়নি। অনুগ্রহ করে অবিলম্বে আমাদের বিদ্যুৎ কর্মকর্তার সাথে 09874567456 নম্বরে যোগাযোগ করুন ধন্যবাদ।",Bengali,"প্রিয় গ্রাহক, আজ রাত ১১.৩০ টায় বিদ্যুৎ অফিস থেকে আপনার বিদ্যুৎ সংযোগ বিচ্ছিন্ন করা হবে কারণ আপনার আগের মাসের বিল পরিশোধ করা হয়নি। অনুগ্রহ করে অবিলম্বে আমাদের বিদ্যুৎ কর্মকর্তার সাথে [PHONE] নম্বরে যোগাযোগ করুন ধন্যবাদ।",False,True
smish,Amader company r jonno kaj korun. Apnar mobile/computer diye online e boshe aay korun. Jogajoger number: 01720577099,Banglish,Amader company r jonno kaj korun. Apnar mobile/computer diye online e boshe aay korun. Jogajoger number: [PHONE],False,True
smish,Janata bank theke guruttopurno barta. Call korun: +8801710900912,Banglish,Janata bank theke guruttopurno barta. Call korun: [PHONE],False,True
smish,"নগদ অ্যাকাউন্টে ১,০০০ টাকা জমা হয়েছে। বিস্তারিত জানতে কল করুন: +8801711011123",Bengali,"নগদ অ্যাকাউন্টে ১,০০০ টাকা জমা হয়েছে। বিস্তারিত জানতে কল করুন: [PHONE]",False,True
smish,Urgent message from Janata Bank. Call: +8801913233245,English,Urgent message from Janata Bank. Call: [PHONE],False,True
smish,bKash account has an error. Call for quick solution: +8801819900112,English,bKash account has an error. Call for quick solution: [PHONE],False,True
smish,Nogod account-e truti dekha diyeche. Call korun: +8801812122134,Banglish,Nogod account-e truti dekha diyeche. Call korun: [PHONE],False,True
smish,There is a problem with Janata Bank account. Call: +8801816566678,English,There is a problem with Janata Bank account. Call: [PHONE],False,True
smish,Error detected in Sonali Bank account. Call urgently: +8801711234567,English,Error detected in Sonali Bank account. Call urgently: [PHONE],False,True
smish,bKash অ্যাকাউন্টে ত্রুটি দেখা দিয়েছে। দ্রুত সমাধানের জন্য কল করুন: +8801819900112,Bengali,bKash অ্যাকাউন্টে ত্রুটি দেখা দিয়েছে। দ্রুত সমাধানের জন্য কল করুন: [PHONE],False,True
smish,Bangladesh Bank theke joruri barta. Call korun: +8801911011023,Banglish,Bangladesh Bank theke joruri barta. Call korun: [PHONE],False,True
smish,কৃষকদের জন্য government দিচ্ছে ৫০ হাজার TK পর্যন্ত subsidy। Subsidy পেতে এখনই contact করুন ০১৫৩৮২৭২৭৩৪,CodeMix,কৃষকদের জন্য government দিচ্ছে ৫০ হাজার TK পর্যন্ত subsidy। Subsidy পেতে এখনই contact করুন [PHONE],False,True
smish,"প্রিয় customer, আপনার card-এর info update করতে হবে। দয়া করে দ্রুত নিচের number-এ call করুন এবং আপনার pin number-টি বলুন। Contact number: 01345678956",CodeMix,"প্রিয় customer, আপনার card-এর info update করতে হবে। দয়া করে দ্রুত নিচের number-এ call করুন এবং আপনার pin number-টি বলুন। Contact number: [PHONE]",False,True
smish,"Dear customer, 8990 TK. K Enterprise ds POS/ECOM.Txn# on 23-02-2020 a txn was made on XX card. It was not done by you, forward this SMS from your registered mobile number. 18604195555",English,"Dear customer, 8990 TK. K Enterprise ds POS/ECOM.Txn# on 23-02-2020 a txn was made on XX card. It was not done by you, forward this SMS from your registered mobile number. [PHONE]",False,True
smish,আপনার mobile number টি high-end laptop জিতেছে! Prize পেতে call করুন +8801814455667,CodeMix,আপনার mobile number টি high-end laptop জিতেছে! Prize পেতে call করুন [PHONE],False,True
smish,"বিদেশে 100% guaranteed job opportunity। কোন fee নেই, শুধু আপনার passport এবং educational qualification দরকার। Contact: 01867546389",CodeMix,"বিদেশে 100% guaranteed job opportunity। কোন fee নেই, শুধু আপনার passport এবং educational qualification দরকার। Contact: [PHONE]",False,True
smish,Part-time job. Salary 5000 BDT/day. Work from home: wa.me/85295102105,English,Part-time job. Salary 5000 BDT/day. Work from home: wa.me/ [PHONE],False,True
smish,"আকর্ষণীয় চাকরি এবং পড়াশোনা, মাসিক বেতন 2 লাখ+ এবং পিআর সুযোগ @ দক্ষিণ কোরিয়া।
বিনামূল্যে শিক্ষাদান এবং বাসস্থান.
01720557103
01720557120
01321200716
01550402100",Bengali,"আকর্ষণীয় চাকরি এবং পড়াশোনা, মাসিক বেতন 2 লাখ+ এবং পিআর সুযোগ @ দক্ষিণ কোরিয়া। বিনামূল্যে শিক্ষাদান এবং বাসস্থান. [PHONE] [PHONE]",False,True
smish,Apnar moulok sthayitto er moddhe Cambridge University application fee mukto! porar shopno puron korte aji jogajog korun - 01746635725,Banglish,Apnar moulok sthayitto er moddhe Cambridge University application fee mukto! porar shopno puron korte aji jogajog korun - [PHONE],False,True
smish,"IFIC Bank er message: Apni random lottery e 7,50,000 TK jitachen. Ei taka claim korte hoye verification fee pathate hobe Bkash number +8801711223344 e. Claim confirm korte otp code 88721 use korun. Delay hole prize cancel hoye jabe.",Banglish,"IFIC Bank er message: Apni random lottery e 7,50,000 TK jitachen. Ei taka claim korte hoye verification fee pathate hobe Bkash number [PHONE] e. Claim confirm korte otp code 88721 use korun. Delay hole prize cancel hoye jabe.",False,True
smish,You've won an Apple iPhone 13! Call to confirm delivery: +8801814567890,English,You've won an Apple iPhone 13! Call to confirm delivery: [PHONE],False,True
smish,নগদ অ্যাকাউন্ট ব্লক হয়েছে। পুনরায় চালু করতে কল করুন: +8801711011023,Bengali,নগদ অ্যাকাউন্ট ব্লক হয়েছে। পুনরায় চালু করতে কল করুন: [PHONE],False,True
smish,Call to reactivate bKash account: +8801714344356,English,Call to reactivate bKash account: [PHONE],False,True
smish,Call +8801816677889 to reactivate your internet connection,English,Call [PHONE] to reactivate your internet connection,False,True
smish,আপনার ইন্সুরেন্স পলিসি আপডেট করতে কল করুন +8801816677889,Bengali,আপনার ইন্সুরেন্স পলিসি আপডেট করতে কল করুন [PHONE],False,True
smish,আপনার মোবাইল রিচার্জ করতে কল করুন: +8801818788890,Bengali,আপনার মোবাইল রিচার্জ করতে কল করুন: [PHONE],False,True
smish,"You have won 1,000 taka from Janata Bank! Call for details: +8801912233445",English,"You have won 1,000 taka from Janata Bank! Call for details: [PHONE]",False,True
smish,বিদেশে পড়াশোনার জন্য ১০০% স্কলারশিপ। কোন ফি নেই। আবেদন করতে আজই যোগাযোগ করুন। যোগাযোগ:০১৫৬৭৫৪৬৩৯০,Bengali,বিদেশে পড়াশোনার জন্য ১০০% স্কলারশিপ। কোন ফি নেই। আবেদন করতে আজই যোগাযোগ করুন। যোগাযোগ: [PHONE],False,True
smish,Bkash er fraud protection team er message: Apnar wallet suspicious device e login attempt detect kora hoyeche. Ei activity suspicious and apnar account lock hote pare. Please ekhuni verify korte OTP pathan 01712345678 e. Verification na korle wallet deactivate hoye jabe.,Banglish,Bkash er fraud protection team er message: Apnar wallet suspicious device e login attempt detect kora hoyeche. Ei activity suspicious and apnar account lock hote pare. Please ekhuni verify korte OTP pathan [PHONE] e. Verification na korle wallet deactivate hoye jabe.,False,True
smish,Apnar credit carder limit baraner jonno call korun +8801812233445,Banglish,Apnar credit carder limit baraner jonno call korun [PHONE],False,True
smish,"Janata Bank থেকে ২,০০০ টাকা reward জিতেছেন! call করুন: +8801714455667",CodeMix,"Janata Bank থেকে ২,০০০ টাকা reward জিতেছেন! call করুন: [PHONE]",False,True
smish,"আপনি চাইলে ঘরে বসে মোবাইলে থেকেই অনলাইনে ইনকাম করতে পারেন এবং পার্টটাইম এবং ফুলটাইম দুটোই করতে পারেন। যেখান থেকে দিনে আপনি ১০০০ থেকে ২০০০ টাকা সহজেই ইনকাম করতে পারবেন।

বিস্তারিত জানতে যোগাযোগ করুন এই নাম্বারে

+৯১ ৮৯২৭৬২৩৭১৩",Bengali,আপনি চাইলে ঘরে বসে মোবাইলে থেকেই অনলাইনে ইনকাম করতে পারেন এবং পার্টটাইম এবং ফুলটাইম দুটোই করতে পারেন। যেখান থেকে দিনে আপনি ১০০০ থেকে ২০০০ টাকা সহজেই ইনকাম করতে পারবেন। বিস্তারিত জানতে যোগাযোগ করুন এই নাম্বারে [PHONE],False,True
smish,Opportunity to double your savings! Call: +8801718899001,English,Opportunity to double your savings! Call: [PHONE],False,True
smish,"৫০,০০০ টাকা বিনিয়োগে ১,০০,০০০ টাকা পান! কল করুন: +8801918788890",Bengali,"৫০,০০০ টাকা বিনিয়োগে ১,০০,০০০ টাকা পান! কল করুন: [PHONE]",False,True
smish,Nagad account-এ error দেখা দিয়েছে। Call করুন: +8801812122234,CodeMix,Nagad account-এ error দেখা দিয়েছে। Call করুন: [PHONE],False,True
smish,"আপনি Government bonus scheme-এর জন্য selected হয়েছেন,  ৫০,০০০ পর্যন্ত পেতে contact করুন ০১৭২৩১২২৫৭৬ number-এ 
Bonus scheme 
বাংলাদেশ Finance Ministry",CodeMix,"আপনি Government bonus scheme-এর জন্য selected হয়েছেন, ৫০,০০০ পর্যন্ত পেতে contact করুন [PHONE] number-এ Bonus scheme বাংলাদেশ Finance Ministry",False,True
smish,"Priyo grahok, Kolkata TS ATM.Txn# S32131611-20191005-e 31-12-2019 tarikhe A/cXXXXX theke 25000 taka tola hoyeche. Apnar dara na kora hole, apnar card block korte nibondhito mobile nombor theke ei SMS ti 7679786941 e forward korun ba obilombye 7029892098 -State Bank of India te call korun",Banglish,"Priyo grahok, Kolkata TS ATM.Txn# S [PHONE] e 31-12-2019 tarikhe A/cXX theke 25000 taka tola hoyeche. Apnar dara na kora hole, apnar card block korte nibondhito mobile nombor theke ei SMS ti [PHONE] e forward korun ba obilombye [PHONE] -State Bank of India te call korun",False,True
smish,Your mobile number has won a high-end laptop! Call to get the prize +8801814455667,English,Your mobile number has won a high-end laptop! Call to get the prize [PHONE],False,True
smish,আপনার মোবাইল অ্যাপ্লিকেশন আপডেট করতে কল করুন +8801912233445,Bengali,আপনার মোবাইল অ্যাপ্লিকেশন আপডেট করতে কল করুন [PHONE],False,True
smish,"প্রিয় countrymen ! (COVID-19)
Corona virus এর জন্য
2,500 TK government
donation দেওয়া হবে।
Money নেওয়ার জন্য নিচের number এ contact করুনঃ-01810559231",CodeMix,"প্রিয় countrymen ! (COVID-19) Corona virus এর জন্য 2,500 TK government donation দেওয়া হবে। Money নেওয়ার জন্য নিচের number এ contact করুনঃ- [PHONE]",False,True
smish,"জনতা ব্যাংক থেকে ১,০০০ টাকা জিতেছেন! বিস্তারিত জানতে কল করুন: +8801912233445",Bengali,"জনতা ব্যাংক থেকে ১,০০০ টাকা জিতেছেন! বিস্তারিত জানতে কল করুন: [PHONE]",False,True
smish,Call to update your mobile application +8801917788990,English,Call to update your mobile application [PHONE],False,True
smish,Govt. Reg. - 180727/2022 National agency company part-time job. Male and female workers are being recruited to promote advertisements on online platforms alongside studies. Post name: Call Center. Monthly salary: 10/12 thousand. Daily working hours: 4/5 hours. Interested sisters and brothers contact directly in inbox or phone. 01984766558,English,Govt. Reg. - 180727/2022 National agency company part-time job. Male and female workers are being recruited to promote advertisements on online platforms alongside studies. Post name: Call Center. Monthly salary: 10/12 thousand. Daily working hours: 4/5 hours. Interested sisters and brothers contact directly in inbox or phone. [PHONE],False,True
smish,আপনার ইন্টারনেট সংযোগ পুনরায় চালু করতে কল করুন +8801816677889,Bengali,আপনার ইন্টারনেট সংযোগ পুনরায় চালু করতে কল করুন [PHONE],False,True
smish,"Dear Customer,

On 23-02-2020, a transaction of Rs.8990 was made with card XX from K Enterprice ds POS/ECOM. Transaction number not found. If this was not done by you, please send an SMS to 18604195555 from your registered mobile number.",English,"Dear Customer, On 23-02-2020, a transaction of Rs.8990 was made with card XX from K Enterprice ds POS/ECOM. Transaction number not found. If this was not done by you, please send an SMS to [PHONE] from your registered mobile number.",False,True
smish,"Get 200,000TK return on 100,000TK investment! Call: +8801912122134",English,"Get 200,000TK return on 100,000TK investment! Call: [PHONE]",False,True
smish,100% credit card approval without any credit check. Apply today. Contact: 01567546390,English,100% credit card approval without any credit check. Apply today. Contact: [PHONE],False,True
smish,"আপনার জমি বিক্রির টাকা জমা হয়েছে, কল করুন: +8801819900112",Bengali,"আপনার জমি বিক্রির টাকা জমা হয়েছে, কল করুন: [PHONE]",False,True
smish,"প্রিয় student! Coronavirus-এর কারণে তোমাদের উপবৃত্তির ৪,২০০ TK দেওয়া হচ্ছে। Money receive-এর জন্য নিম্নোক্ত শিক্ষাবোর্ডের number-এ contact করুন।
Mobile: 01813849152,
Contact time সকাল 10টা রাত 7:30টা পর্যন্ত Note: একটা bKash number নিয়ে phone দিতে হবে",CodeMix,"প্রিয় student! Coronavirus-এর কারণে তোমাদের উপবৃত্তির ৪,২০০ TK দেওয়া হচ্ছে। Money receive-এর জন্য নিম্নোক্ত শিক্ষাবোর্ডের number-এ contact করুন। Mobile: [PHONE] , Contact time সকাল 10টা রাত 7:30টা পর্যন্ত Note: একটা bKash number নিয়ে phone দিতে হবে",False,True
smish,আপনার সঞ্চয় দ্বিগুণ করার সুযোগ! কল করুন: +8801718899001,Bengali,আপনার সঞ্চয় দ্বিগুণ করার সুযোগ! কল করুন: [PHONE],False,True
smish,আপনার সোনালী ব্যাংক অ্যাকাউন্ট সন্দেহজনক কার্যকলাপের জন্য ব্লক করা হয়েছে। অবিলম্বে যোগাযোগ করুন: 01711223344,Bengali,আপনার সোনালী ব্যাংক অ্যাকাউন্ট সন্দেহজনক কার্যকলাপের জন্য ব্লক করা হয়েছে। অবিলম্বে যোগাযোগ করুন: [PHONE],False,True
smish,"Apnar bank accounte 50,000 taka joma hoyeche! Nishchito korte call korun: +8801711234567",Banglish,"Apnar bank accounte 50,000 taka joma hoyeche! Nishchito korte call korun: [PHONE]",False,True
smish,"Dear Customer,

২৩-০২-২০২০ তারিখে কার্ড XX দিয়ে Rs.8990 লেনদেন হয়েছে K Enterprice ds POS/ECOM থেকে। লেনদেন নম্বর পাওয়া যায়নি। যদি এটি আপনার দ্বারা না হয়ে থাকে, তবে রেজিস্টারড মোবাইল নম্বর থেকে 18604195555 এ এসএমএস প্রেরণ করুন।",Bengali,"Dear Customer, ২৩-০২-২০২০ তারিখে কার্ড XX দিয়ে Rs.8990 লেনদেন হয়েছে K Enterprice ds POS/ECOM থেকে। লেনদেন নম্বর পাওয়া যায়নি। যদি এটি আপনার দ্বারা না হয়ে থাকে, তবে রেজিস্টারড মোবাইল নম্বর থেকে [PHONE] এ এসএমএস প্রেরণ করুন।",False,True
smish,Apnar mobile numberti high-end laptop jiteche! Puraskar pete call korun +8801814455667,Banglish,Apnar mobile numberti high-end laptop jiteche! Puraskar pete call korun [PHONE],False,True
smish,আমাদের company-র জন্য কাজ করুন। আপনার mobile/computer দিয়ে online-এ বসে income করুন। Contact number: 01720577099,CodeMix,আমাদের company-র জন্য কাজ করুন। আপনার mobile/computer দিয়ে online-এ বসে income করুন। Contact number: [PHONE],False,True
smish,You've won 3 vori of gold! Call for details: +8801716677889,English,You've won 3 vori of gold! Call for details: [PHONE],False,True
smish,"Agora: Ovinnondon!! Apnar March maser bil porishoodh hoyeche. Dhonnobad, ekhane apnar jonno ekta choto upohar royeche. Amader shathe jogajog korun: 01456783489",Banglish,"Agora: Ovinnondon!! Apnar March maser bil porishoodh hoyeche. Dhonnobad, ekhane apnar jonno ekta choto upohar royeche. Amader shathe jogajog korun: [PHONE]",False,True
smish,Apnar pending bill ta payment korun ebong obilombe jogajog korun +8801812345678,Banglish,Apnar pending bill ta payment korun ebong obilombe jogajog korun [PHONE],False,True
smish,Nogod account block hoyeche. Punoray chalu korte call korun: +8801811234567,Banglish,Nogod account block hoyeche. Punoray chalu korte call korun: [PHONE],False,True
smish,ঘরে বসে অনলাইন ইনকাম করুন! কোন প্রশিক্ষণ প্রয়োজন নেই। বিস্তারিত জানতে কল করুন: +৯১ ৮৯২৭৬২৩৭১৩,Bengali,ঘরে বসে অনলাইন ইনকাম করুন! কোন প্রশিক্ষণ প্রয়োজন নেই। বিস্তারিত জানতে কল করুন: [PHONE],False,True
smish,"ক্যারিয়ার প্ল্যানিং এ সহায়তা নিন! আপনার জন্য আদর্শ কর্মস্থল নির্বাচন করুন এবং সঠিক কৌশল পরিকল্পনা করুন। প্রফেশনাল সহায়তা পান - ০১৭৪৬৬৩৫৭২৫""",Bengali,"ক্যারিয়ার প্ল্যানিং এ সহায়তা নিন! আপনার জন্য আদর্শ কর্মস্থল নির্বাচন করুন এবং সঠিক কৌশল পরিকল্পনা করুন। প্রফেশনাল সহায়তা পান - [PHONE] """,False,True
smish,"সোনালী ব্যাংক থেকে জরুরি নোটিশ: আপনার কার্ডে ৮৭,৫০০ টাকা অননুমোদিত চার্জ হয়েছে। এটি যদি আপনার না হয় তবে সাথে সাথে +8801888888822 এ কল দিন অথবা verify-sonalibank.org এ যান। আপনার তথ্য না দিলে অ্যাকাউন্ট বন্ধ হয়ে যাবে।",Bengali,"সোনালী ব্যাংক থেকে জরুরি নোটিশ: আপনার কার্ডে ৮৭,৫০০ টাকা অননুমোদিত চার্জ হয়েছে। এটি যদি আপনার না হয় তবে সাথে সাথে [PHONE] এ কল দিন অথবা [URL] এ যান। আপনার তথ্য না দিলে অ্যাকাউন্ট বন্ধ হয়ে যাবে।",True,True
smish,সোনালী ব্যাংক অ্যাকাউন্টে সমস্যা হয়েছে। কল করুন: +8801813233345,Bengali,সোনালী ব্যাংক অ্যাকাউন্টে সমস্যা হয়েছে। কল করুন: [PHONE],False,True
smish,EBL reward claim: Apni ekta brand new motorbike win korechen. Prize collect korte 3500TK processing fee pay korte hobe immediately 01744556677 e. Payment na korle prize cancel hobe.,Banglish,EBL reward claim: Apni ekta brand new motorbike win korechen. Prize collect korte 3500TK processing fee pay korte hobe immediately [PHONE] e. Payment na korle prize cancel hobe.,False,True
smish,"১০,০০০ টাকা investment-এ ৩০,০০০ টাকা earn করুন! Call করুন: +8801711011123",CodeMix,"১০,০০০ টাকা investment-এ ৩০,০০০ টাকা earn করুন! Call করুন: [PHONE]",False,True
smish,◆ temon joggggota thakle online poriye rojgar kora jay. eijonno User-10381381741225860264 mohashoyer shonge jogajog korte paren.,Banglish,◆ temon joggota thakle online poriye rojgar kora jay. eijonno User- [PHONE] mohashoyer shonge jogajog korte paren.,False,True
smish,"Probash e 100% nishchit chakrir sujog. Kono fee nei, shudhu apnar passport ebong shikkhagoto joggota dorkar. Jogajog:01867546389",Banglish,"Probash e 100% nishchit chakrir sujog. Kono fee nei, shudhu apnar passport ebong shikkhagoto joggota dorkar. Jogajog: [PHONE]",False,True
smish,Pay your pending bill and contact immediately +8801812345678,English,Pay your pending bill and contact immediately [PHONE],False,True
smish,You have won 4 bhori gold! Call for details: +8801719900112,English,You have won 4 bhori gold! Call for details: [PHONE],False,True
smish,Apnar social security benefits er jonno 25000 TK approve hoyeche. Collect korte call: 01612345678,Banglish,Apnar social security benefits er jonno 25000 TK approve hoyeche. Collect korte call: [PHONE],False,True
smish,"""Megher ronger jonno shagotom! Ashun apnar ghorbosoti shajiye nei shohoj kistite. Online order din ebong sombhoboto ei masher moddhe pawar sujog nin - 01746635725""",Banglish,"""Megher ronger jonno shagotom! Ashun apnar ghorbosoti shajiye nei shohoj kistite. Online order din ebong sombhoboto ei masher moddhe pawar sujog nin - [PHONE] """,False,True
smish,Bangladesh Bank theke ekti joruri barta esheche. Call korun: +8801914567890,Banglish,Bangladesh Bank theke ekti joruri barta esheche. Call korun: [PHONE],False,True
smish,আপনার মোবাইল অ্যাপ্লিকেশন আপডেট করতে কল করুন +8801917788990,Bengali,আপনার মোবাইল অ্যাপ্লিকেশন আপডেট করতে কল করুন [PHONE],False,True
smish,Sonali Bank account-এ error দেখা দিয়েছে। Emergency basis-এ call করুন: +8801711234567,CodeMix,Sonali Bank account-এ error দেখা দিয়েছে। Emergency basis-এ call করুন: [PHONE],False,True
smish,আপনি ৬ ভরি সোনা জিতেছেন! বিস্তারিত জানতে কল করুন: +8801716566678,Bengali,আপনি ৬ ভরি সোনা জিতেছেন! বিস্তারিত জানতে কল করুন: [PHONE],False,True
smish,Nagad account e truiti dekha diyechhe. Kol korun: +8801812122234,Banglish,Nagad account e truiti dekha diyechhe. Kol korun: [PHONE],False,True
smish,Apnar account hack hote pare. Druto 3000 taka pathan ei number-e: 01789654321.,Banglish,Apnar account hack hote pare. Druto 3000 taka pathan ei number-e: [PHONE] .,False,True
smish,Problem occurred in Sonali Bank account. Call: +8801813233345,English,Problem occurred in Sonali Bank account. Call: [PHONE],False,True
smish,SCHOOL PART TIME TEACHER POST APPLY Now. Online selection process. নাম্বারের ভিত্তিতে নির্বাচন করা হবে. B.SC pass Marksheet and certificate send WhatsApp 7602236317,Bengali,SCHOOL PART TIME TEACHER POST APPLY Now. Online selection process. নাম্বারের ভিত্তিতে নির্বাচন করা হবে. B.SC pass Marksheet and certificate send WhatsApp [PHONE],False,True
smish,কোন জমা ছাড়াই ১০০% হোম লোন সুবিধা। ২৪ ঘণ্টার মধ্যে অনুমোদন। যোগাযোগ: ০১৫৬৭৫৪৬৩৯০,Bengali,কোন জমা ছাড়াই ১০০% হোম লোন সুবিধা। ২৪ ঘণ্টার মধ্যে অনুমোদন। যোগাযোগ: [PHONE],False,True
smish,Your number has won a prize. For details call +8801718899001,English,Your number has won a prize. For details call [PHONE],False,True
smish,Nogod account block hoyeche. Punray chalu korte call korun: +8801711011023,Banglish,Nogod account block hoyeche. Punray chalu korte call korun: [PHONE],False,True
smish,Call to recharge your mobile: +8801814344356,English,Call to recharge your mobile: [PHONE],False,True
smish,আপনার bKash account block হয়েছে। পুনরায় active করতে call করুন: +8801819876543,CodeMix,আপনার bKash account block হয়েছে। পুনরায় active করতে call করুন: [PHONE],False,True
smish,Apnar bank account e 10 koti taka joma hoyeche! Nischito korte kol korun: +8801913233245,Banglish,Apnar bank account e 10 koti taka joma hoyeche! Nischito korte kol korun: [PHONE],False,True
smish,"5,000 টাকা investment-এ 20,000 টাকা পান! Call করুন: +8801918899001",CodeMix,"5,000 টাকা investment-এ 20,000 টাকা পান! Call করুন: [PHONE]",False,True
smish,"Invest 20,000 taka and get 60,000 taka! Call: +8801714344456",English,"Invest 20,000 taka and get 60,000 taka! Call: [PHONE]",False,True
smish,Your debit card এর pin reset করতে call করুন +8801914455667,CodeMix,Your debit card এর pin reset করতে call করুন [PHONE],False,True
smish,"Nogod account e 1,000 taka joma hoyeche. Bistarito jante call korun: +8801711011123",Banglish,"Nogod account e 1,000 taka joma hoyeche. Bistarito jante call korun: [PHONE]",False,True
smish,Gobho Regi - 180727/2022 National agency company part-time chakri. Porashona pashapaoshi online platform e biggapon prochar korar jonno chele meye kormi niyog cholche. Poder nam: Call center. Mashik beton: 10/12 hajar. Dainik kajer shomoy: 4/5 ghonta. Agroghi apura o bhaiyera shorashori inbox e jogajog korun ba phone 01984766558,Banglish,Gobho Regi - 180727/2022 National agency company part-time chakri. Porashona pashapaoshi online platform e biggapon prochar korar jonno chele meye kormi niyog cholche. Poder nam: Call center. Mashik beton: 10/12 hajar. Dainik kajer shomoy: 4/5 ghonta. Agroghi apura o bhaiyera shorashori inbox e jogajog korun ba phone [PHONE],False,True
smish,"Your mobile banking PIN has been changed. If not done by you, call +8801555887799 immediately",English,"Your mobile banking PIN has been changed. If not done by you, call [PHONE] immediately",False,True
smish,Bkash cashout limit exceed hoyeche. Account unlock korte call korun 09612345678,Banglish,Bkash cashout limit exceed hoyeche. Account unlock korte call korun [PHONE],False,True
smish,"*বাড়িতে বসে ফর্ম  ফিলাপের কাজ। 
* ৫টা ফর্ম ফিলাপ ৫১০ টাকা, 
আমাদের কোম্পানিতে কিছু লোক নেওয়া হচ্ছে। 
*শিক্ষাগত যোগ্যতা : বাংলা পরতে পারলেই হবে 
*ফোনে WhatsApp থাকতে হবে। 
*বেতন : ৮০০০-১৮০০০ টাকা",Bengali,"*বাড়িতে বসে ফর্ম ফিলাপের কাজ। * ৫টা ফর্ম ফিলাপ ৫১০ টাকা, আমাদের কোম্পানিতে কিছু লোক নেওয়া হচ্ছে। *শিক্ষাগত যোগ্যতা : বাংলা পরতে পারলেই হবে *ফোনে WhatsApp থাকতে হবে। *বেতন : [PHONE] টাকা",False,True
smish,Dutch Bangla Bank e unauthorized login attempt. Verify korte SMS korun 01788992233,Banglish,Dutch Bangla Bank e unauthorized login attempt. Verify korte SMS korun [PHONE],False,True
smish,Apnar mobile recharge korte call korun: +8801815455567,Banglish,Apnar mobile recharge korte call korun: [PHONE],False,True
smish,"৩,২০০ টাকা বিনিয়োগে দ্বিগুণ লাভ! কল করুন: +8801913344556",Bengali,"৩,২০০ টাকা বিনিয়োগে দ্বিগুণ লাভ! কল করুন: [PHONE]",False,True
smish,Call to update your mobile application +8801912233445,English,Call to update your mobile application [PHONE],False,True
smish,"Earn 30,000 taka by investing 10,000 taka! Call: +8801711011123",English,"Earn 30,000 taka by investing 10,000 taka! Call: [PHONE]",False,True
smish,Apnar bank account verify korte call korun +8801812233445,Banglish,Apnar bank account verify korte call korun [PHONE],False,True
smish,আপনার bank account-এ ১ কোটি টাকা জমা হয়েছে! নিশ্চিত করতে call করুন: +8801914344456,CodeMix,আপনার bank account-এ ১ কোটি টাকা জমা হয়েছে! নিশ্চিত করতে call করুন: [PHONE],False,True
smish,"Build a career as a registered nurse in the UK, 2-year work visa with monthly minimum. Starting salary 3 lakh taka BSB, Dhaka Please Contact Us: 01332518402, 01332518406",English,"Build a career as a registered nurse in the UK, 2-year work visa with monthly minimum. Starting salary 3 lakh taka BSB, Dhaka Please Contact Us: [PHONE] , [PHONE]",False,True
smish,আপনার বিদ্যুৎ বিল পরিশোধ না হওয়ায় সংযোগ কেটে দেয়া হবে। কল করুন +8801912233445,Bengali,আপনার বিদ্যুৎ বিল পরিশোধ না হওয়ায় সংযোগ কেটে দেয়া হবে। কল করুন [PHONE],False,True
smish,Your mobile number has won a high-end laptop! Call to claim prize: +8801819900012,English,Your mobile number has won a high-end laptop! Call to claim prize: [PHONE],False,True
smish,"Janata Bank থেকে ১,০০০ টাকা জিতেছেন! Details জানতে call করুন: +8801912233445",CodeMix,"Janata Bank থেকে ১,০০০ টাকা জিতেছেন! Details জানতে call করুন: [PHONE]",False,True
smish,"১,০০,০০০ টাকা বিনিয়োগে ৩,০০,০০০ টাকা পান! কল করুন: +8801911011023",Bengali,"১,০০,০০০ টাকা বিনিয়োগে ৩,০০,০০০ টাকা পান! কল করুন: [PHONE]",False,True
smish,"3,200 taka biniyoge diguner labh! Call korun: +8801913344556",Banglish,"3,200 taka biniyoge diguner labh! Call korun: [PHONE]",False,True
smish,SCHOOL PART TIME TEACHER POST APPLY Now. Online selection process. namber-er bhitti-te nirbachon kora hobe. B.SC pass Marksheet and certificate send WhatsApp 7602236317,Banglish,SCHOOL PART TIME TEACHER POST APPLY Now. Online selection process. namber-er bhitti-te nirbachon kora hobe. B.SC pass Marksheet and certificate send WhatsApp [PHONE],False,True
smish,কোন deposit ছাড়াই 100% home loan facility। 24 ঘণ্টার মধ্যে approval। Contact: 01567546390,CodeMix,কোন deposit ছাড়াই 100% home loan facility। 24 ঘণ্টার মধ্যে approval। Contact: [PHONE],False,True
smish,You have won an Apple iPhone 12! Call to confirm delivery: +8801814455667,English,You have won an Apple iPhone 12! Call to confirm delivery: [PHONE],False,True
smish,Double your savings now! Call today: +8801715455567,CodeMix,Double your savings now! Call today: [PHONE],False,True
smish,bKash account has been blocked. Call +8801718899001 to reactivate.,English,bKash account has been blocked. Call [PHONE] to reactivate.,False,True
smish,আপনার credit score update করতে call করুন +8801715566778,CodeMix,আপনার credit score update করতে call করুন [PHONE],False,True
smish,"Your land sale money has been deposited, call: +8801816677889",English,"Your land sale money has been deposited, call: [PHONE]",False,True
smish,বাংলাদেশ ব্যাংক অ্যাকাউন্ট ব্লক হয়েছে। পুনরায় চালু করতে কল করুন: +8801713233345,Bengali,বাংলাদেশ ব্যাংক অ্যাকাউন্ট ব্লক হয়েছে। পুনরায় চালু করতে কল করুন: [PHONE],False,True
smish,জনতা Bank থেকে important message। Call করুন: +8801710900912,CodeMix,জনতা Bank থেকে important message। Call করুন: [PHONE],False,True
smish,Apni GP mega prize win korechen! Fee pay korlei claim korte parben. Call: 01876543210,Banglish,Apni GP mega prize win korechen! Fee pay korlei claim korte parben. Call: [PHONE],False,True
smish,আপনার savings double করার opportunity! Call করুন: +8801711011023,CodeMix,আপনার savings double করার opportunity! Call করুন: [PHONE],False,True
smish,"Cyprus/Europe-এ spot admission representative-এর উপস্থিতিতে (Mr. Pambos) 10-11 October, 100% visa-র নিশ্চয়তা, credit transfer, tuition fee 5000 euro শুধুমাত্র, BSB, Dhaka যোগাযোগের number: 01720577099",CodeMix,"Cyprus/Europe-এ spot admission representative-এর উপস্থিতিতে (Mr. Pambos) 10-11 October, 100% visa-র নিশ্চয়তা, credit transfer, tuition fee 5000 euro শুধুমাত্র, BSB, Dhaka যোগাযোগের number: [PHONE]",False,True
smish,জনতা ব্যাংক থেকে গুরুত্বপূর্ণ বার্তা। কল করুন: +8801710900912,Bengali,জনতা ব্যাংক থেকে গুরুত্বপূর্ণ বার্তা। কল করুন: [PHONE],False,True
smish,"Only for sisters😍😍 You can do the work at home through phone☺ Instead of wasting time on fb unnecessarily, you can use that time to earn daily 200-400 taka and monthly 6000-12000 taka In sha Allah😍",English,"Only for sisters😍😍 You can do the work at home through phone☺ Instead of wasting time on fb unnecessarily, you can use that time to earn daily 200-400 taka and monthly [PHONE] taka In sha Allah😍",False,True
smish,10 crore TK deposited in your bank account! Confirm by calling: +8801913233245,English,10 crore TK deposited in your bank account! Confirm by calling: [PHONE],False,True
smish,Urgent message from Bangladesh Bank for you. Call: +8801911011123,English,Urgent message from Bangladesh Bank for you. Call: [PHONE],False,True
smish,"২০,০০০ টাকা investment-এ ৬০,০০০ টাকা পান! Call করুন: +8801714344456",CodeMix,"২০,০০০ টাকা investment-এ ৬০,০০০ টাকা পান! Call করুন: [PHONE]",False,True
smish,আপনার pending bill-টি payment করুন এবং immediately contact করুন +8801812345678,CodeMix,আপনার pending bill-টি payment করুন এবং immediately contact করুন [PHONE],False,True
smish,"3,200 টাকা investment-এ double লাভ! Call করুন: +8801913344556",CodeMix,"3,200 টাকা investment-এ double লাভ! Call করুন: [PHONE]",False,True
smish,"Jonota Bank theke 1,000 taka jitechen! Bistarito jante call korun: +8801912233445",Banglish,"Jonota Bank theke 1,000 taka jitechen! Bistarito jante call korun: [PHONE]",False,True
smish,There is an issue with your Sonali Bank account. Call: +8801818788890,English,There is an issue with your Sonali Bank account. Call: [PHONE],False,True
smish,Double your savings opportunity! Call: +8801718788890,English,Double your savings opportunity! Call: [PHONE],False,True
smish,Problem detected in Janata Bank account. Call: +8801811011023,English,Problem detected in Janata Bank account. Call: [PHONE],False,True
smish,"অত্যন্ত জরুরি নিরাপত্তা সতর্কতা! আপনার ইসলামী ব্যাংকের সঞ্চয় হিসাব নং ২০২৩১১২২৩৩৪৪ তে আমাদের সিস্টেম একটি বড় ধরনের সিকিউরিটি ব্রিচ ডিটেক্ট করেছে। হ্যাকাররা আপনার অ্যাকাউন্টের তথ্য চুরি করে ইতিমধ্যে ৭৫,০০০ টাকা অন্য অ্যাকাউন্টে ট্রান্সফারের প্রক্রিয়া শুরু করেছে। এই মুহূর্তে আমরা লেনদেনটি আটকে রেখেছি কিন্তু পরবর্তী ৩০ মিনিটের মধ্যে আপনি আপনার অ্যাকাউন্ট সিকিউর না করলে টাকা চলে যাবে। urgent-islamibank.ml এ যান।",Bengali,"অত্যন্ত জরুরি নিরাপত্তা সতর্কতা! আপনার ইসলামী ব্যাংকের সঞ্চয় হিসাব নং [PHONE] তে আমাদের সিস্টেম একটি বড় ধরনের সিকিউরিটি ব্রিচ ডিটেক্ট করেছে। হ্যাকাররা আপনার অ্যাকাউন্টের তথ্য চুরি করে ইতিমধ্যে ৭৫,০০০ টাকা অন্য অ্যাকাউন্টে ট্রান্সফারের প্রক্রিয়া শুরু করেছে। এই মুহূর্তে আমরা লেনদেনটি আটকে রেখেছি কিন্তু পরবর্তী ৩০ মিনিটের মধ্যে আপনি আপনার অ্যাকাউন্ট সিকিউর না করলে টাকা চলে যাবে। urgent-islamibank.ml এ যান।",False,True
smish,"আপনি সরকারী বোনাস স্কিমের জন্য নির্বাচিত হয়েছেন,  ৫০,০০০ পর্যন্ত পেতে যোগাযোগ করুন ০১৭২৩১২২৫৭৬ নম্বরে 
বোনাস স্কিম 
বাংলাদেশ অর্থমন্ত্রণালয়",Bengali,"আপনি সরকারী বোনাস স্কিমের জন্য নির্বাচিত হয়েছেন, ৫০,০০০ পর্যন্ত পেতে যোগাযোগ করুন [PHONE] নম্বরে বোনাস স্কিম বাংলাদেশ অর্থমন্ত্রণালয়",False,True
smish,আপনার income tax verify করতে call করুন +8801913344556,CodeMix,আপনার income tax verify করতে call করুন [PHONE],False,True
smish,24 hours-এর মধ্যে 5 lakh টাকা loan confirm। কোন deposit বা দালালি নেই। আজই apply করুন। Contact: 01867546389,CodeMix,24 hours-এর মধ্যে 5 lakh টাকা loan confirm। কোন deposit বা দালালি নেই। আজই apply করুন। Contact: [PHONE],False,True
smish,Your account may be hacked. Quickly send 3000 taka to this number: 01789654032.,English,Your account may be hacked. Quickly send 3000 taka to this number: [PHONE] .,False,True
smish,আপনার গাড়ির ইন্সুরেন্স নবায়ন করতে কল করুন +8801815566778,Bengali,আপনার গাড়ির ইন্সুরেন্স নবায়ন করতে কল করুন [PHONE],False,True
smish,Apnar mobile recharge korte call korun: +8801811011023,Banglish,Apnar mobile recharge korte call korun: [PHONE],False,True
smish,Apnar account e shomoshya hoyeche. Druto ei nambare jogajog korun 01728375843.,Banglish,Apnar account e shomoshya hoyeche. Druto ei nambare jogajog korun [PHONE] .,False,True
smish,বাংলাদেশ bank account block হয়েছে। পুনরায় চালু করতে call করুন: +8801713233345,CodeMix,বাংলাদেশ bank account block হয়েছে। পুনরায় চালু করতে call করুন: [PHONE],False,True
smish,কোন credit check ছাড়াই 100% credit card approval। আজই apply করুন। Contact: 01567546390,CodeMix,কোন credit check ছাড়াই 100% credit card approval। আজই apply করুন। Contact: [PHONE],False,True
smish,আপনার মোবাইল রিচার্জ করতে কল করুন: +8801811011023,Bengali,আপনার মোবাইল রিচার্জ করতে কল করুন: [PHONE],False,True
smish,"প্রিয় আবেদনকারী, মঙ্গল 04/05 তারিখে সকাল 9 টায় @1ম তলায় কেন্দ্র শত্রু নেতৃত্বের সাথে একটি ইন্টার-ভিউয়ের জন্য আপনাকে বাছাই করা হয়েছে। অনুসন্ধানের জন্য অনুগ্রহ করে যোগাযোগ করুন: 09029900659",Bengali,"প্রিয় আবেদনকারী, মঙ্গল 04/05 তারিখে সকাল 9 টায় @1ম তলায় কেন্দ্র শত্রু নেতৃত্বের সাথে একটি ইন্টার-ভিউয়ের জন্য আপনাকে বাছাই করা হয়েছে। অনুসন্ধানের জন্য অনুগ্রহ করে যোগাযোগ করুন: [PHONE]",False,True
smish,Sonali Bank account-এ error দেখা দিয়েছে। Call করুন: +8801914455667,CodeMix,Sonali Bank account-এ error দেখা দিয়েছে। Call করুন: [PHONE],False,True
smish,You have won 1 bhori gold! Call to collect prize: +8801819876543,English,You have won 1 bhori gold! Call to collect prize: [PHONE],False,True
smish,জনতা Bank থেকে urgent message। Call করুন: +8801913233345,CodeMix,জনতা Bank থেকে urgent message। Call করুন: [PHONE],False,True
smish,"8,000 taka biniyoge 24,000 taka pan! Call korun: +8801919900112",Banglish,"8,000 taka biniyoge 24,000 taka pan! Call korun: [PHONE]",False,True
smish,"1,00,000 taka biniyog e 3,00,000 taka pan! Call korun: +8801914344356",Banglish,"1,00,000 taka biniyog e 3,00,000 taka pan! Call korun: [PHONE]",False,True
smish,Islami Bank security: Unauthorized transaction detect hoyeche apnar account e. Apnar taka protect korte ekhuni OTP send korun 01799998877. OTP na dile taka harano jabe.,Banglish,Islami Bank security: Unauthorized transaction detect hoyeche apnar account e. Apnar taka protect korte ekhuni OTP send korun [PHONE] . OTP na dile taka harano jabe.,False,True
smish,Bangladesh Bank থেকে urgent message। call করুন: +8801911011023,CodeMix,Bangladesh Bank থেকে urgent message। call করুন: [PHONE],False,True
smish,Apple iPhone 13 jitechen! delivery nischit korte call korun: +8801814567890,Banglish,Apple iPhone 13 jitechen! delivery nischit korte call korun: [PHONE],False,True
smish,"Donation alert: Red Crescent apnar NID select koreche for corona family relief. 12,000TK paite ekhuni apnar OTP confirm korun +8801992233445. Failure hole selection cancel.",Banglish,"Donation alert: Red Crescent apnar NID select koreche for corona family relief. 12,000TK paite ekhuni apnar OTP confirm korun [PHONE] . Failure hole selection cancel.",False,True
smish,Emergency Alert: আপনার Islami Bank ডেবিট কার্ড ব্লক। আনব্লক করতে: 01666777888 এ কল,Bengali,Emergency Alert: আপনার Islami Bank ডেবিট কার্ড ব্লক। আনব্লক করতে: [PHONE] এ কল,False,True
smish,আপনার ইনকাম ট্যাক্স ভেরিফাই করতে কল করুন +8801913344556,Bengali,আপনার ইনকাম ট্যাক্স ভেরিফাই করতে কল করুন [PHONE],False,True
smish,Urgent message for you from Sonali Bank. Call: +8801716677889,English,Urgent message for you from Sonali Bank. Call: [PHONE],False,True
smish,"এই link-টি follow করুন আপনার free reward claim করতে, contact করুন: 01956789215",CodeMix,"এই link-টি follow করুন আপনার free reward claim করতে, contact করুন: [PHONE]",False,True
smish,অভিনন্দন জনাব আহমেদ সাহেব! আপনি বাংলাদেশ সরকারের জাতীয় লটারি প্রোগ্রামে প্রথম পুরস্কার জিতেছেন। আপনার বিজয়ী নাম্বার: BDL-২০২৩-৭৮৯১২৩ এবং পুরস্কারের পরিমাণ ২৫ লক্ষ টাকা। এই পুরস্কার দাবি করতে আপনাকে প্রক্রিয়াকরণ ফি হিসেবে ৫০০০ টাকা বিকাশে পাঠাতে হবে। পুরস্কার দাবির শেষ তারিখ আগামী ৪৮ ঘন্টা। বিস্তারিত জানতে ০১৮৩৩৪৪৫৫৬৬ নাম্বরে কল করুন।,Bengali,অভিনন্দন জনাব আহমেদ সাহেব! আপনি বাংলাদেশ সরকারের জাতীয় লটারি প্রোগ্রামে প্রথম পুরস্কার জিতেছেন। আপনার বিজয়ী নাম্বার: BDL- [PHONE] এবং পুরস্কারের পরিমাণ ২৫ লক্ষ টাকা। এই পুরস্কার দাবি করতে আপনাকে প্রক্রিয়াকরণ ফি হিসেবে ৫০০০ টাকা বিকাশে পাঠাতে হবে। পুরস্কার দাবির শেষ তারিখ আগামী ৪৮ ঘন্টা। বিস্তারিত জানতে [PHONE] নাম্বরে কল করুন।,False,True
smish,"Investment-এ দ্বিগুণ profit, call করুন: +8801911234567",CodeMix,"Investment-এ দ্বিগুণ profit, call করুন: [PHONE]",False,True
smish,"আকর্ষণীয় চাকরি ও পড়াশোনা, মাসিক বেতন ২ লক্ষ+ এবং দক্ষিণ কোরিয়ায় স্থায়ী বসবাসের সুযোগ।
বিনামূল্যে টিউশন ও থাকার ব্যবস্থা।
যোগাযোগ করুন:
01720557103
01720557120
01321200716
01550402100",Bengali,"আকর্ষণীয় চাকরি ও পড়াশোনা, মাসিক বেতন ২ লক্ষ+ এবং দক্ষিণ কোরিয়ায় স্থায়ী বসবাসের সুযোগ। বিনামূল্যে টিউশন ও থাকার ব্যবস্থা। যোগাযোগ করুন: [PHONE] [PHONE]",False,True
smish,জনতা Bank থেকে urgent message। Call করুন: +8801913233245,CodeMix,জনতা Bank থেকে urgent message। Call করুন: [PHONE],False,True
smish,DXN multinational company is offering high-paying jobs with allowances. Contact urgently 01793251002,English,DXN multinational company is offering high-paying jobs with allowances. Contact urgently [PHONE],False,True
smish,SIM card reactivation করতে call করুন: +8801915566778,CodeMix,SIM card reactivation করতে call করুন: [PHONE],False,True
smish,বাংলাদেশ ব্যাংক অ্যাকাউন্ট ব্লক হয়েছে। পুনরায় চালু করতে কল করুন: +8801718788890,Bengali,বাংলাদেশ ব্যাংক অ্যাকাউন্ট ব্লক হয়েছে। পুনরায় চালু করতে কল করুন: [PHONE],False,True
smish,"১৫,০০০ টাকা বিনিয়োগে ৪৫,০০০ টাকা অর্জন করুন! কল করুন: +8801913233345",Bengali,"১৫,০০০ টাকা বিনিয়োগে ৪৫,০০০ টাকা অর্জন করুন! কল করুন: [PHONE]",False,True
normal,আজকে কি প্ল্যান?,Bengali,আজকে কি প্ল্যান?,False,False
normal,Tumi ki ekhono Bashundhara e thako naki move korcho?,Banglish,Tumi ki ekhono Bashundhara e thako naki move korcho?,False,False
normal,"প্রিয় শিক্ষার্থী, আপনার টিউশন ফি আজ পর্যন্ত ২৪,৫০০.০০ টাকা বকেয়া আছে। (পূর্বের লেট ফাইন ও বকেয়াসহ) চলতি মাসের টিউশন ফি (জরিমানা ছাড়া) ৩০ই সেপ্টেম্বর, ২০২৪ মধ্যে পরিশোধ করুন। বিস্তারিত https://student.iba-du.edu.bd/ লগইন করুন। (IBA)",Bengali,"প্রিয় শিক্ষার্থী, আপনার টিউশন ফি আজ পর্যন্ত ২৪,৫০০.০০ টাকা বকেয়া আছে। (পূর্বের লেট ফাইন ও বকেয়াসহ) চলতি মাসের টিউশন ফি (জরিমানা ছাড়া) ৩০ই সেপ্টেম্বর, ২০২৪ মধ্যে পরিশোধ করুন। বিস্তারিত [URL] লগইন করুন। (IBA)",True,False
normal,"চাচা, আজ জুম্মার নামাজ পড়ে আসলাম। আপনি গেছেন?",Bengali,"চাচা, আজ জুম্মার নামাজ পড়ে আসলাম। আপনি গেছেন?",False,False
normal,"কষ্ট পেয়ো না, আমি আছি তোমার পাশে।",Bengali,"কষ্ট পেয়ো না, আমি আছি তোমার পাশে।",False,False
normal,Lunch কোথায় যাব? I feel like having pizza আজ।,CodeMix,Lunch কোথায় যাব? I feel like having pizza আজ।,False,False
normal,"আজ Sunday, chill করার ইচ্ছে আছে। Movie দেখতে যাবো কি? Weather অনেক সুন্দর এবং mood perfect",CodeMix,"আজ Sunday, chill করার ইচ্ছে আছে। Movie দেখতে যাবো কি? Weather অনেক সুন্দর এবং mood perfect",False,False
normal,আমার একটি সমস্যা আছে।,Bengali,আমার একটি সমস্যা আছে।,False,False
normal,আমি প্রায় weekly একবার field-এ যায়।,CodeMix,আমি প্রায় weekly একবার field-এ যায়।,False,False
normal,শুভ লক্ষ্মী পূজা!,Bengali,শুভ লক্ষ্মী পূজা!,False,False
normal,"Your electricity bill is due TK 950, please pay soon.",English,"Your electricity bill is due TK 950, please pay soon.",False,False
normal,Are you going to watch a movie today?,English,Are you going to watch a movie today?,False,False
normal,How was today's class?,English,How was today's class?,False,False
normal,কেমন যেন তোমার সময় কাটছে?,Bengali,কেমন যেন তোমার সময় কাটছে?,False,False
normal,প্রাণ চলার জন্য আমার প্রিয় জায়গা বার্বিকিউট।,Bengali,প্রাণ চলার জন্য আমার প্রিয় জায়গা বার্বিকিউট।,False,False
normal,"আজ তোমার কাছে আসতে পারবো না? হ্যাঁ, আমি এখানে রয়েছি। আপনি কি চান?",Bengali,"আজ তোমার কাছে আসতে পারবো না? হ্যাঁ, আমি এখানে রয়েছি। আপনি কি চান?",False,False
normal,01738293765 ei number e Rocket e taka pathan.,Banglish,[PHONE] ei number e Rocket e taka pathan.,False,True
normal,"Urgent, কল করো এই নাম্বারে: ০১৮২৭২৮৩৮৭৩",CodeMix,"Urgent, কল করো এই নাম্বারে: [PHONE]",False,True
normal,কি খুব ভালো প্রশ্ন!,Bengali,কি খুব ভালো প্রশ্ন!,False,False
normal,Happy Mahalaya!,English,Happy Mahalaya!,False,False
normal,Ektu age bazar theke shutki niye ashlam. Maa onek happy holo. Tui ki shutki khawa pachondo korish? Amader bari te sobai favorite khabar.,Banglish,Ektu age bazar theke shutki niye ashlam. Maa onek happy holo. Tui ki shutki khawa pachondo korish? Amader bari te sobai favorite khabar.,False,False
normal,"Tomar shamorthyo shimahin, shamne egiye jao.",Banglish,"Tomar shamorthyo shimahin, shamne egiye jao.",False,False
normal,তুমি কি পাহাড়ে যাচ্ছো?,Bengali,তুমি কি পাহাড়ে যাচ্ছো?,False,False
normal,"This is Rakib's number, call 01763839854.",English,"This is Rakib's number, call [PHONE] .",False,True
normal,"কালকে বাজারে গিয়ে সবজি কিনেছি। দাম অনেক বেড়ে গেছে, বিশেষ করে আলু আর পেঁয়াজ।",Bengali,"কালকে বাজারে গিয়ে সবজি কিনেছি। দাম অনেক বেড়ে গেছে, বিশেষ করে আলু আর পেঁয়াজ।",False,False
normal,Good morning! The sunrise over Dhanmondi Lake looks absolutely breathtaking today.,English,Good morning! The sunrise over Dhanmondi Lake looks absolutely breathtaking today.,False,False
normal,Send money via Rocket to number 01729173892.,English,Send money via Rocket to number [PHONE] .,False,True
normal,"Priyo shikkharthi, apnar tuition fee aj porjonto 20,500.00 taka bokeya ache. (Purbobor late fine o bokeyashoho) cholti maser tuition fee (jorimana chhada) 15i September, 2024 moddhe porishod korun. Bistarito https://student.aiub.edu.bd/ login korun. (AIUB)",Banglish,"Priyo shikkharthi, apnar tuition fee aj porjonto 20,500.00 taka bokeya ache. (Purbobor late fine o bokeyashoho) cholti maser tuition fee (jorimana chhada) 15i September, 2024 moddhe porishod korun. Bistarito [URL] login korun. (AIUB)",True,False
normal,Call me quickly at this number 01738293748.,English,Call me quickly at this number [PHONE] .,False,True
normal,তুমি কি আজকে অফিস থেকে তাড়াতাড়ি বের হবে? চল একসাথে চা খাই।,Bengali,তুমি কি আজকে অফিস থেকে তাড়াতাড়ি বের হবে? চল একসাথে চা খাই।,False,False
normal,"আজ তোমার পাশে থাকতে পারছি না, but আমি আছি তোমার পাশে।",CodeMix,"আজ তোমার পাশে থাকতে পারছি না, but আমি আছি তোমার পাশে।",False,False
normal,আমি একটি বিশেষ লোক হিসাবে পরিচিত করে এটি একটি মহান এবং ব্যাপারটির মধ্যে একটি সাথে একটি সমাধান দেওয়া হয়।,Bengali,আমি একটি বিশেষ লোক হিসাবে পরিচিত করে এটি একটি মহান এবং ব্যাপারটির মধ্যে একটি সাথে একটি সমাধান দেওয়া হয়।,False,False
normal,"Exam stress barse, ami raat din study korte hochhi. Tui kemon preparation korchis? Plan kora uchit ek sathe study korar.",Banglish,"Exam stress barse, ami raat din study korte hochhi. Tui kemon preparation korchis? Plan kora uchit ek sathe study korar.",False,False
normal,ami ei bochore onek boi porte chai.,Banglish,ami ei bochore onek boi porte chai.,False,False
normal,"Hi, কি happening?",CodeMix,"Hi, কি happening?",False,False
normal,How is your day going?,English,How is your day going?,False,False
normal,"Hello, ki khobor?",Banglish,"Hello, ki khobor?",False,False
normal,Are you পার্টিতে যাচ্ছো?,CodeMix,Are you পার্টিতে যাচ্ছো?,False,False
normal,আমি আমার house-এ একটি special place রেখে আসতে পারি তা হল button-এর জন্য।,CodeMix,আমি আমার house-এ একটি special place রেখে আসতে পারি তা হল button-এর জন্য।,False,False
normal,"Allah gets angry when you stop praying to Him. Yet when someone prays to a human being, he gets angry. – [Imam Ibn al-Qayyim (Rahimahullah)]",English,"Allah gets angry when you stop praying to Him. Yet when someone prays to a human being, he gets angry. – [Imam Ibn al-Qayyim (Rahimahullah)]",False,False
normal,Apnar puran mobile ta still use koren? Notun ante hobe.,Banglish,Apnar puran mobile ta still use koren? Notun ante hobe.,False,False
normal,শুভ প্রভাত!,Bengali,শুভ প্রভাত!,False,False
normal,Notun restaurant-ta try korechio?,Banglish,Notun restaurant-ta try korechio?,False,False
normal,Movieটা কেমন ছিল? আমি শুনেছি এটা a must-watch film।,CodeMix,Movieটা কেমন ছিল? আমি শুনেছি এটা a must-watch film।,False,False
normal,Eti IQ porikha porbor ekta ongsho.,Banglish,Eti IQ porikha porbor ekta ongsho.,False,False
normal,The new restaurant near our office serves amazing kababs.,English,The new restaurant near our office serves amazing kababs.,False,False
normal,Dinner কোথায় যাব? I feel like having Chinese food আজ।,CodeMix,Dinner কোথায় যাব? I feel like having Chinese food আজ।,False,False
normal,তুমি কি নতুন গানটা শুনেছো? আরিফের কণ্ঠে দারুণ লেগেছে।,Bengali,তুমি কি নতুন গানটা শুনেছো? আরিফের কণ্ঠে দারুণ লেগেছে।,False,False
normal,01729172964 number e rocket e taka pathan.,Banglish,[PHONE] number e rocket e taka pathan.,False,True
normal,কঠোর পরিশ্রমই সাফল্যের চাবিকাঠি।,Bengali,কঠোর পরিশ্রমই সাফল্যের চাবিকাঠি।,False,False
normal,Move forward with confidence.,English,Move forward with confidence.,False,False
normal,০১৬৭২৫৭৩৮৭৩ নাম্বারে দ্রুত বিকাশ করুন।,Bengali,[PHONE] নাম্বারে দ্রুত বিকাশ করুন।,False,True
normal,"Have you read any books before? Yes, I've read many books. What about you?",English,"Have you read any books before? Yes, I've read many books. What about you?",False,False
normal,"Your due TK 6000/-, pay quickly.",English,"Your due TK 6000/-, pay quickly.",False,False
normal,Send money via Rocket to this number: 01927283792,English,Send money via Rocket to this number: [PHONE],False,True
normal,"আপনার son বিপদে, জলদি 01672563891 টাকা পাঠান।",CodeMix,"আপনার son বিপদে, জলদি [PHONE] টাকা পাঠান।",False,True
normal,তোমার পাশে একটি পাথুরি আছে। ধন্যবাদ।,Bengali,তোমার পাশে একটি পাথুরি আছে। ধন্যবাদ।,False,False
normal,আজ Sunday chill করার ইচ্ছে আছে। Movie দেখতে যাবো কি? Weather অনেক সুন্দর,CodeMix,আজ Sunday chill করার ইচ্ছে আছে। Movie দেখতে যাবো কি? Weather অনেক সুন্দর,False,False
normal,আমি যে ব্যাপারটি অনেক দুঃখ পেয়েছি সেটি হল বাসায় থাকা।,Bengali,আমি যে ব্যাপারটি অনেক দুঃখ পেয়েছি সেটি হল বাসায় থাকা।,False,False
normal,Thanks for the thoughtful birthday gift! It's exactly what I needed and wanted.,English,Thanks for the thoughtful birthday gift! It's exactly what I needed and wanted.,False,False
normal,"ভাই, কেমন আছো? অনেকদিন পর তোমার সাথে কথা হচ্ছে।",CodeMix,"ভাই, কেমন আছো? অনেকদিন পর তোমার সাথে কথা হচ্ছে।",False,False
normal,"Tumi nijer upor bishbash rakho, shob kichu shombhob.",Banglish,"Tumi nijer upor bishbash rakho, shob kichu shombhob.",False,False
normal,"Success will come to you, be patient.",English,"Success will come to you, be patient.",False,False
normal,Ha ha ha ভালো joke। Girls অবস্থা investigative।,CodeMix,Ha ha ha ভালো joke। Girls অবস্থা investigative।,False,False
normal,আজ রাতে বন্ধুর সঙ্গে সিনেমা দেখলাম। গল্প দারুণ ছিল।,Bengali,আজ রাতে বন্ধুর সঙ্গে সিনেমা দেখলাম। গল্প দারুণ ছিল।,False,False
normal,তোমার favourite book কোনটা?,CodeMix,তোমার favourite book কোনটা?,False,False
normal,"মামা, Eid gift জন্য কিছু buy করতে হবে। Shall we go together to Bashundhara Shopping Mall? Enjoy shopping and choose gifts wisely",CodeMix,"মামা, Eid gift জন্য কিছু buy করতে হবে। Shall we go together to Bashundhara Shopping Mall? Enjoy shopping and choose gifts wisely",False,False
normal,What is happening? Tell me everything.,English,What is happening? Tell me everything.,False,False
normal,তুমি কি play করছো?,CodeMix,তুমি কি play করছো?,False,False
normal,তোমার জন্য একটি ভালো দিন!,Bengali,তোমার জন্য একটি ভালো দিন!,False,False
normal,আজ রাতে বাংলাদেশ আর শ্রীলঙ্কার ম্যাচ আছে। একসাথে বসে দেখবো নাকি?,Bengali,আজ রাতে বাংলাদেশ আর শ্রীলঙ্কার ম্যাচ আছে। একসাথে বসে দেখবো নাকি?,False,False
normal,Hope you're recovering well from the surgery. Take plenty of rest and don't worry about anything else.,English,Hope you're recovering well from the surgery. Take plenty of rest and don't worry about anything else.,False,False
normal,May all your wishes come true!,English,May all your wishes come true!,False,False
normal,Assalamu Alaikum।,CodeMix,Assalamu Alaikum।,False,False
normal,Happy anniversary! Wishing you both many more years of happiness and love together.,English,Happy anniversary! Wishing you both many more years of happiness and love together.,False,False
normal,"আমি ঠিক আছি, thanks।",CodeMix,"আমি ঠিক আছি, thanks।",False,False
normal,Ajke ki porcho?,Banglish,Ajke ki porcho?,False,False
normal,"আমি book-টি read করতে start করলাম, খুব interesting লাগছে।",CodeMix,"আমি book-টি read করতে start করলাম, খুব interesting লাগছে।",False,False
normal,Kalke adda dite jabi? Coffee House e bose thakte pari.,Banglish,Kalke adda dite jabi? Coffee House e bose thakte pari.,False,False
normal,শুক্রবার কি প্ল্যান?,Bengali,শুক্রবার কি প্ল্যান?,False,False
normal,তুমি কি রবিবার ক্লাসে যাবে? স্যার বলেছে কুইজ নেবে। তাই প্রস্তুতি নিয়ে এসো।,Bengali,তুমি কি রবিবার ক্লাসে যাবে? স্যার বলেছে কুইজ নেবে। তাই প্রস্তুতি নিয়ে এসো।,False,False
normal,"apnar package er delivery aj hobe, 01987654321 ei number e call korun aro tothyer jonno.",Banglish,"apnar package er delivery aj hobe, [PHONE] ei number e call korun aro tothyer jonno.",False,True
normal,This is that I am given a solution that needs to be solved.,English,This is that I am given a solution that needs to be solved.,False,False
normal,শুভ ভালোবাসা দিবস!,Bengali,শুভ ভালোবাসা দিবস!,False,False
normal,Adhika school theke ekta certificate nia ashse for best handwriting. Sobai proud feel korlam.,Banglish,Adhika school theke ekta certificate nia ashse for best handwriting. Sobai proud feel korlam.,False,False
normal,The vacation photos look amazing! Seems like you had a wonderful time at Cox's Bazar.,English,The vacation photos look amazing! Seems like you had a wonderful time at Cox's Bazar.,False,False
normal,"Ajke office theke early leave nibo, bachchader niye park jabo.",Banglish,"Ajke office theke early leave nibo, bachchader niye park jabo.",False,False
normal,"তুমি যা করতে চাইবে, তা পারবে।",Bengali,"তুমি যা করতে চাইবে, তা পারবে।",False,False
normal,"প্রিয় গ্রাহক আপনার কাছে পল্লি বিদ্যুৎ  জামালপুর শাখার পাওনা রয়েছে ৫০৩৮/- টাকা, জলদি পাওনা পরিষোধ না করলে বিদ্যুৎ লাইন বিচ্ছিন্ন করা হবে।",Bengali,"প্রিয় গ্রাহক আপনার কাছে পল্লি বিদ্যুৎ জামালপুর শাখার পাওনা রয়েছে ৫০৩৮/- টাকা, জলদি পাওনা পরিষোধ না করলে বিদ্যুৎ লাইন বিচ্ছিন্ন করা হবে।",False,False
normal,"Call back this number 01782973783, I don't have money",English,"Call back this number [PHONE] , I don't have money",False,True
normal,০১৯২৭২৮৩৮৭১ এই নাম্বারে রকেটে ৫০০ টাকা পাঠান।,Bengali,[PHONE] এই নাম্বারে রকেটে ৫০০ টাকা পাঠান।,False,True
normal,বন্ধুরা কেমন আছ?,CodeMix,বন্ধুরা কেমন আছ?,False,False
normal,"01827283892 ei nambare call korun, joruri.",Banglish,"[PHONE] ei nambare call korun, joruri.",False,True
normal,তোমার goal-এ পৌঁছাতে ধৈর্য ধরো।,CodeMix,তোমার goal-এ পৌঁছাতে ধৈর্য ধরো।,False,False
normal,"বন্ধু, Sunday bike ride plan confirm করেছো কি? Weather perfect, so আমরা early বের হব।",CodeMix,"বন্ধু, Sunday bike ride plan confirm করেছো কি? Weather perfect, so আমরা early বের হব।",False,False
normal,Tomar priyo boi konti? Cyclopaedia. Tumi?,Banglish,Tomar priyo boi konti? Cyclopaedia. Tumi?,False,False
normal,কালকের workshop cancel হয়েছে। নতুন date পরে জানানো হবে। All participants কে inform করতে হবে।,CodeMix,কালকের workshop cancel হয়েছে। নতুন date পরে জানানো হবে। All participants কে inform করতে হবে।,False,False
normal,"Apnar account theke 1000/- taka prodan kora hoyeche, ovijog korte call korun.",Banglish,"Apnar account theke 1000/- taka prodan kora hoyeche, ovijog korte call korun.",False,False
normal,kemon acho?,Banglish,kemon acho?,False,False
normal,"Priyo shikkharthi, apnar tuition fee aj porjonto 24,500.00 taka bokeya ache. (Purber late fine o bokeya shoh) Cholti masher tuition fee (jorimana chara) 30i September, 2024 moddhe porishod korun. Bistarito https://student.iba-du.edu.bd/ login korun. (IBA)",Banglish,"Priyo shikkharthi, apnar tuition fee aj porjonto 24,500.00 taka bokeya ache. (Purber late fine o bokeya shoh) Cholti masher tuition fee (jorimana chara) 30i September, 2024 moddhe porishod korun. Bistarito [URL] login korun. (IBA)",True,False
normal,তুমি কি রেস্টুরেন্টে যাচ্ছো?,Bengali,তুমি কি রেস্টুরেন্টে যাচ্ছো?,False,False
normal,Shukrobar ki plan?,Banglish,Shukrobar ki plan?,False,False
normal,তোমার প্রতিভা অসাধারণ।,Bengali,তোমার প্রতিভা অসাধারণ।,False,False
normal,আমি একটি organization-এর director হিসাবে manage করতে চাই।,CodeMix,আমি একটি organization-এর director হিসাবে manage করতে চাই।,False,False
normal,তুমি কি বইয়ের দোকানে যাচ্ছো?,Bengali,তুমি কি বইয়ের দোকানে যাচ্ছো?,False,False
normal,আজকের আপনার দিন কেমন কাটছে?,Bengali,আজকের আপনার দিন কেমন কাটছে?,False,False
normal,কি খাবে আজ? Fish curry। তুমি কি prefer করো?,CodeMix,কি খাবে আজ? Fish curry। তুমি কি prefer করো?,False,False
normal,Are you listening to music?,English,Are you listening to music?,False,False
normal,Happy Diwali!,English,Happy Diwali!,False,False
normal,shuvo noboborsho!,Banglish,shuvo noboborsho!,False,False
normal,০১৭২৯১৭২৯৪৯ এই নাম্বারে রকেটে টাকা পাঠান।,Bengali,[PHONE] এই নাম্বারে রকেটে টাকা পাঠান।,False,True
normal,Asha kori tomar din-ti bhalo katuk!,Banglish,Asha kori tomar din-ti bhalo katuk!,False,False
normal,০১৯২৭২৮৩৭৯২ এই নাম্বারে রকেটে টাকা পাঠান।,Bengali,[PHONE] এই নাম্বারে রকেটে টাকা পাঠান।,False,True
normal,I want to spend time with my family.,English,I want to spend time with my family.,False,False
normal,"Yes, it was taking us time",English,"Yes, it was taking us time",False,False
normal,Your talent is limitless.,English,Your talent is limitless.,False,False
normal,আমি একটি গল্প পড়তে হবে।,Bengali,আমি একটি গল্প পড়তে হবে।,False,False
normal,তোমার প্রিয় গান কোনটা?,Bengali,তোমার প্রিয় গান কোনটা?,False,False
normal,যে বিষয়ে মনে খটকা লাগে সে বিষয়টা যতটা সম্ভব avoid করুন। – \[Dr. Bilal Phillips],CodeMix,যে বিষয়ে মনে খটকা লাগে সে বিষয়টা যতটা সম্ভব avoid করুন। – \[Dr. Bilal Phillips],False,False
normal,আজকের ক্লাস কেমন হলো?,Bengali,আজকের ক্লাস কেমন হলো?,False,False
normal,What's your favorite book? আমারটা 'Cyclopedia'. তোমারটা?,CodeMix,What's your favorite book? আমারটা 'Cyclopedia'. তোমারটা?,False,False
normal,শুভ Kartik Purnima!,CodeMix,শুভ Kartik Purnima!,False,False
normal,Tomar shob iccha puron hok!,Banglish,Tomar shob iccha puron hok!,False,False
normal,What I got a lot of time is the solution and the value is a great and a popular,English,What I got a lot of time is the solution and the value is a great and a popular,False,False
normal,It's raining heavily outside. Better take an umbrella if you're going out.,English,It's raining heavily outside. Better take an umbrella if you're going out.,False,False
normal,"Urgent, bKash to 01672572938 number.",English,"Urgent, bKash to [PHONE] number.",False,True
normal,Lunch কোথায় খাবো? I feel like having burger আজ।,CodeMix,Lunch কোথায় খাবো? I feel like having burger আজ।,False,False
normal,Morning tea খেয়েছেন কি? I had black coffee আজ।,CodeMix,Morning tea খেয়েছেন কি? I had black coffee আজ।,False,False
normal,Inaya ajke brishtir modhye khelte giye thanda lege geche. Doctor e niye jete hobe shondhay. Amar sathe tui ashbi naki?,Banglish,Inaya ajke brishtir modhye khelte giye thanda lege geche. Doctor e niye jete hobe shondhay. Amar sathe tui ashbi naki?,False,False
normal,০১৬৭২৫৭৩৮৭৯ নাম্বারে দ্রুত বিকাশ করুন।,Bengali,[PHONE] নাম্বারে দ্রুত বিকাশ করুন।,False,True
normal,"Call this number 01672583789, I need money.",English,"Call this number [PHONE] , I need money.",False,True
normal,"Your payment is pending, send money to 01728273819.",English,"Your payment is pending, send money to [PHONE] .",False,True
normal,"তুমি আজকে বাজারে গিয়েছিলে? আমি বিকেলে শাপলা চত্বরের কাছ থেকে সবজি নিয়ে আসবো, চাইলে তোমার জন্যও নিয়ে আসতে পারি।",Bengali,"তুমি আজকে বাজারে গিয়েছিলে? আমি বিকেলে শাপলা চত্বরের কাছ থেকে সবজি নিয়ে আসবো, চাইলে তোমার জন্যও নিয়ে আসতে পারি।",False,False
normal,"Ajke adda cancel korbo, karon matha betha hocche.",Banglish,"Ajke adda cancel korbo, karon matha betha hocche.",False,False
normal,তোমার কি real ভালো লাগছে? আমি আমার বাসায় little time দেওয়া ভালো লাগে।,CodeMix,তোমার কি real ভালো লাগছে? আমি আমার বাসায় little time দেওয়া ভালো লাগে।,False,False
normal,আশা করি তোমার সফলতা হোক!,Bengali,আশা করি তোমার সফলতা হোক!,False,False
normal,"Your electricity bill is due 7200/- taka, urgent.",English,"Your electricity bill is due 7200/- taka, urgent.",False,False
normal,Exam er preparation kemon cholche tomar?,Banglish,Exam er preparation kemon cholche tomar?,False,False
normal,আপনি কি আগামীকাল meeting এ attend করবেন? Please confirm your availability.,CodeMix,আপনি কি আগামীকাল meeting এ attend করবেন? Please confirm your availability.,False,False
normal,I'm learning to play the guitar. It's more difficult than I expected.,English,I'm learning to play the guitar. It's more difficult than I expected.,False,False
normal,"০১৮২৭৩৮২৭৮৫ এই নাম্বারে কল করুন, টাকা দরকার।",Bengali,"[PHONE] এই নাম্বারে কল করুন, টাকা দরকার।",False,True
normal,আমরা পরের সপ্তাহে কক্সবাজার যাওয়ার প্ল্যান করছি। সমুদ্র দেখতে যাওয়ার জন্য সবাই ভীষণ উত্তেজিত।,Bengali,আমরা পরের সপ্তাহে কক্সবাজার যাওয়ার প্ল্যান করছি। সমুদ্র দেখতে যাওয়ার জন্য সবাই ভীষণ উত্তেজিত।,False,False
normal,Kalke bus e ekjon old friend er sathe dekha hoye gelo. Onar sathe ek cup cha kheye onek purono golpo holo.,Banglish,Kalke bus e ekjon old friend er sathe dekha hoye gelo. Onar sathe ek cup cha kheye onek purono golpo holo.,False,False
normal,01972771714 amar ei nambare taka patha,Banglish,[PHONE] amar ei nambare taka patha,False,True
normal,শুভ জন্মদিন অভিনন্দন!,Bengali,শুভ জন্মদিন অভিনন্দন!,False,False
normal,"Be patient, good times will come.",English,"Be patient, good times will come.",False,False
normal,01672573848 number এ call করুন।,CodeMix,[PHONE] number এ call করুন।,False,True
normal,"হাই, কি হচ্ছে?",Bengali,"হাই, কি হচ্ছে?",False,False
normal,Tui keno amar sathe kotha bolte chaina ajkal? Amar kharap lagse. Tui jodi busy thako tao ekta reply dile valo lagto. Ami jani sobai pressure e thake.,Banglish,Tui keno amar sathe kotha bolte chaina ajkal? Amar kharap lagse. Tui jodi busy thako tao ekta reply dile valo lagto. Ami jani sobai pressure e thake.,False,False
normal,I feel like I can't say anything.,English,I feel like I can't say anything.,False,False
normal,"I am fine, আপনি কেমন আছেন?",CodeMix,"I am fine, আপনি কেমন আছেন?",False,False
normal,"Hi Shumi, তুমি কেমন আছো? আজকে coffee খেতে আসো না? অনেক কিছু catch up করতে হবে, তাই time fix করি",CodeMix,"Hi Shumi, তুমি কেমন আছো? আজকে coffee খেতে আসো না? অনেক কিছু catch up করতে হবে, তাই time fix করি",False,False
normal,Life in this world is three days - yesterday's day with what was done is gone; tomorrow's day you may not even reach; but today's day is for you so do whatever you have to do today. -[Imam Al-Hasan Al-Basri (R)],English,Life in this world is three days - yesterday's day with what was done is gone; tomorrow's day you may not even reach; but today's day is for you so do whatever you have to do today. -[Imam Al-Hasan Al-Basri (R)],False,False
normal,Ajke bazar theke notun shobji kinlam. Khub fresh chhilo. Maa ranna kore din ta khub moja kore dilo. Amar din bhalo katlo.,Banglish,Ajke bazar theke notun shobji kinlam. Khub fresh chhilo. Maa ranna kore din ta khub moja kore dilo. Amar din bhalo katlo.,False,False
normal,"আপনার daughter hospital-এ, quickly money পাঠান ০১৮২৮১৭৩৯১২।",CodeMix,"আপনার daughter hospital-এ, quickly money পাঠান [PHONE] ।",False,True
normal,It's very cold today.,English,It's very cold today.,False,False
normal,তুমি কি সিনেমা হলে যাচ্ছো?,Bengali,তুমি কি সিনেমা হলে যাচ্ছো?,False,False
normal,Tumi ki swimming korcho?,Banglish,Tumi ki swimming korcho?,False,False
normal,Kalke Bishwa Ijtema r jam dekhe rastay 3 ghonta atke chilam. Kintu lokjon er majhe shanti dekhe moja laglo. Sobai ek sathe dua kortese.,Banglish,Kalke Bishwa Ijtema r jam dekhe rastay 3 ghonta atke chilam. Kintu lokjon er majhe shanti dekhe moja laglo. Sobai ek sathe dua kortese.,False,False
normal,The morning jog felt refreshing! Thanks for motivating me to start exercising regularly. Feeling great already!,English,The morning jog felt refreshing! Thanks for motivating me to start exercising regularly. Feeling great already!,False,False
normal,Bari te ekta notun bari pacche.,Banglish,Bari te ekta notun bari pacche.,False,False
normal,তুমি কি song শুনছো?,CodeMix,তুমি কি song শুনছো?,False,False
normal,শুভ নববর্ষের অভিনন্দন!,Bengali,শুভ নববর্ষের অভিনন্দন!,False,False
normal,তুমি কি রান্না করছো?,Bengali,তুমি কি রান্না করছো?,False,False
normal,আমাকে urgent call দিন 01738293748 এই number-এ।,CodeMix,আমাকে urgent call দিন [PHONE] এই number-এ।,False,True
normal,01927283871 এই number-এ Rocket-এ 500 টাকা send করুন।,CodeMix,[PHONE] এই number-এ Rocket-এ 500 টাকা send করুন।,False,True
normal,Adhika ajke school theke ekta certificate niya ashse for best handwriting. She khub happy ar sobai ke dekhachilo. Amra proud feel korlam.,Banglish,Adhika ajke school theke ekta certificate niya ashse for best handwriting. She khub happy ar sobai ke dekhachilo. Amra proud feel korlam.,False,False
normal,Send money quickly to this number 01827382739.,English,Send money quickly to this number [PHONE] .,False,True
normal,Good morning! The morning breeze feels wonderful today. Perfect weather for our planned garden work.,English,Good morning! The morning breeze feels wonderful today. Perfect weather for our planned garden work.,False,False
normal,তোমার জন্য একটি গল্প আছে?,Bengali,তোমার জন্য একটি গল্প আছে?,False,False
normal,Happy Kartik Purnima!,English,Happy Kartik Purnima!,False,False
normal,When can you come? I am by your side.,English,When can you come? I am by your side.,False,False
normal,তুমি কি launch terminal এ পৌঁছেছ? Let me know when you board the ferry.,CodeMix,তুমি কি launch terminal এ পৌঁছেছ? Let me know when you board the ferry.,False,False
normal,Say something to me. I like your words.,English,Say something to me. I like your words.,False,False
normal,আজকের lunch time-এ বড় rain হচ্ছে।,CodeMix,আজকের lunch time-এ বড় rain হচ্ছে।,False,False
normal,শুভ Rath Yatra!,CodeMix,শুভ Rath Yatra!,False,False
normal,takaTa bikash ba rocket e diben number 017291828181,Banglish,takaTa bikash ba rocket e diben number [PHONE],False,True
normal,"আমি transport এ উঠেছি, আর সময় লাগবে। Wait for me.",CodeMix,"আমি transport এ উঠেছি, আর সময় লাগবে। Wait for me.",False,False
normal,Looking forward to our trip next month! I've already started packing in my mind.,English,Looking forward to our trip next month! I've already started packing in my mind.,False,False
normal,তুমি কি new market যাবে? I need to buy wedding gifts.,CodeMix,তুমি কি new market যাবে? I need to buy wedding gifts.,False,False
normal,Rate ki khabe?,Banglish,Rate ki khabe?,False,False
normal,"দোস্ত, আজ ফুটবল ম্যাচ দেখবো। তোমার বাসায় আসবো।",Bengali,"দোস্ত, আজ ফুটবল ম্যাচ দেখবো। তোমার বাসায় আসবো।",False,False
normal,"Good night, stay well!",English,"Good night, stay well!",False,False
normal,"Ajker din khub bhalo katlo, karon office er kaj time moto shesh korte parlam. Rasta jam kom chhilo, tai ekdom stress free vabe bari pouchhlam. Amar mone hochhe ekhon ektu relax kora uchit.",Banglish,"Ajker din khub bhalo katlo, karon office er kaj time moto shesh korte parlam. Rasta jam kom chhilo, tai ekdom stress free vabe bari pouchhlam. Amar mone hochhe ekhon ektu relax kora uchit.",False,False
normal,"Ami r shohor ghure ashlam, ekhon khub tired lagche.",Banglish,"Ami r shohor ghure ashlam, ekhon khub tired lagche.",False,False
normal,Send bKash to number 01672572938.,English,Send bKash to number [PHONE] .,False,True
normal,আমি সব time আমার সমস্ত problem-এর জন্য solution দিতে চাই।,CodeMix,আমি সব time আমার সমস্ত problem-এর জন্য solution দিতে চাই।,False,False
normal,"I am getting a message that gives one solution, another solution, and yet another solution.",English,"I am getting a message that gives one solution, another solution, and yet another solution.",False,False
normal,আমার জন্য একটু অপেক্ষা করো। I am running late। 15 minutes এর মধ্যে চলে আসছি।,CodeMix,আমার জন্য একটু অপেক্ষা করো। I am running late। 15 minutes এর মধ্যে চলে আসছি।,False,False
normal,"সময় নাই, তাড়াতাড়ি টাকা পাঠাও, বিকাশ ০১৯৩৭৩৮২৮৯৩।",Bengali,"সময় নাই, তাড়াতাড়ি টাকা পাঠাও, বিকাশ [PHONE] ।",False,True
normal,কবে তোমাকে meeting হবে? আমি এখানে আসতে try করবো। তুমি?,CodeMix,কবে তোমাকে meeting হবে? আমি এখানে আসতে try করবো। তুমি?,False,False
normal,তুমি কি shopping mall-এ যাচ্ছো?,CodeMix,তুমি কি shopping mall-এ যাচ্ছো?,False,False
normal,বাসায় খুব শান্তি আছে।,Bengali,বাসায় খুব শান্তি আছে।,False,False
normal,Tumi kothay acho?,Banglish,Tumi kothay acho?,False,False
normal,Inaya amar sathe ludo kheltese ar unexpected win korlo. Amar khub moja laglo.,Banglish,Inaya amar sathe ludo kheltese ar unexpected win korlo. Amar khub moja laglo.,False,False
normal,Thank you for the lovely gift! It was such a sweet surprise. You're the best!,English,Thank you for the lovely gift! It was such a sweet surprise. You're the best!,False,False
normal,"তুমি একা নও, আমরা সবাই তোমার পাশে আছি।",Bengali,"তুমি একা নও, আমরা সবাই তোমার পাশে আছি।",False,False
normal,tomar porishrom sarthok hobe.,Banglish,tomar porishrom sarthok hobe.,False,False
normal,Prithibir jibonta tin din er– gotokaler din ti te ja kora hoyeche shegulo niye sheti chole geche; agamikaler din ti te hoyto apni na-o pouchte paren; kintu ajker din ti apnar jonno shutorongo ja korar ajei kore nin. -[Imam Al-Hasan Al-Basri (Rh)],Banglish,Prithibir jibonta tin din er– gotokaler din ti te ja kora hoyeche shegulo niye sheti chole geche; agamikaler din ti te hoyto apni na-o pouchte paren; kintu ajker din ti apnar jonno shutorongo ja korar ajei kore nin. -[Imam Al-Hasan Al-Basri (Rh)],False,False
normal,এই যা আমি যে অনেক সময় পেলাম সেটি হল solution এবং মূল্য হল একটি মহান এবং একটি জনপ্রিয়,CodeMix,এই যা আমি যে অনেক সময় পেলাম সেটি হল solution এবং মূল্য হল একটি মহান এবং একটি জনপ্রিয়,False,False
normal,Call this number 01729173849.,English,Call this number [PHONE] .,False,True
normal,Bidyaloyer boi pora khub pochondo.,Banglish,Bidyaloyer boi pora khub pochondo.,False,False
normal,শুভ নববর্ষের congratulations!,CodeMix,শুভ নববর্ষের congratulations!,False,False
normal,The homemade biryani smells amazing! Can't wait to taste it. You're such a great cook.,English,The homemade biryani smells amazing! Can't wait to taste it. You're such a great cook.,False,False
normal,Are you going to the shopping mall?,English,Are you going to the shopping mall?,False,False
normal,"tumi onek shoktishali, tumi parbe.",Banglish,"tumi onek shoktishali, tumi parbe.",False,False
normal,"Sometimes it feels like all this distraction, this mobile internet this online world, everyone has got so inside that it's hard to spend a single day without these",English,"Sometimes it feels like all this distraction, this mobile internet this online world, everyone has got so inside that it's hard to spend a single day without these",False,False
normal,Congratulations on your graduation! So proud of all your hard work and achievements.,English,Congratulations on your graduation! So proud of all your hard work and achievements.,False,False
normal,What is your favorite food?,English,What is your favorite food?,False,False
normal,Hope your medical test results come back normal. I'm sure everything will be fine. Stay positive!,English,Hope your medical test results come back normal. I'm sure everything will be fine. Stay positive!,False,False
normal,"আপনার electricity bill বাকি 950/- taka, তাড়াতাড়ি payment করুন।",CodeMix,"আপনার electricity bill বাকি 950/- taka, তাড়াতাড়ি payment করুন।",False,False
normal,শুভ মহাষ্টমী!,Bengali,শুভ মহাষ্টমী!,False,False
normal,"Hi, ki hocche?",Banglish,"Hi, ki hocche?",False,False
normal,Exam এর জন্য পড়াশোনা কেমন চলছে? I am so stressed about the final।,CodeMix,Exam এর জন্য পড়াশোনা কেমন চলছে? I am so stressed about the final।,False,False
normal,আমার এই নাম্বারে কল করুন ০১৭২৯১৮২৮৯৩।,Bengali,আমার এই নাম্বারে কল করুন [PHONE] ।,False,True
normal,Shubho noboborshher shuvechha!,Banglish,Shubho noboborshher shuvechha!,False,False
normal,বই পড়ার পরিবার নির্মাণের জন্য সময় দিতে চাই।,Bengali,বই পড়ার পরিবার নির্মাণের জন্য সময় দিতে চাই।,False,False
normal,০১৮২৭২৮৩৯৫১ number-এ call করুন।,CodeMix,[PHONE] number-এ call করুন।,False,True
normal,সুপ্রভাত!,Bengali,সুপ্রভাত!,False,False
normal,তোমার health better হয়েছে? Take care and get well soon.,CodeMix,তোমার health better হয়েছে? Take care and get well soon.,False,False
normal,"আপনার পেমেন্ট বাকি রয়েছে, ০১৭২৮২৭৩৮১৯ টাকা পাঠান।",Bengali,"আপনার পেমেন্ট বাকি রয়েছে, [PHONE] টাকা পাঠান।",False,True
normal,"Hi, আমি এখানে।",CodeMix,"Hi, আমি এখানে।",False,False
normal,"Hi Shakib, তুমি কেমন আছো? Let's meet after class এবং নতুন project discuss করি।",CodeMix,"Hi Shakib, তুমি কেমন আছো? Let's meet after class এবং নতুন project discuss করি।",False,False
normal,তুমি কি school-এ যাচ্ছো?,CodeMix,তুমি কি school-এ যাচ্ছো?,False,False
normal,Do you want to come to me?,English,Do you want to come to me?,False,False
normal,"নানি, আপনার স্বাস্থ্য কেমন? ডাক্তারের কাছে গিয়েছিলেন?",Bengali,"নানি, আপনার স্বাস্থ্য কেমন? ডাক্তারের কাছে গিয়েছিলেন?",False,False
normal,তুমি কি sports করছো?,CodeMix,তুমি কি sports করছো?,False,False
normal,তুমি সাফল্যের জন্য তৈরি।,Bengali,তুমি সাফল্যের জন্য তৈরি।,False,False
normal,"Brother, Azhar brother asked to meet you. About M.Phil Synopsis",English,"Brother, Azhar brother asked to meet you. About M.Phil Synopsis",False,False
normal,"দুঃখিত, আমার রুমমেটরা অনেক সময় নিল, এখন যেতে পারি?",Bengali,"দুঃখিত, আমার রুমমেটরা অনেক সময় নিল, এখন যেতে পারি?",False,False
normal,"মা, market থেকে কিছু fruits আনো। আমি cash দিবো। তুমি কি vegetables ও আনবে? Let's coordinate।",CodeMix,"মা, market থেকে কিছু fruits আনো। আমি cash দিবো। তুমি কি vegetables ও আনবে? Let's coordinate।",False,False
normal,Hope তোমার day টা ভালো কাটুক!,CodeMix,Hope তোমার day টা ভালো কাটুক!,False,False
normal,"Ajker puro din ta brishtir moddhe katlam. Office jete jam kom chhilo tai bhalo laglo, kintu rasta ghore pani poray jete kosto hoise. Bari fire eshe ek cup cha kheye relax korlam.",Banglish,"Ajker puro din ta brishtir moddhe katlam. Office jete jam kom chhilo tai bhalo laglo, kintu rasta ghore pani poray jete kosto hoise. Bari fire eshe ek cup cha kheye relax korlam.",False,False
normal,Amar kache kono notun khobor achhe?,Banglish,Amar kache kono notun khobor achhe?,False,False
normal,Byayam korte ovash korte hobe.,Banglish,Byayam korte ovash korte hobe.,False,False
normal,"দিদি, তোমার পড়াশুনা কেমন চলছে? কোন সমস্যা হচ্ছে?",Bengali,"দিদি, তোমার পড়াশুনা কেমন চলছে? কোন সমস্যা হচ্ছে?",False,False
normal,Ki korbe amar shathe bolo. Ami tomar shathe hante chai.,Banglish,Ki korbe amar shathe bolo. Ami tomar shathe hante chai.,False,False
normal,I always want to provide solutions for my problems.,English,I always want to provide solutions for my problems.,False,False
normal,আমি নিজের love এর মধ্যে আছি বলতে পারি।,CodeMix,আমি নিজের love এর মধ্যে আছি বলতে পারি।,False,False
normal,তুমি কি স্কুলে যাচ্ছো?,Bengali,তুমি কি স্কুলে যাচ্ছো?,False,False
normal,Ei ja ami ekta shamadhaan deoya hoy je shamadhaan dite hobe.,Banglish,Ei ja ami ekta shamadhaan deoya hoy je shamadhaan dite hobe.,False,False
normal,Ajke amar choto bon er birthday. Amra choto ekta party korechi bari te. She onek excited chilo gifts receive kore. Tore o invite dite partam jodi tumi kache thakte.,Banglish,Ajke amar choto bon er birthday. Amra choto ekta party korechi bari te. She onek excited chilo gifts receive kore. Tore o invite dite partam jodi tumi kache thakte.,False,False
normal,Morning bus is crowded.,English,Morning bus is crowded.,False,False
normal,Everything will be alright.,English,Everything will be alright.,False,False
normal,আমি সকালে একটি কফি খেয়েছি।,Bengali,আমি সকালে একটি কফি খেয়েছি।,False,False
normal,কেমন চলছে তোমার dayটি?,CodeMix,কেমন চলছে তোমার dayটি?,False,False
normal,আজকে ফেসবুকে একটা দারুণ মজার ভিডিও দেখেছি। পরে তোমাকে শেয়ার করবো।,Bengali,আজকে ফেসবুকে একটা দারুণ মজার ভিডিও দেখেছি। পরে তোমাকে শেয়ার করবো।,False,False
normal,Ei bochor ami onek boi porbo।,CodeMix,Ei bochor ami onek boi porbo।,False,False
normal,শুভ রাত্রি!,Bengali,শুভ রাত্রি!,False,False
normal,New restaurant-টা try করেছো?,CodeMix,New restaurant-টা try করেছো?,False,False
normal,"প্রিয় শিক্ষার্থী, আপনার টিউশন ফি আজ পর্যন্ত ২০,৫০০.০০ টাকা বকেয়া আছে। (পূর্বের লেট ফাইন ও বকেয়াসহ) চলতি মাসের টিউশন ফি (জরিমানা ছাড়া) ১৫ই সেপ্টেম্বর, ২০২৪ মধ্যে পরিশোধ করুন। বিস্তারিত https://student.aiub.edu.bd/ লগইন করুন। (AIUB)",Bengali,"প্রিয় শিক্ষার্থী, আপনার টিউশন ফি আজ পর্যন্ত ২০,৫০০.০০ টাকা বকেয়া আছে। (পূর্বের লেট ফাইন ও বকেয়াসহ) চলতি মাসের টিউশন ফি (জরিমানা ছাড়া) ১৫ই সেপ্টেম্বর, ২০২৪ মধ্যে পরিশোধ করুন। বিস্তারিত [URL] লগইন করুন। (AIUB)",True,False
normal,What's the plan for today?,English,What's the plan for today?,False,False
normal,"আমার প্রিয় বন্ধু রাকিব, তোমার বিয়ের দাওয়াত পেয়ে আমি অত্যন্ত আনন্দিত। এতদিন পর তোমার জীবনে এই সুখের দিন আসার জন্য আমি সত্যিই খুশি। কাল রাতে তোমার মা'র সাথে ফোনে কথা হলো, তিনি অনেক উত্সাহিত এবং ব্যস্ত। বিয়ের সব প্রস্তুতি ঠিকঠাক চলছে তো? আমি আগামী বৃহস্পতিবার রাতেই চট্টগ্রাম থেকে চলে যাবো যাতে শুক্রবার সকালে গায়ে হলুদের অনুষ্ঠানে যোগ দিতে পারি। তোমার জন্য বিশেষ গিফট নিয়ে আসছি, খুশি হবে।",Bengali,"আমার প্রিয় বন্ধু রাকিব, তোমার বিয়ের দাওয়াত পেয়ে আমি অত্যন্ত আনন্দিত। এতদিন পর তোমার জীবনে এই সুখের দিন আসার জন্য আমি সত্যিই খুশি। কাল রাতে তোমার মা'র সাথে ফোনে কথা হলো, তিনি অনেক উত্সাহিত এবং ব্যস্ত। বিয়ের সব প্রস্তুতি ঠিকঠাক চলছে তো? আমি আগামী বৃহস্পতিবার রাতেই চট্টগ্রাম থেকে চলে যাবো যাতে শুক্রবার সকালে গায়ে হলুদের অনুষ্ঠানে যোগ দিতে পারি। তোমার জন্য বিশেষ গিফট নিয়ে আসছি, খুশি হবে।",False,False
normal,Tell me what you want to do with me. I want to walk with you.,English,Tell me what you want to do with me. I want to walk with you.,False,False
normal,তুমি কি work finished? I need help with task.,CodeMix,তুমি কি work finished? I need help with task.,False,False
normal,01827281739 এই number-এ Rocket-এ 500 টাকা দাও।,CodeMix,[PHONE] এই number-এ Rocket-এ 500 টাকা দাও।,False,True
normal,আজকে কি exercise যাবে? Let's go together.,CodeMix,আজকে কি exercise যাবে? Let's go together.,False,False
normal,Send money quickly to this number 01927282893.,English,Send money quickly to this number [PHONE] .,False,True
normal,Tell a story. Just once.,English,Tell a story. Just once.,False,False
normal,"Ajker raat e akash khub sundor, tara pura clear dekhte pacchi. Balcony te boshe cha kheye moja lagche.",Banglish,"Ajker raat e akash khub sundor, tara pura clear dekhte pacchi. Balcony te boshe cha kheye moja lagche.",False,False
normal,Merry Christmas!,English,Merry Christmas!,False,False
normal,ঈদ মোবারক!,Bengali,ঈদ মোবারক!,False,False
normal,"বন্ধু, Sunday picnic এর জন্য plan ঠিক করেছো কি? আমরা early morning বের হবো, Let’s coordinate।",CodeMix,"বন্ধু, Sunday picnic এর জন্য plan ঠিক করেছো কি? আমরা early morning বের হবো, Let’s coordinate।",False,False
normal,"Good night, ভালো থেকো!",CodeMix,"Good night, ভালো থেকো!",False,False
normal,"বন্ধু, picnic plan ঠিক করেছো কি? আমরা early morning বের হবো, Let’s discuss route এবং food arrangement",CodeMix,"বন্ধু, picnic plan ঠিক করেছো কি? আমরা early morning বের হবো, Let’s discuss route এবং food arrangement",False,False
normal,Tumi ki cinema r ticket kincho?,Banglish,Tumi ki cinema r ticket kincho?,False,False
normal,The presentation went really well! The team was impressed with our proposal and gave positive feedback.,English,The presentation went really well! The team was impressed with our proposal and gave positive feedback.,False,False
normal,আমাকে দ্রুত কল দিন ০১৭৩৮২৯৩৭৪৮ এই নাম্বারে।,Bengali,আমাকে দ্রুত কল দিন [PHONE] এই নাম্বারে।,False,True
normal,Kalke school er assembly te Adhika ekta poem recite korlo. She khub confident chhilo ar sobai clap korlo. Amra khub proud feel korlam.,Banglish,Kalke school er assembly te Adhika ekta poem recite korlo. She khub confident chhilo ar sobai clap korlo. Amra khub proud feel korlam.,False,False
normal,Tor chhoto bhai ajke amar sathe football khelar moddhe boro moja korlo. O amar shathe khub friendly hoye jacche.,Banglish,Tor chhoto bhai ajke amar sathe football khelar moddhe boro moja korlo. O amar shathe khub friendly hoye jacche.,False,False
normal,Hope your mother is feeling better today. Sending prayers and positive thoughts for quick recovery.,English,Hope your mother is feeling better today. Sending prayers and positive thoughts for quick recovery.,False,False
normal,Thanks for the delicious biryani recipe. My family loved it!,English,Thanks for the delicious biryani recipe. My family loved it!,False,False
normal,আজ সন্ধ্যায় শাহবাগে দেখা করবো? অনেকদিন আড্ডা হয় না।,Bengali,আজ সন্ধ্যায় শাহবাগে দেখা করবো? অনেকদিন আড্ডা হয় না।,False,False
normal,Ajke amar cousin bari te esechilo. Sobai ek sathe boshe onek moja korlam. Se funny golpo shunalo ar sobai hashchilam.,Banglish,Ajke amar cousin bari te esechilo. Sobai ek sathe boshe onek moja korlam. Se funny golpo shunalo ar sobai hashchilam.,False,False
normal,০১৯২৭৩৮২৮৯৪ নাম্বারে কল করুন।,Bengali,[PHONE] নাম্বারে কল করুন।,False,True
normal,"আম্মু, আমি এইমাত্র অফিস থেকে বের হয়েছি এবং বাসায় ফেরার পথে কিছু জরুরি কাজ সেরে নিতে হবে। প্রথমে ব্যাংকে যাবো কারণ কাল বেতন দিয়েছে, তারপর বাজার করে বাবার জন্য ওষুধ কিনে আসবো। ডাক্তার যে নতুন ওষুধগুলো দিয়েছেন সেগুলো এভিনিউ ফার্মেসিতে পাওয়া যায় কিনা দেখবো। আর হ্যাঁ, আজ রাতে আমার বন্ধু সাদিকের বিয়ের দাওয়াত আছে, তাই একটু দেরি হতে পারে।",Bengali,"আম্মু, আমি এইমাত্র অফিস থেকে বের হয়েছি এবং বাসায় ফেরার পথে কিছু জরুরি কাজ সেরে নিতে হবে। প্রথমে ব্যাংকে যাবো কারণ কাল বেতন দিয়েছে, তারপর বাজার করে বাবার জন্য ওষুধ কিনে আসবো। ডাক্তার যে নতুন ওষুধগুলো দিয়েছেন সেগুলো এভিনিউ ফার্মেসিতে পাওয়া যায় কিনা দেখবো। আর হ্যাঁ, আজ রাতে আমার বন্ধু সাদিকের বিয়ের দাওয়াত আছে, তাই একটু দেরি হতে পারে।",False,False
normal,Ma ekhon kothay? Bazar theke lebu ene deben please.,Banglish,Ma ekhon kothay? Bazar theke lebu ene deben please.,False,False
normal,"Tui ajke dekhechis to, Adhika onek moja kore new rhyme geyeche. She bar bar bole amar school teacher onek bhalo. Amader chhele-meye ra onek fast shikhche, khub valo lagse.",Banglish,"Tui ajke dekhechis to, Adhika onek moja kore new rhyme geyeche. She bar bar bole amar school teacher onek bhalo. Amader chhele-meye ra onek fast shikhche, khub valo lagse.",False,False
normal,What is your favorite festival?,English,What is your favorite festival?,False,False
normal,Send bKash to this number 01672573851.,English,Send bKash to this number [PHONE] .,False,True
normal,"আজ Sunday, chill করার ইচ্ছে আছে। Coffee shop এ যাই কি? Weather sunny এবং mood perfect",CodeMix,"আজ Sunday, chill করার ইচ্ছে আছে। Coffee shop এ যাই কি? Weather sunny এবং mood perfect",False,False
normal,The family reunion was amazing! So good to see everyone after such a long time. Great memories made.,English,The family reunion was amazing! So good to see everyone after such a long time. Great memories made.,False,False
normal,Tui amar message read korso but reply dite deri korli. Amar mone holo tumi busy chile. Jodi amar sathe kotha bolish tahole amar kharap lage na.,Banglish,Tui amar message read korso but reply dite deri korli. Amar mone holo tumi busy chile. Jodi amar sathe kotha bolish tahole amar kharap lage na.,False,False
normal,আজকে কি shopping করতে যাবে?,CodeMix,আজকে কি shopping করতে যাবে?,False,False
normal,"Are you reading your favorite book? Yes, I read famous books.",English,"Are you reading your favorite book? Yes, I read famous books.",False,False
normal,"ভাইয়া, আমার ল্যাপটপ হ্যাং করছে। একটু দেখে দিবেন?",Bengali,"ভাইয়া, আমার ল্যাপটপ হ্যাং করছে। একটু দেখে দিবেন?",False,False
normal,"Bhabi rasanna ta khub bhalo hoyeche, recipe ta diben?",Banglish,"Bhabi rasanna ta khub bhalo hoyeche, recipe ta diben?",False,False
normal,Good morning!,English,Good morning!,False,False
normal,"Weekend e family outing plan kora ache. Dhaka city explore korbo, food ar sightseeing hobe.",Banglish,"Weekend e family outing plan kora ache. Dhaka city explore korbo, food ar sightseeing hobe.",False,False
normal,"Ajke office e manager onek important announcement dilo. Sobai serious chhilo, kintu kichu humor o chhilo.",Banglish,"Ajke office e manager onek important announcement dilo. Sobai serious chhilo, kintu kichu humor o chhilo.",False,False
normal,০১৬৭২৫৮২৯৭৮ এই নাম্বারে রকেটে ২০০ টাকা পাঠান।,Bengali,[PHONE] এই নাম্বারে রকেটে ২০০ টাকা পাঠান।,False,True
normal,তুমি কি আমার কাছে আসতে চাও?,Bengali,তুমি কি আমার কাছে আসতে চাও?,False,False
normal,I want to come home for this journey.,English,I want to come home for this journey.,False,False
normal,বাড়িতে একটি নতুন বাড়ি পাচ্ছে।,Bengali,বাড়িতে একটি নতুন বাড়ি পাচ্ছে।,False,False
normal,Aj ki korbe? Kono notun kono kaj palon korbo. Tumi?,Banglish,Aj ki korbe? Kono notun kono kaj palon korbo. Tumi?,False,False
normal,কি করবে আমার সাথে বলো। আমি তোমার সাথে walk করতে চাই।,CodeMix,কি করবে আমার সাথে বলো। আমি তোমার সাথে walk করতে চাই।,False,False
normal,Chhoto bhai ajke amar sathe football khelar somoy goal korlo. She onek excited hoye amar sathe celebrate korlo. Amar mon khushi hoye gelo.,Banglish,Chhoto bhai ajke amar sathe football khelar somoy goal korlo. She onek excited hoye amar sathe celebrate korlo. Amar mon khushi hoye gelo.,False,False
normal,"Kotha bolte ichche korche, phone korbo ekhon?",Banglish,"Kotha bolte ichche korche, phone korbo ekhon?",False,False
normal,"খালা, আগামী সপ্তাহে আপনার বাসায় বেড়াতে যাবো।",Bengali,"খালা, আগামী সপ্তাহে আপনার বাসায় বেড়াতে যাবো।",False,False
normal,01827283951 number-e call korun.,Banglish,[PHONE] number-e call korun.,False,True
normal,tomar kaj kemon cholche?,Banglish,tomar kaj kemon cholche?,False,False
normal,Ajker rastar jam dekhe amar matha gorom hoye jacchilo. Metro use kore porte gelo ektu bhalo lagse. Bus e jete gele aro deri hoto.,Banglish,Ajker rastar jam dekhe amar matha gorom hoye jacchilo. Metro use kore porte gelo ektu bhalo lagse. Bus e jete gele aro deri hoto.,False,False
normal,তুমি কি গতকাল নতুন সিনেমাটা দেখেছো? সবাই বলছে খুব ভালো হয়েছে।,Bengali,তুমি কি গতকাল নতুন সিনেমাটা দেখেছো? সবাই বলছে খুব ভালো হয়েছে।,False,False
normal,"দোস্ত, আজ বিকেলে ফুটবল খেলা দেখবো। তোমার বাসায় আসবো।",Bengali,"দোস্ত, আজ বিকেলে ফুটবল খেলা দেখবো। তোমার বাসায় আসবো।",False,False
normal,"Kalke shopping korte jabo, tui ashte parbi?",Banglish,"Kalke shopping korte jabo, tui ashte parbi?",False,False
normal,Ajke ki shopping korte jabe?,Banglish,Ajke ki shopping korte jabe?,False,False
normal,Tomar priyo utsob ki?,Banglish,Tomar priyo utsob ki?,False,False
normal,"Bondhu ekhane weather khub thanda, jacket niye asho.",Banglish,"Bondhu ekhane weather khub thanda, jacket niye asho.",False,False
normal,Apnar chele ki valo ache? Onek din dekhi na.,Banglish,Apnar chele ki valo ache? Onek din dekhi na.,False,False
normal,Tumi ki shopping e gesho?,Banglish,Tumi ki shopping e gesho?,False,False
normal,"প্রিয় শিক্ষার্থী, আপনার টিউশন ফি আজ পর্যন্ত ২৭,৯৫০.০০ টাকা বকেয়া আছে। (পূর্বের লেট ফাইন ও বকেয়াসহ) চলতি মাসের টিউশন ফি (জরিমানা ছাড়া) ২২ই সেপ্টেম্বর, ২০২৪ মধ্যে পরিশোধ করুন। বিস্তারিত https://student.northsouth.edu.bd/ লগইন করুন। (North South)",Bengali,"প্রিয় শিক্ষার্থী, আপনার টিউশন ফি আজ পর্যন্ত ২৭,৯৫০.০০ টাকা বকেয়া আছে। (পূর্বের লেট ফাইন ও বকেয়াসহ) চলতি মাসের টিউশন ফি (জরিমানা ছাড়া) ২২ই সেপ্টেম্বর, ২০২৪ মধ্যে পরিশোধ করুন। বিস্তারিত [URL] লগইন করুন। (North South)",True,False
normal,"দোস্ত, আজ আমার জন্মদিন। সন্ধ্যায় পার্টি আছে। আসবে তো?",Bengali,"দোস্ত, আজ আমার জন্মদিন। সন্ধ্যায় পার্টি আছে। আসবে তো?",False,False
normal,আমি সব সময় আমার সমস্যার জন্য সমাধান দিতে চাই।,Bengali,আমি সব সময় আমার সমস্যার জন্য সমাধান দিতে চাই।,False,False
normal,Greetings!,English,Greetings!,False,False
normal,আপনার ভাইকে message পাঠিয়েছেন কি? He didn’t reply yet।,CodeMix,আপনার ভাইকে message পাঠিয়েছেন কি? He didn’t reply yet।,False,False
normal,"Kalke amader plan chilo Bashundhara City shopping jabar, kintu amar khub jor hoye gelo tai jete parlam na. Tore sathe ekdom shopping korte parina. Chai amra abar ekta din fix kori ar boro adda dei.",Banglish,"Kalke amader plan chilo Bashundhara City shopping jabar, kintu amar khub jor hoye gelo tai jete parlam na. Tore sathe ekdom shopping korte parina. Chai amra abar ekta din fix kori ar boro adda dei.",False,False
normal,"বন্ধু, Sunday picnic plan ঠিক করেছো কি? আমরা early morning বের হবো, Let’s discuss route এবং food arrangement",CodeMix,"বন্ধু, Sunday picnic plan ঠিক করেছো কি? আমরা early morning বের হবো, Let’s discuss route এবং food arrangement",False,False
normal,কালকে class এ আসবা তো? Let’s go together বাসা থেকে।,CodeMix,কালকে class এ আসবা তো? Let’s go together বাসা থেকে।,False,False
normal,01827283963 number-এ call করুন।,CodeMix,[PHONE] number-এ call করুন।,False,True
normal,Thanks for the amazing wedding photos! You captured all the beautiful moments perfectly.,English,Thanks for the amazing wedding photos! You captured all the beautiful moments perfectly.,False,False
normal,Bhaiya bhortir jonno ki babar ay er shonod dite i hoy?? Bolben ektu,Banglish,Bhaiya bhortir jonno ki babar ay er shonod dite i hoy?? Bolben ektu,False,False
normal,"তুমি কি meeting টা advance করতে পারবে? I have another commitment, এক ঘণ্টা early হবে?",CodeMix,"তুমি কি meeting টা advance করতে পারবে? I have another commitment, এক ঘণ্টা early হবে?",False,False
normal,Are you going to the city?,English,Are you going to the city?,False,False
normal,Inaya amar sathe cartoon dekhe onek moja korlo. She abar ekta notun gaan shikhse ar amader ke shunalo. Amar din bright hoye gelo.,Banglish,Inaya amar sathe cartoon dekhe onek moja korlo. She abar ekta notun gaan shikhse ar amader ke shunalo. Amar din bright hoye gelo.,False,False
normal,"দাদা, আজ আবহাওয়া খুব খারাপ। বের হওয়ার দরকার নেই।",Bengali,"দাদা, আজ আবহাওয়া খুব খারাপ। বের হওয়ার দরকার নেই।",False,False
normal,Do you have a story for me?,English,Do you have a story for me?,False,False
normal,How can online elections be conducted?,English,How can online elections be conducted?,False,False
normal,আজকে অফিসে ভীষণ ব্যস্ত ছিলাম। দুপুরে ঠিকমতো খেতেও পারিনি। তুমি কেমন আছো?,Bengali,আজকে অফিসে ভীষণ ব্যস্ত ছিলাম। দুপুরে ঠিকমতো খেতেও পারিনি। তুমি কেমন আছো?,False,False
normal,আজকে অনেকদিন পর এক আত্মীয়ের সাথে দেখা হলো। সবাই মিলে আড্ডা দিলাম। ছোটবেলার গল্পগুলো মনে পড়ে যাচ্ছিলো।,Bengali,আজকে অনেকদিন পর এক আত্মীয়ের সাথে দেখা হলো। সবাই মিলে আড্ডা দিলাম। ছোটবেলার গল্পগুলো মনে পড়ে যাচ্ছিলো।,False,False
normal,I'm going to the mall। তুমি কি আমার সাথে আসতে চাও?,CodeMix,I'm going to the mall। তুমি কি আমার সাথে আসতে চাও?,False,False
normal,আজ দুপুরে বাজারে গেলাম। সবজির দাম অনেক বেড়ে গেছে।,Bengali,আজ দুপুরে বাজারে গেলাম। সবজির দাম অনেক বেড়ে গেছে।,False,False
normal,আমি একটি new work start করতে চাই।,CodeMix,আমি একটি new work start করতে চাই।,False,False
normal,"বন্ধু, Sunday picnic এর জন্য plan ঠিক করেছো কি? আমরা early morning বের হব, Let’s discuss route এবং food arrangement",CodeMix,"বন্ধু, Sunday picnic এর জন্য plan ঠিক করেছো কি? আমরা early morning বের হব, Let’s discuss route এবং food arrangement",False,False
normal,Weekend e movie night plan kora holo. Amra ek sathe popcorn banabo ar horror movie dekbo. Tui ready toh?,Banglish,Weekend e movie night plan kora holo. Amra ek sathe popcorn banabo ar horror movie dekbo. Tui ready toh?,False,False
normal,আশা করি তোমার জীবন সমৃদ্ধ হোক!,Bengali,আশা করি তোমার জীবন সমৃদ্ধ হোক!,False,False
normal,শুভ নববর্ষ!,Bengali,শুভ নববর্ষ!,False,False
normal,শুভ ক্রিসমাস!,Bengali,শুভ ক্রিসমাস!,False,False
normal,I want to start a new job.,English,I want to start a new job.,False,False
normal,Ami amar parer jonno na.,Banglish,Ami amar parer jonno na.,False,False
normal,কালকে class এ আসবে? আমরা বাসা থেকে একসাথে যাই। After class coffee খেতে যেতে পারি,CodeMix,কালকে class এ আসবে? আমরা বাসা থেকে একসাথে যাই। After class coffee খেতে যেতে পারি,False,False
normal,"আজকে নতুন রেস্টুরেন্টে খেতে গিয়েছিলাম। খাবারের স্বাদ বেশ ভালো, দামও খুব বেশি না। ভাবছি আবারও যাবো।",Bengali,"আজকে নতুন রেস্টুরেন্টে খেতে গিয়েছিলাম। খাবারের স্বাদ বেশ ভালো, দামও খুব বেশি না। ভাবছি আবারও যাবো।",False,False
normal,Success-এর জন্য তুমি যদি dishonesty-র আশ্রয় নিয়ে থাকো তবে মনে রেখো তুমি successful নও। — Thomas Carlyle,CodeMix,Success-এর জন্য তুমি যদি dishonesty-র আশ্রয় নিয়ে থাকো তবে মনে রেখো তুমি successful নও। — Thomas Carlyle,False,False
normal,Book reading পরিবার construction-এর জন্য time দিতে চাই।,CodeMix,Book reading পরিবার construction-এর জন্য time দিতে চাই।,False,False
normal,তুমি কি রবিবার বাসায় আসবে? মা অনেকদিন ধরে তোমার সাথে দেখা করতে চাচ্ছে।,Bengali,তুমি কি রবিবার বাসায় আসবে? মা অনেকদিন ধরে তোমার সাথে দেখা করতে চাচ্ছে।,False,False
normal,কবে তোমাকে দেখা হবে? আমি এখানে আসতে চেষ্টা করবো। তুমি?,Bengali,কবে তোমাকে দেখা হবে? আমি এখানে আসতে চেষ্টা করবো। তুমি?,False,False
normal,Looking forward to our reunion tomorrow. It's been ages since we all met together.,English,Looking forward to our reunion tomorrow. It's been ages since we all met together.,False,False
normal,মেজবান পাখি পক্ষে প্রিয় প্রেমের একটি দৃশ্য বিশ্বাস করা হয়।,Bengali,মেজবান পাখি পক্ষে প্রিয় প্রেমের একটি দৃশ্য বিশ্বাস করা হয়।,False,False
normal,Kalke amar phone kharap hoye gelo. Repair korte jete holo New Market. Mechanic bolse motherboard change korte hobe.,Banglish,Kalke amar phone kharap hoye gelo. Repair korte jete holo New Market. Mechanic bolse motherboard change korte hobe.,False,False
normal,Barite ekta notun gari ashche.,Banglish,Barite ekta notun gari ashche.,False,False
normal,Call me urgently at this number 01724839856.,English,Call me urgently at this number [PHONE] .,False,True
normal,"Ami office এ busy ছিলাম, but evening free। Shall we meet?",CodeMix,"Ami office এ busy ছিলাম, but evening free। Shall we meet?",False,False
normal,"Hi, কেমন আছো?",CodeMix,"Hi, কেমন আছো?",False,False
normal,01672582978 ei number e rocket e 200 taka pathan.,Banglish,[PHONE] ei number e rocket e 200 taka pathan.,False,True
normal,Send the money via bKash or Rocket to this number: 017291828181,English,Send the money via bKash or Rocket to this number: [PHONE],False,True
normal,Thanks for the wonderful dinner invitation! The food was delicious and the company was even better.,English,Thanks for the wonderful dinner invitation! The food was delicious and the company was even better.,False,False
normal,"Dhorjo dhoro, bhalo shomoy ashbe.",Banglish,"Dhorjo dhoro, bhalo shomoy ashbe.",False,False
normal,"Shukrobar bazar e giye onek taka khoroch hoilo. Shobji, machh, mangsho kina holo. Kintu shob fresh chhilo.",Banglish,"Shukrobar bazar e giye onek taka khoroch hoilo. Shobji, machh, mangsho kina holo. Kintu shob fresh chhilo.",False,False
normal,"Dear student, your tuition fee is due TK32,450.00 till today. (Including previous late fine and dues) Pay the current month's tuition fee (without penalty) by September 10, 2024. For details log in to https://student.iubat.edu.bd/ (IUBAT)",English,"Dear student, your tuition fee is due TK32,450.00 till today. (Including previous late fine and dues) Pay the current month's tuition fee (without penalty) by September 10, 2024. For details log in to [URL] (IUBAT)",True,False
normal,Happy Rathyatra!,English,Happy Rathyatra!,False,False
normal,"আমি CNG এ উঠেছি, আর ৩০ minute লাগবে। Wait at gate number 3.",CodeMix,"আমি CNG এ উঠেছি, আর ৩০ minute লাগবে। Wait at gate number 3.",False,False
normal,"আব্বু, গাড়ির তেল শেষ। কাল সকালে ফিল আপ করে নেবো।",Bengali,"আব্বু, গাড়ির তেল শেষ। কাল সকালে ফিল আপ করে নেবো।",False,False
normal,Ami ekta golpo porte hobe.,Banglish,Ami ekta golpo porte hobe.,False,False
normal,তোমার সাথে দেখা করতে চাই। Can we meet on Sunday?,CodeMix,তোমার সাথে দেখা করতে চাই। Can we meet on Sunday?,False,False
normal,তোমার favorite song কোনটা?,CodeMix,তোমার favorite song কোনটা?,False,False
normal,কেমন আছেন?,Bengali,কেমন আছেন?,False,False
normal,তোমার দিন কেমন গেছে?,Bengali,তোমার দিন কেমন গেছে?,False,False
normal,আজ বিকেলে এক কাপ কফি খেতে খেতে পুরোনো দিনের কথা মনে পড়ছিলো। স্কুল জীবনের আড্ডাগুলো ভীষণ মিস করছি।,Bengali,আজ বিকেলে এক কাপ কফি খেতে খেতে পুরোনো দিনের কথা মনে পড়ছিলো। স্কুল জীবনের আড্ডাগুলো ভীষণ মিস করছি।,False,False
normal,Hope you're feeling better today. Take rest and don't worry about work for now.,English,Hope you're feeling better today. Take rest and don't worry about work for now.,False,False
normal,This is a part of IQ test phase.,English,This is a part of IQ test phase.,False,False
normal,কালকে storm warning আছে। Should we postpone our river trip?,CodeMix,কালকে storm warning আছে। Should we postpone our river trip?,False,False
normal,শুভ নববর্ষের শুভেচ্ছা!,Bengali,শুভ নববর্ষের শুভেচ্ছা!,False,False
normal,আমার নাম্বারে ০১৭৩৬৬৩৭৩৮৭ ফ্লেক্সিলোড করে দাও ৫০০ টাকা,Bengali,আমার নাম্বারে [PHONE] ফ্লেক্সিলোড করে দাও ৫০০ টাকা,False,True
normal,"Don't love like an addict, don't hate anyone destructively. - [Umar ibn al-Khattab (RA)]",English,"Don't love like an addict, don't hate anyone destructively. - [Umar ibn al-Khattab (RA)]",False,False
normal,01728291765 ei number-e rocket-e 500 taka dao.,Banglish,[PHONE] ei number-e rocket-e 500 taka dao.,False,True
normal,তুমি কি শপিং মলে যাচ্ছো?,Bengali,তুমি কি শপিং মলে যাচ্ছো?,False,False
normal,Birds sing beautifully in trees.,English,Birds sing beautifully in trees.,False,False
normal,"রহিম, তোমার projector টা কি আমি borrow করতে পারি? I need it for presentation.",CodeMix,"রহিম, তোমার projector টা কি আমি borrow করতে পারি? I need it for presentation.",False,False
normal,তুমি কি কাল সকালে ক্লাসে যাবে? স্যার কুইজ নেবেন বলে শুনেছি।,Bengali,তুমি কি কাল সকালে ক্লাসে যাবে? স্যার কুইজ নেবেন বলে শুনেছি।,False,False
normal,Happy wedding anniversary!,English,Happy wedding anniversary!,False,False
normal,01672573873 number e druto bikash korun.,Banglish,[PHONE] number e druto bikash korun.,False,True
normal,তোমাদের দিন কেমন কাটছে?,Bengali,তোমাদের দিন কেমন কাটছে?,False,False
normal,"আমি ভালো আছি, thanks।",CodeMix,"আমি ভালো আছি, thanks।",False,False
normal,আমার house-এর আশেপাশে flowers ফোটে আছে।,CodeMix,আমার house-এর আশেপাশে flowers ফোটে আছে।,False,False
normal,আজ কি movie দেখবে?,CodeMix,আজ কি movie দেখবে?,False,False
normal,Office থেকে কখন বের হবা? Let's catch up for coffee later today।,CodeMix,Office থেকে কখন বের হবা? Let's catch up for coffee later today।,False,False
normal,Thank you for the delicious homemade cookies! They were absolutely perfect with tea.,English,Thank you for the delicious homemade cookies! They were absolutely perfect with tea.,False,False
normal,The weather is perfect for a picnic. Should we plan something for this weekend at Suhrawardy Park?,English,The weather is perfect for a picnic. Should we plan something for this weekend at Suhrawardy Park?,False,False
normal,Tumi kokhon ashte parbo? Ami apnar pashe royechi.,Banglish,Tumi kokhon ashte parbo? Ami apnar pashe royechi.,False,False
normal,The book club meeting was fantastic! Great discussion about the novel. Can't wait for next month's selection.,English,The book club meeting was fantastic! Great discussion about the novel. Can't wait for next month's selection.,False,False
normal,"Kalke rasta e onek traffic chhilo, kintu ek cup coffee kheye patience maintain korte parlam.",Banglish,"Kalke rasta e onek traffic chhilo, kintu ek cup coffee kheye patience maintain korte parlam.",False,False
normal,আজ বিকেলে পার্কে হাঁটতে গিয়েছিলাম। ঠাণ্ডা বাতাসে হাঁটা খুবই আরামদায়ক ছিল। অনেকদিন পর ভালো লাগলো।,Bengali,আজ বিকেলে পার্কে হাঁটতে গিয়েছিলাম। ঠাণ্ডা বাতাসে হাঁটা খুবই আরামদায়ক ছিল। অনেকদিন পর ভালো লাগলো।,False,False
normal,Kani ajke chhoto ekta chobi ankse. She ta fridge e lagano hoyeche. Khub cute lagse.,Banglish,Kani ajke chhoto ekta chobi ankse. She ta fridge e lagano hoyeche. Khub cute lagse.,False,False
normal,Call this number 01927289372.,English,Call this number [PHONE] .,False,True
normal,Je bishoye mone khotka lage se bishoyta joto ta somvob eire cholun. – [Dr. Bilal Philips],Banglish,Je bishoye mone khotka lage se bishoyta joto ta somvob eire cholun. – [Dr. Bilal Philips],False,False
normal,Training session reschedule হয়েছে। নতুন date পরে 알려বো। Please inform all teammates এবং adjust করুন accordingly,CodeMix,Training session reschedule হয়েছে। নতুন date পরে 알려বো। Please inform all teammates এবং adjust করুন accordingly,False,False
normal,Ki khobor?,Banglish,Ki khobor?,False,False
normal,"বোন, আগামীকাল তোমার জন্মদিন। কি গিফট চাও?",Bengali,"বোন, আগামীকাল তোমার জন্মদিন। কি গিফট চাও?",False,False
normal,Are you খেলা দেখছো?,CodeMix,Are you খেলা দেখছো?,False,False
normal,"No time, send money to this number: 01729182893.",English,"No time, send money to this number: [PHONE] .",False,True
normal,০১৬৭২৫৭২৯৩৮ number-এ bKash করুন।,CodeMix,[PHONE] number-এ bKash করুন।,False,True
normal,Will you go shopping today?,English,Will you go shopping today?,False,False
normal,"দাদা, আপনার অ্যাপয়েন্টমেন্ট কাল সকাল ১০টায়। ভুলে যাবেন না।",Bengali,"দাদা, আপনার অ্যাপয়েন্টমেন্ট কাল সকাল ১০টায়। ভুলে যাবেন না।",False,False
normal,I went to brown something at noon.,English,I went to brown something at noon.,False,False
normal,"Shafollota tomar dike ashbe, dhairjo dharo.",Banglish,"Shafollota tomar dike ashbe, dhairjo dharo.",False,False
normal,এমন কারো সঙ্গী হোন যিনি আপনাকে আল্লাহর কথা স্মরণ করিয়ে দেন। – [Dr. Bilal Philips],CodeMix,এমন কারো সঙ্গী হোন যিনি আপনাকে আল্লাহর কথা স্মরণ করিয়ে দেন। – [Dr. Bilal Philips],False,False
normal,"বন্ধু, পরীক্ষার প্রস্তুতি কেমন? গণিতের কোন টপিক কঠিন লাগছে?",Bengali,"বন্ধু, পরীক্ষার প্রস্তুতি কেমন? গণিতের কোন টপিক কঠিন লাগছে?",False,False
normal,Tomar courage অসাধারণ।,CodeMix,Tomar courage অসাধারণ।,False,False
normal,Kalke friend circle er shathe adda dite giyechilam Coffee House e. Khub moja holo. Tore miss korlam oikhane.,Banglish,Kalke friend circle er shathe adda dite giyechilam Coffee House e. Khub moja holo. Tore miss korlam oikhane.,False,False
normal,Sea-তে travel করতে ভালো লাগে।,CodeMix,Sea-তে travel করতে ভালো লাগে।,False,False
normal,Cricket khelbo ajke bikele? Ground book korechi already.,Banglish,Cricket khelbo ajke bikele? Ground book korechi already.,False,False
normal,আজ সকালে ঘুম থেকে উঠে দেখি বৃষ্টি হচ্ছে। চা বানিয়ে বারান্দায় বসে গান শুনছিলাম। সারাদিন এভাবেই কাটতে ইচ্ছে করছিল।,Bengali,আজ সকালে ঘুম থেকে উঠে দেখি বৃষ্টি হচ্ছে। চা বানিয়ে বারান্দায় বসে গান শুনছিলাম। সারাদিন এভাবেই কাটতে ইচ্ছে করছিল।,False,False
normal,baromash-er bondhuder shonge adda dite jacchi.,Banglish,baromash-er bondhuder shonge adda dite jacchi.,False,False
normal,Tomar ekta kotha bolo. Tomar kotha bhalo lage.,Banglish,Tomar ekta kotha bolo. Tomar kotha bhalo lage.,False,False
normal,"আপা, আজ রাতে আমার বন্ধুরা আসবে। একটু বেশি রান্না করবেন।",Bengali,"আপা, আজ রাতে আমার বন্ধুরা আসবে। একটু বেশি রান্না করবেন।",False,False
normal,Exam er preparation cholse khub tough. Sobai rat jage pore. Amar matha ekhono stable ache but tension hochhe. Tui preparation kemon kortecho?,Banglish,Exam er preparation cholse khub tough. Sobai rat jage pore. Amar matha ekhono stable ache but tension hochhe. Tui preparation kemon kortecho?,False,False
normal,Lunch-এ একটি brown করতে গিয়েছি।,CodeMix,Lunch-এ একটি brown করতে গিয়েছি।,False,False
normal,"নানু, আজ আপনার কাছে বেড়াতে যাবো। কিছু লাগবে?",Bengali,"নানু, আজ আপনার কাছে বেড়াতে যাবো। কিছু লাগবে?",False,False
normal,"I won't worry too much, everything will be fine.",English,"I won't worry too much, everything will be fine.",False,False
normal,Good night!,English,Good night!,False,False
normal,আজকে morning tea খেয়েছেন? I had black coffee today।,CodeMix,আজকে morning tea খেয়েছেন? I had black coffee today।,False,False
normal,সপ্তাহান্তে বন্ধুদের সঙ্গে পিকনিকে যাব।,Bengali,সপ্তাহান্তে বন্ধুদের সঙ্গে পিকনিকে যাব।,False,False
normal,01672563741 ei number e taka patha.,Banglish,[PHONE] ei number e taka patha.,False,True
normal,"হ্যালো, কেমন আছেন আপনি?",Bengali,"হ্যালো, কেমন আছেন আপনি?",False,False
normal,তোমার প্রিয় বই কোনটা?,Bengali,তোমার প্রিয় বই কোনটা?,False,False
normal,Bondhu hochhe kemne? Family sob thik ache?,Banglish,Bondhu hochhe kemne? Family sob thik ache?,False,False
normal,"০১৬৭২৫৮৩৭৮৯ নাম্বারে কল করুন, আমার টাকা দরকার।",Bengali,"[PHONE] নাম্বারে কল করুন, আমার টাকা দরকার।",False,True
normal,"তুমি একা নও, আমি আছি।",Bengali,"তুমি একা নও, আমি আছি।",False,False
normal,Kal rate ki korecho?,Banglish,Kal rate ki korecho?,False,False
normal,আমি এ matter-এ optimistic যে protest goal মোটেও আবার protest ডেকে আনা নয়। বরং protest এর goal হলো new কিছু এনে change সাধন করা। — Dre McKeson,CodeMix,আমি এ matter-এ optimistic যে protest goal মোটেও আবার protest ডেকে আনা নয়। বরং protest এর goal হলো new কিছু এনে change সাধন করা। — Dre McKeson,False,False
normal,"ভাই, 
Azhar ভাই আপনার সাথে meet করতে বললো। M. Phil-এর synopsis নিয়ে ",CodeMix,"ভাই, Azhar ভাই আপনার সাথে meet করতে বললো। M. Phil-এর synopsis নিয়ে",False,False
normal,"Apni jodi Islam ke chorcha na koren, doya kore Islam shomporke kichu bolte ashben na! -[Dr: Zakir Nayek]",Banglish,"Apni jodi Islam ke chorcha na koren, doya kore Islam shomporke kichu bolte ashben na! -[Dr: Zakir Nayek]",False,False
normal,Bhalo shomoy abar ashbe.,Banglish,Bhalo shomoy abar ashbe.,False,False
normal,Happy Bijoya Dashami!,English,Happy Bijoya Dashami!,False,False
normal,"Dear customer, আপনার electricity bill বাকি রয়েছে ৩০৪৫/- টাকা, quickly payment করুন।",CodeMix,"Dear customer, আপনার electricity bill বাকি রয়েছে ৩০৪৫/- টাকা, quickly payment করুন।",False,False
normal,When will we meet? I will try to come here. You?,English,When will we meet? I will try to come here. You?,False,False
normal,কালকে seminar টা কখন শুরু হবে? Please send the schedule.,CodeMix,কালকে seminar টা কখন শুরু হবে? Please send the schedule.,False,False
normal,What are you doing tomorrow?,English,What are you doing tomorrow?,False,False
normal,বিদ্যুতের চালার প্রয়োগ করা হয়।,Bengali,বিদ্যুতের চালার প্রয়োগ করা হয়।,False,False
normal,কেমন আছে তোমাদের পরিবার?,Bengali,কেমন আছে তোমাদের পরিবার?,False,False
normal,আমি আমার family এর সঙ্গে time কাটাতে চাই।,CodeMix,আমি আমার family এর সঙ্গে time কাটাতে চাই।,False,False
normal,কেমন আছে আপনার day-টি?,CodeMix,কেমন আছে আপনার day-টি?,False,False
normal,Send TK 200 to this number via Rocket: 01672582978,English,Send TK 200 to this number via Rocket: [PHONE],False,True
normal,তুমি কি বইয়ের shop-এ যাচ্ছো?,CodeMix,তুমি কি বইয়ের shop-এ যাচ্ছো?,False,False
normal,"আমি market এ যাচ্ছি, need anything? Let me know quickly.",CodeMix,"আমি market এ যাচ্ছি, need anything? Let me know quickly.",False,False
normal,এটা সালিমের নাম্বার ওকে কল দিস আসার সময় ০১৭৩৮৮৩৮৮৩৮,Bengali,এটা সালিমের নাম্বার ওকে কল দিস আসার সময় [PHONE],False,True
normal,"Tumi ja korte paro, ta oshsadaron.",Banglish,"Tumi ja korte paro, ta oshsadaron.",False,False
normal,"Tomake khub miss korchi, kokhon ashbe Dhaka te?",Banglish,"Tomake khub miss korchi, kokhon ashbe Dhaka te?",False,False
normal,"আজকে অনেকদিন পর পুরোনো বন্ধুদের সাথে দেখা হলো। সবাই মিলে আড্ডা, গল্প আর হাসি-মজায় সময়টা অসাধারণ কাটলো।",Bengali,"আজকে অনেকদিন পর পুরোনো বন্ধুদের সাথে দেখা হলো। সবাই মিলে আড্ডা, গল্প আর হাসি-মজায় সময়টা অসাধারণ কাটলো।",False,False
normal,"তোমার সামর্থ্য সীমাহীন, সামনে এগিয়ে যাও।",Bengali,"তোমার সামর্থ্য সীমাহীন, সামনে এগিয়ে যাও।",False,False
normal,What is your favorite season?,English,What is your favorite season?,False,False
normal,বিকেলে কি করছো?,Bengali,বিকেলে কি করছো?,False,False
normal,"Ajker akash khub clear, tara pura dekhte pacchi. Balcony te cha kheye relax korchi.",Banglish,"Ajker akash khub clear, tara pura dekhte pacchi. Balcony te cha kheye relax korchi.",False,False
normal,তুমি কি সমুদ্রে যাচ্ছো?,Bengali,তুমি কি সমুদ্রে যাচ্ছো?,False,False
normal,"Ei number-e 2000/- taka pathao 01739838883, bKash Rocket ba Nogod-e",Banglish,"Ei number-e 2000/- taka pathao [PHONE] , bKash Rocket ba Nogod-e",False,True
normal,I want to celebrate a new time with my family.,English,I want to celebrate a new time with my family.,False,False
normal,Ajke Bangladesh cricket match jitse West Indies er against. Sobai excitement e cheer korse. Amar khub bhalo lagse dekhe.,Banglish,Ajke Bangladesh cricket match jitse West Indies er against. Sobai excitement e cheer korse. Amar khub bhalo lagse dekhe.,False,False
normal,Online e nirbachon kibhabe kora jabe,Banglish,Online e nirbachon kibhabe kora jabe,False,False
normal,"Beshi chinta korbo na, shob thik hobe.",Banglish,"Beshi chinta korbo na, shob thik hobe.",False,False
normal,Apnar jonno ekti golpo ache?,Banglish,Apnar jonno ekti golpo ache?,False,False
normal,"You can do it, just keep at it.",English,"You can do it, just keep at it.",False,False
normal,কি করবে তুমি?,Bengali,কি করবে তুমি?,False,False
normal,Congratulations on your new baby! Both mother and child are healthy. Such wonderful news for the family!,English,Congratulations on your new baby! Both mother and child are healthy. Such wonderful news for the family!,False,False
normal,আপনি কি চিন্তা করছেন?,Bengali,আপনি কি চিন্তা করছেন?,False,False
normal,"Patience রাখো, ভালো time আসবে।",CodeMix,"Patience রাখো, ভালো time আসবে।",False,False
normal,"Hi, I'm here.",English,"Hi, I'm here.",False,False
normal,"Hello, kemon achhen?",CodeMix,"Hello, kemon achhen?",False,False
normal,"Ajke shokale khub brishti porse, college e jete parini.",Banglish,"Ajke shokale khub brishti porse, college e jete parini.",False,False
normal,Mejban pakhi pokkhe priyo premer ekti drishyo bishwas kora hoy.,Banglish,Mejban pakhi pokkhe priyo premer ekti drishyo bishwas kora hoy.,False,False
normal,There are flowers blooming around my house.,English,There are flowers blooming around my house.,False,False
normal,Are you going to the gym?,English,Are you going to the gym?,False,False
normal,Ami ajke boro diner por gym e giyechhi. Exercise kora khub hard lagse but abar fresh laglo. Tor sathe next time jabo.,Banglish,Ami ajke boro diner por gym e giyechhi. Exercise kora khub hard lagse but abar fresh laglo. Tor sathe next time jabo.,False,False
normal,How is your time passing?,English,How is your time passing?,False,False
normal,আত্মবিশ্বাস নিয়ে সামনে এগিয়ে যাও।,Bengali,আত্মবিশ্বাস নিয়ে সামনে এগিয়ে যাও।,False,False
normal,Happy New Year-র wishes!,CodeMix,Happy New Year-র wishes!,False,False
normal,I really like reading school books.,English,I really like reading school books.,False,False
normal,"Hi Rafiq, কালকের meeting time confirm করেছো কি? Planning করতে চাই, so kindly reply asap",CodeMix,"Hi Rafiq, কালকের meeting time confirm করেছো কি? Planning করতে চাই, so kindly reply asap",False,False
normal,Ajke class test unexpected easy hoilo. Sob question common chhilo. Amar matha relax hoye gelo.,Banglish,Ajke class test unexpected easy hoilo. Sob question common chhilo. Amar matha relax hoye gelo.,False,False
normal,How far is your home?,English,How far is your home?,False,False
normal,What are you planning to do?,CodeMix,What are you planning to do?,False,False
normal,কালকের training session cancel হয়েছে। নতুন date পরে জানানো হবে। Please inform all teammates এবং reschedule করুন,CodeMix,কালকের training session cancel হয়েছে। নতুন date পরে জানানো হবে। Please inform all teammates এবং reschedule করুন,False,False
normal,Tumi ki pahaare jachho?,Banglish,Tumi ki pahaare jachho?,False,False
normal,এই যা কোন অন্য জন্য এটির জন্য না কেন সেটি বিশেষ হলো তাই আমি এটি বলতে চাই।,Bengali,এই যা কোন অন্য জন্য এটির জন্য না কেন সেটি বিশেষ হলো তাই আমি এটি বলতে চাই।,False,False
normal,তুমি কি park-এ যাচ্ছো?,CodeMix,তুমি কি park-এ যাচ্ছো?,False,False
normal,সকাল সকাল ঘুম ভাঙলো। জানালার বাইরে প্রচুর বৃষ্টি হচ্ছে। মনে হচ্ছে আজকে বাইরে যাওয়া ঠিক হবে না।,Bengali,সকাল সকাল ঘুম ভাঙলো। জানালার বাইরে প্রচুর বৃষ্টি হচ্ছে। মনে হচ্ছে আজকে বাইরে যাওয়া ঠিক হবে না।,False,False
normal,"01873827384 ei number-e call korun, jururi.",Banglish,"[PHONE] ei number-e call korun, jururi.",False,True
normal,কাল রাতে বাংলাদেশ আর ভারতের খেলা দেখলাম। ম্যাচটা একেবারে উত্তেজনাপূর্ণ ছিল।,Bengali,কাল রাতে বাংলাদেশ আর ভারতের খেলা দেখলাম। ম্যাচটা একেবারে উত্তেজনাপূর্ণ ছিল।,False,False
normal,আমি wrong মনে হয় এবং আমি এটি solve করতে চাই।,CodeMix,আমি wrong মনে হয় এবং আমি এটি solve করতে চাই।,False,False
normal,Good times will come again.,English,Good times will come again.,False,False
normal,"Believe in yourself, everything is possible.",English,"Believe in yourself, everything is possible.",False,False
normal,"সাহস রেখো, success তোমার অপেক্ষায়।",CodeMix,"সাহস রেখো, success তোমার অপেক্ষায়।",False,False
normal,Ajker dinner e chicken roast banano hoilo. Sobai sathe boshe moja kore kheyechi. Maa’r haater ranna ekdom special.,Banglish,Ajker dinner e chicken roast banano hoilo. Sobai sathe boshe moja kore kheyechi. Maa’r haater ranna ekdom special.,False,False
normal,০১৮২৭২৮৩৯৬২ নাম্বারে কল করুন।,Bengali,[PHONE] নাম্বারে কল করুন।,False,True
normal,"Apnar payment baki 800/- taka, druto porishod korun.",Banglish,"Apnar payment baki 800/- taka, druto porishod korun.",False,False
normal,তোমার প্রিয় জায়গা কোথায়?,Bengali,তোমার প্রিয় জায়গা কোথায়?,False,False
normal,"আজকে আমি tired, can we reschedule our plan?",CodeMix,"আজকে আমি tired, can we reschedule our plan?",False,False
normal,"Ajker din ta puro busy chhilo university er assignments complete korte giye. Rasta jam chhilo, kintu matha clear kore kaj shesh korte parlam.",Banglish,"Ajker din ta puro busy chhilo university er assignments complete korte giye. Rasta jam chhilo, kintu matha clear kore kaj shesh korte parlam.",False,False
normal,"রাগ করে কখনো loved one-কে কষ্ট দিতে নেই। রাগ কমিয়ে বেশি ignore করতে নেই, ভালোবাসার মানুষকে। এতে করে life-এর সবচেয়ে valuable জিনিস, loved one-কে হারাতে হয়।",CodeMix,"রাগ করে কখনো loved one-কে কষ্ট দিতে নেই। রাগ কমিয়ে বেশি ignore করতে নেই, ভালোবাসার মানুষকে। এতে করে life-এর সবচেয়ে valuable জিনিস, loved one-কে হারাতে হয়।",False,False
normal,তুমি কি ট্রেনে যাচ্ছো?,Bengali,তুমি কি ট্রেনে যাচ্ছো?,False,False
normal,House-এ একটি নতুন car আসছে।,CodeMix,House-এ একটি নতুন car আসছে।,False,False
normal,"Jururi, 01672572938 number-e bKash korun.",Banglish,"Jururi, [PHONE] number-e bKash korun.",False,True
normal,Aj khub thanda hochche.,Banglish,Aj khub thanda hochche.,False,False
normal,আসসালামুয়ালাইকুম।,Bengali,আসসালামুয়ালাইকুম।,False,False
normal,Did you finish the assignment? I'm struggling with the last question.,English,Did you finish the assignment? I'm struggling with the last question.,False,False
normal,What can I do?,English,What can I do?,False,False
normal,তুমি কি book পড়ছো?,CodeMix,তুমি কি book পড়ছো?,False,False
normal,শুভ বিজয়া দশমী!,Bengali,শুভ বিজয়া দশমী!,False,False
normal,"I am fine, thank you.",English,"I am fine, thank you.",False,False
normal,"Bhai khana kheyecho? Ami ekhon office theke berochhi, raste dekha hobe?",Banglish,"Bhai khana kheyecho? Ami ekhon office theke berochhi, raste dekha hobe?",False,False
normal,০১৭৩৮২৯৩৭৬৫ এই নাম্বারে রকেটে টাকা পাঠান।,Bengali,[PHONE] এই নাম্বারে রকেটে টাকা পাঠান।,False,True
normal,তুমি কি college-এ যাচ্ছো?,CodeMix,তুমি কি college-এ যাচ্ছো?,False,False
normal,Send money to my number 01972771714,English,Send money to my number [PHONE],False,True
normal,Tomar protibha osadharon.,Banglish,Tomar protibha osadharon.,False,False
normal,আমি যে অনেক sadness এবং reasons পেয়েছি সেটি হল special time সম্পর্কে আমি আবার বলতে চাই।,CodeMix,আমি যে অনেক sadness এবং reasons পেয়েছি সেটি হল special time সম্পর্কে আমি আবার বলতে চাই।,False,False
normal,সব কিছু ঠিক হয়ে যাবে।,Bengali,সব কিছু ঠিক হয়ে যাবে।,False,False
normal,শুভ Kolkata-র কল্যাণ fair!,CodeMix,শুভ Kolkata-র কল্যাণ fair!,False,False
normal,০১৬৭২৫৮৩৯৮৭ নাম্বারে টাকা পাঠাও।,Bengali,[PHONE] নাম্বারে টাকা পাঠাও।,False,True
normal,"Apnar account theke 2000/- taka kata hoyeche, bistareet jante call korun.",Banglish,"Apnar account theke 2000/- taka kata hoyeche, bistareet jante call korun.",False,False
normal,"Emon du'ti niyamot ache, je du'tote odhikangsho manush khotigrosto. Ta hocche, shushthota ar oboshor. - [Muhammad (Sa)]",Banglish,"Emon du'ti niyamot ache, je du'tote odhikangsho manush khotigrosto. Ta hocche, shushthota ar oboshor. - [Muhammad (Sa)]",False,False
normal,Aj belay ami school e giyechilam.,Banglish,Aj belay ami school e giyechilam.,False,False
normal,Did you see the news about the new metro rail? Exciting times!,English,Did you see the news about the new metro rail? Exciting times!,False,False
normal,Ami shob shomoy amar shomoshyar jonno shomadhan dite chai.,Banglish,Ami shob shomoy amar shomoshyar jonno shomadhan dite chai.,False,False
normal,সকালটা ভালো গেল? My morning was hectic।,CodeMix,সকালটা ভালো গেল? My morning was hectic।,False,False
normal,তুমি কি launch ghat এ পৌঁছেছ? Let me know when boat arrives.,CodeMix,তুমি কি launch ghat এ পৌঁছেছ? Let me know when boat arrives.,False,False
normal,আজ bike ride করতে যাই? Weather অনেক সুন্দর। তুমি join করছো কি? Let’s meet at usual spot ৬:৩০ am,CodeMix,আজ bike ride করতে যাই? Weather অনেক সুন্দর। তুমি join করছো কি? Let’s meet at usual spot ৬:৩০ am,False,False
normal,I want to organize a conference of a new institution.,English,I want to organize a conference of a new institution.,False,False
normal,"আপনি যদি ইসলামকে চর্চা না করেন, দয়াকরে ইসলাম সম্পর্কে কিছু বলতে আসবেন না! -[ডা: জাকির নায়িক]",Bengali,"আপনি যদি ইসলামকে চর্চা না করেন, দয়াকরে ইসলাম সম্পর্কে কিছু বলতে আসবেন না! -[ডা: জাকির নায়িক]",False,False
normal,The homemade sweets were delicious! Grandma's recipe always brings back such wonderful childhood memories.,English,The homemade sweets were delicious! Grandma's recipe always brings back such wonderful childhood memories.,False,False
normal,Happy birthday! Hope you have a wonderful day filled with joy and laughter.,English,Happy birthday! Hope you have a wonderful day filled with joy and laughter.,False,False
normal,Call number 01827283951.,English,Call number [PHONE] .,False,True
normal,তোমার প্রিয় রঙ কি?,Bengali,তোমার প্রিয় রঙ কি?,False,False
normal,Call me at this number 01729182893.,English,Call me at this number [PHONE] .,False,True
normal,০১৭২৯১৭৩৮৪৯ এই নাম্বারে কল করুন।,Bengali,[PHONE] এই নাম্বারে কল করুন।,False,True
normal,"তুমি অনেক শক্তিশালী, তুমি পারবে।",Bengali,"তুমি অনেক শক্তিশালী, তুমি পারবে।",False,False
normal,আজ bike ride করতে যাই? Weather খুব সুন্দর। তুমি join করছো কি? Let’s meet at usual spot,CodeMix,আজ bike ride করতে যাই? Weather খুব সুন্দর। তুমি join করছো কি? Let’s meet at usual spot,False,False
normal,"Sorry, আমার roommates অনেক time নিয়েছিল, এখন যেতে পারি?",CodeMix,"Sorry, আমার roommates অনেক time নিয়েছিল, এখন যেতে পারি?",False,False
normal,তোমার জন্য একটি story আছে?,CodeMix,তোমার জন্য একটি story আছে?,False,False
normal,01672573851 number-e bKash korun.,Banglish,[PHONE] number-e bKash korun.,False,True
normal,কালকে event টা কখন শুরু হবে? Please confirm time.,CodeMix,কালকে event টা কখন শুরু হবে? Please confirm time.,False,False
normal,"প্রিয় student, আপনার tuition fee আজ পর্যন্ত ৩২,৪৫০.০০ টাকা due আছে। (পূর্বের late fine ও বকেয়াসহ) চলতি মাসের tuition fee (জরিমানা ছাড়া) ১০ই September, ২০২৪ মধ্যে payment করুন। বিস্তারিত https://student.iubat.edu.bd/ login করুন। (IUBAT)",CodeMix,"প্রিয় student, আপনার tuition fee আজ পর্যন্ত ৩২,৪৫০.০০ টাকা due আছে। (পূর্বের late fine ও বকেয়াসহ) চলতি মাসের tuition fee (জরিমানা ছাড়া) ১০ই September, ২০২৪ মধ্যে payment করুন। বিস্তারিত [URL] login করুন। (IUBAT)",True,False
normal,তোমার favorite season কোনটা?,CodeMix,তোমার favorite season কোনটা?,False,False
normal,"আপনার একাউন্ট থেকে ৩০০০/- টাকা কাটা হয়েছে, কল করুন।",Bengali,"আপনার একাউন্ট থেকে ৩০০০/- টাকা কাটা হয়েছে, কল করুন।",False,False
normal,"Tui ajke class miss korli. Sir khub interesting lecture dilen blockchain niye. Ami shob note korechi, pore toke debo.",Banglish,"Tui ajke class miss korli. Sir khub interesting lecture dilen blockchain niye. Ami shob note korechi, pore toke debo.",False,False
normal,Are you going to the concert?,English,Are you going to the concert?,False,False
normal,Tumi ki concert এ যাচ্ছো?,CodeMix,Tumi ki concert এ যাচ্ছো?,False,False
normal,"01827283873 ei number-e call korun, joruri.",Banglish,"[PHONE] ei number-e call korun, joruri.",False,True
normal,আমরা শুক্রবার গ্রামের বাড়ি যাচ্ছি। মাছ ধরার প্ল্যান আছে। তুমি আসবে তো?,Bengali,আমরা শুক্রবার গ্রামের বাড়ি যাচ্ছি। মাছ ধরার প্ল্যান আছে। তুমি আসবে তো?,False,False
normal,"আজকে traffic jam, I will be late.",CodeMix,"আজকে traffic jam, I will be late.",False,False
normal,"প্রিয় গ্রাহক, আপনার বিদ্যুৎ বিল বাকি রয়েছে ৩০৪৫/- টাকা, জলদি পরিশোধ করুন।",Bengali,"প্রিয় গ্রাহক, আপনার বিদ্যুৎ বিল বাকি রয়েছে ৩০৪৫/- টাকা, জলদি পরিশোধ করুন।",False,False
normal,Are you going to university?,English,Are you going to university?,False,False
normal,Birds sing in the trees.,English,Birds sing in the trees.,False,False
normal,"প্রিয় student, আপনার tuition fee আজ পর্যন্ত ২০,৫০০.০০ টাকা বকেয়া আছে। (পূর্বের late fine ও বকেয়াসহ) চলতি মাসের tuition fee (জরিমানা ছাড়া) ১৫ই September, ২০২৪ মধ্যে পরিশোধ করুন। বিস্তারিত https://student.aiub.edu.bd/ login করুন। (AIUB)",CodeMix,"প্রিয় student, আপনার tuition fee আজ পর্যন্ত ২০,৫০০.০০ টাকা বকেয়া আছে। (পূর্বের late fine ও বকেয়াসহ) চলতি মাসের tuition fee (জরিমানা ছাড়া) ১৫ই September, ২০২৪ মধ্যে পরিশোধ করুন। বিস্তারিত [URL] login করুন। (AIUB)",True,False
normal,সমুদ্রে ভ্রমণ করতে ভালো লাগে।,Bengali,সমুদ্রে ভ্রমণ করতে ভালো লাগে।,False,False
normal,"Ei weather e cha khete mon chache, cafe jabo?",Banglish,"Ei weather e cha khete mon chache, cafe jabo?",False,False
normal,আমি যেন তোমার কাছে কিছু বলতে পারি।,Bengali,আমি যেন তোমার কাছে কিছু বলতে পারি।,False,False
normal,This hardship will also pass.,English,This hardship will also pass.,False,False
normal,আজ সকালে হাঁটতে বের হয়েছিলাম। ঠাণ্ডা বাতাসে মনটা ফ্রেশ হয়ে গেলো। দিনের শুরুটা সুন্দর হলো।,Bengali,আজ সকালে হাঁটতে বের হয়েছিলাম। ঠাণ্ডা বাতাসে মনটা ফ্রেশ হয়ে গেলো। দিনের শুরুটা সুন্দর হলো।,False,False
normal,শুভ Christmas!,CodeMix,শুভ Christmas!,False,False
normal,Tomar priyo boi konta?,Banglish,Tomar priyo boi konta?,False,False
normal,Thanks for listening when I needed someone to talk to. Your friendship means everything.,English,Thanks for listening when I needed someone to talk to. Your friendship means everything.,False,False
normal,"০১৮৭৩৮২৮১৯৩ নাম্বারে বিকাশ করুন, তাড়াতাড়ি।",Bengali,"[PHONE] নাম্বারে বিকাশ করুন, তাড়াতাড়ি।",False,True
normal,"Hi, who are you?",English,"Hi, who are you?",False,False
normal,Tumi ki park-e jachcho?,Banglish,Tumi ki park-e jachcho?,False,False
normal,"Rag kore kokhono bhalobashar manushke kosto dite nei. Rag kore beshi obhela korte nei, bhalobashar manushke. Ete kore jiboner shobcheye dami jinish, bhalobashar manushke harate hoy.",Banglish,"Rag kore kokhono bhalobashar manushke kosto dite nei. Rag kore beshi obhela korte nei, bhalobashar manushke. Ete kore jiboner shobcheye dami jinish, bhalobashar manushke harate hoy.",False,False
normal,আপনি কি করছেন?,Bengali,আপনি কি করছেন?,False,False
normal,tomar din kemon katche?,Banglish,tomar din kemon katche?,False,False
normal,The wedding ceremony was beautiful. Thank you for inviting me.,English,The wedding ceremony was beautiful. Thank you for inviting me.,False,False
normal,তোমার SIM change হয়েছে? I tried calling but number not reachable.,CodeMix,তোমার SIM change হয়েছে? I tried calling but number not reachable.,False,False
normal,"আপনার বিদ্যুৎ বিল বাকি ৯৫০/- টাকা, জলদি পরিশোধ করুন।",Bengali,"আপনার বিদ্যুৎ বিল বাকি ৯৫০/- টাকা, জলদি পরিশোধ করুন।",False,False
normal,আজকের class কেমন হলো?,CodeMix,আজকের class কেমন হলো?,False,False
normal,আজ বিকেলে পার্কে হাঁটতে গিয়েছিলাম। বাতাসে হাঁটা খুব আরামদায়ক ছিল।,Bengali,আজ বিকেলে পার্কে হাঁটতে গিয়েছিলাম। বাতাসে হাঁটা খুব আরামদায়ক ছিল।,False,False
normal,I'm taking a cooking class to learn authentic Bangladeshi recipes.,English,I'm taking a cooking class to learn authentic Bangladeshi recipes.,False,False
normal,"Shob kichhu thik hoye jabe, dhairjo dharo.",Banglish,"Shob kichhu thik hoye jabe, dhairjo dharo.",False,False
normal,Tomar ekhon ki kaj hocche?,Banglish,Tomar ekhon ki kaj hocche?,False,False
normal,"মামা, Eid gift buy করতে হবে। Shall we go together to Bashundhara Shopping Mall? Enjoy shopping time।",CodeMix,"মামা, Eid gift buy করতে হবে। Shall we go together to Bashundhara Shopping Mall? Enjoy shopping time।",False,False
normal,"সব ঠিক হয়ে যাবে, চিন্তা কোরো না।",Bengali,"সব ঠিক হয়ে যাবে, চিন্তা কোরো না।",False,False
normal,Happy Boishakhi!,English,Happy Boishakhi!,False,False
normal,আজ তোমার স্কুলের কী কাজ হয়েছে?,Bengali,আজ তোমার স্কুলের কী কাজ হয়েছে?,False,False
normal,"They want to suppress our brothers and sisters by showing fear of death, yet behind us are hundreds of memories like Badr, Khandaq, Tabuk. - [Poet Al Mahmud]",English,"They want to suppress our brothers and sisters by showing fear of death, yet behind us are hundreds of memories like Badr, Khandaq, Tabuk. - [Poet Al Mahmud]",False,False
normal,"Whenever I mention money, he gets up and leaves, I owe him 3 lakh taka",English,"Whenever I mention money, he gets up and leaves, I owe him 3 lakh taka",False,False
normal,Amar priyo manush jara jibon niye amar poribarre shomoshya ache sheguloke ami shomadhan korte chai.,Banglish,Amar priyo manush jara jibon niye amar poribarre shomoshya ache sheguloke ami shomadhan korte chai.,False,False
normal,আজকে কি পড়ছো?,Bengali,আজকে কি পড়ছো?,False,False
normal,আজ দুপুরে অফিসে প্রচুর চাপ ছিল। বস আবার নতুন প্রজেক্ট নিয়ে মিটিং ডাকলো।,Bengali,আজ দুপুরে অফিসে প্রচুর চাপ ছিল। বস আবার নতুন প্রজেক্ট নিয়ে মিটিং ডাকলো।,False,False
normal,Dinner কোথায় খাবো? I am thinking Chinese বা Bengali food আজ।,CodeMix,Dinner কোথায় খাবো? I am thinking Chinese বা Bengali food আজ।,False,False
normal,"Time নাই, তাড়াতাড়ি money পাঠাও, Bkash ০১৯৩৭৩৮২৮৯৩।",CodeMix,"Time নাই, তাড়াতাড়ি money পাঠাও, Bkash [PHONE] ।",False,True
normal,এই যা কোন other জন্য এটির জন্য না কেন সেটি special হলো তাই আমি এটি বলতে চাই।,CodeMix,এই যা কোন other জন্য এটির জন্য না কেন সেটি special হলো তাই আমি এটি বলতে চাই।,False,False
normal,আজকে কি free আছো? I need to talk to you about our team project।,CodeMix,আজকে কি free আছো? I need to talk to you about our team project।,False,False
normal,০১৯২৭২৮৯৩৭২ এই number-এ call করুন।,CodeMix,[PHONE] এই number-এ call করুন।,False,True
normal,I am going to the market in the morning.,English,I am going to the market in the morning.,False,False
normal,"আপনার বিদ্যুৎ বিল বাকি আছে ৭২০০/- টাকা, জরুরি।",Bengali,"আপনার বিদ্যুৎ বিল বাকি আছে ৭২০০/- টাকা, জরুরি।",False,False
normal,Shubho Eid-ul-Fitr!,Banglish,Shubho Eid-ul-Fitr!,False,False
normal,আমি morning-এ market-এ যাচ্ছি।,CodeMix,আমি morning-এ market-এ যাচ্ছি।,False,False
normal,Shubho Durga Puja!,Banglish,Shubho Durga Puja!,False,False
normal,"জরুরি, ০১৬৭২৫৭২৯৩৮ নাম্বারে বিকাশ করুন।",Bengali,"জরুরি, [PHONE] নাম্বারে বিকাশ করুন।",False,True
normal,"এই নাম্বারে ২০০০/- টাকা পাঠাও ০১৭৩৯৮৩৮৮৩ , বিকাশ রকেট বা নগদে",Bengali,"এই নাম্বারে ২০০০/- টাকা পাঠাও [PHONE] , বিকাশ রকেট বা নগদে",False,True
normal,Basay khub shanti ache.,Banglish,Basay khub shanti ache.,False,False
normal,তোমার লক্ষ্যে পৌঁছাতে ধৈর্য ধরো।,Bengali,তোমার লক্ষ্যে পৌঁছাতে ধৈর্য ধরো।,False,False
normal,ki hocche shob amake bolo.,Banglish,ki hocche shob amake bolo.,False,False
normal,01672582978 এই number এ Rocket এ 200 TK পাঠান।,CodeMix,[PHONE] এই number এ Rocket এ 200 TK পাঠান।,False,True
normal,01927283871 ei number e rocket e 500 taka pathan.,Banglish,[PHONE] ei number e rocket e 500 taka pathan.,False,True
normal,"Dear student, your tuition fee is 27,950.00 taka overdue till today. (Including previous late fines and dues) Pay this month's tuition fee (without fine) by September 22, 2024. For details login https://student.northsouth.edu.bd/ (North South)",English,"Dear student, your tuition fee is 27,950.00 taka overdue till today. (Including previous late fines and dues) Pay this month's tuition fee (without fine) by September 22, 2024. For details login [URL] (North South)",True,False
normal,Congratulations on completing your PhD! Dr. Rahman sounds perfect. So proud of your academic achievement!,English,Congratulations on completing your PhD! Dr. Rahman sounds perfect. So proud of your academic achievement!,False,False
normal,Apni ki korchen?,Banglish,Apni ki korchen?,False,False
normal,What shall we do today?,English,What shall we do today?,False,False
normal,আমার নতুন ল্যাপটপটা সত্যিই অসাধারণ। গতকাল সেটআপ করে কাজ শুরু করেছি। এখন প্রোগ্রামিং করা অনেক সহজ লাগছে। তুমি চাইলে একদিন দেখে যেতে পারো।,Bengali,আমার নতুন ল্যাপটপটা সত্যিই অসাধারণ। গতকাল সেটআপ করে কাজ শুরু করেছি। এখন প্রোগ্রামিং করা অনেক সহজ লাগছে। তুমি চাইলে একদিন দেখে যেতে পারো।,False,False
normal,ami ekti barta pachhi ei ja kono apni hol ei ja pelam ei ja shomadhan dey ei ja onnano ekti shomadhan dey.,Banglish,ami ekti barta pachhi ei ja kono apni hol ei ja pelam ei ja shomadhan dey ei ja onnano ekti shomadhan dey.,False,False
normal,The morning walk was refreshing! Perfect weather and great company. Let's make this a regular habit.,English,The morning walk was refreshing! Perfect weather and great company. Let's make this a regular habit.,False,False
normal,আমি অনেক সময় meet করার মধ্যে realize করি তা হল আমি একটি great এবং আমি অন্য matter-এর মধ্যে আমার love-এর invitation দিতে পারি।,CodeMix,আমি অনেক সময় meet করার মধ্যে realize করি তা হল আমি একটি great এবং আমি অন্য matter-এর মধ্যে আমার love-এর invitation দিতে পারি।,False,False
normal,I want to give time to the most beautiful family work.,English,I want to give time to the most beautiful family work.,False,False
normal,"তুমি নিজের উপর trust রাখো, সব কিছু possible।",CodeMix,"তুমি নিজের উপর trust রাখো, সব কিছু possible।",False,False
normal,খালার bill টা দিলে help হইতো দিতে পারতেছিনা একটু help করো খালার bill টা দিয়ে দেই,CodeMix,খালার bill টা দিলে help হইতো দিতে পারতেছিনা একটু help করো খালার bill টা দিয়ে দেই,False,False
normal,আজ কি করবে? কোনো নতুন কোনো কাজ পালন করবো। তুমি?,Bengali,আজ কি করবে? কোনো নতুন কোনো কাজ পালন করবো। তুমি?,False,False
normal,Are you going to the theater?,English,Are you going to the theater?,False,False
normal,Sei byakti-i obyshato je more jay othoch tar kharap kajgulo prithibite roye jay. — [Abu Bakr (Radiallahu Anhu)],Banglish,Sei byakti-i obyshato je more jay othoch tar kharap kajgulo prithibite roye jay. — [Abu Bakr (Radiallahu Anhu)],False,False
normal,Kalke shopping korte jabo Bashundhara City te. Tui ki free? Amra ek sathe giye dekhte pari new collections.,Banglish,Kalke shopping korte jabo Bashundhara City te. Tui ki free? Amra ek sathe giye dekhte pari new collections.,False,False
normal,Aj tomar pashe thakte pari na. Ami apnar pashe royechi.,Banglish,Aj tomar pashe thakte pari na. Ami apnar pashe royechi.,False,False
normal,I go to the field about once a week.,English,I go to the field about once a week.,False,False
normal,"আপনার due TK800, please pay it soon।",CodeMix,"আপনার due TK800, please pay it soon।",False,False
normal,How is your pet?,English,How is your pet?,False,False
normal,Are you going to the party?,English,Are you going to the party?,False,False
normal,"Tawhid hollo shomosto doa, shomosto kannakaati, shahajjo cheye shomosto abedone, shomosto asha ebong shokol kollaner agomon o shokol khoti nibaroner jonno prarthona onno keu noy borongi kebolei Allahor uddeshye hote hobe. - [Imam Muhammad Ali Ash-Shawkani (Al Dur Al-Nadid)]",Banglish,"Tawhid hollo shomosto doa, shomosto kannakaati, shahajjo cheye shomosto abedone, shomosto asha ebong shokol kollaner agomon o shokol khoti nibaroner jonno prarthona onno keu noy borongi kebolei Allahor uddeshye hote hobe. - [Imam Muhammad Ali Ash-Shawkani (Al Dur Al-Nadid)]",False,False
normal,আপনি কেমন আছেন?,Bengali,আপনি কেমন আছেন?,False,False
normal,সন্ধ্যায় বন্ধুরা নিয়ে ক্যাফেতে আড্ডা দিলাম। অনেকদিন পর গল্প করলাম।,Bengali,সন্ধ্যায় বন্ধুরা নিয়ে ক্যাফেতে আড্ডা দিলাম। অনেকদিন পর গল্প করলাম।,False,False
normal,What's the news?,English,What's the news?,False,False
normal,"Tumi osadharon, nijer upor bishash rakho.",Banglish,"Tumi osadharon, nijer upor bishash rakho.",False,False
normal,"Suffering will take suffering, various kinds of suffering exist, suffering will take suffering! Red suffering, blue suffering, raw yellow colored suffering, stone-pressed green grass white suffering, black suffering in the light 'multi-color' suffering exists, suffering will take suffering. -Helal Hafiz",English,"Suffering will take suffering, various kinds of suffering exist, suffering will take suffering! Red suffering, blue suffering, raw yellow colored suffering, stone-pressed green grass white suffering, black suffering in the light 'multi-color' suffering exists, suffering will take suffering. -Helal Hafiz",False,False
normal,Happy Pohela Boishakh greetings and best wishes!,English,Happy Pohela Boishakh greetings and best wishes!,False,False
normal, সেই ব্যক্তিই অভিশপ্ত যে মরে যায় অথচ তার খারাপ কাজগুলো পৃথিবীতে রয়ে যায়। — [আবু বকর (রাদিয়াল্লাহু আনহু)],Bengali,সেই ব্যক্তিই অভিশপ্ত যে মরে যায় অথচ তার খারাপ কাজগুলো পৃথিবীতে রয়ে যায়। — [আবু বকর (রাদিয়াল্লাহু আনহু)],False,False
normal,তোমার ভাইবোন কেমন আছে?,Bengali,তোমার ভাইবোন কেমন আছে?,False,False
normal,পাখিরা গাছে গান গায়।,Bengali,পাখিরা গাছে গান গায়।,False,False
normal,তুমি কি lunch করতে এসেছ? I was waiting.,CodeMix,তুমি কি lunch করতে এসেছ? I was waiting.,False,False
normal,Kal ki korbo?,Banglish,Kal ki korbo?,False,False
normal,Hard work is the way to success।,CodeMix,Hard work is the way to success।,False,False
normal,"You're not alone, I'm here.",English,"You're not alone, I'm here.",False,False
normal,আমার বাড়ির আশেপাশে ফুল ফোটে আছে।,Bengali,আমার বাড়ির আশেপাশে ফুল ফোটে আছে।,False,False
normal,"Tui ajke class e gelo? Sir onek interesting topic niye porashona dilen, jeta ami age konodin sunini. Amar mone hochhe tumi enjoy korta, kintu tumi miss kore geli.",Banglish,"Tui ajke class e gelo? Sir onek interesting topic niye porashona dilen, jeta ami age konodin sunini. Amar mone hochhe tumi enjoy korta, kintu tumi miss kore geli.",False,False
normal,Do you want to stay here?,English,Do you want to stay here?,False,False
normal,Ajker rastar jam ekdom unbearable chhilo. Bus e boshe 2 ghonta waste hoise. Metro use korle eto time waste hoto na. Amar matha gorom hoye geche.,Banglish,Ajker rastar jam ekdom unbearable chhilo. Bus e boshe 2 ghonta waste hoise. Metro use korle eto time waste hoto na. Amar matha gorom hoye geche.,False,False
normal,Onayyoer proti anugatyo shomman er pothe badha hoye darate pare. — Shonggrihito,Banglish,Onayyoer proti anugatyo shomman er pothe badha hoye darate pare. — Shonggrihito,False,False
normal,কি খবর?,Bengali,কি খবর?,False,False
normal,Raysha ajke mathay rong tullo diye painting korte bosechilo. Chhoto rongin haat diye o drawing korte giye chhoto mess banai dise. Khub cute laglo.,Banglish,Raysha ajke mathay rong tullo diye painting korte bosechilo. Chhoto rongin haat diye o drawing korte giye chhoto mess banai dise. Khub cute laglo.,False,False
normal,আমি যে অনেক দুঃখ এবং কারণ পেয়েছি সেটি হল বিশেষ সময় সম্পর্কে আমি আবার বলতে চাই।,Bengali,আমি যে অনেক দুঃখ এবং কারণ পেয়েছি সেটি হল বিশেষ সময় সম্পর্কে আমি আবার বলতে চাই।,False,False
normal,আজকে dinner plan কি? তুমি cook করতে চাও নাকি outside order করি? Let me know before ৮ pm,CodeMix,আজকে dinner plan কি? তুমি cook করতে চাও নাকি outside order করি? Let me know before ৮ pm,False,False
normal,Tumi shafollatar jonne toiri.,Banglish,Tumi shafollatar jonne toiri.,False,False
normal,"Hi, what's happening?",English,"Hi, what's happening?",False,False
normal,Weekend e amra plan korte pari ekta movie dekhte. Tui ki free thakbi? Jodi thakis amra ek sathe plan korte pari.,Banglish,Weekend e amra plan korte pari ekta movie dekhte. Tui ki free thakbi? Jodi thakis amra ek sathe plan korte pari.,False,False
normal,What will you eat at night?,English,What will you eat at night?,False,False
normal,Ami shokale bajare jachchi.,Banglish,Ami shokale bajare jachchi.,False,False
normal,"তুমি alone নও, আমরা সবাই তোমার পাশে আছি।",CodeMix,"তুমি alone নও, আমরা সবাই তোমার পাশে আছি।",False,False
normal,Do you want আমার কাছে আসতে?,CodeMix,Do you want আমার কাছে আসতে?,False,False
normal,Birthday party তে তুমি আসছো তো? Everyone is excited to see you there।,CodeMix,Birthday party তে তুমি আসছো তো? Everyone is excited to see you there।,False,False
normal,The surprise farewell gathering was touching! Everyone will miss you greatly. Keep in touch always.,English,The surprise farewell gathering was touching! Everyone will miss you greatly. Keep in touch always.,False,False
normal,আমার একটি problem আছে।,CodeMix,আমার একটি problem আছে।,False,False
normal,আসসালামু আলাইকুম। আপনি কেমন আছেন? অনেক দিন খোঁজ নিই না।,Bengali,আসসালামু আলাইকুম। আপনি কেমন আছেন? অনেক দিন খোঁজ নিই না।,False,False
normal,"Everything will be alright, be patient.",English,"Everything will be alright, be patient.",False,False
normal,তুমি কি ক্যাফেতে যাচ্ছো?,Bengali,তুমি কি ক্যাফেতে যাচ্ছো?,False,False
normal,০১৭২৯১৭৩৮৬২ নাম্বারে রকেটে টাকা পাঠান।,Bengali,[PHONE] নাম্বারে রকেটে টাকা পাঠান।,False,True
normal,Baba aj bari r pashe royechen.,Banglish,Baba aj bari r pashe royechen.,False,False
normal,The weather forecast shows rain all week. Good thing we finished the outdoor work yesterday.,English,The weather forecast shows rain all week. Good thing we finished the outdoor work yesterday.,False,False
normal,Inaya ajke amar sathe school e onek moja korse. She abar ekta chhoto rhyme shikhlo and amader ke geye shunalo. Khub cute laglo.,Banglish,Inaya ajke amar sathe school e onek moja korse. She abar ekta chhoto rhyme shikhlo and amader ke geye shunalo. Khub cute laglo.,False,False
normal,তোমার day কেমন গেছে?,CodeMix,তোমার day কেমন গেছে?,False,False
normal,Apnar garir servicing er shomoyshima shesh hoye geche. Druto jogajog korun 01876543210.,Banglish,Apnar garir servicing er shomoyshima shesh hoye geche. Druto jogajog korun [PHONE] .,False,True
normal,তুমি কি train এ যাচ্ছো?,CodeMix,তুমি কি train এ যাচ্ছো?,False,False
normal,Tui ki ajke GP er offer check korso? Amar mone hoy tor mobile e ekta discount ache. Ami use kore onek data peye gelam.,Banglish,Tui ki ajke GP er offer check korso? Amar mone hoy tor mobile e ekta discount ache. Ami use kore onek data peye gelam.,False,False
normal,তোমার পোষা প্রাণী কেমন আছে?,Bengali,তোমার পোষা প্রাণী কেমন আছে?,False,False
normal,"Oh, আমি series গুলো watch করতে শুরু করেছি, কিন্তু এখন sports আর traveling ছাড়া time পাচ্ছি না। Mr. Robot season 2 শুরু করেছি, hacking নিয়ে, বেশ realistic। তবে work-এর মধ্যে break দেওয়া difficult।",CodeMix,"Oh, আমি series গুলো watch করতে শুরু করেছি, কিন্তু এখন sports আর traveling ছাড়া time পাচ্ছি না। Mr. Robot season 2 শুরু করেছি, hacking নিয়ে, বেশ realistic। তবে work-এর মধ্যে break দেওয়া difficult।",False,False
normal,আমার কি করতে হবে tell me।,CodeMix,আমার কি করতে হবে tell me।,False,False
normal,"আম্মু, আমি বাসে উঠেছি। রাত ১০টার মধ্যে পৌঁছাবো।",Bengali,"আম্মু, আমি বাসে উঠেছি। রাত ১০টার মধ্যে পৌঁছাবো।",False,False
normal,"Ektu pore call korbo, ekhon meeting e asi.",Banglish,"Ektu pore call korbo, ekhon meeting e asi.",False,False
normal,"Ashokter moto bhalobashben na, dhongshatmokbhabe kauke ghrina korben na. - [Umar Ibnul Khattab (Ra:)]",Banglish,"Ashokter moto bhalobashben na, dhongshatmokbhabe kauke ghrina korben na. - [Umar Ibnul Khattab (Ra:)]",False,False
normal,তুমি কি অফিসে যাচ্ছো?,Bengali,তুমি কি অফিসে যাচ্ছো?,False,False
normal,আজ বৃষ্টি হচ্ছে। ক্লাস বাতিল হয়েছে কিনা জানো?,Bengali,আজ বৃষ্টি হচ্ছে। ক্লাস বাতিল হয়েছে কিনা জানো?,False,False
normal,Ajke raat e cricket match er jonno sobai excited chilo. Bangladesh vs India chilo. Last moment e hara gelo but crowd er support khub bhalo chilo.,Banglish,Ajke raat e cricket match er jonno sobai excited chilo. Bangladesh vs India chilo. Last moment e hara gelo but crowd er support khub bhalo chilo.,False,False
normal,emon karor shongi hon je apnake Allahor kotha smoron koriye dey. - [Dr. Bilal Phillips],Banglish,emon karor shongi hon je apnake Allahor kotha smoron koriye dey. - [Dr. Bilal Phillips],False,False
normal,"Everything ঠিকঠাক হবে, চিন্তা করো না।",CodeMix,"Everything ঠিকঠাক হবে, চিন্তা করো না।",False,False
normal,"Power হলো sun-এর light-এর মতো, তাতে কেউ enlightened হয় আবার কেউ burn হয়ে শেষ হয়ে যায়।",CodeMix,"Power হলো sun-এর light-এর মতো, তাতে কেউ enlightened হয় আবার কেউ burn হয়ে শেষ হয়ে যায়।",False,False
normal,How is your work going?,English,How is your work going?,False,False
normal,The homemade biryani smells incredible! Can't wait for dinner. You're such an amazing chef always.,English,The homemade biryani smells incredible! Can't wait for dinner. You're such an amazing chef always.,False,False
normal,কেমন কাটছে দিনটা?,Bengali,কেমন কাটছে দিনটা?,False,False
normal,"Ajke purata din shohor ghure beralam. Kothay kothay jam lagse, ekhon abar khub tired lagche. Ami rest nite chai.",Banglish,"Ajke purata din shohor ghure beralam. Kothay kothay jam lagse, ekhon abar khub tired lagche. Ami rest nite chai.",False,False
normal,শুভ Lakshmi Puja!,CodeMix,শুভ Lakshmi Puja!,False,False
normal,Ajke friend circle er sathe park e boshe onek golpo holo. Cha ar chips kheye adda holo. Amar din ta boro moja diye katlo.,Banglish,Ajke friend circle er sathe park e boshe onek golpo holo. Cha ar chips kheye adda holo. Amar din ta boro moja diye katlo.,False,False
normal,তুমি কি শহরে যাচ্ছো?,Bengali,তুমি কি শহরে যাচ্ছো?,False,False
normal,টাকাটা বিকাশে বা রকেটে দিবেন নাম্বার ০১৭২৯১৮২৮১৮১,Bengali,টাকাটা বিকাশে বা রকেটে দিবেন নাম্বার [PHONE],False,True
normal,আমি তোমাকে একটি story শুনাতে চাই।,CodeMix,আমি তোমাকে একটি story শুনাতে চাই।,False,False
normal,dhonnobad bhai.,Banglish,dhonnobad bhai.,False,False
normal,"TK 3000 has been deducted from your account, please call.",English,"TK 3000 has been deducted from your account, please call.",False,False
normal,I'm thinking of going to Cox's Bazar next month. Want to join?,English,I'm thinking of going to Cox's Bazar next month. Want to join?,False,False
normal,তোমার সকল ইচ্ছা পূরণ হোক!,Bengali,তোমার সকল ইচ্ছা পূরণ হোক!,False,False
normal,The morning jog felt great today! Thanks for motivating me to maintain healthy exercise habits regularly.,English,The morning jog felt great today! Thanks for motivating me to maintain healthy exercise habits regularly.,False,False
normal,কালকে class এ আসবা তো? আমরা বাসা থেকে একসাথে যাই। After class coffee খেতে যেতে পারি।,CodeMix,কালকে class এ আসবা তো? আমরা বাসা থেকে একসাথে যাই। After class coffee খেতে যেতে পারি।,False,False
normal,আমি আমার জীবনের প্রধান আমাদের সঙ্গে সময় কাটাতে চাই।,Bengali,আমি আমার জীবনের প্রধান আমাদের সঙ্গে সময় কাটাতে চাই।,False,False
normal,আজকে কি শপিং করতে যাবে?,Bengali,আজকে কি শপিং করতে যাবে?,False,False
normal,Let's meet for coffee tomorrow. আমার অনেক কথা বলার আছে।,CodeMix,Let's meet for coffee tomorrow. আমার অনেক কথা বলার আছে।,False,False
normal,"আব্দুল, কাল রাতে সিনেমা দেখতে যাবে নাকি? ‘হাওয়া’ চলছে স্টার সিনেপ্লেক্সে, টিকিট বুক করি?",Bengali,"আব্দুল, কাল রাতে সিনেমা দেখতে যাবে নাকি? ‘হাওয়া’ চলছে স্টার সিনেপ্লেক্সে, টিকিট বুক করি?",False,False
normal,"Hi, কি তুমি?",CodeMix,"Hi, কি তুমি?",False,False
normal,তুমি কি restaurant এ যাচ্ছো?,CodeMix,তুমি কি restaurant এ যাচ্ছো?,False,False
normal,Are you free this weekend? Let's catch up over tea.,English,Are you free this weekend? Let's catch up over tea.,False,False
normal,I went to school this afternoon.,English,I went to school this afternoon.,False,False
normal,"কি খবর, হ্যালো?",Bengali,"কি খবর, হ্যালো?",False,False
normal,তুমি কি পার্কে যাচ্ছো?,Bengali,তুমি কি পার্কে যাচ্ছো?,False,False
normal,০১৭৩৮২৭৩৮২৮ এই নাম্বারে জরুরি টাকা পাঠান।,Bengali,[PHONE] এই নাম্বারে জরুরি টাকা পাঠান।,False,True
normal,Shubho jonmodin!,Banglish,Shubho jonmodin!,False,False
normal,"Shob thik hoye jabe, shahosh rekho.",Banglish,"Shob thik hoye jabe, shahosh rekho.",False,False
normal,How is your family doing?,English,How is your family doing?,False,False
normal,এই trouble-টাও কেটে যাবে।,CodeMix,এই trouble-টাও কেটে যাবে।,False,False
normal,অফিস থেকে কখন বের হবা? Let's catch up for coffee later।,CodeMix,অফিস থেকে কখন বের হবা? Let's catch up for coffee later।,False,False
normal,মিঠু ভাইয়ের number-এ টাকা দিয়ে তারপর আসিস।,CodeMix,মিঠু ভাইয়ের number-এ টাকা দিয়ে তারপর আসিস।,False,False
normal,Shubho soptaher prothom din!,Banglish,Shubho soptaher prothom din!,False,False
normal,এটি IQ পরীক্ষা পর্বের একটি অংশ।,Bengali,এটি IQ পরীক্ষা পর্বের একটি অংশ।,False,False
normal,Call me at 01724383987,English,Call me at [PHONE],False,True
normal,"Your due is TK800/-, please pay quickly.",English,"Your due is TK800/-, please pay quickly.",False,False
normal,Thanks for the delicious lunch! The fish curry was perfectly spiced. Please share the recipe with me.,English,Thanks for the delicious lunch! The fish curry was perfectly spiced. Please share the recipe with me.,False,False
normal,"দাদু, আজ আপনার জন্য মিষ্টি এনেছি। খুশি হবেন।",Bengali,"দাদু, আজ আপনার জন্য মিষ্টি এনেছি। খুশি হবেন।",False,False
normal,Good morning! How did your job interview go yesterday?,English,Good morning! How did your job interview go yesterday?,False,False
normal,তুমি কি market যাবে? I need to buy things.,CodeMix,তুমি কি market যাবে? I need to buy things.,False,False
normal,Kobe tomake dekha hobe? Ami ekhane ashte cheshta korbo. Tumi?,Banglish,Kobe tomake dekha hobe? Ami ekhane ashte cheshta korbo. Tumi?,False,False
normal,তুমি কি airport এ যাবে? My flight arrives at 9 PM.,CodeMix,তুমি কি airport এ যাবে? My flight arrives at 9 PM.,False,False
normal,কাল কি করব?,Bengali,কাল কি করব?,False,False
normal,"আম্মা তোমাকে খুঁজছিলো। সে বললো, দুপুরে ফোন করতে ভুলোনা।",Bengali,"আম্মা তোমাকে খুঁজছিলো। সে বললো, দুপুরে ফোন করতে ভুলোনা।",False,False
normal,"Ektu age tor message dekhlam, kintu meeting er jonne reply dite parini. Sorry re bhai. Tor kache ki amar assignment er file ache? Ami download korte partesi na.",Banglish,"Ektu age tor message dekhlam, kintu meeting er jonne reply dite parini. Sorry re bhai. Tor kache ki amar assignment er file ache? Ami download korte partesi na.",False,False
normal,"Success আসবে, patience রাখো।",CodeMix,"Success আসবে, patience রাখো।",False,False
normal,Hard work is the path to success.,English,Hard work is the path to success.,False,False
normal,What are you reading?,English,What are you reading?,False,False
normal,The book club discussion was fascinating! Great insights about the novel. Looking forward to next meeting.,English,The book club discussion was fascinating! Great insights about the novel. Looking forward to next meeting.,False,False
normal,"কালকে load shedding হওয়ায় class cancel, so we can play cricket.",CodeMix,"কালকে load shedding হওয়ায় class cancel, so we can play cricket.",False,False
normal,"আপনার account থেকে 3000/- taka কাটা হয়েছে, call করুন।",CodeMix,"আপনার account থেকে 3000/- taka কাটা হয়েছে, call করুন।",False,False
normal,Adhika school e ajke drawing competition e participate korse. O ekta rongin bird er chhobi akse. Sobai appreciate korse. Tore dekhale tumi enjoy korba.,Banglish,Adhika school e ajke drawing competition e participate korse. O ekta rongin bird er chhobi akse. Sobai appreciate korse. Tore dekhale tumi enjoy korba.,False,False
normal,"মা, market থেকে কিছু vegetables আনতে হবে। I will pay cash, আর তুমি কি fruits ও আনবে?",CodeMix,"মা, market থেকে কিছু vegetables আনতে হবে। I will pay cash, আর তুমি কি fruits ও আনবে?",False,False
normal,"আপনার due ৫০০০/- TK, quickly pay করুন।",CodeMix,"আপনার due ৫০০০/- TK, quickly pay করুন।",False,False
normal,ভালোবাসা খুব দামী জিনিস। যত্ন করে রাখতে হয়। কারন ভালোবাশা একবার হারিয়ে গেলে জীবনে আর কোনো দিন ফিরে পাওয়া যায় না।,Bengali,ভালোবাসা খুব দামী জিনিস। যত্ন করে রাখতে হয়। কারন ভালোবাশা একবার হারিয়ে গেলে জীবনে আর কোনো দিন ফিরে পাওয়া যায় না।,False,False
normal,"Be patient, everything will be fine.",English,"Be patient, everything will be fine.",False,False
normal,আশা করি তোমার সমস্ত ইচ্ছা পূরণ হোক!,Bengali,আশা করি তোমার সমস্ত ইচ্ছা পূরণ হোক!,False,False
normal," তারা আমাদের brothers-sisters-দের death-এর fear দেখিয়ে suppress করতে চায়, অথচ আমাদের behind রয়েছে Badr, Khandaq, Tabuk-এর মতো hundreds memories। - [Poet Al Mahmud]",CodeMix,"তারা আমাদের brothers-sisters-দের death-এর fear দেখিয়ে suppress করতে চায়, অথচ আমাদের behind রয়েছে Badr, Khandaq, Tabuk-এর মতো hundreds memories। - [Poet Al Mahmud]",False,False
normal,It gets very hot without rain.,English,It gets very hot without rain.,False,False
normal,"Shobkichu thikthak hobe, chinta koro na.",Banglish,"Shobkichu thikthak hobe, chinta koro na.",False,False
normal,শুভ রমজানের রহমতের মাস!,Bengali,শুভ রমজানের রহমতের মাস!,False,False
normal,আজকে কি রান্না করবে?,Bengali,আজকে কি রান্না করবে?,False,False
normal,Are you with family?,English,Are you with family?,False,False
normal,"বন্ধু, আজ সন্ধ্যায় ক্রিকেট খেলতে মাঠে আসবে?",Bengali,"বন্ধু, আজ সন্ধ্যায় ক্রিকেট খেলতে মাঠে আসবে?",False,False
normal,Exam preparation er karone amar raat jaga cholche. Tor preparation kemon hocche? Bhalo practice korteso to?,Banglish,Exam preparation er karone amar raat jaga cholche. Tor preparation kemon hocche? Bhalo practice korteso to?,False,False
normal,"হাই, কি খবর?",Bengali,"হাই, কি খবর?",False,False
normal,Thanks for being such an amazing friend. Your support means the world to me.,English,Thanks for being such an amazing friend. Your support means the world to me.,False,False
normal,The morning walk was refreshing! Perfect weather and great company as always.,English,The morning walk was refreshing! Perfect weather and great company as always.,False,False
normal,"Kokhono mone hoy shob je distractoin, ei mobile internet ei online duniya, shobai emon bhabe bhitore dhukshe je eshob chara single ekta day spend kora kothin",Banglish,"Kokhono mone hoy shob je distractoin, ei mobile internet ei online duniya, shobai emon bhabe bhitore dhukshe je eshob chara single ekta day spend kora kothin",False,False
normal,The homemade cake looks absolutely delicious! Your baking skills keep getting better every time you try.,English,The homemade cake looks absolutely delicious! Your baking skills keep getting better every time you try.,False,False
normal,"প্রিয় শিক্ষার্থী, আপনার টিউশন ফি আজ পর্যন্ত ৩০,৪৫০.০০ টাকা বকেয়া আছে। (পূর্বের লেট ফাইন ও বকেয়াসহ) চলতি মাসের টিউশন ফি (জরিমানা ছাড়া) ১৮ই সেপ্টেম্বর, ২০২৪ মধ্যে পরিশোধ করুন। বিস্তারিত https://student.daffodil.edu.bd/ লগইন করুন। (Daffodil)",Bengali,"প্রিয় শিক্ষার্থী, আপনার টিউশন ফি আজ পর্যন্ত ৩০,৪৫০.০০ টাকা বকেয়া আছে। (পূর্বের লেট ফাইন ও বকেয়াসহ) চলতি মাসের টিউশন ফি (জরিমানা ছাড়া) ১৮ই সেপ্টেম্বর, ২০২৪ মধ্যে পরিশোধ করুন। বিস্তারিত [URL] লগইন করুন। (Daffodil)",True,False
normal,Adhika school e ajke notun rhyme shikhe abar sobai ke shunalo. Teacher o onek appreciate korlo. Amra onek proud feel korlam. Tumi ashle tomar sathe o share kortam.,Banglish,Adhika school e ajke notun rhyme shikhe abar sobai ke shunalo. Teacher o onek appreciate korlo. Amra onek proud feel korlam. Tumi ashle tomar sathe o share kortam.,False,False
normal,Are you going to the restaurant?,English,Are you going to the restaurant?,False,False
normal,Apni ki khobor?,Banglish,Apni ki khobor?,False,False
normal,A new car is coming to the house.,English,A new car is coming to the house.,False,False
normal,কি খবর তোমাদের?,Bengali,কি খবর তোমাদের?,False,False
normal,I'm thinking of adopting a cat from the animal shelter.,English,I'm thinking of adopting a cat from the animal shelter.,False,False
normal,"হাই, কেমন কাটছে দিনটি?",Bengali,"হাই, কেমন কাটছে দিনটি?",False,False
normal,Golden evening!,English,Golden evening!,False,False
normal,শুভ পয়লা বৈশাখ!,Bengali,শুভ পয়লা বৈশাখ!,False,False
normal,Happy New Year!,English,Happy New Year!,False,False
normal,তোমার talent সীমাহীন।,CodeMix,তোমার talent সীমাহীন।,False,False
normal,"Apnar payment baki achhe, 01728273819 taka pathan.",Banglish,"Apnar payment baki achhe, [PHONE] taka pathan.",False,True
normal,আপনার due money quickly send করুন 01728272938।,CodeMix,আপনার due money quickly send করুন [PHONE] ।,False,True
normal,Don't worry about the exam results. You did your best and that's what matters most.,English,Don't worry about the exam results. You did your best and that's what matters most.,False,False
normal,Tumi ki gym e jachho?,Banglish,Tumi ki gym e jachho?,False,False
normal,আজ দুপুরে হঠাৎ বন্ধুর ফোন পেলাম। অনেকদিন পর কথা হলো।,Bengali,আজ দুপুরে হঠাৎ বন্ধুর ফোন পেলাম। অনেকদিন পর কথা হলো।,False,False
normal,"এই ০১৭৮২৯৭৩৭৮৩ নাম্বারে কল ব্যাক কর, আমার টাকা নাই",Bengali,"এই [PHONE] নাম্বারে কল ব্যাক কর, আমার টাকা নাই",False,True
normal,Kani school e ajke science fair e participate korse. She ekta chhoto project banai je ta onek lok dekhe admire korse. Teacher bolse next level e participate korte.,Banglish,Kani school e ajke science fair e participate korse. She ekta chhoto project banai je ta onek lok dekhe admire korse. Teacher bolse next level e participate korte.,False,False
normal,Call this number 01827283962.,English,Call this number [PHONE] .,False,True
normal,"Shahos rekho, shafollota tomar opekkhay.",Banglish,"Shahos rekho, shafollota tomar opekkhay.",False,False
normal,"tumi ja korte chaibe, ta parbe.",Banglish,"tumi ja korte chaibe, ta parbe.",False,False
normal,০১৬৭২৫৭৩৮৫১ নাম্বারে বিকাশ করুন।,Bengali,[PHONE] নাম্বারে বিকাশ করুন।,False,True
normal,"রহিম, তোমার book টা কি আমি borrow করতে পারি? I need it for study.",CodeMix,"রহিম, তোমার book টা কি আমি borrow করতে পারি? I need it for study.",False,False
normal,আজ রাতে হোটেল সোনারগাঁ-তে ডিনারের প্ল্যান করেছি। চাইলে তুমি আসতে পারো।,Bengali,আজ রাতে হোটেল সোনারগাঁ-তে ডিনারের প্ল্যান করেছি। চাইলে তুমি আসতে পারো।,False,False
normal,"সময় কম তাড়াতাড়ি টাকা পাঠাও,  আমি চলে যাবো, আমার বিকাশ ০১৭২৮২৮৮২৯২",Bengali,"সময় কম তাড়াতাড়ি টাকা পাঠাও, আমি চলে যাবো, আমার বিকাশ [PHONE]",False,True
normal,Amar barir ashepashe phul phote ache.,Banglish,Amar barir ashepashe phul phote ache.,False,False
normal,আপনি কি করতে পারেন?,Bengali,আপনি কি করতে পারেন?,False,False
normal,তোমার এখন কি কাজ হচ্ছে?,Bengali,তোমার এখন কি কাজ হচ্ছে?,False,False
normal,Can you believe it's already December? This year went by so fast.,English,Can you believe it's already December? This year went by so fast.,False,False
normal,"Kalke school e Sadika Khan Inaaya er annual sports day chilo. She race e second hoyeche, amar onek proud laglo. Tore o ekdin dekhabo video ta.",Banglish,"Kalke school e Sadika Khan Inaaya er annual sports day chilo. She race e second hoyeche, amar onek proud laglo. Tore o ekdin dekhabo video ta.",False,False
normal,"প্রিয় student, আপনার tuition fee আজ পর্যন্ত ২২,৯০০.০০ TK বকেয়া আছে। (previous late fee সহ) current month-এর tuition fee (without fine) ২০ September, ২০২৪ মধ্যে pay করুন। Details https://student.ulab.edu.bd/ login করুন। (ULAB)",CodeMix,"প্রিয় student, আপনার tuition fee আজ পর্যন্ত ২২,৯০০.০০ TK বকেয়া আছে। (previous late fee সহ) current month-এর tuition fee (without fine) ২০ September, ২০২৪ মধ্যে pay করুন। Details [URL] login করুন। (ULAB)",True,False
normal,Boi porar poribar nirman er jonno shomoy dite chai.,Banglish,Boi porar poribar nirman er jonno shomoy dite chai.,False,False
normal,"সব কিছু ঠিক হয়ে যাবে, সাহস রেখো।",Bengali,"সব কিছু ঠিক হয়ে যাবে, সাহস রেখো।",False,False
normal,Ajker rastar jam unbearable chhilo. Office pouchote 2 ghonta laglo. Stress full day.,Banglish,Ajker rastar jam unbearable chhilo. Office pouchote 2 ghonta laglo. Stress full day.,False,False
normal,Tumi ki ranna korcho?,Banglish,Tumi ki ranna korcho?,False,False
normal,আজ সকালে I had a coffee।,CodeMix,আজ সকালে I had a coffee।,False,False
normal,তোমার সাহস অসাধারণ।,Bengali,তোমার সাহস অসাধারণ।,False,False
normal,Thanks for the homemade sweets! They were delicious and reminded me of grandmother's recipes.,English,Thanks for the homemade sweets! They were delicious and reminded me of grandmother's recipes.,False,False
normal,Are you going by bus?,English,Are you going by bus?,False,False
normal,Give money to Hasan's number then come.,English,Give money to Hasan's number then come.,False,False
normal,"ভাই, আজ আমার পরীক্ষা ভালো হয়েছে। সব প্রশ্নের উত্তর দিতে পেরেছি।",Bengali,"ভাই, আজ আমার পরীক্ষা ভালো হয়েছে। সব প্রশ্নের উত্তর দিতে পেরেছি।",False,False
normal,Kaj kibhabe cholchhe?,Banglish,Kaj kibhabe cholchhe?,False,False
normal,আজকে বাজারে গিয়ে দেখলাম সবজির দাম অনেক বেড়ে গেছে। কচুপাতা পর্যন্ত ৫০ টাকা কেজি।,Bengali,আজকে বাজারে গিয়ে দেখলাম সবজির দাম অনেক বেড়ে গেছে। কচুপাতা পর্যন্ত ৫০ টাকা কেজি।,False,False
normal,"আজ বিশেষ দিন, আমি বাড়িতে বসে আছি।",Bengali,"আজ বিশেষ দিন, আমি বাড়িতে বসে আছি।",False,False
normal,Can you pick up some rice from the market on your way home?,English,Can you pick up some rice from the market on your way home?,False,False
normal,"Hi Arif, কালকে library study session হবে। তুমি আসছো কি? Let’s meet around ৫ pm and discuss notes together",CodeMix,"Hi Arif, কালকে library study session হবে। তুমি আসছো কি? Let’s meet around ৫ pm and discuss notes together",False,False
normal,Ami jeno khub dukhito hoichi.,Banglish,Ami jeno khub dukhito hoichi.,False,False
normal,Shubho Pohela Boishakh!,Banglish,Shubho Pohela Boishakh!,False,False
normal,কোথায় যাচ্ছো?,Bengali,কোথায় যাচ্ছো?,False,False
normal,"01672583789 nambare call korun, amar taka dorkar.",Banglish,"[PHONE] nambare call korun, amar taka dorkar.",False,True
normal,শুভ দীপাবলী!,Bengali,শুভ দীপাবলী!,False,False
normal,তোমার সময় কোথায় যাচ্ছে?,Bengali,তোমার সময় কোথায় যাচ্ছে?,False,False
normal,Apnar pawna taka joldi pathan 01728272938.,Banglish,Apnar pawna taka joldi pathan [PHONE] .,False,True
normal,"কি খবর, হাই?",Bengali,"কি খবর, হাই?",False,False
normal,Kemon achen?,Banglish,Kemon achen?,False,False
normal,"Tomarii chokherii anginay, ekhono ki temoni kore chhoray alo? Ekhono ki tarar pane cheye thako an mone? Tumi ki amay ager moto bash bhalo?",Banglish,"Tomarii chokherii anginay, ekhono ki temoni kore chhoray alo? Ekhono ki tarar pane cheye thako an mone? Tumi ki amay ager moto bash bhalo?",False,False
normal,আজকে কি study করছো?,CodeMix,আজকে কি study করছো?,False,False
normal,01827382918 ei number e joruri taka pathan.,Banglish,[PHONE] ei number e joruri taka pathan.,False,True
normal,তুমি কি bus-এ যাচ্ছো?,CodeMix,তুমি কি bus-এ যাচ্ছো?,False,False
normal,আসসালামু আলাইকুম।,Bengali,আসসালামু আলাইকুম।,False,False
normal,Kalke amar phone kharap hoye geche. Repair korte jete holo New Market. Mechanic bolse motherboard change korte hobe.,Banglish,Kalke amar phone kharap hoye geche. Repair korte jete holo New Market. Mechanic bolse motherboard change korte hobe.,False,False
normal,"তুমি কি new series টা দেখেছ? It's trending everywhere, you should watch.",CodeMix,"তুমি কি new series টা দেখেছ? It's trending everywhere, you should watch.",False,False
normal,"আপনি যদি Islam practice না করেন, please Islam সম্পর্কে কিছু বলতে আসবেন না! -[Dr: Zakir Naik]",CodeMix,"আপনি যদি Islam practice না করেন, please Islam সম্পর্কে কিছু বলতে আসবেন না! -[Dr: Zakir Naik]",False,False
normal,I have a vision with an organization that has value with another perspective.,English,I have a vision with an organization that has value with another perspective.,False,False
normal,"সবকিছু ঠিকঠাক হবে, চিন্তা কোরো না।",Bengali,"সবকিছু ঠিকঠাক হবে, চিন্তা কোরো না।",False,False
normal,তোমার fever better হয়েছে? Drink plenty of fluids and rest.,CodeMix,তোমার fever better হয়েছে? Drink plenty of fluids and rest.,False,False
normal,তুমি কি মিটিংয়ে যাচ্ছো?,Bengali,তুমি কি মিটিংয়ে যাচ্ছো?,False,False
normal,Happy anniversary to both of you! May your love story continue to inspire everyone around you.,English,Happy anniversary to both of you! May your love story continue to inspire everyone around you.,False,False
normal,এই কষ্টটাও কেটে যাবে।,Bengali,এই কষ্টটাও কেটে যাবে।,False,False
normal,Did you go shopping?,English,Did you go shopping?,False,False
normal,Send TK 500 to Rocket at this number 01827281739.,English,Send TK 500 to Rocket at this number [PHONE] .,False,True
normal,Exam এর জন্য পড়াশোনা কেমন চলছে? I am so stressed about the final exam।,CodeMix,Exam এর জন্য পড়াশোনা কেমন চলছে? I am so stressed about the final exam।,False,False
normal,ব্যায়াম করতে অভ্যাস করতে হবে।,Bengali,ব্যায়াম করতে অভ্যাস করতে হবে।,False,False
normal,"সাফল্য তোমার দিকে আসবে, ধৈর্য ধরো।",Bengali,"সাফল্য তোমার দিকে আসবে, ধৈর্য ধরো।",False,False
normal,আজ তোমার school-এর কী কাজ হয়েছে?,CodeMix,আজ তোমার school-এর কী কাজ হয়েছে?,False,False
normal,Ami ki korte pari?,Banglish,Ami ki korte pari?,False,False
normal,কেমন চলছে তোমার দিন?,Bengali,কেমন চলছে তোমার দিন?,False,False
normal,প্রাণ চলার জন্য আমার favorite place বার্বিকিউট।,CodeMix,প্রাণ চলার জন্য আমার favorite place বার্বিকিউট।,False,False
normal,"Kalke Coffee House e friends der sathe adda chilo. Cha, snacks, ar endless golpo. Ekta bhalo memory hoye gelo.",Banglish,"Kalke Coffee House e friends der sathe adda chilo. Cha, snacks, ar endless golpo. Ekta bhalo memory hoye gelo.",False,False
normal,আশা করি তোমার success হোক!,CodeMix,আশা করি তোমার success হোক!,False,False
normal,"Hi Shumi, coffee খেতে আসো আজ? অনেক gossip share করতে হবে, time fix করি",CodeMix,"Hi Shumi, coffee খেতে আসো আজ? অনেক gossip share করতে হবে, time fix করি",False,False
normal,"Priyo grahok, apnar bidyut bill baki royeche 3045/- taka, joldi porishod korun.",Banglish,"Priyo grahok, apnar bidyut bill baki royeche 3045/- taka, joldi porishod korun.",False,False
normal,কালকে class এ আসবা তো? আমরা বাসা থেকে একসাথে যাই। After class coffee খেতে যেতে পারি এবং একটু chat করি,CodeMix,কালকে class এ আসবা তো? আমরা বাসা থেকে একসাথে যাই। After class coffee খেতে যেতে পারি এবং একটু chat করি,False,False
normal,তুমি কখন come পারবো? আমি আপনার পাশে আছি।,CodeMix,তুমি কখন come পারবো? আমি আপনার পাশে আছি।,False,False
normal,"হাই, কি তুমি?",Bengali,"হাই, কি তুমি?",False,False
normal,The book fair at Bangla Academy was crowded but worth visiting.,English,The book fair at Bangla Academy was crowded but worth visiting.,False,False
normal,Happy first day of week!,CodeMix,Happy first day of week!,False,False
normal,"You are strong, you can do it.",English,"You are strong, you can do it.",False,False
normal,আজকে dinner এর জন্য কি plan? তুমি cook করতে চাও নাকি বাইরে order করি? Let me know before ৭ pm,CodeMix,আজকে dinner এর জন্য কি plan? তুমি cook করতে চাও নাকি বাইরে order করি? Let me know before ৭ pm,False,False
normal,Good morning! Don't forget about our lunch meeting at 1 PM. Looking forward to catching up.,English,Good morning! Don't forget about our lunch meeting at 1 PM. Looking forward to catching up.,False,False
normal,01672573848 namber-e call korun.,Banglish,[PHONE] namber-e call korun.,False,True
normal,Friday কি plan?,CodeMix,Friday কি plan?,False,False
normal,Tomar pashe ekta pathori achhe. Dhonnobad.,Banglish,Tomar pashe ekta pathori achhe. Dhonnobad.,False,False
normal,Call this number: 01672573848.,English,Call this number: [PHONE] .,False,True
normal,০১৮২৭২৮১৭৩৯ এই নাম্বারে রকেটে ৫০০ টাকা দাও।,Bengali,[PHONE] এই নাম্বারে রকেটে ৫০০ টাকা দাও।,False,True
normal,Ajkey tomar din kemon katchey?,Banglish,Ajkey tomar din kemon katchey?,False,False
normal,I'm so excited about the cricket match tonight. Bangladesh vs India!,English,I'm so excited about the cricket match tonight. Bangladesh vs India!,False,False
normal,"Dear customer, your electricity bill is due 3045/- taka, please pay soon.",English,"Dear customer, your electricity bill is due 3045/- taka, please pay soon.",False,False
normal,"আন্টি, আজ আপনার পরিবারের সবার খোঁজ নিলাম। সবাই ভালো তো?",Bengali,"আন্টি, আজ আপনার পরিবারের সবার খোঁজ নিলাম। সবাই ভালো তো?",False,False
normal,"My dear people who have problems in my family regarding life, I want to solve them.",English,"My dear people who have problems in my family regarding life, I want to solve them.",False,False
normal,"তুমি একা নও, আমরা আছি।",Bengali,"তুমি একা নও, আমরা আছি।",False,False
normal,Ami bhul mone hoy ebong ami eti somadhan korte chai.,Banglish,Ami bhul mone hoy ebong ami eti somadhan korte chai.,False,False
normal,"Brother, do I have to provide father's income certificate for admission?? Please tell me",English,"Brother, do I have to provide father's income certificate for admission?? Please tell me",False,False
normal,ভাইয়া admission-এর জন্য কি বাবার income certificate দিতেই হয়?? বলবেন একটু,CodeMix,ভাইয়া admission-এর জন্য কি বাবার income certificate দিতেই হয়?? বলবেন একটু,False,False
normal,"Kalke adda te onek moja holo. Sobai ek sathe boshe khawa dawa ar golpo korlam. Tui miss korli, next time please ekta din free kore ashish.",Banglish,"Kalke adda te onek moja holo. Sobai ek sathe boshe khawa dawa ar golpo korlam. Tui miss korli, next time please ekta din free kore ashish.",False,False
normal,কি খাবে? আজ মাংসের রান্না হচ্ছে। তুমি?,Bengali,কি খাবে? আজ মাংসের রান্না হচ্ছে। তুমি?,False,False
normal,Be someone who reminds you of Allah’s words. – \[Dr. Bilal Philips],English,Be someone who reminds you of Allah’s words. – \[Dr. Bilal Philips],False,False
normal,"Aajke Inaya k onek rojroja lagche, doctor er kache niye jabo.",Banglish,"Aajke Inaya k onek rojroja lagche, doctor er kache niye jabo.",False,False
normal,আমি যেন কিছু বলতে পারি না।,Bengali,আমি যেন কিছু বলতে পারি না।,False,False
normal,Ajke morning e balcony te cha kheye newspaper porlam. Khub peaceful laglo.,Banglish,Ajke morning e balcony te cha kheye newspaper porlam. Khub peaceful laglo.,False,False
normal,আপনার দিন কেমন কাটছে?,Bengali,আপনার দিন কেমন কাটছে?,False,False
normal,Thanks for listening to me vent about work problems yesterday.,English,Thanks for listening to me vent about work problems yesterday.,False,False
normal,Send money to this number: 01873828174,English,Send money to this number: [PHONE],False,True
normal,How’s কাটছে তোমার দিনটা?,CodeMix,How’s কাটছে তোমার দিনটা?,False,False
normal,There are two blessings in which most people suffer loss. They are health and leisure time. - [Muhammad (PBUH)],English,There are two blessings in which most people suffer loss. They are health and leisure time. - [Muhammad (PBUH)],False,False
normal,"আম্মু, আমি ট্রেনে উঠে গেছি। সন্ধ্যায় পৌঁছাবো।",Bengali,"আম্মু, আমি ট্রেনে উঠে গেছি। সন্ধ্যায় পৌঁছাবো।",False,False
normal,আজ dinner এর জন্য কি plan? তুমি cook করতে চাও নাকি বাইরে order করি? Let me know before ৮ pm,CodeMix,আজ dinner এর জন্য কি plan? তুমি cook করতে চাও নাকি বাইরে order করি? Let me know before ৮ pm,False,False
normal,তোমার দিন কেমন কাটছে?,Bengali,তোমার দিন কেমন কাটছে?,False,False
normal,আগামীকাল ঈদের শপিং করতে যাবো। তুমি কি যাবে সাথে?,Bengali,আগামীকাল ঈদের শপিং করতে যাবো। তুমি কি যাবে সাথে?,False,False
normal,"Ajke je mishti khelam, recipe ta kothay peyechen?",Banglish,"Ajke je mishti khelam, recipe ta kothay peyechen?",False,False
normal,Send money to this number via Rocket: 01729173862,English,Send money to this number via Rocket: [PHONE],False,True
normal,What's the news of your day?,English,What's the news of your day?,False,False
normal,The children's laughter in the park always brings a smile to my face.,English,The children's laughter in the park always brings a smile to my face.,False,False
normal,আমাদের কলেজে আগামী মাসে বার্ষিক অনুষ্ঠান হবে। সবাই প্রস্তুতি নিচ্ছে। আমরা একটা নাটক করার পরিকল্পনা করছি।,Bengali,আমাদের কলেজে আগামী মাসে বার্ষিক অনুষ্ঠান হবে। সবাই প্রস্তুতি নিচ্ছে। আমরা একটা নাটক করার পরিকল্পনা করছি।,False,False
normal,আমি কাল রাতের খেলা দেখিনি। তুমি কি বলতে পারো কারা জিতেছে?,Bengali,আমি কাল রাতের খেলা দেখিনি। তুমি কি বলতে পারো কারা জিতেছে?,False,False
normal,আমরা শুক্রবার গ্রামের বাড়ি যাচ্ছি। চাইলে তুমি আমাদের সাথে যেতে পারো।,Bengali,আমরা শুক্রবার গ্রামের বাড়ি যাচ্ছি। চাইলে তুমি আমাদের সাথে যেতে পারো।,False,False
normal,Ajker office meeting onek lamba holo. Manager boro project niye presentation dilo. Amar matha ghure jacchilo but onek kichu shikhlam.,Banglish,Ajker office meeting onek lamba holo. Manager boro project niye presentation dilo. Amar matha ghure jacchilo but onek kichu shikhlam.,False,False
normal,তুমি কি mountain-এ যাচ্ছো?,CodeMix,তুমি কি mountain-এ যাচ্ছো?,False,False
normal,"গত সপ্তাহে নতুন বই কিনেছিলাম। গল্পটা দারুণ, পড়তে শুরু করতেই ডুবে গেছি।",Bengali,"গত সপ্তাহে নতুন বই কিনেছিলাম। গল্পটা দারুণ, পড়তে শুরু করতেই ডুবে গেছি।",False,False
normal,সবচেয়ে সুন্দর পারবারিক কাজের জন্য আমি সময় দিতে চাই।,Bengali,সবচেয়ে সুন্দর পারবারিক কাজের জন্য আমি সময় দিতে চাই।,False,False
normal,"Apnar bidyut bill baki ache 7200/- taka, joruri.",Banglish,"Apnar bidyut bill baki ache 7200/- taka, joruri.",False,False
normal,Tumi ki office e jacho?,Banglish,Tumi ki office e jacho?,False,False
normal,"মা, আমি library থেকে returning, আপনার জন্য কি বই নিয়ে আসব? Let me know quickly.",CodeMix,"মা, আমি library থেকে returning, আপনার জন্য কি বই নিয়ে আসব? Let me know quickly.",False,False
normal,Shubho Mohashtomi!,Banglish,Shubho Mohashtomi!,False,False
normal,How's work going?,English,How's work going?,False,False
normal,আমি আমার life এর main আমাদের সঙ্গে সময় কাটাতে চাই।,CodeMix,আমি আমার life এর main আমাদের সঙ্গে সময় কাটাতে চাই।,False,False
normal," যখন তুমি দেখবে, নামাজের মধ্যে তোমার অন্তর উপস্থিত থাকছে না, তখন বুঝে নেবে, এটা ইমানের দূর্বলতার কারণ। কঠোর পরিশ্রম করো নিজের ঈমানকে মজবুত করার জন্য। -[ইমাম ইবনু কুদামাহ আল মাকদিসি (রহ.)]",Bengali,"যখন তুমি দেখবে, নামাজের মধ্যে তোমার অন্তর উপস্থিত থাকছে না, তখন বুঝে নেবে, এটা ইমানের দূর্বলতার কারণ। কঠোর পরিশ্রম করো নিজের ঈমানকে মজবুত করার জন্য। -[ইমাম ইবনু কুদামাহ আল মাকদিসি (রহ.)]",False,False
normal,এই যা আমি একটি solution দেওয়া হয় যে solution দিতে হবে।,CodeMix,এই যা আমি একটি solution দেওয়া হয় যে solution দিতে হবে।,False,False
normal,"Instead of Eid, Happy New Year!",English,"Instead of Eid, Happy New Year!",False,False
normal,Tomar choto bhai admission niyeche? Kon university te?,Banglish,Tomar choto bhai admission niyeche? Kon university te?,False,False
normal,Shuvo Bijoya Doshomi!,Banglish,Shuvo Bijoya Doshomi!,False,False
normal,"হ্যালো, কি করছো?",Bengali,"হ্যালো, কি করছো?",False,False
normal,01927283987 ei number e rocket e taka pathan.,Banglish,[PHONE] ei number e rocket e taka pathan.,False,True
normal,"Tui ajke class miss korli, sir blockchain niye boro lecture dilo. Ami sob note korechi, pore tui dekhbi.",Banglish,"Tui ajke class miss korli, sir blockchain niye boro lecture dilo. Ami sob note korechi, pore tui dekhbi.",False,False
normal,"Hi Shumi, তুমি কেমন আছো? আজকে coffee খেতে আসো না? অনেক কিছু catch up করতে হবে, time fix করি",CodeMix,"Hi Shumi, তুমি কেমন আছো? আজকে coffee খেতে আসো না? অনেক কিছু catch up করতে হবে, time fix করি",False,False
normal,তুমি কি থিয়েটারে যাচ্ছো?,Bengali,তুমি কি থিয়েটারে যাচ্ছো?,False,False
normal,Be patient to reach your goal.,English,Be patient to reach your goal.,False,False
normal,Pran cholar jonno amar priyo jayga barbecue.,Banglish,Pran cholar jonno amar priyo jayga barbecue.,False,False
normal,আমি নতুন একটা গিটার কিনেছি। এবার সত্যিই শেখা শুরু করবো।,Bengali,আমি নতুন একটা গিটার কিনেছি। এবার সত্যিই শেখা শুরু করবো।,False,False
normal,শুভ পোহেলা ফাল্গুন!,Bengali,শুভ পোহেলা ফাল্গুন!,False,False
normal,"হ্যালো, কি খবর?",Bengali,"হ্যালো, কি খবর?",False,False
normal,Hope you're enjoying your vacation in Cox's Bazar! The beach must look stunning.,English,Hope you're enjoying your vacation in Cox's Bazar! The beach must look stunning.,False,False
normal,"ধৈর্য ধরো, ভালো সময় আসবে।",Bengali,"ধৈর্য ধরো, ভালো সময় আসবে।",False,False
normal,"Shobkichu thikthak hobe, ami jani.",Banglish,"Shobkichu thikthak hobe, ami jani.",False,False
normal,I think I'm wrong and I want to solve this.,English,I think I'm wrong and I want to solve this.,False,False
normal,কালকে কি তুমi office যাবে? I need to collect the files.,CodeMix,কালকে কি তুমi office যাবে? I need to collect the files.,False,False
normal,The book you recommended was fantastic! Do you have any other similar suggestions for me?,English,The book you recommended was fantastic! Do you have any other similar suggestions for me?,False,False
normal,তোমার বাসা কতটুকু দূরে?,Bengali,তোমার বাসা কতটুকু দূরে?,False,False
normal,"You can do it, I know.",English,"You can do it, I know.",False,False
normal,What will you do today? I will do some new work. What about you?,English,What will you do today? I will do some new work. What about you?,False,False
normal,Tui ajke class e giyechilis? Sir onek bhalo ekta lecture dilo artificial intelligence niye. Ami khub enjoy korlam. Tore note diye debo.,Banglish,Tui ajke class e giyechilis? Sir onek bhalo ekta lecture dilo artificial intelligence niye. Ami khub enjoy korlam. Tore note diye debo.,False,False
normal,The homemade cake was delicious! Your baking skills improve with every attempt.,English,The homemade cake was delicious! Your baking skills improve with every attempt.,False,False
normal,Your courage is extraordinary.,English,Your courage is extraordinary.,False,False
normal,Shubho Lokkhmi Puja!,Banglish,Shubho Lokkhmi Puja!,False,False
normal,আজকে party করতে যাচ্ছি। তুমি join করছো কি? Let's enjoy and plan together।,CodeMix,আজকে party করতে যাচ্ছি। তুমি join করছো কি? Let's enjoy and plan together।,False,False
normal,"কখনো injustice, oppression-এর জন্য নিজের voice-কে রুখে দিও সত্য ও ন্যায়ের কথা বলতে।",CodeMix,"কখনো injustice, oppression-এর জন্য নিজের voice-কে রুখে দিও সত্য ও ন্যায়ের কথা বলতে।",False,False
normal,Kalke morning walk e onek fresh air pachhilam. Birds ar nature shune mon relax hoilo.,Banglish,Kalke morning walk e onek fresh air pachhilam. Birds ar nature shune mon relax hoilo.,False,False
normal,আজ বেলায় আমি স্কুলে গিয়েছিলাম।,Bengali,আজ বেলায় আমি স্কুলে গিয়েছিলাম।,False,False
normal,"Happy birthday! May this new year bring happiness, health and prosperity to your life.",English,"Happy birthday! May this new year bring happiness, health and prosperity to your life.",False,False
normal,"Hey, what's up? Haven't seen you in ages. How's everything going?",English,"Hey, what's up? Haven't seen you in ages. How's everything going?",False,False
normal,আজকে কি ক্লাস আছে? আমি schedule নিয়ে confused।,CodeMix,আজকে কি ক্লাস আছে? আমি schedule নিয়ে confused।,False,False
normal,তুমি কি cafe-তে যাচ্ছো?,CodeMix,তুমি কি cafe-তে যাচ্ছো?,False,False
normal,Shubho Kartik Purnima!,Banglish,Shubho Kartik Purnima!,False,False
normal,Tumi ki school e jaccho?,Banglish,Tumi ki school e jaccho?,False,False
normal,How's your day going?,English,How's your day going?,False,False
normal,Tomar priyo rong ki?,Banglish,Tomar priyo rong ki?,False,False
normal,আজ কেমন feel করছ? আমি fine। আপনার কেমন লাগছে?,CodeMix,আজ কেমন feel করছ? আমি fine। আপনার কেমন লাগছে?,False,False
normal,শুভ মহালয়া!,Bengali,শুভ মহালয়া!,False,False
normal,"তুমি কি favorite book পড়ছো? হ্যাঁ, famous book পড়ি।",CodeMix,"তুমি কি favorite book পড়ছো? হ্যাঁ, famous book পড়ি।",False,False
normal,হা হা হা ভালো কৌতুক। মেয়েরা অবস্থা অনুসন্ধানকারী।,Bengali,হা হা হা ভালো কৌতুক। মেয়েরা অবস্থা অনুসন্ধানকারী।,False,False
normal,"ক্ষমতা হলো সূর্যের আলোর মতো, তাতে কেউ আলোকিত হয় আবার কেউ পুড়ে শেষ হয়ে যায়।",Bengali,"ক্ষমতা হলো সূর্যের আলোর মতো, তাতে কেউ আলোকিত হয় আবার কেউ পুড়ে শেষ হয়ে যায়।",False,False
normal,তোমার time কোথায় যাচ্ছে?,CodeMix,তোমার time কোথায় যাচ্ছে?,False,False
normal,01672563741 এই number-এ টাকা পাঠা।,CodeMix,[PHONE] এই number-এ টাকা পাঠা।,False,True
normal,See you at the family gathering tomorrow. Mom is making everyone's favorite dishes!,English,See you at the family gathering tomorrow. Mom is making everyone's favorite dishes!,False,False
normal,"Ajker adda cancel korte hobe, amar matha khub betha hocche. Next week abar plan kori, tumi jodi time pasho.",Banglish,"Ajker adda cancel korte hobe, amar matha khub betha hocche. Next week abar plan kori, tumi jodi time pasho.",False,False
normal,The surprise party was amazing! Everyone had such a wonderful time celebrating with you.,English,The surprise party was amazing! Everyone had such a wonderful time celebrating with you.,False,False
normal,You can achieve whatever you want.,English,You can achieve whatever you want.,False,False
normal,How was your first day at the new office? Hope everything went smoothly and you liked the team.,English,How was your first day at the new office? Hope everything went smoothly and you liked the team.,False,False
normal,Happy Sick Day wishes!,English,Happy Sick Day wishes!,False,False
normal,Are you going to the cinema?,English,Are you going to the cinema?,False,False
normal,"আপা, তোমার pen টা দিতে পারবে? আমার লেখা করতে হবে।",CodeMix,"আপা, তোমার pen টা দিতে পারবে? আমার লেখা করতে হবে।",False,False
normal,What will you do today?,English,What will you do today?,False,False
normal,Tumi ki ekta cha pabe?,Banglish,Tumi ki ekta cha pabe?,False,False
normal,তোমার প্রিয় ঋতু কোনটা?,Bengali,তোমার প্রিয় ঋতু কোনটা?,False,False
normal,"Duniya orjon noy, duniya bimukhitaei royeche deho o moner proshanti. - [Umar Ibnul Khattab (Ra)]",Banglish,"Duniya orjon noy, duniya bimukhitaei royeche deho o moner proshanti. - [Umar Ibnul Khattab (Ra)]",False,False
normal,"Hi Rafiq, meeting time কাল confirm করেছো কি? আমি ready করতে চাই, so kindly reply asap",CodeMix,"Hi Rafiq, meeting time কাল confirm করেছো কি? আমি ready করতে চাই, so kindly reply asap",False,False
normal,কেমন চলছে তোমার দিনটি?,Bengali,কেমন চলছে তোমার দিনটি?,False,False
normal,"প্রিয় শিক্ষার্থী, আপনার টিউশন ফি আজ পর্যন্ত ২২,৯০০.০০ টাকা বকেয়া আছে। (পূর্বের লেট ফাইন ও বকেয়াসহ) চলতি মাসের টিউশন ফি (জরিমানা ছাড়া) ২০ই সেপ্টেম্বর, ২০২৪ মধ্যে পরিশোধ করুন। বিস্তারিত https://student.ulab.edu.bd/ লগইন করুন। (ULAB)",Bengali,"প্রিয় শিক্ষার্থী, আপনার টিউশন ফি আজ পর্যন্ত ২২,৯০০.০০ টাকা বকেয়া আছে। (পূর্বের লেট ফাইন ও বকেয়াসহ) চলতি মাসের টিউশন ফি (জরিমানা ছাড়া) ২০ই সেপ্টেম্বর, ২০২৪ মধ্যে পরিশোধ করুন। বিস্তারিত [URL] লগইন করুন। (ULAB)",True,False
normal,Kalke Adhika school er show program e perform korse. Sobai appreciate korlo ar clap korlo.,Banglish,Kalke Adhika school er show program e perform korse. Sobai appreciate korlo ar clap korlo.,False,False
normal,"Tawhid means all prayers, all weeping, all appeals for help, all hopes and prayers for the arrival of all good and prevention of all harm must be directed to no one else but only Allah. - [Imam Muhammad Ali Ash-Shawkani (Al Durr Al-Nadid)]",English,"Tawhid means all prayers, all weeping, all appeals for help, all hopes and prayers for the arrival of all good and prevention of all harm must be directed to no one else but only Allah. - [Imam Muhammad Ali Ash-Shawkani (Al Durr Al-Nadid)]",False,False
normal,"Everything will be fine, I know.",English,"Everything will be fine, I know.",False,False
normal,আপনি কি market যাবেন? I can join আপনার সাথে।,CodeMix,আপনি কি market যাবেন? I can join আপনার সাথে।,False,False
normal,Thanks for taking care of the plants while I was away. They look healthier than before!,English,Thanks for taking care of the plants while I was away. They look healthier than before!,False,False
normal,না বললে জানতামই না,Bengali,না বললে জানতামই না,False,False
normal,kemon acho tumi? ami thik achi. tumi ki notun kore?,Banglish,kemon acho tumi? ami thik achi. tumi ki notun kore?,False,False
normal,What’s happening? সব আমাকে বল।,CodeMix,What’s happening? সব আমাকে বল।,False,False
normal,Congratulations on your new job! Well deserved after all your hard work and dedication.,English,Congratulations on your new job! Well deserved after all your hard work and dedication.,False,False
normal,The weather is perfect for drying clothes outside. Finally some sunshine after days of rain!,English,The weather is perfect for drying clothes outside. Finally some sunshine after days of rain!,False,False
normal,"খালা, আজ আপনার ছেলের বিয়ের দাওয়াত। কয়টায় যেতে হবে?",Bengali,"খালা, আজ আপনার ছেলের বিয়ের দাওয়াত। কয়টায় যেতে হবে?",False,False
normal,কাল রাতে নতুন সিনেমা দেখলাম। গল্পটা দারুণ ছিল। আবার দেখতে ইচ্ছে করছে।,Bengali,কাল রাতে নতুন সিনেমা দেখলাম। গল্পটা দারুণ ছিল। আবার দেখতে ইচ্ছে করছে।,False,False
normal,What will you cook today?,English,What will you cook today?,False,False
normal,Tumi ki shohore jachcho?,Banglish,Tumi ki shohore jachcho?,False,False
normal,I want to spend the main time of my life with you.,English,I want to spend the main time of my life with you.,False,False
normal,"Ajke raat e power cut hobe, generator ready kore rakho.",Banglish,"Ajke raat e power cut hobe, generator ready kore rakho.",False,False
normal,Ami amar poribar er shonge ekta notun shomoy palon korte chai.,Banglish,Ami amar poribar er shonge ekta notun shomoy palon korte chai.,False,False
normal,"Patience ধরো, সব ঠিক হয়ে যাবে।",CodeMix,"Patience ধরো, সব ঠিক হয়ে যাবে।",False,False
normal,আপনি কেমন আছেন? I was thinking about yesterday’s meeting।,CodeMix,আপনি কেমন আছেন? I was thinking about yesterday’s meeting।,False,False
normal,তুমি কি বাসে যাচ্ছো?,Bengali,তুমি কি বাসে যাচ্ছো?,False,False
normal,০১৬৭২৫৭৩৮৫৭ নাম্বারে বিকাশ করুন।,Bengali,[PHONE] নাম্বারে বিকাশ করুন।,False,True
normal,"Tumi shoktishali, tumi parbe.",Banglish,"Tumi shoktishali, tumi parbe.",False,False
normal,আমাকে কল দিন ০১৭২৪৩৮৩৯৮৭ এই নাম্বারে,Bengali,আমাকে কল দিন [PHONE] এই নাম্বারে,False,True
normal,কি খাবে? আজ meat রান্না হচ্ছে। তুমি?,CodeMix,কি খাবে? আজ meat রান্না হচ্ছে। তুমি?,False,False
normal,Amar ekta shomoshya ache.,Banglish,Amar ekta shomoshya ache.,False,False
normal,শাওন বলছে শনিবার একটা ক্রিকেট ম্যাচ হবে। আমরা সবাই খেলতে যাচ্ছি। তুমি আসবে তো?,Bengali,শাওন বলছে শনিবার একটা ক্রিকেট ম্যাচ হবে। আমরা সবাই খেলতে যাচ্ছি। তুমি আসবে তো?,False,False
normal,"কখনো অন্যায়, অত্যাচারের জন্য নিজের আওয়াজকে রুখে দিও সত্য ও ন্যায়ের কথা বলতে।",Bengali,"কখনো অন্যায়, অত্যাচারের জন্য নিজের আওয়াজকে রুখে দিও সত্য ও ন্যায়ের কথা বলতে।",False,False
normal,Amar ki korte hobe bolo.,Banglish,Amar ki korte hobe bolo.,False,False
normal,টাকাটা bKash বা Rocket এ পাঠান – number: 017291828181,CodeMix,টাকাটা bKash বা Rocket এ পাঠান – number: [PHONE],False,True
normal,শুভ Bijaya Dashami!,CodeMix,শুভ Bijaya Dashami!,False,False
normal,আজকের দুপুরে বড় বৃষ্টি হচ্ছে।,Bengali,আজকের দুপুরে বড় বৃষ্টি হচ্ছে।,False,False
normal,01827382739 এই number-এ দ্রুত money পাঠাও।,CodeMix,[PHONE] এই number-এ দ্রুত money পাঠাও।,False,True
normal,০১৬৭২৫৭৩৮৭৩ number-এ quickly bKash করুন।,CodeMix,[PHONE] number-এ quickly bKash করুন।,False,True
normal,What is your favorite color?,English,What is your favorite color?,False,False
normal,Tomar jonno ekta bhalo din!,Banglish,Tomar jonno ekta bhalo din!,False,False
normal,"This is Salim's number, call him when you come 01738838838",English,"This is Salim's number, call him when you come [PHONE]",False,True
normal,তুমি কি রবিবারে ফ্রি আছো? কফিশপে বসে কিছু সময় কাটাতে চাই।,Bengali,তুমি কি রবিবারে ফ্রি আছো? কফিশপে বসে কিছু সময় কাটাতে চাই।,False,False
normal,আপনি কেমন আছেন? I was thinking about yesterday’s class।,CodeMix,আপনি কেমন আছেন? I was thinking about yesterday’s class।,False,False
normal,আশা করি তোমার দিনটি ভালো কাটুক!,Bengali,আশা করি তোমার দিনটি ভালো কাটুক!,False,False
normal,Mama bari giyechili kalke? Shobai kemon ache?,Banglish,Mama bari giyechili kalke? Shobai kemon ache?,False,False
normal,আজ সকালে বিদ্যুৎ ছিল না। সবকিছু গরম ও অস্বস্তিকর লাগছিল।,Bengali,আজ সকালে বিদ্যুৎ ছিল না। সবকিছু গরম ও অস্বস্তিকর লাগছিল।,False,False
normal,"নানি, আপনার জন্য ওষুধ এনেছি। নিয়মিত খাবেন।",Bengali,"নানি, আপনার জন্য ওষুধ এনেছি। নিয়মিত খাবেন।",False,False
normal,তুমি কি পরিবারের সাথে আছো?,Bengali,তুমি কি পরিবারের সাথে আছো?,False,False
normal,Ajke office e ekta new colleague eshechhe. Sobai sathe friendly behave korche. Amar bhalo laglo.,Banglish,Ajke office e ekta new colleague eshechhe. Sobai sathe friendly behave korche. Amar bhalo laglo.,False,False
normal,01827283747 number e bKash korun.,Banglish,[PHONE] number e bKash korun.,False,True
normal,Ajke ki ranna korbe?,Banglish,Ajke ki ranna korbe?,False,False
normal,"তুমি alone নও, I'm here।",CodeMix,"তুমি alone নও, I'm here।",False,False
normal,০১৮২৭২৮৩৭৪৭ নাম্বারে বিকাশ করুন।,Bengali,[PHONE] নাম্বারে বিকাশ করুন।,False,True
normal,"Apnar pawna 800/- TK, druto porishodh korun.",Banglish,"Apnar pawna 800/- TK, druto porishodh korun.",False,False
normal,Kalke family shobai sathe boshe dinner korlam. Maa boro table e boro ranna korse. Sobai golpo korte korte khawa dawa holo. Khub moja laglo.,Banglish,Kalke family shobai sathe boshe dinner korlam. Maa boro table e boro ranna korse. Sobai golpo korte korte khawa dawa holo. Khub moja laglo.,False,False
normal,"Priyo shikkharthi, apnar tuition fee aj porjonto 32,450.00 taka bokeya ache. (Purber late fine o bokeyashoho) Cholti masher tuition fee (jorimana chara) 10i September, 2024 modhye porishodh korun. Bistarito https://student.iubat.edu.bd/ login korun. (IUBAT)",Banglish,"Priyo shikkharthi, apnar tuition fee aj porjonto 32,450.00 taka bokeya ache. (Purber late fine o bokeyashoho) Cholti masher tuition fee (jorimana chara) 10i September, 2024 modhye porishodh korun. Bistarito [URL] login korun. (IUBAT)",True,False
normal,Bhalobasha khub dami jinish. Jotno kore rakhte hoy. Karon bhalobasha ekbar hariye gele jibne ar kono din fire paowa jay na।,Banglish,Bhalobasha khub dami jinish. Jotno kore rakhte hoy. Karon bhalobasha ekbar hariye gele jibne ar kono din fire paowa jay na।,False,False
normal,"Aj tomar kache ashte parbo na? Hyan, ami ekhane royechi. Apni ki chan?",Banglish,"Aj tomar kache ashte parbo na? Hyan, ami ekhane royechi. Apni ki chan?",False,False
normal,"০১৮২৭২৮৩৮৭৩ এই নাম্বারে কল করুন, জরুরি।",Bengali,"[PHONE] এই নাম্বারে কল করুন, জরুরি।",False,True
normal,এটি IQ test part-এর একটি অংশ।,CodeMix,এটি IQ test part-এর একটি অংশ।,False,False
normal,আমি আমার পরিবারের সঙ্গে একটি নতুন সময় পালন করতে চাই।,Bengali,আমি আমার পরিবারের সঙ্গে একটি নতুন সময় পালন করতে চাই।,False,False
normal,"Bhai, 
Azhar bhai apnar shathe dekha korte bollo. M. Phil er Synopsis niye ",Banglish,"Bhai, Azhar bhai apnar shathe dekha korte bollo. M. Phil er Synopsis niye",False,False
normal,"বাবা, আমার এক্সামের রেজাল্ট ভালো হয়েছে। A+ পেয়েছি।",Bengali,"বাবা, আমার এক্সামের রেজাল্ট ভালো হয়েছে। A+ পেয়েছি।",False,False
normal,Weekend e cinema hall e chhoto ekta adventure movie dekha plan. Sobai ready thakbe?,Banglish,Weekend e cinema hall e chhoto ekta adventure movie dekha plan. Sobai ready thakbe?,False,False
normal,"তুমি parbe, I know।",CodeMix,"তুমি parbe, I know।",False,False
normal,০১৭২৮২৯১৭৬৫ এই number-এ rocket-এ ৫০০ টাকা দাও।,CodeMix,[PHONE] এই number-এ rocket-এ ৫০০ টাকা দাও।,False,True
normal,shuvo Pohela Boishakh er preeti o shubhechha!,Banglish,shuvo Pohela Boishakh er preeti o shubhechha!,False,False
normal,"প্রিয় আম্মু, আমি এতক্ষণ হাসপাতালে ছিলাম বাবার সাথে। ডাক্তার বলেছেন অপারেশন খুবই সফল হয়েছে এবং বাবার অবস্থা স্থিতিশীল। আর কোন জটিলতা নেই এবং আগামী সপ্তাহেই বাবাকে ছেড়ে দেওয়া হবে। তবে কিছুদিন বিশ্রামে থাকতে হবে এবং ভারী কাজকর্ম করা যাবে না। আপনি চিন্তা করবেন না, আমি এখানেই থাকবো যতদিন প্রয়োজন। আর হ্যাঁ, বাবা আপনাকে খুব মিস করছেন, তিনি বলেছেন আপনি যেন তাড়াতাড়ি এসে তার সাথে দেখা করেন।",Bengali,"প্রিয় আম্মু, আমি এতক্ষণ হাসপাতালে ছিলাম বাবার সাথে। ডাক্তার বলেছেন অপারেশন খুবই সফল হয়েছে এবং বাবার অবস্থা স্থিতিশীল। আর কোন জটিলতা নেই এবং আগামী সপ্তাহেই বাবাকে ছেড়ে দেওয়া হবে। তবে কিছুদিন বিশ্রামে থাকতে হবে এবং ভারী কাজকর্ম করা যাবে না। আপনি চিন্তা করবেন না, আমি এখানেই থাকবো যতদিন প্রয়োজন। আর হ্যাঁ, বাবা আপনাকে খুব মিস করছেন, তিনি বলেছেন আপনি যেন তাড়াতাড়ি এসে তার সাথে দেখা করেন।",False,False
normal,You need to get into the habit of exercising.,English,You need to get into the habit of exercising.,False,False
normal,Ajker class kemon holo?,Banglish,Ajker class kemon holo?,False,False
normal,আজকের পরিকল্পনা কি?,Bengali,আজকের পরিকল্পনা কি?,False,False
normal,"কালকে holiday announced, so we can relax.",CodeMix,"কালকে holiday announced, so we can relax.",False,False
normal,"Sorry, আমি meeting-এ পরে phone করবো।",CodeMix,"Sorry, আমি meeting-এ পরে phone করবো।",False,False
normal,"TK 1000/- has been paid from your account, call to complain.",English,"TK 1000/- has been paid from your account, call to complain.",False,False
normal,আমাদের কলেজে আগামী সপ্তাহে সাংস্কৃতিক অনুষ্ঠান হবে। তুমি আসবে তো?,Bengali,আমাদের কলেজে আগামী সপ্তাহে সাংস্কৃতিক অনুষ্ঠান হবে। তুমি আসবে তো?,False,False
normal,শুভ নভেম্বর!,Bengali,শুভ নভেম্বর!,False,False
normal,"Exam er stress barse din din, amar raat din study korte hochhe. Tui kemon preparation korchis? Amader plan kora uchit ek sathe study korar.",Banglish,"Exam er stress barse din din, amar raat din study korte hochhe. Tui kemon preparation korchis? Amader plan kora uchit ek sathe study korar.",False,False
normal,আজকে দুপুরে মোবাইলের চার্জ শেষ হয়ে গিয়েছিলো। একেবারে অফলাইনে ছিলাম।,Bengali,আজকে দুপুরে মোবাইলের চার্জ শেষ হয়ে গিয়েছিলো। একেবারে অফলাইনে ছিলাম।,False,False
normal,"আম্মু, আমি অফিস থেকে সবজি কিনে নিয়ে আসবো। লিস্ট পাঠান।",Bengali,"আম্মু, আমি অফিস থেকে সবজি কিনে নিয়ে আসবো। লিস্ট পাঠান।",False,False
normal,"দুনিয়া অর্জন নয়, দুনিয়া বিমুখীতাতেই রয়েছে দেহ ও মনের প্রশান্তি। - [উমার ইবনুল খাত্তাব (রা)]",Bengali,"দুনিয়া অর্জন নয়, দুনিয়া বিমুখীতাতেই রয়েছে দেহ ও মনের প্রশান্তি। - [উমার ইবনুল খাত্তাব (রা)]",False,False
normal,০১৮২৭৩৮২৯১৮ এই নাম্বারে জরুরি টাকা পাঠান।,Bengali,[PHONE] এই নাম্বারে জরুরি টাকা পাঠান।,False,True
normal,What will you eat? আমি মাছের কারি খাচ্ছি। তুমি?,CodeMix,What will you eat? আমি মাছের কারি খাচ্ছি। তুমি?,False,False
normal,Thanks for the surprise birthday cake! It was such a sweet gesture. You made my day special.,English,Thanks for the surprise birthday cake! It was such a sweet gesture. You made my day special.,False,False
normal,"01827382785 ei number e call korun, TK dorkar.",Banglish,"[PHONE] ei number e call korun, TK dorkar.",False,True
normal,Ki khobor tomar din?,Banglish,Ki khobor tomar din?,False,False
normal,"Kalke jamuna future park e giyechilam. New food court open hoyeche, khub moja kore khawa dawa korlam. Tore sathe next time ek sathe giye explore korte parbo.",Banglish,"Kalke jamuna future park e giyechilam. New food court open hoyeche, khub moja kore khawa dawa korlam. Tore sathe next time ek sathe giye explore korte parbo.",False,False
normal,Shubho bibaho barshiki!,Banglish,Shubho bibaho barshiki!,False,False
normal,আজকে আমি একটি নতুন রেস্টুরেন্টে যাব।,Bengali,আজকে আমি একটি নতুন রেস্টুরেন্টে যাব।,False,False
normal,Khalar bill ta dile upokar hoto dite parteshina ektu shahajjo koro khalar bill ta diya dei,Banglish,Khalar bill ta dile upokar hoto dite parteshina ektu shahajjo koro khalar bill ta diya dei,False,False
normal,কালকের training session cancel হয়েছে। নতুন date পরে জানানো হবে। Please inform all teammates,CodeMix,কালকের training session cancel হয়েছে। নতুন date পরে জানানো হবে। Please inform all teammates,False,False
normal,"চাচা, আজ ইফতারে আমাদের বাসায় আসবেন। আম্মু খুশি হবেন।",Bengali,"চাচা, আজ ইফতারে আমাদের বাসায় আসবেন। আম্মু খুশি হবেন।",False,False
normal,That person is cursed who dies but his bad deeds remain in the world. — [Abu Bakr (Radiyallahu Anhu)],English,That person is cursed who dies but his bad deeds remain in the world. — [Abu Bakr (Radiyallahu Anhu)],False,False
normal,Shubho ratri!,Banglish,Shubho ratri!,False,False
normal,"আপু, বাজার থেকে দুধ আনতে ভুলো না। রাতে পায়েস বানাবো।",Bengali,"আপু, বাজার থেকে দুধ আনতে ভুলো না। রাতে পায়েস বানাবো।",False,False
normal,আমি এই বছরে অনেক বই পড়তে চাই।,Bengali,আমি এই বছরে অনেক বই পড়তে চাই।,False,False
normal,Will you go for a morning walk?,English,Will you go for a morning walk?,False,False
normal,Are you playing sports?,English,Are you playing sports?,False,False
normal,আপনার mama ফোন করেছিল? I didn’t get any message।,CodeMix,আপনার mama ফোন করেছিল? I didn’t get any message।,False,False
normal,আমার জন্য একটু অপেক্ষা করো। I am running late। 40 minutes এর মধ্যে চলে আসছি।,CodeMix,আমার জন্য একটু অপেক্ষা করো। I am running late। 40 minutes এর মধ্যে চলে আসছি।,False,False
normal,"আজ দুপুরে বাজারে গিয়েছিলাম। সবজির দাম একেবারে আকাশছোঁয়া। টমেটো ৯০ টাকা কেজি, পেঁয়াজ ৮০ টাকা। বুঝতে পারছি না এভাবে কতদিন চলবে।",Bengali,"আজ দুপুরে বাজারে গিয়েছিলাম। সবজির দাম একেবারে আকাশছোঁয়া। টমেটো ৯০ টাকা কেজি, পেঁয়াজ ৮০ টাকা। বুঝতে পারছি না এভাবে কতদিন চলবে।",False,False
normal,আজ বিকেলে রাস্তায় হাঁটতে গিয়েছিলাম। বাতাসটা ঠাণ্ডা ও মনোরম ছিল।,Bengali,আজ বিকেলে রাস্তায় হাঁটতে গিয়েছিলাম। বাতাসটা ঠাণ্ডা ও মনোরম ছিল।,False,False
normal,বিদ্যালয়ের book পড়া খুব favorite।,CodeMix,বিদ্যালয়ের book পড়া খুব favorite।,False,False
normal,আজকে dinner এর জন্য কি plan? তুমি কিছু cook করতে চাও নাকি বাইরে order করি? Let me know,CodeMix,আজকে dinner এর জন্য কি plan? তুমি কিছু cook করতে চাও নাকি বাইরে order করি? Let me know,False,False
normal,তুমি কি gym এ যাচ্ছো?,CodeMix,তুমি কি gym এ যাচ্ছো?,False,False
normal,"খালু, আপনার স্বাস্থ্য কেমন? নিয়মিত চেকআপ করাচ্ছেন তো?",Bengali,"খালু, আপনার স্বাস্থ্য কেমন? নিয়মিত চেকআপ করাচ্ছেন তো?",False,False
normal,আমার জন্য একটু অপেক্ষা করো। I am running late। 25 minutes এর মধ্যে চলে আসছি।,CodeMix,আমার জন্য একটু অপেক্ষা করো। I am running late। 25 minutes এর মধ্যে চলে আসছি।,False,False
normal,বাড়ির পাশে একটি host রাখা হয়।,CodeMix,বাড়ির পাশে একটি host রাখা হয়।,False,False
normal,Ha ha ha good joke. Girls are investigators of situations.,English,Ha ha ha good joke. Girls are investigators of situations.,False,False
normal,Ajker rastar jam ekdom unbearable chhilo. Amar office pouchote 2 ghonta laglo. Stress full day.,Banglish,Ajker rastar jam ekdom unbearable chhilo. Amar office pouchote 2 ghonta laglo. Stress full day.,False,False
normal,Ami ekta notun kaj shuru korte chai.,Banglish,Ami ekta notun kaj shuru korte chai.,False,False
normal,Thanks for picking up the kids from school today. Really appreciate your help during busy times.,English,Thanks for picking up the kids from school today. Really appreciate your help during busy times.,False,False
normal,"Kosto peyo na, shob thik hoye jabe.",Banglish,"Kosto peyo na, shob thik hoye jabe.",False,False
normal,শুভ সরস্বতী পূজা!,Bengali,শুভ সরস্বতী পূজা!,False,False
normal,What is your favorite song?,English,What is your favorite song?,False,False
normal,What's new with you?,English,What's new with you?,False,False
normal,আশা করি তোমার সফল হোক!,Bengali,আশা করি তোমার সফল হোক!,False,False
normal,I finally finished that 1000-piece puzzle we started last month.,English,I finally finished that 1000-piece puzzle we started last month.,False,False
normal,০১৮২৭২৮৩৯৬৩ নাম্বারে কল করুন।,Bengali,[PHONE] নাম্বারে কল করুন।,False,True
normal,"বাবা, আমি নতুন জায়গায় ভালো আছি। চিন্তা করবেন না।",Bengali,"বাবা, আমি নতুন জায়গায় ভালো আছি। চিন্তা করবেন না।",False,False
normal,তোমার সকল wish পূরণ হোক!,CodeMix,তোমার সকল wish পূরণ হোক!,False,False
normal,এই যাত্রার জন্য বাড়িতে আসতে চাই।,Bengali,এই যাত্রার জন্য বাড়িতে আসতে চাই।,False,False
normal,Quickly do bKash to number 01672573879.,English,Quickly do bKash to number [PHONE] .,False,True
normal,তোমার পরিশ্রম সার্থক হবে।,Bengali,তোমার পরিশ্রম সার্থক হবে।,False,False
normal,"Tomar pashe achi, kono chinta koro na.",Banglish,"Tomar pashe achi, kono chinta koro na.",False,False
normal,ব্যবসায়ী হওয়া অপরাধ না কিন্তু রাজনৈতিক প্রভাব খাটিয়ে ব্যবসায়ী হওয়া বড় অপরাধ। কারণ এই ব্যবসায়ীদের অর্জিত অর্থের বেশিরভাগই আসে সাধারণ মানুষের রক্তচোষা টাকা থেকে। — রেদোয়ান মাসুদ,Bengali,ব্যবসায়ী হওয়া অপরাধ না কিন্তু রাজনৈতিক প্রভাব খাটিয়ে ব্যবসায়ী হওয়া বড় অপরাধ। কারণ এই ব্যবসায়ীদের অর্জিত অর্থের বেশিরভাগই আসে সাধারণ মানুষের রক্তচোষা টাকা থেকে। — রেদোয়ান মাসুদ,False,False
normal,How are you friends?,English,How are you friends?,False,False
normal,kemon achhen apni?,Banglish,kemon achhen apni?,False,False
normal,Can you send me the photos from last night? আমি ছবি তুলতে ভুলে গিয়েছিলাম।,CodeMix,Can you send me the photos from last night? আমি ছবি তুলতে ভুলে গিয়েছিলাম।,False,False
normal,Congratulations on your new job! Let's celebrate this weekend. Dinner is on me!,English,Congratulations on your new job! Let's celebrate this weekend. Dinner is on me!,False,False
normal,"Priyo shikkharthi, apnar tuition fee aj porjonto 27,950.00 taka bokeya ache. (Purber late fine o bokeya shoho) cholti masher tuition fee (jorimana chara) 22i September, 2024 moddhe porishod korun. Bistarito https://student.northsouth.edu.bd/ login korun. (North South)",Banglish,"Priyo shikkharthi, apnar tuition fee aj porjonto 27,950.00 taka bokeya ache. (Purber late fine o bokeya shoho) cholti masher tuition fee (jorimana chara) 22i September, 2024 moddhe porishod korun. Bistarito [URL] login korun. (North South)",True,False
normal,Send bKash to 01827283747.,English,Send bKash to [PHONE] .,False,True
normal,Dinner এ কি plan? আমার অনেক biriyani খেতে ইচ্ছে করছে from Old Dhaka।,CodeMix,Dinner এ কি plan? আমার অনেক biriyani খেতে ইচ্ছে করছে from Old Dhaka।,False,False
normal,Tomader din kemon katche?,Banglish,Tomader din kemon katche?,False,False
normal,তুমি কি museum-এ যাচ্ছো?,CodeMix,তুমি কি museum-এ যাচ্ছো?,False,False
normal,"Ajke chhoto bhai amar sathe football khelte giye, amazing goal korlo. Sobai cheer kore.",Banglish,"Ajke chhoto bhai amar sathe football khelte giye, amazing goal korlo. Sobai cheer kore.",False,False
normal,Kal ki korcho?,Banglish,Kal ki korcho?,False,False
normal,তোমার দিন কেমন চলছে?,Bengali,তোমার দিন কেমন চলছে?,False,False
normal,আজ রাতে সবাই মিলে ডিনারের প্ল্যান করেছি। অনেকদিন হলো একসাথে বসে গল্প করা হয়নি। চাইলে তুমিও চলে আসতে পারো।,Bengali,আজ রাতে সবাই মিলে ডিনারের প্ল্যান করেছি। অনেকদিন হলো একসাথে বসে গল্প করা হয়নি। চাইলে তুমিও চলে আসতে পারো।,False,False
normal,"Peace of body and mind lies not in worldly achievement, but in worldly detachment. - [Umar Ibn Al-Khattab (RA)]",English,"Peace of body and mind lies not in worldly achievement, but in worldly detachment. - [Umar Ibn Al-Khattab (RA)]",False,False
normal,"What's up, hello?",English,"What's up, hello?",False,False
normal,Tomar posha prani kemon ache?,Banglish,Tomar posha prani kemon ache?,False,False
normal,"Ekhon train e, network weak, message late pele sorry.",Banglish,"Ekhon train e, network weak, message late pele sorry.",False,False
normal,"Train er ticket kete rakhchi, Chittagong jabo Sunday te.",Banglish,"Train er ticket kete rakhchi, Chittagong jabo Sunday te.",False,False
normal,shobcheye shundor poribarik kajer jonno ami somoy dite chai.,Banglish,shobcheye shundor poribarik kajer jonno ami somoy dite chai.,False,False
normal,"Hi, ki tumi?",Banglish,"Hi, ki tumi?",False,False
normal,I want to read many books this year.,English,I want to read many books this year.,False,False
normal,"আপনার মেয়ে হাসপাতালে, জলদি টাকা পাঠান ০১৮২৮১৭৩৯১২।",Bengali,"আপনার মেয়ে হাসপাতালে, জলদি টাকা পাঠান [PHONE] ।",False,True
normal,The presentation went really well today. The client seemed very impressed with our proposal.,English,The presentation went really well today. The client seemed very impressed with our proposal.,False,False
normal,Thanks for listening when I needed someone to talk to. Your friendship means everything to me.,English,Thanks for listening when I needed someone to talk to. Your friendship means everything to me.,False,False
normal,০১৬৭২৫৬৩৭৪১ এই নাম্বারে টাকা পাঠা।,Bengali,[PHONE] এই নাম্বারে টাকা পাঠা।,False,True
normal,The weather forecast shows thunderstorms. Better cancel the outdoor barbecue and plan something indoors instead.,English,The weather forecast shows thunderstorms. Better cancel the outdoor barbecue and plan something indoors instead.,False,False
normal,Shuvo shondhya!,Banglish,Shuvo shondhya!,False,False
normal,আজ কেমন লাগছে তোমাকে? ঠিক আছি। আপনার কেমন লাগছে?,Bengali,আজ কেমন লাগছে তোমাকে? ঠিক আছি। আপনার কেমন লাগছে?,False,False
normal,Ami ekhane.,Banglish,Ami ekhane.,False,False
normal,Let's go on a trip next week। আমরা কোথায় যাবো?,CodeMix,Let's go on a trip next week। আমরা কোথায় যাবো?,False,False
normal,Tumi ki tram-e jachcho?,Banglish,Tumi ki tram-e jachcho?,False,False
normal,I can't believe how quickly the kids are growing up these days.,English,I can't believe how quickly the kids are growing up these days.,False,False
normal,"হ্যাঁ, আমাদের সময় লাগছিল",Bengali,"হ্যাঁ, আমাদের সময় লাগছিল",False,False
normal,"ধৈর্য ধরো, সব ঠিক হয়ে যাবে।",Bengali,"ধৈর্য ধরো, সব ঠিক হয়ে যাবে।",False,False
normal,"Hi Arif, library study session কাল হবে। তুমি join করছো কি? Let’s meet around ৫ pm এবং notes share করি",CodeMix,"Hi Arif, library study session কাল হবে। তুমি join করছো কি? Let’s meet around ৫ pm এবং notes share করি",False,False
normal,What's new?,English,What's new?,False,False
normal,"আমি ঠিক আছি, আপনি কেমন আছেন?",Bengali,"আমি ঠিক আছি, আপনি কেমন আছেন?",False,False
normal,আপনার গাড়ির সার্ভিসিং-এর সময়সীমা শেষ হয়ে গেছে। দ্রুত যোগাযোগ করুন ০১৮৭৬৫৪৩২১।,Bengali,আপনার গাড়ির সার্ভিসিং-এর সময়সীমা শেষ হয়ে গেছে। দ্রুত যোগাযোগ করুন [PHONE] ।,False,True
normal,"Mama, apnar swasthyo kemon? Doctor er kache giechen?",Banglish,"Mama, apnar swasthyo kemon? Doctor er kache giechen?",False,False
normal,Send urgent money to this number 01738273828.,English,Send urgent money to this number [PHONE] .,False,True
normal,আজকের your day কেমন কাটছে?,CodeMix,আজকের your day কেমন কাটছে?,False,False
normal,Tumi ki restaurant e jaccho?,Banglish,Tumi ki restaurant e jaccho?,False,False
normal,"Hi Rafiq, কালকের meeting time confirm করেছো কি? আমি planning করতে চাই, so kindly reply as soon as possible",CodeMix,"Hi Rafiq, কালকের meeting time confirm করেছো কি? আমি planning করতে চাই, so kindly reply as soon as possible",False,False
normal,"Ami class theke just ber hoyechi, tumi kothay aso?",Banglish,"Ami class theke just ber hoyechi, tumi kothay aso?",False,False
normal,"Hi Arif, কালকে library এ study session হবে। তুমি আসছো কি? Let’s meet around ৫ pm and discuss notes",CodeMix,"Hi Arif, কালকে library এ study session হবে। তুমি আসছো কি? Let’s meet around ৫ pm and discuss notes",False,False
normal,Kemon cholchhe tomar din?,Banglish,Kemon cholchhe tomar din?,False,False
normal,তুমি কি university-তে যাচ্ছো?,CodeMix,তুমি কি university-তে যাচ্ছো?,False,False
normal,আপনার ভাই কি ঠিক আছে? I didn’t hear from him today।,CodeMix,আপনার ভাই কি ঠিক আছে? I didn’t hear from him today।,False,False
normal,"মামা, আগামীকাল আমাদের বাসায় আসবেন? খিচুড়ি রান্না করবো।",Bengali,"মামা, আগামীকাল আমাদের বাসায় আসবেন? খিচুড়ি রান্না করবো।",False,False
normal,"No time, send money quickly, bKash 01937382893.",English,"No time, send money quickly, bKash [PHONE] .",False,True
normal,তুমি কি my message পেয়েছ? I sent it earlier.,CodeMix,তুমি কি my message পেয়েছ? I sent it earlier.,False,False
normal,Brishti na thakle khub gorom hoy.,Banglish,Brishti na thakle khub gorom hoy.,False,False
normal,"কাল রাতে নতুন সিনেমাটা দেখলাম। গল্পটা দারুণ ছিল, একেবারে মন ছুঁয়ে গেছে। আবার দেখতে ইচ্ছে করছে।",Bengali,"কাল রাতে নতুন সিনেমাটা দেখলাম। গল্পটা দারুণ ছিল, একেবারে মন ছুঁয়ে গেছে। আবার দেখতে ইচ্ছে করছে।",False,False
normal,Ami e byapare ashabadi je protibad lokkho moteo abar protibad deke ana noy. Boron protibadar lokkho holo notun kichu ene poribortom shadhon kora. — De Re Makeshon,Banglish,Ami e byapare ashabadi je protibad lokkho moteo abar protibad deke ana noy. Boron protibadar lokkho holo notun kichu ene poribortom shadhon kora. — De Re Makeshon,False,False
normal,Adhika notun ekta gaan shikhse school e. Bari eshe pura family ke shunalo. Sobai clap kore khushi hoilo.,Banglish,Adhika notun ekta gaan shikhse school e. Bari eshe pura family ke shunalo. Sobai clap kore khushi hoilo.,False,False
normal,Thanks for the recipe! I tried making it today and it turned out absolutely delicious.,English,Thanks for the recipe! I tried making it today and it turned out absolutely delicious.,False,False
normal,Adhika ajke school e gaan shikhse. Bari eshe puro family ke shunalo. Sobai khushi hoilo.,Banglish,Adhika ajke school e gaan shikhse. Bari eshe puro family ke shunalo. Sobai khushi hoilo.,False,False
normal,"মা, market থেকে কিছু vegetables আনতে হবে। I will pay cash, তুমি কি fruits ও আনবে?",CodeMix,"মা, market থেকে কিছু vegetables আনতে হবে। I will pay cash, তুমি কি fruits ও আনবে?",False,False
normal,তোমার সাথে দেখা করতে চাই। Can we meet on Tuesday?,CodeMix,তোমার সাথে দেখা করতে চাই। Can we meet on Tuesday?,False,False
normal,Electricity bill has been applied.,English,Electricity bill has been applied.,False,False
normal,Ami ekhon ki bolte pari na.,Banglish,Ami ekhon ki bolte pari na.,False,False
normal,"Ajke shokale khub rush chilo, ami metro te onek deri kore class e pochhachi. Tumi ki already campus e eshe giyecho naki ekhono rastay?",Banglish,"Ajke shokale khub rush chilo, ami metro te onek deri kore class e pochhachi. Tumi ki already campus e eshe giyecho naki ekhono rastay?",False,False
normal,There's a lot of peace at home.,English,There's a lot of peace at home.,False,False
normal,"Keep courage, success awaits you.",English,"Keep courage, success awaits you.",False,False
normal,tumi ki party te jaccho?,Banglish,tumi ki party te jaccho?,False,False
normal,"Exam er pressure khub barse, amar din raat study korte hochhe. Kintu amar mon hocche kisu relax korte chai. Tor preparation kemon cholche?",Banglish,"Exam er pressure khub barse, amar din raat study korte hochhe. Kintu amar mon hocche kisu relax korte chai. Tor preparation kemon cholche?",False,False
normal,আমাকে জরুরি কল দিন ০১৭২৪৮৩৯৮৫৬ এই নাম্বারে।,Bengali,আমাকে জরুরি কল দিন [PHONE] এই নাম্বারে।,False,True
normal,Ei koshtota o kete jabe.,Banglish,Ei koshtota o kete jabe.,False,False
normal,Aajke raat e cricket match dekbi? India vs Bangladesh!,Banglish,Aajke raat e cricket match dekbi? India vs Bangladesh!,False,False
normal,Hope the medical checkup results are all normal. I'm sure everything will be fine.,English,Hope the medical checkup results are all normal. I'm sure everything will be fine.,False,False
normal,আজকে কি free আছো? আমার তোমার সাথে কথা আছে about our team project।,CodeMix,আজকে কি free আছো? আমার তোমার সাথে কথা আছে about our team project।,False,False
normal,কাল রাতে শরীরটা ভালো লাগছিলো না। তাই হাসপাতালে গিয়েছিলাম। এখন একটু ভালো আছি।,Bengali,কাল রাতে শরীরটা ভালো লাগছিলো না। তাই হাসপাতালে গিয়েছিলাম। এখন একটু ভালো আছি।,False,False
normal,আমি একটি প্রতিষ্ঠানের পরিচালক হিসাবে পরিচালক করতে চাই।,Bengali,আমি একটি প্রতিষ্ঠানের পরিচালক হিসাবে পরিচালক করতে চাই।,False,False
normal,কালকে rain হওয়ার chance আছে। Should we reschedule our plan?,CodeMix,কালকে rain হওয়ার chance আছে। Should we reschedule our plan?,False,False
normal,"Everything will be fine, have courage.",English,"Everything will be fine, have courage.",False,False
normal,Happy marriage anniversary!,CodeMix,Happy marriage anniversary!,False,False
normal,Tumi amake ki bolte chao?,Banglish,Tumi amake ki bolte chao?,False,False
normal,তুমি কি রবিবার ফ্রি আছো? আমরা কনসার্টে যাচ্ছি। চাইলে তুমি আসো।,Bengali,তুমি কি রবিবার ফ্রি আছো? আমরা কনসার্টে যাচ্ছি। চাইলে তুমি আসো।,False,False
normal,"I am optimistic that the goal of protest is not to bring about protest again. Rather, the goal of protest is to bring about change by bringing something new. — D. Ray Makeson",English,"I am optimistic that the goal of protest is not to bring about protest again. Rather, the goal of protest is to bring about change by bringing something new. — D. Ray Makeson",False,False
normal,আজ সকালে অফিসের মিটিংয়ে অনেক গুরুত্বপূর্ণ সিদ্ধান্ত নেওয়া হয়েছে।,Bengali,আজ সকালে অফিসের মিটিংয়ে অনেক গুরুত্বপূর্ণ সিদ্ধান্ত নেওয়া হয়েছে।,False,False
normal,Ghumiye porechen? Ami ekhono kaj korchi office e.,Banglish,Ghumiye porechen? Ami ekhono kaj korchi office e.,False,False
normal,খালার বিল তা দিলে উপকার হইতো দিতে পারতেছিনা একটু সাহায্য করো খালার বিল তা দিয়া দেই,Bengali,খালার বিল তা দিলে উপকার হইতো দিতে পারতেছিনা একটু সাহায্য করো খালার বিল তা দিয়া দেই,False,False
normal,Hi!,English,Hi!,False,False
normal,শুভ বিবাহ বার্ষিকী!,Bengali,শুভ বিবাহ বার্ষিকী!,False,False
normal,Kemon jeno tomar time কাটছে?,CodeMix,Kemon jeno tomar time কাটছে?,False,False
normal,আমার জন্য any new news আছে?,CodeMix,আমার জন্য any new news আছে?,False,False
normal,The garden looks beautiful after all your hard work. Those flowers are absolutely gorgeous!,English,The garden looks beautiful after all your hard work. Those flowers are absolutely gorgeous!,False,False
normal,আপনার mama phone করেছিল? I didn’t get any message।,CodeMix,আপনার mama phone করেছিল? I didn’t get any message।,False,False
normal,"আপনার payment pending রয়েছে, ০১৭২৮২৭৩৮১৯ TK পাঠান।",CodeMix,"আপনার payment pending রয়েছে, [PHONE] TK পাঠান।",False,True
normal,Shanibar family sathe Old Dhaka te biryani khete jabo. Tui ashle aro moja hobe.,Banglish,Shanibar family sathe Old Dhaka te biryani khete jabo. Tui ashle aro moja hobe.,False,False
normal,"Hello, what are you doing?",English,"Hello, what are you doing?",False,False
normal,আপনার day কেমন কাটছে?,CodeMix,আপনার day কেমন কাটছে?,False,False
normal,Tumi ki cinema dekhcho?,Banglish,Tumi ki cinema dekhcho?,False,False
normal,আমি কি করতে পারি?,Bengali,আমি কি করতে পারি?,False,False
normal,তুমি কি গাড়ি চালাচ্ছো?,Bengali,তুমি কি গাড়ি চালাচ্ছো?,False,False
normal,I seem to be very sad.,English,I seem to be very sad.,False,False
normal,তুমি কি office-এ যাচ্ছো?,CodeMix,তুমি কি office-এ যাচ্ছো?,False,False
normal,মেসেঞ্জার গ্রুপে পোল দিলে তো হয়। সবাই কি নেই ওই গ্রুপে?,Bengali,মেসেঞ্জার গ্রুপে পোল দিলে তো হয়। সবাই কি নেই ওই গ্রুপে?,False,False
normal,What is your favorite book? Cyclopedia. And you?,English,What is your favorite book? Cyclopedia. And you?,False,False
normal,What did you do last night?,English,What did you do last night?,False,False
normal,Ajker brishtite rastay onek jam chilo. University pouchhote amar 2 ghonta lege gelo. Class miss hoye gelo. Amar matha kharap hoye jacchilo.,Banglish,Ajker brishtite rastay onek jam chilo. University pouchhote amar 2 ghonta lege gelo. Class miss hoye gelo. Amar matha kharap hoye jacchilo.,False,False
normal,Amar numbere 01736637387 flexiload kore dao 500 taka,Banglish,Amar numbere [PHONE] flexiload kore dao 500 taka,False,True
normal,"Maa boleche bazar theke shutki ar mustard oil niye aste hobe. Tumi jodi free thako, amra ek sathe jete pari, karon amar ekla jete mon chay na.",Banglish,"Maa boleche bazar theke shutki ar mustard oil niye aste hobe. Tumi jodi free thako, amra ek sathe jete pari, karon amar ekla jete mon chay na.",False,False
normal,কঠোর পরিশ্রমই সাফল্যের পথ।,Bengali,কঠোর পরিশ্রমই সাফল্যের পথ।,False,False
normal,আমি কালকে লাইব্রেরি থেকে 'মেঘনাদবধ কাব্য' এনেছি। পড়া শুরু করবো রাতে।,Bengali,আমি কালকে লাইব্রেরি থেকে 'মেঘনাদবধ কাব্য' এনেছি। পড়া শুরু করবো রাতে।,False,False
normal,তোমার এখন কি work হচ্ছে?,CodeMix,তোমার এখন কি work হচ্ছে?,False,False
normal,Inaya amar sathe cartoon dekhe khub moja korse. She notun gaan shikhse ar sobai ke shunalo.,Banglish,Inaya amar sathe cartoon dekhe khub moja korse. She notun gaan shikhse ar sobai ke shunalo.,False,False
normal,আমার প্রিয় মানুষ যারা জীবন নিয়ে আমার পরিবারে সমস্যা আছে সেগুলোকে আমি সমাধান করতে চাই।,Bengali,আমার প্রিয় মানুষ যারা জীবন নিয়ে আমার পরিবারে সমস্যা আছে সেগুলোকে আমি সমাধান করতে চাই।,False,False
normal,কাল রাতে কি করেছো?,Bengali,কাল রাতে কি করেছো?,False,False
normal,"আজকে weather nice, should we go out?",CodeMix,"আজকে weather nice, should we go out?",False,False
normal,Tumi ki bishshobiddaloyey jacho?,Banglish,Tumi ki bishshobiddaloyey jacho?,False,False
normal,"Love is a very precious thing. It needs to be taken care of. Because once love is lost, it can never be found again in life.",English,"Love is a very precious thing. It needs to be taken care of. Because once love is lost, it can never be found again in life.",False,False
normal,Thanks for taking care of my plants while I was away. They look healthier than before!,English,Thanks for taking care of my plants while I was away. They look healthier than before!,False,False
normal,Ajke class test easy chhilo. Sob question familiar laglo. Matha relax hoilo.,Banglish,Ajke class test easy chhilo. Sob question familiar laglo. Matha relax hoilo.,False,False
normal,কাল বিকেলে শাহবাগে বইমেলা ঘুরতে যাবো। তুমি কি সাথে যেতে পারবে?,Bengali,কাল বিকেলে শাহবাগে বইমেলা ঘুরতে যাবো। তুমি কি সাথে যেতে পারবে?,False,False
normal,"Tumi eka noy, amra achi tomar pashe.",Banglish,"Tumi eka noy, amra achi tomar pashe.",False,False
normal,তোমার একটা কথা বলো। তোমার কথা good লাগে।,CodeMix,তোমার একটা কথা বলো। তোমার কথা good লাগে।,False,False
normal,"Kalke family dinner chhilo. Sobai mile boro table e khawa dawa kore golpo korlam. Maa khub happy chhilo, ami o khushi.",Banglish,"Kalke family dinner chhilo. Sobai mile boro table e khawa dawa kore golpo korlam. Maa khub happy chhilo, ami o khushi.",False,False
normal,"Call this number 01873827384, urgent.",English,"Call this number [PHONE] , urgent.",False,True
normal,Recharge my number 01736637387 with TK500 flexiload,English,Recharge my number [PHONE] with TK500 flexiload,False,True
normal,"Hi, ami ekhane.",Banglish,"Hi, ami ekhane.",False,False
normal,আজকে dinner এর জন্য কি plan? তুমি কিছু cook করতে চাও নাকি বাইরে order করি? Let me know।,CodeMix,আজকে dinner এর জন্য কি plan? তুমি কিছু cook করতে চাও নাকি বাইরে order করি? Let me know।,False,False
normal,তুমি কি কাল সকালে ফ্রি আছো? হাঁটতে যেতে চাই।,Bengali,তুমি কি কাল সকালে ফ্রি আছো? হাঁটতে যেতে চাই।,False,False
normal,The weather is so nice today. Perfect for a walk in Ramna Park. Want to join?,English,The weather is so nice today. Perfect for a walk in Ramna Park. Want to join?,False,False
normal,আমাকে urgent call দিন ০১৭২৪৮৩৯৮৫৬ এই number-এ।,CodeMix,আমাকে urgent call দিন [PHONE] এই number-এ।,False,True
normal,"Hi Shumi, তুমি কেমন আছো? আজকে coffee খেতে আসো না? আমাদের অনেক কথা catch up করতে হবে।",CodeMix,"Hi Shumi, তুমি কেমন আছো? আজকে coffee খেতে আসো না? আমাদের অনেক কথা catch up করতে হবে।",False,False
normal,"I can leave a special place in my house, that is for buttons.",English,"I can leave a special place in my house, that is for buttons.",False,False
normal,শুভ দুর্গাপূজা!,Bengali,শুভ দুর্গাপূজা!,False,False
normal,Tomar bhai bon kemon ache?,Banglish,Tomar bhai bon kemon ache?,False,False
normal,তুমি family-এর সাথে আছ?,CodeMix,তুমি family-এর সাথে আছ?,False,False
normal,"Ajke maa ranna ektu experiment korechilo, special biryani. Sobai khub enjoy korlo.",Banglish,"Ajke maa ranna ektu experiment korechilo, special biryani. Sobai khub enjoy korlo.",False,False
normal,Thanks for the delicious dinner yesterday! The fish curry was perfectly spiced and aromatic.,English,Thanks for the delicious dinner yesterday! The fish curry was perfectly spiced and aromatic.,False,False
normal,"Send TK 2000/- to this number 01739838883, bKash Rocket or Nagad",English,"Send TK 2000/- to this number [PHONE] , bKash Rocket or Nagad",False,True
normal,"eta Rakib-er namber, 01763839854 call dis.",Banglish,"eta Rakib-er namber, [PHONE] call dis.",False,True
normal,পাখিরা tree-তে very beautiful গান গায়।,CodeMix,পাখিরা tree-তে very beautiful গান গায়।,False,False
normal,Tomar shahos oshadharon.,Banglish,Tomar shahos oshadharon.,False,False
normal,I hope you succeed!,English,I hope you succeed!,False,False
normal,তুমি কি রবিবার সকালে সময় পাবে? আমরা সবাই ঠিক করেছি মিরপুর বোটানিক্যাল গার্ডেনে ঘুরতে যাবো। চাইলে তুমি আমাদের সাথে যোগ দিতে পারো।,Bengali,তুমি কি রবিবার সকালে সময় পাবে? আমরা সবাই ঠিক করেছি মিরপুর বোটানিক্যাল গার্ডেনে ঘুরতে যাবো। চাইলে তুমি আমাদের সাথে যোগ দিতে পারো।,False,False
normal,"খালা, আপনি কি free থাকবেন? I need to discuss something.",CodeMix,"খালা, আপনি কি free থাকবেন? I need to discuss something.",False,False
normal,Shuvo noboborsher abhinondon!,Banglish,Shuvo noboborsher abhinondon!,False,False
normal,তোমার favorite festival কি?,CodeMix,তোমার favorite festival কি?,False,False
normal,"Emergency, 01672572938 number-এ Bkash করুন।",CodeMix,"Emergency, [PHONE] number-এ Bkash করুন।",False,True
normal,"1500/- taka has been deducted from your account, call for details.",English,"1500/- taka has been deducted from your account, call for details.",False,False
normal,"Hi, how are things?",English,"Hi, how are things?",False,False
normal,Ei ja kon onno jonno etir jonno na keno sheti bishesh holo tai ami eti bolte chai.,Banglish,Ei ja kon onno jonno etir jonno na keno sheti bishesh holo tai ami eti bolte chai.,False,False
normal,০১৭২৯১৭৩৮৯২ numberে Rocket-এ টাকা send করো।,CodeMix,[PHONE] numberে Rocket-এ টাকা send করো।,False,True
normal,"আপনার electricity bill বাকি আছে ৭২০০/- টাকা, urgent।",CodeMix,"আপনার electricity bill বাকি আছে ৭২০০/- টাকা, urgent।",False,False
normal,How is your day going today?,English,How is your day going today?,False,False
normal,"আজ সকালে হাঁটতে বের হয়েছিলাম। বাতাসটা ঠাণ্ডা ছিল, মনে হচ্ছিলো ভীষণ প্রশান্তি। সারাদিন কাজের আগে একটু এনার্জি পেয়ে গেলাম।",Bengali,"আজ সকালে হাঁটতে বের হয়েছিলাম। বাতাসটা ঠাণ্ডা ছিল, মনে হচ্ছিলো ভীষণ প্রশান্তি। সারাদিন কাজের আগে একটু এনার্জি পেয়ে গেলাম।",False,False
normal,Tumi ki boier dokane jachcho?,Banglish,Tumi ki boier dokane jachcho?,False,False
normal,"আমার একাউন্টে ৫০ হাজার টাকা আছে , এই ০১৭৩৮৮৩৮৮৪ নাম্বারে খোলা দেখো চ্যাক করে।",Bengali,"আমার একাউন্টে ৫০ হাজার টাকা আছে , এই [PHONE] নাম্বারে খোলা দেখো চ্যাক করে।",False,True
normal,আজ সকালে হালকা ব্যায়াম করলাম। শরীরটা ফ্রেশ লাগছে।,Bengali,আজ সকালে হালকা ব্যায়াম করলাম। শরীরটা ফ্রেশ লাগছে।,False,False
normal,"Shob thik hoye jabe, chinta koro na.",Banglish,"Shob thik hoye jabe, chinta koro na.",False,False
normal,কালকে bad weather forecast আছে। Should we change our plan?,CodeMix,কালকে bad weather forecast আছে। Should we change our plan?,False,False
normal,Hope your life is prosperous!,English,Hope your life is prosperous!,False,False
normal,"আপনার payment বাকি 800/- টাকা, urgent পরিশোধ করুন।",CodeMix,"আপনার payment বাকি 800/- টাকা, urgent পরিশোধ করুন।",False,False
normal,"Tumi parbe, shudhu lege thako.",Banglish,"Tumi parbe, shudhu lege thako.",False,False
normal,"চাচা, তুমি কি town এ যাবে? Can you drop me at the station?",CodeMix,"চাচা, তুমি কি town এ যাবে? Can you drop me at the station?",False,False
normal,"Shukrobar amar sathe friends picnic e jabe. Food, games ar fun activities plan kora ache.",Banglish,"Shukrobar amar sathe friends picnic e jabe. Food, games ar fun activities plan kora ache.",False,False
normal,Congratulations on your graduation! Such a proud moment for you and the entire family.,English,Congratulations on your graduation! Such a proud moment for you and the entire family.,False,False
normal,আজকে কি plan?,CodeMix,আজকে কি plan?,False,False
normal,Are you going to college?,English,Are you going to college?,False,False
normal,শুভ পোহেলা বৈশাখ!,Bengali,শুভ পোহেলা বৈশাখ!,False,False
normal,তুমি কি কনসার্টে যাচ্ছো?,Bengali,তুমি কি কনসার্টে যাচ্ছো?,False,False
normal,তুমি কি আমার email পেয়েছ? I sent the documents yesterday.,CodeMix,তুমি কি আমার email পেয়েছ? I sent the documents yesterday.,False,False
normal,Tumi কি garden এ যাচ্ছো?,CodeMix,Tumi কি garden এ যাচ্ছো?,False,False
normal,Tumi ki bushe jachcho?,Banglish,Tumi ki bushe jachcho?,False,False
normal,Ami praye shoptahe ekbar mathe jay.,Banglish,Ami praye shoptahe ekbar mathe jay.,False,False
normal,Tumi amar message dekhso but reply korso na keno?,Banglish,Tumi amar message dekhso but reply korso na keno?,False,False
normal,তোমার প্রিয় উৎসব কি?,Bengali,তোমার প্রিয় উৎসব কি?,False,False
normal,আজকে বাসে এক ঘন্টা দেরি হলো। ঢাকা শহরের জ্যামের কোনো সমাধান নেই।,Bengali,আজকে বাসে এক ঘন্টা দেরি হলো। ঢাকা শহরের জ্যামের কোনো সমাধান নেই।,False,False
normal,আজ bike ride করতে যাই? Weather খুব সুন্দর। তুমি join করছো কি? Let’s meet at usual spot around ৭ am,CodeMix,আজ bike ride করতে যাই? Weather খুব সুন্দর। তুমি join করছো কি? Let’s meet at usual spot around ৭ am,False,False
normal,কি হচ্ছে সব আমাকে বল।,Bengali,কি হচ্ছে সব আমাকে বল।,False,False
normal,The weather is beautiful today. Perfect for our planned visit to the botanical garden.,English,The weather is beautiful today. Perfect for our planned visit to the botanical garden.,False,False
normal,Tomar priyo gaan konti?,Banglish,Tomar priyo gaan konti?,False,False
normal,"Ajke raat e Balcony te boshe cha kheye, stars dekhe moja laglo. Weather ekdom perfect chhilo.",Banglish,"Ajke raat e Balcony te boshe cha kheye, stars dekhe moja laglo. Weather ekdom perfect chhilo.",False,False
normal,Where are you going?,English,Where are you going?,False,False
normal,Apni ki korte paren?,Banglish,Apni ki korte paren?,False,False
normal,"Cox’s Bazar trip er plan ready. Hotel book kora hoyeche, bus ticket confirm. Khali tui confirm korle group complete hobe. Please joldi decide kor.",Banglish,"Cox’s Bazar trip er plan ready. Hotel book kora hoyeche, bus ticket confirm. Khali tui confirm korle group complete hobe. Please joldi decide kor.",False,False
normal,আমরা শুক্রবার সবাই মিলে গ্রামের বাড়ি যাচ্ছি। অনেকদিন হয়ে গেছে সবাই একসাথে যাওয়া হয়নি। ভাবছি মাছ ধরবো আর আড্ডা দেবো। তুমি আসবে তো আমাদের সাথে?,Bengali,আমরা শুক্রবার সবাই মিলে গ্রামের বাড়ি যাচ্ছি। অনেকদিন হয়ে গেছে সবাই একসাথে যাওয়া হয়নি। ভাবছি মাছ ধরবো আর আড্ডা দেবো। তুমি আসবে তো আমাদের সাথে?,False,False
normal,A favorite love scene is believed to be on the side of the guest bird.,English,A favorite love scene is believed to be on the side of the guest bird.,False,False
normal,"When you see that your heart is not present during prayer, understand that this is due to weakness of faith. Work hard to strengthen your faith. -[Imam Ibn Qudamah al-Maqdisi (Rah.)]",English,"When you see that your heart is not present during prayer, understand that this is due to weakness of faith. Work hard to strengthen your faith. -[Imam Ibn Qudamah al-Maqdisi (Rah.)]",False,False
normal,"Hi, কেমন কাটছে day-টি?",CodeMix,"Hi, কেমন কাটছে day-টি?",False,False
normal,"সবকিছু okay হবে, আমি জানি।",CodeMix,"সবকিছু okay হবে, আমি জানি।",False,False
normal,"প্রিয় বন্ধু রহিম, তোমার গতকালের ফোনের পর থেকেই তোমার চাকরির ইন্টারভিউর কথা ভাবছি। জানি যে তুমি অনেক প্রস্তুতি নিয়েছো এবং তোমার যোগ্যতা সম্পর্কে আমার কোন সন্দেহ নেই। আগামীকাল সকাল ১০টার ইন্টারভিউতে অবশ্যই ভালো করবে। রাতে তাড়াতাড়ি ঘুমিয়ে যেও এবং সকালে ভালো নাশতা করে যেও। আল্লাহর কাছে তোমার জন্য দোয়া করছি। সফল হওয়ার পর খবর দিও।",Bengali,"প্রিয় বন্ধু রহিম, তোমার গতকালের ফোনের পর থেকেই তোমার চাকরির ইন্টারভিউর কথা ভাবছি। জানি যে তুমি অনেক প্রস্তুতি নিয়েছো এবং তোমার যোগ্যতা সম্পর্কে আমার কোন সন্দেহ নেই। আগামীকাল সকাল ১০টার ইন্টারভিউতে অবশ্যই ভালো করবে। রাতে তাড়াতাড়ি ঘুমিয়ে যেও এবং সকালে ভালো নাশতা করে যেও। আল্লাহর কাছে তোমার জন্য দোয়া করছি। সফল হওয়ার পর খবর দিও।",False,False
normal,Ei time টাও কেটে যাবে।,CodeMix,Ei time টাও কেটে যাবে।,False,False
normal,Assalamu Alaikum.,English,Assalamu Alaikum.,False,False
normal,"Ami r Adhika park e ghurte giyechilam, roller slide e o khub moja korse. Tore dekhale tumi o enjoy korta.",Banglish,"Ami r Adhika park e ghurte giyechilam, roller slide e o khub moja korse. Tore dekhale tumi o enjoy korta.",False,False
normal,আমাদের কলেজে আগামী মাসে বার্ষিক অনুষ্ঠান হবে। সবাই প্রস্তুতি নিচ্ছে।,Bengali,আমাদের কলেজে আগামী মাসে বার্ষিক অনুষ্ঠান হবে। সবাই প্রস্তুতি নিচ্ছে।,False,False
normal,Allegiance to injustice can become an obstacle in the path of honor. — Collected,English,Allegiance to injustice can become an obstacle in the path of honor. — Collected,False,False
normal,Happy Lakshmi Puja!,English,Happy Lakshmi Puja!,False,False
normal,"Dhoirjo dhoro, shob thik hoye jabe.",Banglish,"Dhoirjo dhoro, shob thik hoye jabe.",False,False
normal,tumi ki khela dekhcho?,Banglish,tumi ki khela dekhcho?,False,False
normal,01729173862 number e rocket e taka pathan.,Banglish,[PHONE] number e rocket e taka pathan.,False,True
normal,"তোমার পাশে আছি, কোনো চিন্তা কোরো না।",Bengali,"তোমার পাশে আছি, কোনো চিন্তা কোরো না।",False,False
normal,Are you cooking?,English,Are you cooking?,False,False
normal,01927382894 number-এ call করুন।,CodeMix,[PHONE] number-এ call করুন।,False,True
normal,আমি আগামী সপ্তাহে চট্টগ্রাম যাচ্ছি অফিসের কাজে। তোমার কোনো প্রয়োজন থাকলে বলে দিও।,Bengali,আমি আগামী সপ্তাহে চট্টগ্রাম যাচ্ছি অফিসের কাজে। তোমার কোনো প্রয়োজন থাকলে বলে দিও।,False,False
normal,কালকে কি আমাদের exam আছে? I need to prepare tonight.,CodeMix,কালকে কি আমাদের exam আছে? I need to prepare tonight.,False,False
normal,তোমার পাশে a guardian আছে। Thank you।,CodeMix,তোমার পাশে a guardian আছে। Thank you।,False,False
normal,Your due amount of 5000TK needs immediate payment.,English,Your due amount of 5000TK needs immediate payment.,False,False
normal,আমি একটি বার্তা পাচ্ছি এই যা কোন আপনি হল এই যা পেলাম এই যা সমাধান দেয় এই যা অন্য একটি সমাধান দেয়।,Bengali,আমি একটি বার্তা পাচ্ছি এই যা কোন আপনি হল এই যা পেলাম এই যা সমাধান দেয় এই যা অন্য একটি সমাধান দেয়।,False,False
normal,তুমি কি transport catch করতে পেরেছ? Let me know when you reach.,CodeMix,তুমি কি transport catch করতে পেরেছ? Let me know when you reach.,False,False
normal,01729172964 number-এ Rocket-এ টাকা পাঠান।,CodeMix,[PHONE] number-এ Rocket-এ টাকা পাঠান।,False,True
normal,নতুন রেস্টুরেন্টটা ট্রাই করেছো?,Bengali,নতুন রেস্টুরেন্টটা ট্রাই করেছো?,False,False
normal,Ami sokale ekta coffee kheyechi.,Banglish,Ami sokale ekta coffee kheyechi.,False,False
normal,মা বলেছে শুক্রবার সবাই মিলে গ্রামের বাড়ি যেতে হবে। তুমি কি সাথে যাচ্ছো? একটু আগে সিদ্ধান্ত জানাও।,Bengali,মা বলেছে শুক্রবার সবাই মিলে গ্রামের বাড়ি যেতে হবে। তুমি কি সাথে যাচ্ছো? একটু আগে সিদ্ধান্ত জানাও।,False,False
normal,Shokale hate jabe?,Banglish,Shokale hate jabe?,False,False
normal,"(কষ্ট নেবে কষ্ট হরেক রকম pain আছে কষ্ট নেবে কষ্ট ! Red কষ্ট blue কষ্ট কাঁচা yellow রঙের কষ্ট পাথর চাপা green grass-এর white কষ্ট, light-এর মাঝে black-এর কষ্ট 'multi-color' কষ্ট আছে কষ্ট নেবে কষ্ট। -Helal Hafiz",CodeMix,"(কষ্ট নেবে কষ্ট হরেক রকম pain আছে কষ্ট নেবে কষ্ট ! Red কষ্ট blue কষ্ট কাঁচা yellow রঙের কষ্ট পাথর চাপা green grass-এর white কষ্ট, light-এর মাঝে black-এর কষ্ট 'multi-color' কষ্ট আছে কষ্ট নেবে কষ্ট। -Helal Hafiz",False,False
normal,Kalke amader family sobai ek sathe Bashundhara City te shopping korte giyechilam. Onno rokom moja holo. Tore sathe next time plan korte hobe.,Banglish,Kalke amader family sobai ek sathe Bashundhara City te shopping korte giyechilam. Onno rokom moja holo. Tore sathe next time plan korte hobe.,False,False
normal,ami ekTi bishesh lok hishebe porichito kore ekTi mohan ebong byaparTi er moddhe ekTa shomadhan deowa hoy.,Banglish,ami ekTi bishesh lok hishebe porichito kore ekTi mohan ebong byaparTi er moddhe ekTa shomadhan deowa hoy.,False,False
normal,01729173849 এই number-এ call করুন।,CodeMix,[PHONE] এই number-এ call করুন।,False,True
normal,Ki khobor tomader?,Banglish,Ki khobor tomader?,False,False
normal,Chotto break নিতে চাই। তুমি চাইলে আসো।,CodeMix,Chotto break নিতে চাই। তুমি চাইলে আসো।,False,False
normal,Happy Durga Puja!,English,Happy Durga Puja!,False,False
normal,"দুঃখিত, আমি মিটিংয়ে পরে ফোন করবো।",Bengali,"দুঃখিত, আমি মিটিংয়ে পরে ফোন করবো।",False,False
normal,আজকে dinner জন্য কি plan? তুমি cook করতে চাও নাকি বাইরে order করি? Let me know before ৭ pm and coordinate,CodeMix,আজকে dinner জন্য কি plan? তুমি cook করতে চাও নাকি বাইরে order করি? Let me know before ৭ pm and coordinate,False,False
normal,"প্রিয় শিক্ষার্থী, আপনার টিউশন ফি আজ পর্যন্ত ৩২,৪৫০.০০ টাকা বকেয়া আছে। (পূর্বের লেট ফাইন ও বকেয়াসহ) চলতি মাসের টিউশন ফি (জরিমানা ছাড়া) ১০ই সেপ্টেম্বর, ২০২৪ মধ্যে পরিশোধ করুন। বিস্তারিত https://student.iubat.edu.bd/ লগইন করুন। (IUBAT)",Bengali,"প্রিয় শিক্ষার্থী, আপনার টিউশন ফি আজ পর্যন্ত ৩২,৪৫০.০০ টাকা বকেয়া আছে। (পূর্বের লেট ফাইন ও বকেয়াসহ) চলতি মাসের টিউশন ফি (জরিমানা ছাড়া) ১০ই সেপ্টেম্বর, ২০২৪ মধ্যে পরিশোধ করুন। বিস্তারিত [URL] লগইন করুন। (IUBAT)",True,False
normal,"আপনার account থেকে ১৫০০/- টাকা কাটা হয়েছে, বিস্তারিত জানতে call করুন।",CodeMix,"আপনার account থেকে ১৫০০/- টাকা কাটা হয়েছে, বিস্তারিত জানতে call করুন।",False,False
normal,Shuvo Pohela Boishakh!,CodeMix,Shuvo Pohela Boishakh!,False,False
normal,I was introduced as a special person and given a solution with greatness and importance.,English,I was introduced as a special person and given a solution with greatness and importance.,False,False
normal,"Kal ratre ghumate pari ni, continuous cough e.",Banglish,"Kal ratre ghumate pari ni, continuous cough e.",False,False
normal,আমি কিছু বলতে পারছি না।,CodeMix,আমি কিছু বলতে পারছি না।,False,False
normal,শুভ ঈদ-উল-ফিতর!,Bengali,শুভ ঈদ-উল-ফিতর!,False,False
normal,"আন্টি, আপনার পরিবারের সবাই ভালো আছেন? অনেক দিন দেখা নেই।",Bengali,"আন্টি, আপনার পরিবারের সবাই ভালো আছেন? অনেক দিন দেখা নেই।",False,False
normal,Bondhura kemon achho?,Banglish,Bondhura kemon achho?,False,False
normal,"Jokhon tumi dekhbe, namaj-er moddhe tomar ontoro uposhthito thakche na, tokhon bujhe nebe, eta iman-er durbolatar karon. Kathor porishrom koro nijer iman-ke mojbut korar jonno. - [Imam Ibnu Kudamah Al Makdishi (Rah.)]",Banglish,"Jokhon tumi dekhbe, namaj-er moddhe tomar ontoro uposhthito thakche na, tokhon bujhe nebe, eta iman-er durbolatar karon. Kathor porishrom koro nijer iman-ke mojbut korar jonno. - [Imam Ibnu Kudamah Al Makdishi (Rah.)]",False,False
normal,"আজকে road repair করা হচ্ছে, I will be late by 15 minutes.",CodeMix,"আজকে road repair করা হচ্ছে, I will be late by 15 minutes.",False,False
normal,I want to do business with a new organization.,English,I want to do business with a new organization.,False,False
normal,০১৯২৭২৮২৮৯৩ এই নাম্বারে দ্রুত টাকা পাঠাও।,Bengali,[PHONE] এই নাম্বারে দ্রুত টাকা পাঠাও।,False,True
normal,আজ কি করব?,Bengali,আজ কি করব?,False,False
normal,Tumi ki kheladhula korcho?,Banglish,Tumi ki kheladhula korcho?,False,False
normal,Where are you?,English,Where are you?,False,False
normal,আজকে অফিসে প্রচুর কাজ ছিল। বস বারবার রিপোর্ট চাইছিলেন। তবে টিমওয়ার্ক ভালো হওয়ায় শেষ করতে পেরেছি।,Bengali,আজকে অফিসে প্রচুর কাজ ছিল। বস বারবার রিপোর্ট চাইছিলেন। তবে টিমওয়ার্ক ভালো হওয়ায় শেষ করতে পেরেছি।,False,False
normal,Tumi ki shopping mall e jaccho?,Banglish,Tumi ki shopping mall e jaccho?,False,False
normal,Kalke amar ekjon old friend rastay dekha hoye gelo. Onar sathe boshe ek cup cha kheye onek purono golpo holo. Amar din ta special hoye gelo.,Banglish,Kalke amar ekjon old friend rastay dekha hoye gelo. Onar sathe boshe ek cup cha kheye onek purono golpo holo. Amar din ta special hoye gelo.,False,False
normal,শাওন বলছিলো আগামী সপ্তাহে একটা ছোট্ট ট্রিপে যাবে। তুমি কি যাবে আমাদের সাথে?,Bengali,শাওন বলছিলো আগামী সপ্তাহে একটা ছোট্ট ট্রিপে যাবে। তুমি কি যাবে আমাদের সাথে?,False,False
normal,আজ কি সিনেমা দেখবে?,Bengali,আজ কি সিনেমা দেখবে?,False,False
normal,01672572938 number-e bKash korun.,Banglish,[PHONE] number-e bKash korun.,False,True
normal,০১৬৭২৫৭৩৮৪৮ নাম্বারে কল করুন।,Bengali,[PHONE] নাম্বারে কল করুন।,False,True
normal,আজকে কি free আছো? আমার তোমার সাথে কথা আছে about our project.,CodeMix,আজকে কি free আছো? আমার তোমার সাথে কথা আছে about our project.,False,False
normal,"নানা, আজ আপনার ঔষধ খাওয়ার সময়। রিমাইন্ডার দিলাম।",Bengali,"নানা, আজ আপনার ঔষধ খাওয়ার সময়। রিমাইন্ডার দিলাম।",False,False
normal,"Amar mobile er charger kharap hoye geche, tai pura din khub problematic laglo. Kalke ekta new charger kinbo. Tui jodi free thakish, sathe chalish.",Banglish,"Amar mobile er charger kharap hoye geche, tai pura din khub problematic laglo. Kalke ekta new charger kinbo. Tui jodi free thakish, sathe chalish.",False,False
normal,"Hi Arif, library study session কাল হবে। তুমি join করছো কি? Let’s meet around ৬ pm এবং notes share করি",CodeMix,"Hi Arif, library study session কাল হবে। তুমি join করছো কি? Let’s meet around ৬ pm এবং notes share করি",False,False
normal,"প্রিয় বোন সুমি, তোমার পরীক্ষার ফলাফল নিয়ে আমি খুবই গর্বিত। এইচএসসিতে গোল্ডেন A+ পাওয়া সত্যিই একটা বড় ব্যাপার এবং আমি জানি তুমি কতটা কঠোর পরিশ্রম করেছো গত দুই বছর। এখন বিশ্ববিদ্যালয় ভর্তির প্রস্তুতি নেওয়ার সময় এসেছে। ঢাকা বিশ্ববিদ্যালয়ে ইংরেজি বিভাগে তোমার চান্স অনেক ভালো, তবে প্রস্তুতি নিতে হবে ভালোভাবে। আগামী সপ্তাহে ঢাকায় এলে তোমার জন্য কোচিং এর ব্যবস্থা করে দেবো।",Bengali,"প্রিয় বোন সুমি, তোমার পরীক্ষার ফলাফল নিয়ে আমি খুবই গর্বিত। এইচএসসিতে গোল্ডেন A+ পাওয়া সত্যিই একটা বড় ব্যাপার এবং আমি জানি তুমি কতটা কঠোর পরিশ্রম করেছো গত দুই বছর। এখন বিশ্ববিদ্যালয় ভর্তির প্রস্তুতি নেওয়ার সময় এসেছে। ঢাকা বিশ্ববিদ্যালয়ে ইংরেজি বিভাগে তোমার চান্স অনেক ভালো, তবে প্রস্তুতি নিতে হবে ভালোভাবে। আগামী সপ্তাহে ঢাকায় এলে তোমার জন্য কোচিং এর ব্যবস্থা করে দেবো।",False,False
normal,What will you eat? Meat curry is being cooked today. You?,English,What will you eat? Meat curry is being cooked today. You?,False,False
normal,"কি খবর, hi?",CodeMix,"কি খবর, hi?",False,False
normal,"আপনার একাউন্ট থেকে ১০০০/- টাকা প্রদান করা হয়েছে, অভিযোগ করতে কল করুন।",Bengali,"আপনার একাউন্ট থেকে ১০০০/- টাকা প্রদান করা হয়েছে, অভিযোগ করতে কল করুন।",False,False
normal,তুমি কি terminal এ পৌঁছেছ? Let me know when you arrive.,CodeMix,তুমি কি terminal এ পৌঁছেছ? Let me know when you arrive.,False,False
normal,Apni kemon achen?,Banglish,Apni kemon achen?,False,False
normal,Will you watch a movie today?,English,Will you watch a movie today?,False,False
normal,Kalke stadium e cricket match dekhlam. Bangladesh last over e win korlo. Crowd pura cheer korlo.,Banglish,Kalke stadium e cricket match dekhlam. Bangladesh last over e win korlo. Crowd pura cheer korlo.,False,False
normal,"Hi Rafiq, কালকের meeting time confirm করেছো কি? আমি prepare করতে চাই, so kindly reply as soon as possible",CodeMix,"Hi Rafiq, কালকের meeting time confirm করেছো কি? আমি prepare করতে চাই, so kindly reply as soon as possible",False,False
normal,What are you reading today?,English,What are you reading today?,False,False
normal,"আপনার due 6000/- টাকা, দ্রুত payment করুন।",CodeMix,"আপনার due 6000/- টাকা, দ্রুত payment করুন।",False,False
normal,শুভ পয়লা বৈশাখের প্রীতি ও শুভেচ্ছা!,Bengali,শুভ পয়লা বৈশাখের প্রীতি ও শুভেচ্ছা!,False,False
normal,What do you want to tell me?,English,What do you want to tell me?,False,False
normal,বৃষ্টি না থাকলে খুব গরম হয়।,Bengali,বৃষ্টি না থাকলে খুব গরম হয়।,False,False
normal,তুমি কি সিনেমা দেখছো?,Bengali,তুমি কি সিনেমা দেখছো?,False,False
normal,শুভ জন্মদিন!,Bengali,শুভ জন্মদিন!,False,False
normal,এই যা আমি একটি সমাধান দেওয়া হয় যে সমাধান দিতে হবে।,Bengali,এই যা আমি একটি সমাধান দেওয়া হয় যে সমাধান দিতে হবে।,False,False
normal,"Time কম তাড়াতাড়ি টাকা send করো, আমি leave হয়ে যাবো, আমার Bkash 01728288292",CodeMix,"Time কম তাড়াতাড়ি টাকা send করো, আমি leave হয়ে যাবো, আমার Bkash [PHONE]",False,True
normal,"এই number-এ 2000/- টাকা send করো 01739838883, Bkash Rocket বা Nagad-এ",CodeMix,"এই number-এ 2000/- টাকা send করো [PHONE] , Bkash Rocket বা Nagad-এ",False,True
normal,Kothor porishrom i shafollatar chabikathi.,Banglish,Kothor porishrom i shafollatar chabikathi.,False,False
normal,"Dinner time e amake wait korte hobe kina janina, karon office e abar overtime diche. Tumi jodi thako tahole amar jonno kichu ranna kore rakhba.",Banglish,"Dinner time e amake wait korte hobe kina janina, karon office e abar overtime diche. Tumi jodi thako tahole amar jonno kichu ranna kore rakhba.",False,False
normal,Are you going to the bookstore?,English,Are you going to the bookstore?,False,False
normal,তুমি কি গান শুনছো?,Bengali,তুমি কি গান শুনছো?,False,False
normal,"Hi Rafiq, meeting time কাল confirm করেছো কি? আমি ready করতে চাই, so kindly reply as soon as possible",CodeMix,"Hi Rafiq, meeting time কাল confirm করেছো কি? আমি ready করতে চাই, so kindly reply as soon as possible",False,False
normal,Ajkey ami ekta notun restaurant-e jabo.,Banglish,Ajkey ami ekta notun restaurant-e jabo.,False,False
normal,"আপনার একাউন্ট থেকে ২০০০/- টাকা কাটা হয়েছে, বিস্তারিত জানতে কল করুন।",Bengali,"আপনার একাউন্ট থেকে ২০০০/- টাকা কাটা হয়েছে, বিস্তারিত জানতে কল করুন।",False,False
normal,"আমি ভালো আছি, আপনি কেমন আছেন?",Bengali,"আমি ভালো আছি, আপনি কেমন আছেন?",False,False
normal,Raysha school এ যাবে কি? I will drop her।,CodeMix,Raysha school এ যাবে কি? I will drop her।,False,False
normal,তুমি কি theatre-এ যাচ্ছো?,CodeMix,তুমি কি theatre-এ যাচ্ছো?,False,False
normal,"Call this number 01672592871, I need money.",English,"Call this number [PHONE] , I need money.",False,True
normal,"Inaya ajke school e onek moja koreche, new rhymes shikhe abar amader ke geye shunacche. Tui next time ashbi tahole o tomar sathe o gaan gabo.",Banglish,"Inaya ajke school e onek moja koreche, new rhymes shikhe abar amader ke geye shunacche. Tui next time ashbi tahole o tomar sathe o gaan gabo.",False,False
normal,"Don't be sad, everything will be fine.",English,"Don't be sad, everything will be fine.",False,False
normal,"তোমারি eyes-ই courtyard-এ, এখনো কি তেমনি করে ছড়ায় light? এখনো কি star-এর দিকে চেয়ে থাকো আন মনে? তুমি কি আমায় আগের মত love করো ভাল?",CodeMix,"তোমারি eyes-ই courtyard-এ, এখনো কি তেমনি করে ছড়ায় light? এখনো কি star-এর দিকে চেয়ে থাকো আন মনে? তুমি কি আমায় আগের মত love করো ভাল?",False,False
normal,কাজটা কি শেষ হয়েছে? I need to submit it by tomorrow।,CodeMix,কাজটা কি শেষ হয়েছে? I need to submit it by tomorrow।,False,False
normal,Thanks for the delicious homemade sweets! They were perfectly made and brought back childhood memories.,English,Thanks for the delicious homemade sweets! They were perfectly made and brought back childhood memories.,False,False
normal,Messenger group-e poll diley to hoy. Shobai ki nei oi group-e?,Banglish,Messenger group-e poll diley to hoy. Shobai ki nei oi group-e?,False,False
normal,আমার জন্য একটু অপেক্ষা করো। I am running late। 20 minutes এর মধ্যে চলে আসছি।,CodeMix,আমার জন্য একটু অপেক্ষা করো। I am running late। 20 minutes এর মধ্যে চলে আসছি।,False,False
normal,I need to read a story.,English,I need to read a story.,False,False
normal,Shubho Kolkatar Kolyan Mela!,Banglish,Shubho Kolkatar Kolyan Mela!,False,False
normal,Happy birthday! Hope you have a wonderful day filled with joy.,English,Happy birthday! Hope you have a wonderful day filled with joy.,False,False
normal,কালকে class এ আসবা তো? Let’s go together from বাসা।,CodeMix,কালকে class এ আসবা তো? Let’s go together from বাসা।,False,False
normal,"বোন, আগামীকাল আমাদের পিকনিক। তুমি কি নিয়ে আসবে?",Bengali,"বোন, আগামীকাল আমাদের পিকনিক। তুমি কি নিয়ে আসবে?",False,False
normal,Good morning! The sunrise looks beautiful today. Perfect weather for our morning walk together.,English,Good morning! The sunrise looks beautiful today. Perfect weather for our morning walk together.,False,False
normal,আজ দুপুরে হঠাৎ বন্ধুর ফোন পেলাম। অনেকদিন পর কথা হলো। জীবনের অনেক নতুন খবর শেয়ার করলো।,Bengali,আজ দুপুরে হঠাৎ বন্ধুর ফোন পেলাম। অনেকদিন পর কথা হলো। জীবনের অনেক নতুন খবর শেয়ার করলো।,False,False
normal,Shubho November!,Banglish,Shubho November!,False,False
normal,আজ সকালে হঠাৎ প্রচুর বৃষ্টি হলো। রাস্তাঘাট ভিজে গেছে। মনে হচ্ছে আজ কোথাও যাওয়া যাবে না।,Bengali,আজ সকালে হঠাৎ প্রচুর বৃষ্টি হলো। রাস্তাঘাট ভিজে গেছে। মনে হচ্ছে আজ কোথাও যাওয়া যাবে না।,False,False
normal,"আজকে দুপুরে কাবাব খেতে খেতে মনে পড়লো, তুমি গত বছর বলেছিলে এই রেস্টুরেন্টে যেও। সত্যিই দারুণ লেগেছে।",Bengali,"আজকে দুপুরে কাবাব খেতে খেতে মনে পড়লো, তুমি গত বছর বলেছিলে এই রেস্টুরেন্টে যেও। সত্যিই দারুণ লেগেছে।",False,False
normal,০১৭২৯১৭৩৮৯২ নাম্বারে রকেটে টাকা পাঠাও।,Bengali,[PHONE] নাম্বারে রকেটে টাকা পাঠাও।,False,True
normal,01672573857 number-e bKash korun.,Banglish,[PHONE] number-e bKash korun.,False,True
normal,"০১৬৭২৫৮৩৭৮৯ number-এ call করুন, আমার টাকা দরকার।",CodeMix,"[PHONE] number-এ call করুন, আমার টাকা দরকার।",False,True
normal,শুভ সন্ধ্যা!,Bengali,শুভ সন্ধ্যা!,False,False
normal,আজকে Sunday। Let’s plan something fun আজ।,CodeMix,আজকে Sunday। Let’s plan something fun আজ।,False,False
normal,তুমি কি সুইমিং করছো?,Bengali,তুমি কি সুইমিং করছো?,False,False
normal,I can say that I am in my own love.,English,I can say that I am in my own love.,False,False
normal,আজ dinner জন্য কি plan? তুমি cook করতে চাও নাকি outside order করি? Let me know before ৮ pm,CodeMix,আজ dinner জন্য কি plan? তুমি cook করতে চাও নাকি outside order করি? Let me know before ৮ pm,False,False
normal,Happy Maha Ashtami!,English,Happy Maha Ashtami!,False,False
normal,Kalke amar school er old friend sathe rastay dekha hoye gelo. Onar sathe boshe ek cup cha kheye onek purono golpo kora holo. Amar mon khushi hoye gelo.,Banglish,Kalke amar school er old friend sathe rastay dekha hoye gelo. Onar sathe boshe ek cup cha kheye onek purono golpo kora holo. Amar mon khushi hoye gelo.,False,False
normal,tumi ki amar kache aste chao?,Banglish,tumi ki amar kache aste chao?,False,False
normal,Tumi ekhon busy naki? Ektu kotha ache.,Banglish,Tumi ekhon busy naki? Ektu kotha ache.,False,False
normal,I'm going to hang out with my year-round friends.,English,I'm going to hang out with my year-round friends.,False,False
normal,oti druto bidyut bill ar khalar bill dile khubui upokrito hoitam. khala bar bar bolteche. ektu tora gurutto shathe dekho. khub upokar hoy.,Banglish,oti druto bidyut bill ar khalar bill dile khubui upokrito hoitam. khala bar bar bolteche. ektu tora gurutto shathe dekho. khub upokar hoy.,False,False
normal,"০১৮৭৩৮২৭৩৮৪ এই number-এ call করুন, urgent।",CodeMix,"[PHONE] এই number-এ call করুন, urgent।",False,True
normal,"ওহ, আমি সিরিজগুলো দেখতে শুরু করেছি, কিন্তু এখন খেলাধুলা আর ঘুরাঘুরি ছাড়া সময় পাচ্ছি না। মি. রোবট সিজন ২ শুরু করেছি, হ্যাকিং নিয়ে, বেশ রিয়েলিস্টিক। তবে কাজের মধ্যে বিরতি দেওয়া কঠিন।",Bengali,"ওহ, আমি সিরিজগুলো দেখতে শুরু করেছি, কিন্তু এখন খেলাধুলা আর ঘুরাঘুরি ছাড়া সময় পাচ্ছি না। মি. রোবট সিজন ২ শুরু করেছি, হ্যাকিং নিয়ে, বেশ রিয়েলিস্টিক। তবে কাজের মধ্যে বিরতি দেওয়া কঠিন।",False,False
normal,Reminder: Our cousin's wedding is next week. Have you bought the gift yet?,English,Reminder: Our cousin's wedding is next week. Have you bought the gift yet?,False,False
normal,The movie was hilarious! Thanks for suggesting it. We should have more movie nights like this.,English,The movie was hilarious! Thanks for suggesting it. We should have more movie nights like this.,False,False
normal,আজ সকালে জ্যামে এক ঘণ্টা আটকে ছিলাম। অফিস পৌঁছাতে অনেক দেরি হলো। ঢাকা শহরের এই ট্রাফিক সমস্যা আর কতদিন চলবে কে জানে।,Bengali,আজ সকালে জ্যামে এক ঘণ্টা আটকে ছিলাম। অফিস পৌঁছাতে অনেক দেরি হলো। ঢাকা শহরের এই ট্রাফিক সমস্যা আর কতদিন চলবে কে জানে।,False,False
normal,আমার জন্য একটু অপেক্ষা করো। I am running late। 35 minutes এর মধ্যে চলে আসছি।,CodeMix,আমার জন্য একটু অপেক্ষা করো। I am running late। 35 minutes এর মধ্যে চলে আসছি।,False,False
normal,"আম্মু, আমি বাজার করে আসছি। কিছু দরকার হলে ফোন করবেন।",Bengali,"আম্মু, আমি বাজার করে আসছি। কিছু দরকার হলে ফোন করবেন।",False,False
normal,আজকের plan কি?,CodeMix,আজকের plan কি?,False,False
normal,"Call 01827382785, টাকা দরকার।",CodeMix,"Call [PHONE] , টাকা দরকার।",False,True
normal,"I have TK 50,000 in my account, check if it is open in this number: 0173883884",English,"I have TK 50,000 in my account, check if it is open in this number: [PHONE]",False,True
normal,আজ সকালে হাঁটতে বের হলাম। ঠাণ্ডা বাতাসে মন ফ্রেশ হলো।,Bengali,আজ সকালে হাঁটতে বের হলাম। ঠাণ্ডা বাতাসে মন ফ্রেশ হলো।,False,False
normal,তুমি কি cooking করছো?,CodeMix,তুমি কি cooking করছো?,False,False
normal,"দুনিয়া achievement নয়, দুনিয়া বিমুখীতাতেই রয়েছে body ও mind-এর প্রশান্তি। - [উমার ইবনুল খাত্তাব (রা)]",CodeMix,"দুনিয়া achievement নয়, দুনিয়া বিমুখীতাতেই রয়েছে body ও mind-এর প্রশান্তি। - [উমার ইবনুল খাত্তাব (রা)]",False,False
normal,"Ki khobor, kemon acho?",Banglish,"Ki khobor, kemon acho?",False,False
normal,Dad is near home today.,English,Dad is near home today.,False,False
normal,শুভ Valentine's Day!,CodeMix,শুভ Valentine's Day!,False,False
normal,"০১৮২৭২৮৩৮৯২ এই নাম্বারে কল করুন, জরুরি।",Bengali,"[PHONE] এই নাম্বারে কল করুন, জরুরি।",False,True
normal,Ekhane obosthan korte chao?,Banglish,Ekhane obosthan korte chao?,False,False
normal,Mejban পাখি পক্ষে প্রিয় প্রেমের এক scene বিশ্বাস করা হয়।,CodeMix,Mejban পাখি পক্ষে প্রিয় প্রেমের এক scene বিশ্বাস করা হয়।,False,False
normal,Congratulations on your new house! It looks beautiful and spacious. Perfect for your growing family!,English,Congratulations on your new house! It looks beautiful and spacious. Perfect for your growing family!,False,False
normal,01927289372 ei number e call korun.,Banglish,[PHONE] ei number e call korun.,False,True
normal,"You are not alone, we are by your side.",English,"You are not alone, we are by your side.",False,False
normal,আজকে মা পায়েস বানিয়েছে। চাইলে তুমি এসে খেয়ে যেতে পারো।,Bengali,আজকে মা পায়েস বানিয়েছে। চাইলে তুমি এসে খেয়ে যেতে পারো।,False,False
normal,এই holy month-এ তোমার সবকিছু ভালো হোক!,CodeMix,এই holy month-এ তোমার সবকিছু ভালো হোক!,False,False
normal,Weekend-এ friends-দের সঙ্গে picnic-এ যাব।,CodeMix,Weekend-এ friends-দের সঙ্গে picnic-এ যাব।,False,False
normal,"Hello, ki korcho?",Banglish,"Hello, ki korcho?",False,False
normal,Shubho Boishakhi!,Banglish,Shubho Boishakhi!,False,False
normal,তুমি কি নতুন গানটা শুনেছো? সত্যিই দারুণ লেগেছে।,Bengali,তুমি কি নতুন গানটা শুনেছো? সত্যিই দারুণ লেগেছে।,False,False
normal,Send money via Rocket to this number: 01738293765,English,Send money via Rocket to this number: [PHONE],False,True
normal,"Cricket match ta dekhlam, Bangladesh khub bhalo khelche.",Banglish,"Cricket match ta dekhlam, Bangladesh khub bhalo khelche.",False,False
normal,"ভাই, তুমি কি কালকে college যাবে? Let's go together, আমার class আছে।",CodeMix,"ভাই, তুমি কি কালকে college যাবে? Let's go together, আমার class আছে।",False,False
normal,"কালকে problem হওয়ায় program cancel, so we can do something else.",CodeMix,"কালকে problem হওয়ায় program cancel, so we can do something else.",False,False
normal,"আপনার account থেকে ২০০০/- টাকা cut হয়েছে, details জানতে call করুন।",CodeMix,"আপনার account থেকে ২০০০/- টাকা cut হয়েছে, details জানতে call করুন।",False,False
normal,"তুমি নিজের উপর বিশ্বাস রাখো, সব কিছু সম্ভব।",Bengali,"তুমি নিজের উপর বিশ্বাস রাখো, সব কিছু সম্ভব।",False,False
normal,Ajke bazar theke notun shobji kinlam. Khub fresh chhilo. Maa khushi hoye onek ranna korte bollo.,Banglish,Ajke bazar theke notun shobji kinlam. Khub fresh chhilo. Maa khushi hoye onek ranna korte bollo.,False,False
normal,"Ajker class er moddhe group project discussion chilo. Amar group khub active chilo, amra sobai ek sathe valo kach korlam.",Banglish,"Ajker class er moddhe group project discussion chilo. Amar group khub active chilo, amra sobai ek sathe valo kach korlam.",False,False
normal,"তোমার capability unlimited, সামনে এগিয়ে যাও।",CodeMix,"তোমার capability unlimited, সামনে এগিয়ে যাও।",False,False
normal,"আব্বু, আজ বৃষ্টি হচ্ছে। আপনি ছাতা নিয়ে বের হবেন।",Bengali,"আব্বু, আজ বৃষ্টি হচ্ছে। আপনি ছাতা নিয়ে বের হবেন।",False,False
normal,"Dear student, your tuition fee of 22,900.00TK is pending (including previous late fees). Pay current month's tuition (without fine) by 20 September 2024. Details: https://student.ulab.edu.bd/ (ULAB)",English,"Dear student, your tuition fee of 22,900.00TK is pending (including previous late fees). Pay current month's tuition (without fine) by 20 September 2024. Details: [URL] (ULAB)",True,False
normal,আমি এখন কি বলতে পারি না।,Bengali,আমি এখন কি বলতে পারি না।,False,False
normal,Thanks for helping me move furniture yesterday. Couldn't have managed without your support.,English,Thanks for helping me move furniture yesterday. Couldn't have managed without your support.,False,False
normal,"Ajke raat e Inaya amar sathe story share korse, sobai hashilo. Fun evening chhilo.",Banglish,"Ajke raat e Inaya amar sathe story share korse, sobai hashilo. Fun evening chhilo.",False,False
normal,Are you going to the office?,English,Are you going to the office?,False,False
normal,আমি যেন খুব দুঃখিত হইছি।,Bengali,আমি যেন খুব দুঃখিত হইছি।,False,False
normal,আজ অফিস থেকে তাড়াতাড়ি বের হলাম। তাই ভাবলাম তোমার সাথে দেখা করে যাই।,Bengali,আজ অফিস থেকে তাড়াতাড়ি বের হলাম। তাই ভাবলাম তোমার সাথে দেখা করে যাই।,False,False
normal,I am not for my side.,English,I am not for my side.,False,False
normal,"গত সপ্তাহে নতুন একটা বই কিনেছিলাম। নামটা দারুণ ইন্টারেস্টিং, পড়া শুরু করতেই গল্পে ডুবে গেছি। কালকে শেষ করার চেষ্টা করবো।",Bengali,"গত সপ্তাহে নতুন একটা বই কিনেছিলাম। নামটা দারুণ ইন্টারেস্টিং, পড়া শুরু করতেই গল্পে ডুবে গেছি। কালকে শেষ করার চেষ্টা করবো।",False,False
normal,"01927283765 ei number e bKash korun, druto.",Banglish,"[PHONE] ei number e bKash korun, druto.",False,True
normal,কেমন আছে আপনার দিনটি?,Bengali,কেমন আছে আপনার দিনটি?,False,False
normal,আজকে কি তুমi swimming যাবে? Let's go together in the afternoon.,CodeMix,আজকে কি তুমi swimming যাবে? Let's go together in the afternoon.,False,False
normal,"জরুরি, ০১৯৩৭২৮৩৮৯৪ এই নাম্বারে রকেটে টাকা পাঠান।",Bengali,"জরুরি, [PHONE] এই নাম্বারে রকেটে টাকা পাঠান।",False,True
normal,"তুমি কি প্রিয় বই পড়ছো? হ্যাঁ, বিখ্যাত বই পড়ি।",Bengali,"তুমি কি প্রিয় বই পড়ছো? হ্যাঁ, বিখ্যাত বই পড়ি।",False,False
normal,তুমি কি রবিবার ফ্রি আছো? আমরা কয়েকজন মিলে কনসার্টে যাচ্ছি। চাইলে তোমিও আমাদের সাথে যেতে পারো।,Bengali,তুমি কি রবিবার ফ্রি আছো? আমরা কয়েকজন মিলে কনসার্টে যাচ্ছি। চাইলে তোমিও আমাদের সাথে যেতে পারো।,False,False
normal,"I started reading the book, finding it very interesting.",English,"I started reading the book, finding it very interesting.",False,False
normal,Dinner কোথায় খাবো? I feel like having Chinese food আজ।,CodeMix,Dinner কোথায় খাবো? I feel like having Chinese food আজ।,False,False
normal,Happy November!,English,Happy November!,False,False
normal,"Mom, I'll be late for dinner tonight. Meeting is running longer than expected.",English,"Mom, I'll be late for dinner tonight. Meeting is running longer than expected.",False,False
normal,Your talent is extraordinary.,English,Your talent is extraordinary.,False,False
normal,আজ সকালে হালকা ব্যায়াম করলাম। শরীরটা ফ্রেশ লাগছে। প্রতিদিন নিয়মিত করলে আরও ভালো লাগবে।,Bengali,আজ সকালে হালকা ব্যায়াম করলাম। শরীরটা ফ্রেশ লাগছে। প্রতিদিন নিয়মিত করলে আরও ভালো লাগবে।,False,False
normal,Ki khabe? Machher curry. Tumi ki pochhondo koro?,Banglish,Ki khabe? Machher curry. Tumi ki pochhondo koro?,False,False
normal,01672573879 number-e druto bKash korun.,Banglish,[PHONE] number-e druto bKash korun.,False,True
normal,Ei shomoyto o kete jabe.,Banglish,Ei shomoyto o kete jabe.,False,False
normal,"Ajker din ta pura chill, internet e browsing ar music sunte sunte time katlo.",Banglish,"Ajker din ta pura chill, internet e browsing ar music sunte sunte time katlo.",False,False
normal,আপনার জন্য একটি গল্প আছে?,Bengali,আপনার জন্য একটি গল্প আছে?,False,False
normal,Send 500 TK to this number 01927283871 via Rocket.,English,Send 500 TK to this number [PHONE] via Rocket.,False,True
normal,Attobisshash niye shamne egiye jao.,Banglish,Attobisshash niye shamne egiye jao.,False,False
normal,"আসক্তের মতো ভালবাসবেন না, ধ্বংসাত্মকভাবে কাউকে ঘৃণা করবেন না। - [উমার ইবনুল খাত্তাব ( রাঃ)]",CodeMix,"আসক্তের মতো ভালবাসবেন না, ধ্বংসাত্মকভাবে কাউকে ঘৃণা করবেন না। - [উমার ইবনুল খাত্তাব ( রাঃ)]",False,False
normal,byabasahi howa oporadh na kintu rajnitik probhab khatiye byabasahi howa boro oporadh. karon ei byabasahider orjito taker beshirbhag e ashe shadharon manush er roktoshoha taka theke. — Redowan Masud,Banglish,byabasahi howa oporadh na kintu rajnitik probhab khatiye byabasahi howa boro oporadh. karon ei byabasahider orjito taker beshirbhag e ashe shadharon manush er roktoshoha taka theke. — Redowan Masud,False,False
normal,Are you going to the meeting?,English,Are you going to the meeting?,False,False
normal,তুমি কি cinema hall এ যাচ্ছো?,CodeMix,তুমি কি cinema hall এ যাচ্ছো?,False,False
normal,"Oh, ami series gulo dekhte shuru korechi, kintu ekhon kheladhula ar ghuraghuri chhara shomoy pachhi na. Mr. Robot season 2 shuru korechi, hacking niye, besh realistic. Tobe kajer moddhe birotidewa kothin.",Banglish,"Oh, ami series gulo dekhte shuru korechi, kintu ekhon kheladhula ar ghuraghuri chhara shomoy pachhi na. Mr. Robot season 2 shuru korechi, hacking niye, besh realistic. Tobe kajer moddhe birotidewa kothin.",False,False
normal,Are you watching movies?,English,Are you watching movies?,False,False
normal,"মামি, আপনার রান্নার রেসিপিটা পাঠাবেন? খুব ভালো লেগেছিল।",Bengali,"মামি, আপনার রান্নার রেসিপিটা পাঠাবেন? খুব ভালো লেগেছিল।",False,False
normal,"আপনার account থেকে 1000/- টাকা payment করা হয়েছে, complaint করতে call করুন।",CodeMix,"আপনার account থেকে 1000/- টাকা payment করা হয়েছে, complaint করতে call করুন।",False,False
normal,"Never hurt someone you love out of anger. Don't ignore loved ones in anger, or you may lose life's most precious thing - the person you love.",English,"Never hurt someone you love out of anger. Don't ignore loved ones in anger, or you may lose life's most precious thing - the person you love.",False,False
normal,"ফারহান, তোমার project report finished? I need to submit mine tomorrow.",CodeMix,"ফারহান, তোমার project report finished? I need to submit mine tomorrow.",False,False
normal,"ki khobor, hello?",Banglish,"ki khobor, hello?",False,False
normal," তারা আমাদের ভাই-বোনদের মৃত্যুর ভয় দেখিয়ে দমিয়ে রাখতে চায়, অথচ আমাদের পেছনে রয়েছে বদর, খন্দক, তাবুকের মতো শত শত স্মৃতি। - [কবি আল মাহমুদ]",Bengali,"তারা আমাদের ভাই-বোনদের মৃত্যুর ভয় দেখিয়ে দমিয়ে রাখতে চায়, অথচ আমাদের পেছনে রয়েছে বদর, খন্দক, তাবুকের মতো শত শত স্মৃতি। - [কবি আল মাহমুদ]",False,False
normal,Hope you're enjoying your vacation in Sylhet! The tea gardens must look absolutely breathtaking right now.,English,Hope you're enjoying your vacation in Sylhet! The tea gardens must look absolutely breathtaking right now.,False,False
normal,আমার শরীরটা আজকে খুব খারাপ লাগছে। মাথা ব্যথা আর জ্বর এসেছে। মনে হচ্ছে কাল অফিসে যেতে পারবো না।,Bengali,আমার শরীরটা আজকে খুব খারাপ লাগছে। মাথা ব্যথা আর জ্বর এসেছে। মনে হচ্ছে কাল অফিসে যেতে পারবো না।,False,False
normal,01729173862 এই number এ Rocket এ টাকা পাঠান।,CodeMix,[PHONE] এই number এ Rocket এ টাকা পাঠান।,False,True
normal,আমি যে ব্যাপারটি অনেক দুঃখ পেয়েছি সেটি হল বাসায় থাকা।,CodeMix,আমি যে ব্যাপারটি অনেক দুঃখ পেয়েছি সেটি হল বাসায় থাকা।,False,False
normal,"Power is like sunlight, some get enlightened by it and some get burned and destroyed.",English,"Power is like sunlight, some get enlightened by it and some get burned and destroyed.",False,False
normal,Are you going to the garden?,English,Are you going to the garden?,False,False
normal,"আমার account এ 50 হাজার taka আছে , এই 01738838884 number এ খোলা দেখো check করে।",CodeMix,"আমার account এ 50 হাজার taka আছে , এই [PHONE] number এ খোলা দেখো check করে।",False,True
normal,০১৭৩৮২৯৩৭৬৫ এই number-এ Rocket-এ money পাঠান।,CodeMix,[PHONE] এই number-এ Rocket-এ money পাঠান।,False,True
normal,পরশু কি তুমি free থাকবে? We need to finalize the tour package.,CodeMix,পরশু কি তুমি free থাকবে? We need to finalize the tour package.,False,False
normal,Call number 01827283963.,English,Call number [PHONE] .,False,True
normal,The new coffee shop near the university has excellent cappuccino.,English,The new coffee shop near the university has excellent cappuccino.,False,False
normal,The surprise baby shower was perfect! Everyone loved the decorations and games. Can't wait to meet the little one!,English,The surprise baby shower was perfect! Everyone loved the decorations and games. Can't wait to meet the little one!,False,False
normal,"Apnar account theke 3000/- taka kata hoyeche, call korun.",Banglish,"Apnar account theke 3000/- taka kata hoyeche, call korun.",False,False
normal,কেমন আছো?,Bengali,কেমন আছো?,False,False
normal,আজ সকালে নতুন কফি শপে বসে কাজ করেছি। শান্ত পরিবেশ ছিল।,Bengali,আজ সকালে নতুন কফি শপে বসে কাজ করেছি। শান্ত পরিবেশ ছিল।,False,False
normal,"Dear student, your tuition fee is TK 24,500.00 due till today. (Including previous late fine and dues) Pay current month's tuition fee (without penalty) by September 30, 2024. For details login https://student.iba-du.edu.bd/. (IBA)",English,"Dear student, your tuition fee is TK 24,500.00 due till today. (Including previous late fine and dues) Pay current month's tuition fee (without penalty) by September 30, 2024. For details login [URL] (IBA)",True,False
normal,আমার জন্য কোনো নতুন খবর আছে?,Bengali,আমার জন্য কোনো নতুন খবর আছে?,False,False
normal,বিদ্যালয়ের বই পড়া খুব পছন্দ।,Bengali,বিদ্যালয়ের বই পড়া খুব পছন্দ।,False,False
normal,"Hyan, boshe thakle shomoy katano kothin hoy. Ami YouTube-eo dekhechi, abar Dark series-eo chilo.",Banglish,"Hyan, boshe thakle shomoy katano kothin hoy. Ami YouTube-eo dekhechi, abar Dark series-eo chilo.",False,False
normal,tumi ki trene jaccho?,Banglish,tumi ki trene jaccho?,False,False
normal,তুমি কি village-এ যাচ্ছো?,CodeMix,তুমি কি village-এ যাচ্ছো?,False,False
normal,"সবকিছু ঠিকঠাক হবে, আমি জানি।",Bengali,"সবকিছু ঠিকঠাক হবে, আমি জানি।",False,False
normal,What are you doing in the afternoon?,English,What are you doing in the afternoon?,False,False
normal,"আপনার প্যাকেজের ডেলিভারি আজ হবে, ০১৯৮৭৬৫৪৩২১ এই নাম্বারে কল করুন আরও তথ্যের জন্য।",Bengali,"আপনার প্যাকেজের ডেলিভারি আজ হবে, [PHONE] এই নাম্বারে কল করুন আরও তথ্যের জন্য।",False,True
normal,Thanks for helping me move yesterday. Couldn't have done it without your support and friendship.,English,Thanks for helping me move yesterday. Couldn't have done it without your support and friendship.,False,False
normal,Kalke Sadiqa class e ekta natok koreche. She dialogue pura confident vabe bolse. Teacher appreciate kore clap dilo.,Banglish,Kalke Sadiqa class e ekta natok koreche. She dialogue pura confident vabe bolse. Teacher appreciate kore clap dilo.,False,False
normal,"Tawhid হলো সমস্ত prayer, সমস্ত crying, help চেয়ে সমস্ত request, সমস্ত hope এবং সকল benefit-এর arrival ও সকল damage prevention-এর জন্য prayer অন্য কেউ নয় বরং কেবলই Allah-র purpose-এ হতে হবে। - [Imam Muhammad Ali Ash-Shawkani (Al Dur Al-Nadid)]",CodeMix,"Tawhid হলো সমস্ত prayer, সমস্ত crying, help চেয়ে সমস্ত request, সমস্ত hope এবং সকল benefit-এর arrival ও সকল damage prevention-এর জন্য prayer অন্য কেউ নয় বরং কেবলই Allah-র purpose-এ হতে হবে। - [Imam Muhammad Ali Ash-Shawkani (Al Dur Al-Nadid)]",False,False
normal,Kalke adda e shobai aslo kintu tui ashte parli na. Tor absence onek miss kora gelo. Next time please ekta din free rakhi sobai jeno thakte pare.,Banglish,Kalke adda e shobai aslo kintu tui ashte parli na. Tor absence onek miss kora gelo. Next time please ekta din free rakhi sobai jeno thakte pare.,False,False
normal,Eid Mubarak!,English,Eid Mubarak!,False,False
normal,Movieটা কেমন ছিল? আমি শুনেছি এটা must-watch।,CodeMix,Movieটা কেমন ছিল? আমি শুনেছি এটা must-watch।,False,False
normal,"Hi Arif, কালকে football খেলা হবে। তুমি আসছো কি? আমরা early morning মিলব usual place এ।",CodeMix,"Hi Arif, কালকে football খেলা হবে। তুমি আসছো কি? আমরা early morning মিলব usual place এ।",False,False
normal,"Hi, kemon katche din ta?",Banglish,"Hi, kemon katche din ta?",False,False
normal,"Train e uthe gelam, 2 ghonta por Sylhet pochabo.",Banglish,"Train e uthe gelam, 2 ghonta por Sylhet pochabo.",False,False
normal,"Tumi eka nou, amra achi.",Banglish,"Tumi eka nou, amra achi.",False,False
normal,Love খুব expensive জিনিস। যত্ন করে রাখতে হয়। কারন love একবার হারিয়ে গেলে life-এ আর কোনো দিন ফিরে পাওয়া যায় না।,CodeMix,Love খুব expensive জিনিস। যত্ন করে রাখতে হয়। কারন love একবার হারিয়ে গেলে life-এ আর কোনো দিন ফিরে পাওয়া যায় না।,False,False
normal,"এটা Rakib এর number, 01763839854 call দিস।",CodeMix,"এটা Rakib এর number, [PHONE] call দিস।",False,True
normal,"Inaya ajke notun ekta poem shikhlo, 'Twinkle Twinkle' abar abar geye amader bore kore dilo. Tobe maja laglo dekhe she ekhon English shikheche bhalo vabe.",Banglish,"Inaya ajke notun ekta poem shikhlo, 'Twinkle Twinkle' abar abar geye amader bore kore dilo. Tobe maja laglo dekhe she ekhon English shikheche bhalo vabe.",False,False
normal,আমি কি তোমার কাছে কিছু বলতে পারি?,Bengali,আমি কি তোমার কাছে কিছু বলতে পারি?,False,False
normal,"This is what makes it special for whatever other reason, so I want to say this.",English,"This is what makes it special for whatever other reason, so I want to say this.",False,False
normal,Emergency ০১৭৩৮২৮৭৩৬৫ নাম্বারে টাকা পাঠান।,CodeMix,Emergency [PHONE] নাম্বারে টাকা পাঠান।,False,True
normal,পরশু কি তুমি free থাকবে? I want to show you the new apartment.,CodeMix,পরশু কি তুমি free থাকবে? I want to show you the new apartment.,False,False
normal,"০১৮২৭২৮৩৮৯২ এই number-এ call করুন, emergency।",CodeMix,"[PHONE] এই number-এ call করুন, emergency।",False,True
normal,আজ বিকেলে এক কাপ কফি খেতে খেতে পুরোনো দিনের কথা মনে পড়ছিল।,Bengali,আজ বিকেলে এক কাপ কফি খেতে খেতে পুরোনো দিনের কথা মনে পড়ছিল।,False,False
normal,Thanks for the book recommendation! I finished it last night and loved every page of it.,English,Thanks for the book recommendation! I finished it last night and loved every page of it.,False,False
normal,I won't go to any work today.,English,I won't go to any work today.,False,False
normal,"Everything ঠিক হয়ে যাবে, worry করো না।",CodeMix,"Everything ঠিক হয়ে যাবে, worry করো না।",False,False
normal,It would be helpful if aunt's bill was paid  can't pay it  please help and pay aunt's bill,English,It would be helpful if aunt's bill was paid can't pay it please help and pay aunt's bill,False,False
normal,কালকের training session cancel হয়েছে। নতুন date পরে জানানো হবে। Please inform all teammates এবং reschedule করা দরকার,CodeMix,কালকের training session cancel হয়েছে। নতুন date পরে জানানো হবে। Please inform all teammates এবং reschedule করা দরকার,False,False
normal,Good morning! Don't forget about our lunch meeting at 2 PM today at the usual place.,English,Good morning! Don't forget about our lunch meeting at 2 PM today at the usual place.,False,False
normal,"Hello, কেমন আছো?",CodeMix,"Hello, কেমন আছো?",False,False
normal,০১৮২৭৩৮২৯১৮ এই number-এ urgent money পাঠান।,CodeMix,[PHONE] এই number-এ urgent money পাঠান।,False,True
normal,Tumi ki gram-e jachcho?,Banglish,Tumi ki gram-e jachcho?,False,False
normal,আমি প্রায় সপ্তাহে একবার মাঠে যায়।,Bengali,আমি প্রায় সপ্তাহে একবার মাঠে যায়।,False,False
normal,"হাই, কেমন আছো?",Bengali,"হাই, কেমন আছো?",False,False
normal,তোমার day কেমন চলছে?,CodeMix,তোমার day কেমন চলছে?,False,False
normal,Ajker rastar jam dekhe matha gorom hoye jacchilo. Metro niye jawar karone ektu bacha gelo. Bus e thakle aro deri hoto.,Banglish,Ajker rastar jam dekhe matha gorom hoye jacchilo. Metro niye jawar karone ektu bacha gelo. Bus e thakle aro deri hoto.,False,False
normal,কাল রাতে বাংলাদেশ আর ভারতের খেলা দেখলাম। ম্যাচটা একেবারে শেষ পর্যন্ত উত্তেজনাপূর্ণ ছিল। বন্ধুদের সাথে দারুণ সময় কাটলো।,Bengali,কাল রাতে বাংলাদেশ আর ভারতের খেলা দেখলাম। ম্যাচটা একেবারে শেষ পর্যন্ত উত্তেজনাপূর্ণ ছিল। বন্ধুদের সাথে দারুণ সময় কাটলো।,False,False
normal,Can you get me a tea?,English,Can you get me a tea?,False,False
normal,tumi ki gari chalaccho?,Banglish,tumi ki gari chalaccho?,False,False
normal,শুভ কার্তিক পূর্ণিমা!,Bengali,শুভ কার্তিক পূর্ণিমা!,False,False
normal,"Sorry, I'm in a meeting, will call later.",English,"Sorry, I'm in a meeting, will call later.",False,False
normal,ki korbe tumi?,Banglish,ki korbe tumi?,False,False
normal,আমি একটি বাংলা ছোট গল্প পড়তে চাই।,Bengali,আমি একটি বাংলা ছোট গল্প পড়তে চাই।,False,False
normal,Ei ja ami je onek shomoy pelam sheti hol somadhhan ebong mulyo hol ekti mahan ebong ekti jonopri,Banglish,Ei ja ami je onek shomoy pelam sheti hol somadhhan ebong mulyo hol ekti mahan ebong ekti jonopri,False,False
normal,আমি একটি story পড়তে হবে।,CodeMix,আমি একটি story পড়তে হবে।,False,False
normal,kemon katchhe din ta?,Banglish,kemon katchhe din ta?,False,False
normal,"Raysha painting korte giye floor e mess kore dile, kintu she khub cute lagse. Sobai hashilo.",Banglish,"Raysha painting korte giye floor e mess kore dile, kintu she khub cute lagse. Sobai hashilo.",False,False
normal,I'm volunteering at the local orphanage this weekend. Very rewarding experience.,English,I'm volunteering at the local orphanage this weekend. Very rewarding experience.,False,False
normal,তুমি কি bus catch করতে পেরেছ? Let me know when you reach Mohakhali.,CodeMix,তুমি কি bus catch করতে পেরেছ? Let me know when you reach Mohakhali.,False,False
normal,"০১৬৭২৫৯২৮৯৭ এই number-এ call করুন, আমার টাকা দরকার।",CodeMix,"[PHONE] এই number-এ call করুন, আমার টাকা দরকার।",False,True
normal,Barir pashe ekti mejban rakha hoy.,Banglish,Barir pashe ekti mejban rakha hoy.,False,False
normal,Lunch এ কোথায় যাব? I feel like having pizza আজ।,CodeMix,Lunch এ কোথায় যাব? I feel like having pizza আজ।,False,False
normal,Tomar family te shobai bhalo ache? Khoj khobor nio na keno?,Banglish,Tomar family te shobai bhalo ache? Khoj khobor nio na keno?,False,False
normal,কালকে class এ আসবে? আমরা বাসা থেকে একসাথে যাই। After class coffee খেতে যেতে পারি এবং discuss some notes,CodeMix,কালকে class এ আসবে? আমরা বাসা থেকে একসাথে যাই। After class coffee খেতে যেতে পারি এবং discuss some notes,False,False
normal,Can I tell you something?,English,Can I tell you something?,False,False
normal,"Tumi onek shoktishali, sahos rekho.",Banglish,"Tumi onek shoktishali, sahos rekho.",False,False
normal,Ajker din ta purota brishtir modhye katlam. Office pouchhote amar 2 ghonta lege gelo jam er karone. Ekdom exhausted hoye giyechi. Tore mone hochhe tumi abar gari niye jachho?,Banglish,Ajker din ta purota brishtir modhye katlam. Office pouchhote amar 2 ghonta lege gelo jam er karone. Ekdom exhausted hoye giyechi. Tore mone hochhe tumi abar gari niye jachho?,False,False
normal,আমি অনেক সময় মিলার মধ্যে পান তা হল আমি একটি মহান এবং আমি অন্য ব্যপারের মধ্যে আমার প্রেমের অমন্ত্রণ দিতে পারি।,Bengali,আমি অনেক সময় মিলার মধ্যে পান তা হল আমি একটি মহান এবং আমি অন্য ব্যপারের মধ্যে আমার প্রেমের অমন্ত্রণ দিতে পারি।,False,False
normal,Shubho Bhalobasha Dibosh!,Banglish,Shubho Bhalobasha Dibosh!,False,False
normal,What will you eat today? Fish curry. What do you like?,English,What will you eat today? Fish curry. What do you like?,False,False
normal,Bidyuter chalar proyog kora hoy.,Banglish,Bidyuter chalar proyog kora hoy.,False,False
normal,Congratulations on your engagement! So happy for both of you. When is the wedding planned?,English,Congratulations on your engagement! So happy for both of you. When is the wedding planned?,False,False
normal,"তুমি যা করতে পারো, তা অসাধারণ।",Bengali,"তুমি যা করতে পারো, তা অসাধারণ।",False,False
normal,"আমি আজকে নতুন ফোন কিনেছি, Samsung Galaxy A15। দামটা একটু বেশি হয়েছে, কিন্তু ক্যামেরা একদম অসাধারণ!",Bengali,"আমি আজকে নতুন ফোন কিনেছি, Samsung Galaxy A15। দামটা একটু বেশি হয়েছে, কিন্তু ক্যামেরা একদম অসাধারণ!",False,False
normal,Subornia sandhya!,Banglish,Subornia sandhya!,False,False
normal,Asha kori tomar shomosto ichcha puron hok!,Banglish,Asha kori tomar shomosto ichcha puron hok!,False,False
normal,"ভাই, তুমি কি airport এ যাবে? Can you drop me on your way?",CodeMix,"ভাই, তুমি কি airport এ যাবে? Can you drop me on your way?",False,False
normal,আম্মা বলছে তুমি অনেকদিন বাসায় আসোনি। এবার একদিন দেখা করে যেও।,Bengali,আম্মা বলছে তুমি অনেকদিন বাসায় আসোনি। এবার একদিন দেখা করে যেও।,False,False
normal,সকালে হাঁটতে যাবে?,Bengali,সকালে হাঁটতে যাবে?,False,False
normal,"হ্যাঁ, আমাদের time লাগছিল।",CodeMix,"হ্যাঁ, আমাদের time লাগছিল।",False,False
normal,"Sister, can you help me with my math homework after school?",English,"Sister, can you help me with my math homework after school?",False,False
normal,Dinner এ কোথায় যাব? I feel like having Chinese food আজ।,CodeMix,Dinner এ কোথায় যাব? I feel like having Chinese food আজ।,False,False
normal,সকালে bus-এ ভিড় লাগছে।,CodeMix,সকালে bus-এ ভিড় লাগছে।,False,False
normal,"Shomoy nai, 01729182893 ei number e bKash korun.",Banglish,"Shomoy nai, [PHONE] ei number e bKash korun.",False,True
normal,পরশু কি তুমি free থাকবে? We need to meet.,CodeMix,পরশু কি তুমি free থাকবে? We need to meet.,False,False
normal,তুমি কি আজ বিকেলে ক্রিকেট ম্যাচ দেখবে? বাংলাদেশ খেলছে পাকিস্তানের সাথে।,Bengali,তুমি কি আজ বিকেলে ক্রিকেট ম্যাচ দেখবে? বাংলাদেশ খেলছে পাকিস্তানের সাথে।,False,False
normal," আসক্তের মতো ভালবাসবেন না, ধ্বংসাত্মকভাবে কাউকে ঘৃণা করবেন না। - [উমার ইবনুল খাত্তাব ( রাঃ)]",Bengali,"আসক্তের মতো ভালবাসবেন না, ধ্বংসাত্মকভাবে কাউকে ঘৃণা করবেন না। - [উমার ইবনুল খাত্তাব ( রাঃ)]",False,False
normal,শুভ Boishakhi!,CodeMix,শুভ Boishakhi!,False,False
normal,01873828174 এই number এ taka পাঠান।,CodeMix,[PHONE] এই number এ taka পাঠান।,False,True
normal,কালকে কি আমাদের viva exam আছে? I need to prepare tonight.,CodeMix,কালকে কি আমাদের viva exam আছে? I need to prepare tonight.,False,False
normal,"Don't be like you, let me be like a star.",English,"Don't be like you, let me be like a star.",False,False
normal,"Ajke cricket match chilo Bangladesh vs Pakistan. Last over porjonto pura excitement thaklo. Jodio Bangladesh hara gelo, crowd er energy onek bhalo chhilo.",Banglish,"Ajke cricket match chilo Bangladesh vs Pakistan. Last over porjonto pura excitement thaklo. Jodio Bangladesh hara gelo, crowd er energy onek bhalo chhilo.",False,False
normal,আজ bike ride করতে যাই? Weather খুব সুন্দর। তুমি join করছো কি? Let’s meet at usual spot।,CodeMix,আজ bike ride করতে যাই? Weather খুব সুন্দর। তুমি join করছো কি? Let’s meet at usual spot।,False,False
normal,শুভ বৈশাখী!,Bengali,শুভ বৈশাখী!,False,False
normal,"দাদু, আপনার ওষুধ খাওয়ার সময় হয়েছে। ভুলে যাবেন না।",Bengali,"দাদু, আপনার ওষুধ খাওয়ার সময় হয়েছে। ভুলে যাবেন না।",False,False
normal,"Ajker office meeting onek lamba holo, manager onek boro plan niye discussion korlo. Amar matha ektu ghure jacchilo, but ekdom bhalo experience holo.",Banglish,"Ajker office meeting onek lamba holo, manager onek boro plan niye discussion korlo. Amar matha ektu ghure jacchilo, but ekdom bhalo experience holo.",False,False
normal,01927283792 ei namber-e Rocket-e taka pathan.,Banglish,[PHONE] ei namber-e Rocket-e taka pathan.,False,True
normal,The concert last night was incredible. You should have come!,English,The concert last night was incredible. You should have come!,False,False
normal,What to eat? Fish curry. What do you like?,English,What to eat? Fish curry. What do you like?,False,False
normal,01672583987 number-e taka pathao.,Banglish,[PHONE] number-e taka pathao.,False,True
normal,Good luck with your presentation tomorrow. You're well prepared and will definitely impress them.,English,Good luck with your presentation tomorrow. You're well prepared and will definitely impress them.,False,False
normal,"Dear student, your tuition fee outstanding till today is 30,450.00 taka. (Including previous late fine and arrears) Pay current month's tuition fee (without fine) by September 18, 2024. For details login https://student.daffodil.edu.bd/ (Daffodil)",English,"Dear student, your tuition fee outstanding till today is 30,450.00 taka. (Including previous late fine and arrears) Pay current month's tuition fee (without fine) by September 18, 2024. For details login [URL] (Daffodil)",True,False
normal,What's the plan today?,English,What's the plan today?,False,False
normal,"Yes, বসে থাকলে time pass করা difficult হয়। আমি YouTube-ও দেখেছি, আবার dark series-এও ছিল।",CodeMix,"Yes, বসে থাকলে time pass করা difficult হয়। আমি YouTube-ও দেখেছি, আবার dark series-এও ছিল।",False,False
normal,Hope your visa interview goes smoothly tomorrow. You have all documents ready perfectly.,English,Hope your visa interview goes smoothly tomorrow. You have all documents ready perfectly.,False,False
normal,তুমি কি মিউজিয়ামে যাচ্ছো?,Bengali,তুমি কি মিউজিয়ামে যাচ্ছো?,False,False
normal,"Hello, কেমন আছেন আপনি?",CodeMix,"Hello, কেমন আছেন আপনি?",False,False
normal,পরের সপ্তাহে কক্সবাজার যাওয়ার প্ল্যান করছি। সমুদ্র দেখতে উত্তেজনা আছে।,Bengali,পরের সপ্তাহে কক্সবাজার যাওয়ার প্ল্যান করছি। সমুদ্র দেখতে উত্তেজনা আছে।,False,False
normal,Happy Pohela Boishakh এর শুভেচ্ছা!,CodeMix,Happy Pohela Boishakh এর শুভেচ্ছা!,False,False
normal,Ajker apnar din kemon katche?,Banglish,Ajker apnar din kemon katche?,False,False
normal,"Dukkito, amar roommate ra onek shomoy nilo, ekhon jete pari?",Banglish,"Dukkito, amar roommate ra onek shomoy nilo, ekhon jete pari?",False,False
normal,"Takar kotha bolle i she uthe chole jay, ami or kache 3 lakh taka pai",Banglish,"Takar kotha bolle i she uthe chole jay, ami or kache 3 lakh taka pai",False,False
normal,শুভ Saraswati Puja!,CodeMix,শুভ Saraswati Puja!,False,False
normal,Ajker weather report kemon? Brishti hobe naki?,Banglish,Ajker weather report kemon? Brishti hobe naki?,False,False
normal,"আমি ঠিক আছি, ধন্যবাদ।",Bengali,"আমি ঠিক আছি, ধন্যবাদ।",False,False
normal,Ami ekti notun protishthaaner beboshay korte chai.,Banglish,Ami ekti notun protishthaaner beboshay korte chai.,False,False
normal,Are you going to school?,English,Are you going to school?,False,False
normal,"তুমি যা করতে পারো, তা extraordinary।",CodeMix,"তুমি যা করতে পারো, তা extraordinary।",False,False
normal,Send money to this number 01927283987 via Rocket.,English,Send money to this number [PHONE] via Rocket.,False,True
normal,"তোমার আগে কোনো বই পড়েছি? হ্যাঁ, অনেক বই পড়েছি। তুমি কি?",Bengali,"তোমার আগে কোনো বই পড়েছি? হ্যাঁ, অনেক বই পড়েছি। তুমি কি?",False,False
normal,Ekta golpo bolo. Ekbare.,Banglish,Ekta golpo bolo. Ekbare.,False,False
normal,Congratulations on your son's graduation! Such a proud moment for the whole family. Well deserved success!,English,Congratulations on your son's graduation! Such a proud moment for the whole family. Well deserved success!,False,False
normal,"মামা, Eid gift জন্য কিছু buy করতে হবে। Shall we go together to Jamuna Future Park? Enjoy shopping এবং choose gifts wisely",CodeMix,"মামা, Eid gift জন্য কিছু buy করতে হবে। Shall we go together to Jamuna Future Park? Enjoy shopping এবং choose gifts wisely",False,False
normal,"If you pay the electricity bill and aunt's bill quickly, I would benefit a lot. Aunt keeps saying. Please take it seriously. It would be very helpful.",English,"If you pay the electricity bill and aunt's bill quickly, I would benefit a lot. Aunt keeps saying. Please take it seriously. It would be very helpful.",False,False
normal,কালকের training session cancel হয়েছে। নতুন date পরে জানানো হবে। Please inform all teammates।,CodeMix,কালকের training session cancel হয়েছে। নতুন date পরে জানানো হবে। Please inform all teammates।,False,False
normal,Shubho probhat!,Banglish,Shubho probhat!,False,False
normal,"নানা, আপনার ঔষধের সময় হয়েছে। খেতে ভুলবেন না।",Bengali,"নানা, আপনার ঔষধের সময় হয়েছে। খেতে ভুলবেন না।",False,False
normal,"কখনো মনে হয় সব যে ডিস্ট্রাক্শন,  এই মোবাইল ইন্টারনেট  এই অনলাইন দুনিয়া, সবাই এমন ভাবে ভিতরে ঢুকসে যে এসব ছাড়া সিঙ্গেল একটা ডে স্পেন্ড করা কঠিন",Bengali,"কখনো মনে হয় সব যে ডিস্ট্রাক্শন, এই মোবাইল ইন্টারনেট এই অনলাইন দুনিয়া, সবাই এমন ভাবে ভিতরে ঢুকসে যে এসব ছাড়া সিঙ্গেল একটা ডে স্পেন্ড করা কঠিন",False,False
normal,আজকে কি করছ?,CodeMix,আজকে কি করছ?,False,False
normal,"If you resort to injustice for success, remember you are not successful. — Thomas Carlyle",English,"If you resort to injustice for success, remember you are not successful. — Thomas Carlyle",False,False
normal,asha kori tomar jibon shomriddho hok!,Banglish,asha kori tomar jibon shomriddho hok!,False,False
normal,"সাহস রেখো, সাফল্য তোমার অপেক্ষায়।",Bengali,"সাহস রেখো, সাফল্য তোমার অপেক্ষায়।",False,False
normal,আজকে কি ক্লাস আছে? I am confused about the schedule।,CodeMix,আজকে কি ক্লাস আছে? I am confused about the schedule।,False,False
normal,০১৭২৯১৭২৯৪৯ এই number-এ Rocket-এ money পাঠান।,CodeMix,[PHONE] এই number-এ Rocket-এ money পাঠান।,False,True
normal,The cricket match was thrilling! Bangladesh played exceptionally well. What a fantastic victory celebration!,English,The cricket match was thrilling! Bangladesh played exceptionally well. What a fantastic victory celebration!,False,False
normal,Kani chhoto ekta chobi ankse ar fridge e lagalo. Khub cute lagse.,Banglish,Kani chhoto ekta chobi ankse ar fridge e lagalo. Khub cute lagse.,False,False
normal,শুভ অক্টোবর!,Bengali,শুভ অক্টোবর!,False,False
normal,শুভ হোলি!,Bengali,শুভ হোলি!,False,False
normal,"প্রিয় দাদু, আমি এইমাত্র ডাক্তারের কাছ থেকে ফিরে এলাম এবং আপনার রিপোর্টের ব্যাপারে ভালো খবর পেয়েছি। ডাঃ করিম সাহেব বলেছেন যে আপনার সুগারের মাত্রা এখন নিয়ন্ত্রণে আছে এবং ব্লাড প্রেসারও স্বাভাবিক। তবে তিনি বলেছেন নিয়মিত হাঁটাচলা করতে এবং লবণ কম খেতে। আমি আগামী সপ্তাহে আবার আপনার সাথে ডাক্তারের কাছে যাবো এবং তার পরামর্শ অনুযায়ী আপনার ডায়েট চার্ট তৈরি করবো। আপনি চিন্তা করবেন না, সব ঠিক হয়ে যাবে।",Bengali,"প্রিয় দাদু, আমি এইমাত্র ডাক্তারের কাছ থেকে ফিরে এলাম এবং আপনার রিপোর্টের ব্যাপারে ভালো খবর পেয়েছি। ডাঃ করিম সাহেব বলেছেন যে আপনার সুগারের মাত্রা এখন নিয়ন্ত্রণে আছে এবং ব্লাড প্রেসারও স্বাভাবিক। তবে তিনি বলেছেন নিয়মিত হাঁটাচলা করতে এবং লবণ কম খেতে। আমি আগামী সপ্তাহে আবার আপনার সাথে ডাক্তারের কাছে যাবো এবং তার পরামর্শ অনুযায়ী আপনার ডায়েট চার্ট তৈরি করবো। আপনি চিন্তা করবেন না, সব ঠিক হয়ে যাবে।",False,False
normal,"সব কিছু ঠিক হয়ে যাবে, ধৈর্য ধরো।",Bengali,"সব কিছু ঠিক হয়ে যাবে, ধৈর্য ধরো।",False,False
normal,ভালো সময় আবার আসবে।,Bengali,ভালো সময় আবার আসবে।,False,False
normal,"Hello, kemon achen?",Banglish,"Hello, kemon achen?",False,False
normal,What will we do tomorrow?,English,What will we do tomorrow?,False,False
normal,The surprise party was perfect! Everyone had such a wonderful time celebrating with you.,English,The surprise party was perfect! Everyone had such a wonderful time celebrating with you.,False,False
normal,Electricity এর bill এর payment করা হয়।,CodeMix,Electricity এর bill এর payment করা হয়।,False,False
normal,Good luck with your presentation tomorrow! You've worked hard and I know you'll do excellently.,English,Good luck with your presentation tomorrow! You've worked hard and I know you'll do excellently.,False,False
normal,Ajker meeting kemon chhilo?,Banglish,Ajker meeting kemon chhilo?,False,False
normal,Good morning! The sunrise over Dhanmondi Lake looks absolutely stunning today. Nature's perfect artwork.,English,Good morning! The sunrise over Dhanmondi Lake looks absolutely stunning today. Nature's perfect artwork.,False,False
normal,Urgent TK পাঠাও এই নাম্বারে: ০১৭৩৮২৭৩৮২৮,CodeMix,Urgent TK পাঠাও এই নাম্বারে: [PHONE],False,True
normal,Sorry I'm running late. Traffic is terrible on Mirpur Road. Will be there in 20 minutes.,English,Sorry I'm running late. Traffic is terrible on Mirpur Road. Will be there in 20 minutes.,False,False
normal,Shuprobhat!,Banglish,Shuprobhat!,False,False
normal,"Tumi onek strong, you can do it.",CodeMix,"Tumi onek strong, you can do it.",False,False
normal,"আজ Sunday, chill করার mood আছে। Coffee shop এ যাই কি? Weather sunny এবং mood perfect",CodeMix,"আজ Sunday, chill করার mood আছে। Coffee shop এ যাই কি? Weather sunny এবং mood perfect",False,False
normal,তুমি কি কলেজে যাচ্ছো?,Bengali,তুমি কি কলেজে যাচ্ছো?,False,False
normal,The concert was absolutely incredible! The singer's voice gave me goosebumps throughout.,English,The concert was absolutely incredible! The singer's voice gave me goosebumps throughout.,False,False
normal,আজ দুপুরে দারুণ একটা সিনেমা দেখলাম। তোমাকে অবশ্যই রিকমেন্ড করবো।,Bengali,আজ দুপুরে দারুণ একটা সিনেমা দেখলাম। তোমাকে অবশ্যই রিকমেন্ড করবো।,False,False
normal,"হাই, আমি এখানে।",Bengali,"হাই, আমি এখানে।",False,False
normal,Send bKash quickly to number 01672573873.,English,Send bKash quickly to number [PHONE] .,False,True
normal,"In the courtyard of your eyes, does light still spread like that? Do you still look at the stars with an absent mind? Do you still love me like before?",English,"In the courtyard of your eyes, does light still spread like that? Do you still look at the stars with an absent mind? Do you still love me like before?",False,False
normal,আজকে dinner এ কি রান্না করবে?,CodeMix,আজকে dinner এ কি রান্না করবে?,False,False
normal,"তুমি একা নও, আমরা আছি তোমার পাশে।",Bengali,"তুমি একা নও, আমরা আছি তোমার পাশে।",False,False
normal,০১৭২৮২৯১৭৬৫ এই নাম্বারে রকেটে ৫০০ টাকা দাও।,Bengali,[PHONE] এই নাম্বারে রকেটে ৫০০ টাকা দাও।,False,True
normal,Ki khabe? Aj mangshor ranna hocche. Tumi?,Banglish,Ki khabe? Aj mangshor ranna hocche. Tumi?,False,False
normal,ভাইয়া ভর্তির জন্য কি বাবার আয়ের সনদ দিতেই হয়??  বলবেন একটু,Bengali,ভাইয়া ভর্তির জন্য কি বাবার আয়ের সনদ দিতেই হয়?? বলবেন একটু,False,False
normal,Ami amar jiboner prodhan amader songe shomoy katate chai.,Banglish,Ami amar jiboner prodhan amader songe shomoy katate chai.,False,False
normal,"তুমি অসাধারণ, নিজের উপর বিশ্বাস রাখো।",Bengali,"তুমি অসাধারণ, নিজের উপর বিশ্বাস রাখো।",False,False
normal,"মা, আমি market থেকে returning, আপনার জন্য কি নিয়ে আসব? Let me know.",CodeMix,"মা, আমি market থেকে returning, আপনার জন্য কি নিয়ে আসব? Let me know.",False,False
normal,"Your payment is pending 800/- taka, pay quickly.",English,"Your payment is pending 800/- taka, pay quickly.",False,False
normal,I wish I could tell you something.,English,I wish I could tell you something.,False,False
normal,"Ami bhalo achi, apni kemon achen?",Banglish,"Ami bhalo achi, apni kemon achen?",False,False
normal,০১৬৭২৫৮৩৯৮৭ number-এ টাকা পাঠাও।,CodeMix,[PHONE] number-এ টাকা পাঠাও।,False,True
normal,"Hello, what's up?",English,"Hello, what's up?",False,False
normal,"Oh, I started watching series, but now I don't have time except for sports and wandering. Started Mr. Robot season 2, about hacking, quite realistic. But it's hard to take breaks from work.",English,"Oh, I started watching series, but now I don't have time except for sports and wandering. Started Mr. Robot season 2, about hacking, quite realistic. But it's hard to take breaks from work.",False,False
normal,"হ্যালো, আপনি কি করছেন?",Bengali,"হ্যালো, আপনি কি করছেন?",False,False
normal,What you can do is amazing.,English,What you can do is amazing.,False,False
normal,"কষ্ট পেয়ো না, আমি তোমার সাথে আছি।",Bengali,"কষ্ট পেয়ো না, আমি তোমার সাথে আছি।",False,False
normal,The sunrise from our rooftop was absolutely breathtaking today.,English,The sunrise from our rooftop was absolutely breathtaking today.,False,False
normal,তোমার একটা কথা বলো। তোমার কথা ভালো লাগে।,Bengali,তোমার একটা কথা বলো। তোমার কথা ভালো লাগে।,False,False
normal,কালকের training session reschedule হয়েছে। নতুন date পরে 알려বো। Please inform all teammates এবং adjust করুন accordingly,CodeMix,কালকের training session reschedule হয়েছে। নতুন date পরে 알려বো। Please inform all teammates এবং adjust করুন accordingly,False,False
normal,Bikele ki korcho?,Banglish,Bikele ki korcho?,False,False
normal,Kal eksathe movie dekhte jabo? Cineplex e Charlie's Angels cholche.,Banglish,Kal eksathe movie dekhte jabo? Cineplex e Charlie's Angels cholche.,False,False
normal,তোমার কি বাস্তব ভালো লাগছে? আমি আমার বাসায় অল্প সময় দেওয়া ভালো লাগে।,Bengali,তোমার কি বাস্তব ভালো লাগছে? আমি আমার বাসায় অল্প সময় দেওয়া ভালো লাগে।,False,False
normal,Dupure ekta brown korte giyechi.,Banglish,Dupure ekta brown korte giyechi.,False,False
normal,"Ami thik achi, apni kemon achen?",Banglish,"Ami thik achi, apni kemon achen?",False,False
normal,কেমন আছে তোমার family?,CodeMix,কেমন আছে তোমার family?,False,False
normal,তুমি কি বাগানে যাচ্ছো?,Bengali,তুমি কি বাগানে যাচ্ছো?,False,False
normal,"ভাই, আজ বিকেলে খেলতে যাবে? নতুন ক্রিকেট ব্যাট কিনেছি।",Bengali,"ভাই, আজ বিকেলে খেলতে যাবে? নতুন ক্রিকেট ব্যাট কিনেছি।",False,False
normal,তুমি কি খেলা দেখছো?,Bengali,তুমি কি খেলা দেখছো?,False,False
normal,"Hya, amader shomoy lagchhilo",Banglish,"Hya, amader shomoy lagchhilo",False,False
normal,Are you driving?,English,Are you driving?,False,False
normal,ami shastho mone hoy ebong amar shorir bhalo mone hoy.,Banglish,ami shastho mone hoy ebong amar shorir bhalo mone hoy.,False,False
normal,aj ki korle shomoy gojbe?,Banglish,aj ki korle shomoy gojbe?,False,False
normal,"Ektu pore tomar ke call korbo, ekhono meeting e boshe asi. Amar presentation cholche tai kisu bolte parbo na ekhon.",Banglish,"Ektu pore tomar ke call korbo, ekhono meeting e boshe asi. Amar presentation cholche tai kisu bolte parbo na ekhon.",False,False
normal,"Ajke university te puro din assignment niye matha ghurlo. Sir ekdom unexpected group project diye dilen. Kichu bujhte parchi na, tui ki already kaj shuru korchis?",Banglish,"Ajke university te puro din assignment niye matha ghurlo. Sir ekdom unexpected group project diye dilen. Kichu bujhte parchi na, tui ki already kaj shuru korchis?",False,False
normal,I can't be with you today. I am by your side.,English,I can't be with you today. I am by your side.,False,False
normal,Happy Saraswati Puja!,English,Happy Saraswati Puja!,False,False
normal,Happy Ashura!,English,Happy Ashura!,False,False
normal,Tumi ki meeting-e jachcho?,Banglish,Tumi ki meeting-e jachcho?,False,False
normal,How are you feeling today? I'm fine. How about you?,English,How are you feeling today? I'm fine. How about you?,False,False
normal,০১৯২৭২৮৩৯৮৭ এই number-এ Rocket-এ টাকা send করুন।,CodeMix,[PHONE] এই number-এ Rocket-এ টাকা send করুন।,False,True
normal,"Ei 01782973783 number-e call back kor, amar taka nai",Banglish,"Ei [PHONE] number-e call back kor, amar taka nai",False,True
normal,Do you have a story for you?,English,Do you have a story for you?,False,False
normal,Kemon cholche tomar din ta?,Banglish,Kemon cholche tomar din ta?,False,False
normal,Bondhu ekhon ki korcho? Bore lagche khub.,Banglish,Bondhu ekhon ki korcho? Bore lagche khub.,False,False
normal,01827382739 ei number e druto taka pathao.,Banglish,[PHONE] ei number e druto taka pathao.,False,True
normal,"What's up, hi?",English,"What's up, hi?",False,False
normal,The surprise birthday celebration was perfect! Everyone loved the decorations and cake. Great job organizing!,English,The surprise birthday celebration was perfect! Everyone loved the decorations and cake. Great job organizing!,False,False
normal,"Shuvo ratri, bhalo theko!",Banglish,"Shuvo ratri, bhalo theko!",False,False
normal,Happy নভেম্বর!,CodeMix,Happy নভেম্বর!,False,False
normal,How was today's meeting?,English,How was today's meeting?,False,False
normal,"Call this number 01827283892, urgent.",English,"Call this number [PHONE] , urgent.",False,True
normal,"ভাইয়া, আজ আপনার সাথে দেখা করতে পারবো না। কাল আসবো।",Bengali,"ভাইয়া, আজ আপনার সাথে দেখা করতে পারবো না। কাল আসবো।",False,False
normal,"কি news, কেমন আছো?",CodeMix,"কি news, কেমন আছো?",False,False
normal,Hope your son's school admission process goes smoothly. He's a bright student.,English,Hope your son's school admission process goes smoothly. He's a bright student.,False,False
normal,01729172949 ei number e rocket e taka pathan.,Banglish,[PHONE] ei number e rocket e taka pathan.,False,True
normal,"Shomoy nai, taratari taka pathao, bikash 01937382893.",Banglish,"Shomoy nai, taratari taka pathao, bikash [PHONE] .",False,True
normal,01927282893 এই number-এ দ্রুত টাকা পাঠাও।,CodeMix,[PHONE] এই number-এ দ্রুত টাকা পাঠাও।,False,True
normal,"Hello, how are you?",English,"Hello, how are you?",False,False
normal,আজ Sunday chill করার ইচ্ছে আছে। Movie দেখতে যাবো কি? Weather perfect এবং mood great,CodeMix,আজ Sunday chill করার ইচ্ছে আছে। Movie দেখতে যাবো কি? Weather perfect এবং mood great,False,False
normal,তুমি কোথায় আছো?,Bengali,তুমি কোথায় আছো?,False,False
normal,Are you watching a game?,English,Are you watching a game?,False,False
normal,Hope your day goes well!,English,Hope your day goes well!,False,False
normal,"shob kichu thik hoye jabe, shash rekho.",Banglish,"shob kichu thik hoye jabe, shash rekho.",False,False
normal,Hey! Are you free this evening? Want to grab some coffee at the new place in Gulshan?,English,Hey! Are you free this evening? Want to grab some coffee at the new place in Gulshan?,False,False
normal,"Yes, it's hard to pass time sitting idle. I've seen it on YouTube too, and it was also in Dark series.",English,"Yes, it's hard to pass time sitting idle. I've seen it on YouTube too, and it was also in Dark series.",False,False
normal,Happy Kolkata Kalyan Fair!,English,Happy Kolkata Kalyan Fair!,False,False
normal,হাসানের নাম্বারে টাকা পাঠিয়ে তারপর আসো।,CodeMix,হাসানের নাম্বারে টাকা পাঠিয়ে তারপর আসো।,False,False
normal,"আপনার একাউন্ট থেকে ১৫০০/- টাকা কাটা হয়েছে, বিস্তারিত জানতে কল করুন।",Bengali,"আপনার একাউন্ট থেকে ১৫০০/- টাকা কাটা হয়েছে, বিস্তারিত জানতে কল করুন।",False,False
normal,"Ami thik achi, dhonnobad.",Banglish,"Ami thik achi, dhonnobad.",False,False
normal,Kalke stadium e cricket match dekhlam. Bangladesh last over e win korlo. Pure crowd cheer korse.,Banglish,Kalke stadium e cricket match dekhlam. Bangladesh last over e win korlo. Pure crowd cheer korse.,False,False
normal,"আজ বিকেলে শাহবাগে বইমেলায় গিয়েছিলাম। প্রচুর ভিড় ছিল কিন্তু বইয়ের কালেকশন অসাধারণ। আমি তিনটা উপন্যাস কিনেছি, চাইলে তোমাকে ধার দিতে পারি।",Bengali,"আজ বিকেলে শাহবাগে বইমেলায় গিয়েছিলাম। প্রচুর ভিড় ছিল কিন্তু বইয়ের কালেকশন অসাধারণ। আমি তিনটা উপন্যাস কিনেছি, চাইলে তোমাকে ধার দিতে পারি।",False,False
normal,Send your owed money quickly to 01728272938.,English,Send your owed money quickly to [PHONE] .,False,True
normal,০১৭২৯১৭২৯৬৪ নাম্বারে রকেটে টাকা পাঠান।,Bengali,[PHONE] নাম্বারে রকেটে টাকা পাঠান।,False,True
normal,Where is your favorite place?,English,Where is your favorite place?,False,False
normal,দুপুরে একটি ব্রাউন করতে গিয়েছি।,Bengali,দুপুরে একটি ব্রাউন করতে গিয়েছি।,False,False
normal,I am not feeling well today। আজকের class এর notes গুলো কি আমাকে send করতে পারবে?,CodeMix,I am not feeling well today। আজকের class এর notes গুলো কি আমাকে send করতে পারবে?,False,False
normal,Thanks for the thoughtful gift! It's exactly what I needed. You always know how to make me happy.,English,Thanks for the thoughtful gift! It's exactly what I needed. You always know how to make me happy.,False,False
normal,Raysha আজ play করবে garden এ। Want to join with us?,CodeMix,Raysha আজ play করবে garden এ। Want to join with us?,False,False
normal,I bought some fresh hilsa fish from Kawran Bazar this morning.,English,I bought some fresh hilsa fish from Kawran Bazar this morning.,False,False
normal,আজ cinema যেতে ইচ্ছে আছে। তুমি আসছো কি? Let’s buy tickets online।,CodeMix,আজ cinema যেতে ইচ্ছে আছে। তুমি আসছো কি? Let’s buy tickets online।,False,False
normal,"ASAP বিদ্যুৎ বিল আর খালার বিল দিলে অনেক উপকার হতো। খালা বারবার বলছে, importance দিয়ে দেখ।",CodeMix,"ASAP বিদ্যুৎ বিল আর খালার বিল দিলে অনেক উপকার হতো। খালা বারবার বলছে, importance দিয়ে দেখ।",False,False
normal,What a very good question!,English,What a very good question!,False,False
normal,"Jururi, 01937283894 ei number e rocket e taka pathan.",Banglish,"Jururi, [PHONE] ei number e rocket e taka pathan.",False,True
normal,তুমি কি সিনেমার টিকিট কিনছো?,Bengali,তুমি কি সিনেমার টিকিট কিনছো?,False,False
normal,"সব ঠিক হয়ে যাবে, courage রেখো।",CodeMix,"সব ঠিক হয়ে যাবে, courage রেখো।",False,False
normal,আমরা কাল রাতে একসাথে ডিনার করেছিলাম। অনেকদিন পর আড্ডা দিতে ভালো লেগেছে।,Bengali,আমরা কাল রাতে একসাথে ডিনার করেছিলাম। অনেকদিন পর আড্ডা দিতে ভালো লেগেছে।,False,False
normal,"আপা, তোমার pen drive টা দিতে পারবে? আমার presentation save করতে হবে।",CodeMix,"আপা, তোমার pen drive টা দিতে পারবে? আমার presentation save করতে হবে।",False,False
normal,Thanks for the amazing vacation photos! The sunset shots are absolutely breathtaking. Professional quality work!,English,Thanks for the amazing vacation photos! The sunset shots are absolutely breathtaking. Professional quality work!,False,False
normal,Mom called earlier. She wants to know if you're coming for dinner on Friday.,English,Mom called earlier. She wants to know if you're coming for dinner on Friday.,False,False
normal,আজ রাতে ক্রিকেট ম্যাচ আছে বাংলাদেশ বনাম ভারত। সবাই একসাথে ক্যাফেতে বসে দেখব কেমন হয়?,Bengali,আজ রাতে ক্রিকেট ম্যাচ আছে বাংলাদেশ বনাম ভারত। সবাই একসাথে ক্যাফেতে বসে দেখব কেমন হয়?,False,False
normal,"Kosto peyo na, ami tomar sathe achhi.",Banglish,"Kosto peyo na, ami tomar sathe achhi.",False,False
normal,The garden looks beautiful with all the new flowers blooming. Spring has definitely arrived here!,English,The garden looks beautiful with all the new flowers blooming. Spring has definitely arrived here!,False,False
normal,I often find time in the miller that I am great and I can invite my love in other matters.,English,I often find time in the miller that I am great and I can invite my love in other matters.,False,False
normal,"Hi, kemon acho?",Banglish,"Hi, kemon acho?",False,False
normal,বাড়িতে একটি নতুন গাড়ি আসছে।,Bengali,বাড়িতে একটি নতুন গাড়ি আসছে।,False,False
normal,"Can't come to you today? Yes, I'm here. What do you want?",English,"Can't come to you today? Yes, I'm here. What do you want?",False,False
normal,তুমি সবসময় সেরা।,Bengali,তুমি সবসময় সেরা।,False,False
normal,আজকে evening এ movie দেখতে যাবে। Are you coming?,CodeMix,আজকে evening এ movie দেখতে যাবে। Are you coming?,False,False
normal,"আম্মু, আমার পরীক্ষার রেজাল্ট কাল বের হবে। দোয়া করবেন।",Bengali,"আম্মু, আমার পরীক্ষার রেজাল্ট কাল বের হবে। দোয়া করবেন।",False,False
normal,আজকে সারাদিন মাথা ব্যথা করছে। হয়তো ঘুম কম হয়েছে। ভাবছি দ্রুত শুয়ে পড়বো।,Bengali,আজকে সারাদিন মাথা ব্যথা করছে। হয়তো ঘুম কম হয়েছে। ভাবছি দ্রুত শুয়ে পড়বো।,False,False
normal,বাবা আজ home-এর পাশে রয়েছেন।,CodeMix,বাবা আজ home-এর পাশে রয়েছেন।,False,False
normal,Dinner এ কি plan? আমার অনেক biriyani খেতে ইচ্ছে করছে from old Dhaka.,CodeMix,Dinner এ কি plan? আমার অনেক biriyani খেতে ইচ্ছে করছে from old Dhaka.,False,False
normal,Kalke amar old friend sathe rastay dekha holo. Ek cup cha kheye purono golpo korte korte moja holo.,Banglish,Kalke amar old friend sathe rastay dekha holo. Ek cup cha kheye purono golpo korte korte moja holo.,False,False
normal,"আপনার package এর delivery আজ হবে, ০১৯৮৭৬৫৪৩২১ এই নাম্বারে call করুন more info এর জন্য।",CodeMix,"আপনার package এর delivery আজ হবে, [PHONE] এই নাম্বারে call করুন more info এর জন্য।",False,True
normal,শুভ সপ্তাহের প্রথম দিন!,Bengali,শুভ সপ্তাহের প্রথম দিন!,False,False
normal,"Apnar meye hospital e, joldi taka pathan 01828173912.",Banglish,"Apnar meye hospital e, joldi taka pathan [PHONE] .",False,True
normal,তুমি সবসময় best।,CodeMix,তুমি সবসময় best।,False,False
normal,আজকে অফিসে প্রচুর কাজ ছিল। বস বারবার রিপোর্ট চাইছিলেন। তবে টিমওয়ার্ক ভালো হওয়ায় সময়মতো শেষ করতে পেরেছি।,Bengali,আজকে অফিসে প্রচুর কাজ ছিল। বস বারবার রিপোর্ট চাইছিলেন। তবে টিমওয়ার্ক ভালো হওয়ায় সময়মতো শেষ করতে পেরেছি।,False,False
normal,তোমার প্রিয় বই কোনটি? সাইকেলোপেডিয়া। তুমি?,Bengali,তোমার প্রিয় বই কোনটি? সাইকেলোপেডিয়া। তুমি?,False,False
normal,"Dear student, আপনার tuition fee আজ পর্যন্ত 24,500.00 টাকা due আছে। (Previous late fine ও due-সহ) Current month-এর tuition fee (fine ছাড়া) 30th September, 2024 মধ্যে pay করুন। Details https://student.iba-du.edu.bd/ login করুন। (IBA)",CodeMix,"Dear student, আপনার tuition fee আজ পর্যন্ত 24,500.00 টাকা due আছে। (Previous late fine ও due-সহ) Current month-এর tuition fee (fine ছাড়া) 30th September, 2024 মধ্যে pay করুন। Details [URL] login করুন। (IBA)",True,False
normal,Good luck with your visa interview tomorrow! You've prepared all documents well. Everything will be fine.,English,Good luck with your visa interview tomorrow! You've prepared all documents well. Everything will be fine.,False,False
normal,Send money to number 01672583987.,English,Send money to number [PHONE] .,False,True
normal,আমি healthy মনে হয় এবং আমার body ভালো মনে হয়।,CodeMix,আমি healthy মনে হয় এবং আমার body ভালো মনে হয়।,False,False
normal,"ভাই, তুমি কি কালকে doctor's appointment এ যাবে? Can you pick me up on the way?",CodeMix,"ভাই, তুমি কি কালকে doctor's appointment এ যাবে? Can you pick me up on the way?",False,False
normal,"মামি, আপনার রেসিপি অনুযায়ী রান্না করেছি। খুব ভালো হয়েছে।",Bengali,"মামি, আপনার রেসিপি অনুযায়ী রান্না করেছি। খুব ভালো হয়েছে।",False,False
normal,"Ami bhalo achhi, dhonnobad.",Banglish,"Ami bhalo achhi, dhonnobad.",False,False
normal,"খালা, আপনার কেমন আছেন? গতকাল মামার সাথে কথা বলেছি, তিনি বলেছেন আপনার স্বাস্থ্য অনেক ভালো হয়ে গেছে এবং ডাক্তার আপনাকে স্বাভাবিক খাবার খেতে বলেছেন। এটা শুনে আমি খুবই খুশি হয়েছি কারণ গত কয়েক মাস আমরা সবাই চিন্তিত ছিলাম। আগামী শুক্রবার আমার ছুটি আছে, তাই ভাবছি আপনাদের বাসায় যাবো এবং একসাথে বসে গল্প করবো। আর হ্যাঁ, আপনার জন্য ঢাকা থেকে বিশেষ মিষ্টি নিয়ে আসবো।",Bengali,"খালা, আপনার কেমন আছেন? গতকাল মামার সাথে কথা বলেছি, তিনি বলেছেন আপনার স্বাস্থ্য অনেক ভালো হয়ে গেছে এবং ডাক্তার আপনাকে স্বাভাবিক খাবার খেতে বলেছেন। এটা শুনে আমি খুবই খুশি হয়েছি কারণ গত কয়েক মাস আমরা সবাই চিন্তিত ছিলাম। আগামী শুক্রবার আমার ছুটি আছে, তাই ভাবছি আপনাদের বাসায় যাবো এবং একসাথে বসে গল্প করবো। আর হ্যাঁ, আপনার জন্য ঢাকা থেকে বিশেষ মিষ্টি নিয়ে আসবো।",False,False
normal,"Hi Rumi, coffee খেতে আসছো আজ? Weather খুব nice, এবং অনেক gossip আছে।",CodeMix,"Hi Rumi, coffee খেতে আসছো আজ? Weather খুব nice, এবং অনেক gossip আছে।",False,False
normal,Ami ki tomar kache kichu bolte pari?,Banglish,Ami ki tomar kache kichu bolte pari?,False,False
normal,Ajke flat e load shedding holo 2 ghonta. Sobai roof e boshe adda marlo. Hawa enjoy korlam.,Banglish,Ajke flat e load shedding holo 2 ghonta. Sobai roof e boshe adda marlo. Hawa enjoy korlam.,False,False
normal,Hope your exam results are excellent tomorrow! You studied hard and deserve success. Fingers crossed!,English,Hope your exam results are excellent tomorrow! You studied hard and deserve success. Fingers crossed!,False,False
normal,Good morning! Hope you slept well after yesterday's long journey. Rest today and recover your energy.,English,Good morning! Hope you slept well after yesterday's long journey. Rest today and recover your energy.,False,False
normal,"I'm with you, don't worry about anything.",English,"I'm with you, don't worry about anything.",False,False
normal,তুমি amake ki bolte chao?,CodeMix,তুমি amake ki bolte chao?,False,False
normal,Send 500 taka via Rocket to this number 01728291765.,English,Send 500 taka via Rocket to this number [PHONE] .,False,True
normal,আজকে dinner এর জন্য কি plan? তুমি cook করতে চাও নাকি বাইরে order করি? Let me know before ৮ pm,CodeMix,আজকে dinner এর জন্য কি plan? তুমি cook করতে চাও নাকি বাইরে order করি? Let me know before ৮ pm,False,False
normal,আমি একটি প্রতিষ্ঠানের সঙ্গে যে মূল্য আছে তার দৃশ্যটি অন্যদিকের সাথে একটি দৃশ্য আছে।,Bengali,আমি একটি প্রতিষ্ঠানের সঙ্গে যে মূল্য আছে তার দৃশ্যটি অন্যদিকের সাথে একটি দৃশ্য আছে।,False,False
normal,কাল রাতে বাংলাদেশ আর পাকিস্তানের খেলা দেখেছো? ম্যাচটা একেবারে শেষ পর্যন্ত উত্তেজনাপূর্ণ ছিল। সবাই ক্যাফেতে বসে দারুণ আনন্দ করেছি।,Bengali,কাল রাতে বাংলাদেশ আর পাকিস্তানের খেলা দেখেছো? ম্যাচটা একেবারে শেষ পর্যন্ত উত্তেজনাপূর্ণ ছিল। সবাই ক্যাফেতে বসে দারুণ আনন্দ করেছি।,False,False
normal,Weekend e amader plan kora uchit ekta movie dekha. Sobai ek sathe jodi jai taile aro moja hobe. Tui ki free thakbi?,Banglish,Weekend e amader plan kora uchit ekta movie dekha. Sobai ek sathe jodi jai taile aro moja hobe. Tui ki free thakbi?,False,False
normal,"কালকে holiday declare করা হয়েছে, so we can sleep late.",CodeMix,"কালকে holiday declare করা হয়েছে, so we can sleep late.",False,False
normal,I feel healthy and my body seems fine.,English,I feel healthy and my body seems fine.,False,False
normal,Apnar meyer result kemon hoyeche? Khub tension korchilam.,Banglish,Apnar meyer result kemon hoyeche? Khub tension korchilam.,False,False
normal,Rain না থাকলে খুব গরম হয়।,CodeMix,Rain না থাকলে খুব গরম হয়।,False,False
normal,"০১৮৭৩৮২৮১৯৩ number এ bKash করুন, hurry করুন।",CodeMix,"[PHONE] number এ bKash করুন, hurry করুন।",False,True
normal,Good evening!,English,Good evening!,False,False
normal,"Hello, kemon achen apni?",Banglish,"Hello, kemon achen apni?",False,False
normal,০১৬৭২৫৭৩৮৭৯ number-এ দ্রুত bKash করুন।,CodeMix,[PHONE] number-এ দ্রুত bKash করুন।,False,True
normal,০১৮২৭২৮৩৯৫১ নাম্বারে কল করুন।,Bengali,[PHONE] নাম্বারে কল করুন।,False,True
normal,Shuvo Holi!,Banglish,Shuvo Holi!,False,False
normal,Happy first day of the week!,English,Happy first day of the week!,False,False
normal,"Ajker din ta purata ghore boshe TV dekhte katlam. Ekta old Bangla cinema chilo BTV te, maja lagse. Tui ki ajke kono TV show dekhechho?",Banglish,"Ajker din ta purata ghore boshe TV dekhte katlam. Ekta old Bangla cinema chilo BTV te, maja lagse. Tui ki ajke kono TV show dekhechho?",False,False
normal,আজকে dinner এর জন্য কি plan? তুমি কিছু cook করতে চাও নাকি বাইরে order করি? Let me know before ৭ pm,CodeMix,আজকে dinner এর জন্য কি plan? তুমি কিছু cook করতে চাও নাকি বাইরে order করি? Let me know before ৭ pm,False,False
normal,Hope your mother's surgery went well today. Sending prayers and positive thoughts for speedy recovery.,English,Hope your mother's surgery went well today. Sending prayers and positive thoughts for speedy recovery.,False,False
normal,"Hello, kemon acho?",Banglish,"Hello, kemon acho?",False,False
normal,গতকাল রাতে সবাই মিলে ফুটবল খেলতে গিয়েছিলাম। অনেকদিন পর খেলাটা দারুণ উপভোগ করেছি। শরীরটা ভালোভাবে ঝালিয়ে নেওয়া হলো।,Bengali,গতকাল রাতে সবাই মিলে ফুটবল খেলতে গিয়েছিলাম। অনেকদিন পর খেলাটা দারুণ উপভোগ করেছি। শরীরটা ভালোভাবে ঝালিয়ে নেওয়া হলো।,False,False
normal,"Hi, কি খবর?",CodeMix,"Hi, কি খবর?",False,False
normal,আজ lunch কোথায় খাওয়া যায়? Any idea? আমরা দুইটা restaurant check করতে পারি।,CodeMix,আজ lunch কোথায় খাওয়া যায়? Any idea? আমরা দুইটা restaurant check করতে পারি।,False,False
normal,Weekend e amader plan holo movie night. Sobai mile popcorn banabo ar horror movie dekbo.,Banglish,Weekend e amader plan holo movie night. Sobai mile popcorn banabo ar horror movie dekbo.,False,False
normal,How is your day?,English,How is your day?,False,False
normal,"আপনার পাওনা ৬০০০/- টাকা, দ্রুত পরিশোধ করুন।",Bengali,"আপনার পাওনা ৬০০০/- টাকা, দ্রুত পরিশোধ করুন।",False,False
normal,Do I have any new updates?,English,Do I have any new updates?,False,False
normal,Exercise করতে habit করতে হবে।,CodeMix,Exercise করতে habit করতে হবে।,False,False
normal,"Tumi parbe, ami jani.",Banglish,"Tumi parbe, ami jani.",False,False
normal,Raysha ajke onek moja kore mathay rong tullo diye khelar modhye boshe chilo. Khub cute lagchilo. Tore ek din dekhabo.,Banglish,Raysha ajke onek moja kore mathay rong tullo diye khelar modhye boshe chilo. Khub cute lagchilo. Tore ek din dekhabo.,False,False
normal,Where are you? আমি 30 minutes ধরে তোমার জন্য wait করছি।,CodeMix,Where are you? আমি 30 minutes ধরে তোমার জন্য wait করছি।,False,False
normal,আপনি কেমন অনুভব করছেন? My day was tiring।,CodeMix,আপনি কেমন অনুভব করছেন? My day was tiring।,False,False
normal,Have you tried the new restaurant?,English,Have you tried the new restaurant?,False,False
normal,"বেশি চিন্তা করব না, সব ঠিক হবে।",Bengali,"বেশি চিন্তা করব না, সব ঠিক হবে।",False,False
normal,তুমি কি meeting-এ যাচ্ছো?,CodeMix,তুমি কি meeting-এ যাচ্ছো?,False,False
normal,"আজ দুপুরে বাজারে গিয়ে মাছ কিনলাম। ইলিশ অনেক দামি হয়ে গেছে, তবে ছোট মাছগুলোর দাম মোটামুটি। রান্না করে সবাই মিলে খাওয়ার প্ল্যান করছি।",Bengali,"আজ দুপুরে বাজারে গিয়ে মাছ কিনলাম। ইলিশ অনেক দামি হয়ে গেছে, তবে ছোট মাছগুলোর দাম মোটামুটি। রান্না করে সবাই মিলে খাওয়ার প্ল্যান করছি।",False,False
normal,তুমি কি বই পড়ছো?,Bengali,তুমি কি বই পড়ছো?,False,False
normal,"মামা, Eid gift এর জন্য কিছু buy করতে হবে। Shall we go together to Jamuna Future Park? Enjoy shopping এবং choose gifts wisely",CodeMix,"মামা, Eid gift এর জন্য কিছু buy করতে হবে। Shall we go together to Jamuna Future Park? Enjoy shopping এবং choose gifts wisely",False,False
normal,I want to read a Bengali short story.,English,I want to read a Bengali short story.,False,False
normal,"বেশি tension করব না, সব ঠিক হবে।",CodeMix,"বেশি tension করব না, সব ঠিক হবে।",False,False
normal,"ভাই, তোমার গাড়ি ধার দিবে? আমার জরুরি কাজ আছে।",Bengali,"ভাই, তোমার গাড়ি ধার দিবে? আমার জরুরি কাজ আছে।",False,False
normal,"চাচী, আজ বিকেলে আপনার সাথে দেখা করতে যাবো।",Bengali,"চাচী, আজ বিকেলে আপনার সাথে দেখা করতে যাবো।",False,False
normal,Ajker dupure boro brishti hochche.,Banglish,Ajker dupure boro brishti hochche.,False,False
normal,তুমি কি ট্রামে যাচ্ছো?,Bengali,তুমি কি ট্রামে যাচ্ছো?,False,False
normal,Happy October!,English,Happy October!,False,False
normal,The monsoon rains are both a blessing and a curse this year.,English,The monsoon rains are both a blessing and a curse this year.,False,False
normal,kothor porishromoi shofolir path.,Banglish,kothor porishromoi shofolir path.,False,False
normal,I can't say anything now.,English,I can't say anything now.,False,False
normal,Ajke amar maa’r birthday. Chhotto ekta cake kine ashlam ar family mile celebrate korlam. Maa khub happy hoilo. Picture pore pathabo.,Banglish,Ajke amar maa’r birthday. Chhotto ekta cake kine ashlam ar family mile celebrate korlam. Maa khub happy hoilo. Picture pore pathabo.,False,False
normal,01738273828 ei number-e joruri TK pathan.,Banglish,[PHONE] ei number-e joruri TK pathan.,False,True
normal,Ami je byapar ta onek dukkho peyechi sheta hol bashay thaka.,Banglish,Ami je byapar ta onek dukkho peyechi sheta hol bashay thaka.,False,False
normal,"You are awesome, নিজের উপর বিশ্বাস রাখো।",CodeMix,"You are awesome, নিজের উপর বিশ্বাস রাখো।",False,False
normal,"Hi, how are you?",English,"Hi, how are you?",False,False
normal,"আমি আজকে খুব ব্যস্ত ছিলাম অফিসে। বস হঠাৎ মিটিং ডেকেছিল। কাল দেখা করি, কফি খেতে যাই।",Bengali,"আমি আজকে খুব ব্যস্ত ছিলাম অফিসে। বস হঠাৎ মিটিং ডেকেছিল। কাল দেখা করি, কফি খেতে যাই।",False,False
normal,"Call this number 01672592897, I need money.",English,"Call this number [PHONE] , I need money.",False,True
normal,Hey! What's up? অনেকদিন পর তোমার সাথে কথা হলো।,CodeMix,Hey! What's up? অনেকদিন পর তোমার সাথে কথা হলো।,False,False
normal,Inaya amar sathe ludo kheltese. Ami jete jete she suddenly win kore gelo. Amar khub moja laglo.,Banglish,Inaya amar sathe ludo kheltese. Ami jete jete she suddenly win kore gelo. Amar khub moja laglo.,False,False
normal,"Today is a special day, I am sitting at home.",English,"Today is a special day, I am sitting at home.",False,False
normal,"হ্যালো, কেমন আছো?",Bengali,"হ্যালো, কেমন আছো?",False,False
normal,Kani ajke school e spelling competition e second place paishe. O onek excited chilo. Tore sathe news ta share korte holo.,Banglish,Kani ajke school e spelling competition e second place paishe. O onek excited chilo. Tore sathe news ta share korte holo.,False,False
normal,"আজ সন্ধ্যায় নিউ মার্কেটে ঘুরতে গিয়েছিলাম। নতুন জামাকাপড় দেখলাম। দাম একটু বেশি, কিন্তু ডিজাইনগুলো সুন্দর। ভাবছি একদিন তোমার সাথে গিয়ে কিনবো।",Bengali,"আজ সন্ধ্যায় নিউ মার্কেটে ঘুরতে গিয়েছিলাম। নতুন জামাকাপড় দেখলাম। দাম একটু বেশি, কিন্তু ডিজাইনগুলো সুন্দর। ভাবছি একদিন তোমার সাথে গিয়ে কিনবো।",False,False
normal,আজকে আমি একটি নতুন restaurant-এ যাব।,CodeMix,আজকে আমি একটি নতুন restaurant-এ যাব।,False,False
normal,তুমি কি শপিংয়ে গেছো?,Bengali,তুমি কি শপিংয়ে গেছো?,False,False
normal,শুভ Ashura!,CodeMix,শুভ Ashura!,False,False
normal,"Hello, কি করছো?",CodeMix,"Hello, কি করছো?",False,False
normal,Happy Pohela Falgun!,English,Happy Pohela Falgun!,False,False
normal,Tomar basha kototuku dure?,Banglish,Tomar basha kototuku dure?,False,False
normal,What are you doing today?,English,What are you doing today?,False,False
normal,Your car servicing deadline has expired. Contact quickly 01876543321.,English,Your car servicing deadline has expired. Contact quickly [PHONE] .,False,True
normal,আজকে সারাদিন মাথা ব্যথা করছে। হয়তো ঘুম কম হয়েছে। ভাবছি একটু তাড়াতাড়ি শুয়ে পড়বো।,Bengali,আজকে সারাদিন মাথা ব্যথা করছে। হয়তো ঘুম কম হয়েছে। ভাবছি একটু তাড়াতাড়ি শুয়ে পড়বো।,False,False
normal,"মামা, Eid gift জন্য কিছু buy করতে হবে। Shall we go together to Bashundhara Shopping Mall? Enjoy shopping",CodeMix,"মামা, Eid gift জন্য কিছু buy করতে হবে। Shall we go together to Bashundhara Shopping Mall? Enjoy shopping",False,False
normal,shuvo Romzaner rohomer mash!,Banglish,shuvo Romzaner rohomer mash!,False,False
normal,অন্যায়ের প্রতি loyalty respect এর পথে barrier হয়ে দাড়াতে পারে। — সংগৃহীত,CodeMix,অন্যায়ের প্রতি loyalty respect এর পথে barrier হয়ে দাড়াতে পারে। — সংগৃহীত,False,False
normal,Happy Mother's Day! You're the most wonderful mom anyone could ask for.,English,Happy Mother's Day! You're the most wonderful mom anyone could ask for.,False,False
normal,01672573857 number-এ bKash করুন।,CodeMix,[PHONE] number-এ bKash করুন।,False,True
normal,আমার favourite মানুষ যারা life নিয়ে আমার family-তে problem আছে সেগুলোকে আমি solve করতে চাই।,CodeMix,আমার favourite মানুষ যারা life নিয়ে আমার family-তে problem আছে সেগুলোকে আমি solve করতে চাই।,False,False
normal,Shubho jonmodin ovinondone!,Banglish,Shubho jonmodin ovinondone!,False,False
normal,Maa ajke khub moja kore khichuri ranna korse. Brishtir modhye oi khichuri khete onek moja laglo. Tor kache ki brishtir din mane khete khawa special dish er shathe?,Banglish,Maa ajke khub moja kore khichuri ranna korse. Brishtir modhye oi khichuri khete onek moja laglo. Tor kache ki brishtir din mane khete khawa special dish er shathe?,False,False
normal,"Your package delivery will be today, call 01987654321 for more info.",English,"Your package delivery will be today, call [PHONE] for more info.",False,True
normal,Bondhu school er reunion e jabe? 15 years pore dekha hobe.,Banglish,Bondhu school er reunion e jabe? 15 years pore dekha hobe.,False,False
normal,সন্ধ্যায় বন্ধুরা নিয়ে ক্যাফেতে আড্ডা দিলাম। অনেকদিন পর একসাথে বসে গল্প করলাম। হাসি-মজায় সময়টা দুর্দান্ত কেটেছে।,Bengali,সন্ধ্যায় বন্ধুরা নিয়ে ক্যাফেতে আড্ডা দিলাম। অনেকদিন পর একসাথে বসে গল্প করলাম। হাসি-মজায় সময়টা দুর্দান্ত কেটেছে।,False,False
normal,"Hi, how is your day going?",English,"Hi, how is your day going?",False,False
normal,Hope তোমার জীবন becomes সমৃদ্ধ!,CodeMix,Hope তোমার জীবন becomes সমৃদ্ধ!,False,False
normal,তুমি কি গ্রামে যাচ্ছো?,Bengali,তুমি কি গ্রামে যাচ্ছো?,False,False
normal,"তুমি পারবে, শুধু লেগে থাকো।",Bengali,"তুমি পারবে, শুধু লেগে থাকো।",False,False
normal,"ভাই, 
আযহার ভাই আপনার সাথে দেখা করতে বললো। এম. ফিল এর Synopsis নিয়ে ",Bengali,"ভাই, আযহার ভাই আপনার সাথে দেখা করতে বললো। এম. ফিল এর Synopsis নিয়ে",False,False
normal,"Call this number 01827283873, urgent.",English,"Call this number [PHONE] , urgent.",False,True
normal,ki khobor tomar?,Banglish,ki khobor tomar?,False,False
normal,Kani ajke school er debate competition e participate korse. O boro confidence diye kotha bollo ar judges appreciate korlo. Sobai clapping korlo.,Banglish,Kani ajke school er debate competition e participate korse. O boro confidence diye kotha bollo ar judges appreciate korlo. Sobai clapping korlo.,False,False
normal,কি খাবে আজ? মাছের কারি। তুমি কি পছন্দ করো?,Bengali,কি খাবে আজ? মাছের কারি। তুমি কি পছন্দ করো?,False,False
normal,Tomar din kemon geche?,Banglish,Tomar din kemon geche?,False,False
normal,০১৯৭২৭৭১৭১৪ আমার এই নাম্বারে টাকা পাঠা,Bengali,[PHONE] আমার এই নাম্বারে টাকা পাঠা,False,True
normal,"What's the news, how are you?",English,"What's the news, how are you?",False,False
normal,রাতে কি খাবে?,Bengali,রাতে কি খাবে?,False,False
normal,এই যা আমি যে অনেক সময় পেলাম সেটি হল সমাধান এবং মূল্য হল একটি মহান এবং একটি জনপ্রি,Bengali,এই যা আমি যে অনেক সময় পেলাম সেটি হল সমাধান এবং মূল্য হল একটি মহান এবং একটি জনপ্রি,False,False
normal,"01672592897 ei number e call korun, amar taka dorkar.",Banglish,"[PHONE] ei number e call korun, amar taka dorkar.",False,True
normal,"হ্যালো, কেমন আছেন?",Bengali,"হ্যালো, কেমন আছেন?",False,False
normal,Happy birthday!,English,Happy birthday!,False,False
normal,"01672592871 ei number e call korun, amar taka dorkar.",Banglish,"[PHONE] ei number e call korun, amar taka dorkar.",False,True
normal,"বন্ধু, তোমার নতুন চাকরি কেমন লাগছে? বস ভালো তো?",Bengali,"বন্ধু, তোমার নতুন চাকরি কেমন লাগছে? বস ভালো তো?",False,False
normal,"Ajke bazar theke notun shobji kinlam. Khub fresh chhilo, maa onek ranna korte chay. Dinner e moja lagbe.",Banglish,"Ajke bazar theke notun shobji kinlam. Khub fresh chhilo, maa onek ranna korte chay. Dinner e moja lagbe.",False,False
normal,আপনি কেমন আছেন? I was thinking about yesterday’s meeting.,CodeMix,আপনি কেমন আছেন? I was thinking about yesterday’s meeting.,False,False
normal,Good morning! How did you sleep last night? Hope today brings you joy and success.,English,Good morning! How did you sleep last night? Hope today brings you joy and success.,False,False
normal,Are you going by tram?,English,Are you going by tram?,False,False
normal,আজ afternoon এ আমি school এ গিয়েছিলাম।,CodeMix,আজ afternoon এ আমি school এ গিয়েছিলাম।,False,False
normal,আজ সকালে বাসায় বিদ্যুৎ ছিল না। সবকিছু গরম আর অস্বস্তিকর লাগছিলো। বিদ্যুৎ আসার পর মনে হলো স্বস্তি পেয়েছি।,Bengali,আজ সকালে বাসায় বিদ্যুৎ ছিল না। সবকিছু গরম আর অস্বস্তিকর লাগছিলো। বিদ্যুৎ আসার পর মনে হলো স্বস্তি পেয়েছি।,False,False
normal,"প্রিয় customer আপনার কাছে Palli Bidyut Jamalpur branch-এর পাওনা রয়েছে ৫০৩৮/- টাকা, জলদি পাওনা payment না করলে electricity line disconnect করা হবে।",CodeMix,"প্রিয় customer আপনার কাছে Palli Bidyut Jamalpur branch-এর পাওনা রয়েছে ৫০৩৮/- টাকা, জলদি পাওনা payment না করলে electricity line disconnect করা হবে।",False,False
normal,আমি যেন your কাছে কিছু বলতে পারি।,CodeMix,আমি যেন your কাছে কিছু বলতে পারি।,False,False
normal,Thanks for being such a reliable friend through good times and bad. Your friendship means everything!,English,Thanks for being such a reliable friend through good times and bad. Your friendship means everything!,False,False
normal,বাবা আজ বাড়ির পাশে রয়েছেন।,Bengali,বাবা আজ বাড়ির পাশে রয়েছেন।,False,False
normal,Are you going to the mountains?,English,Are you going to the mountains?,False,False
normal,"যখন তুমি দেখবে, namaz-এর মধ্যে তোমার অন্তর উপস্থিত থাকছে না, তখন বুঝে নেবে, এটা iman-এর দূর্বলতার কারণ। কঠোর পরিশ্রম করো নিজের iman-কে মজবুত করার জন্য। -[ইমাম ইবনু কুদামাহ আল মাকদিসি (রহ.)]",CodeMix,"যখন তুমি দেখবে, namaz-এর মধ্যে তোমার অন্তর উপস্থিত থাকছে না, তখন বুঝে নেবে, এটা iman-এর দূর্বলতার কারণ। কঠোর পরিশ্রম করো নিজের iman-কে মজবুত করার জন্য। -[ইমাম ইবনু কুদামাহ আল মাকদিসি (রহ.)]",False,False
normal,Thanks for the movie recommendation! We watched it last night and loved every minute of it.,English,Thanks for the movie recommendation! We watched it last night and loved every minute of it.,False,False
normal,Hard work-ই success এর key।,CodeMix,Hard work-ই success এর key।,False,False
normal,The classical music concert at the national theater was simply magnificent.,English,The classical music concert at the national theater was simply magnificent.,False,False
normal,"মেয়ে, খাওয়া দাওয়া করেছো তো? ঠিক সময়ে খেয়ো।",Bengali,"মেয়ে, খাওয়া দাওয়া করেছো তো? ঠিক সময়ে খেয়ো।",False,False
normal,Tomar lokkhe pouchaite dhairjo dhoro.,Banglish,Tomar lokkhe pouchaite dhairjo dhoro.,False,False
normal,"Ami busy ছিলাম আজ, but tomorrow free আছি। Shall we meet?",CodeMix,"Ami busy ছিলাম আজ, but tomorrow free আছি। Shall we meet?",False,False
normal,০১৮৭৩৮২৮১৭৪ এই নাম্বারে টাকা পাঠান।,Bengali,[PHONE] এই নাম্বারে টাকা পাঠান।,False,True
normal,আশা করি তোমার successful হোক!,CodeMix,আশা করি তোমার successful হোক!,False,False
normal,How's your day going today?,English,How's your day going today?,False,False
normal,Kothay jachho?,Banglish,Kothay jachho?,False,False
normal,Ajke cricket kheltam park e. Chhoto bhai ekta amazing goal korlo. Sobai cheer kore boro moja holo.,Banglish,Ajke cricket kheltam park e. Chhoto bhai ekta amazing goal korlo. Sobai cheer kore boro moja holo.,False,False
normal,Looking forward to our family reunion next week. It's been ages since we all met!,English,Looking forward to our family reunion next week. It's been ages since we all met!,False,False
normal, যে বিষয়ে মনে খটকা লাগে সে বিষয়টা যতোটা সম্ভব এড়িয়ে চলুন। – [ড. বিলাল ফিলিপ্স],Bengali,যে বিষয়ে মনে খটকা লাগে সে বিষয়টা যতোটা সম্ভব এড়িয়ে চলুন। – [ড. বিলাল ফিলিপ্স],False,False
normal,তোমার জন্য a good day!,CodeMix,তোমার জন্য a good day!,False,False
normal,শুভ Pohela Falgun!,CodeMix,শুভ Pohela Falgun!,False,False
normal,Urgently send money to 01738287365.,English,Urgently send money to [PHONE] .,False,True
normal,আমার নতুন ল্যাপটপটা বেশ দ্রুত কাজ করছে। মনে হচ্ছে এবার পড়াশোনা আরও সহজ হবে।,Bengali,আমার নতুন ল্যাপটপটা বেশ দ্রুত কাজ করছে। মনে হচ্ছে এবার পড়াশোনা আরও সহজ হবে।,False,False
normal,"আব্বু, আমি ঢাকায় পৌঁছে গেছি। হোটেলে চেক ইন করলাম।",Bengali,"আব্বু, আমি ঢাকায় পৌঁছে গেছি। হোটেলে চেক ইন করলাম।",False,False
normal,০১৮২৭২৮৩৭৪৭ numberএ bKash করুন।,CodeMix,[PHONE] numberএ bKash করুন।,False,True
normal,আজকে আবহাওয়াটা অনেক সুন্দর। Let's go out for a walk।,CodeMix,আজকে আবহাওয়াটা অনেক সুন্দর। Let's go out for a walk।,False,False
normal,"এমন দু’টি নিয়ামত আছে, যে দু’টোতে অধিকাংশ মানুষ ক্ষতিগ্রস্ত। তা হচ্ছে, সুস্থতা আর অবসর। - [মুহাম্মাদ (সা)]",Bengali,"এমন দু’টি নিয়ামত আছে, যে দু’টোতে অধিকাংশ মানুষ ক্ষতিগ্রস্ত। তা হচ্ছে, সুস্থতা আর অবসর। - [মুহাম্মাদ (সা)]",False,False
normal,"Ki khobor, hi?",Banglish,"Ki khobor, hi?",False,False
normal,Maa bolse agami shoptaho chhoto dawath hobe bari te. Sobai ke invite korte bolse. Tui jodi free thakish please esho.,Banglish,Maa bolse agami shoptaho chhoto dawath hobe bari te. Sobai ke invite korte bolse. Tui jodi free thakish please esho.,False,False
normal,"চাচী, আজ আপনার সাথে অনেক ভালো সময় কাটলো। ধন্যবাদ।",Bengali,"চাচী, আজ আপনার সাথে অনেক ভালো সময় কাটলো। ধন্যবাদ।",False,False
normal,I'm grateful for all the wonderful friendships I've made over the years.,English,I'm grateful for all the wonderful friendships I've made over the years.,False,False
normal,"০১৬৭২৫৯২৮৭১ এই নাম্বারে কল করুন, আমার টাকা দরকার।",Bengali,"[PHONE] এই নাম্বারে কল করুন, আমার টাকা দরকার।",False,True
normal,"তুমি অনেক শক্তিশালী, সাহস রেখো।",Bengali,"তুমি অনেক শক্তিশালী, সাহস রেখো।",False,False
normal,Online-এ election কিভাবে করা যাবে,CodeMix,Online-এ election কিভাবে করা যাবে,False,False
normal,আমার number এ ০১৭৩৬৬৩৭৩৮৭ flexiload করে দাও ৫০০ TK,CodeMix,আমার number এ [PHONE] flexiload করে দাও ৫০০ TK,False,True
normal,"Ami boi-ta porte shuru korlam, khub mojar lagche.",Banglish,"Ami boi-ta porte shuru korlam, khub mojar lagche.",False,False
normal,০১৮২৭৩৮২৭৩৯ এই নাম্বারে দ্রুত টাকা পাঠাও।,Bengali,[PHONE] এই নাম্বারে দ্রুত টাকা পাঠাও।,False,True
normal,আজকের মিটিং কেমন ছিল?,Bengali,আজকের মিটিং কেমন ছিল?,False,False
normal,তুমি কি cinema ticket কিনছো?,CodeMix,তুমি কি cinema ticket কিনছো?,False,False
normal,Tumi ki gaan shuncho?,Banglish,Tumi ki gaan shuncho?,False,False
normal,Kani ajke debate competition e participate korse. Sobai admire korlo tar confidence. Teacher o khub happy hoilo.,Banglish,Kani ajke debate competition e participate korse. Sobai admire korlo tar confidence. Teacher o khub happy hoilo.,False,False
normal,শুভ অসুস্থ্য দিনের শুভেচ্ছা!,Bengali,শুভ অসুস্থ্য দিনের শুভেচ্ছা!,False,False
normal,জরুরি ভিত্তিতে ০১৭৩৮২৮৭৩৬৫ নাম্বারে টাকা পাঠান।,Bengali,জরুরি ভিত্তিতে [PHONE] নাম্বারে টাকা পাঠান।,False,True
normal,আজ বিকেলে জ্যামে এক ঘণ্টা বসে ছিলাম। ঢাকার রাস্তার অবস্থা আরও খারাপ হচ্ছে।,Bengali,আজ বিকেলে জ্যামে এক ঘণ্টা বসে ছিলাম। ঢাকার রাস্তার অবস্থা আরও খারাপ হচ্ছে।,False,False
normal,"Priyo shikkharthi, apnar tuition fee aj porjonto 30,450.00 taka bokeya ache. (Purbobor late fine o bokeyashoho) cholti maser tuition fee (jorimana chhada) 18i September, 2024 moddhe porishod korun. Bistarito https://student.daffodil.edu.bd/ login korun. (Daffodil)",Banglish,"Priyo shikkharthi, apnar tuition fee aj porjonto 30,450.00 taka bokeya ache. (Purbobor late fine o bokeyashoho) cholti maser tuition fee (jorimana chhada) 18i September, 2024 moddhe porishod korun. Bistarito [URL] login korun. (Daffodil)",True,False
normal,Send money to this number 01672563741.,English,Send money to this number [PHONE] .,False,True
normal,Hope you're enjoying your vacation in Chittagong! The Hill Tracts must look stunning this season.,English,Hope you're enjoying your vacation in Chittagong! The Hill Tracts must look stunning this season.,False,False
normal,শুভ Diwali!,CodeMix,শুভ Diwali!,False,False
normal,What will you do?,English,What will you do?,False,False
normal,Ami ekta protishthaner porichalok hishabe porichalon korte chai.,Banglish,Ami ekta protishthaner porichalok hishabe porichalon korte chai.,False,False
normal,"Amar account e 50 hajar taka ache, ei 01738838884 number e khola dekho check kore.",Banglish,"Amar account e 50 hajar taka ache, ei [PHONE] number e khola dekho check kore.",False,True
normal,"আসসালামু আলাইকুম মামা, আশা করি আপনি ভালো আছেন। আমি গতকাল ঢাকা থেকে কুমিল্লা এসেছি এবং আজ সকাল থেকেই আপনাদের সাথে দেখা করার জন্য অপেক্ষা করছি। আম্মু বলেছেন আপনার স্বাস্থ্যের অবস্থা ভালো নেই এবং ডাক্তার নিয়মিত ওষুধ খেতে বলেছেন। আজ বিকেলে যদি সুবিধা হয় তাহলে আমি আপনার বাসায় আসবো এবং প্রয়োজনীয় ওষুধপত্র নিয়ে আসবো।",Bengali,"আসসালামু আলাইকুম মামা, আশা করি আপনি ভালো আছেন। আমি গতকাল ঢাকা থেকে কুমিল্লা এসেছি এবং আজ সকাল থেকেই আপনাদের সাথে দেখা করার জন্য অপেক্ষা করছি। আম্মু বলেছেন আপনার স্বাস্থ্যের অবস্থা ভালো নেই এবং ডাক্তার নিয়মিত ওষুধ খেতে বলেছেন। আজ বিকেলে যদি সুবিধা হয় তাহলে আমি আপনার বাসায় আসবো এবং প্রয়োজনীয় ওষুধপত্র নিয়ে আসবো।",False,False
normal,"Apnar account theke 1500/- taka kata hoyeche, bistarito jante call korun.",Banglish,"Apnar account theke 1500/- taka kata hoyeche, bistarito jante call korun.",False,False
normal,The surprise farewell party was perfect! Everyone will miss you. Stay in touch and visit often.,English,The surprise farewell party was perfect! Everyone will miss you. Stay in touch and visit often.,False,False
normal,"০১৯২৭২৮৩৭৬৫ এই নাম্বারে বিকাশ করুন, দ্রুত।",Bengali,"[PHONE] এই নাম্বারে বিকাশ করুন, দ্রুত।",False,True
normal,"আপা, আজ রান্না কি? আমি একটু দেরি করে আসবো।",Bengali,"আপা, আজ রান্না কি? আমি একটু দেরি করে আসবো।",False,False
normal,Give money to Mithu bhai's number then come.,English,Give money to Mithu bhai's number then come.,False,False
normal,Thanks for helping me with the assignment yesterday. I really appreciate it!,English,Thanks for helping me with the assignment yesterday. I really appreciate it!,False,False
normal,Happy birthday congratulations!,English,Happy birthday congratulations!,False,False
normal,Thanks for picking up groceries on your way home. Really appreciate your thoughtfulness always.,English,Thanks for picking up groceries on your way home. Really appreciate your thoughtfulness always.,False,False
normal,Good morning! The sunrise over the river looks absolutely breathtaking today. Nature's perfect beauty.,English,Good morning! The sunrise over the river looks absolutely breathtaking today. Nature's perfect beauty.,False,False
normal,The homemade pizza last night was incredible! Perfect crust and toppings. You should teach cooking classes!,English,The homemade pizza last night was incredible! Perfect crust and toppings. You should teach cooking classes!,False,False
normal,Going on a picnic with friends this weekend.,English,Going on a picnic with friends this weekend.,False,False
normal,Aj university te class ache? Naki bondho?,Banglish,Aj university te class ache? Naki bondho?,False,False
normal,০১৯২৭২৮৩৯৮৭ এই নাম্বারে রকেটে টাকা পাঠান।,Bengali,[PHONE] এই নাম্বারে রকেটে টাকা পাঠান।,False,True
normal,আজকে কি করছো?,Bengali,আজকে কি করছো?,False,False
normal,"Hi Shumi, তুমি কেমন আছো? আজকে coffee খেতে আসো না? অনেক কিছু catch up করতে হবে",CodeMix,"Hi Shumi, তুমি কেমন আছো? আজকে coffee খেতে আসো না? অনেক কিছু catch up করতে হবে",False,False
normal,Ami jeno kichhu bolte pari na.,Banglish,Ami jeno kichhu bolte pari na.,False,False
normal,"Hi Shumi, তুমি কেমন আছো? আজকে coffee খেতে আসো না? অনেক gossip share করতে হবে, তাই time fix করি",CodeMix,"Hi Shumi, তুমি কেমন আছো? আজকে coffee খেতে আসো না? অনেক gossip share করতে হবে, তাই time fix করি",False,False
normal,"এমন দু'টি blessing আছে, যে দু'টোতে majority মানুষ loss-গ্রস্ত। তা হচ্ছে, health আর leisure। - [Muhammad (SA)]",CodeMix,"এমন দু'টি blessing আছে, যে দু'টোতে majority মানুষ loss-গ্রস্ত। তা হচ্ছে, health আর leisure। - [Muhammad (SA)]",False,False
normal,Baba apni medicine ta niyechen? Vule jan na please.,Banglish,Baba apni medicine ta niyechen? Vule jan na please.,False,False
normal,"You are not alone, we are all with you.",English,"You are not alone, we are all with you.",False,False
normal,এই পবিত্র মাসে তোমার সবকিছু ভালো হোক!,Bengali,এই পবিত্র মাসে তোমার সবকিছু ভালো হোক!,False,False
normal,"Kazi office e late hobe, dinner amar jonno rekhe dio.",Banglish,"Kazi office e late hobe, dinner amar jonno rekhe dio.",False,False
normal,Ajker weather কেমন? Perfect day for picnic আজ।,CodeMix,Ajker weather কেমন? Perfect day for picnic আজ।,False,False
normal,আমি সকালে বাজারে যাচ্ছি।,Bengali,আমি সকালে বাজারে যাচ্ছি।,False,False
normal,হাই!,Bengali,হাই!,False,False
normal,Kani ajke school e drawing competition e prize paishe!,Banglish,Kani ajke school e drawing competition e prize paishe!,False,False
normal,"টাকার কথা বললেই সে উঠে চলে যায়, আমি ওর কাছে ৩ লাখ টাকা পাই",Bengali,"টাকার কথা বললেই সে উঠে চলে যায়, আমি ওর কাছে ৩ লাখ টাকা পাই",False,False
normal,কাজ how চলছে?,CodeMix,কাজ how চলছে?,False,False
normal,Shuvo Deepavali!,Banglish,Shuvo Deepavali!,False,False
normal,Amar jonno kono notun khobor achhe?,Banglish,Amar jonno kono notun khobor achhe?,False,False
normal,আমি ভুল মনে হয় এবং আমি এটি সমাধান করতে চাই।,Bengali,আমি ভুল মনে হয় এবং আমি এটি সমাধান করতে চাই।,False,False
normal,01927382894 number e call korun.,Banglish,[PHONE] number e call korun.,False,True
normal,Tumi ki theater e jachho?,Banglish,Tumi ki theater e jachho?,False,False
normal,তোমার সাথে দেখা করতে চাই। Can we meet on Thursday?,CodeMix,তোমার সাথে দেখা করতে চাই। Can we meet on Thursday?,False,False
normal,তুমি কি পার্টিতে যাচ্ছো?,Bengali,তুমি কি পার্টিতে যাচ্ছো?,False,False
normal,Ajke cinema dekhbe?,Banglish,Ajke cinema dekhbe?,False,False
normal,Tomar priyo khabar ki?,Banglish,Tomar priyo khabar ki?,False,False
normal,আমি এ ব্যাপারে আশাবাদী যে প্রতিবাদ লক্ষ্য মোটেও আবার প্রতিবাদ ডেকে আনা নয়। বরং প্রতিবাদের লক্ষ্য হলো নতুন কিছু এনে পরিবর্তন সাধন করা। — ডে রে ম্যাকেসন,Bengali,আমি এ ব্যাপারে আশাবাদী যে প্রতিবাদ লক্ষ্য মোটেও আবার প্রতিবাদ ডেকে আনা নয়। বরং প্রতিবাদের লক্ষ্য হলো নতুন কিছু এনে পরিবর্তন সাধন করা। — ডে রে ম্যাকেসন,False,False
normal,"Everything will be fine, don't worry.",English,"Everything will be fine, don't worry.",False,False
normal,May everything be good for you in this holy month!,English,May everything be good for you in this holy month!,False,False
normal,"Kokhono onnoay, ottyachar er jonno nijer awaajke rukhe dio shotyo o nyayer kotha bolte.",Banglish,"Kokhono onnoay, ottyachar er jonno nijer awaajke rukhe dio shotyo o nyayer kotha bolte.",False,False
normal,"আমি বইটি পড়তে শুরু করলাম, খুব মজার লাগছে।",Bengali,"আমি বইটি পড়তে শুরু করলাম, খুব মজার লাগছে।",False,False
normal,পাখিরা গাছে খুব সুন্দর গান গায়।,Bengali,পাখিরা গাছে খুব সুন্দর গান গায়।,False,False
normal,The homemade biryani smells incredible from here! Can't wait for dinner tonight.,English,The homemade biryani smells incredible from here! Can't wait for dinner tonight.,False,False
normal,"Ami notun ekta phone kinechi ajke, camera quality khub bhalo. Next time dekha hole tor ke kichu portrait tule debo.",Banglish,"Ami notun ekta phone kinechi ajke, camera quality khub bhalo. Next time dekha hole tor ke kichu portrait tule debo.",False,False
normal,Ajker cricket match ta heart-breaking chilo. Bangladesh almost jite giye last over e hara gelo. Sobai disappointed but crowd ta khub support korse. Tor mone hoy ki team er performance improve hocche?,Banglish,Ajker cricket match ta heart-breaking chilo. Bangladesh almost jite giye last over e hara gelo. Sobai disappointed but crowd ta khub support korse. Tor mone hoy ki team er performance improve hocche?,False,False
normal,"koshto peyo na, ami achhi tomar pashe.",Banglish,"koshto peyo na, ami achhi tomar pashe.",False,False
normal,"চাচী, আপনার মেয়ের বিবাহের প্রস্তুতি কেমন? কিছু সাহায্য লাগবে?",Bengali,"চাচী, আপনার মেয়ের বিবাহের প্রস্তুতি কেমন? কিছু সাহায্য লাগবে?",False,False
normal,"আপনার মতো হোক না, আমি যেন তারামুল।",Bengali,"আপনার মতো হোক না, আমি যেন তারামুল।",False,False
normal,Most beautiful family কাজের জন্য আমি সময় দিতে চাই।,CodeMix,Most beautiful family কাজের জন্য আমি সময় দিতে চাই।,False,False
normal,Tumi ki cafe te jacho?,Banglish,Tumi ki cafe te jacho?,False,False
normal,আশা করি তোমার সব ইচ্ছা পূরণ হবে!,CodeMix,আশা করি তোমার সব ইচ্ছা পূরণ হবে!,False,False
normal,01827281739 ei number e rocket e 500 taka dao.,Banglish,[PHONE] ei number e rocket e 500 taka dao.,False,True
normal,"Aj bishesh din, ami barite bose achi.",Banglish,"Aj bishesh din, ami barite bose achi.",False,False
normal,"Kalke amader family dinner chilo, sobai ek sathe boshe boro table e khawa dawa kore onek moja korlam. Maa, baba, ar chhoto ra sobai present chhilo. Old memories gulo abar mone holo.",Banglish,"Kalke amader family dinner chilo, sobai ek sathe boshe boro table e khawa dawa kore onek moja korlam. Maa, baba, ar chhoto ra sobai present chhilo. Old memories gulo abar mone holo.",False,False
normal,"Hello, কি খবর?",CodeMix,"Hello, কি খবর?",False,False
normal,শুভ Maha Ashtami!,CodeMix,শুভ Maha Ashtami!,False,False
normal,Are you thinking?,English,Are you thinking?,False,False
normal,তুমি কি জিমে যাচ্ছো?,Bengali,তুমি কি জিমে যাচ্ছো?,False,False
normal,Raysha আজ garden এ খেলবে। Want to join her?,CodeMix,Raysha আজ garden এ খেলবে। Want to join her?,False,False
normal,You can create polls in the messenger group. Isn't everyone in that group?,English,You can create polls in the messenger group. Isn't everyone in that group?,False,False
normal,"Apnar bidyut bill baki 950/- taka, joldi porishod korun.",Banglish,"Apnar bidyut bill baki 950/- taka, joldi porishod korun.",False,False
normal,আজকে class এ আসবা তো? Let’s go together বাসা থেকে।,CodeMix,আজকে class এ আসবা তো? Let’s go together বাসা থেকে।,False,False
normal,What I have received a lot of sadness and reasons is that I want to say again about special time.,English,What I have received a lot of sadness and reasons is that I want to say again about special time.,False,False
normal,তোমার talent অসাধারণ।,CodeMix,তোমার talent অসাধারণ।,False,False
normal,Ami ekta Bangla choto golpo porte chai.,Banglish,Ami ekta Bangla choto golpo porte chai.,False,False
normal,"Shukrobar bazar e giye onek taka khoroch hoilo. Shobji, machh, mangsho kinte hoilo. Sob fresh chhilo.",Banglish,"Shukrobar bazar e giye onek taka khoroch hoilo. Shobji, machh, mangsho kinte hoilo. Sob fresh chhilo.",False,False
normal,Ajke ki plan?,Banglish,Ajke ki plan?,False,False
normal,"You are amazing, have faith in yourself.",English,"You are amazing, have faith in yourself.",False,False
normal,I want to tell you a story.,English,I want to tell you a story.,False,False
normal,"Ma tomake khoje, phone ta receive koro na keno?",Banglish,"Ma tomake khoje, phone ta receive koro na keno?",False,False
normal,Aajke Inaya khub roddure khelte giye jole geche.,Banglish,Aajke Inaya khub roddure khelte giye jole geche.,False,False
normal,আমি আমার pair এর জন্য না।,CodeMix,আমি আমার pair এর জন্য না।,False,False
normal,The movie we watched yesterday was really thought-provoking.,English,The movie we watched yesterday was really thought-provoking.,False,False
normal,Hope your medical checkup goes well tomorrow. I'm sure everything will be fine. Take care!,English,Hope your medical checkup goes well tomorrow. I'm sure everything will be fine. Take care!,False,False
normal,"এটা রাকিবের নাম্বার, ০১৭৬৩৮৩৯৮৫৪ কল দিস।",Bengali,"এটা রাকিবের নাম্বার, [PHONE] কল দিস।",False,True
normal,সকাল থেকে বিদ্যুৎ নেই। ফোনও চার্জ শেষ হয়ে আসছে। তুমি কি পাওয়ার ব্যাংক আনতে পারবে?,Bengali,সকাল থেকে বিদ্যুৎ নেই। ফোনও চার্জ শেষ হয়ে আসছে। তুমি কি পাওয়ার ব্যাংক আনতে পারবে?,False,False
normal,Ajke amader flat e load shedding holo 2 ghonta. Sobai roof e boshe adda marlam. Hawa enjoy korlam.,Banglish,Ajke amader flat e load shedding holo 2 ghonta. Sobai roof e boshe adda marlam. Hawa enjoy korlam.,False,False
normal,Ajkey kono kajey jabo na.,Banglish,Ajkey kono kajey jabo na.,False,False
normal,01827283962 nambare call korun.,Banglish,[PHONE] nambare call korun.,False,True
normal,Tomar ki bastob bhalo lagche? Ami amar basay alpo somoy deowa bhalo lage.,Banglish,Tomar ki bastob bhalo lagche? Ami amar basay alpo somoy deowa bhalo lage.,False,False
normal,মিঠু ভাইয়ের নাম্বারে টাকা দিয়ে তারপর আসিস।,Bengali,মিঠু ভাইয়ের নাম্বারে টাকা দিয়ে তারপর আসিস।,False,False
normal,"আজ দুপুরে বাজারে গিয়ে মাছ কিনলাম। ইলিশ অনেক দামি, তবে ছোট মাছের দাম ঠিক আছে।",Bengali,"আজ দুপুরে বাজারে গিয়ে মাছ কিনলাম। ইলিশ অনেক দামি, তবে ছোট মাছের দাম ঠিক আছে।",False,False
normal,Send money via Rocket to this number 01729172949.,English,Send money via Rocket to this number [PHONE] .,False,True
normal,The traffic was horrible today. Took me 2 hours to reach home.,English,The traffic was horrible today. Took me 2 hours to reach home.,False,False
normal,Aj ki korbo?,Banglish,Aj ki korbo?,False,False
normal,Ajke amar ekjon old school friend eshechilo bari te. O sathe dekha hoye onek moja holo. Sobai kotha bolchilam old memories niye.,Banglish,Ajke amar ekjon old school friend eshechilo bari te. O sathe dekha hoye onek moja holo. Sobai kotha bolchilam old memories niye.,False,False
normal,"Send money quickly as time is short, I will leave, my bKash 01728288292",English,"Send money quickly as time is short, I will leave, my bKash [PHONE]",False,True
normal,Exam er stress khub beshi hocche ajke kalke. Amar matha thik moto kaj korte chay na. Tore preparation kemon cholche?,Banglish,Exam er stress khub beshi hocche ajke kalke. Amar matha thik moto kaj korte chay na. Tore preparation kemon cholche?,False,False
normal,আপনার car-এর servicing-এর time limit শেষ হয়ে গেছে। দ্রুত contact করুন 01876543321।,CodeMix,আপনার car-এর servicing-এর time limit শেষ হয়ে গেছে। দ্রুত contact করুন [PHONE] ।,False,True
normal,"Hi, ki khobor?",Banglish,"Hi, ki khobor?",False,False
promo,ট্রাভেল প্যাকেজে অফার! কক্সবাজার ট্যুরে ৩০% ছাড়।,Bengali,ট্রাভেল প্যাকেজে অফার! কক্সবাজার ট্যুরে ৩০% ছাড়।,False,False
promo,২০০TK সেইই cashback! নাও ৬০GB+১০০০min@৬৯৯TK ৩০দিন: cutt.ly/aAhiAsI,CodeMix,২০০TK সেইই cashback! নাও ৬০GB+১০০০min@৬৯৯TK ৩০দিন: cutt.ly/aAhiAsI,False,False
promo,Mega sale on electronics! 10-50% discount on all products. Visit today.,English,Mega sale on electronics! 10-50% discount on all products. Visit today.,False,False
promo,Vision factory outlet! appliances 45% off. Uttara showroom!,English,Vision factory outlet! appliances 45% off. Uttara showroom!,False,False
promo,bonus shoho 8GB-120Taka-30din. nite dial *121*5072# or https://mygp.li/mo,Banglish,bonus shoho 8GB-120Taka-30din. nite dial *121*5072# or [URL],True,False
promo,Sheikh Hasina sarkar-er safollo: Bigoto 14 bochore 1441 km bandh nirman-er fole deshbapi 4.43 lokho hector elakay bonna niyontron o nishkashon subidhar somprosaron ghotche.,Banglish,Sheikh Hasina sarkar-er safollo: Bigoto 14 bochore 1441 km bandh nirman-er fole deshbapi 4.43 lokho hector elakay bonna niyontron o nishkashon subidhar somprosaron ghotche.,False,False
promo,"শীতের special discount at Westecs! সব laptops এ 15% off + free bag. Hurry, offer valid মাস শেষে।",CodeMix,"শীতের special discount at Westecs! সব laptops এ 15% off + free bag. Hurry, offer valid মাস শেষে।",False,False
promo,<#> আপনার মাইজিপি পিন (code) হচ্ছে: 7433. ভেরিফাই করতে এই পিনটি ব্যবহার করুন. অপব্যবহার ঠেকাতে এই পিনটি ফরওয়ার্ড অথবা কারো সাথে শেয়ার করবেন না FyXTPoy9ZDa,Bengali,<#> আপনার মাইজিপি পিন (code) হচ্ছে: 7433. ভেরিফাই করতে এই পিনটি ব্যবহার করুন. অপব্যবহার ঠেকাতে এই পিনটি ফরওয়ার্ড অথবা কারো সাথে শেয়ার করবেন না FyXTPoy9ZDa,False,False
promo,Notun lifestyle product e 25% discount! Stock shesh howar age sujog nin.,Banglish,Notun lifestyle product e 25% discount! Stock shesh howar age sujog nin.,False,False
promo,"Pro-level TK100 cashback e 35GB+500mi.@TK399,30din cutt.ly/2wQlYv6U",Banglish,"Pro-level TK100 cashback e 35GB+500mi.@TK399,30din cutt.ly/2wQlYv6U",False,False
promo,বোনাস সহ ৩জিবি-৬০টাকা-৩দিন। ডায়াল *১২১*৫৬৯৯# বা https://mygp.li/mo,Bengali,বোনাস সহ ৩জিবি-৬০টাকা-৩দিন। ডায়াল *১২১*৫৬৯৯# বা [URL],True,False
promo,Only TK97 for 30 days World Cup Cricket + 1GB data: cutt.ly/YwmtpRRj,English,Only TK97 for 30 days World Cup Cricket + 1GB data: cutt.ly/YwmtpRRj,False,False
promo,Shohoz Travel Carnival: Dhaka to Cox’s Bazar bus tickets flat 20% discount till 30th Sept. Use promo code CB20. Travel easy and save taka.,Banglish,Shohoz Travel Carnival: Dhaka to Cox’s Bazar bus tickets flat 20% discount till 30th Sept. Use promo code CB20. Travel easy and save taka.,False,False
promo,Lotto food court grand opening! All items buy 1 get 1 free today only. Bashundhara City mall!,English,Lotto food court grand opening! All items buy 1 get 1 free today only. Bashundhara City mall!,False,False
promo,"Today only! 40GB (bonus সহ) TK500, valid 30 days. Dial *121*5049# or visit mygp.li/mo",CodeMix,"Today only! 40GB (bonus সহ) TK500, valid 30 days. Dial *121*5049# or visit mygp.li/mo",False,False
promo,"১৮০৳ ক্যাশব্যাক শেষ দিন,নাও ৬১জিবি+১০০০মি@৳৭১৯,৩০দিন: cutt.ly/wwE5YMXC",Bengali,"১৮০৳ ক্যাশব্যাক শেষ দিন,নাও ৬১জিবি+১০০০মি@৳৭১৯,৩০দিন: cutt.ly/wwE5YMXC",False,False
promo,"January-24
Recharge:0TK
Khoroch:
Data:0TK
Voice:23TK
Onnanno:1TK",Banglish,January-24 Recharge:0TK Khoroch: Data:0TK Voice:23TK Onnanno:1TK,False,False
promo,Sheikh Hasina sarkarer safollo: 2006 shale sarkari website chhilo matro 98ti. 2023 shale ta bere darieche 52 hajar 200ti.,Banglish,Sheikh Hasina sarkarer safollo: 2006 shale sarkari website chhilo matro 98ti. 2023 shale ta bere darieche 52 hajar 200ti.,False,False
promo,GP STAR গ্রাহকরা এখন পাচ্ছেন ৫০০ টাকার শপিং ভাউচার সম্পূর্ণ ফ্রি! Daraz এ ব্যবহার করতে পারবেন। বিস্তারিত জানতে *121*888#।,Bengali,GP STAR গ্রাহকরা এখন পাচ্ছেন ৫০০ টাকার শপিং ভাউচার সম্পূর্ণ ফ্রি! Daraz এ ব্যবহার করতে পারবেন। বিস্তারিত জানতে *121*888#।,False,False
promo,Special discount for new customers. Register today.,English,Special discount for new customers. Register today.,False,False
promo,"Insurance is the arrangement to reduce unwanted/accidental damage to your life, health, and property. Get insured, stay risk-free  - Insurance Development and Regulatory Authority.",English,"Insurance is the arrangement to reduce unwanted/accidental damage to your life, health, and property. Get insured, stay risk-free - Insurance Development and Regulatory Authority.",False,False
promo,আমাদের নতুন product line থেকে যেকোনো item কিনলে ৳750 cashback পাবেন। This offer is only for this week।,CodeMix,আমাদের নতুন product line থেকে যেকোনো item কিনলে ৳750 cashback পাবেন। This offer is only for this week।,False,False
promo,"আজ 15 March World Consumer Rights Day। Day-এর theme- 'Smart Bangladesh গড়ি, consumer-এর স্বার্থে artificial intelligence ব্যবহার করি'। National Consumer Rights Protection Department, Commerce Ministry।",CodeMix,"আজ 15 March World Consumer Rights Day। Day-এর theme- 'Smart Bangladesh গড়ি, consumer-এর স্বার্থে artificial intelligence ব্যবহার করি'। National Consumer Rights Protection Department, Commerce Ministry।",False,False
promo,"Eid কেনাকাটা হোক Diamond World-এর সাথে, উপভোগ করুন diamond গহনায় ২৫%ছাড় ও gold-এর আকর্ষণীয় collection। visit:qrco.de/beuAOs, ০১৭১৩১৯৯২৭০",CodeMix,"Eid কেনাকাটা হোক Diamond World-এর সাথে, উপভোগ করুন diamond গহনায় ২৫%ছাড় ও gold-এর আকর্ষণীয় collection। visit:qrco.de/beuAOs, [PHONE]",False,True
promo,"130Tkay 150min(30din) sathe bonus, nite *121*5205# https://mygp.li/a0",Banglish,"130Tkay 150min(30din) sathe bonus, nite *121*5205# [URL]",True,False
promo,Get 1000TK bonus when you deposit 5000TK in bKash! Avail this offer today.,English,Get 1000TK bonus when you deposit 5000TK in bKash! Avail this offer today.,False,False
promo,"Nagad recharge করুন ২০০ TK এ এবং ২০ TK extra credit পান। Hurry, offer valid today only।",CodeMix,"Nagad recharge করুন ২০০ TK এ এবং ২০ TK extra credit পান। Hurry, offer valid today only।",False,False
promo,"40TK cashback! 46GB @458TK, 30 days, get it now: cutt.ly/GwWYCCfJ",English,"40TK cashback! 46GB @458TK, 30 days, get it now: cutt.ly/GwWYCCfJ",False,False
promo,"25 TK cashback! Now get more data – 50GB @ 473 TK, 30 days: cutt.ly/zwTmxzpd",CodeMix,"25 TK cashback! Now get more data – 50GB @ 473 TK, 30 days: cutt.ly/zwTmxzpd",False,False
promo,Dutch-Bangla Bank SME loan! Small business funding up to 50 lakh at competitive rates. Apply today!,English,Dutch-Bangla Bank SME loan! Small business funding up to 50 lakh at competitive rates. Apply today!,False,False
promo,"Bkash + Pathao Ride: Pay via bkash and enjoy 30% cashback up to 60TK per ride. Validity 7 days. Promo code: RIDE30. Travel cheap, travel safe.",Banglish,"Bkash + Pathao Ride: Pay via bkash and enjoy 30% cashback up to 60TK per ride. Validity 7 days. Promo code: RIDE30. Travel cheap, travel safe.",False,False
promo,Nagad app payment করলে instant cashback পাবেন। Use code: CASHBACK30,CodeMix,Nagad app payment করলে instant cashback পাবেন। Use code: CASHBACK30,False,False
promo,"TK40 cashback! 31GB+450min.@459TK 30 days, get it: cutt.ly/0wO6Jggn",English,"TK40 cashback! 31GB+450min.@459TK 30 days, get it: cutt.ly/0wO6Jggn",False,False
promo,বোনাস সহ ২জিবি-৪০টাকা-৭দিন। ডায়াল *১২১*৫০৩৭# বা mygp.li/mo,Bengali,বোনাস সহ ২জিবি-৪০টাকা-৭দিন। ডায়াল *১২১*৫০৩৭# বা mygp.li/mo,False,False
promo,Pathao ride এ ২০% discount আজ। Book করুন online!,CodeMix,Pathao ride এ ২০% discount আজ। Book করুন online!,False,False
promo,"Daraz Fashion Fest: Saree, panjabi, and shirts up to 65% discount. Extra voucher available in app. Offer valid for 3 days.",Banglish,"Daraz Fashion Fest: Saree, panjabi, and shirts up to 65% discount. Extra voucher available in app. Offer valid for 3 days.",False,False
promo,Flash Sale! 50% off on all electronics at Daraz. Use code FLASH50. Valid till midnight!,English,Flash Sale! 50% off on all electronics at Daraz. Use code FLASH50. Valid till midnight!,False,False
promo,Daraz Mall এ শপিং করলে এখনই ২০০ টাকা ডিসকাউন্ট ভাউচার ফ্রি। কেবল নতুন ইউজারদের জন্য প্রযোজ্য।,Bengali,Daraz Mall এ শপিং করলে এখনই ২০০ টাকা ডিসকাউন্ট ভাউচার ফ্রি। কেবল নতুন ইউজারদের জন্য প্রযোজ্য।,False,False
promo,"Pro-level TK১০০ cashback এ ৩৫GB+৫০০মি.\@TK৩৯৯, ৩০দিন cutt.ly/2wQlYv6U",CodeMix,"Pro-level TK১০০ cashback এ ৩৫GB+৫০০মি.\@TK৩৯৯, ৩০দিন cutt.ly/2wQlYv6U",False,False
promo,"TK200 cashback! 60GB+1000 minutes @699TK 30 days, take it- cutt.ly/aAhiAsI",English,"TK200 cashback! 60GB+1000 minutes @699TK 30 days, take it- cutt.ly/aAhiAsI",False,False
promo,Dekko ceramic tiles mega discount! All bathroom and kitchen tiles 35% off. Free installation service!,English,Dekko ceramic tiles mega discount! All bathroom and kitchen tiles 35% off. Free installation service!,False,False
promo,Robi 4.5G unlimited internet + calls package! Only 599 TK for 30 days. Activate: *8444*599#,English,Robi 4.5G unlimited internet + calls package! Only 599 TK for 30 days. Activate: *8444*599#,False,False
promo,১০ বছর আগে আজকের দিনেই শুরু হয়েছিল Grameenphone এর সাথে আপনার journey. Let's hope for brighter days ahead!,CodeMix,১০ বছর আগে আজকের দিনেই শুরু হয়েছিল Grameenphone এর সাথে আপনার journey. Let's hope for brighter days ahead!,False,False
promo,"Call duration 00:00:44, charged 0.92 TK, remaining balance is 0.41 TK",English,"Call duration 00:00:44, charged 0.92 TK, remaining balance is 0.41 TK",False,False
promo,"More chatting+internetting, get 5GB+150min@TK159, 7 days cutt.ly/owEyhCVt",English,"More chatting+internetting, get 5GB+150min@TK159, 7 days cutt.ly/owEyhCVt",False,False
promo,GP App দিয়ে প্রথমবার রিচার্জ করলে ২০ টাকা বোনাস।,Bengali,GP App দিয়ে প্রথমবার রিচার্জ করলে ২০ টাকা বোনাস।,False,False
promo,Banglalink offers 25GB at 250TK for 30 days. Don't miss out!,English,Banglalink offers 25GB at 250TK for 30 days. Don't miss out!,False,False
promo,"double century cashback TK200!61GB+1000mi@TK699,30din cutt.ly/FwQhpKHc",Banglish,"double century cashback TK200!61GB+1000mi@TK699,30din cutt.ly/FwQhpKHc",False,False
promo,Best offer! Bonus সহ 5GB-৫০টাকা-3দিন। Dial *১২১*৫৬৫০# বা mygp.li/my,CodeMix,Best offer! Bonus সহ 5GB-৫০টাকা-3দিন। Dial *১২১*৫৬৫০# বা mygp.li/my,False,False
promo,"Lee Cooper-e
shokol shirt, jeans, gabardin
flat 50% chhad
Shopper",Banglish,"Lee Cooper-e shokol shirt, jeans, gabardin flat 50% chhad Shopper",False,False
promo,নতুন ফ্যাশন কালেকশন! শার্ট ও প্যান্টে কম্বো অফার ৪৯৯ টাকা।,Bengali,নতুন ফ্যাশন কালেকশন! শার্ট ও প্যান্টে কম্বো অফার ৪৯৯ টাকা।,False,False
promo,পার্টি সাপ্লাইতে অফার! ডেকোরেশন আইটেমে ৪০% ছাড়।,Bengali,পার্টি সাপ্লাইতে অফার! ডেকোরেশন আইটেমে ৪০% ছাড়।,False,False
promo,"Mega cashback 250TK! Nao-60GB+1600mi.@749TK, 30din: cutt.ly/yeqcP3pE",Banglish,"Mega cashback 250TK! Nao-60GB+1600mi.@749TK, 30din: cutt.ly/yeqcP3pE",False,False
promo,Uber rides 50% cheaper this Friday! Use code FRIDAY50 for savings.,English,Uber rides 50% cheaper this Friday! Use code FRIDAY50 for savings.,False,False
promo,"GP Talktime Boost: Recharge 199TK and get 500 mins free calls, validity 30 days. Dial *121*199# now.",Banglish,"GP Talktime Boost: Recharge 199TK and get 500 mins free calls, validity 30 days. Dial *121*199# now.",False,False
promo,New customers-এর জন্য special discount। Register today।,CodeMix,New customers-এর জন্য special discount। Register today।,False,False
promo,"Pro-level আড্ডা+interneting-১০GB+২৫০min@২৫৮৳,৩০দিন cutt.ly/wwCctHGF",CodeMix,"Pro-level আড্ডা+interneting-১০GB+২৫০min@২৫৮৳,৩০দিন cutt.ly/wwCctHGF",False,False
promo,"১০০৳ ক্যাশব্যাকে ৩১জিবি+৪৫০মি.@৩৯৯৳,৩০দিন, নিয়ে নাও: cutt.ly/2wQlYv6U",Bengali,"১০০৳ ক্যাশব্যাকে ৩১জিবি+৪৫০মি.@৩৯৯৳,৩০দিন, নিয়ে নাও: cutt.ly/2wQlYv6U",False,False
promo,Aj o kal Mens World er shob shakhay flat 50% discount cutt.ly/fmw,Banglish,Aj o kal Mens World er shob shakhay flat 50% discount cutt.ly/fmw,False,False
promo,"City Group job fair! 1000+ positions in textile, pharmacy, banking. Apply: citygroup-jobs.bd!",English,"City Group job fair! 1000+ positions in textile, pharmacy, banking. Apply: [URL]",True,False
promo,"Special deal for you! 10GB+250 minutes @TK250, 30 days: cutt.ly/Lwg2MRlr",English,"Special deal for you! 10GB+250 minutes @TK250, 30 days: cutt.ly/Lwg2MRlr",False,False
promo,BRAC Bank card holders ২০% cashback পান electronics shopping এ। Apply now এবং instant reward points enjoy করুন,CodeMix,BRAC Bank card holders ২০% cashback পান electronics shopping এ। Apply now এবং instant reward points enjoy করুন,False,False
promo,"৳৩৫ ক্যাশব্যাকে এবার আরো বেশি ডাটা ৫০জিবি@৳৪৬৩, ৩০দিন cutt.ly/HwOETkke",Bengali,"৳৩৫ ক্যাশব্যাকে এবার আরো বেশি ডাটা ৫০জিবি@৳৪৬৩, ৩০দিন cutt.ly/HwOETkke",False,False
promo,"নতুন ডিলে লেভেলআপ ইন্টারনেটিং ২৫জিবি+৪০০মি@৳৩৯৭,৩০দিন cutt.ly/oeeJSDbP",Bengali,"নতুন ডিলে লেভেলআপ ইন্টারনেটিং ২৫জিবি+৪০০মি@৳৩৯৭,৩০দিন cutt.ly/oeeJSDbP",False,False
promo,"Happy New Year - ২০২৪
Smart banking service-এ সোনালী ব্যাংক
Always আপনার পাশে
Md. Afzal Karim
CEO & MD",CodeMix,Happy New Year - ২০২৪ Smart banking service-এ সোনালী ব্যাংক Always আপনার পাশে Md. Afzal Karim CEO & MD,False,False
promo,Use 5GB data in April and get lowest call rate in May- cutt.ly/0AA4sic,English,Use 5GB data in April and get lowest call rate in May- cutt.ly/0AA4sic,False,False
promo,রবি কাস্টমারদের জন্য সুপার অফার: ৩ মাসের YouTube Premium সাবস্ক্রিপশন ফ্রি। সক্রিয় করুন *888#।,Bengali,রবি কাস্টমারদের জন্য সুপার অফার: ৩ মাসের YouTube Premium সাবস্ক্রিপশন ফ্রি। সক্রিয় করুন *888#।,False,False
promo,"Success of Sheikh Hasina's government: 
Farmer-friendly government reduced fertilizer prices—TSP from TK 80 to 27, DAP from TK 90 to 21, and MOP from TK 70 to 20.",English,"Success of Sheikh Hasina's government: Farmer-friendly government reduced fertilizer prices—TSP from TK 80 to 27, DAP from TK 90 to 21, and MOP from TK 70 to 20.",False,False
promo,"Partex furniture Eid special! Bedroom sets starting 35000 TK. Visit Elephant Road, New Market showrooms!",English,"Partex furniture Eid special! Bedroom sets starting 35000 TK. Visit Elephant Road, New Market showrooms!",False,False
promo,Green Delta Insurance health policy! Family coverage 5 lakh at 8000 TK annually. Secure your future!,English,Green Delta Insurance health policy! Family coverage 5 lakh at 8000 TK annually. Secure your future!,False,False
promo,"27 minutes for only 19 taka, validity 5 days; dial *121*5080#",English,"27 minutes for only 19 taka, validity 5 days; dial *121*5080#",False,False
promo,"GP YouTube Pack: 20GB only 249TK, validity 30 days. Dial *121*249# now.",Banglish,"GP YouTube Pack: 20GB only 249TK, validity 30 days. Dial *121*249# now.",False,False
promo,Gazi Tyres special offer! All car tyres 25% discount with free wheel alignment. Call 01711998877!,English,Gazi Tyres special offer! All car tyres 25% discount with free wheel alignment. Call [PHONE] !,False,True
promo,টেলিটক নতুন সিম! প্রথম রিচার্জে বোনাস ১০০% পর্যন্ত। কাছের রিটেইলার থেকে নিন।,Bengali,টেলিটক নতুন সিম! প্রথম রিচার্জে বোনাস ১০০% পর্যন্ত। কাছের রিটেইলার থেকে নিন।,False,False
promo,City Bank app ব্যবহার করে pay করুন এবং instant ৫% cashback পান। Download now এবং enjoy seamless payment।,CodeMix,City Bank app ব্যবহার করে pay করুন এবং instant ৫% cashback পান। Download now এবং enjoy seamless payment।,False,False
promo,Bonus সহ 4GB-৬৬টাকা-7দিন।Dial *১২১*৫০৪৭# বা https://mygp.li/mo,CodeMix,Bonus সহ 4GB-৬৬টাকা-7দিন।Dial *১২১*৫০৪৭# বা [URL],True,False
promo,"১৮০৳ Cashback-এ best offer ৬১GB+১০০০min@৳৭১৯, ৩০দিন: cutt.ly/wwE5YMXC",CodeMix,"১৮০৳ Cashback-এ best offer ৬১GB+১০০০min@৳৭১৯, ৩০দিন: cutt.ly/wwE5YMXC",False,False
promo,আগামী 13 October 2023 দেশব্যাপী release পাচ্ছে জাতির পিতা বঙ্গবন্ধু শেখ মুজিবুর রহমান এঁর জীবনীর উপর নির্মিত biopic film 'মুজিব-একটি জাতির রূপকার'। চলে আসুন আপনার nearest cinema hall-এ।,CodeMix,আগামী 13 October 2023 দেশব্যাপী release পাচ্ছে জাতির পিতা বঙ্গবন্ধু শেখ মুজিবুর রহমান এঁর জীবনীর উপর নির্মিত biopic film 'মুজিব-একটি জাতির রূপকার'। চলে আসুন আপনার nearest cinema hall-এ।,False,False
promo,Banglalink 30GB internet + 500 minutes for 30 days only 399 TK! Get it now: *5000*399#,English,Banglalink 30GB internet + 500 minutes for 30 days only 399 TK! Get it now: *5000*399#,False,False
promo,"Pran RFL plastic chair and table set! Durable quality, special price 2800 TK. All showrooms available!",English,"Pran RFL plastic chair and table set! Durable quality, special price 2800 TK. All showrooms available!",False,False
promo,"দারাজের মেগা ১১.১১ সেল এখনই শুরু! এই বিশেষ দিনে আমরা নিয়ে এসেছি অবিশ্বাস্য সব অফার - ইলেকট্রনিক্সে ৭০% পর্যন্ত ছাড়, ফ্যাশনে ৬০% ছাড়, হোম অ্যান্ড লিভিংয়ে ৫৫% ছাড়। বিশেষ ফ্ল্যাশ সেলে স্মার্টফোন ৯৯৯ টাকা থেকে শুরু! প্রতি ঘন্টায় নতুন নতুন ডিল। ফ্রি শিপিং এবং ক্যাশ অন ডেলিভারি সুবিধা। এখনই daraz.com.bd তে ভিজিট করুন অথবা ডারাজ অ্যাপ ডাউনলোড করুন।",Bengali,"দারাজের মেগা ১১.১১ সেল এখনই শুরু! এই বিশেষ দিনে আমরা নিয়ে এসেছি অবিশ্বাস্য সব অফার - ইলেকট্রনিক্সে ৭০% পর্যন্ত ছাড়, ফ্যাশনে ৬০% ছাড়, হোম অ্যান্ড লিভিংয়ে ৫৫% ছাড়। বিশেষ ফ্ল্যাশ সেলে স্মার্টফোন ৯৯৯ টাকা থেকে শুরু! প্রতি ঘন্টায় নতুন নতুন ডিল। ফ্রি শিপিং এবং ক্যাশ অন ডেলিভারি সুবিধা। এখনই [URL] তে ভিজিট করুন অথবা ডারাজ অ্যাপ ডাউনলোড করুন।",True,False
promo,Ajker special offer: Pathao ride এ ২৫% discount। Book করুন এখন!,CodeMix,Ajker special offer: Pathao ride এ ২৫% discount। Book করুন এখন!,False,False
promo,"ক্যাশব্যাকে সেঞ্চুরি ৳১০০! ২৬জিবি+৫০০মি. @৳৩৯৯,৩০দিন: cutt.ly/mwmJFpRa",Bengali,"ক্যাশব্যাকে সেঞ্চুরি ৳১০০! ২৬জিবি+৫০০মি. @৳৩৯৯,৩০দিন: cutt.ly/mwmJFpRa",False,False
promo,Register for Universal Pension Scheme; contribute to building an advanced and welfare state - National Pension Authority.,English,Register for Universal Pension Scheme; contribute to building an advanced and welfare state - National Pension Authority.,False,False
promo,"Bangladesh noubahinite sorasori commissioned officer pade niyog cholche. 
Visit korun: www.joinnavy.navy.mil.bd",Banglish,Bangladesh noubahinite sorasori commissioned officer pade niyog cholche. Visit korun: [URL],True,False
promo,"Daraz Electronics Week: Mobile, TV, fridge up to 60% discount. EMI option up to 12 months. Free delivery for Dhaka orders. Shop daraz.com.bd now.",Banglish,"Daraz Electronics Week: Mobile, TV, fridge up to 60% discount. EMI option up to 12 months. Free delivery for Dhaka orders. Shop [URL] now.",True,False
promo,KFC bucket feast for family! 8 pieces chicken + sides just 1299 TK. Order now: 16427,English,KFC bucket feast for family! 8 pieces chicken + sides just 1299 TK. Order now: 16427,False,False
promo,"৩০জিবি@৩৮৯৳,৩০দিন pack কিনে পাও ""Dunki"" movie ticket: cutt.ly/SwFqDlAs",CodeMix,"৩০জিবি@৩৮৯৳,৩০দিন pack কিনে পাও ""Dunki"" movie ticket: cutt.ly/SwFqDlAs",False,False
promo,"Daraz Mega Sale শুরু হয়েছে! ফ্যাশন, ইলেকট্রনিক্স আর হোম প্রোডাক্টে ৫০% পর্যন্ত ডিসকাউন্ট। কোড: BIGSALE50 ব্যবহার করুন। সীমিত সময়ের জন্য।",Bengali,"Daraz Mega Sale শুরু হয়েছে! ফ্যাশন, ইলেকট্রনিক্স আর হোম প্রোডাক্টে ৫০% পর্যন্ত ডিসকাউন্ট। কোড: BIGSALE50 ব্যবহার করুন। সীমিত সময়ের জন্য।",False,False
promo,Robi eShop থেকে স্মার্টফোন কিনলে পাচ্ছেন ফ্রি পাওয়ারব্যাংক। অফার স্টক শেষ না হওয়া পর্যন্ত চলবে। এখনই অর্ডার করুন।,Bengali,Robi eShop থেকে স্মার্টফোন কিনলে পাচ্ছেন ফ্রি পাওয়ারব্যাংক। অফার স্টক শেষ না হওয়া পর্যন্ত চলবে। এখনই অর্ডার করুন।,False,False
promo,"আজই last day! ৪০GB(bonus-সহ)৫০০টাকা ৩০দিন।Dial *১২১*৫০৪৯#, mygp.li/mo",CodeMix,"আজই last day! ৪০GB(bonus-সহ)৫০০টাকা ৩০দিন।Dial *১২১*৫০৪৯#, mygp.li/mo",False,False
promo,"May-24
Recharge: 0TK
Khoroch:
Data: 287TK
Voice: 101TK
Onnanno: 0TK",Banglish,May-24 Recharge: 0TK Khoroch: Data: 287TK Voice: 101TK Onnanno: 0TK,False,False
promo,"Nagad app recharge ৫০০ TK এবং ৫০ TK extra credit পান। Limited offer, recharge today to secure bonus",CodeMix,"Nagad app recharge ৫০০ TK এবং ৫০ TK extra credit পান। Limited offer, recharge today to secure bonus",False,False
promo,Offers galore! Buy now at 20% off on your favorite clothes. Only for today!,English,Offers galore! Buy now at 20% off on your favorite clothes. Only for today!,False,False
promo,“দ্বাদশ জাতীয় সংসদ নির্বাচনে অংশগ্রহণে ইচ্ছুক প্রার্থীগণ প্রচলিত পদ্ধতির পাশাপাশি অনলাইনেও মনোনয়নপত্র দাখিল করতে পারবেন। অনলাইনে মনোনয়ন দাখিল করতে কমিশনের ওয়েবসাইট www.ecs.gov.bd-এ প্রবেশ করুন”-ইসি,Bengali,“দ্বাদশ জাতীয় সংসদ নির্বাচনে অংশগ্রহণে ইচ্ছুক প্রার্থীগণ প্রচলিত পদ্ধতির পাশাপাশি অনলাইনেও মনোনয়নপত্র দাখিল করতে পারবেন। অনলাইনে মনোনয়ন দাখিল করতে কমিশনের ওয়েবসাইট [URL] প্রবেশ করুন”-ইসি,True,False
promo,GP STAR গ্রাহকদের জন্য ১০০০ টাকা শপিং ভাউচার ফ্রি! জানতে *121*888# ডায়াল করুন।,Bengali,GP STAR গ্রাহকদের জন্য ১০০০ টাকা শপিং ভাউচার ফ্রি! জানতে *121*888# ডায়াল করুন।,False,False
promo,"80 minutes for only 59 taka (5 days), dial *121*4205#",English,"80 minutes for only 59 taka (5 days), dial *121*4205#",False,False
promo,"Exclusive offer for new MyGP SIM: 2GB internet for only TK17, valid for 7 days (once per month). Visit https://mygp.li/ga",English,"Exclusive offer for new MyGP SIM: 2GB internet for only TK17, valid for 7 days (once per month). Visit [URL]",True,False
promo,Unimart fresh fest: Fruits and vegetables e 20% discount till 12th Sept. Home delivery available instantly. Shop online at unimart.com.bd.,Banglish,Unimart fresh fest: Fruits and vegetables e 20% discount till 12th Sept. Home delivery available instantly. Shop online at [URL],True,False
promo,Walton smartphone কিনলে free gift পাবেন। Order করুন online আজই!,CodeMix,Walton smartphone কিনলে free gift পাবেন। Order করুন online আজই!,False,False
promo,Confidence Cement ready-mix concrete! All grades available with on-time delivery. Strong foundations guaranteed!,English,Confidence Cement ready-mix concrete! All grades available with on-time delivery. Strong foundations guaranteed!,False,False
promo,"Chaldal app festival: Order groceries worth 700TK and enjoy free delivery across Dhaka. Plus, paben 10% cashback using Bkash. Offer valid ajker din porjonto.",Banglish,"Chaldal app festival: Order groceries worth 700TK and enjoy free delivery across Dhaka. Plus, paben 10% cashback using Bkash. Offer valid ajker din porjonto.",False,False
promo,"Buy 1 Get 1 free at Aarong! এই অফারটি valid 10th October পর্যন্ত। Don't miss out, সুযোগ হাতছাড়া করবেন না!",CodeMix,"Buy 1 Get 1 free at Aarong! এই অফারটি valid 10th October পর্যন্ত। Don't miss out, সুযোগ হাতছাড়া করবেন না!",False,False
promo,"Shop for Durga Puja with 25% discount, until October 25. 01713199270",English,"Shop for Durga Puja with 25% discount, until October 25. [PHONE]",False,True
promo,"Double century cashback TK 200! 61GB+1000min\@TK699, 30 days cutt.ly/FwQhpKHc",English,"Double century cashback TK 200! 61GB+1000min\@TK699, 30 days cutt.ly/FwQhpKHc",False,False
promo,BRAC Bank credit card holders জন্য ১৫% cashback on electronics। Apply now এবং instant reward points পান,CodeMix,BRAC Bank credit card holders জন্য ১৫% cashback on electronics। Apply now এবং instant reward points পান,False,False
promo,"40 TK cashback! 46GB @ 458 TK, 30 দিন – grab now: cutt.ly/GwWYCCfJ",CodeMix,"40 TK cashback! 46GB @ 458 TK, 30 দিন – grab now: cutt.ly/GwWYCCfJ",False,False
promo,May mash e 5GB er beshi byabohar kore pao 45p/min callrate- cutt.ly/0AA4sic,Banglish,May mash e 5GB er beshi byabohar kore pao 45p/min callrate- cutt.ly/0AA4sic,False,False
promo,"Sheikh Hasina government-এর success:
2006 সালে Rural Social Service program-এর আওতায় interest-free micro credit assistance প্রাপ্ত জনগোষ্ঠীর সংখ্যা ছিল 21 lakh 77 thousand। Current government-এর সময়ে তা দাঁড়িয়েছে 34 lakh 90 thousand।",CodeMix,Sheikh Hasina government-এর success: 2006 সালে Rural Social Service program-এর আওতায় interest-free micro credit assistance প্রাপ্ত জনগোষ্ঠীর সংখ্যা ছিল 21 lakh 77 thousand। Current government-এর সময়ে তা দাঁড়িয়েছে 34 lakh 90 thousand।,False,False
promo,অনলাইন কোর্সে বিশেষ ছাড়! ওয়েব ডিজাইনে ৭৫% পর্যন্ত কমতি।,Bengali,অনলাইন কোর্সে বিশেষ ছাড়! ওয়েব ডিজাইনে ৭৫% পর্যন্ত কমতি।,False,False
promo,আপনার ফেভারিট ব্র্যান্ডের উপর ৩০% পর্যন্ত ছাড়! অফার সীমিত সময়ের জন্য।,Bengali,আপনার ফেভারিট ব্র্যান্ডের উপর ৩০% পর্যন্ত ছাড়! অফার সীমিত সময়ের জন্য।,False,False
promo,Shohoz Parcel: First 2 parcels up to 3kg free delivery. Promo code FREE2. Offer valid till month end.,Banglish,Shohoz Parcel: First 2 parcels up to 3kg free delivery. Promo code FREE2. Offer valid till month end.,False,False
promo,"Get Fagun's humming deal- 13GB@113TK, 3 days: cutt.ly/0wVxZ5vA",English,"Get Fagun's humming deal- 13GB@113TK, 3 days: cutt.ly/0wVxZ5vA",False,False
promo,Offer: সব grocery-তে 10% cashback। শুধু today এর জন্য।,CodeMix,Offer: সব grocery-তে 10% cashback। শুধু today এর জন্য।,False,False
promo,Shohoz Food App-এ আজ সব অর্ডারে ২০% ছাড়। কোড: SHOHOZ20 ব্যবহার করুন।,Bengali,Shohoz Food App-এ আজ সব অর্ডারে ২০% ছাড়। কোড: SHOHOZ20 ব্যবহার করুন।,False,False
promo,Lotto today only offer on specific products buy 1 get 1 free Shop,English,Lotto today only offer on specific products buy 1 get 1 free Shop,False,False
promo,"Ajei shesh din! 40GB(bonus shoho) 500 taka 30din. Dial *121*5049#, mygp.li/mo",Banglish,"Ajei shesh din! 40GB(bonus shoho) 500 taka 30din. Dial *121*5049#, mygp.li/mo",False,False
promo,Polar ice cream parlour triple scoop sundae special 199TK only!,English,Polar ice cream parlour triple scoop sundae special 199TK only!,False,False
promo,"সর্বকালের greatest বাঙালি জাতির পিতা বঙ্গবন্ধু শেখ মুজিবুর রহমান-এর ৪৭তম shahadat anniversary-তে deep respect""-ডাক ও টেলিযোগাযোগ বিভাগ।",CodeMix,"সর্বকালের greatest বাঙালি জাতির পিতা বঙ্গবন্ধু শেখ মুজিবুর রহমান-এর ৪৭তম shahadat anniversary-তে deep respect""-ডাক ও টেলিযোগাযোগ বিভাগ।",False,False
promo,Burger King flame grilled burgers buy 1 get 1 free today only!,English,Burger King flame grilled burgers buy 1 get 1 free today only!,False,False
promo,নতুন গ্রাহকদের জন্য স্পেশাল অফার! আমাদের সার্ভিসে ৩০% ছাড়।,Bengali,নতুন গ্রাহকদের জন্য স্পেশাল অফার! আমাদের সার্ভিসে ৩০% ছাড়।,False,False
promo,New season এ সব clothes এ 25% discount। Today ই shopping করুন।,CodeMix,New season এ সব clothes এ 25% discount। Today ই shopping করুন।,False,False
promo,"Pro-level TK100 cashback 35GB+500min@TK399,30 days cutt.ly/2wQlYv6U",English,"Pro-level TK100 cashback 35GB+500min@TK399,30 days cutt.ly/2wQlYv6U",False,False
promo,"Pickaboo electronics festival: Smartphones, laptops massive discounts!",English,"Pickaboo electronics festival: Smartphones, laptops massive discounts!",False,False
promo,"1GB (0.2GB+ 0.8GB Bonus) internet shofol bhabe chalu hoyeche. Moto mulyo 19TK, meyad 7 din. Internet balance jante mygp.li/check click korun othoba *121*1*4# dial korun.",Banglish,"1GB (0.2GB+ 0.8GB Bonus) internet shofol bhabe chalu hoyeche. Moto mulyo 19TK, meyad 7 din. Internet balance jante mygp.li/check click korun othoba *121*1*4# dial korun.",False,False
promo,"Internetting-য়ে pocket saving, নাও ১০জিবি@৳১৫৮,৭দিন: cutt.ly/FwUC6vhp",CodeMix,"Internetting-য়ে pocket saving, নাও ১০জিবি@৳১৫৮,৭দিন: cutt.ly/FwUC6vhp",False,False
promo,"Build a house on bounded ready plot and earn now, per katha 4.5 lakh
01894841736",English,"Build a house on bounded ready plot and earn now, per katha 4.5 lakh [PHONE]",False,True
promo,বাংলাদেশ নৌবাহিনীতে অফিসার ক্যাডেট পদে নিয়োগ চলছে । ভিজিট করুন: www.joinnavy.navy.mil.bd,Bengali,বাংলাদেশ নৌবাহিনীতে অফিসার ক্যাডেট পদে নিয়োগ চলছে । ভিজিট করুন: [URL],True,False
promo,Daraz 11.11 sale! Upto 80% off on mobiles. Free shipping. Shop now: daraz.com.bd,Banglish,Daraz 11.11 sale! Upto 80% off on mobiles. Free shipping. Shop now: [URL],True,False
promo,Shohoz Bike rides: First 5 rides 40% discount new users jonne. Promo code BIKE40. Offer till 25th Sept.,Banglish,Shohoz Bike rides: First 5 rides 40% discount new users jonne. Promo code BIKE40. Offer till 25th Sept.,False,False
promo,"সপ্তাহজুড়ে pro-level internet, নাও ২৫GB@২১৯TK: cutt.ly/2wEyml8b",CodeMix,"সপ্তাহজুড়ে pro-level internet, নাও ২৫GB@২১৯TK: cutt.ly/2wEyml8b",False,False
promo,৭৯ paisa per minute ১৫ days duration-এর call rate offer-টি নিতে ১১৯ TK recharge করুন। ,CodeMix,৭৯ paisa per minute ১৫ days duration-এর call rate offer-টি নিতে ১১৯ TK recharge করুন।,False,False
promo,"Koro fullon interneting! Nao 10GB@200TK, 30din: cutt.ly/GwYJBDuV",Banglish,"Koro fullon interneting! Nao 10GB@200TK, 30din: cutt.ly/GwYJBDuV",False,False
promo,Yellow Taxi app users get 30% off on all rides this month!,English,Yellow Taxi app users get 30% off on all rides this month!,False,False
promo,"Invest in 'Navana Highland', a planned city adjacent to Asian Highway in Purbachal. High and red soil. Installment facility available – 01708466471",English,"Invest in 'Navana Highland', a planned city adjacent to Asian Highway in Purbachal. High and red soil. Installment facility available – [PHONE]",False,True
promo,"GP binge internet: 50GB pack only 599TK for 30 days. Ideal for students, gaming, and heavy users. Activate ekhuni *121*599# e. Limited time only.",Banglish,"GP binge internet: 50GB pack only 599TK for 30 days. Ideal for students, gaming, and heavy users. Activate ekhuni *121*599# e. Limited time only.",False,False
promo,"shudhumatro MyGP-te notun SIM-er offer ekhon 2GB internet matro 17TK-te, meyad 7din (mas-e shorbhochcho ekbar). visit korun https://mygp.li/ga",Banglish,"shudhumatro MyGP-te notun SIM-er offer ekhon 2GB internet matro 17TK-te, meyad 7din (mas-e shorbhochcho ekbar). visit korun [URL]",True,False
promo,Robi app recharge করলে ১৫% extra credit। Hurry up!,CodeMix,Robi app recharge করলে ১৫% extra credit। Hurry up!,False,False
promo,Chaldal fest: Grocery order 2000TK+ and get 350TK cashback using bkash. Free delivery within Dhaka same day. Order now.,Banglish,Chaldal fest: Grocery order 2000TK+ and get 350TK cashback using bkash. Free delivery within Dhaka same day. Order now.,False,False
promo,Pizza Hut buy 1 get 1 free on all medium pizzas! Dine-in or takeaway. Offer valid today only!,English,Pizza Hut buy 1 get 1 free on all medium pizzas! Dine-in or takeaway. Offer valid today only!,False,False
promo,ফ্রি হোম ডেলিভারি! ৫০০ টাকার উপর সব মেডিসিনে। অনলাইন ফার্মেসি।,Bengali,ফ্রি হোম ডেলিভারি! ৫০০ টাকার উপর সব মেডিসিনে। অনলাইন ফার্মেসি।,False,False
promo,"Interneting-এ pocket saving, নাও ২GB@৳৬৯, ৭দিন: cutt.ly/CwUPKGTR",CodeMix,"Interneting-এ pocket saving, নাও ২GB@৳৬৯, ৭দিন: cutt.ly/CwUPKGTR",False,False
promo,"TK200 cashback only for today- 61GB+1000min@TK699,30 days: cutt.ly/FwQhpKHc",English,"TK200 cashback only for today- 61GB+1000min@TK699,30 days: cutt.ly/FwQhpKHc",False,False
promo,"New summer collection launch: সব clothes এ ২০% discount। Limited stock available, so online order করুন এখনই এবং free delivery পান।",CodeMix,"New summer collection launch: সব clothes এ ২০% discount। Limited stock available, so online order করুন এখনই এবং free delivery পান।",False,False
promo,"20% off on home decor items. Limited stock, don't delay.",English,"20% off on home decor items. Limited stock, don't delay.",False,False
promo,Pathao Food-এ সপ্তাহজুড়ে সব অর্ডারে ফ্রি ডেলিভারি।,Bengali,Pathao Food-এ সপ্তাহজুড়ে সব অর্ডারে ফ্রি ডেলিভারি।,False,False
promo,Daraz ১১.১১-তে cash-এ ১৫% পর্যন্ত cashback + free delivery। https://click.daraz.com.bd/e/_CUeCuf Terms apply,CodeMix,Daraz ১১.১১-তে cash-এ ১৫% পর্যন্ত cashback + free delivery। [URL] Terms apply,True,False
promo,"Notun deal e levelup interneting 25GB+400mi@TK397,30din cutt.ly/oeeJSDbP",Banglish,"Notun deal e levelup interneting 25GB+400mi@TK397,30din cutt.ly/oeeJSDbP",False,False
promo,"Now more data with TK 25 cashback! 50GB@TK 473, 30 days: cutt.ly/zwTmxzpd",English,"Now more data with TK 25 cashback! 50GB@TK 473, 30 days: cutt.ly/zwTmxzpd",False,False
promo,8GB (with bonus) for 123TK valid 15 days. Dial *121*5548# or mygp.li/mo,English,8GB (with bonus) for 123TK valid 15 days. Dial *121*5548# or mygp.li/mo,False,False
promo,GP bondho SIM blast: Reactivate SIM with only 29TK recharge and instantly get 6GB internet + 100 mins free. Amar GP app e activate korun today. Limited time offer.,Banglish,GP bondho SIM blast: Reactivate SIM with only 29TK recharge and instantly get 6GB internet + 100 mins free. Amar GP app e activate korun today. Limited time offer.,False,False
promo,"TK399 te TK499 er offer! Nao 31GB+450mi., 30din: cutt.ly/2wQlYv6U",Banglish,"TK399 te TK499 er offer! Nao 31GB+450mi., 30din: cutt.ly/2wQlYv6U",False,False
promo,নতুন কাস্টমারদের জন্য বিশেষ ডিসকাউন্ট। আজই রেজিস্টার করুন।,Bengali,নতুন কাস্টমারদের জন্য বিশেষ ডিসকাউন্ট। আজই রেজিস্টার করুন।,False,False
promo,Pathao Food saver: Order 400TK+ and get flat 35% discount with code FOOD35. Offer valid for dinner hours.,Banglish,Pathao Food saver: Order 400TK+ and get flat 35% discount with code FOOD35. Offer valid for dinner hours.,False,False
promo,"৮০TK cashback-এ extra data ৩০GB@৩১৯TK, ৩০days cutt.ly/aw59tNYD",CodeMix,"৮০TK cashback-এ extra data ৩০GB@৩১৯TK, ৩০days cutt.ly/aw59tNYD",False,False
promo,Shohoz অ্যাপে আজ টিকিট কিনলে ১০% ছাড়! কোড ব্যবহার করুন: TRAVEL10 এবং নিরাপদ ভ্রমণ উপভোগ করুন।,Bengali,Shohoz অ্যাপে আজ টিকিট কিনলে ১০% ছাড়! কোড ব্যবহার করুন: TRAVEL10 এবং নিরাপদ ভ্রমণ উপভোগ করুন।,False,False
promo,"150Tk cashback e nao data mixer 80GB@699Tk,30din: cutt.ly/lwMwLrfw",Banglish,"150Tk cashback e nao data mixer 80GB@699Tk,30din: cutt.ly/lwMwLrfw",False,False
promo,100৳ cashback শেষ day! 31GB+450min.@ 399৳ 30দিন: cutt.ly/2wQlYv6U,CodeMix,100৳ cashback শেষ day! 31GB+450min.@ 399৳ 30দিন: cutt.ly/2wQlYv6U,False,False
promo,BTRC-র database-এ handset-টি নিবন্ধিত নয়। handset-টি automatically registration হবে।,CodeMix,BTRC-র database-এ handset-টি নিবন্ধিত নয়। handset-টি automatically registration হবে।,False,False
promo,"Call duration 00:00:44, charged 0.92 Taka, remaining balance is   0.41  Taka",Bengali,"Call duration 00:00:44, charged 0.92 Taka, remaining balance is 0.41 Taka",False,False
promo,electronics ponno kinlei free shipping! offer shesh howar age kenakata korun.,Banglish,electronics ponno kinlei free shipping! offer shesh howar age kenakata korun.,False,False
promo,"Durga pujay kenakata korun 25% chhar-e, 25 October porjonto. 01713199270",Banglish,"Durga pujay kenakata korun 25% chhar-e, 25 October porjonto. [PHONE]",False,True
promo,GP Music App সাবস্ক্রিপশন প্রথম মাস ফ্রি। সক্রিয় করতে *121*99#।,Bengali,GP Music App সাবস্ক্রিপশন প্রথম মাস ফ্রি। সক্রিয় করতে *121*99#।,False,False
promo,Robi app recharge করলে ১৫% extra credit। Don’t miss!,CodeMix,Robi app recharge করলে ১৫% extra credit। Don’t miss!,False,False
promo,অনলাইন শপিংয়ে প্রথম অর্ডারে ২০% ছাড়! কুপন কোড: FIRST20,Bengali,অনলাইন শপিংয়ে প্রথম অর্ডারে ২০% ছাড়! কুপন কোড: FIRST20,False,False
promo,"Golden Harvest food products fair! Rice, oil, spices 22% discount. Quality nutrition for families!",English,"Golden Harvest food products fair! Rice, oil, spices 22% discount. Quality nutrition for families!",False,False
promo,"To prevent thalassemia disease, get blood tests done before marriage. No marriage between patient & carrier or carrier & carrier - Bangladesh Thalassemia Society.",English,"To prevent thalassemia disease, get blood tests done before marriage. No marriage between patient & carrier or carrier & carrier - Bangladesh Thalassemia Society.",False,False
promo,"১৩০TK-এ ১৫০min(৩০days) সাথে bonus,নিতে*১২১*৫২০৫#  https://mygp.li/a0",CodeMix,"১৩০TK-এ ১৫০min(৩০days) সাথে bonus,নিতে*১২১*৫২০৫# [URL]",True,False
promo,"‘করবো বীমা, গড়বো দেশ
স্মার্ট হবে বাংলাদেশ।’ বীমা উন্নয়ন ও নিয়ন্ত্রণ কর্তৃপক্ষ এবং আর্থিক প্রতিষ্ঠান বিভাগ অর্থ মন্ত্রণালয়।",Bengali,"‘করবো বীমা, গড়বো দেশ স্মার্ট হবে বাংলাদেশ।’ বীমা উন্নয়ন ও নিয়ন্ত্রণ কর্তৃপক্ষ এবং আর্থিক প্রতিষ্ঠান বিভাগ অর্থ মন্ত্রণালয়।",False,False
promo,Regal furniture showroom grand opening! All items 45% discount first week.,Banglish,Regal furniture showroom grand opening! All items 45% discount first week.,False,False
promo,Bonus soho 4GB-66taka-7din.Dial *121*5047# ba https://mygp.li/mo,Banglish,Bonus soho 4GB-66taka-7din.Dial *121*5047# ba [URL],True,False
promo,"পূর্বাচলের এশিয়ান হাইওয়ে সংলগ্ন পরিকল্পিত শহর ""নাভানা হাইল্যন্ডে"" এ বিনিয়োগ করুন।উঁচু ও লাল মাটি।রয়েছে কিস্তির সুবিধা – ০১৭০৮৪৬৬৪৭১",Bengali,"পূর্বাচলের এশিয়ান হাইওয়ে সংলগ্ন পরিকল্পিত শহর ""নাভানা হাইল্যন্ডে"" এ বিনিয়োগ করুন।উঁচু ও লাল মাটি।রয়েছে কিস্তির সুবিধা – [PHONE]",False,True
promo,Evaly Mega Carnival: Home decor and furniture up to 65% discount. EMI option available. Order today and save big.,Banglish,Evaly Mega Carnival: Home decor and furniture up to 65% discount. EMI option available. Order today and save big.,False,False
promo,City Bank app pay করুন এবং instant cashback ১৫% পান। Download now এবং enjoy hassle-free secure transactions,CodeMix,City Bank app pay করুন এবং instant cashback ১৫% পান। Download now এবং enjoy hassle-free secure transactions,False,False
promo,Bata footwear clearance sale! Flat 40% discount on men’s and women’s shoes. Eid collection available. Visit any Bata outlet across Bangladesh.,Banglish,Bata footwear clearance sale! Flat 40% discount on men’s and women’s shoes. Eid collection available. Visit any Bata outlet across Bangladesh.,False,False
promo,Fitness equipment e 15% discount! Ajii order korun.,Banglish,Fitness equipment e 15% discount! Ajii order korun.,False,False
promo,Bkash + Shohoz ride promo: Pay with bkash for Shohoz ride and get 25% cashback instantly. Maximum cashback 50TK per ride. Code: BK25.,Banglish,Bkash + Shohoz ride promo: Pay with bkash for Shohoz ride and get 25% cashback instantly. Maximum cashback 50TK per ride. Code: BK25.,False,False
promo,GP এ ১০০ MB free data আজকে শুধুমাত্র। Activate করুন এখনই!,CodeMix,GP এ ১০০ MB free data আজকে শুধুমাত্র। Activate করুন এখনই!,False,False
promo,100TK cashback shesh din! 31GB+450mi.@399TK 30din: cutt.ly/2wQlYv6U,Banglish,100TK cashback shesh din! 31GB+450mi.@399TK 30din: cutt.ly/2wQlYv6U,False,False
promo,"Pocket saving for internet, take 2GB@TK69, 7 days: cutt.ly/CwUPKGTR",English,"Pocket saving for internet, take 2GB@TK69, 7 days: cutt.ly/CwUPKGTR",False,False
promo,Airtel postpaid user এর জন্য ২৫% discount offer চলছে। Don’t miss!,CodeMix,Airtel postpaid user এর জন্য ২৫% discount offer চলছে। Don’t miss!,False,False
promo,Pran juice festival! Buy 3 bottles get 1 free. Available at all superstores.,Banglish,Pran juice festival! Buy 3 bottles get 1 free. Available at all superstores.,False,False
promo,"ফুলঅন আড্ডা+ইন্টারনেটিং করতে ৬১জিবি+১০০০মি@৳৮৯৯,৩০দিন cutt.ly/LwEXIUPL",Bengali,"ফুলঅন আড্ডা+ইন্টারনেটিং করতে ৬১জিবি+১০০০মি@৳৮৯৯,৩০দিন cutt.ly/LwEXIUPL",False,False
promo,"৪৫৳ ক্যাশব্যাক! ৪৬জিবি @ ৪৫৩৳, ৩০দিন, নিয়ে নাও এখনই: cutt.ly/4wQzxdl1",Bengali,"৪৫৳ ক্যাশব্যাক! ৪৬জিবি @ ৪৫৩৳, ৩০দিন, নিয়ে নাও এখনই: cutt.ly/4wQzxdl1",False,False
promo,"বেশি বেশি chat+internet,নাও 5GB+150min@৳১৫৯,7দিন cutt.ly/owEyhCVt",CodeMix,"বেশি বেশি chat+internet,নাও 5GB+150min@৳১৫৯,7দিন cutt.ly/owEyhCVt",False,False
promo,Bonus soho 7GB-130Tk-30din. Nite dial *121*5469# othoba visit mygp.li/mo,Banglish,Bonus soho 7GB-130Tk-30din. Nite dial *121*5469# othoba visit mygp.li/mo,False,False
promo,"Evaly Furniture Sale: Sofa set, bed, dining table up to 50% discount. EMI available. Shop before stock ends.",Banglish,"Evaly Furniture Sale: Sofa set, bed, dining table up to 50% discount. EMI available. Shop before stock ends.",False,False
promo,"New Market clothing stores winter collection: Sweaters, shawls, blankets discounts!",English,"New Market clothing stores winter collection: Sweaters, shawls, blankets discounts!",False,False
promo,"100TK cashback! 31GB+450min.@399TK 30din, niye nao: cutt.ly/2wQlYv6U",Banglish,"100TK cashback! 31GB+450min.@399TK 30din, niye nao: cutt.ly/2wQlYv6U",False,False
promo,Pathao Food delight: Dinner orders above 500TK get 40% discount. Promo code FOOD40. Offer time: 6PM–10PM daily.,Banglish,Pathao Food delight: Dinner orders above 500TK get 40% discount. Promo code FOOD40. Offer time: 6PM–10PM daily.,False,False
promo,Pathao Food এখন সব অর্ডারে ফ্রি ডেলিভারি দিচ্ছে। বন্ধুদের নিয়ে আড্ডা হোক ঝামেলাহীন। অফার শুধুমাত্র এই সপ্তাহের জন্য।,Bengali,Pathao Food এখন সব অর্ডারে ফ্রি ডেলিভারি দিচ্ছে। বন্ধুদের নিয়ে আড্ডা হোক ঝামেলাহীন। অফার শুধুমাত্র এই সপ্তাহের জন্য।,False,False
promo,"40 TK cashback! 46GB@458TK, 30din, nie nao ekhoni: cutt.ly/GwWYCCfJ",Banglish,"40 TK cashback! 46GB@458TK, 30din, nie nao ekhoni: cutt.ly/GwWYCCfJ",False,False
promo,"Purbachal 30no sector shonglonno bhorat choloman plot! Katha 1.6lakkho
01894841736",Banglish,Purbachal 30no sector shonglonno bhorat choloman plot! Katha 1.6lakkho [PHONE],False,True
promo,"মে-২৪
রিচার্জ:0৳
খরচ:
ডেটা:287৳
ভয়েস:101৳
অন্যান্য:0৳",Bengali,মে-২৪ রিচার্জ:0৳ খরচ: ডেটা:287৳ ভয়েস:101৳ অন্যান্য:0৳,False,False
promo,Christmas greetings. Get 25% discount till December 31. 01713199270,English,Christmas greetings. Get 25% discount till December 31. [PHONE],False,True
promo,গ্রীষ্মের special offer from Banglalink! এখন recharge করুন TK 99 এবং পাচ্ছেন 10GB data for 7 days.,CodeMix,গ্রীষ্মের special offer from Banglalink! এখন recharge করুন TK 99 এবং পাচ্ছেন 10GB data for 7 days.,False,False
promo,"২০০৳ ক্যাশব্যাক!৬০জিবি+১০০০মিনিট @৬৯৯৳ ৩০দিন,নিয়ে নাও- cutt.ly/aAhiAsI
",Bengali,"২০০৳ ক্যাশব্যাক!৬০জিবি+১০০০মিনিট @৬৯৯৳ ৩০দিন,নিয়ে নাও- cutt.ly/aAhiAsI",False,False
promo,"GP new offer: Recharge ২০০ TK এবং ১ GB extra data পান। Limited time, তাই আজই recharge করুন।",CodeMix,"GP new offer: Recharge ২০০ TK এবং ১ GB extra data পান। Limited time, তাই আজই recharge করুন।",False,False
promo,Offer এর ছড়াছড়ি! এখনই কিনুন ২০% discount এ আপনার পছন্দের পোশাক। শুধু আজকের জন্য!,CodeMix,Offer এর ছড়াছড়ি! এখনই কিনুন ২০% discount এ আপনার পছন্দের পোশাক। শুধু আজকের জন্য!,False,False
promo,Filled ongoing plots adjacent to Purbachal 30th sector! 1.6 lakh per katha 01894841736,English,Filled ongoing plots adjacent to Purbachal 30th sector! 1.6 lakh per katha [PHONE],False,True
promo,"System er unnoyoner jonno 8 May rat 11:59 theke 9 May shokal 6ta porjonto Nagad, Upay, SSL Commerz shoho kichu digital channel diye mobile recharge bondho thakbe. tobe ei shomoy myGP app theke recharge kora jabe.",Banglish,"System er unnoyoner jonno 8 May rat 11:59 theke 9 May shokal 6ta porjonto Nagad, Upay, SSL Commerz shoho kichu digital channel diye mobile recharge bondho thakbe. tobe ei shomoy myGP app theke recharge kora jabe.",False,False
promo,Standard Chartered priority banking! Exclusive services for deposits above 10 lakh. Apply: 16203!,English,Standard Chartered priority banking! Exclusive services for deposits above 10 lakh. Apply: 16203!,False,False
promo,Navana Real Estate apartment booking! 2% discount on booking amount. Dream home in Gulshan available!,English,Navana Real Estate apartment booking! 2% discount on booking amount. Dream home in Gulshan available!,False,False
promo,‘শেখ হাসিনা ইয়ুথ ভলান্টিয়ার অ্যাওয়ার্ড-২০২৪’ প্রদানের লক্ষ্যে ১৮-৪৫ বছরের যুবদের নিকট হতে দরখাস্ত আহবান করা হয়েছে। এ বিষয়ে সকল তথ্য যুব ও ক্রীড়া মন্ত্রণালয়ের ওয়েবসাইটে www.moysports.gov.bd পাওয়া যাবে।,Bengali,‘শেখ হাসিনা ইয়ুথ ভলান্টিয়ার অ্যাওয়ার্ড-২০২৪’ প্রদানের লক্ষ্যে ১৮-৪৫ বছরের যুবদের নিকট হতে দরখাস্ত আহবান করা হয়েছে। এ বিষয়ে সকল তথ্য যুব ও ক্রীড়া মন্ত্রণালয়ের ওয়েবসাইটে [URL] পাওয়া যাবে।,True,False
promo,"Human Rights Day-2023
This year's theme is Freedom, Equality and Justice for All. National Human Rights Commission.",English,"Human Rights Day-2023 This year's theme is Freedom, Equality and Justice for All. National Human Rights Commission.",False,False
promo,"Partex Star Technologies computer fair! Laptops, desktops 25% off with 3 year warranty. Tech solutions!",English,"Partex Star Technologies computer fair! Laptops, desktops 25% off with 3 year warranty. Tech solutions!",False,False
promo,Daraz Mall থেকে আসল প্রোডাক্টে ১৫% ডিসকাউন্ট। অফার চলবে ৩ দিন।,Bengali,Daraz Mall থেকে আসল প্রোডাক্টে ১৫% ডিসকাউন্ট। অফার চলবে ৩ দিন।,False,False
promo,"প্রো-লেভেল ৳১০০ ক্যাশব্যাকে ৩৫জিবি+৫০০মি.@৳৩৯৯, ৩০দিন cutt.ly/2wQlYv6U",Bengali,"প্রো-লেভেল ৳১০০ ক্যাশব্যাকে ৩৫জিবি+৫০০মি.@৳৩৯৯, ৩০দিন cutt.ly/2wQlYv6U",False,False
promo,"TK50 chill cashback 31GB+450mi.@TK449 30 days, get: cutt.ly/KwMwLOgt",English,"TK50 chill cashback 31GB+450mi.@TK449 30 days, get: cutt.ly/KwMwLOgt",False,False
promo,"Hatil furniture anniversary sale! Bedroom, dining set special price. EMI available.",Banglish,"Hatil furniture anniversary sale! Bedroom, dining set special price. EMI available.",False,False
promo,26 January 2024 international customs dibosh udjaponito hocche. Ebarer protipadok bishoy ''mile nobin-purono ongshijon/customs korbe lokkho orjon''. Jatio rajsho board,Banglish,26 January 2024 international customs dibosh udjaponito hocche. Ebarer protipadok bishoy ''mile nobin-purono ongshijon/customs korbe lokkho orjon''. Jatio rajsho board,False,False
promo,"লোটো লি কুপারে
নগদ পেমেন্টে BMW জেতার সুযোগ
বিকাশে ১০% ক্যাশব্যাক
শপ্র",Bengali,লোটো লি কুপারে নগদ পেমেন্টে BMW জেতার সুযোগ বিকাশে ১০% ক্যাশব্যাক শপ্র,False,False
promo,Olimpia fitness gym membership 6 months free! Registration fee 2000TK only.,Banglish,Olimpia fitness gym membership 6 months free! Registration fee 2000TK only.,False,False
promo,"বেবি প্রোডাক্টে স্পেশাল ডিসকাউন্ট! ডায়াপার, ফুডে ৩০% ছাড়।",Bengali,"বেবি প্রোডাক্টে স্পেশাল ডিসকাউন্ট! ডায়াপার, ফুডে ৩০% ছাড়।",False,False
promo,বোনাস সহ ৭জিবি-১৩০টাকা-৩০দিন। নিতে ডায়াল *১২১*৫৪৬৯# বা ভিজিট mygp.li/mo,Bengali,বোনাস সহ ৭জিবি-১৩০টাকা-৩০দিন। নিতে ডায়াল *১২১*৫৪৬৯# বা ভিজিট mygp.li/mo,False,False
promo,"৫০৳ ক্যাশব্যাকে নাও ডাটা মিক্সার ৪০জিবি@৳২৪৮, ৭দিন: 
 cutt.ly/WwZsAgMK",Bengali,"৫০৳ ক্যাশব্যাকে নাও ডাটা মিক্সার ৪০জিবি@৳২৪৮, ৭দিন: cutt.ly/WwZsAgMK",False,False
promo,Today and tomorrow flat 50% discount at all Mens World branches cutt.ly/fmw,English,Today and tomorrow flat 50% discount at all Mens World branches cutt.ly/fmw,False,False
promo,Olympic Industries biscuit factory sale! All varieties 30% discount. Perfect snacks for every occasion!,English,Olympic Industries biscuit factory sale! All varieties 30% discount. Perfect snacks for every occasion!,False,False
promo,"Candidates interested in participating in the twelfth national parliament election can submit nomination papers online as well as through conventional methods. To submit nominations online, enter the commission's website www.ecs.gov.bd-EC",CodeMix,"Candidates interested in participating in the twelfth national parliament election can submit nomination papers online as well as through conventional methods. To submit nominations online, enter the commission's website [URL]",True,False
promo,200TK same cashback! Get 60GB+1000minutes@699TK 30days: cutt.ly/aAhiAsI,English,200TK same cashback! Get 60GB+1000minutes@699TK 30days: cutt.ly/aAhiAsI,False,False
promo,"Biman Bangladesh Air: Dhaka to Sylhet round trip only 2999TK. Limited seats, book online now.",Banglish,"Biman Bangladesh Air: Dhaka to Sylhet round trip only 2999TK. Limited seats, book online now.",False,False
promo,"দৃষ্টিনন্দন স্থাপত্যকলায় অনন্য, ডায়মন্ড ওয়ার্ল্ডের ""দ্য সিগনেচার"" শোরুমের উদ্বোধন হচ্ছে আজ বিকেল ৪টায়। আপনার সপরিবারে উপস্থিতি ও দোয়া আমাদের একান্ত কাম্য। প্রয়োজনে: ০১৭১৩১৯৯২৭০",Bengali,"দৃষ্টিনন্দন স্থাপত্যকলায় অনন্য, ডায়মন্ড ওয়ার্ল্ডের ""দ্য সিগনেচার"" শোরুমের উদ্বোধন হচ্ছে আজ বিকেল ৪টায়। আপনার সপরিবারে উপস্থিতি ও দোয়া আমাদের একান্ত কাম্য। প্রয়োজনে: [PHONE]",False,True
promo,"Happy New Year 2024. Sonali Bank is always with you in smart banking services. Md. Afzal Karim, CEO & MD",English,"Happy New Year 2024. Sonali Bank is always with you in smart banking services. Md. Afzal Karim, CEO & MD",False,False
promo,Shohoz Train Ticket: Online booking fee 0TK this week. Book now at shohoz.com.,Banglish,Shohoz Train Ticket: Online booking fee 0TK this week. Book now at [URL],True,False
promo,shob cosmetics-e 10% chhar. offer-ti simito shomoyer jonno.,Banglish,shob cosmetics-e 10% chhar. offer-ti simito shomoyer jonno.,False,False
promo,"মহান বিজয় দিবসে সবাইকে জানাই শুভেচ্ছা।  
দিলীপ কুমার আগরওয়ালা",Bengali,মহান বিজয় দিবসে সবাইকে জানাই শুভেচ্ছা। দিলীপ কুমার আগরওয়ালা,False,False
promo,Only today ৳১০০ cashback! ৫০GB @৳৩৯৮ ৩০days: cutt.ly/hwltB5hC,CodeMix,Only today ৳১০০ cashback! ৫০GB @৳৩৯৮ ৩০days: cutt.ly/hwltB5hC,False,False
promo,"২০০minute (৩০দিন) ১৭৪ টাকা, Dial *১২১*৪৪১০# বা https://mygp.li/v1",CodeMix,"২০০minute (৩০দিন) ১৭৪ টাকা, Dial *১২১*৪৪১০# বা [URL]",True,False
promo,"Nagad mobile recharge করুন এবং ১০% extra credit পান। Offer valid for first ৫০০ users only, recharge now using app or USSD code।",CodeMix,"Nagad mobile recharge করুন এবং ১০% extra credit পান। Offer valid for first ৫০০ users only, recharge now using app or USSD code।",False,False
promo,Shohoz Food-এ ২০০ টাকার অর্ডারে ৫০ টাকা ছাড়! কোড: YUMMY50 ব্যবহার করুন। এখনই অর্ডার করুন।,Bengali,Shohoz Food-এ ২০০ টাকার অর্ডারে ৫০ টাকা ছাড়! কোড: YUMMY50 ব্যবহার করুন। এখনই অর্ডার করুন।,False,False
promo,মাত্র TK 97 30 days World Cup cricket + 1GB data নিতে: cutt.ly/YwmtpRRj,CodeMix,মাত্র TK 97 30 days World Cup cricket + 1GB data নিতে: cutt.ly/YwmtpRRj,False,False
promo,"Today bring 500 taka from bank to bKash and get 10 taka cashback, 1 time! TCA",English,"Today bring 500 taka from bank to bKash and get 10 taka cashback, 1 time! TCA",False,False
promo,"Today is the last day! 40GB(with bonus)TK500 30days. Dial *121*5049#, mygp.li/mo",English,"Today is the last day! 40GB(with bonus)TK500 30days. Dial *121*5049#, mygp.li/mo",False,False
promo,Nagad payment করলে instant cashback পাবেন। Use code: CASHBACK15,CodeMix,Nagad payment করলে instant cashback পাবেন। Use code: CASHBACK15,False,False
promo,Balance shesh? 200taka porjonto GP emergency balance nite *9#,Banglish,Balance shesh? 200taka porjonto GP emergency balance nite *9#,False,False
promo,Bashundhara City shopping festival! Win gold jewelry with purchases above 5000 TK this weekend!,English,Bashundhara City shopping festival! Win gold jewelry with purchases above 5000 TK this weekend!,False,False
promo,ফ্ল্যাট ১৫% ডিসকাউন্ট সব শপিংয়ে। কোড: DISCOUNT15.,Bengali,ফ্ল্যাট ১৫% ডিসকাউন্ট সব শপিংয়ে। কোড: DISCOUNT15.,False,False
promo,"বাউন্ডারিকৃত রেডি প্লট এখনই বাড়ি করে আয় করুন, কাঠা ৪.৫লক্ষ
01894841736",Bengali,"বাউন্ডারিকৃত রেডি প্লট এখনই বাড়ি করে আয় করুন, কাঠা ৪.৫লক্ষ [PHONE]",False,True
promo,1 deal-ei shoptar shob internetinging- nao 10GB@TK158: cutt.ly/FwUC6vhp,Banglish,1 deal-ei shoptar shob internetinging- nao 10GB@TK158: cutt.ly/FwUC6vhp,False,False
promo,Up to 90% discount on all books at Rokomari.com। ৳1000 এর উপরের orders এর জন্য free home delivery।,CodeMix,Up to 90% discount on all books at [URL] ৳1000 এর উপরের orders এর জন্য free home delivery।,True,False
promo,"18 May International Museum Day. This year's theme: ""Museums, Sustainability and Prosperity"". You are cordially invited to the day-long program of Bangladesh National Museum on this occasion.",English,"18 May International Museum Day. This year's theme: ""Museums, Sustainability and Prosperity"". You are cordially invited to the day-long program of Bangladesh National Museum on this occasion.",False,False
promo,"রবির মেগা ইন্টারনেট প্যাক – ২০জিবি মাত্র ১৯৯ টাকা, ৩০ দিনের জন্য। মিস করবেন না! *123*0199# ডায়াল করুন।",Bengali,"রবির মেগা ইন্টারনেট প্যাক – ২০জিবি মাত্র ১৯৯ টাকা, ৩০ দিনের জন্য। মিস করবেন না! *123*0199# ডায়াল করুন।",False,False
promo,GP internet pack আজ থেকে ৭ দিন limited offer। Activate করুন online এখনই!,CodeMix,GP internet pack আজ থেকে ৭ দিন limited offer। Activate করুন online এখনই!,False,False
promo,"May-২৪
Recharge:0৳
খরচ:
Data:287৳
Voice:101৳
অন্যান্য:0৳",CodeMix,May-২৪ Recharge:0৳ খরচ: Data:287৳ Voice:101৳ অন্যান্য:0৳,False,False
promo,Robi গ্রাহকরা ২০০ টাকা রিচার্জ করলে ২ জিবি ফ্রি পাবেন। সীমিত সময়ের জন্য।,Bengali,Robi গ্রাহকরা ২০০ টাকা রিচার্জ করলে ২ জিবি ফ্রি পাবেন। সীমিত সময়ের জন্য।,False,False
promo,All DVD-তে ১০% discount। Limited time offer।,CodeMix,All DVD-তে ১০% discount। Limited time offer।,False,False
promo,"Shohoz bus ticket booking e 15% discount across Bangladesh. Use code: RIDE15. Valid till 30th Sept. Book tickets from Dhaka to Chittagong, Sylhet, Khulna and more with Shohoz app.",Banglish,"Shohoz bus ticket booking e 15% discount across Bangladesh. Use code: RIDE15. Valid till 30th Sept. Book tickets from Dhaka to Chittagong, Sylhet, Khulna and more with Shohoz app.",False,False
promo,মাসিক গ্রোসারি কিনুন। সব পণ্যে ২০% পর্যন্ত ছাড়। আজই অর্ডার।,Bengali,মাসিক গ্রোসারি কিনুন। সব পণ্যে ২০% পর্যন্ত ছাড়। আজই অর্ডার।,False,False
promo,TK 100 cashback last day! 31GB+450min.@TK399 30 days: cutt.ly/2wQlYv6U,English,TK 100 cashback last day! 31GB+450min.@TK399 30 days: cutt.ly/2wQlYv6U,False,False
promo,"Cashback এ century TK100! 55GB @TK398,30 দিন: cutt.ly/hwltB5hC",CodeMix,"Cashback এ century TK100! 55GB @TK398,30 দিন: cutt.ly/hwltB5hC",False,False
promo,Bashundhara job fair! 156 positions available. Salary up to 42000 TK!,English,Bashundhara job fair! 156 positions available. Salary up to 42000 TK!,False,False
promo,"Dekko Isho steel furniture! Office chairs, tables 35% discount. Ergonomic design, 5 year warranty!",English,"Dekko Isho steel furniture! Office chairs, tables 35% discount. Ergonomic design, 5 year warranty!",False,False
promo,বিটিআরসি'র ডাটাবেজে হ্যান্ডসেটটি নিবন্ধিত নয়। হ্যান্ডসেটটি স্বয়ংক্রিয়ভাবে নিবন্ধন করা হবে। ,Bengali,বিটিআরসি'র ডাটাবেজে হ্যান্ডসেটটি নিবন্ধিত নয়। হ্যান্ডসেটটি স্বয়ংক্রিয়ভাবে নিবন্ধন করা হবে।,False,False
promo,"Robi recharge ২০০ TK get ৫০ TK bonus। First ১০০০ users only, hurry up, claim now",CodeMix,"Robi recharge ২০০ TK get ৫০ TK bonus। First ১০০০ users only, hurry up, claim now",False,False
promo,"বাড়ির ডেকোর আইটেমে ২০% ছাড়। স্টক সীমিত, দেরি করবেন না।",Bengali,"বাড়ির ডেকোর আইটেমে ২০% ছাড়। স্টক সীমিত, দেরি করবেন না।",False,False
promo,"২০০৳ ক্যাশব্যাক শুধু আজকের জন্য- ৬১জিবি+১০০০মি@৳৬৯৯,৩০দিন: cutt.ly/FwQhpKHc",Bengali,"২০০৳ ক্যাশব্যাক শুধু আজকের জন্য- ৬১জিবি+১০০০মি@৳৬৯৯,৩০দিন: cutt.ly/FwQhpKHc",False,False
promo,"ক্যাশব্যাকে সেঞ্চুরি ৳১০০! ৫৫জিবি @৳৩৯৮,৩০দিন: cutt.ly/hwltB5hC",Bengali,"ক্যাশব্যাকে সেঞ্চুরি ৳১০০! ৫৫জিবি @৳৩৯৮,৩০দিন: cutt.ly/hwltB5hC",False,False
promo,Square hospital health checkup package! Full body checkup 2500TK only.,Banglish,Square hospital health checkup package! Full body checkup 2500TK only.,False,False
promo,"ডাটা মিক্সারে করো pocket saving, নাও 60GB@TK569, 30days: cutt.ly/HwQzEu9E",CodeMix,"ডাটা মিক্সারে করো pocket saving, নাও 60GB@TK569, 30days: cutt.ly/HwQzEu9E",False,False
promo,"GP special recharge: ২০০ TK এবং ৪ GB extra data। Limited time, recharge আজই এবং enjoy full benefits",CodeMix,"GP special recharge: ২০০ TK এবং ৪ GB extra data। Limited time, recharge আজই এবং enjoy full benefits",False,False
promo,Bkash QR Festival: Spend minimum 500TK using Bkash QR at selected outlets and instantly paben 15% cashback up to 100TK. Offer valid only this week.,Banglish,Bkash QR Festival: Spend minimum 500TK using Bkash QR at selected outlets and instantly paben 15% cashback up to 100TK. Offer valid only this week.,False,False
promo,Summer sale: সব shirts এখন ৩০% discount। Online order করুন এখনই এবং free delivery পান।,CodeMix,Summer sale: সব shirts এখন ৩০% discount। Online order করুন এখনই এবং free delivery পান।,False,False
promo,৳৬০ cashback! ২০জিবি @ ৳২৪৯ ৩০দিন নিয়ে নাও: cutt.ly/Pwlt8cOy,CodeMix,৳৬০ cashback! ২০জিবি @ ৳২৪৯ ৩০দিন নিয়ে নাও: cutt.ly/Pwlt8cOy,False,False
promo,Only today's offer! 40GB (with bonus) 500 TK 30 days. Dial *121*5049# or mygp.li/mo,English,Only today's offer! 40GB (with bonus) 500 TK 30 days. Dial *121*5049# or mygp.li/mo,False,False
promo,উবার বিশেষ ছাড়! প্রথম ১০ রাইডে ৫০% পর্যন্ত ছাড়। প্রোমো কোড: UBER50,Bengali,উবার বিশেষ ছাড়! প্রথম ১০ রাইডে ৫০% পর্যন্ত ছাড়। প্রোমো কোড: UBER50,False,False
promo,সিস্টেমের মান উন্নয়নের জন্য ১১মে রাত ১১:৫৯ থেকে ১২মে সকাল ৮টা পর্যন্ত ফ্লেক্সিলোডের মাধ্যমে মোবাইল রিচার্জ বন্ধ থাকবে। তবে এই সময় মাইজিপি অ্যাপ বা স্ক্রাচ কার্ড দিয়ে রিচার্জ করা যাবে।,Bengali,সিস্টেমের মান উন্নয়নের জন্য ১১মে রাত ১১:৫৯ থেকে ১২মে সকাল ৮টা পর্যন্ত ফ্লেক্সিলোডের মাধ্যমে মোবাইল রিচার্জ বন্ধ থাকবে। তবে এই সময় মাইজিপি অ্যাপ বা স্ক্রাচ কার্ড দিয়ে রিচার্জ করা যাবে।,False,False
promo,Pathao Rides-এ আজ সব রাইডে ২০% ডিসকাউন্ট। কোড: PATHAO20 ব্যবহার করুন। বৈধতা শুধুমাত্র আজকের জন্য। নিরাপদ ভ্রমণের জন্য এখনই বুক করুন।,Bengali,Pathao Rides-এ আজ সব রাইডে ২০% ডিসকাউন্ট। কোড: PATHAO20 ব্যবহার করুন। বৈধতা শুধুমাত্র আজকের জন্য। নিরাপদ ভ্রমণের জন্য এখনই বুক করুন।,False,False
promo,Invest করুন পূর্বাচলের Asian Highway সংলগ্ন planned city 'Navana Highland'-এ। Easy installment available – ০১৭০৮৪৬৬৪৭১,CodeMix,Invest করুন পূর্বাচলের Asian Highway সংলগ্ন planned city 'Navana Highland'-এ। Easy installment available – [PHONE],False,True
promo,"স্পোর্টস আইটেমে মেগা ডিসকাউন্ট! ক্রিকেট, ফুটবল সামগ্রীতে ছাড়।",Bengali,"স্পোর্টস আইটেমে মেগা ডিসকাউন্ট! ক্রিকেট, ফুটবল সামগ্রীতে ছাড়।",False,False
promo,Bangladesh Air Force is recruiting officer cadets for 89 BAF course. Details: https://joinairforce.baf.mil.bd,English,Bangladesh Air Force is recruiting officer cadets for 89 BAF course. Details: [URL],True,False
promo,All week's interneting in 1 deal- get 10GB@TK158: cutt.ly/FwUC6vhp,English,All week's interneting in 1 deal- get 10GB@TK158: cutt.ly/FwUC6vhp,False,False
promo,"Robi Music App সাবস্ক্রিপশন প্রথম মাস মাত্র ৯ টাকা। আপনার প্রিয় গান শুনুন, ডাউনলোড করুন আর বন্ধুদের সাথে শেয়ার করুন। সক্রিয় করতে *888# ডায়াল করুন।",Bengali,"Robi Music App সাবস্ক্রিপশন প্রথম মাস মাত্র ৯ টাকা। আপনার প্রিয় গান শুনুন, ডাউনলোড করুন আর বন্ধুদের সাথে শেয়ার করুন। সক্রিয় করতে *888# ডায়াল করুন।",False,False
promo,"Buy Navana's 3, 5 and 10 katha plots adjacent to Purbachal – 01847-214018",English,"Buy Navana's 3, 5 and 10 katha plots adjacent to Purbachal – [PHONE]",False,True
promo,GP Internet Carnival extended: Recharge 399TK and instantly paben 30GB internet + 250 mins bonus calls. Amar GP app e aro voucher available. Ei super deal valid till 25th Sept.,Banglish,GP Internet Carnival extended: Recharge 399TK and instantly paben 30GB internet + 250 mins bonus calls. Amar GP app e aro voucher available. Ei super deal valid till 25th Sept.,False,False
promo,KFC Tuesday offer: 2 pieces chicken + fries + drink only 299TK!,English,KFC Tuesday offer: 2 pieces chicken + fries + drink only 299TK!,False,False
promo,"গহনায় বিশাল ছাড়! স্বর্ণ, রূপায় ২০% পর্যন্ত কমতি।",Bengali,"গহনায় বিশাল ছাড়! স্বর্ণ, রূপায় ২০% পর্যন্ত কমতি।",False,False
promo,Special offer: All kids clothing-এ ২০% discount।,CodeMix,Special offer: All kids clothing-এ ২০% discount।,False,False
promo,"Banglalink YouTube mega: 30GB YouTube only 299TK, validity 30 days. Dial *222*299# now.",Banglish,"Banglalink YouTube mega: 30GB YouTube only 299TK, validity 30 days. Dial *222*299# now.",False,False
promo,"Double century cashback TK200!61GB+1000min@ TK699, 30din cutt.ly/FwQhpKHc",Banglish,"Double century cashback TK200!61GB+1000min@ TK699, 30din cutt.ly/FwQhpKHc",False,False
promo,Bhromon package e 20% discount! Booking korte ajii jogajog korun.,Banglish,Bhromon package e 20% discount! Booking korte ajii jogajog korun.,False,False
promo,Bonus soho 1GB-30Tk-3din. Dial *121*5215# or https://mygp.li/mo,Banglish,Bonus soho 1GB-30Tk-3din. Dial *121*5215# or [URL],True,False
promo,Shobar pochonder burger niye Burger King ekhon Dhanmondi 27 e. Deri na kore akorshoniyo shob offer upobhog korte chole ashun Burger King e. Home delivery pete call korun 16606,Banglish,Shobar pochonder burger niye Burger King ekhon Dhanmondi 27 e. Deri na kore akorshoniyo shob offer upobhog korte chole ashun Burger King e. Home delivery pete call korun 16606,False,False
promo,বোনাস সহ ২জিবি-৩৫টাকা-৭দিন। ডায়াল *১২১*৫০৩৭# বা mygp.li/mo,Bengali,বোনাস সহ ২জিবি-৩৫টাকা-৭দিন। ডায়াল *১২১*৫০৩৭# বা mygp.li/mo,False,False
promo,"Chat+internet-এ new deal 10GB+250min@২৫৮৳,30দিন cutt.ly/wwCctHGF",CodeMix,"Chat+internet-এ new deal 10GB+250min@২৫৮৳,30দিন cutt.ly/wwCctHGF",False,False
promo,"The biopic film 'Mujib-The Maker of a Nation' based on the life of Father of the Nation Bangabandhu Sheikh Mujibur Rahman will be released nationwide on October 13, 2023. Come to your nearest cinema hall.",English,"The biopic film 'Mujib-The Maker of a Nation' based on the life of Father of the Nation Bangabandhu Sheikh Mujibur Rahman will be released nationwide on October 13, 2023. Come to your nearest cinema hall.",False,False
promo,Shopner Hat এ এখন পাচ্ছেন handmade crafts with amazing discounts. Visit our website for details.,CodeMix,Shopner Hat এ এখন পাচ্ছেন handmade crafts with amazing discounts. Visit our website for details.,False,False
promo,"cashback e century 100TK! 30GB+500min. @399TK,30din: cutt.ly/AwkY4L2C",Banglish,"cashback e century 100TK! 30GB+500min. @399TK,30din: cutt.ly/AwkY4L2C",False,False
promo,Up to 60% discount on all books at Rokomari.com। ৳700 এর উপরের orders এর জন্য free home delivery।,CodeMix,Up to 60% discount on all books at [URL] ৳700 এর উপরের orders এর জন্য free home delivery।,True,False
promo,"TK 150 cashback এ best offer 61GB+1000min@ TK 749, 30 days: cutt.ly/NwYKElsc",CodeMix,"TK 150 cashback এ best offer 61GB+1000min@ TK 749, 30 days: cutt.ly/NwYKElsc",False,False
promo,"ইন্টারনেটিংয়ে পকেট সেভিং, নাও ২জিবি@৳৬৯, ৭দিন: cutt.ly/CwUPKGTR",Bengali,"ইন্টারনেটিংয়ে পকেট সেভিং, নাও ২জিবি@৳৬৯, ৭দিন: cutt.ly/CwUPKGTR",False,False
promo,Up to 80% discount on all books at Rokomari.com। ৳900 এর উপরের orders এর জন্য free home delivery।,CodeMix,Up to 80% discount on all books at [URL] ৳900 এর উপরের orders এর জন্য free home delivery।,True,False
promo,"তোমার জন্য special gift, ৬০পয়সা/minute call rate, নাও: cutt.ly/qwnfrXbV",CodeMix,"তোমার জন্য special gift, ৬০পয়সা/minute call rate, নাও: cutt.ly/qwnfrXbV",False,False
promo,TeleTalk unlimited call + ১ GB internet মাত্র ১৯৯ TK। Activate করুন আজই before offer expires।,CodeMix,TeleTalk unlimited call + ১ GB internet মাত্র ১৯৯ TK। Activate করুন আজই before offer expires।,False,False
promo,Samsung Galaxy S21 only 65000 TK! EMI facility available. Visit Bashundhara City today.,Banglish,Samsung Galaxy S21 only 65000 TK! EMI facility available. Visit Bashundhara City today.,False,False
promo,GP Mega Recharge: 399TK recharge e paben 35GB internet + 200 mins free calls. Offer valid this week. Activate *121*399# now.,Banglish,GP Mega Recharge: 399TK recharge e paben 35GB internet + 200 mins free calls. Offer valid this week. Activate *121*399# now.,False,False
promo,"TK100 cashback! 31GB+450min@TK399 for 30 days, grab it now: cutt.ly/2wQlYv6U",English,"TK100 cashback! 31GB+450min@TK399 for 30 days, grab it now: cutt.ly/2wQlYv6U",False,False
promo,"Robi Internet Boost: 12GB internet pack only 159TK, validity 7 days. Activate now from Robi app.",Banglish,"Robi Internet Boost: 12GB internet pack only 159TK, validity 7 days. Activate now from Robi app.",False,False
promo,"Robi recharge ৫০০ TK এবং ১২০ TK bonus। First ১০০০ users only, hurry up claim today",CodeMix,"Robi recharge ৫০০ TK এবং ১২০ TK bonus। First ১০০০ users only, hurry up claim today",False,False
promo,Dutch-Bangla home loan launched! 0% interest at only 4829 TK. Apply today!,English,Dutch-Bangla home loan launched! 0% interest at only 4829 TK. Apply today!,False,False
promo,ফ্ল্যাট ১০% ছাড় সারা স্টোরে। কোড: FLAT10. শুধুমাত্র অনলাইনে।,Bengali,ফ্ল্যাট ১০% ছাড় সারা স্টোরে। কোড: FLAT10. শুধুমাত্র অনলাইনে।,False,False
promo,"Sheikh Hasina সরকারের success: 
কৃষকবান্ধব government fertilizer এর মূল্য কমিয়ে TSP 80 taka থেকে 27 taka, DAP 90 taka থেকে 21 taka এবং MOP 70 taka থেকে 20 taka করা হয়।",CodeMix,"Sheikh Hasina সরকারের success: কৃষকবান্ধব government fertilizer এর মূল্য কমিয়ে TSP 80 taka থেকে 27 taka, DAP 90 taka থেকে 21 taka এবং MOP 70 taka থেকে 20 taka করা হয়।",False,False
promo,"Daraz Gadget Fair! স্মার্টওয়াচ, হেডফোন ও ট্যাবলেটে ৫০% ছাড়।",Bengali,"Daraz Gadget Fair! স্মার্টওয়াচ, হেডফোন ও ট্যাবলেটে ৫০% ছাড়।",False,False
promo,"৳১০০ cashback-এ prolevel deal-১০০জিবি@৳৬৯৮,৩০দিন cutt.ly/AwQzYxAf",CodeMix,"৳১০০ cashback-এ prolevel deal-১০০জিবি@৳৬৯৮,৩০দিন cutt.ly/AwQzYxAf",False,False
promo,"Save your pocket with Data Mixer, get 10GB@TK249, 30 days: cutt.ly/owARsARN",English,"Save your pocket with Data Mixer, get 10GB@TK249, 30 days: cutt.ly/owARsARN",False,False
promo,"১২৫TK cashback! ৬১GB+১০০০min@৭৭৪TK, ৩০days: cutt.ly/8wBQC0MC",CodeMix,"১২৫TK cashback! ৬১GB+১০০০min@৭৭৪TK, ৩০days: cutt.ly/8wBQC0MC",False,False
promo,"TK 50 cashback এ pro-level data deal 50GB@TK 448,30 days cutt.ly/nwMwL8Y1",CodeMix,"TK 50 cashback এ pro-level data deal 50GB@TK 448,30 days cutt.ly/nwMwL8Y1",False,False
promo,Walton refrigerator 50% discount! Only 3 days left. Visit showroom or call 16263.,Banglish,Walton refrigerator 50% discount! Only 3 days left. Visit showroom or call 16263.,False,False
promo,"April-24
Recharge:0TK
Khoroch:
Data:19TK
Voice:66TK
Onnanno:0TK",Banglish,April-24 Recharge:0TK Khoroch: Data:19TK Voice:66TK Onnanno:0TK,False,False
promo,April-এ 5GB data use করে May মাসে পাবে lowest call rate- cutt.ly/0AA4sic,CodeMix,April-এ 5GB data use করে May মাসে পাবে lowest call rate- cutt.ly/0AA4sic,False,False
promo,Shwapno grocery fest: Buy 5kg rice and get 1kg sugar free. Offer valid across all Shwapno outlets this weekend. Groceries khub easily order korte parben app theke.,Banglish,Shwapno grocery fest: Buy 5kg rice and get 1kg sugar free. Offer valid across all Shwapno outlets this weekend. Groceries khub easily order korte parben app theke.,False,False
promo,"“Mugda, Sobujbag, Shahjahanpur, Khilgaon, Rampura, Motijhil, Paltan, Badda, Hatirjhil thanar e-passport sheba agami 07 May 2023 Khri: theke ancholik passport office, Dhaka Purbo (Aftabnagar) hote dewa hobe”.",Banglish,"“Mugda, Sobujbag, Shahjahanpur, Khilgaon, Rampura, Motijhil, Paltan, Badda, Hatirjhil thanar e-passport sheba agami 07 May 2023 Khri: theke ancholik passport office, Dhaka Purbo (Aftabnagar) hote dewa hobe”.",False,False
promo,Eid উপলক্ষে Daraz এ huge sale! Get up to 70% off on electronics and fashion। এখনই shop করুন!,CodeMix,Eid উপলক্ষে Daraz এ huge sale! Get up to 70% off on electronics and fashion। এখনই shop করুন!,False,False
promo,BTRC'r database-e handset ti nibandhito noy. Handset ti shoyongkriyobhabe nibondhon kora hobe.,Banglish,BTRC'r database-e handset ti nibandhito noy. Handset ti shoyongkriyobhabe nibondhon kora hobe.,False,False
promo,"35GB+800mins-600TK-30days (with bonus), get *121*5262# or mygp.li/a8",English,"35GB+800mins-600TK-30days (with bonus), get *121*5262# or mygp.li/a8",False,False
promo,Robi গ্রাহকদের জন্য ডেটা বোনাস: ২০০ টাকা রিচার্জে ২ জিবি ফ্রি। অফার সীমিত সময়ের জন্য।,Bengali,Robi গ্রাহকদের জন্য ডেটা বোনাস: ২০০ টাকা রিচার্জে ২ জিবি ফ্রি। অফার সীমিত সময়ের জন্য।,False,False
promo,Pathao ride free first 5 trips! Promo code: WELCOME2023,Banglish,Pathao ride free first 5 trips! Promo code: WELCOME2023,False,False
promo,"Double century cashback TK200! 61GB+1000min@TK699, 30 days cutt.ly/FwQhpKHc",English,"Double century cashback TK200! 61GB+1000min@TK699, 30 days cutt.ly/FwQhpKHc",False,False
promo,"Robi গ্রাহকগণ, ১০০ টাকার রিচার্জে পাচ্ছেন ২০ মিনিট কথা বলার বোনাস। অফার শেষ হবে আজ রাতেই।",Bengali,"Robi গ্রাহকগণ, ১০০ টাকার রিচার্জে পাচ্ছেন ২০ মিনিট কথা বলার বোনাস। অফার শেষ হবে আজ রাতেই।",False,False
promo,TK60 cashback! 20GB @ TK249 30 days take it: cutt.ly/Pwlt8cOy,English,TK60 cashback! 20GB @ TK249 30 days take it: cutt.ly/Pwlt8cOy,False,False
promo,"২০০৳ ক্যাশব্যাক!৬০জিবি+১০০০মিনিট @৬৯৯৳ ৩০দিন,নিয়ে নাও- cutt.ly/aAhiAsI",Bengali,"২০০৳ ক্যাশব্যাক!৬০জিবি+১০০০মিনিট @৬৯৯৳ ৩০দিন,নিয়ে নাও- cutt.ly/aAhiAsI",False,False
promo,GP Music App সাবস্ক্রিপশন মাত্র ২০ টাকা প্রতি সপ্তাহে। আপনার প্রিয় গান শুনুন অফলাইনে। সক্রিয় করতে ডায়াল করুন *121*5*1#।,Bengali,GP Music App সাবস্ক্রিপশন মাত্র ২০ টাকা প্রতি সপ্তাহে। আপনার প্রিয় গান শুনুন অফলাইনে। সক্রিয় করতে ডায়াল করুন *121*5*1#।,False,False
promo,"Sheikh Hasina Government's Success:
On the instruction of Hon'ble Prime Minister Sheikh Hasina, the government has built houses with land for 13 lakh homeless families so far. As a result, the fate of about 50 lakh helpless people has changed.",English,"Sheikh Hasina Government's Success: On the instruction of Hon'ble Prime Minister Sheikh Hasina, the government has built houses with land for 13 lakh homeless families so far. As a result, the fate of about 50 lakh helpless people has changed.",False,False
promo,"১৮০৳ ক্যাশব্যাকে সেরা অফার ৬১জিবি+১০০০মি@ ৳৭১৯,৩০দিন: cutt.ly/wwE5YMXC",Bengali,"১৮০৳ ক্যাশব্যাকে সেরা অফার ৬১জিবি+১০০০মি@ ৳৭১৯,৩০দিন: cutt.ly/wwE5YMXC",False,False
promo,"Samsung Galaxy phones starting from 15,000TK at Electronics Bazar!",English,"Samsung Galaxy phones starting from 15,000TK at Electronics Bazar!",False,False
promo,"Mega Summer Sale: সব t-shirts, jeans এবং shoes ২৫% discount। Shop online অথবা nearest store visit করুন",CodeMix,"Mega Summer Sale: সব t-shirts, jeans এবং shoes ২৫% discount। Shop online অথবা nearest store visit করুন",False,False
promo,Walton smart appliance কিনলে gift voucher পাবেন। Order করুন আজই!,CodeMix,Walton smart appliance কিনলে gift voucher পাবেন। Order করুন আজই!,False,False
promo,"৳30 cashback-এ এবার আরো বেশি data 50GB@৳468, 30দিন cutt.ly/QwE5OlXt",CodeMix,"৳30 cashback-এ এবার আরো বেশি data 50GB@৳468, 30দিন cutt.ly/QwE5OlXt",False,False
promo,amader product-e discount cholche. bistarito jante ei namber-e jogajog korun: 01789654321.,Banglish,amader product-e discount cholche. bistarito jante ei namber-e jogajog korun: [PHONE] .,False,True
promo,"Hatil furniture showroom bedroom, dining, living room sets 40% off!",English,"Hatil furniture showroom bedroom, dining, living room sets 40% off!",False,False
promo,Apex Footwear Eid collection! Designer shoes and sandals up to 45% discount. All showrooms open!,English,Apex Footwear Eid collection! Designer shoes and sandals up to 45% discount. All showrooms open!,False,False
promo,"Meghna Group petrochemical products sale! Industrial chemicals, lubricants 20% discount. Quality assured!",English,"Meghna Group petrochemical products sale! Industrial chemicals, lubricants 20% discount. Quality assured!",False,False
promo,"৳৩০ ক্যাশব্যাকে প্রো-লেভেল ডাটা ডিল-২২জিবি@৳১৬৭,৭দিন cutt.ly/7w9OKeZ2",Bengali,"৳৩০ ক্যাশব্যাকে প্রো-লেভেল ডাটা ডিল-২২জিবি@৳১৬৭,৭দিন cutt.ly/7w9OKeZ2",False,False
promo,"TK100 cashback! 30GB+500min @TK399 30 days, get it: cutt.ly/AwkY4L2C",English,"TK100 cashback! 30GB+500min @TK399 30 days, get it: cutt.ly/AwkY4L2C",False,False
promo,"Sheikh Hasina government's success:
২০০৮ সালে mobile handset production ছিল 0%, এখন দেশের ১৫টি factory থেকে demand-এর ৯৭% পূরণ হচ্ছে।",CodeMix,"Sheikh Hasina government's success: ২০০৮ সালে mobile handset production ছিল 0%, এখন দেশের ১৫টি factory থেকে demand-এর ৯৭% পূরণ হচ্ছে।",False,False
promo,PHP Family restaurant buffet! Unlimited Bengali cuisine 599 TK per person. Book table: 01711223344!,English,PHP Family restaurant buffet! Unlimited Bengali cuisine 599 TK per person. Book table: [PHONE] !,False,True
promo,এয়ারটেলে বিশেষ প্যাকেজ! ৩০দিন আনলিমিটেড ইন্টারনেট মাত্র ৫৯৯ টাকা।,Bengali,এয়ারটেলে বিশেষ প্যাকেজ! ৩০দিন আনলিমিটেড ইন্টারনেট মাত্র ৫৯৯ টাকা।,False,False
promo,"Pran Dairy milk products home delivery! Fresh milk, yogurt, cheese delivered daily. Call 16456 now!",English,"Pran Dairy milk products home delivery! Fresh milk, yogurt, cheese delivered daily. Call 16456 now!",False,False
promo,"5GB+150mins 130TK (30days), Dial *121*5205# or https://mygp.li/a0",English,"5GB+150mins 130TK (30days), Dial *121*5205# or [URL]",True,False
promo,"নতুন বছরের মেগা সেল এসেছে বসুন্ধরা সিটি শপিং মলে! জানুয়ারি মাসব্যাপী চলবে এই বিশাল সেল যেখানে ফ্যাশন থেকে ইলেকট্রনিক্স, কসমেটিকস থেকে হোম অ্যাপ্লায়েন্স - সব কিছুতেই পাবেন ৫০-৮০% পর্যন্ত ছাড়। বিশেষ আকর্ষণ হলো উইকএন্ডে ফ্ল্যাশ সেল যেখানে প্রতিদিন ১০০টি আইটেম থাকবে ৯০% ছাড়ে। প্রতিদিন সকাল ১০টা থেকে রাত ১০টা পর্যন্ত খোলা। ৫০০০ টাকার উপরে কেনাকাটায় ফ্রি ভ্যালেট পার্কিং। সাথে থাকছে বিশেষ লটারি - জিতুন গাড়ি, বাইক এবং অন্যান্য আকর্ষণীয় পুরস্কার।",Bengali,"নতুন বছরের মেগা সেল এসেছে বসুন্ধরা সিটি শপিং মলে! জানুয়ারি মাসব্যাপী চলবে এই বিশাল সেল যেখানে ফ্যাশন থেকে ইলেকট্রনিক্স, কসমেটিকস থেকে হোম অ্যাপ্লায়েন্স - সব কিছুতেই পাবেন ৫০-৮০% পর্যন্ত ছাড়। বিশেষ আকর্ষণ হলো উইকএন্ডে ফ্ল্যাশ সেল যেখানে প্রতিদিন ১০০টি আইটেম থাকবে ৯০% ছাড়ে। প্রতিদিন সকাল ১০টা থেকে রাত ১০টা পর্যন্ত খোলা। ৫০০০ টাকার উপরে কেনাকাটায় ফ্রি ভ্যালেট পার্কিং। সাথে থাকছে বিশেষ লটারি - জিতুন গাড়ি, বাইক এবং অন্যান্য আকর্ষণীয় পুরস্কার।",False,False
promo,"ইন্টারনেটিংয়ে পকেট সেভিং, নাও ১০জিবি@৳১৫৮, ৭দিন: cutt.ly/FwUC6vhp",Bengali,"ইন্টারনেটিংয়ে পকেট সেভিং, নাও ১০জিবি@৳১৫৮, ৭দিন: cutt.ly/FwUC6vhp",False,False
promo,"Success of Sheikh Hasina Government:
In 2006, the number of people receiving interest-free micro-credit assistance under the rural social service program was 21 lakh 77 thousand. During the current government, it stands at 34 lakh 90 thousand.",English,"Success of Sheikh Hasina Government: In 2006, the number of people receiving interest-free micro-credit assistance under the rural social service program was 21 lakh 77 thousand. During the current government, it stands at 34 lakh 90 thousand.",False,False
promo,"For system improvement, mobile recharge through digital channels including Nagad, Upay, SSL Commerce will be suspended from 11:59 PM on May 8 to 6 AM on May 9. However, recharge can be done through MyGP app during this time.",English,"For system improvement, mobile recharge through digital channels including Nagad, Upay, SSL Commerce will be suspended from 11:59 PM on May 8 to 6 AM on May 9. However, recharge can be done through MyGP app during this time.",False,False
promo,নতুন লাইফস্টাইল প্রোডাক্টে ২৫% ছাড়! স্টক শেষ হওয়ার আগে সুযোগ নিন।,Bengali,নতুন লাইফস্টাইল প্রোডাক্টে ২৫% ছাড়! স্টক শেষ হওয়ার আগে সুযোগ নিন।,False,False
promo,"GP FlexiPlan-এ আজ সব প্যাক ৩০% ডিসকাউন্ট। নিজের মত করে বানান মিনিট, এসএমএস ও ডেটা। অফার সীমিত।",Bengali,"GP FlexiPlan-এ আজ সব প্যাক ৩০% ডিসকাউন্ট। নিজের মত করে বানান মিনিট, এসএমএস ও ডেটা। অফার সীমিত।",False,False
promo,"সিস্টেমের development এর জন্য ৮মে রাত ১১:৫৯ থেকে ৯মে সকাল ৬টা পর্যন্ত নগদ,উপায়,এসএসএল কমার্স সহ কিছু digital channel দিয়ে মোবাইল recharge বন্ধ থাকবে। তবে এই সময় মাইজিপি app থেকে recharge করা যাবে।",CodeMix,"সিস্টেমের development এর জন্য ৮মে রাত ১১:৫৯ থেকে ৯মে সকাল ৬টা পর্যন্ত নগদ,উপায়,এসএসএল কমার্স সহ কিছু digital channel দিয়ে মোবাইল recharge বন্ধ থাকবে। তবে এই সময় মাইজিপি app থেকে recharge করা যাবে।",False,False
promo,"Singer Plus home appliances rental! Refrigerator, TV, AC monthly rental starting 2500 TK. No down payment!",English,"Singer Plus home appliances rental! Refrigerator, TV, AC monthly rental starting 2500 TK. No down payment!",False,False
promo,"Special gift for you, 60 paisa/minute call rate, take: cutt.ly/qwnfrXbV",English,"Special gift for you, 60 paisa/minute call rate, take: cutt.ly/qwnfrXbV",False,False
promo,"Internetkine-e pocket saving, nao 10GB@TK158,7din: cutt.ly/FwUC6vhp",Banglish,"Internetkine-e pocket saving, nao 10GB@TK158,7din: cutt.ly/FwUC6vhp",False,False
promo,"25 TK cashback e abar o beshi data 50GB@473TK,30din cutt.ly/zwTmxzpd",Banglish,"25 TK cashback e abar o beshi data 50GB@473TK,30din cutt.ly/zwTmxzpd",False,False
promo,সব ডিভিডিতে ১০% ছাড়। অফারটি সীমিত সময়ের জন্য।,Bengali,সব ডিভিডিতে ১০% ছাড়। অফারটি সীমিত সময়ের জন্য।,False,False
promo,Robi app এ special offer: recharge করলে ১৫% extra credit। Hurry!,CodeMix,Robi app এ special offer: recharge করলে ১৫% extra credit। Hurry!,False,False
promo,Bonus offer: 3GB-60TK-3days. Dial *121*5699# or https://mygp.li/mo,English,Bonus offer: 3GB-60TK-3days. Dial *121*5699# or [URL],True,False
promo,DBBL online bill pay করুন এবং loyalty points পান। Register now এবং future bills এ redeem করুন,CodeMix,DBBL online bill pay করুন এবং loyalty points পান। Register now এবং future bills এ redeem করুন,False,False
promo,"আজকের অফার: সব জুয়েলারিতে ১৫% ছাড়। স্টক সীমিত, এখনই কিনুন!",Bengali,"আজকের অফার: সব জুয়েলারিতে ১৫% ছাড়। স্টক সীমিত, এখনই কিনুন!",False,False
promo,ভ্রমণ প্যাকেজে ২০% ছাড়! বুকিং করতে আজই যোগাযোগ করুন।,Bengali,ভ্রমণ প্যাকেজে ২০% ছাড়! বুকিং করতে আজই যোগাযোগ করুন।,False,False
promo,"Computer Source laptop clearance sale: Dell, HP, Lenovo massive discounts!",English,"Computer Source laptop clearance sale: Dell, HP, Lenovo massive discounts!",False,False
promo,"সর্বজনীন pension scheme-এ নিবন্ধন করুন; উন্নত ও কল্যাণ রাষ্ট্র গঠনে অবদান রাখুন-জাতীয় pension কর্তৃপক্ষ।""",CodeMix,"সর্বজনীন pension scheme-এ নিবন্ধন করুন; উন্নত ও কল্যাণ রাষ্ট্র গঠনে অবদান রাখুন-জাতীয় pension কর্তৃপক্ষ।""",False,False
promo,"Shwapno Weekly Saver: Grocery packs e buy 2 get 1 free. Offer valid across all outlets and online orders. Hurry, stock limited!",Banglish,"Shwapno Weekly Saver: Grocery packs e buy 2 get 1 free. Offer valid across all outlets and online orders. Hurry, stock limited!",False,False
promo,Sundarban Courier অনলাইন বুকিং-এ ২০% ছাড়। এখনই চেষ্টা করুন।,Bengali,Sundarban Courier অনলাইন বুকিং-এ ২০% ছাড়। এখনই চেষ্টা করুন।,False,False
promo,Ajkei shesh TK100 cashback! 50GB @TK398 30din: cutt.ly/hwltB5hC,Banglish,Ajkei shesh TK100 cashback! 50GB @TK398 30din: cutt.ly/hwltB5hC,False,False
promo,Buy a new mobile and get 1000 TK cashback! Trade in today.,English,Buy a new mobile and get 1000 TK cashback! Trade in today.,False,False
promo,Lotto Lee Cooper Chance to win BMW with cash payment 10% cashback on Bkash Shop,English,Lotto Lee Cooper Chance to win BMW with cash payment 10% cashback on Bkash Shop,False,False
promo,"Grameenphone Flexiplan-এ আজ সব প্যাকে ২৫% ডিসকাউন্ট। নিজের পছন্দমত মিনিট, এসএমএস ও ডেটা বানান এখনই।",Bengali,"Grameenphone Flexiplan-এ আজ সব প্যাকে ২৫% ডিসকাউন্ট। নিজের পছন্দমত মিনিট, এসএমএস ও ডেটা বানান এখনই।",False,False
promo,"Daraz এ চলছে mega sale! সব products এ huge discounts. আজই shop করুন, offer শেষ হচ্ছে।",CodeMix,"Daraz এ চলছে mega sale! সব products এ huge discounts. আজই shop করুন, offer শেষ হচ্ছে।",False,False
promo,Walton smart appliance কিনলে gift voucher পাবেন TK 800। Order করুন আজই!,CodeMix,Walton smart appliance কিনলে gift voucher পাবেন TK 800। Order করুন আজই!,False,False
promo,Sundarban Courier এখন অনলাইন বুকিং এ ১০% ছাড় দিচ্ছে। আজই চেষ্টা করুন।,Bengali,Sundarban Courier এখন অনলাইন বুকিং এ ১০% ছাড় দিচ্ছে। আজই চেষ্টা করুন।,False,False
promo,Yellow cab flat 50% off on all rides today! Use app code: YELLOW50. Book now and save big!,English,Yellow cab flat 50% off on all rides today! Use app code: YELLOW50. Book now and save big!,False,False
promo,Singer washing machine 20000TK discount! Zero percent EMI. Hotline: 09666777888,Banglish,Singer washing machine 200TK discount! Zero percent EMI. Hotline: [PHONE],False,True
promo,Pizza Hut family feast: Large pizza + garlic bread + drinks 899TK!,English,Pizza Hut family feast: Large pizza + garlic bread + drinks 899TK!,False,False
promo,"১৭ই মে, ২০২৪ বিশ্ব টেলিযোগাযোগ ও তথ্য সংঘ দিবস (WTISD) উপলক্ষ্যে অনলাইন রচনা প্রতিযোগিতা আয়োজন করা হয়েছে। অংশ গ্রহণ করতে ক্লিক করুনঃ https://bit.ly/wtisd24",Bengali,"১৭ই মে, ২০২৪ বিশ্ব টেলিযোগাযোগ ও তথ্য সংঘ দিবস (WTISD) উপলক্ষ্যে অনলাইন রচনা প্রতিযোগিতা আয়োজন করা হয়েছে। অংশ গ্রহণ করতে ক্লিক করুনঃ [URL]",True,False
promo,"TK35 cashback, now even more data 50GB@TK463,30 days cutt.ly/HwOETkke",English,"TK35 cashback, now even more data 50GB@TK463,30 days cutt.ly/HwOETkke",False,False
promo,Smart mobile phone-এ display করে e-driving license ব্যবহার করা যাবে।-BRTA,CodeMix,Smart mobile phone-এ display করে e-driving license ব্যবহার করা যাবে।-BRTA,False,False
promo,Sultan Dines grand opening! buy 1 get 1 free. Uttara. Book now: 01762948371!,English,Sultan Dines grand opening! buy 1 get 1 free. Uttara. Book now: [PHONE] !,False,True
promo,Flat 50% discount on today's grand opening of Dhanmondi branch! 01896001929 cutt.ly/fmw,English,Flat 50% discount on today's grand opening of Dhanmondi branch! [PHONE] cutt.ly/fmw,False,True
promo,Uber Eats free delivery on all orders above 500 TK! Use code: FREEDEL. Order your favorite food now!,English,Uber Eats free delivery on all orders above 500 TK! Use code: FREEDEL. Order your favorite food now!,False,False
promo,"১৫০৳ ক্যাশব্যাকে নাও ডাটা মিক্সার ৮০জিবি@৳৬৯৯,৩০দিন: cutt.ly/lwMwLrfw",Bengali,"১৫০৳ ক্যাশব্যাকে নাও ডাটা মিক্সার ৮০জিবি@৳৬৯৯,৩০দিন: cutt.ly/lwMwLrfw",False,False
promo,Free delivery on all orders. For limited time.,English,Free delivery on all orders. For limited time.,False,False
promo,"Amar takay amar shetu,Bangladesh er Padma shetu.Ekta shopner ummochon. 25 June manoniyo prodhanmontri shopner Padma shetu shubho udbodhon korben.Chokh rakhun,BTV,shokal 10 tay. Bangladesh shetu kortripokho, shetu bibhag.",Banglish,"Amar takay amar shetu,Bangladesh er Padma shetu.Ekta shopner ummochon. 25 June manoniyo prodhanmontri shopner Padma shetu shubho udbodhon korben.Chokh rakhun,BTV,shokal 10 tay. Bangladesh shetu kortripokho, shetu bibhag.",False,False
promo,"November-২৩
Recharge:0৳
Cost:
Data:38৳
Voice:57৳
Others:0৳",CodeMix,November-২৩ Recharge:0৳ Cost: Data:38৳ Voice:57৳ Others:0৳,False,False
promo,GP Music Fest: Enjoy unlimited Bangla gaan streaming 7 days only 49TK. Dial *121*49# to subscribe.,Banglish,GP Music Fest: Enjoy unlimited Bangla gaan streaming 7 days only 49TK. Dial *121*49# to subscribe.,False,False
promo,"মানবাধিকার দিবস-২০২৩
এবারের theme সবার জন্য freedom, সমতা এবং justice। জাতীয় মানবাধিকার commission।",CodeMix,"মানবাধিকার দিবস-২০২৩ এবারের theme সবার জন্য freedom, সমতা এবং justice। জাতীয় মানবাধিকার commission।",False,False
promo,Mega furniture sale! 15-30% discount on all products. Visit today.,English,Mega furniture sale! 15-30% discount on all products. Visit today.,False,False
promo,"Burger Lab Dhaka: Double cheese burger + fries combo only 299TK. Order via Foodpanda, free delivery for Gulshan.",Banglish,"Burger Lab Dhaka: Double cheese burger + fries combo only 299TK. Order via Foodpanda, free delivery for Gulshan.",False,False
promo,"আড্ডা+ইন্টারনেটিংয়ে নতুন ডিল ১০জিবি+২৫০মি@২৫৮৳,৩০দিন cutt.ly/wwCctHGF",Bengali,"আড্ডা+ইন্টারনেটিংয়ে নতুন ডিল ১০জিবি+২৫০মি@২৫৮৳,৩০দিন cutt.ly/wwCctHGF",False,False
promo,দারাজে মেগা সেল! সকল পণ্যে ৫০% পর্যন্ত ছাড়। আজই কিনুন!,Bengali,দারাজে মেগা সেল! সকল পণ্যে ৫০% পর্যন্ত ছাড়। আজই কিনুন!,False,False
promo,Easy Bike ride sharing! First 10 rides free for new users. Download app and explore the city!,English,Easy Bike ride sharing! First 10 rides free for new users. Download app and explore the city!,False,False
promo,"১৩০টাকায় ১৫০মিনিট(৩০দিন) সাথে বোনাস,নিতে*১২১*৫২০৫#  https://mygp.li/a0",Bengali,"১৩০টাকায় ১৫০মিনিট(৩০দিন) সাথে বোনাস,নিতে*১২১*৫২০৫# [URL]",True,False
promo,GP Bondho SIM offer! Reactivate kore peye jaan 5GB free data.,Banglish,GP Bondho SIM offer! Reactivate kore peye jaan 5GB free data.,False,False
promo,Balance low? Get up to 200TK GP emergency balance by dialing *9#,English,Balance low? Get up to 200TK GP emergency balance by dialing *9#,False,False
promo,Kacchi Bhai grand opening! 50% off all items. Gulshan. Book now: 01734829576!,English,Kacchi Bhai grand opening! 50% off all items. Gulshan. Book now: [PHONE] !,False,True
promo,Restaurant-এ খাওয়ার উপর ১৫% ছাড়! offer-টি সীমিত সময়ের জন্য। আজই আসুন!,CodeMix,Restaurant-এ খাওয়ার উপর ১৫% ছাড়! offer-টি সীমিত সময়ের জন্য। আজই আসুন!,False,False
promo,"Grammenphone এর minute offer এখন আরো attractive! ২৭ minute ২৪ hours, নিতে recharge বা bKash করুন ১৯ TK।",CodeMix,"Grammenphone এর minute offer এখন আরো attractive! ২৭ minute ২৪ hours, নিতে recharge বা bKash করুন ১৯ TK।",False,False
promo,GP bondho SIM campaign: Reactivate your GP bondho SIM and get 7GB free data instantly. Just recharge 48TK to enjoy this exciting offer.,Banglish,GP bondho SIM campaign: Reactivate your GP bondho SIM and get 7GB free data instantly. Just recharge 48TK to enjoy this exciting offer.,False,False
promo,Robi থেকে exclusive offer! Recharge করুন TK 100 এবং পাবেন extra talktime. আজই activate করুন।,CodeMix,Robi থেকে exclusive offer! Recharge করুন TK 100 এবং পাবেন extra talktime. আজই activate করুন।,False,False
promo,"125Tk cashback e shorbo offer 61GB+1000min@774Tk, 30din: cutt.ly/8wBQC0MC",Banglish,"125Tk cashback e shorbo offer 61GB+1000min@774Tk, 30din: cutt.ly/8wBQC0MC",False,False
promo,Shob bachchader khelonay 20% discount. aaj e kinun!,Banglish,Shob bachchader khelonay 20% discount. aaj e kinun!,False,False
promo,Bata shoe festival! All footwear 40% off. Additional 10% discount with mobile banking payment!,English,Bata shoe festival! All footwear 40% off. Additional 10% discount with mobile banking payment!,False,False
promo,Uber Eats: First order discount 60% up to 200TK. Use code UBEREATS60. Valid till 10 Sept.,Banglish,Uber Eats: First order discount 60% up to 200TK. Use code UBEREATS60. Valid till 10 Sept.,False,False
promo,"Grameenphone er minute offer ekhon aro akorshonio! 27 minute 24 ghonta, nite recharge ba bikash korun 19 taka.",Banglish,"Grameenphone er minute offer ekhon aro akorshonio! 27 minute 24 ghonta, nite recharge ba bikash korun 19 taka.",False,False
promo,"Century in cashback TK 100! 55GB @TK 398, 30 days: cutt.ly/hwltB5hC",English,"Century in cashback TK 100! 55GB @TK 398, 30 days: cutt.ly/hwltB5hC",False,False
promo,"তোমার জন্য special deal 4GB+80min@87৳, 7দিন: cutt.ly/Iw0edGlt",CodeMix,"তোমার জন্য special deal 4GB+80min@87৳, 7দিন: cutt.ly/Iw0edGlt",False,False
promo,"Passport o visa shongkranto tothyo pete passport batayane desh theke 16445 number e o bidesh theke 09666716445 number e phone korun. 
Passport o visa pete shorkar kortrrik nirdhharito fee byotit kono ortho lendenkarok korben na.",Banglish,Passport o visa shongkranto tothyo pete passport batayane desh theke 16445 number e o bidesh theke [PHONE] number e phone korun. Passport o visa pete shorkar kortrrik nirdhharito fee byotit kono ortho lendenkarok korben na.,False,True
promo,"Purbachal shonglognno Navana'r 3,5 o 10 kathar plot kinun – 01847-214019",Banglish,"Purbachal shonglognno Navana'r 3,5 o 10 kathar plot kinun – [PHONE]",False,True
promo,GP exclusive offer: Unlimited YouTube pack 89TK only for 7 days! Amar GP app theke activate korun or dial *121*89#. Video streaming unlimited enjoy korun. Ei offer shesh hoye jabe 7th Sept e.,Banglish,GP exclusive offer: Unlimited YouTube pack 89TK only for 7 days! Amar GP app theke activate korun or dial *121*89#. Video streaming unlimited enjoy korun. Ei offer shesh hoye jabe 7th Sept e.,False,False
promo,McDonald's McAloo Tikki burger combo meal just 249TK this week!,English,McDonald's McAloo Tikki burger combo meal just 249TK this week!,False,False
promo,Boro discount! Shiter poshake 30% chhar. Ajei visit korun amader store-e!,Banglish,Boro discount! Shiter poshake 30% chhar. Ajei visit korun amader store-e!,False,False
promo,"Applications are being invited online for the 'Sheikh Russel Award' from Bangladeshi children under 18 years and related institutions. Application deadline is May 20, 2023. Details: www.award.sheikhrussel.gov.bd",English,"Applications are being invited online for the 'Sheikh Russel Award' from Bangladeshi children under 18 years and related institutions. Application deadline is May 20, 2023. Details: [URL]",True,False
promo,Online shopping e 25% cashback! Code: SHOP25. Deri na kore ekhonii shopping korun.,Banglish,Online shopping e 25% cashback! Code: SHOP25. Deri na kore ekhonii shopping korun.,False,False
promo,79 poisha proti minute 15din mayader call rate offer ti nite 119 taka recharge korun.,Banglish,79 poisha proti minute 15din mayader call rate offer ti nite 119 taka recharge korun.,False,False
promo,"ক্যাশব্যাকে সেঞ্চুরি ৳১০০! ৩০জিবি+৫০০মি. @৳৩৯৯,৩০দিন: cutt.ly/AwkY4L2C",Bengali,"ক্যাশব্যাকে সেঞ্চুরি ৳১০০! ৩০জিবি+৫০০মি. @৳৩৯৯,৩০দিন: cutt.ly/AwkY4L2C",False,False
promo,Pathao Rides: This week 50% discount up to 80TK on first 3 bike rides. Use promo code BIKE50 now.,Banglish,Pathao Rides: This week 50% discount up to 80TK on first 3 bike rides. Use promo code BIKE50 now.,False,False
promo,15% discount on fitness equipment! Order today.,English,15% discount on fitness equipment! Order today.,False,False
promo,bKash app এ skitto deals এ ৩০TK পর্যন্ত cashback cutt.ly/8HBaVWF,CodeMix,bKash app এ skitto deals এ ৩০TK পর্যন্ত cashback cutt.ly/8HBaVWF,False,False
promo,নতুন mobile কিনুন এবং ১০০০ TK cashback পান! আজই trade-in করুন।,CodeMix,নতুন mobile কিনুন এবং ১০০০ TK cashback পান! আজই trade-in করুন।,False,False
promo,"November-23
Recharge:0TK
Khoroch:
Data:38TK
Voice:57TK
Onnanno:0TK",Banglish,November-23 Recharge:0TK Khoroch: Data:38TK Voice:57TK Onnanno:0TK,False,False
promo,"June 5 World Environment Day 2023. This year's theme: Let's all join in solving plastic pollution. This year's slogan: Let's all pledge together, plastic pollution will stop. - Ministry of Environment, Forest and Climate Change.",English,"June 5 World Environment Day 2023. This year's theme: Let's all join in solving plastic pollution. This year's slogan: Let's all pledge together, plastic pollution will stop. - Ministry of Environment, Forest and Climate Change.",False,False
promo,Best offer! 5GB with bonus-50 taka-3 days. Dial *121*5650# or mygp.li/my,English,Best offer! 5GB with bonus-50 taka-3 days. Dial *121*5650# or mygp.li/my,False,False
promo,"Akij Food beverage factory outlet! Soft drinks, snacks 40% off. Perfect for parties and events!",English,"Akij Food beverage factory outlet! Soft drinks, snacks 40% off. Perfect for parties and events!",False,False
promo,"TK২০০ cashback শুধুমাত্র আজকের জন্য- ৬১GB+১০০০মি@TK৬৯৯,৩০দিন: cutt.ly/FwQhpKHc",CodeMix,"TK২০০ cashback শুধুমাত্র আজকের জন্য- ৬১GB+১০০০মি@TK৬৯৯,৩০দিন: cutt.ly/FwQhpKHc",False,False
promo,Notun client der jonno special offer! Amader service e 20% chhar.,Banglish,Notun client der jonno special offer! Amader service e 20% chhar.,False,False
promo,"Banglalink গ্রাহক, ১০০ টাকার রিচার্জে ২৫ মিনিট ফ্রি।",Bengali,"Banglalink গ্রাহক, ১০০ টাকার রিচার্জে ২৫ মিনিট ফ্রি।",False,False
promo,"Robi Music Pack মাত্র ২৫ টাকা, বৈধতা ৭ দিন। সক্রিয় করতে *123*25#।",Bengali,"Robi Music Pack মাত্র ২৫ টাকা, বৈধতা ৭ দিন। সক্রিয় করতে *123*25#।",False,False
promo,Airtel user এর জন্য special discount offer চলছে। Avail করুন online!,CodeMix,Airtel user এর জন্য special discount offer চলছে। Avail করুন online!,False,False
promo,Yellow summer sale! All accessories up to 35% discount. Limited time!,English,Yellow summer sale! All accessories up to 35% discount. Limited time!,False,False
promo,Robi eShop-এ মোবাইল কিনলে সঙ্গে পাচ্ছেন ফ্রি ইয়ারফোন। অফার সীমিত স্টকে।,Bengali,Robi eShop-এ মোবাইল কিনলে সঙ্গে পাচ্ছেন ফ্রি ইয়ারফোন। অফার সীমিত স্টকে।,False,False
promo,শপে বিশেষ ছাড়! জুতা ও ব্যাগে ৪০% পর্যন্ত কমতি। সীমিত সময়।,Bengali,শপে বিশেষ ছাড়! জুতা ও ব্যাগে ৪০% পর্যন্ত কমতি। সীমিত সময়।,False,False
promo,Buy 2 get 1 free on all Kazi Nazrul items at Aarong this weekend only!,English,Buy 2 get 1 free on all Kazi Nazrul items at Aarong this weekend only!,False,False
promo,Chaldal Grocery: Order 1200TK+ get 200TK cashback using Nagad. Free home delivery within Dhaka same day.,Banglish,Chaldal Grocery: Order 1200TK+ get 200TK cashback using Nagad. Free home delivery within Dhaka same day.,False,False
promo,Fresh fish and meat home delivery! Kazi Farms Kitchen delivers in 3 hours. Order: 09666701010,English,Fresh fish and meat home delivery! Kazi Farms Kitchen delivers in 3 hours. Order: [PHONE],False,True
promo,"স্পেশাল ডিল শেষ দিন,৩০জিবি @৩০০৳,৩০দিন! আজই নাও- cutt.ly/jwkuSC76",Bengali,"স্পেশাল ডিল শেষ দিন,৩০জিবি @৩০০৳,৩০দিন! আজই নাও- cutt.ly/jwkuSC76",False,False
promo,Up to 30% discount on your favorite brand! Offer for a limited time only.,English,Up to 30% discount on your favorite brand! Offer for a limited time only.,False,False
promo,"সিস্টেমের উন্নয়নের জন্য ৮মে রাত ১১:৫৯ থেকে ৯মে সকাল ৬টা পর্যন্ত নগদ,উপায়,এসএসএল কমার্স সহ কিছু ডিজিটাল চ্যানেল দিয়ে মোবাইল রিচার্জ বন্ধ থাকবে। তবে এই সময় মাইজিপি অ্যাপ থেকে রিচার্জ করা যাবে।",Bengali,"সিস্টেমের উন্নয়নের জন্য ৮মে রাত ১১:৫৯ থেকে ৯মে সকাল ৬টা পর্যন্ত নগদ,উপায়,এসএসএল কমার্স সহ কিছু ডিজিটাল চ্যানেল দিয়ে মোবাইল রিচার্জ বন্ধ থাকবে। তবে এই সময় মাইজিপি অ্যাপ থেকে রিচার্জ করা যাবে।",False,False
promo,"তোমার জন্য স্পেশাল ডিল!১০জিবি+২৫০মিনিট @৳২৫০,৩০দিনঃ cutt.ly/Lwg2MRlr",Bengali,"তোমার জন্য স্পেশাল ডিল!১০জিবি+২৫০মিনিট @৳২৫০,৩০দিনঃ cutt.ly/Lwg2MRlr",False,False
promo,10% discount on all DVDs. Limited time offer.,English,10% discount on all DVDs. Limited time offer.,False,False
promo,Robi customers enjoy 30 days unlimited internet at 399TK! Limited time offer.,English,Robi customers enjoy 30 days unlimited internet at 399TK! Limited time offer.,False,False
promo,"Cashback e Century TK100! 26GB+500min. @TK399,30din: cutt.ly/mwmJFpRa",Banglish,"Cashback e Century TK100! 26GB+500min. @TK399,30din: cutt.ly/mwmJFpRa",False,False
promo,Citycell এ top-up করলে ১০% extra bonus পাবেন। Don’t wait!,CodeMix,Citycell এ top-up করলে ১০% extra bonus পাবেন। Don’t wait!,False,False
promo,সবার favourite burger নিয়ে Burger King এখন Dhanmondi 27-এ। দেরি না করে attractive সব offer উপভোগ করতে চলে আসুন Burger King-এ। Home delivery পেতে call করুন 16606,CodeMix,সবার favourite burger নিয়ে Burger King এখন Dhanmondi 27-এ। দেরি না করে attractive সব offer উপভোগ করতে চলে আসুন Burger King-এ। Home delivery পেতে call করুন 16606,False,False
promo,Home appliance er upor 25% porjonto char! Offer shesh howar age sujog nin.,Banglish,Home appliance er upor 25% porjonto char! Offer shesh howar age sujog nin.,False,False
promo,"পূর্বাচল ৩০নং সেক্টর সংলগ্ন ভরাট চলমান প্লট! কাঠা ১.৬লক্ষ
01894841736",Bengali,পূর্বাচল ৩০নং সেক্টর সংলগ্ন ভরাট চলমান প্লট! কাঠা ১.৬লক্ষ [PHONE],False,True
promo,488.23MB oboshishto. Upobhog korun PayGo (6.6625Tk porjonto 5MB er jonno)| Balance jante chaile *121*1*4#| Nirdishtho packe 10% internet bonus pete visit korun mygp.li/bonus,Banglish,488.23MB oboshishto. Upobhog korun PayGo (6.6625Tk porjonto 5MB er jonno)| Balance jante chaile *121*1*4#| Nirdishtho packe 10% internet bonus pete visit korun mygp.li/bonus,False,False
promo,Borodiner shubhechha. Thakche 25% chhad 31 December porjonto. 01713199270,Banglish,Borodiner shubhechha. Thakche 25% chhad 31 December porjonto. [PHONE],False,True
promo,Online shopping-এ ২০% discount! Use code now।,CodeMix,Online shopping-এ ২০% discount! Use code now।,False,False
promo,"ফুলঅন ইন্টারনেটিংয়ে পকেট সেভিং,নাও ২জিবি@৳৬৯,৭ দিন- cutt.ly/CwUPKGTR",Bengali,"ফুলঅন ইন্টারনেটিংয়ে পকেট সেভিং,নাও ২জিবি@৳৬৯,৭ দিন- cutt.ly/CwUPKGTR",False,False
promo,Unimart online shopping fest: Fruits and vegetables e 20% discount till 18th Sept. Delivery across Dhaka free. Shop online today.,Banglish,Unimart online shopping fest: Fruits and vegetables e 20% discount till 18th Sept. Delivery across Dhaka free. Shop online today.,False,False
promo,"৳১০০ ক্যাশব্যাকে প্রোলেভেল ডিল-১০০জিবি@৳৬৯৮,৩০দিন cutt.ly/AwQzYxAf",Bengali,"৳১০০ ক্যাশব্যাকে প্রোলেভেল ডিল-১০০জিবি@৳৬৯৮,৩০দিন cutt.ly/AwQzYxAf",False,False
promo,"May-24
Recharge: 0TK
Expenses:
Data: 287TK
Voice: 101TK
Others: 0TK",English,May-24 Recharge: 0TK Expenses: Data: 287TK Voice: 101TK Others: 0TK,False,False
promo,"Bashundhara LP gas connection! Home delivery, safety guaranteed. Call 16108.",Banglish,"Bashundhara LP gas connection! Home delivery, safety guaranteed. Call 16108.",False,False
promo,ঈদ উপলক্ষে দারাজে huge sale চলছে! Get up to 70% off on electronics and fashion। এখনই shop করুন!,CodeMix,ঈদ উপলক্ষে দারাজে huge sale চলছে! Get up to 70% off on electronics and fashion। এখনই shop করুন!,False,False
promo,"Othoba.com flash sale! Electronics, fashion, home items up to 75% off. Free delivery nationwide!",English,"[URL] flash sale! Electronics, fashion, home items up to 75% off. Free delivery nationwide!",True,False
promo,"Robi App দিয়ে বিল পরিশোধে ৫% ক্যাশব্যাক, সর্বোচ্চ ১০০ টাকা।",Bengali,"Robi App দিয়ে বিল পরিশোধে ৫% ক্যাশব্যাক, সর্বোচ্চ ১০০ টাকা।",False,False
promo,"১৮ May International Museum Day। এবারের theme : ""Museum, sustainability and prosperity""। এ উপলক্ষে Bangladesh National Museum এর day-long আয়োজনে আপনি স্বাগত।",CodeMix,"১৮ May International Museum Day। এবারের theme : ""Museum, sustainability and prosperity""। এ উপলক্ষে Bangladesh National Museum এর day-long আয়োজনে আপনি স্বাগত।",False,False
promo,Banglalink ultra saver: 1 paisa/sec all operator call rate + 3GB data pack only 98TK. Valid 7 days. Dial *222*98# to activate.,Banglish,Banglalink ultra saver: 1 paisa/sec all operator call rate + 3GB data pack only 98TK. Valid 7 days. Dial *222*98# to activate.,False,False
promo,15% discount on restaurant meals! Offer for limited time. Come today!,English,15% discount on restaurant meals! Offer for limited time. Come today!,False,False
promo,Banglalink গ্রাহকদের জন্য শুক্রবার বিশেষ অফার: ৪ জিবি মাত্র ৭৯ টাকা। বৈধতা ৩ দিন।,Bengali,Banglalink গ্রাহকদের জন্য শুক্রবার বিশেষ অফার: ৪ জিবি মাত্র ৭৯ টাকা। বৈধতা ৩ দিন।,False,False
promo,Citycell recharge এ ১০% extra bonus পাবেন limited time। Don’t wait!,CodeMix,Citycell recharge এ ১০% extra bonus পাবেন limited time। Don’t wait!,False,False
promo,টেলিটক নিয়ে এসেছে দেশের সবচেয়ে সাশ্রয়ী ইন্টারনেট প্যাকেজ! আমাদের বিশেষ 'গ্রামের ইন্টারনেট' অফারে মাত্র ১৯৯ টাকায় পাবেন ১৫ জিবি হাই স্পিড ৪জি ইন্টারনেট যা ব্যবহার করতে পারবেন সম্পূর্ণ ৩০ দিন। এই প্যাকেজের বিশেষত্ব হলো গ্রামীণ এলাকাতেও ভালো স্পিড পাবেন এবং রাত ১২টা থেকে সকাল ৬টা পর্যন্ত ডেটা খরচ হবে অর্ধেক। শুধুমাত্র এই মাসের জন্য এই অফার। *১৫২*১৯৯# ডায়াল করে এখনই কিনুন।,Bengali,টেলিটক নিয়ে এসেছে দেশের সবচেয়ে সাশ্রয়ী ইন্টারনেট প্যাকেজ! আমাদের বিশেষ 'গ্রামের ইন্টারনেট' অফারে মাত্র ১৯৯ টাকায় পাবেন ১৫ জিবি হাই স্পিড ৪জি ইন্টারনেট যা ব্যবহার করতে পারবেন সম্পূর্ণ ৩০ দিন। এই প্যাকেজের বিশেষত্ব হলো গ্রামীণ এলাকাতেও ভালো স্পিড পাবেন এবং রাত ১২টা থেকে সকাল ৬টা পর্যন্ত ডেটা খরচ হবে অর্ধেক। শুধুমাত্র এই মাসের জন্য এই অফার। *১৫২*১৯৯# ডায়াল করে এখনই কিনুন।,False,False
promo,আগামী ১৩ অক্টোবর ২০২৩ দেশব্যাপী মুক্তি পাচ্ছে জাতির পিতা বঙ্গবন্ধু শেখ মুজিবুর রহমান এঁর জীবনীর উপর নির্মিত বায়োপিক চলচ্চিত্র 'মুজিব-একটি জাতির রূপকার'। চলে আসুন আপনার নিকটস্থ প্রেক্ষাগৃহে।,Bengali,আগামী ১৩ অক্টোবর ২০২৩ দেশব্যাপী মুক্তি পাচ্ছে জাতির পিতা বঙ্গবন্ধু শেখ মুজিবুর রহমান এঁর জীবনীর উপর নির্মিত বায়োপিক চলচ্চিত্র 'মুজিব-একটি জাতির রূপকার'। চলে আসুন আপনার নিকটস্থ প্রেক্ষাগৃহে।,False,False
promo,"টয়োটা গাড়িতে স্পেশাল লোন! কম সুদে, সহজ কিস্তি।",Bengali,"টয়োটা গাড়িতে স্পেশাল লোন! কম সুদে, সহজ কিস্তি।",False,False
promo,Furniture-এ mega sale! সব product-এ ১৫-৩০% discount। Visit today।,CodeMix,Furniture-এ mega sale! সব product-এ ১৫-৩০% discount। Visit today।,False,False
promo,"ইন্টারনেটিংয়ে পকেট সেভিং, নাও ১০জিবি@৳১৫৮, ৭দিন: cutt.ly/FwUC6vh",Bengali,"ইন্টারনেটিংয়ে পকেট সেভিং, নাও ১০জিবি@৳১৫৮, ৭দিন: cutt.ly/FwUC6vh",False,False
promo,Karnaphuli Gas distribution connection! New gas line installation 8500 TK. Cook with clean energy!,English,Karnaphuli Gas distribution connection! New gas line installation 8500 TK. Cook with clean energy!,False,False
promo,"Hotel Cox Today: Book 3 nights, pay for 2 + free breakfast. Call 01300011223 to reserve your room.",Banglish,"Hotel Cox Today: Book 3 nights, pay for 2 + free breakfast. Call [PHONE] to reserve your room.",False,True
promo,"৳১০০ ক্যাশব্যাক!৩০জিবি+৬০০মি. @৳৩৯৯,৩০দিন: cutt.ly/AwkY4L2C",Bengali,"৳১০০ ক্যাশব্যাক!৩০জিবি+৬০০মি. @৳৩৯৯,৩০দিন: cutt.ly/AwkY4L2C",False,False
promo,"Sheikh Hasina government-র success:
মাননীয় Prime Minister Sheikh Hasina-র instruction-এ এখন পর্যন্ত ১৩ lakh homeless family-কে land-সহ house construction করে দিয়েছে government। Result-এ fortune changed হয়ে গেছে প্রায় ৫০ lakh helpless মানুষের। 
",CodeMix,Sheikh Hasina government-র success: মাননীয় Prime Minister Sheikh Hasina-র instruction-এ এখন পর্যন্ত ১৩ lakh homeless family-কে land-সহ house construction করে দিয়েছে government। Result-এ fortune changed হয়ে গেছে প্রায় ৫০ lakh helpless মানুষের।,False,False
promo,Bonus সহ 2GB-TK 35-7 days। Dial *121*5037# বা mygp.li/mo,CodeMix,Bonus সহ 2GB-TK 35-7 days। Dial *121*5037# বা mygp.li/mo,False,False
promo,Pathao Rides saver: Daily commute er jonno enjoy 30% discount on 5 rides each week. Promo code: PATH30. Offer valid till end of month.,Banglish,Pathao Rides saver: Daily commute er jonno enjoy 30% discount on 5 rides each week. Promo code: PATH30. Offer valid till end of month.,False,False
promo,150 mins for 130TK (30 days) with bonus. Dial *121*5205# or https://mygp.li/a0,English,150 mins for 130TK (30 days) with bonus. Dial *121*5205# or [URL],True,False
promo,Purbani Hotel wedding packages! Complete arrangements starting 150000 TK. Book hall: 02-9567788!,English,Purbani Hotel wedding packages! Complete arrangements starting 1500 TK. Book hall: [PHONE] !,False,True
promo,"Chaldal grocery delivery! Fresh vegetables, fruits delivered in 2 hours. 100 TK off on first order!",English,"Chaldal grocery delivery! Fresh vegetables, fruits delivered in 2 hours. 100 TK off on first order!",False,False
promo,"ফ্রি হোম ডেলিভারি! বই, স্টেশনারি, গিফটে কোন চার্জ নেই।",Bengali,"ফ্রি হোম ডেলিভারি! বই, স্টেশনারি, গিফটে কোন চার্জ নেই।",False,False
promo,Applications are invited from youth aged 18-45 for the 'Sheikh Hasina Youth Volunteer Award-2024'. All information is available on the Ministry of Youth and Sports website www.moysports.gov.bd.,English,Applications are invited from youth aged 18-45 for the 'Sheikh Hasina Youth Volunteer Award-2024'. All information is available on the Ministry of Youth and Sports website [URL],True,False
promo,<#> আপনার মাইজিপি পিন (code) হচ্ছে: 4283. ভেরিফাই করতে এই পিনটি ব্যবহার করুন. অপব্যবহার ঠেকাতে এই পিনটি ফরওয়ার্ড অথবা কারো সাথে শেয়ার করবেন না FyXTPoy9ZDa,Bengali,<#> আপনার মাইজিপি পিন (code) হচ্ছে: 4283. ভেরিফাই করতে এই পিনটি ব্যবহার করুন. অপব্যবহার ঠেকাতে এই পিনটি ফরওয়ার্ড অথবা কারো সাথে শেয়ার করবেন না FyXTPoy9ZDa,False,False
promo,"Ajei shesh din!5GB+150minute 130taka (30din), dial *121*5205# ba https://mygp.li/a0",Banglish,"Ajei shesh din!5GB+150minute 130taka (30din), dial *121*5205# ba [URL]",True,False
promo,"System upgrade-এর জন্য ৩ October রাত ১২:০১minute থেকে সকাল ৮টা পর্যন্ত,Skitto SIM-র সকল service বন্ধ থাকবে। Details: cutt.ly/TwvBT4wH",CodeMix,"System upgrade-এর জন্য ৩ October রাত ১২:০১minute থেকে সকাল ৮টা পর্যন্ত,Skitto SIM-র সকল service বন্ধ থাকবে। Details: cutt.ly/TwvBT4wH",False,False
promo,বিশেষ অফার! গ্রামীণফোনে ৫০জিবি ডেটা মাত্র ৪৯৯ টাকায়। সীমিত সময়ের জন্য। *২৩৩# ডায়াল করুন।,Bengali,বিশেষ অফার! গ্রামীণফোনে ৫০জিবি ডেটা মাত্র ৪৯৯ টাকায়। সীমিত সময়ের জন্য। *২৩৩# ডায়াল করুন।,False,False
promo,Mensworld now in new form at Bashundhara City Apparel Zone. Level-8 01896001903,English,Mensworld now in new form at Bashundhara City Apparel Zone. Level- [PHONE],False,True
promo,"Arong Mega Sale: Panjabi, kurti, jewellery up to 30% discount. Offer valid in all outlets till 20 Sept.",Banglish,"Arong Mega Sale: Panjabi, kurti, jewellery up to 30% discount. Offer valid in all outlets till 20 Sept.",False,False
promo,Special offer for new customers! 30% discount on our services.,English,Special offer for new customers! 30% discount on our services.,False,False
promo,"200TK cashback! 60GB+1000 minutes @699TK 30 days, take it- cutt.ly/aAhiAsI",English,"200TK cashback! 60GB+1000 minutes @699TK 30 days, take it- cutt.ly/aAhiAsI",False,False
promo,15% discount on digital gadgets! Shop now and get bonus.,English,15% discount on digital gadgets! Shop now and get bonus.,False,False
promo,"Apex shoes Eid collection: Formal, casual, sports shoes 30% discount!",English,"Apex shoes Eid collection: Formal, casual, sports shoes 30% discount!",False,False
promo,"Ajkerdeal mega sale: Electronics, clothing, home items up to 80% off!",English,"Ajkerdeal mega sale: Electronics, clothing, home items up to 80% off!",False,False
promo,"Pickaboo laptop fest: Asus, HP, Dell laptops up to 10,000TK discount. Free backpack included. EMI facility available. Limited stock.",Banglish,"Pickaboo laptop fest: Asus, HP, Dell laptops up to 10,000TK discount. Free backpack included. EMI facility available. Limited stock.",False,False
promo,"Burger King is now at Dhanmondi 27 with everyone's favorite burgers. Don't delay, come to Burger King to enjoy all the attractive offers. Call 16606 for home delivery",English,"Burger King is now at Dhanmondi 27 with everyone's favorite burgers. Don't delay, come to Burger King to enjoy all the attractive offers. Call 16606 for home delivery",False,False
promo,Bashundhara LP Gas cylinder offer! 12kg cylinder with free burner 2200 TK. Safe cooking solution!,English,Bashundhara LP Gas cylinder offer! 12kg cylinder with free burner 2200 TK. Safe cooking solution!,False,False
promo,Shohoz Bike Offer: First 5 rides free up to 60TK each for new users. Promo code BIKEFREE. Valid this month only.,Banglish,Shohoz Bike Offer: First 5 rides free up to 60TK each for new users. Promo code BIKEFREE. Valid this month only.,False,False
promo,"Winter clothing sale! Up to 60% off on jackets, sweaters. Aarong stores nationwide. Limited time!",English,"Winter clothing sale! Up to 60% off on jackets, sweaters. Aarong stores nationwide. Limited time!",False,False
promo,১০০৳ ক্যাশব্যাক শেষ দিন! ৩১জিবি+৪৫০মি.@ ৩৯৯৳ ৩০দিন: cutt.ly/2wQlYv6U,Bengali,১০০৳ ক্যাশব্যাক শেষ দিন! ৩১জিবি+৪৫০মি.@ ৩৯৯৳ ৩০দিন: cutt.ly/2wQlYv6U,False,False
promo,"20GB @309TK 30 days, create your own in data mixer- cutt.ly/HwFKsbAy",English,"20GB @309TK 30 days, create your own in data mixer- cutt.ly/HwFKsbAy",False,False
promo,"স্টেশনারিতে মেগা সেল! কলম, নোটবুক, ব্যাগে ৩৫% ছাড়।",Bengali,"স্টেশনারিতে মেগা সেল! কলম, নোটবুক, ব্যাগে ৩৫% ছাড়।",False,False
promo,পিজা হাটে কম্বো অফার! ২টি পিজা + ২টি কোক = ৭৯৯ টাকা মাত্র।,Bengali,পিজা হাটে কম্বো অফার! ২টি পিজা + ২টি কোক = ৭৯৯ টাকা মাত্র।,False,False
promo,GP amar pack: 2GB + 50 min only 58TK. Dial *121*58#,Banglish,GP amar pack: 2GB + 50 min only 58TK. Dial *121*58#,False,False
promo,অফার: সব গ্রোসারিতে ১০% ক্যাশব্যাক। শুধু আজকের জন্য।,Bengali,অফার: সব গ্রোসারিতে ১০% ক্যাশব্যাক। শুধু আজকের জন্য।,False,False
promo,credit card membership offer! Annual fee only 1847 TK. Benefits: discounts!,English,credit card membership offer! Annual fee only 1847 TK. Benefits: discounts!,False,False
promo,"“E-passport services for Mugda, Shajahanpur, Khilgaon, Rampura, Motijheel, Paltan, Badda, Hatirjil police stations will be provided from the Regional Passport Office, Dhaka East (Aftabnagar) starting from 07 May 2023”.",English,"“E-passport services for Mugda, Shajahanpur, Khilgaon, Rampura, Motijheel, Paltan, Badda, Hatirjil police stations will be provided from the Regional Passport Office, Dhaka East (Aftabnagar) starting from 07 May 2023”.",False,False
promo,সবার পছন্দের বার্গার নিয়ে বার্গার কিং এখন ধানমন্ডি ২৭ এ। দেরি না করে আকর্ষনীয় সব অফার উপভোগ করতে চলে আসুন বার্গার কিং এ। হোম ডেলিভারি পেতে কল করুন ১৬৬০৬,Bengali,সবার পছন্দের বার্গার নিয়ে বার্গার কিং এখন ধানমন্ডি ২৭ এ। দেরি না করে আকর্ষনীয় সব অফার উপভোগ করতে চলে আসুন বার্গার কিং এ। হোম ডেলিভারি পেতে কল করুন ১৬৬০৬,False,False
promo,ফুড পান্ডায় ফ্রি ডেলিভারি! ২৫০ টাকার উপর সব অর্ডারে। আজই অর্ডার করুন।,Bengali,ফুড পান্ডায় ফ্রি ডেলিভারি! ২৫০ টাকার উপর সব অর্ডারে। আজই অর্ডার করুন।,False,False
promo,থ্যালাসেমিয়া রোগ  থেকে বাঁচতে বিয়ের আগে রক্ত পরীক্ষা করিয়ে নিন । রোগী ও বাহক কিংবা বাহকে বাহকে বিয়ে নয়-বাংলাদেশ থ্যালাসেমিয়া সমিতি।,Bengali,থ্যালাসেমিয়া রোগ থেকে বাঁচতে বিয়ের আগে রক্ত পরীক্ষা করিয়ে নিন । রোগী ও বাহক কিংবা বাহকে বাহকে বিয়ে নয়-বাংলাদেশ থ্যালাসেমিয়া সমিতি।,False,False
promo,Daraz App ডাউনলোড করলে নতুন ইউজাররা পাচ্ছেন ২৫০ টাকা ভাউচার।,Bengali,Daraz App ডাউনলোড করলে নতুন ইউজাররা পাচ্ছেন ২৫০ টাকা ভাউচার।,False,False
promo,Unimart discount days: Grocery and fresh items up to 25% discount. Home delivery available across Dhaka. Order online at unimart.com.bd.,Banglish,Unimart discount days: Grocery and fresh items up to 25% discount. Home delivery available across Dhaka. Order online at [URL],True,False
promo,Robi app recharge করলে ২০% extra credit। Don’t miss out!,CodeMix,Robi app recharge করলে ২০% extra credit। Don’t miss out!,False,False
promo,Fresh supermarket organic vegetable sale! All fresh produce 30% discount. Healthy eating starts today!,English,Fresh supermarket organic vegetable sale! All fresh produce 30% discount. Healthy eating starts today!,False,False
promo,Banglalink call rate blast: Enjoy 1 paisa/second to all numbers for 7 days. Just recharge 49TK. Dial *222*49# now.,Banglish,Banglalink call rate blast: Enjoy 1 paisa/second to all numbers for 7 days. Just recharge 49TK. Dial *222*49# now.,False,False
promo,"ইলেকট্রনিক্সে মেগা সেল! TV, ফ্রিজ, AC তে বিশাল ছাড়।",Bengali,"ইলেকট্রনিক্সে মেগা সেল! TV, ফ্রিজ, AC তে বিশাল ছাড়।",False,False
promo,Flat 15% discount shob shopping e. Code: DISCOUNT15.,Banglish,Flat 15% discount shob shopping e. Code: DISCOUNT15.,False,False
promo,"লি কুপার লন্ডনের
উইন্টার কালেকশন
মোকাসিন সু, পোলো শার্ট, জিন্স
জলদি",Bengali,"লি কুপার লন্ডনের উইন্টার কালেকশন মোকাসিন সু, পোলো শার্ট, জিন্স জলদি",False,False
promo,"10% discount on new Samsung phone! Limited stock, buy today!",English,"10% discount on new Samsung phone! Limited stock, buy today!",False,False
promo,"100TK cashback! 31GB+450min @399TK, 30 days, take it: cutt.ly/2wQlYv6U",English,"100TK cashback! 31GB+450min @399TK, 30 days, take it: cutt.ly/2wQlYv6U",False,False
promo,488.23MB অবশিষ্ট। উপভোগ করুন PayGo (6.6625Tk পর্যন্ত 5MB এর জন্য)| ব্যালান্স জানতে চাইলে *121*1*4#| নির্দিষ্ট প্যাকে 10% ইন্টারনেট বোনাস পেতে ভিজিট করুন mygp.li/bonus,Bengali,488.23MB অবশিষ্ট। উপভোগ করুন PayGo (6.6625Tk পর্যন্ত 5MB এর জন্য)| ব্যালান্স জানতে চাইলে *121*1*4#| নির্দিষ্ট প্যাকে 10% ইন্টারনেট বোনাস পেতে ভিজিট করুন mygp.li/bonus,False,False
promo,"Shohoz bus travel discount: Dhaka to Sylhet bus tickets 20% discount with code SYLHET20. Valid till 15th Sept only. Book korar jonno Shohoz app use korun. Safe travel, low cost.",Banglish,"Shohoz bus travel discount: Dhaka to Sylhet bus tickets 20% discount with code SYLHET20. Valid till 15th Sept only. Book korar jonno Shohoz app use korun. Safe travel, low cost.",False,False
promo,Sheikh Hasina government's success: ২০০৬ সালে সরকারি ওয়েবসাইট ছিল মাত্র ৯৮টি। ২০২৩ সালে তা বেড়ে দাঁড়িয়েছে ৫২ হাজার ২০০টি।,CodeMix,Sheikh Hasina government's success: ২০০৬ সালে সরকারি ওয়েবসাইট ছিল মাত্র ৯৮টি। ২০২৩ সালে তা বেড়ে দাঁড়িয়েছে ৫২ হাজার ২০০টি।,False,False
promo,Greetings to all on the great Victory Day. Dilip Kumar Agarwala,English,Greetings to all on the great Victory Day. Dilip Kumar Agarwala,False,False
promo,পূর্বাচল 30নং sector সংলগ্ন ভরাট চলমান plot! কাঠা 1.6 lakh 01894841736,CodeMix,পূর্বাচল 30নং sector সংলগ্ন ভরাট চলমান plot! কাঠা 1.6 lakh [PHONE],False,True
promo,"Fresh Valley dairy products! Pure milk, butter, cheese home delivery. Order: 01711334455 for freshness!",English,"Fresh Valley dairy products! Pure milk, butter, cheese home delivery. Order: [PHONE] for freshness!",False,True
promo,Janata Bank loan special! Up to 12 lakh at 9% interest. Apply now!,English,Janata Bank loan special! Up to 12 lakh at 9% interest. Apply now!,False,False
promo,Ecstasy anniversary sale! All bags up to 40% discount. Today only!,English,Ecstasy anniversary sale! All bags up to 40% discount. Today only!,False,False
promo,"ডাবলসেঞ্চুরি ক্যাশব্যাক ৳২০০!৬১জিবি+১০০০মি@ ৳৬৯৯, ৩০দিন cutt.ly/FwQhpKHc",Bengali,"ডাবলসেঞ্চুরি ক্যাশব্যাক ৳২০০!৬১জিবি+১০০০মি@ ৳৬৯৯, ৩০দিন cutt.ly/FwQhpKHc",False,False
promo,"TK419 এ TK499 এর offer! নাও 35GB+500min, 30days: cutt.ly/4w77ohWY",CodeMix,"TK419 এ TK499 এর offer! নাও 35GB+500min, 30days: cutt.ly/4w77ohWY",False,False
promo,Bangladesh Navy-তে officer cadet পদে নিয়োগ চলছে । visit করুন: www.joinnavy.navy.mil.bd,CodeMix,Bangladesh Navy-তে officer cadet পদে নিয়োগ চলছে । visit করুন: [URL],True,False
promo,10% discount on all cosmetics. This offer is for a limited time.,English,10% discount on all cosmetics. This offer is for a limited time.,False,False
promo,Notun customer der jonno special discount. Ajii register korun.,Banglish,Notun customer der jonno special discount. Ajii register korun.,False,False
promo,"Daraz Fashion Sale: T-shirt, jeans, shoes up to 70% discount. Free delivery for orders above 1000TK. Shop now before stock runs out.",Banglish,"Daraz Fashion Sale: T-shirt, jeans, shoes up to 70% discount. Free delivery for orders above 1000TK. Shop now before stock runs out.",False,False
promo,আজ Dhanmondi branch-এর শুভ opening-এ flat৫০%discount! ০১৮৯৬০০১৯২৯ cutt.ly/fmw,CodeMix,আজ Dhanmondi branch-এর শুভ opening-এ flat৫০%discount! [PHONE] cutt.ly/fmw,False,True
promo,Nagad app এর মাধ্যমে payment করলে cashback ১৫%। Use code: NAGAD15,CodeMix,Nagad app এর মাধ্যমে payment করলে cashback ১৫%। Use code: NAGAD15,False,False
promo,"Mega cashback ২৫০৳! নাও-৬০GB+১৬০০min.@৭৪৯৳, ৩০দিন: cutt.ly/yeqcP3pE",CodeMix,"Mega cashback ২৫০৳! নাও-৬০GB+১৬০০min.@৭৪৯৳, ৩০দিন: cutt.ly/yeqcP3pE",False,False
promo,Robi travel data pack: 20GB roaming internet only 999TK. Dial *123*999# before traveling abroad.,Banglish,Robi travel data pack: 20GB roaming internet only 999TK. Dial *123*999# before traveling abroad.,False,False
promo,Toyota Corolla special discount! Save 300000 TK on new purchase. Book test drive: 09639200200,English,Toyota Corolla special discount! Save 300 TK on new purchase. Book test drive: [PHONE],False,True
promo,বড়দিনের শুভেচ্ছা। থাকছে ২৫% ছাড় ৩১ ডিসেম্বর পর্যন্ত । ০১৭১৩১৯৯২৭০,Bengali,বড়দিনের শুভেচ্ছা। থাকছে ২৫% ছাড় ৩১ ডিসেম্বর পর্যন্ত । [PHONE],False,True
promo,৩০GB (bonus সহ) ৩০০TK ৩০days। Dial *১২১*৫২৫৪# বা mygp.li/mo,CodeMix,৩০GB (bonus সহ) ৩০০TK ৩০days। Dial *১২১*৫২৫৪# বা mygp.li/mo,False,False
promo,"Direct recruitment for commissioned officer positions in Bangladesh Navy is ongoing.
Visit: www.joinnavy.navy.mil.bd",English,Direct recruitment for commissioned officer positions in Bangladesh Navy is ongoing. Visit: [URL],True,False
promo,কুল সব আপডেট মিস না করতে এখনই জয়েন স্কিটো টেলিগ্রাম: cutt.ly/NwJt7qvx,Bengali,কুল সব আপডেট মিস না করতে এখনই জয়েন স্কিটো টেলিগ্রাম: cutt.ly/NwJt7qvx,False,False
promo,"Shwapno grocery mega offer: Weekly shopping e buy 1 get 1 free on fruits and vegetables. Offer across Dhaka outlets. Limited stock, hurry!",Banglish,"Shwapno grocery mega offer: Weekly shopping e buy 1 get 1 free on fruits and vegetables. Offer across Dhaka outlets. Limited stock, hurry!",False,False
promo,Banglalink Data Pack: 25GB internet + 200 mins calls only 199TK. Dial *222*199# to activate now.,Banglish,Banglalink Data Pack: 25GB internet + 200 mins calls only 199TK. Dial *222*199# to activate now.,False,False
promo,"30GB @TK 300, 30 days! Go full-on interneting now: cutt.ly/jwkuSC76",English,"30GB @TK 300, 30 days! Go full-on interneting now: cutt.ly/jwkuSC76",False,False
promo,Fitness equipment-এ ১৫% discount! Order now।,CodeMix,Fitness equipment-এ ১৫% discount! Order now।,False,False
promo,"Tomar jonno special gift, 60poysa/minute callrate, nao: cutt.ly/qwnfrXbV",Banglish,"Tomar jonno special gift, 60poysa/minute callrate, nao: cutt.ly/qwnfrXbV",False,False
promo,"হটশট ক্যাশব্যাক ৳২০! হটস্পট ডিলে ২২জিবি@৳১৭৭, ৭দিন: cutt.ly/pw746B4G",Bengali,"হটশট ক্যাশব্যাক ৳২০! হটস্পট ডিলে ২২জিবি@৳১৭৭, ৭দিন: cutt.ly/pw746B4G",False,False
promo,"Daraz Mega Sale: Fashion, electronics, and lifestyle products up to 75% discount. Flash sale shuru prottek din 12PM e. Free delivery on orders above 1500TK.",Banglish,"Daraz Mega Sale: Fashion, electronics, and lifestyle products up to 75% discount. Flash sale shuru prottek din 12PM e. Free delivery on orders above 1500TK.",False,False
promo,"[Pathao] Delivery charge এখন ৳৩০! 
Pathao Food-এর delivery charge এখন ৳৩০ ফিরে এসেছে।
এখনই order করুন Pathao Food-এ: https://cutt.ly/QNMk4Eg",CodeMix,[Pathao] Delivery charge এখন ৳৩০! Pathao Food-এর delivery charge এখন ৳৩০ ফিরে এসেছে। এখনই order করুন Pathao Food-এ: [URL],True,False
promo,Bonus সহ ১GB-৩০TK-৩দিন। Dial *১২১*৫২১৫# বা https://mygp.li/mo,CodeMix,Bonus সহ ১GB-৩০TK-৩দিন। Dial *১২১*৫২১৫# বা [URL],True,False
promo,GP recharge করুন আজকে এবং extra ২০% bonus পান। Hurry up!,CodeMix,GP recharge করুন আজকে এবং extra ২০% bonus পান। Hurry up!,False,False
promo,"April-২৪
Recharge:0৳
Cost:
Data:19৳
Voice:66৳
Others:0৳",CodeMix,April-২৪ Recharge:0৳ Cost: Data:19৳ Voice:66৳ Others:0৳,False,False
promo,"৪৫TK cashback! ৩১GB+৫০০min.@৪৫৪TK ৩০days, নিয়ে নাও: cutt.ly/qwWTAUku",CodeMix,"৪৫TK cashback! ৩১GB+৫০০min.@৪৫৪TK ৩০days, নিয়ে নাও: cutt.ly/qwWTAUku",False,False
promo,Airtel 5G network launch offer! 50GB high-speed data for 7 days only 99 TK. Don't miss!,English,Airtel 5G network launch offer! 50GB high-speed data for 7 days only 99 TK. Don't miss!,False,False
promo,New Year উপলক্ষে Daraz এ huge sale! Get up to 85% off on electronics and fashion। এখনই shop করুন!,CodeMix,New Year উপলক্ষে Daraz এ huge sale! Get up to 85% off on electronics and fashion। এখনই shop করুন!,False,False
promo,"40TK cashback! 31GB+450min.@459TK 30din, niye nao: cutt.ly/0wO6Jggn",Banglish,"40TK cashback! 31GB+450min.@459TK 30din, niye nao: cutt.ly/0wO6Jggn",False,False
promo,"Double century cashback TK২০০!৬১GB+১০০০মি@TK৬৯৯,৩০দিন cutt.ly/FwQhpKHc",CodeMix,"Double century cashback TK২০০!৬১GB+১০০০মি@TK৬৯৯,৩০দিন cutt.ly/FwQhpKHc",False,False
promo,"২৬ January ২০২৪ International Customs Day theme: ""মিলে নবীন-পুরনো অংশীজন/Customs will achieve targets""। NBR",CodeMix,"২৬ January ২০২৪ International Customs Day theme: ""মিলে নবীন-পুরনো অংশীজন/Customs will achieve targets""। NBR",False,False
promo,"TK30 cashback-e ebar aro beshi data 50GB@TK468, 30din cutt.ly/QwE5OlXt",Banglish,"TK30 cashback-e ebar aro beshi data 50GB@TK468, 30din cutt.ly/QwE5OlXt",False,False
promo,Kay Kraft winter sale! All shoes up to 25% discount. This weekend only!,English,Kay Kraft winter sale! All shoes up to 25% discount. This weekend only!,False,False
promo,Star Cineplex buy 1 ticket get 1 free! Hollywood blockbuster movies.,Banglish,Star Cineplex buy 1 ticket get 1 free! Hollywood blockbuster movies.,False,False
promo,নতুন ফ্যাশন কালেকশনে ২০% ডিসকাউন্ট। আজই আসুন!,Bengali,নতুন ফ্যাশন কালেকশনে ২০% ডিসকাউন্ট। আজই আসুন!,False,False
promo,"Last day today! 5GB+150minutes 130 taka (30 days), dial *121*5205# or https://mygp.li/a0",English,"Last day today! 5GB+150minutes 130 taka (30 days), dial *121*5205# or [URL]",True,False
promo,GP recharge করুন আজকে এবং extra ২৫% bonus পান। Hurry up!,CodeMix,GP recharge করুন আজকে এবং extra ২৫% bonus পান। Hurry up!,False,False
promo,chaldal.com এ গ্রোসারি শপিং করুন। প্রথম অর্ডারে ১৫% ছাড় + ফ্রি ডেলিভারি।,Bengali,[URL] এ গ্রোসারি শপিং করুন। প্রথম অর্ডারে ১৫% ছাড় + ফ্রি ডেলিভারি।,True,False
promo,Big discount! 30% off on winter clothes. Visit our store today!,English,Big discount! 30% off on winter clothes. Visit our store today!,False,False
promo,"Best offer with TK 200 cashback: 61GB+1000min@TK 699, 30 days: cutt.ly/FwQhpKHc",English,"Best offer with TK 200 cashback: 61GB+1000min@TK 699, 30 days: cutt.ly/FwQhpKHc",False,False
promo,Rupali Bank home loan festival! Property financing up to 1 crore at 8% interest. Own your home!,English,Rupali Bank home loan festival! Property financing up to 1 crore at 8% interest. Own your home!,False,False
promo,২০০৳ সেইই ক্যাশব্যাক! নাও ৬০জিবি+১০০০মিনিট@৬৯৯৳ ৩০দিন: cutt.ly/aAhiAsI,Bengali,২০০৳ সেইই ক্যাশব্যাক! নাও ৬০জিবি+১০০০মিনিট@৬৯৯৳ ৩০দিন: cutt.ly/aAhiAsI,False,False
promo,Chaldal app e delivery free ajker din e order korle. Shop smart!,Banglish,Chaldal app e delivery free ajker din e order korle. Shop smart!,False,False
promo,Recruitment is ongoing for Officer Cadet positions in Bangladesh Navy. Visit: www.joinnavy.navy.mil.bd,English,Recruitment is ongoing for Officer Cadet positions in Bangladesh Navy. Visit: [URL],True,False
promo,"Robi ৫০০ TK recharge করুন এবং ১০০ TK extra bonus পান। Offer valid until ১০ Sep 2025, hurry up, first ৫০০ users only!",CodeMix,"Robi ৫০০ TK recharge করুন এবং ১০০ TK extra bonus পান। Offer valid until ১০ Sep 2025, hurry up, first ৫০০ users only!",False,False
promo,বাংলালিংক স্পেশাল: ২৪ ঘন্টা ইন্টারনেট মাত্র ৯ টাকা। *৫০০০# ডায়াল করুন।,Bengali,বাংলালিংক স্পেশাল: ২৪ ঘন্টা ইন্টারনেট মাত্র ৯ টাকা। *৫০০০# ডায়াল করুন।,False,False
promo,"৳৩৫ ক্যাশব্যাকে এবার আরো বেশি ডাটা ৫০জিবি@৳৪৬৩,৩০দিন cutt.ly/HwOETkke",Bengali,"৳৩৫ ক্যাশব্যাকে এবার আরো বেশি ডাটা ৫০জিবি@৳৪৬৩,৩০দিন cutt.ly/HwOETkke",False,False
promo,Bkash er maddhome recharge korle 5% cashback upto 50TK. Limited time offer!,Banglish,Bkash er maddhome recharge korle 5% cashback upto 50TK. Limited time offer!,False,False
promo,"20GB @309TK 30din,mon moto baniye nao Data Mixer e- cutt.ly/HwFKsbAy",Banglish,"20GB @309TK 30din,mon moto baniye nao Data Mixer e- cutt.ly/HwFKsbAy",False,False
promo,Islami Bank personal loan launched! minimal documents at only 7394 TK. Visit branch!,English,Islami Bank personal loan launched! minimal documents at only 7394 TK. Visit branch!,False,False
promo,Shohoz Food অর্ডার করুন আর কোড: YUMMY25 ব্যবহার করে ২৫% ছাড় পান। সর্বোচ্চ ছাড় ২০০ টাকা পর্যন্ত। আজই বন্ধুদের সাথে আড্ডার জন্য অর্ডার দিন।,Bengali,Shohoz Food অর্ডার করুন আর কোড: YUMMY25 ব্যবহার করে ২৫% ছাড় পান। সর্বোচ্চ ছাড় ২০০ টাকা পর্যন্ত। আজই বন্ধুদের সাথে আড্ডার জন্য অর্ডার দিন।,False,False
promo,"Pro-level internet এ pocket saving- 3GB@TK98,7 দিন cutt.ly/9wEyjoLc",CodeMix,"Pro-level internet এ pocket saving- 3GB@TK98,7 দিন cutt.ly/9wEyjoLc",False,False
promo,"Banglalink গ্রাহকগণ, ২০০ টাকার রিচার্জে পাচ্ছেন ১০০ টাকার বোনাস। অফার সীমিত সময়ের জন্য প্রযোজ্য। এখনই নিকটস্থ দোকানে যান।",Bengali,"Banglalink গ্রাহকগণ, ২০০ টাকার রিচার্জে পাচ্ছেন ১০০ টাকার বোনাস। অফার সীমিত সময়ের জন্য প্রযোজ্য। এখনই নিকটস্থ দোকানে যান।",False,False
promo,"TK35 cashback e ebar aro beshi data 50GB@TK463, 30din cutt.ly/HwOETkke",Banglish,"TK35 cashback e ebar aro beshi data 50GB@TK463, 30din cutt.ly/HwOETkke",False,False
promo,"Hatil furniture mega sale! Bedroom, dining, living room sets 40% discount. EMI facility available!",English,"Hatil furniture mega sale! Bedroom, dining, living room sets 40% discount. EMI facility available!",False,False
promo,City Group clothing special offer! 30% off + gift. Order online!,English,City Group clothing special offer! 30% off + gift. Order online!,False,False
promo,"Kazi Food Industries job fair! 500+ vacancies in production, admin, sales. Apply now: 01711887766!",English,"Kazi Food Industries job fair! 500+ vacancies in production, admin, sales. Apply now: [PHONE] !",False,True
promo,"Best offer with TK200 cashback 61GB+1000min@TK699, 30 days: cutt.ly/OwG5T3ub",English,"Best offer with TK200 cashback 61GB+1000min@TK699, 30 days: cutt.ly/OwG5T3ub",False,False
promo,Fresh supermarket organic food festival! All organic products 25% discount. Healthy living starts here!,English,Fresh supermarket organic food festival! All organic products 25% discount. Healthy living starts here!,False,False
promo,Star Kabab special combo meals starting 150TK. Dine-in and takeaway!,English,Star Kabab special combo meals starting 150TK. Dine-in and takeaway!,False,False
promo,"17i May, 2024 Bishho Telijogazog o Totho Shongho Dibosh (WTISD) upolokkhye online rochona protijogita ayojan kora hoyeche. Ongshho grohan korte click korun: https://bit.ly/wtisd24",Banglish,"17i May, 2024 Bishho Telijogazog o Totho Shongho Dibosh (WTISD) upolokkhye online rochona protijogita ayojan kora hoyeche. Ongshho grohan korte click korun: [URL]",True,False
promo,Pickaboo Flash Sale: Samsung Galaxy Buds 25% off. Free EMI. Order now before stock ends.,Banglish,Pickaboo Flash Sale: Samsung Galaxy Buds 25% off. Free EMI. Order now before stock ends.,False,False
promo,"200Tk cashback shesh din! 61GB+1000min@699Tk,30din: cutt.ly/OwG5T3ub",Banglish,"200Tk cashback shesh din! 61GB+1000min@699Tk,30din: cutt.ly/OwG5T3ub",False,False
promo,"Daraz Mega Fest! Shop electronics, fashion, and kitchen items up to 75% discount. Free delivery on orders above 1000TK. Flash deals prottek 2 ghontay. Visit daraz.com.bd and grab the deal now.",Banglish,"Daraz Mega Fest! Shop electronics, fashion, and kitchen items up to 75% discount. Free delivery on orders above 1000TK. Flash deals prottek 2 ghontay. Visit [URL] and grab the deal now.",True,False
promo,বড় ডিসকাউন্ট! শীতের পোশাকে ৩০% ছাড়। আজই ভিজিট করুন আমাদের স্টোরে!,Bengali,বড় ডিসকাউন্ট! শীতের পোশাকে ৩০% ছাড়। আজই ভিজিট করুন আমাদের স্টোরে!,False,False
promo,"Sheikh Hasina সরকারের success: 
২০০৬ সালে social security খাতে allocation ছিল মাত্র ২ হাজার ৫০৫ কোটি টাকা। ২০২৩ সালে বেড়ে দাঁড়িয়েছে ১ lakh ২৬ হাজার ২৭২ কোটি টাকা।",CodeMix,Sheikh Hasina সরকারের success: ২০০৬ সালে social security খাতে allocation ছিল মাত্র ২ হাজার ৫০৫ কোটি টাকা। ২০২৩ সালে বেড়ে দাঁড়িয়েছে ১ lakh ২৬ হাজার ২৭২ কোটি টাকা।,False,False
promo,"20GB @309৳ 30দিন,মন মতো বানিয়ে নাও Data Mixer-এ- cutt.ly/HwFKsbAy",CodeMix,"20GB @309৳ 30দিন,মন মতো বানিয়ে নাও Data Mixer-এ- cutt.ly/HwFKsbAy",False,False
promo,বাংলাদেশ বিমান বাহিনীতে ৮৯ বাফা কোর্সে অফিসার ক্যাডেট নিয়োগ চলছে। বিস্তারিতঃ https://joinairforce.baf.mil.bd,Bengali,বাংলাদেশ বিমান বাহিনীতে ৮৯ বাফা কোর্সে অফিসার ক্যাডেট নিয়োগ চলছে। বিস্তারিতঃ [URL],True,False
promo,কসমেটিকসে বাম্পার অফার! স্কিনকেয়ার প্রোডাক্টে ৪০% ছাড়।,Bengali,কসমেটিকসে বাম্পার অফার! স্কিনকেয়ার প্রোডাক্টে ৪০% ছাড়।,False,False
promo,Today only! 100TK cashback. 50GB @398TK for 30 days: cutt.ly/hwltB5hC,English,Today only! 100TK cashback. 50GB @398TK for 30 days: cutt.ly/hwltB5hC,False,False
promo,Banglalink Student Pack: 6GB data + 200 mins only 149TK. Dial *222*149# to activate.,Banglish,Banglalink Student Pack: 6GB data + 200 mins only 149TK. Dial *222*149# to activate.,False,False
promo,488.23MB অবশিষ্ট। Enjoy করুন PayGo (6.6625Tk পর্যন্ত 5MB এর জন্য)| Balance জানতে চাইলে *121*1*4#| Specific pack-এ 10% internet bonus পেতে visit করুন mygp.li/bonus,CodeMix,488.23MB অবশিষ্ট। Enjoy করুন PayGo (6.6625Tk পর্যন্ত 5MB এর জন্য)| Balance জানতে চাইলে *121*1*4#| Specific pack-এ 10% internet bonus পেতে visit করুন mygp.li/bonus,False,False
promo,"Nagad app recharge ২০০ TK এবং ২৫ TK extra credit পান। Limited offer, recharge today to secure bonus",CodeMix,"Nagad app recharge ২০০ TK এবং ২৫ TK extra credit পান। Limited offer, recharge today to secure bonus",False,False
promo,"৳৩৯৯ তে ৳৪৯৯ এর অফার! নাও ৩১জিবি+৪৫০মি., ৩০দিন: cutt.ly/2wQlYv6U",Bengali,"৳৩৯৯ তে ৳৪৯৯ এর অফার! নাও ৩১জিবি+৪৫০মি., ৩০দিন: cutt.ly/2wQlYv6U",False,False
promo,"Adda+Internet এ নতুন deal 12GB+300min@297TK,30 দিন cutt.ly/Nw0efEst",CodeMix,"Adda+Internet এ নতুন deal 12GB+300min@297TK,30 দিন cutt.ly/Nw0efEst",False,False
promo,বসুন্ধরা সিটিতে গ্র্যান্ড সেল! সব ব্র্যান্ডে ৫০% পর্যন্ত ছাড়।,Bengali,বসুন্ধরা সিটিতে গ্র্যান্ড সেল! সব ব্র্যান্ডে ৫০% পর্যন্ত ছাড়।,False,False
promo,"200TK cashback!60GB+1000minute @699TK 30din,niye nao- cutt.ly/aAhiAsI",Banglish,"200TK cashback!60GB+1000minute @699TK 30din,niye nao- cutt.ly/aAhiAsI",False,False
promo,Pathao App থেকে রাইড বুক করলে আজ ২৫% ডিসকাউন্ট। কোড PATHAO25 ব্যবহার করুন। বৈধ শুধুমাত্র আজকের জন্য।,Bengali,Pathao App থেকে রাইড বুক করলে আজ ২৫% ডিসকাউন্ট। কোড PATHAO25 ব্যবহার করুন। বৈধ শুধুমাত্র আজকের জন্য।,False,False
promo,"ফাগুনের গুনগুন ডিল নাও- ১৩জিবি@১১৩৳, ৩দিন: cutt.ly/0wVxZ5vA",Bengali,"ফাগুনের গুনগুন ডিল নাও- ১৩জিবি@১১৩৳, ৩দিন: cutt.ly/0wVxZ5vA",False,False
promo,Fresh fish market Ramadan special! All sea fish 20% discount. Best quality guaranteed daily!,English,Fresh fish market Ramadan special! All sea fish 20% discount. Best quality guaranteed daily!,False,False
promo,GP Binge pack: Unlimited streaming internet 60GB only 499TK. Validity 15 days. Activate with *121*499# now.,Banglish,GP Binge pack: Unlimited streaming internet 60GB only 499TK. Validity 15 days. Activate with *121*499# now.,False,False
promo,"25% cashback on online shopping! Code: SHOP25. Don't delay, shop now.",English,"25% cashback on online shopping! Code: SHOP25. Don't delay, shop now.",False,False
promo,"Grameenphone FlexiPlan ব্যবহারকারীদের জন্য সুপার অফার: আজ সব বান্ডেল প্যাকে ২৫% ছাড়। মিনিট, এসএমএস আর ডেটা নিজের মত তৈরি করুন। এখনই অ্যাপ চালু করুন।",Bengali,"Grameenphone FlexiPlan ব্যবহারকারীদের জন্য সুপার অফার: আজ সব বান্ডেল প্যাকে ২৫% ছাড়। মিনিট, এসএমএস আর ডেটা নিজের মত তৈরি করুন। এখনই অ্যাপ চালু করুন।",False,False
promo,Meena Bazar super saver: Shop fresh vegetables and fruits worth 1000TK and get flat 200TK discount. Use code MB200. Offer valid across Dhaka branches.,Banglish,Meena Bazar super saver: Shop fresh vegetables and fruits worth 1000TK and get flat 200TK discount. Use code MB200. Offer valid across Dhaka branches.,False,False
promo,Thalassemia rog theke bachte biyer age rokto poriksha koriye nin. Rogi o bahok kingba bahoke bahoke biye noy - Bangladesh Thalassemia Somiti.,Banglish,Thalassemia rog theke bachte biyer age rokto poriksha koriye nin. Rogi o bahok kingba bahoke bahoke biye noy - Bangladesh Thalassemia Somiti.,False,False
promo,"45 TK cashback! 46GB @ 453TK, 30din, nie nao ekhoni: cutt.ly/4wQzxdl1",Banglish,"45 TK cashback! 46GB @ 453TK, 30din, nie nao ekhoni: cutt.ly/4wQzxdl1",False,False
promo,নতুন fashion collection-এ ২০% discount। আজই আসুন!,CodeMix,নতুন fashion collection-এ ২০% discount। আজই আসুন!,False,False
promo,বোনাস সহ ২জিবি-৪৫টাকা-৩দিন। ডায়াল *১২১*৫৫৩৪# বা mygp.li/my,Bengali,বোনাস সহ ২জিবি-৪৫টাকা-৩দিন। ডায়াল *১২১*৫৫৩৪# বা mygp.li/my,False,False
promo,"Lotto League Cup-এ
cash payment-এ BMW জেতার opportunity
Bkash-এ ১০% cashback
Shop",CodeMix,Lotto League Cup-এ cash payment-এ BMW জেতার opportunity Bkash-এ ১০% cashback Shop,False,False
promo,"মোবাইল রিচার্জে বোনাস! যত রিচার্জ তত বোনাস, সর্বোচ্চ ৫০০ টাকা।",Bengali,"মোবাইল রিচার্জে বোনাস! যত রিচার্জ তত বোনাস, সর্বোচ্চ ৫০০ টাকা।",False,False
promo,"27minute মাত্র 19টাকা, validity 5দিন; নিতে dial করুন *121*5080#",CodeMix,"27minute মাত্র 19টাকা, validity 5দিন; নিতে dial করুন *121*5080#",False,False
promo,"মানবাধিকার দিবস-২০২৩
এবারের প্রতিপাদ্য “সবার জন্য স্বাধীনতা, সমতা এবং ন্যায়বিচার”। জাতীয় মানবাধিকার কমিশন।",Bengali,"মানবাধিকার দিবস-২০২৩ এবারের প্রতিপাদ্য “সবার জন্য স্বাধীনতা, সমতা এবং ন্যায়বিচার”। জাতীয় মানবাধিকার কমিশন।",False,False
promo,Bkash app-এ 2 June থেকে 'My Challenge' icon দেখতে না পেলেও Bkash-এর offer enjoy করে cashback পাবেন। Bkash app-এর সাথেই থাকুন।,CodeMix,Bkash app-এ 2 June থেকে 'My Challenge' icon দেখতে না পেলেও Bkash-এর offer enjoy করে cashback পাবেন। Bkash app-এর সাথেই থাকুন।,False,False
promo,"30GB @ 300 TK, 30 days! Full-on internet experience – grab it now: cutt.ly/jwkuSC76",CodeMix,"30GB @ 300 TK, 30 days! Full-on internet experience – grab it now: cutt.ly/jwkuSC76",False,False
promo,এক্সক্লুসিভ সেল! ল্যাপটপ ও কম্পিউটারে ১৮০০০ টাকা পর্যন্ত ছাড়।,Bengali,এক্সক্লুসিভ সেল! ল্যাপটপ ও কম্পিউটারে ১৮০০০ টাকা পর্যন্ত ছাড়।,False,False
promo,Notun grahok der jonno special offer! Amader service e 30% discount.,Banglish,Notun grahok der jonno special offer! Amader service e 30% discount.,False,False
promo,Banglalink music lovers pack: Sudhu 99TK e enjoy unlimited Bangla gaan streaming for 30 days + free caller tune. Activate korte dial *222*99# or BL app use korun. Ei chance miss korben na.,Banglish,Banglalink music lovers pack: Sudhu 99TK e enjoy unlimited Bangla gaan streaming for 30 days + free caller tune. Activate korte dial *222*99# or BL app use korun. Ei chance miss korben na.,False,False
promo,New lifestyle product-এ ২৫% off! Stock শেষ হওয়ার আগে grab করুন।,CodeMix,New lifestyle product-এ ২৫% off! Stock শেষ হওয়ার আগে grab করুন।,False,False
promo,"নির্বাচনি আচরণবিধি মেনে চলুন, 
সুষ্ঠু ও অবাধ নির্বাচনে সহায়তা করুন
- বাংলাদেশ নির্বাচন কমিশন",Bengali,"নির্বাচনি আচরণবিধি মেনে চলুন, সুষ্ঠু ও অবাধ নির্বাচনে সহায়তা করুন - বাংলাদেশ নির্বাচন কমিশন",False,False
promo,"Robi ১০০ TK recharge করলে ২০ TK bonus পান। Offer limited to first ১০০০ users, hurry up!",CodeMix,"Robi ১০০ TK recharge করলে ২০ TK bonus পান। Offer limited to first ১০০০ users, hurry up!",False,False
promo,"আজ ব্যাংক থেকে বিকাশ-এ ৫০০ টাকা আনলেই ১০ টাকা ক্যাশব্যাক, ১ বার! TCA",Bengali,"আজ ব্যাংক থেকে বিকাশ-এ ৫০০ টাকা আনলেই ১০ টাকা ক্যাশব্যাক, ১ বার! TCA",False,False
promo,DBBL online banking ব্যবহার করে bill pay করুন এবং exclusive reward points পান। Register করুন এখনই and enjoy benefits।,CodeMix,DBBL online banking ব্যবহার করে bill pay করুন এবং exclusive reward points পান। Register করুন এখনই and enjoy benefits।,False,False
promo,"Ongoing landfilling plot adjacent to Sector 30, Purbachal! 1.6 lakh per katha
01894841736",English,"Ongoing landfilling plot adjacent to Sector 30, Purbachal! 1.6 lakh per katha [PHONE]",False,True
promo,"Banglalink YouTube Pack: 20GB internet sudhu 249TK, validity 30 days. Dial *222*249# and enjoy unlimited streaming.",Banglish,"Banglalink YouTube Pack: 20GB internet sudhu 249TK, validity 30 days. Dial *222*249# and enjoy unlimited streaming.",False,False
promo,"৪০৳ cashback! ৩১জিবি+৪৫০মি.@৪৫৯৳ ৩০দিন, নিয়ে নাও: cutt.ly/0wO6Jggn",CodeMix,"৪০৳ cashback! ৩১জিবি+৪৫০মি.@৪৫৯৳ ৩০দিন, নিয়ে নাও: cutt.ly/0wO6Jggn",False,False
promo,Cashback পাও upto 99tk! skitto app থেকে chill deal-এ- cutt.ly/aAhiAsI,CodeMix,Cashback পাও upto 99tk! skitto app থেকে chill deal-এ- cutt.ly/aAhiAsI,False,False
promo,"৫০৳ চিল ক্যাশব্যাকে ৩১জিবি+৪৫০মি.@৪৪৯৳ ৩০দিন, নাও: cutt.ly/KwMwLOgt",Bengali,"৫০৳ চিল ক্যাশব্যাকে ৩১জিবি+৪৫০মি.@৪৪৯৳ ৩০দিন, নাও: cutt.ly/KwMwLOgt",False,False
promo,বোনাস সহ ৮জিবি-১২০টাকা-৩০দিন। নিতে ডায়াল *১২১*৫০৭২# বা https://mygp.li/mo,Bengali,বোনাস সহ ৮জিবি-১২০টাকা-৩০দিন। নিতে ডায়াল *১২১*৫০৭২# বা [URL],True,False
promo,ACI spring collection! furniture starting 6729 TK. Visit today!,English,ACI spring collection! furniture starting 6729 TK. Visit today!,False,False
promo,Meena Click Online: Grocery order 1000TK+ get free 1L oil. Offer valid till stocks last.,Banglish,Meena Click Online: Grocery order 1000TK+ get free 1L oil. Offer valid till stocks last.,False,False
promo,City Bank SME business loan! Small business financing up to 2 crore at competitive rates!,English,City Bank SME business loan! Small business financing up to 2 crore at competitive rates!,False,False
promo,Flat 10% discount shara store e. Code: FLAT10. Shudhumatro online e.,Banglish,Flat 10% discount shara store e. Code: FLAT10. Shudhumatro online e.,False,False
promo,"45Tk cashback! 31GB+500min.@454Tk 30din, nie nao: cutt.ly/qwWTAUku",Banglish,"45Tk cashback! 31GB+500min.@454Tk 30din, nie nao: cutt.ly/qwWTAUku",False,False
promo,"Last day for 200TK cashback! 61GB+1000min@699TK,30days: cutt.ly/OwG5T3ub",English,"Last day for 200TK cashback! 61GB+1000min@699TK,30days: cutt.ly/OwG5T3ub",False,False
promo,"“Mugda, Sabujbagh, Shahjahanpur, Khilgaon, Rampura, Motijheel, Paltan, Badda, Hatirjheel থানার e-passport service আগামী ০৭ May ২০২৩ থেকে regional passport office, Dhaka East (Aftabnagar) থেকে দেওয়া হবে""।",CodeMix,"“Mugda, Sabujbagh, Shahjahanpur, Khilgaon, Rampura, Motijheel, Paltan, Badda, Hatirjheel থানার e-passport service আগামী ০৭ May ২০২৩ থেকে regional passport office, Dhaka East (Aftabnagar) থেকে দেওয়া হবে""।",False,False
promo,New summer collection: ২০% discount on all items। Online shop করুন এবং free delivery পান,CodeMix,New summer collection: ২০% discount on all items। Online shop করুন এবং free delivery পান,False,False
promo,Flat 15% discount on all shopping. Code: DISCOUNT15.,English,Flat 15% discount on all shopping. Code: DISCOUNT15.,False,False
promo,"শেখ হাসিনা সরকারের সাফল্য: 
২০০৬ সালে সামাজিক নিরাপত্তা খাতে বরাদ্দ ছিল মাত্র ২ হাজার ৫০৫ কোটি টাকা। ২০২৩ সালে বেড়ে দাঁড়িয়েছে ১ লক্ষ ২৬ হাজার ২৭২ কোটি টাকা।",Bengali,শেখ হাসিনা সরকারের সাফল্য: ২০০৬ সালে সামাজিক নিরাপত্তা খাতে বরাদ্দ ছিল মাত্র ২ হাজার ৫০৫ কোটি টাকা। ২০২৩ সালে বেড়ে দাঁড়িয়েছে ১ লক্ষ ২৬ হাজার ২৭২ কোটি টাকা।,False,False
promo,"Apex Tannery leather goods exhibition! Shoes, bags, wallets up to 45% discount. Dhaka Trade Center!",English,"Apex Tannery leather goods exhibition! Shoes, bags, wallets up to 45% discount. Dhaka Trade Center!",False,False
promo,Pathao Food: Order now and get 40% discount with free delivery!,English,Pathao Food: Order now and get 40% discount with free delivery!,False,False
promo,"Manabadhikar dibosh-2023
Ebarer protipadyo 'Shobar jonno shadhinota, shomota ebong nyaybichar'. Jatiyo manabadhikar komishon.",Banglish,"Manabadhikar dibosh-2023 Ebarer protipadyo 'Shobar jonno shadhinota, shomota ebong nyaybichar'. Jatiyo manabadhikar komishon.",False,False
promo,"৮জিবি(বোনাসসহ) ১২৩টাকা ১৫দিন।ডায়াল *১২১*৫৫৪৮#, mygp.li/mo",Bengali,"৮জিবি(বোনাসসহ) ১২৩টাকা ১৫দিন।ডায়াল *১২১*৫৫৪৮#, mygp.li/mo",False,False
promo,Up to TK30 cashback on skitto deals in bKash app cutt.ly/8HBaVWF,English,Up to TK30 cashback on skitto deals in bKash app cutt.ly/8HBaVWF,False,False
promo,"Internetting-য়ে pocket saving, নাও ১০জিবি@৳১৫৮, ৭দিন: cutt.ly/FwUC6vh",CodeMix,"Internetting-য়ে pocket saving, নাও ১০জিবি@৳১৫৮, ৭দিন: cutt.ly/FwUC6vh",False,False
promo,System এর quality improvement এর জন্য 11 May রাত 11:59 থেকে 12 May সকাল 8টা পর্যন্ত Flexiload এর মাধ্যমে mobile recharge বন্ধ থাকবে। তবে এই time MyGP app বা scratch card দিয়ে recharge করা যাবে।,CodeMix,System এর quality improvement এর জন্য 11 May রাত 11:59 থেকে 12 May সকাল 8টা পর্যন্ত Flexiload এর মাধ্যমে mobile recharge বন্ধ থাকবে। তবে এই time MyGP app বা scratch card দিয়ে recharge করা যাবে।,False,False
promo,GP STAR গ্রাহকরা আজ পাচ্ছেন বিশেষ সুবিধা: ৫০০ টাকার শপিং ভাউচার। ব্যবহার করুন Daraz এ।,Bengali,GP STAR গ্রাহকরা আজ পাচ্ছেন বিশেষ সুবিধা: ৫০০ টাকার শপিং ভাউচার। ব্যবহার করুন Daraz এ।,False,False
promo,"TK30 cashback e pocket saving- 12GB+200mi.@TK169,7din: cutt.ly/Mw59ykAZ",Banglish,"TK30 cashback e pocket saving- 12GB+200mi.@TK169,7din: cutt.ly/Mw59ykAZ",False,False
promo,Robi-তে মাসিক ইন্টারনেট প্যাক ৫০জিবি মাত্র ৪৯৯ টাকা। ডায়াল করুন *123*499#।,Bengali,Robi-তে মাসিক ইন্টারনেট প্যাক ৫০জিবি মাত্র ৪৯৯ টাকা। ডায়াল করুন *123*499#।,False,False
promo,"Sheikh Hasina government's success:
Mobile handset production was 0% in 2008, currently 97% of demand is being met from 15 factories in the country.",English,"Sheikh Hasina government's success: Mobile handset production was 0% in 2008, currently 97% of demand is being met from 15 factories in the country.",False,False
promo,"To get passport and visa related information, call 16445 from the country and 09666716445 from abroad to the passport portal.
Do not transact any money other than government prescribed fees to get passport and visa.",English,"To get passport and visa related information, call 16445 from the country and [PHONE] from abroad to the passport portal. Do not transact any money other than government prescribed fees to get passport and visa.",False,True
promo,"শেখ হাসিনা সরকারের সাফল্য:
বিগত ১৪ বছরে ১৪৪১ কি.মি. বাঁধ নির্মাণের ফলে দেশব্যাপী ৪.৪৩ লক্ষ হেক্টের এলাকায় বন্যা নিয়ন্ত্রণ ও নিষ্কাশন সুবিধার সম্প্রসারণ ঘটেছে।",Bengali,শেখ হাসিনা সরকারের সাফল্য: বিগত ১৪ বছরে ১৪৪১ কি.মি. বাঁধ নির্মাণের ফলে দেশব্যাপী ৪.৪৩ লক্ষ হেক্টের এলাকায় বন্যা নিয়ন্ত্রণ ও নিষ্কাশন সুবিধার সম্প্রসারণ ঘটেছে।,False,False
promo,"TK419 e TK499 er offer! nao 35GB+500min, 30din: cutt.ly/4w77ohWY",Banglish,"TK419 e TK499 er offer! nao 35GB+500min, 30din: cutt.ly/4w77ohWY",False,False
promo,"Summer festival sale: সব clothes, shoes এবং accessories ৩০% discount। Shop online অথবা nearest store visit করুন",CodeMix,"Summer festival sale: সব clothes, shoes এবং accessories ৩০% discount। Shop online অথবা nearest store visit করুন",False,False
promo,"রবির বিপ্লবী নতুন অফার - 'অসীম স্বাধীনতা' প্যাকেজ! মাত্র ৭৯৯ টাকায় পাবেন সম্পূর্ণ ৩০ দিনের জন্য আনলিমিটেড ইন্টারনেট (প্রথম ৩০ জিবি ফুল স্পিড, পরে কমে গেলেও থাকবে), আনলিমিটেড রবি টু রবি কল, অন্যান্য অপারেটরে ৭০০ মিনিট ফ্রি কল এবং ১০০০ SMS। এছাড়াও বোনাস হিসেবে পাবেন বিকাশে ১০০ টাকা ক্যাশব্যাক। এই অফার কেবলমাত্র নতুন গ্রাহকদের জন্য এবং ৩১ অক্টোবর পর্যন্ত বৈধ।",Bengali,"রবির বিপ্লবী নতুন অফার - 'অসীম স্বাধীনতা' প্যাকেজ! মাত্র ৭৯৯ টাকায় পাবেন সম্পূর্ণ ৩০ দিনের জন্য আনলিমিটেড ইন্টারনেট (প্রথম ৩০ জিবি ফুল স্পিড, পরে কমে গেলেও থাকবে), আনলিমিটেড রবি টু রবি কল, অন্যান্য অপারেটরে ৭০০ মিনিট ফ্রি কল এবং ১০০০ SMS। এছাড়াও বোনাস হিসেবে পাবেন বিকাশে ১০০ টাকা ক্যাশব্যাক। এই অফার কেবলমাত্র নতুন গ্রাহকদের জন্য এবং ৩১ অক্টোবর পর্যন্ত বৈধ।",False,False
promo,"'Korbo bima, gorbo desh
Smart hobe Bangladesh.' Bima unnoti o niyontron kortripokkhyo ebong arthik protishtan bibhag ortho montronaloy.",Banglish,"'Korbo bima, gorbo desh Smart hobe Bangladesh.' Bima unnoti o niyontron kortripokkhyo ebong arthik protishtan bibhag ortho montronaloy.",False,False
promo,Meena Bazar mega discount! All grocery items 25% off. Free home delivery above 2000 TK purchase!,English,Meena Bazar mega discount! All grocery items 25% off. Free home delivery above 2000 TK purchase!,False,False
promo,"Robi mega internet saver: Recharge 399TK and get 40GB internet + 300 mins calls, validity 30 days. Dial *123*399# to activate now. Don’t miss this deal.",Banglish,"Robi mega internet saver: Recharge 399TK and get 40GB internet + 300 mins calls, validity 30 days. Dial *123*399# to activate now. Don’t miss this deal.",False,False
promo,"নতুন deal-এ level up interneting 25GB+400min@৳397,30দিন cutt.ly/oeeJSDbP",CodeMix,"নতুন deal-এ level up interneting 25GB+400min@৳397,30দিন cutt.ly/oeeJSDbP",False,False
promo,"২০০৳ cashback!60GB+1000minutes @৬৯৯৳ 30দিন,নিয়ে নাও- cutt.ly/aAhiAsI",CodeMix,"২০০৳ cashback!60GB+1000minutes @৬৯৯৳ 30দিন,নিয়ে নাও- cutt.ly/aAhiAsI",False,False
promo,Purbani Group ready-made garments factory outlet! Designer clothes 40% discount. Fashion at low prices!,English,Purbani Group ready-made garments factory outlet! Designer clothes 40% discount. Fashion at low prices!,False,False
promo,Bonus soho 2GB-45Tk-3din. Dial *121*5534# or mygp.li/my,Banglish,Bonus soho 2GB-45Tk-3din. Dial *121*5534# or mygp.li/my,False,False
promo,"Pro-level adda+interneting-10GB+250mi@258TK,30din cutt.ly/wwCctHGF",Banglish,"Pro-level adda+interneting-10GB+250mi@258TK,30din cutt.ly/wwCctHGF",False,False
promo,Residential plots near Dhaka-Mawa Expressway starting from 2 lakh. 01894939231,English,Residential plots near Dhaka-Mawa Expressway starting from 2 lakh. [PHONE],False,True
promo,"২০০মিনিট (৩০দিন) ১৭৪ টাকা, ডায়াল *১২১*৪৪১০# বা https://mygp.li/v1",Bengali,"২০০মিনিট (৩০দিন) ১৭৪ টাকা, ডায়াল *১২১*৪৪১০# বা [URL]",True,False
promo,Travel package-এ ২০% discount! Booking করতে আজই contact করুন।,CodeMix,Travel package-এ ২০% discount! Booking করতে আজই contact করুন।,False,False
promo,GP 4G data pack আজ special offer। Activate করুন এখনই!,CodeMix,GP 4G data pack আজ special offer। Activate করুন এখনই!,False,False
promo,"ডাটা মিক্সারে করো পকেট সেভিং, নাও ৬০জিবি@ ৳৫৬৯,৩০দিন: cutt.ly/HwQzEu9E",Bengali,"ডাটা মিক্সারে করো পকেট সেভিং, নাও ৬০জিবি@ ৳৫৬৯,৩০দিন: cutt.ly/HwQzEu9E",False,False
promo,"Robi recharge ৫০০ TK এবং ৮০ TK bonus পান। Offer valid first ১০০০ users only, hurry up and claim today",CodeMix,"Robi recharge ৫০০ TK এবং ৮০ TK bonus পান। Offer valid first ১০০০ users only, hurry up and claim today",False,False
promo,"লি কুপারে
সকল শার্ট, জিন্স, গ্যাবারডিন
ফ্ল্যাট ৫০% ছাড়
শপ্র",Bengali,"লি কুপারে সকল শার্ট, জিন্স, গ্যাবারডিন ফ্ল্যাট ৫০% ছাড় শপ্র",False,False
promo,Rupali Bank car loan launched! instant approval at only 5846 TK. Call now!,English,Rupali Bank car loan launched! instant approval at only 5846 TK. Call now!,False,False
promo,"Sheikh Hasina sorkarer safolyo: 
2006 sale samajik niroapotta khate boraddo chilo matro 2 hajar 505 koti taka. 2023 sale bere dariyeche 1 lokkho 26 hajar 272 koti taka.",Banglish,Sheikh Hasina sorkarer safolyo: 2006 sale samajik niroapotta khate boraddo chilo matro 2 hajar 505 koti taka. 2023 sale bere dariyeche 1 lokkho 26 hajar 272 koti taka.,False,False
promo,"TK 419 for TK 499 offer! Get 35GB + 500 MB, 30 days: cutt.ly/4w77ohWY",English,"TK 419 for TK 499 offer! Get 35GB + 500 MB, 30 days: cutt.ly/4w77ohWY",False,False
promo,Join Skitto Telegram now to not miss all cool updates: cutt.ly/NwJt7qvx,English,Join Skitto Telegram now to not miss all cool updates: cutt.ly/NwJt7qvx,False,False
promo,"Call duration 00:02:51, charged 3.6 Taka, remaining balance is   10.94  Taka",Bengali,"Call duration 00:02:51, charged 3.6 Taka, remaining balance is 10.94 Taka",False,False
promo,গ্রামীণফোন মেগা অফার! আনলিমিটেড টক টাইম ৩০দিন মাত্র ৪৯৯ টাকা।,Bengali,গ্রামীণফোন মেগা অফার! আনলিমিটেড টক টাইম ৩০দিন মাত্র ৪৯৯ টাকা।,False,False
promo,Robi special offer! 10GB internet + unlimited call only 99TK. Dial *123*45# akhon. Offer sesh 31st December.,Banglish,Robi special offer! 10GB internet + unlimited call only 99TK. Dial *123*45# akhon. Offer sesh 31st December.,False,False
promo,Grameenphone users! Get 20GB data for just 199TK. Dial *121*3020# now!,English,Grameenphone users! Get 20GB data for just 199TK. Dial *121*3020# now!,False,False
promo,Bangladesh Machine Tools factory outlet! Industrial equipment 30% discount. Productivity solutions available!,English,Bangladesh Machine Tools factory outlet! Industrial equipment 30% discount. Productivity solutions available!,False,False
promo,ধোনির হাতে কি উঠবে ট্রফি? দেখুন আইপিএল ফাইনাল cutt.ly/ywqDAPVv,Bengali,ধোনির হাতে কি উঠবে ট্রফি? দেখুন আইপিএল ফাইনাল cutt.ly/ywqDAPVv,False,False
promo,"80TK cashback! More data 30GB@319TK, 30 days cutt.ly/aw59tNYD",English,"80TK cashback! More data 30GB@319TK, 30 days cutt.ly/aw59tNYD",False,False
promo,Chaldal grocery fest: Shop 1000TK+ and get 150TK cashback using Bkash. Free delivery ajker din er jonno. Shop online easily!,Banglish,Chaldal grocery fest: Shop 1000TK+ and get 150TK cashback using Bkash. Free delivery ajker din er jonno. Shop online easily!,False,False
promo,dwadosh jatio songshod nirbachone ongshogrohone ichchhuk prothigon procholito poddhotir pasapasi onlin-eo mononayonpotro dakhil korte parben. online-e mononayon dakhil korte commission-er website www.ecs.gov.bd-e probesh korun-EC,Banglish,dwadosh jatio songshod nirbachone ongshogrohone ichchhuk prothigon procholito poddhotir pasapasi onlin-eo mononayonpotro dakhil korte parben. online-e mononayon dakhil korte commission-er website [URL] probesh korun-EC,True,False
promo,"৳৩৫ cashback-এ এবার আরো বেশি data ৫০জিবি@৳৪৬৩,৩০দিন cutt.ly/HwOETkke",CodeMix,"৳৩৫ cashback-এ এবার আরো বেশি data ৫০জিবি@৳৪৬৩,৩০দিন cutt.ly/HwOETkke",False,False
promo,Handi grand opening! buffet 599 TK. Gulshan. Book now: 01798352641!,English,Handi grand opening! buffet 599 TK. Gulshan. Book now: [PHONE] !,False,True
promo,"Othoba.com এ electronic shopping করুন এবং পাচ্ছেন free installation on ACs. Today only, shop now!",CodeMix,"[URL] এ electronic shopping করুন এবং পাচ্ছেন free installation on ACs. Today only, shop now!",True,False
promo,Shwapno Eid special! All food items 20% discount + free home delivery on orders above 1000 TK!,English,Shwapno Eid special! All food items 20% discount + free home delivery on orders above 1000 TK!,False,False
promo,"পেট ফুড ও সাপ্লাইতে ছাড়! কুকুর, বিড়ালের খাবারে ২৫% কমতি।",Bengali,"পেট ফুড ও সাপ্লাইতে ছাড়! কুকুর, বিড়ালের খাবারে ২৫% কমতি।",False,False
promo,"Summer collection: সব t-shirts, jeans, এবং shoes ২৫% discount। Shop online অথবা nearest store visit করুন",CodeMix,"Summer collection: সব t-shirts, jeans, এবং shoes ২৫% discount। Shop online অথবা nearest store visit করুন",False,False
promo,"Internetinging-e pocket saving, nao 10GB@TK158, 7din: cutt.ly/FwUC6vh",Banglish,"Internetinging-e pocket saving, nao 10GB@TK158, 7din: cutt.ly/FwUC6vh",False,False
promo,Airtel users get 15GB data + unlimited calls for 299TK. Dial *121*4040#,English,Airtel users get 15GB data + unlimited calls for 299TK. Dial *121*4040#,False,False
promo,"Fagun er gungun deal nao- 13GB@113TK, 3din: cutt.ly/0wVxZ5vA",Banglish,"Fagun er gungun deal nao- 13GB@113TK, 3din: cutt.ly/0wVxZ5vA",False,False
promo,Limited time offer! ৪০GB (bonusসহ) ৫০০TK ৩০days।Dial *১২১*৫০৪৯# বা mygp.li/mo,CodeMix,Limited time offer! ৪০GB (bonusসহ) ৫০০TK ৩০days।Dial *১২১*৫০৪৯# বা mygp.li/mo,False,False
promo,30GB (bonus soho) 300Tk 30din. Dial *121*5254# or mygp.li/mo,Banglish,30GB (bonus soho) 300Tk 30din. Dial *121*5254# or mygp.li/mo,False,False
promo,488.23MB remaining. Enjoy PayGo (5MB for up to 6.6625Tk)| To know balance *121*1*4#| Visit mygp.li/bonus to get 10% internet bonus on specific packs,English,488.23MB remaining. Enjoy PayGo (5MB for up to 6.6625Tk)| To know balance *121*1*4#| Visit mygp.li/bonus to get 10% internet bonus on specific packs,False,False
promo,<#> Apnar MyGP PIN (code) hochche: 7433. Verify korte ei pinati byabohar korun. Opobyabohar thekate ei pinati forward othoba karo sathe share korben na FyXTPoy9ZDa,Banglish,<#> Apnar MyGP PIN (code) hochche: 7433. Verify korte ei pinati byabohar korun. Opobyabohar thekate ei pinati forward othoba karo sathe share korben na FyXTPoy9ZDa,False,False
promo,"আড্ডা+internetting-য়ে নতুন deal ১০জিবি+৩০০মি@২৯৬৳,৩০দিন:cutt.ly/QwFwTH3J",CodeMix,"আড্ডা+internetting-য়ে নতুন deal ১০জিবি+৩০০মি@২৯৬৳,৩০দিন:cutt.ly/QwFwTH3J",False,False
promo,"৳১০০ cashback!৩০জিবি+৬০০মি. @৳৩৯৯,৩০দিন: cutt.ly/AwkY4L2C",CodeMix,"৳১০০ cashback!৩০জিবি+৬০০মি. @৳৩৯৯,৩০দিন: cutt.ly/AwkY4L2C",False,False
promo,GP Binge Mega Pack: 150GB internet only 999TK. Validity 30 days. Dial *121*999# or Amar GP app. Perfect for heavy streamers.,Banglish,GP Binge Mega Pack: 150GB internet only 999TK. Validity 30 days. Dial *121*999# or Amar GP app. Perfect for heavy streamers.,False,False
promo,Dhaka-Mawa Expressway songlogno abasik plot katha nimno 2lakh 01894939231,Banglish,Dhaka-Mawa Expressway songlogno abasik plot katha nimno 2lakh [PHONE],False,True
promo,"Yellow fashion autumn sale: Saree, panjabi, jeans up to 50% discount. Extra 10% off with City Bank card.",Banglish,"Yellow fashion autumn sale: Saree, panjabi, jeans up to 50% discount. Extra 10% off with City Bank card.",False,False
promo,"Cashback-এ century ৳১০০! 26GB+500min. @৳৩৯৯,30দিন: cutt.ly/mwmJFpRa",CodeMix,"Cashback-এ century ৳১০০! 26GB+500min. @৳৩৯৯,30দিন: cutt.ly/mwmJFpRa",False,False
promo,"১৫০৳ ক্যাশব্যাকে সেরা অফার ৬১জিবি+১০০০মি@ ৳৭৪৯, ৩০দিন: cutt.ly/NwYKElsc",Bengali,"১৫০৳ ক্যাশব্যাকে সেরা অফার ৬১জিবি+১০০০মি@ ৳৭৪৯, ৩০দিন: cutt.ly/NwYKElsc",False,False
promo,Banglalink গ্রাহকরা শুক্রবার ৪ জিবি মাত্র ৭৯ টাকায় পাবেন। বৈধতা ৩ দিন।,Bengali,Banglalink গ্রাহকরা শুক্রবার ৪ জিবি মাত্র ৭৯ টাকায় পাবেন। বৈধতা ৩ দিন।,False,False
promo,"এক্সক্লুসিভ ফ্যাশন সেল! জিন্স, টিশার্টে ৫০% পর্যন্ত ছাড়।",Bengali,"এক্সক্লুসিভ ফ্যাশন সেল! জিন্স, টিশার্টে ৫০% পর্যন্ত ছাড়।",False,False
promo,"Data mixer e koro pocket saving, nao 60GB@ TK569,30din: cutt.ly/HwQzEu9E",Banglish,"Data mixer e koro pocket saving, nao 60GB@ TK569,30din: cutt.ly/HwQzEu9E",False,False
promo,Daraz 12.12 mega sale! Up to 80% discount on electronics. Free shipping on orders above 1000 TK!,English,Daraz 12.12 mega sale! Up to 80% discount on electronics. Free shipping on orders above 1000 TK!,False,False
promo,"৳২৫ ক্যাশব্যাকে এবার আরো বেশি ডাটা ৫০জিবি@ ৳৪৭৩, ৩০দিন cutt.ly/zwTmxzpd",Bengali,"৳২৫ ক্যাশব্যাকে এবার আরো বেশি ডাটা ৫০জিবি@ ৳৪৭৩, ৩০দিন cutt.ly/zwTmxzpd",False,False
promo,"Banglalink গ্রাহকদের জন্য ফ্ল্যাশ অফার: ১ জিবি মাত্র ১১ টাকা, বৈধতা ২৪ ঘণ্টা। সক্রিয় করতে *5000*11#।",Bengali,"Banglalink গ্রাহকদের জন্য ফ্ল্যাশ অফার: ১ জিবি মাত্র ১১ টাকা, বৈধতা ২৪ ঘণ্টা। সক্রিয় করতে *5000*11#।",False,False
promo,"Robi গ্রাহকগণ, ২ জিবি ডেটা মাত্র ৪৯ টাকা। বৈধতা ৭ দিন। ডায়াল করুন *123*049#।",Bengali,"Robi গ্রাহকগণ, ২ জিবি ডেটা মাত্র ৪৯ টাকা। বৈধতা ৭ দিন। ডায়াল করুন *123*049#।",False,False
promo,"New restaurant launch offer: Buy ১ get ১ free on all pizzas। Only this weekend, তাই আজই visit করুন এবং enjoy করুন taste",CodeMix,"New restaurant launch offer: Buy ১ get ১ free on all pizzas। Only this weekend, তাই আজই visit করুন এবং enjoy করুন taste",False,False
promo,"অ্যাক্সেসরিজে মেগা সেল! ব্যাগ, বেল্ট, ওয়ালেটে ৩৫% ছাড়।",Bengali,"অ্যাক্সেসরিজে মেগা সেল! ব্যাগ, বেল্ট, ওয়ালেটে ৩৫% ছাড়।",False,False
promo,পাঠাও রাইডে ৩০% ছাড়! আজকের জন্য সর্বোচ্চ ১০০ টাকা পর্যন্ত।,Bengali,পাঠাও রাইডে ৩০% ছাড়! আজকের জন্য সর্বোচ্চ ১০০ টাকা পর্যন্ত।,False,False
promo,GP-তে রবিবার স্পেশাল অফার: ৫ জিবি মাত্র ১০০ টাকা। ডায়াল করুন *121*100#।,Bengali,GP-তে রবিবার স্পেশাল অফার: ৫ জিবি মাত্র ১০০ টাকা। ডায়াল করুন *121*100#।,False,False
promo,Khaas Food Organic Offer: Deshi honey 20% discount. Delivery nationwide. Order at khaasfood.com.,Banglish,Khaas Food Organic Offer: Deshi honey 20% discount. Delivery nationwide. Order at [URL],True,False
promo,Bashundhara Group job circular! Apply today. Salary upto 1 lakh. careers.bashundhara.com,Banglish,Bashundhara Group job circular! Apply today. Salary upto 1 lakh. [URL],True,False
promo,"Flat 50% off at Lee Cooper
All shirts, jeans, gabardine
Today & tomorrow
Shop",English,"Flat 50% off at Lee Cooper All shirts, jeans, gabardine Today & tomorrow Shop",False,False
promo,"Shwapno grocery blast: Buy 3kg rice and get 1kg dal free. Offer valid nationwide stores. Hurry, stock shesh hobar age.",Banglish,"Shwapno grocery blast: Buy 3kg rice and get 1kg dal free. Offer valid nationwide stores. Hurry, stock shesh hobar age.",False,False
promo,"Robi recharge ৫০০ TK এবং ১০০ TK bonus পান। Offer valid first ১০০০ users only, hurry up and claim today",CodeMix,"Robi recharge ৫০০ TK এবং ১০০ TK bonus পান। Offer valid first ১০০০ users only, hurry up and claim today",False,False
promo,200TK sei cashback! nao 60GB+1000minute@699TK 30din: cutt.ly/aAhiAsI,Banglish,200TK sei cashback! nao 60GB+1000minute@699TK 30din: cutt.ly/aAhiAsI,False,False
promo,অনলাইনে কোর্স করুন! IT স্কিল ডেভেলপমেন্টে ৬০% ছাড়। এনরোল করুন।,Bengali,অনলাইনে কোর্স করুন! IT স্কিল ডেভেলপমেন্টে ৬০% ছাড়। এনরোল করুন।,False,False
promo,"Arong Fashion Festival: Panjabi, kurti, and scarves up to 40% off. Extra 5% off with bKash payment.",Banglish,"Arong Fashion Festival: Panjabi, kurti, and scarves up to 40% off. Extra 5% off with bKash payment.",False,False
promo,"TK30 cashback! 31GB+450min@TK469 for 30 days, grab it now: cutt.ly/hwTmxGd8",English,"TK30 cashback! 31GB+450min@TK469 for 30 days, grab it now: cutt.ly/hwTmxGd8",False,False
promo,20% discount on travel packages! Contact today for booking.,English,20% discount on travel packages! Contact today for booking.,False,False
promo,"৪০৳ ক্যাশব্যাক! ৪৬জিবি @৪৫৮৳, ৩০দিন, নিয়ে নাও এখনই: cutt.ly/GwWYCCfJ",Bengali,"৪০৳ ক্যাশব্যাক! ৪৬জিবি @৪৫৮৳, ৩০দিন, নিয়ে নাও এখনই: cutt.ly/GwWYCCfJ",False,False
promo,"Transcom Digital phone accessories mega sale: Cases, chargers, earphones!",English,"Transcom Digital phone accessories mega sale: Cases, chargers, earphones!",False,False
promo,Shopping mall এ sale শুরু হয়েছে! সব products এ additional benefits. Don't miss out.,CodeMix,Shopping mall এ sale শুরু হয়েছে! সব products এ additional benefits. Don't miss out.,False,False
promo,"৳৩০ ক্যাশব্যাকে পকেট সেভিং- ১২জিবি+২০০মি.@৳১৬৯,৭দিন: cutt.ly/Mw59ykAZ",Bengali,"৳৩০ ক্যাশব্যাকে পকেট সেভিং- ১২জিবি+২০০মি.@৳১৬৯,৭দিন: cutt.ly/Mw59ykAZ",False,False
promo,Robi eShop থেকে ল্যাপটপ কিনলে ফ্রি ব্যাগ ও মাউস। সীমিত সময়ের অফার।,Bengali,Robi eShop থেকে ল্যাপটপ কিনলে ফ্রি ব্যাগ ও মাউস। সীমিত সময়ের অফার।,False,False
promo,car loan membership offer! Annual fee only 2753 TK. Benefits: priority support!,English,car loan membership offer! Annual fee only 2753 TK. Benefits: priority support!,False,False
promo,May 05 International Midwife Day. This year's theme - From evidence to reality: All midwives together.,English,May 05 International Midwife Day. This year's theme - From evidence to reality: All midwives together.,False,False
promo,"Hotshot 20TK cashback! Hotspot deal 22GB@177TK, 7 days: cutt.ly/pw746B4G",English,"Hotshot 20TK cashback! Hotspot deal 22GB@177TK, 7 days: cutt.ly/pw746B4G",False,False
promo,"Double century cashback ৳200!61GB+1000min@৳699, 30দিন cutt.ly/FwQhpKHc",CodeMix,"Double century cashback ৳200!61GB+1000min@৳699, 30দিন cutt.ly/FwQhpKHc",False,False
promo,"৳200 super cashback-এ নাও 61GB+1000min@৳699, 30দিন: cutt.ly/OwG5T3ub",CodeMix,"৳200 super cashback-এ নাও 61GB+1000min@৳699, 30দিন: cutt.ly/OwG5T3ub",False,False
promo,আজকেই শেষ ৳১০০ ক্যাশব্যাক! ৫০জিবি @৳৩৯৮ ৩০দিন: cutt.ly/hwltB5hC,Bengali,আজকেই শেষ ৳১০০ ক্যাশব্যাক! ৫০জিবি @৳৩৯৮ ৩০দিন: cutt.ly/hwltB5hC,False,False
promo,Shob DVD te 10% discount. Offer ti simit somoyer jonno.,Banglish,Shob DVD te 10% discount. Offer ti simit somoyer jonno.,False,False
promo,Big discount! Winter clothes-এ 30% discount। আজই visit করুন আমাদের store-এ!,CodeMix,Big discount! Winter clothes-এ 30% discount। আজই visit করুন আমাদের store-এ!,False,False
promo,"1GB (0.2GB+ 0.8GB Bonus) ইন্টারনেট সফলভাবে চালু হয়েছে। মোট মূল্য 19TK, মেয়াদ 7 দিন। ইন্টারনেট ব্যালেন্স জানতে mygp.li/check ক্লিক করুন অথবা *121*1*4# ডায়াল করুন।",Bengali,"1GB (0.2GB+ 0.8GB Bonus) ইন্টারনেট সফলভাবে চালু হয়েছে। মোট মূল্য 19TK, মেয়াদ 7 দিন। ইন্টারনেট ব্যালেন্স জানতে mygp.li/check ক্লিক করুন অথবা *121*1*4# ডায়াল করুন।",False,False
promo,"18 May Antorjatik Jadughar Dibosh. ebarer protipaddho : ""Jadughar, sthayitto o shomriddhi"". e upolokkhe Bangladesh Jatiyo Jadughar er dinbyapi aayojone apni sadore amontrito.",Banglish,"18 May Antorjatik Jadughar Dibosh. ebarer protipaddho : ""Jadughar, sthayitto o shomriddhi"". e upolokkhe Bangladesh Jatiyo Jadughar er dinbyapi aayojone apni sadore amontrito.",False,False
promo,New offer! Grameenphone recharge এ 20% extra bonus আজই নিন। Hurry up!,CodeMix,New offer! Grameenphone recharge এ 20% extra bonus আজই নিন। Hurry up!,False,False
promo,Men’s World Bashundhara City new branch opening – flat 30% off! cutt.ly/fmw,English,Men’s World Bashundhara City new branch opening – flat 30% off! cutt.ly/fmw,False,False
promo,রবিতে নতুন প্যাকেজ! ৩০ দিনের জন্য আনলিমিটেড কল মাত্র ২৯৯ টাকা। *১২৩*৩*৪# ডায়াল করুন।,Bengali,রবিতে নতুন প্যাকেজ! ৩০ দিনের জন্য আনলিমিটেড কল মাত্র ২৯৯ টাকা। *১২৩*৩*৪# ডায়াল করুন।,False,False
promo,Jamuna Future Park এ Puja Sale শুরু হয়েছে! সব sarees এ additional 20% cashback. Don't miss.,CodeMix,Jamuna Future Park এ Puja Sale শুরু হয়েছে! সব sarees এ additional 20% cashback. Don't miss.,False,False
promo,Guardian Life Insurance special premium! Health insurance with 10 lakh coverage just 5000 TK yearly!,English,Guardian Life Insurance special premium! Health insurance with 10 lakh coverage just 5000 TK yearly!,False,False
promo,"TK35 cashback-e ebar aro beshi data 50GB@TK463,30din cutt.ly/HwOETkke",Banglish,"TK35 cashback-e ebar aro beshi data 50GB@TK463,30din cutt.ly/HwOETkke",False,False
promo,Daraz Mall থেকে যেকোনো মোবাইল কিনলে পাচ্ছেন ১২ মাসের ওয়ারেন্টি আর সাথে ফ্রি ডেলিভারি। অফার সীমিত সময়ের জন্য। আজই মোবাইল অর্ডার করুন।,Bengali,Daraz Mall থেকে যেকোনো মোবাইল কিনলে পাচ্ছেন ১২ মাসের ওয়ারেন্টি আর সাথে ফ্রি ডেলিভারি। অফার সীমিত সময়ের জন্য। আজই মোবাইল অর্ডার করুন।,False,False
promo,Thalassemia disease থেকে বাঁচতে বিয়ের আগে blood test করিয়ে নিন । Patient ও carrier কিংবা carrier-এ carrier-এ বিয়ে নয়-Bangladesh Thalassemia Society।,CodeMix,Thalassemia disease থেকে বাঁচতে বিয়ের আগে blood test করিয়ে নিন । Patient ও carrier কিংবা carrier-এ carrier-এ বিয়ে নয়-Bangladesh Thalassemia Society।,False,False
promo,"“স্বাস্থ্য, পুষ্টি ও সমৃদ্ধি চাই, নিরাপদ খাদ্যের বিকল্প নাই”। ০২ ফেব্রুয়ারি জাতীয় নিরাপদ খাদ্য দিবস ২০২৪ সফল হোক। বাংলাদেশ নিরাপদ খাদ্য কর্তৃপক্ষ, খাদ্য মন্ত্রণালয়।",Bengali,"“স্বাস্থ্য, পুষ্টি ও সমৃদ্ধি চাই, নিরাপদ খাদ্যের বিকল্প নাই”। ০২ ফেব্রুয়ারি জাতীয় নিরাপদ খাদ্য দিবস ২০২৪ সফল হোক। বাংলাদেশ নিরাপদ খাদ্য কর্তৃপক্ষ, খাদ্য মন্ত্রণালয়।",False,False
promo,"150TK cashback-e shera offer 61GB+1000min@ 749TK, 30din: cutt.ly/NwYKElsc",Banglish,"150TK cashback-e shera offer 61GB+1000min@ 749TK, 30din: cutt.ly/NwYKElsc",False,False
promo,"Robi ২০০ TK recharge করুন এবং ৫০ TK extra bonus পান। Offer limited, first ১০০০ users only, hurry up and claim today",CodeMix,"Robi ২০০ TK recharge করুন এবং ৫০ TK extra bonus পান। Offer limited, first ১০০০ users only, hurry up and claim today",False,False
promo,"Hotshot cashback TK18! Hotspot deal e 22GB@TK179, 7din: cutt.ly/fwLo4TBP",Banglish,"Hotshot cashback TK18! Hotspot deal e 22GB@TK179, 7din: cutt.ly/fwLo4TBP",False,False
promo,জানুয়ারী-24 Recharge:0৳ খরচ: Data:0৳ Voice:23৳ Others:1৳,CodeMix,জানুয়ারী-24 Recharge:0৳ খরচ: Data:0৳ Voice:23৳ Others:1৳,False,False
promo,"Discount on our products. For details, contact this number: 01789654321.",English,"Discount on our products. For details, contact this number: [PHONE] .",False,True
promo,'Sheikh Hasina Youth Volunteer Award-2024' prodaner lokkhe 18-45 bochhorer jubder nikat hote dorkhasto ahban kora hoyeche. E bishoy e shokol tothyo jub o krira montronaloyer website e www.moysports.gov.bd pawa jabe.,Banglish,'Sheikh Hasina Youth Volunteer Award-2024' prodaner lokkhe 18-45 bochhorer jubder nikat hote dorkhasto ahban kora hoyeche. E bishoy e shokol tothyo jub o krira montronaloyer website e [URL] pawa jabe.,True,False
promo,Singer showroom anniversary sale! All electronics 45% off + 5 year extended warranty. Visit today!,English,Singer showroom anniversary sale! All electronics 45% off + 5 year extended warranty. Visit today!,False,False
promo,Bonus offer: 2GB-45TK-3days. Dial *121*5534# or mygp.li/my,English,Bonus offer: 2GB-45TK-3days. Dial *121*5534# or mygp.li/my,False,False
promo,"Data Mixer-এ করো pocket saving, নাও 10GB@৳249, 30দিন: cutt.ly/owARsARN",CodeMix,"Data Mixer-এ করো pocket saving, নাও 10GB@৳249, 30দিন: cutt.ly/owARsARN",False,False
promo,"Pocket saving on internet, get 10GB@TK158,7 days: cutt.ly/FwUC6vhp",English,"Pocket saving on internet, get 10GB@TK158,7 days: cutt.ly/FwUC6vhp",False,False
promo,New year offer! 40GB internet + 1000 minutes talk time only 299 TK. Robi users dial *123*40#,English,New year offer! 40GB internet + 1000 minutes talk time only 299 TK. Robi users dial *123*40#,False,False
promo,Banglalink গ্রাহকদের জন্য ২ জিবি মাত্র ২৯ টাকা। অফার সীমিত সময়ের জন্য।,Bengali,Banglalink গ্রাহকদের জন্য ২ জিবি মাত্র ২৯ টাকা। অফার সীমিত সময়ের জন্য।,False,False
promo,"80minute মাত্র 59টাকা (5দিন), নিতে dial করুন *121*4205#",CodeMix,"80minute মাত্র 59টাকা (5দিন), নিতে dial করুন *121*4205#",False,False
promo,Sheikh Hasina sarkarer safollo: 2008 shale 1 Mbps internet bandwidth er mullo chhilo 27 hajar TK bortomane ekdesh ekrate r awtay ta 60 TK te nirdharito hoyeche.,Banglish,Sheikh Hasina sarkarer safollo: 2008 shale 1 Mbps internet bandwidth er mullo chhilo 27 hajar TK bortomane ekdesh ekrate r awtay ta 60 TK te nirdharito hoyeche.,False,False
promo,Unimart fresh fest: Fruits and fish items up to 25% discount. Free home delivery across Dhaka city. Valid this week.,Banglish,Unimart fresh fest: Fruits and fish items up to 25% discount. Free home delivery across Dhaka city. Valid this week.,False,False
promo,"Daraz Fashion Week শুরু হয়েছে! শার্ট, প্যান্ট, শাড়ি আর অ্যাকসেসরিজে সর্বোচ্চ ৬০% ছাড়। কোড ব্যবহার করুন FASHION60। সীমিত সময়ের জন্য।",Bengali,"Daraz Fashion Week শুরু হয়েছে! শার্ট, প্যান্ট, শাড়ি আর অ্যাকসেসরিজে সর্বোচ্চ ৬০% ছাড়। কোড ব্যবহার করুন FASHION60। সীমিত সময়ের জন্য।",False,False
promo,"Sheikh Hasina government's success: In 2006, allocation for social security sector was only 2 thousand 505 crore taka. In 2023, it has increased to 1 lakh 26 thousand 272 crore taka.",English,"Sheikh Hasina government's success: In 2006, allocation for social security sector was only 2 thousand 505 crore taka. In 2023, it has increased to 1 lakh 26 thousand 272 crore taka.",False,False
promo,গ্রীষ্মের special offer from Airtel! Recharge করুন TK 150 এবং পাবেন 2GB data + 100 minutes. আজই activate করুন।,CodeMix,গ্রীষ্মের special offer from Airtel! Recharge করুন TK 150 এবং পাবেন 2GB data + 100 minutes. আজই activate করুন।,False,False
promo,Robi app recharge করলে ২০% extra credit। Hurry up!,CodeMix,Robi app recharge করলে ২০% extra credit। Hurry up!,False,False
promo,অনলাইনে ওষুধ কিনুন। ঢাকায় ৩০ মিনিটে হোম ডেলিভারি। ১০% ছাড়।,Bengali,অনলাইনে ওষুধ কিনুন। ঢাকায় ৩০ মিনিটে হোম ডেলিভারি। ১০% ছাড়।,False,False
promo,সানগ্লাসে স্পেশাল ডিসকাউন্ট! ব্র্যান্ডেড গ্লাসে ৪০% ছাড়।,Bengali,সানগ্লাসে স্পেশাল ডিসকাউন্ট! ব্র্যান্ডেড গ্লাসে ৪০% ছাড়।,False,False
promo,Public opinion is being collected to update the rate list. See BTRC website notice board for feedback (http://www.btrc.gov.bd/). Your valuable opinion is very important to us. -BTRC,English,Public opinion is being collected to update the rate list. See BTRC website notice board for feedback [URL] Your valuable opinion is very important to us. -BTRC,True,False
promo,Domino's special: Buy any large pizza get medium pizza FREE! Call 16307 or order online now.,English,Domino's special: Buy any large pizza get medium pizza FREE! Call 16307 or order online now.,False,False
promo,"Pathao Food mega offer: First order e paben flat 100TK discount! Minimum order 250TK. Use promo code PATHAO100. Hurry, ei chance miss korben na. Download app and enjoy food from top restaurants.",Banglish,"Pathao Food mega offer: First order e paben flat 100TK discount! Minimum order 250TK. Use promo code PATHAO100. Hurry, ei chance miss korben na. Download app and enjoy food from top restaurants.",False,False
promo,Robi eShop থেকে ল্যাপটপ কিনলে ফ্রি হেডফোন। স্টক শেষ হওয়া পর্যন্ত।,Bengali,Robi eShop থেকে ল্যাপটপ কিনলে ফ্রি হেডফোন। স্টক শেষ হওয়া পর্যন্ত।,False,False
promo,KFC bucket offer! 8 pieces chicken + 2 burgers = 599TK only. Call 16644.,Banglish,KFC bucket offer! 8 pieces chicken + 2 burgers = 599TK only. Call 16644.,False,False
promo,"৪০৳ ক্যাশব্যাক! ৪৬জিবি@৪৫৮৳, ৩০দিন, নিয়ে নাও এখনই: cutt.ly/GwWYCCfJ",Bengali,"৪০৳ ক্যাশব্যাক! ৪৬জিবি@৪৫৮৳, ৩০দিন, নিয়ে নাও এখনই: cutt.ly/GwWYCCfJ",False,False
promo,"গ্রামীণফোনের মিনিট অফার এখন আরো আকর্ষণীয়! ২৭ মিনিট ২৪ ঘন্টা, নিতে রিচার্জ বা বিকাশ করুন ১৯ টাকা।",Bengali,"গ্রামীণফোনের মিনিট অফার এখন আরো আকর্ষণীয়! ২৭ মিনিট ২৪ ঘন্টা, নিতে রিচার্জ বা বিকাশ করুন ১৯ টাকা।",False,False
promo,"200৳ cashback শেষ দিন, নাও 61GB+1000min@৳699, 30দিন: cutt.ly/FwQhpKHc",CodeMix,"200৳ cashback শেষ দিন, নাও 61GB+1000min@৳699, 30দিন: cutt.ly/FwQhpKHc",False,False
promo,"Pro-level ৳100 cashback-এ 35GB+500min.@৳399,30দিন cutt.ly/2wQlYv6U",CodeMix,"Pro-level ৳100 cashback-এ 35GB+500min.@৳399,30দিন cutt.ly/2wQlYv6U",False,False
promo,"Buy 1 Get 1 free at Aarong! এই offer টা valid 15th November পর্যন্ত। Don't miss out, সুযোগ হাতছাড়া করবেন না!",CodeMix,"Buy 1 Get 1 free at Aarong! এই offer টা valid 15th November পর্যন্ত। Don't miss out, সুযোগ হাতছাড়া করবেন না!",False,False
promo,"হেলথ সাপ্লিমেন্টে ছাড়! ভিটামিন, প্রোটিনে ৩৫% কমতি।",Bengali,"হেলথ সাপ্লিমেন্টে ছাড়! ভিটামিন, প্রোটিনে ৩৫% কমতি।",False,False
promo,"৳২৫ ক্যাশব্যাকে এবার আরো বেশি ডাটা ৫০জিবি@৳৪৭৩,৩০দিন cutt.ly/zwTmxzpd",Bengali,"৳২৫ ক্যাশব্যাকে এবার আরো বেশি ডাটা ৫০জিবি@৳৪৭৩,৩০দিন cutt.ly/zwTmxzpd",False,False
promo,Christmas-এর greetings। থাকছে 25% discount 31 December পর্যন্ত। 01713199270,CodeMix,Christmas-এর greetings। থাকছে 25% discount 31 December পর্যন্ত। [PHONE],False,True
promo,system-er man unnoyoner jonno 11 May raat 11:59 theke 12 May shokal 8ta porjonto Flexiload-er maddhome mobile recharge bondho thakbe. tobe ei shomoy MyGP app ba scratch card diye recharge kora jabe.,Banglish,system-er man unnoyoner jonno 11 May raat 11:59 theke 12 May shokal 8ta porjonto Flexiload-er maddhome mobile recharge bondho thakbe. tobe ei shomoy MyGP app ba scratch card diye recharge kora jabe.,False,False
promo,শুধু আজকের অফার! ৪০জিবি (বোনাসসহ) ৫০০টাকা ৩০দিন।ডায়াল *১২১*৫০৪৯# বা mygp.li/mo,Bengali,শুধু আজকের অফার! ৪০জিবি (বোনাসসহ) ৫০০টাকা ৩০দিন।ডায়াল *১২১*৫০৪৯# বা mygp.li/mo,False,False
promo,"Square Toiletries beauty products sale! All skincare items 35% off. Look beautiful, feel confident!",English,"Square Toiletries beauty products sale! All skincare items 35% off. Look beautiful, feel confident!",False,False
promo,"Nagad theke Grammenphone e 118Tk recharge e 118Tk cashback! 6 May, bikal 3ta-sondha 7ta, minute e 1m jon. Sathe 5GB, 7din! Dial *167#",Banglish,"Nagad theke Grammenphone e 118Tk recharge e 118Tk cashback! 6 May, bikal 3ta-sondha 7ta, minute e 1m jon. Sathe 5GB, 7din! Dial *167#",False,False
promo,"৪০TK chill cashback-এ ৩৫GB+৫০০min.@৪৫৯TK ৩০days, নাও: cutt.ly/0wO6Jggn",CodeMix,"৪০TK chill cashback-এ ৩৫GB+৫০০min.@৪৫৯TK ৩০days, নাও: cutt.ly/0wO6Jggn",False,False
promo,যেকোনো laptop কিনুন এবং একটি free mouse and keyboard পান। We have a wide range of products with amazing prices। Shop now!,CodeMix,যেকোনো laptop কিনুন এবং একটি free mouse and keyboard পান। We have a wide range of products with amazing prices। Shop now!,False,False
promo,"More chatting+interneting, get 5GB+150min@TK149, 7 days cutt.ly/owEyhCVt",English,"More chatting+interneting, get 5GB+150min@TK149, 7 days cutt.ly/owEyhCVt",False,False
promo,মেন্সওয়ার্ল্ড বসুন্ধরাসিটি নতুন শাখার উদ্বোধনে ফ্লাট৩০%ছাড়!cutt.ly/fmw,Bengali,মেন্সওয়ার্ল্ড বসুন্ধরাসিটি নতুন শাখার উদ্বোধনে ফ্লাট৩০%ছাড়!cutt.ly/fmw,False,False
promo,Shohoz Rides সব রাইডে ২০% ডিসকাউন্ট দিচ্ছে।,Bengali,Shohoz Rides সব রাইডে ২০% ডিসকাউন্ট দিচ্ছে।,False,False
promo,"[Pathao] Delivery charge now TK30!
Pathao Food's delivery charge is back to TK30.
Order now on Pathao Food: https://cutt.ly/QNMk4Eg",English,[Pathao] Delivery charge now TK30! Pathao Food's delivery charge is back to TK30. Order now on Pathao Food: [URL],True,False
promo,ওয়াচে মেগা অফার! স্মার্ট ওয়াচে ৫০০০ টাকা পর্যন্ত ছাড়।,Bengali,ওয়াচে মেগা অফার! স্মার্ট ওয়াচে ৫০০০ টাকা পর্যন্ত ছাড়।,False,False
promo,79 paisa per minute call rate offer for 15 days. Recharge with 119TK.,English,79 paisa per minute call rate offer for 15 days. Recharge with 119TK.,False,False
promo,New Year উপলক্ষে Daraz এ huge sale! Get up to 90% off on electronics and fashion। এখনই shop করুন!,CodeMix,New Year উপলক্ষে Daraz এ huge sale! Get up to 90% off on electronics and fashion। এখনই shop করুন!,False,False
promo,"200৳ cashback-এ সেরা offer 61GB+1000min@৳699,30দিন: cutt.ly/OwG5T3ub",CodeMix,"200৳ cashback-এ সেরা offer 61GB+1000min@৳699,30দিন: cutt.ly/OwG5T3ub",False,False
promo,Electronics পণ্য কিনলেই free shipping! Offer শেষ হবার আগে shop করুন।,CodeMix,Electronics পণ্য কিনলেই free shipping! Offer শেষ হবার আগে shop করুন।,False,False
promo,"পূর্বাচল ৩০নং সেক্টর সংলগ্ন ভরাট চলমান প্লট! কাঠা ১.৬ লক্ষ
01894841736",Bengali,পূর্বাচল ৩০নং সেক্টর সংলগ্ন ভরাট চলমান প্লট! কাঠা ১.৬ লক্ষ [PHONE],False,True
promo,"Purbachal সংলগ্ন Navana এর ৩,৫ ও ১০ katha এর plot কিনুন – ০১৮৪৭-২১৪০১৯",CodeMix,"Purbachal সংলগ্ন Navana এর ৩,৫ ও ১০ katha এর plot কিনুন – [PHONE]",False,True
promo,New arrival: সব summer clothes এখন ২৫% discount। Shop online বা nearest outlet এ visit করুন এবং free delivery পান,CodeMix,New arrival: সব summer clothes এখন ২৫% discount। Shop online বা nearest outlet এ visit করুন এবং free delivery পান,False,False
promo,"৳৩০ ক্যাশব্যাকে এবার আরো বেশি ডাটা ৫০জিবি@৳৪৬৮, ৩০দিন cutt.ly/QwE5OlXt",Bengali,"৳৩০ ক্যাশব্যাকে এবার আরো বেশি ডাটা ৫০জিবি@৳৪৬৮, ৩০দিন cutt.ly/QwE5OlXt",False,False
promo,"180TK cashback-e shera offer 61GB+1000mi@TK719, 30din: cutt.ly/wwE5YMXC",Banglish,"180TK cashback-e shera offer 61GB+1000mi@TK719, 30din: cutt.ly/wwE5YMXC",False,False
promo,"নতুন স্যামসাং ফোনে ১০% ডিসকাউন্ট! স্টক সীমিত, আজই কিনুন!",Bengali,"নতুন স্যামসাং ফোনে ১০% ডিসকাউন্ট! স্টক সীমিত, আজই কিনুন!",False,False
promo,দারাজ ১১.১১ সেল! সব ক্যাটাগরিতে মেগা ডিসকাউন্ট। ফ্ল্যাশ সেল শুরু!,Bengali,দারাজ ১১.১১ সেল! সব ক্যাটাগরিতে মেগা ডিসকাউন্ট। ফ্ল্যাশ সেল শুরু!,False,False
promo,special discount: shob laptop e 5% chhata. simitto stock.,Banglish,special discount: shob laptop e 5% chhata. simitto stock.,False,False
promo,"Fresh organic vegetables home delivery! Chemical free, healthy food. Order: freshveg.bd",Banglish,"Fresh organic vegetables home delivery! Chemical free, healthy food. Order: [URL]",True,False
promo,Robi Movie Pack: 50GB internet + 50 SMS free for only 249TK. Validity 15 days. Dial *123*249# to activate.,Banglish,Robi Movie Pack: 50GB internet + 50 SMS free for only 249TK. Validity 15 days. Dial *123*249# to activate.,False,False
promo,"এয়ারটেলের বিপ্লবী অফার - 'স্মার্ট স্টুডেন্ট প্যাক'! বিশেষভাবে ছাত্র-ছাত্রীদের জন্য ডিজাইন করা এই প্যাকেজে মাত্র ২৪৯ টাকায় পাবেন ২৫ জিবি ইন্টারনেট, সব নেটওয়ার্কে ১৫০ মিনিট কল, এবং ৫০০ SMS। বিশেষ বোনাস হিসেবে পাবেন শিক্ষামূলক অ্যাপ যেমন Khan Academy, Coursera এবং Udemy তে আনলিমিটেড এক্সেস। এছাড়াও রাত ১২টা থেকে ভোর ৬টা পর্যন্ত সব ডেটা ফ্রি। এই অফার শুধুমাত্র স্টুডেন্ট ID কার্ড দেখিয়ে নিতে পারবেন।",Bengali,"এয়ারটেলের বিপ্লবী অফার - 'স্মার্ট স্টুডেন্ট প্যাক'! বিশেষভাবে ছাত্র-ছাত্রীদের জন্য ডিজাইন করা এই প্যাকেজে মাত্র ২৪৯ টাকায় পাবেন ২৫ জিবি ইন্টারনেট, সব নেটওয়ার্কে ১৫০ মিনিট কল, এবং ৫০০ SMS। বিশেষ বোনাস হিসেবে পাবেন শিক্ষামূলক অ্যাপ যেমন Khan Academy, Coursera এবং Udemy তে আনলিমিটেড এক্সেস। এছাড়াও রাত ১২টা থেকে ভোর ৬টা পর্যন্ত সব ডেটা ফ্রি। এই অফার শুধুমাত্র স্টুডেন্ট ID কার্ড দেখিয়ে নিতে পারবেন।",False,False
promo,Cotton World shirt collection! Buy 2 get 1 free offer. All showrooms.,Banglish,Cotton World shirt collection! Buy 2 get 1 free offer. All showrooms.,False,False
promo,"Lee Cooper London's Winter Collection Moccasin shoes, polo shirts, jeans Hurry up",English,"Lee Cooper London's Winter Collection Moccasin shoes, polo shirts, jeans Hurry up",False,False
promo,Airtel 4G এর unlimited data pack এখন discounted price এ। Subscribe করুন এখনই!,CodeMix,Airtel 4G এর unlimited data pack এখন discounted price এ। Subscribe করুন এখনই!,False,False
promo,"Barir decor item e 20% chhar. Stock shimit, deri korben na.",Banglish,"Barir decor item e 20% chhar. Stock shimit, deri korben na.",False,False
promo,"[Pathao] Deliver charge ekhon TK30!
Pathao Food er delivery charge ekhon TK30 fire esheche.
Ekhoni order korun Pathao Food e: https://cutt.ly/QNMk4Eg",Banglish,[Pathao] Deliver charge ekhon TK30! Pathao Food er delivery charge ekhon TK30 fire esheche. Ekhoni order korun Pathao Food e: [URL],True,False
promo,একটি large pizza কিনলে একটি free পাবেন। This exclusive offer আমাদের valued customers দের জন্য। Order now!,CodeMix,একটি large pizza কিনলে একটি free পাবেন। This exclusive offer আমাদের valued customers দের জন্য। Order now!,False,False
promo,"200minute (30din) 174 taka, Dial *121*4410# ba https://mygp.li/v1",Banglish,"200minute (30din) 174 taka, Dial *121*4410# ba [URL]",True,False
promo,"Great Victory Day-তে সবাইকে জানাই wishes।  
দিলীপ কুমার আগরওয়ালা",CodeMix,Great Victory Day-তে সবাইকে জানাই wishes। দিলীপ কুমার আগরওয়ালা,False,False
promo,"Today's offer: 15% off on all jewelry. Limited stock, buy now!",English,"Today's offer: 15% off on all jewelry. Limited stock, buy now!",False,False
promo,Samsung Galaxy A54 with free earbuds! EMI starts from 2500 TK monthly. Visit Transcom Digital!,English,Samsung Galaxy A54 with free earbuds! EMI starts from 2500 TK monthly. Visit Transcom Digital!,False,False
promo,"মোবাইল অ্যাক্সেসরিজে অফার! কেস, চার্জার, হেডফোনে ২৫% ছাড়।",Bengali,"মোবাইল অ্যাক্সেসরিজে অফার! কেস, চার্জার, হেডফোনে ২৫% ছাড়।",False,False
promo,Grameenphone Valentine offer! Girlfriend ke surprise din 1GB internet gift kore. Details: *121*3#,Banglish,Grameenphone Valentine offer! Girlfriend ke surprise din 1GB internet gift kore. Details: *121*3#,False,False
promo,Ifad Autos Suzuki car fair! All models 10% discount with 5 year warranty. Test drive available!,English,Ifad Autos Suzuki car fair! All models 10% discount with 5 year warranty. Test drive available!,False,False
promo,January-24 Recharge:0TK Expense: Data:0TK Voice:23TK Others:1TK,English,January-24 Recharge:0TK Expense: Data:0TK Voice:23TK Others:1TK,False,False
promo,"Daraz 11.11 mega sale coming! Electronics, fashion, and groceries up to 80% discount. Free delivery and flash deals every hour. Shop now at daraz.com.bd and save big before stock runs out.",Banglish,"Daraz 11.11 mega sale coming! Electronics, fashion, and groceries up to 80% discount. Free delivery and flash deals every hour. Shop now at [URL] and save big before stock runs out.",True,False
promo,এয়ারটেল বিশেষ অফার! ১জিবি ডেটা মাত্র ১২ টাকা। ৭ দিনের মেয়াদ। *৫৫৫# ডায়াল করুন।,Bengali,এয়ারটেল বিশেষ অফার! ১জিবি ডেটা মাত্র ১২ টাকা। ৭ দিনের মেয়াদ। *৫৫৫# ডায়াল করুন।,False,False
promo,"Pro-level TK55 cashback-e 35GB+500min.@TK444,30din: cutt.ly/XernQ63M",Banglish,"Pro-level TK55 cashback-e 35GB+500min.@TK444,30din: cutt.ly/XernQ63M",False,False
promo,"Let Eid shopping be with Diamond World, enjoy 25% discount on diamond jewelry and attractive gold collection. Visit:qrco.de/beuAOs, 01713199270",English,"Let Eid shopping be with Diamond World, enjoy 25% discount on diamond jewelry and attractive gold collection. Visit:qrco.de/beuAOs, [PHONE]",False,True
promo,Masco Group job circular! Management trainee positions available. Salary 50000 TK. Apply: mascojobs.bd!,English,Masco Group job circular! Management trainee positions available. Salary 500 TK. Apply: [URL],True,False
promo,"Golden Harvest agro products fair! Seeds, fertilizers, tools 15% discount. Boost your harvest!",English,"Golden Harvest agro products fair! Seeds, fertilizers, tools 15% discount. Boost your harvest!",False,False
promo,"Even if you can't see the 'My Challenge' icon in bKash app from June 2, you will get cashback by enjoying bKash offers. Stay with bKash app.",English,"Even if you can't see the 'My Challenge' icon in bKash app from June 2, you will get cashback by enjoying bKash offers. Stay with bKash app.",False,False
promo,"Berger paint 40% discount! Interior, exterior paints available. Visit dealer today.",Banglish,"Berger paint 40% discount! Interior, exterior paints available. Visit dealer today.",False,False
promo,ডিজিটাল গ্যাজেটের উপর ১৫% ডিসকাউন্ট! আজই কেনাকাটা করুন এবং বোনাস পান।,Bengali,ডিজিটাল গ্যাজেটের উপর ১৫% ডিসকাউন্ট! আজই কেনাকাটা করুন এবং বোনাস পান।,False,False
promo,Walton refrigerator exchange offer! Get 15000 TK off on new purchase with old appliance exchange.,English,Walton refrigerator exchange offer! Get 15000 TK off on new purchase with old appliance exchange.,False,False
promo,"Humble tribute on the 47th martyrdom anniversary of Bangabandhu Sheikh Mujibur Rahman, the greatest Bengali of all time - Ministry of Posts & Telecommunications",English,"Humble tribute on the 47th martyrdom anniversary of Bangabandhu Sheikh Mujibur Rahman, the greatest Bengali of all time - Ministry of Posts & Telecommunications",False,False
promo,Unimart fresh fest: Fruits and vegetables up to 30% discount. Delivery free for orders above 1500TK. Valid till 20th Sept.,Banglish,Unimart fresh fest: Fruits and vegetables up to 30% discount. Delivery free for orders above 1500TK. Valid till 20th Sept.,False,False
promo,City Bank credit card special! 0% interest for 12 months on all purchases. Apply today: 16234!,English,City Bank credit card special! 0% interest for 12 months on all purchases. Apply today: 16234!,False,False
promo,Flat ১০% discount entire store। Code: FLAT10। Online only।,CodeMix,Flat ১০% discount entire store। Code: FLAT10। Online only।,False,False
promo,"ঢাকা-মাওয়া এক্সপ্রেসওয়ে সংলগ্ন আবাসিক প্লট কাঠা নিম্ন২লক্ষ
01894939231",Bengali,ঢাকা-মাওয়া এক্সপ্রেসওয়ে সংলগ্ন আবাসিক প্লট কাঠা নিম্ন২লক্ষ [PHONE],False,True
promo,25% discount on diamond jewelry on Valentine's Day till 15/02/2024. 01713199270,English,25% discount on diamond jewelry on Valentine's Day till 15/02/2024. [PHONE],False,True
promo,Richman ice cream factory outlet: Premium ice cream 40% off!,English,Richman ice cream factory outlet: Premium ice cream 40% off!,False,False
promo,home loan membership offer! Annual fee only 8962 TK. Benefits: free services!,English,home loan membership offer! Annual fee only 8962 TK. Benefits: free services!,False,False
promo,Digital gadget-এ ১৫% discount! আজই shop করুন এবং bonus পান।,CodeMix,Digital gadget-এ ১৫% discount! আজই shop করুন এবং bonus পান।,False,False
promo,Bashundhara Group shopping festival! All retail outlets 50% discount weekend. Shop till you drop!,English,Bashundhara Group shopping festival! All retail outlets 50% discount weekend. Shop till you drop!,False,False
promo,Sheikh Hasina government's achievements: গত ১৪ বছরে ১৪৪১km বাঁধ নির্মাণ করে ৪.৪৩ লাখ হেক্টর flood control ও drainage সুবিধা।,CodeMix,Sheikh Hasina government's achievements: গত ১৪ বছরে ১৪৪১km বাঁধ নির্মাণ করে ৪.৪৩ লাখ হেক্টর flood control ও drainage সুবিধা।,False,False
promo,Domino's pizza buy 1 get 1 free! Today only. Order online or call 09666707070,Banglish,Domino's pizza buy 1 get 1 free! Today only. Order online or call [PHONE],False,True
promo,স্পেশাল ডিসকাউন্ট: সব ল্যাপটপে ৫% ছাড়। সীমিত স্টক।,Bengali,স্পেশাল ডিসকাউন্ট: সব ল্যাপটপে ৫% ছাড়। সীমিত স্টক।,False,False
promo,"Loto li Cooper e
Nogod payment e BMW jetar sujog
Bikash e 10% cashback
Shopr",Banglish,Loto li Cooper e Nogod payment e BMW jetar sujog Bikash e 10% cashback Shopr,False,False
promo,Bikash app e skitto deals e 30taka porjonto cashback cutt.ly/8HBaVWF,Banglish,Bikash app e skitto deals e 30taka porjonto cashback cutt.ly/8HBaVWF,False,False
promo,"Purbachal 30no sector shonglogne vorat cholman plot! Katha 1.6 lakh
01894841736",Banglish,Purbachal 30no sector shonglogne vorat cholman plot! Katha 1.6 lakh [PHONE],False,True
promo,Apnar favourite brand-er upor 30% porjonto chhar! Offer simito shomoyer jonno.,Banglish,Apnar favourite brand-er upor 30% porjonto chhar! Offer simito shomoyer jonno.,False,False
promo,"নতুন Samsung phone-এ 10% discount! Stock limited, আজই buy করুন!",CodeMix,"নতুন Samsung phone-এ 10% discount! Stock limited, আজই buy করুন!",False,False
promo,"Hotshot cashback TK18! 22GB@TK179 in hotspot deal, 7 days: cutt.ly/fwLo4TBP",English,"Hotshot cashback TK18! 22GB@TK179 in hotspot deal, 7 days: cutt.ly/fwLo4TBP",False,False
promo,Evaly mega sale! Fashion items e 50% off. Limited stock available.,Banglish,Evaly mega sale! Fashion items e 50% off. Limited stock available.,False,False
promo,GP App দিয়ে বিল পরিশোধ করলে পাচ্ছেন ১০% ইনস্ট্যান্ট ক্যাশব্যাক। অফার বৈধ মাসের শেষ পর্যন্ত।,Bengali,GP App দিয়ে বিল পরিশোধ করলে পাচ্ছেন ১০% ইনস্ট্যান্ট ক্যাশব্যাক। অফার বৈধ মাসের শেষ পর্যন্ত।,False,False
promo,"5 June Bishwo Poribesh Dibosh 2023. E bochhorer protipadyo: Plastic dushon somadane shamil hoi shokole. E bochhorer slogan: Shobai mile kori pon, bondho hobe plastic dushon. -Poribesh, Bon o Jolbayu Poriborton Montronaloy.",Banglish,"5 June Bishwo Poribesh Dibosh 2023. E bochhorer protipadyo: Plastic dushon somadane shamil hoi shokole. E bochhorer slogan: Shobai mile kori pon, bondho hobe plastic dushon. -Poribesh, Bon o Jolbayu Poriborton Montronaloy.",False,False
promo,"TK30 cashback pro-level data deal-22GB@TK167,7 days cutt.ly/7w9OKeZ2",English,"TK30 cashback pro-level data deal-22GB@TK167,7 days cutt.ly/7w9OKeZ2",False,False
promo,"২০০৳ ক্যাশব্যাকে সেরা অফার ৬১জিবি+১০০০মি@৳৬৯৯, ৩০দিন: cutt.ly/FwQhpKHc",Bengali,"২০০৳ ক্যাশব্যাকে সেরা অফার ৬১জিবি+১০০০মি@৳৬৯৯, ৩০দিন: cutt.ly/FwQhpKHc",False,False
promo,"Esquire Electronics smartphone festival: iPhone, Samsung, Xiaomi great prices!",English,"Esquire Electronics smartphone festival: iPhone, Samsung, Xiaomi great prices!",False,False
promo,GP 10GB internet only 148TK! Recharge korun 1212345 number e or visit gp.com.bd,Banglish,GP 10GB internet only 148TK! Recharge korun 1212345 number e or visit [URL],True,False
promo,GP App দিয়ে প্রথমবার রিচার্জে পাচ্ছেন ৫০ টাকা বোনাস। আজই চেষ্টা করুন।,Bengali,GP App দিয়ে প্রথমবার রিচার্জে পাচ্ছেন ৫০ টাকা বোনাস। আজই চেষ্টা করুন।,False,False
promo,GP STAR গ্রাহকরা আজ পাচ্ছেন ৫০০ টাকার শপিং ভাউচার। Daraz-এ ব্যবহার করুন।,Bengali,GP STAR গ্রাহকরা আজ পাচ্ছেন ৫০০ টাকার শপিং ভাউচার। Daraz-এ ব্যবহার করুন।,False,False
promo,Free delivery shob order e. Shimito shomoyer jonno.,Banglish,Free delivery shob order e. Shimito shomoyer jonno.,False,False
promo,"Summer festival: সব shirts, jeans, shoes ৩০% discount। Shop online অথবা nearest store visit করুন",CodeMix,"Summer festival: সব shirts, jeans, shoes ৩০% discount। Shop online অথবা nearest store visit করুন",False,False
promo,Chaldal.com grocery delivery! Fresh vegetables at your doorstep. Order via app.,Banglish,[URL] grocery delivery! Fresh vegetables at your doorstep. Order via app.,True,False
promo,"Do full internet! Take 10GB@200TK, 30 days: cutt.ly/GwYJBDuV",English,"Do full internet! Take 10GB@200TK, 30 days: cutt.ly/GwYJBDuV",False,False
promo,"Summer collection: সব t-shirts, jeans, এবং shoes ২০% discount। Shop online অথবা nearest store visit করুন",CodeMix,"Summer collection: সব t-shirts, jeans, এবং shoes ২০% discount। Shop online অথবা nearest store visit করুন",False,False
promo,100TK cashback shesh din! 31GB+450mi.@ 399TK 30din: cutt.ly/2wQlYv6U,Banglish,100TK cashback shesh din! 31GB+450mi.@ 399TK 30din: cutt.ly/2wQlYv6U,False,False
promo,"TK100 cashback! 30GB+500min. @TK399,30days: cutt.ly/AwkY4L2C",English,"TK100 cashback! 30GB+500min. @TK399,30days: cutt.ly/AwkY4L2C",False,False
promo,"এপ্রিল-২৪
রিচার্জ:0৳
খরচ:
ডেটা:19৳
ভয়েস:66৳
অন্যান্য:0৳",Bengali,এপ্রিল-২৪ রিচার্জ:0৳ খরচ: ডেটা:19৳ ভয়েস:66৳ অন্যান্য:0৳,False,False
promo,Banglalink internet package! 30GB internet 30 days validity 299TK. *5000*41#,Banglish,Banglalink internet package! 30GB internet 30 days validity 299TK. *5000*41#,False,False
promo,Big Sale: Beximco fashion এ ৩৫% discount। Shop করুন online এখনই!,CodeMix,Big Sale: Beximco fashion এ ৩৫% discount। Shop করুন online এখনই!,False,False
promo,"Shoptahjure pro-level interneting, nao 25GB@219TK: cutt.ly/2wEyml8b",Banglish,"Shoptahjure pro-level interneting, nao 25GB@219TK: cutt.ly/2wEyml8b",False,False
promo,"প্রো-লেভেল ইন্টারনেটিংয়ে পকেট সেভিং- ৩জিবি@৳৯৮,৭ দিন cutt.ly/9wEyjoLc",Bengali,"প্রো-লেভেল ইন্টারনেটিংয়ে পকেট সেভিং- ৩জিবি@৳৯৮,৭ দিন cutt.ly/9wEyjoLc",False,False
promo,"হ্যাপি নিউ ইয়ার - ২০২৪
স্মার্ট ব্যাংকিং সেবায় সোনালী ব্যাংক
সর্বদাই আপনার পাশে
মোঃ আফজাল করিম
সিইও এন্ড এমডি",Bengali,হ্যাপি নিউ ইয়ার - ২০২৪ স্মার্ট ব্যাংকিং সেবায় সোনালী ব্যাংক সর্বদাই আপনার পাশে মোঃ আফজাল করিম সিইও এন্ড এমডি,False,False
promo,"শুধুমাত্র MyGP তে new SIM এর offer এখন 2GB internet মাত্র TK 17 তে,validity 7 days(monthly maximum একবার)।Visit করুন https://mygp.li/ga",CodeMix,"শুধুমাত্র MyGP তে new SIM এর offer এখন 2GB internet মাত্র TK 17 তে,validity 7 days(monthly maximum একবার)।Visit করুন [URL]",True,False
promo,Evaly Carnival: Home appliances and kitchen items up to 70% discount. EMI option up to 18 months. Shop now before stock ends.,Banglish,Evaly Carnival: Home appliances and kitchen items up to 70% discount. EMI option up to 18 months. Shop now before stock ends.,False,False
promo,শাহী বাজারে বিশাল ছাড়! সব গহনায় ৩০% পর্যন্ত কমতি। আজই আসুন।,Bengali,শাহী বাজারে বিশাল ছাড়! সব গহনায় ৩০% পর্যন্ত কমতি। আজই আসুন।,False,False
promo,Bonus offer: 1GB-30TK-3days. Dial *121*5215# or https://mygp.li/mo,English,Bonus offer: 1GB-30TK-3days. Dial *121*5215# or [URL],True,False
promo,Up to 20% discount on online shopping! Use the code to avail.,English,Up to 20% discount on online shopping! Use the code to avail.,False,False
promo,আজই last day! Bonus সহ 2GB-35টাকা-7দিন। Dial *121*5037# বা mygp.li/mo,CodeMix,আজই last day! Bonus সহ 2GB-35টাকা-7দিন। Dial *121*5037# বা mygp.li/mo,False,False
promo,May month-এ 5GB-এর বেশি use করে পাও ৪৫paisa/min call rate- cutt.ly/0AA4sic,CodeMix,May month-এ 5GB-এর বেশি use করে পাও ৪৫paisa/min call rate- cutt.ly/0AA4sic,False,False
promo,Robi eShop থেকে ল্যাপটপ কিনলে ফ্রি ব্যাগ ও মাউস পাচ্ছেন। সীমিত সময়ের অফার।,Bengali,Robi eShop থেকে ল্যাপটপ কিনলে ফ্রি ব্যাগ ও মাউস পাচ্ছেন। সীমিত সময়ের অফার।,False,False
promo,"১২৫৳ ক্যাশব্যাকে সেরা অফার ৬১জিবি+১০০০মি@৳৭৭৪, ৩০দিন: cutt.ly/8wBQC0MC",Bengali,"১২৫৳ ক্যাশব্যাকে সেরা অফার ৬১জিবি+১০০০মি@৳৭৭৪, ৩০দিন: cutt.ly/8wBQC0MC",False,False
promo,"Ajker offer: shob jewelery-te 15% chhar. Stock shimito, ekhoni kinun!",Banglish,"Ajker offer: shob jewelery-te 15% chhar. Stock shimito, ekhoni kinun!",False,False
promo,Gentle Park shopping mall grand opening! 70% discounts on everything!,English,Gentle Park shopping mall grand opening! 70% discounts on everything!,False,False
promo,অনলাইন গেমিংয়ে বোনাস! প্রথম ডিপোজিটে ১০০% এক্সট্রা।,Bengali,অনলাইন গেমিংয়ে বোনাস! প্রথম ডিপোজিটে ১০০% এক্সট্রা।,False,False
promo,"Save pocket with data mixer, get 60GB@ TK569, 30days: cutt.ly/HwQzEu9E",English,"Save pocket with data mixer, get 60GB@ TK569, 30days: cutt.ly/HwQzEu9E",False,False
promo,"৪০TK cashback! ৪৬GB @৪৫৮TK, ৩০days, get now: cutt.ly/GwWYCCfJ",CodeMix,"৪০TK cashback! ৪৬GB @৪৫৮TK, ৩০days, get now: cutt.ly/GwWYCCfJ",False,False
promo,Shohoz Bike Ride: First 5 rides free up to 50TK each. New users only. Promo code BIKE50.,Banglish,Shohoz Bike Ride: First 5 rides free up to 50TK each. New users only. Promo code BIKE50.,False,False
promo,"Pickaboo এ চলছে Mega Sale! সব smartphones এ up to 12% discount. আজই order করুন, stock limited।",CodeMix,"Pickaboo এ চলছে Mega Sale! সব smartphones এ up to 12% discount. আজই order করুন, stock limited।",False,False
promo,"হোম অ্যাপ্লায়েন্সে মেগা সেল! ফ্রিজ, AC তে বিশাল ছাড়।",Bengali,"হোম অ্যাপ্লায়েন্সে মেগা সেল! ফ্রিজ, AC তে বিশাল ছাড়।",False,False
promo,"বাংলাদেশ নৌবাহিনীতে সরাসরি কমিশন্ড অফিসার পদে নিয়োগ চলছে। 
ভিজিট করুনঃ www.joinnavy.navy.mil.bd
",Bengali,বাংলাদেশ নৌবাহিনীতে সরাসরি কমিশন্ড অফিসার পদে নিয়োগ চলছে। ভিজিট করুনঃ [URL],True,False
promo,Pathao Rides-এ ২০% ডিসকাউন্ট! কোড: RIDE20 ব্যবহার করুন। বৈধতা ৩ দিন।,Bengali,Pathao Rides-এ ২০% ডিসকাউন্ট! কোড: RIDE20 ব্যবহার করুন। বৈধতা ৩ দিন।,False,False
promo,ACI furniture special offer! 65% off + cashback. Visit showroom!,English,ACI furniture special offer! 65% off + cashback. Visit showroom!,False,False
promo,Bangladesh Noubahineete officer cadet pode niyog cholche. Visit korun: www.joinnavy.navy.mil.bd,Banglish,Bangladesh Noubahineete officer cadet pode niyog cholche. Visit korun: [URL],True,False
promo,"২০০৳ ক্যাশব্যাক শেষ দিন! ৬১জিবি+১০০০মি@৳৬৯৯,৩০দিন: cutt.ly/OwG5T3ub",Bengali,"২০০৳ ক্যাশব্যাক শেষ দিন! ৬১জিবি+১০০০মি@৳৬৯৯,৩০দিন: cutt.ly/OwG5T3ub",False,False
promo,Banglalink Game Portal-এ সাবস্ক্রিপশন এখন মাত্র ১২ টাকা প্রতিদিন। খেলা হোক আরও মজার। সক্রিয় করতে *5000# ডায়াল করুন।,Bengali,Banglalink Game Portal-এ সাবস্ক্রিপশন এখন মাত্র ১২ টাকা প্রতিদিন। খেলা হোক আরও মজার। সক্রিয় করতে *5000# ডায়াল করুন।,False,False
promo,"Double century cashback TK200!61GB+1000mi@TK699, 30din cutt.ly/FwQhpKHc",Banglish,"Double century cashback TK200!61GB+1000mi@TK699, 30din cutt.ly/FwQhpKHc",False,False
promo,Limited time offer! 40GB (with bonus) TK500 for 30 days. Dial *121*5049# or mygp.li/mo,English,Limited time offer! 40GB (with bonus) TK500 for 30 days. Dial *121*5049# or mygp.li/mo,False,False
promo,"অনূর্ধ্ব ১৮ বছর বয়সী বাংলাদেশী শিশু-কিশোর এবং সংশ্লিষ্ট প্রতিষ্ঠানসমূহ হতে ‘শেখ রাসেল পদক’ এর আবেদনপত্র অনলাইনে আহবান করা যাচ্ছে। আবেদনের শেষ সময় ২০ মে, ২০২৩। বিস্তারিতঃ www.award.sheikhrussel.gov.bd
",Bengali,"অনূর্ধ্ব ১৮ বছর বয়সী বাংলাদেশী শিশু-কিশোর এবং সংশ্লিষ্ট প্রতিষ্ঠানসমূহ হতে ‘শেখ রাসেল পদক’ এর আবেদনপত্র অনলাইনে আহবান করা যাচ্ছে। আবেদনের শেষ সময় ২০ মে, ২০২৩। বিস্তারিতঃ [URL]",True,False
promo,Bashundhara Paper Mills office supplies sale! All stationery items 25% discount. Bulk orders welcome!,English,Bashundhara Paper Mills office supplies sale! All stationery items 25% discount. Bulk orders welcome!,False,False
promo,"গ্রীষ্মের special discount at shops! সব items এ amazing offers. Hurry, offer valid soon.",CodeMix,"গ্রীষ্মের special discount at shops! সব items এ amazing offers. Hurry, offer valid soon.",False,False
promo,আজ ধানমন্ডি শাখার শুভ উদ্বোধনে ফ্ল্যাট৫০%ছাড়! ০১৮৯৬০০১৯২৯ cutt.ly/fmw,Bengali,আজ ধানমন্ডি শাখার শুভ উদ্বোধনে ফ্ল্যাট৫০%ছাড়! [PHONE] cutt.ly/fmw,False,True
promo,"data mixer e koro pocket saving, nao 60GB@TK569, 30din: cutt.ly/HwQzEu9E",Banglish,"data mixer e koro pocket saving, nao 60GB@TK569, 30din: cutt.ly/HwQzEu9E",False,False
promo,GP internet binge offer: 20GB only 399TK for 30 days! Perfect for students and heavy users. Dial *121*399# or activate via MyGP app today.,Banglish,GP internet binge offer: 20GB only 399TK for 30 days! Perfect for students and heavy users. Dial *121*399# or activate via MyGP app today.,False,False
promo,Square appliances special offer! 55% off + warranty. Call now!,English,Square appliances special offer! 55% off + warranty. Call now!,False,False
promo,Fair and Lovely skin care products 30% off! All cosmetic stores. Additional gift with purchase above 800 TK!,English,Fair and Lovely skin care products 30% off! All cosmetic stores. Additional gift with purchase above 800 TK!,False,False
promo,"Candidates interested in participating in the 12th National Parliament Election can submit nomination papers online alongside the traditional method. To submit nominations online, visit the commission's website www.ecs.gov.bd-EC",English,"Candidates interested in participating in the 12th National Parliament Election can submit nomination papers online alongside the traditional method. To submit nominations online, visit the commission's website [URL]",True,False
promo,"Robi ৫০০ TK recharge করে ১২০ TK bonus পান। Offer valid until ১৫ Sep, hurry up, first ৫০০ users only",CodeMix,"Robi ৫০০ TK recharge করে ১২০ TK bonus পান। Offer valid until ১৫ Sep, hurry up, first ৫০০ users only",False,False
promo,Will Dhoni lift the trophy? Watch IPL Final cutt.ly/ywqDAPVv,English,Will Dhoni lift the trophy? Watch IPL Final cutt.ly/ywqDAPVv,False,False
promo,Special discount: সব laptops এ ৫% discount। limited stock।,CodeMix,Special discount: সব laptops এ ৫% discount। limited stock।,False,False
promo,"Beshi beshi adda+interneting,nao 5GB+150min@TK159,7din cutt.ly/owEyhCVt",Banglish,"Beshi beshi adda+interneting,nao 5GB+150min@TK159,7din cutt.ly/owEyhCVt",False,False
promo,LOTO-তে শুধুমাত্র আজকের offer নির্দিষ্ট product-এ ১টি কিনলে ১টি free,CodeMix,LOTO-তে শুধুমাত্র আজকের offer নির্দিষ্ট product-এ ১টি কিনলে ১টি free,False,False
promo,Big Sale: আর আজই Beximco fashion এ ৩০% discount। Don’t miss out!,CodeMix,Big Sale: আর আজই Beximco fashion এ ৩০% discount। Don’t miss out!,False,False
promo,Offer: 10% cashback on all electronics. Code: ELEC10.,English,Offer: 10% cashback on all electronics. Code: ELEC10.,False,False
promo,"GP গ্রাহকরা আজ পাচ্ছেন ৩ জিবি মাত্র ৪৯ টাকা, বৈধতা ৩ দিন। *121*49# ডায়াল করুন। অফার আজ রাত পর্যন্ত।",Bengali,"GP গ্রাহকরা আজ পাচ্ছেন ৩ জিবি মাত্র ৪৯ টাকা, বৈধতা ৩ দিন। *121*49# ডায়াল করুন। অফার আজ রাত পর্যন্ত।",False,False
promo,"Internet ing e pocket saving, nao 10GB@TK158, 7din: cutt.ly/FwUC6vhp",Banglish,"Internet ing e pocket saving, nao 10GB@TK158, 7din: cutt.ly/FwUC6vhp",False,False
promo,Electronics ponny-te mega sale! Shob ponny-te 10-50% chhar. Ajei visit korun.,Banglish,Electronics ponny-te mega sale! Shob ponny-te 10-50% chhar. Ajei visit korun.,False,False
promo,"New deal in chat+interneting 10GB+300min@296TK,30 days:cutt.ly/QwFwTH3J",English,"New deal in chat+interneting 10GB+300min@296TK,30 days:cutt.ly/QwFwTH3J",False,False
promo,Furniture e mega sale! Shob pnoye 15-30% discount. Ajii visit korun.,Banglish,Furniture e mega sale! Shob pnoye 15-30% discount. Ajii visit korun.,False,False
promo,Dhoni র হাতে কি উঠবে trophy? দেখুন IPL final cutt.ly/ywqDAPVv,CodeMix,Dhoni র হাতে কি উঠবে trophy? দেখুন IPL final cutt.ly/ywqDAPVv,False,False
promo,"Lee Cooper e flat 50% chhar Shokol shirt, jeans, gabardine Aj o kal Shopr",Banglish,"Lee Cooper e flat 50% chhar Shokol shirt, jeans, gabardine Aj o kal Shopr",False,False
promo,আমাদের নতুন product line থেকে যেকোনো item কিনলে ৳650 cashback পাবেন। This offer is only for this week।,CodeMix,আমাদের নতুন product line থেকে যেকোনো item কিনলে ৳650 cashback পাবেন। This offer is only for this week।,False,False
promo,April-e 5GB data use kore May mash-e pabe lowest call rate- cutt.ly/0AA4sic,Banglish,April-e 5GB data use kore May mash-e pabe lowest call rate- cutt.ly/0AA4sic,False,False
promo,"Fagun-এর গুনগুন deal নাও- 13GB@113৳, 3দিন: cutt.ly/0wVxZ5vA",CodeMix,"Fagun-এর গুনগুন deal নাও- 13GB@113৳, 3দিন: cutt.ly/0wVxZ5vA",False,False
promo,"পূর্বাচল সংলগ্ন নাভানা'র ৩,৫ ও ১০ কাঠার প্লট কিনুন – ০১৮৪৭-২১৪০১৮",Bengali,"পূর্বাচল সংলগ্ন নাভানা'র ৩,৫ ও ১০ কাঠার প্লট কিনুন – [PHONE]",False,True
promo,Special offer for new clients! 20% discount on our service.,English,Special offer for new clients! 20% discount on our service.,False,False
promo,Robi Music App সাবস্ক্রিপশন ৩০ দিনের জন্য মাত্র ৩৯ টাকা। গান শুনুন সীমাহীন।,Bengali,Robi Music App সাবস্ক্রিপশন ৩০ দিনের জন্য মাত্র ৩৯ টাকা। গান শুনুন সীমাহীন।,False,False
promo,"Robi গ্রাহকগণ, মাসিক প্যাক ৬০জিবি মাত্র ৫৯৯ টাকা। ডায়াল করুন *123*599#।",Bengali,"Robi গ্রাহকগণ, মাসিক প্যাক ৬০জিবি মাত্র ৫৯৯ টাকা। ডায়াল করুন *123*599#।",False,False
promo,Bashundhara Tissue paper factory outlet! All tissue products 35% discount. Hygiene at affordable prices!,English,Bashundhara Tissue paper factory outlet! All tissue products 35% discount. Hygiene at affordable prices!,False,False
promo,"প্রো-লেভেল আড্ডা+ইন্টারনেটিং-১০জিবি+২৫০মি@২৫৮৳,৩০দিন cutt.ly/wwCctHGF",Bengali,"প্রো-লেভেল আড্ডা+ইন্টারনেটিং-১০জিবি+২৫০মি@২৫৮৳,৩০দিন cutt.ly/wwCctHGF",False,False
promo,Shudhu ajke 100Tk cashback! 50GB @398Tk 30din: cutt.ly/hwltB5hC,Banglish,Shudhu ajke 100Tk cashback! 50GB @398Tk 30din: cutt.ly/hwltB5hC,False,False
promo,TK50 cashback pro-level data deal: 50GB@TK448 for 30 days: cutt.ly/nwMwL8Y1,English,TK50 cashback pro-level data deal: 50GB@TK448 for 30 days: cutt.ly/nwMwL8Y1,False,False
promo,Restaurant-e khawar upor 15% chhad! Offer-ti shimito shomoy-er jonno. Ajei ashun!,Banglish,Restaurant-e khawar upor 15% chhad! Offer-ti shimito shomoy-er jonno. Ajei ashun!,False,False
promo,Chaldal Weekly Saver: Grocery order 1200TK+ and get 200TK cashback using Nagad. Free delivery ajker din e.,Banglish,Chaldal Weekly Saver: Grocery order 1200TK+ and get 200TK cashback using Nagad. Free delivery ajker din e.,False,False
promo,"আড্ডা+ইন্টারনেটিংয়ে নতুন ডিল ১২জিবি+৩০০মি@২৯৭৳,৩০দিন cutt.ly/Nw0efEst",Bengali,"আড্ডা+ইন্টারনেটিংয়ে নতুন ডিল ১২জিবি+৩০০মি@২৯৭৳,৩০দিন cutt.ly/Nw0efEst",False,False
promo,Shohoz ride e ajke rain discount 30%. Promo code: RAIN30,Banglish,Shohoz ride e ajke rain discount 30%. Promo code: RAIN30,False,False
promo,"TK.১০০ cashback-এ ৩১GB+৪৫০min.@TK.৩৯৯,৩০days, নিয়ে নাও: cutt.ly/2wQlYv6U",CodeMix,"TK.১০০ cashback-এ ৩১GB+৪৫০min.@TK.৩৯৯,৩০days, নিয়ে নাও: cutt.ly/2wQlYv6U",False,False
promo,Offer: shob electronics e 10% cashback. Code: ELEC10.,Banglish,Offer: shob electronics e 10% cashback. Code: ELEC10.,False,False
promo,৭৯পয়সা প্রতি মিনিট ১৫দিন মেয়াদের কল রেট অফারটি নিতে ১১৯ টাকা রিচার্জ  করুন। ,Bengali,৭৯পয়সা প্রতি মিনিট ১৫দিন মেয়াদের কল রেট অফারটি নিতে ১১৯ টাকা রিচার্জ করুন।,False,False
promo,Banglalink ultranet saver: 2GB + 100 min call pack only 98TK. Validity 7 days. Dial *222*98# to activate now.,Banglish,Banglalink ultranet saver: 2GB + 100 min call pack only 98TK. Validity 7 days. Dial *222*98# to activate now.,False,False
promo,"GP offer: Recharge ৩০০ TK এবং ৩ GB extra data পান। Limited time, recharge today এবং enjoy full benefit",CodeMix,"GP offer: Recharge ৩০০ TK এবং ৩ GB extra data পান। Limited time, recharge today এবং enjoy full benefit",False,False
promo,"Cashback-এ century ৳১০০! 46GB @ ৳৩৯৮,30দিন: cutt.ly/AwQzYxAf",CodeMix,"Cashback-এ century ৳১০০! 46GB @ ৳৩৯৮,30দিন: cutt.ly/AwQzYxAf",False,False
promo,"Pro-level internet throughout the week, get 25GB@219TK: cutt.ly/2wEyml8b",English,"Pro-level internet throughout the week, get 25GB@219TK: cutt.ly/2wEyml8b",False,False
promo,Pathao ride এ ২০% discount আজ। Book করুন এখনই!,CodeMix,Pathao ride এ ২০% discount আজ। Book করুন এখনই!,False,False
promo,"Bangladesh Textile Mills fabric sale! Premium cotton, silk fabrics 30% off. Wholesale prices available!",English,"Bangladesh Textile Mills fabric sale! Premium cotton, silk fabrics 30% off. Wholesale prices available!",False,False
promo,"Robi recharge ২০০ TK এবং ৬০ TK bonus। Offer valid first ১০০০ users only, hurry up and claim today",CodeMix,"Robi recharge ২০০ TK এবং ৬০ TK bonus। Offer valid first ১০০০ users only, hurry up and claim today",False,False
promo,Free delivery সব order এ। Limited time এর জন্য।,CodeMix,Free delivery সব order এ। Limited time এর জন্য।,False,False
promo,Bonus সহ ২GB-৪০TK-৭days। Dial *১২১*৫০৩৭# বা mygp.li/mo,CodeMix,Bonus সহ ২GB-৪০TK-৭days। Dial *১২১*৫০৩৭# বা mygp.li/mo,False,False
promo,"Beshi beshi adda+internetyng,nao 5GB+150min@TK149,7din cutt.ly/owEyhCVt",Banglish,"Beshi beshi adda+internetyng,nao 5GB+150min@TK149,7din cutt.ly/owEyhCVt",False,False
promo,"Daraz App আজ দিচ্ছে মেগা সেল অফার! ইলেকট্রনিক্স, ফ্যাশন ও হোম প্রোডাক্টে সর্বোচ্চ ৭০% ডিসকাউন্ট। কোড ব্যবহার করুন BIG70 আর উপভোগ করুন বিশাল সাশ্রয়। অফার আজ রাত পর্যন্ত।",Bengali,"Daraz App আজ দিচ্ছে মেগা সেল অফার! ইলেকট্রনিক্স, ফ্যাশন ও হোম প্রোডাক্টে সর্বোচ্চ ৭০% ডিসকাউন্ট। কোড ব্যবহার করুন BIG70 আর উপভোগ করুন বিশাল সাশ্রয়। অফার আজ রাত পর্যন্ত।",False,False
promo,"125TK cashback best offer 61GB+1000mins@774TK, 30days: cutt.ly/8wBQC0MC",English,"125TK cashback best offer 61GB+1000mins@774TK, 30days: cutt.ly/8wBQC0MC",False,False
promo,Rate list update-এর জন্য public opinion collect করা হচ্ছে। Opinion দেওয়ার জন্য BTRC-র website-এর notice board দেখুন (http://www.btrc.gov.bd/)। আপনার valuable opinion আমাদের কাছে অত্যন্ত important।-BTRC,CodeMix,Rate list update-এর জন্য public opinion collect করা হচ্ছে। Opinion দেওয়ার জন্য BTRC-র website-এর notice board দেখুন [URL] আপনার valuable opinion আমাদের কাছে অত্যন্ত important।-BTRC,True,False
promo,"বেশি বেশি chat+internet,নাও ৫GB+১৫০min@১৪৯TK,৭days cutt.ly/owEyhCVt",CodeMix,"বেশি বেশি chat+internet,নাও ৫GB+১৫০min@১৪৯TK,৭days cutt.ly/owEyhCVt",False,False
promo,ঢাকা-Mawa Expressway-সংলগ্ন plot মাত্র ২lakh 01894939231,CodeMix,ঢাকা-Mawa Expressway-সংলগ্ন plot মাত্র ২lakh [PHONE],False,True
promo,"Interneting e pocket saving, nao 2GB@TK69, 7din: cutt.ly/CwUPKGTR",Banglish,"Interneting e pocket saving, nao 2GB@TK69, 7din: cutt.ly/CwUPKGTR",False,False
promo,"৪০৳ চিল ক্যাশব্যাকে ৩৫জিবি+৫০০মি.@৪৫৯৳ ৩০দিন, নাও: cutt.ly/0wO6Jggn",Bengali,"৪০৳ চিল ক্যাশব্যাকে ৩৫জিবি+৫০০মি.@৪৫৯৳ ৩০দিন, নাও: cutt.ly/0wO6Jggn",False,False
promo,"৳১০০ ক্যাশব্যাক! ৩০জিবি+৫০০মি. @৳৩৯৯ ৩০দিন,নিয়ে নাও: cutt.ly/AwkY4L2C",Bengali,"৳১০০ ক্যাশব্যাক! ৩০জিবি+৫০০মি. @৳৩৯৯ ৩০দিন,নিয়ে নাও: cutt.ly/AwkY4L2C",False,False
promo,মেন্সওয়ার্ল্ড এখন নবরুপে বসুন্ধরা সিটি এপারেল জোনে।লেভেল-৮ ০১৮৯৬০০১৯০৩,Bengali,মেন্সওয়ার্ল্ড এখন নবরুপে বসুন্ধরা সিটি এপারেল জোনে।লেভেল- [PHONE],False,True
promo,"১৮ মে আন্তর্জাতিক জাদুঘর দিবস। এবারের প্রতিপাদ্য : ""জাদুঘর, স্থায়িত্ব ও সমৃদ্ধি ""। এ উপলক্ষ্যে বাংলাদেশ জাতীয় জাদুঘরের দিনব্যাপী আয়োজনে আপনি সাদরে আমন্ত্রিত। ",Bengali,"১৮ মে আন্তর্জাতিক জাদুঘর দিবস। এবারের প্রতিপাদ্য : ""জাদুঘর, স্থায়িত্ব ও সমৃদ্ধি ""। এ উপলক্ষ্যে বাংলাদেশ জাতীয় জাদুঘরের দিনব্যাপী আয়োজনে আপনি সাদরে আমন্ত্রিত।",False,False
promo,GP STAR গ্রাহকদের জন্য বিশেষ বোনাস—৫০০ টাকা রিচার্জে ১০০ টাকা ফ্রি। *121*500# ডায়াল করুন।,Bengali,GP STAR গ্রাহকদের জন্য বিশেষ বোনাস—৫০০ টাকা রিচার্জে ১০০ টাকা ফ্রি। *121*500# ডায়াল করুন।,False,False
promo,Banglalink গ্রাহকরা ১০০ টাকা রিচার্জে ১০০ এসএমএস ফ্রি পাবেন।,Bengali,Banglalink গ্রাহকরা ১০০ টাকা রিচার্জে ১০০ এসএমএস ফ্রি পাবেন।,False,False
promo,"Banglalink গ্রাহকগণ, বিকেলে রিচার্জ করলে ৩০% বোনাস। অফার ৬টা পর্যন্ত।",Bengali,"Banglalink গ্রাহকগণ, বিকেলে রিচার্জ করলে ৩০% বোনাস। অফার ৬টা পর্যন্ত।",False,False
promo,"৳৮০ ক্যাশব্যাকে বেশি বেশি ডাটা ৩০জিবি@৳৩১৯, ৩০দিন cutt.ly/aw59tNYD",Bengali,"৳৮০ ক্যাশব্যাকে বেশি বেশি ডাটা ৩০জিবি@৳৩১৯, ৩০দিন cutt.ly/aw59tNYD",False,False
promo,Star Kabab grand opening! 50% off all items. Banani. Book now: 01739584672!,English,Star Kabab grand opening! 50% off all items. Banani. Book now: [PHONE] !,False,True
promo,"“আপনার life, health ও property এর unexpected/accidental damage reduce করার solution হলো insurance। Insurance করুন, risk-free থাকুন”-Insurance Development & Regulatory Authority।",CodeMix,"“আপনার life, health ও property এর unexpected/accidental damage reduce করার solution হলো insurance। Insurance করুন, risk-free থাকুন”-Insurance Development & Regulatory Authority।",False,False
promo,Pickaboo electronics week: Smartphones up to 7000TK discount + EMI facility. Visit pickaboo.com for best deals.,Banglish,Pickaboo electronics week: Smartphones up to 7000TK discount + EMI facility. Visit [URL] for best deals.,True,False
promo,"Lee Cooper London-er winter collection mokasin shoe, polo shirt, jeans joldi",Banglish,"Lee Cooper London-er winter collection mokasin shoe, polo shirt, jeans joldi",False,False
promo,আজকের স্পেশাল: সব বইয়ে ১৫% ছাড়। দেরি না করে এখনই অর্ডার করুন।,Bengali,আজকের স্পেশাল: সব বইয়ে ১৫% ছাড়। দেরি না করে এখনই অর্ডার করুন।,False,False
promo,"180TK cashback e shera offer 61GB+1000min@ TK719,30din: cutt.ly/wwE5YMXC",Banglish,"180TK cashback e shera offer 61GB+1000min@ TK719,30din: cutt.ly/wwE5YMXC",False,False
promo,"Robi recharge ২০০ TK এবং ৭০ TK bonus। First ১০০০ users only, hurry up claim today",CodeMix,"Robi recharge ২০০ TK এবং ৭০ TK bonus। First ১০০০ users only, hurry up claim today",False,False
promo,"Eid kenakata hok Diamond World-er sathe, upobhog korun Diamond gohonay 25% chhad o Gold-er akorshoniyo collection. Visit: qrco.de/beuAOs, 01713199270",Banglish,"Eid kenakata hok Diamond World-er sathe, upobhog korun Diamond gohonay 25% chhad o Gold-er akorshoniyo collection. Visit: qrco.de/beuAOs, [PHONE]",False,True
promo,বিকাশ পেমেন্টে ক্যাশব্যাক! সব শপে ১০% রিওয়ার্ড পান।,Bengali,বিকাশ পেমেন্টে ক্যাশব্যাক! সব শপে ১০% রিওয়ার্ড পান।,False,False
promo,"Pocket saving with TK30 cashback- 12GB+200min @TK169, 7 days: cutt.ly/Mw59ykAZ",English,"Pocket saving with TK30 cashback- 12GB+200min @TK169, 7 days: cutt.ly/Mw59ykAZ",False,False
promo,"৳২৫ cashback-এ এবার আরো বেশি data 50GB@ ৳৪৭৩, 30দিন cutt.ly/zwTmxzpd",CodeMix,"৳২৫ cashback-এ এবার আরো বেশি data 50GB@ ৳৪৭৩, 30দিন cutt.ly/zwTmxzpd",False,False
promo,"Cashback century 100 TK! 30GB + 500 mins @ 399 TK, 30 days: cutt.ly/AwkY4L2C",CodeMix,"Cashback century 100 TK! 30GB + 500 mins @ 399 TK, 30 days: cutt.ly/AwkY4L2C",False,False
promo,Singer factory outlet! furniture 50% off. Banani showroom!,English,Singer factory outlet! furniture 50% off. Banani showroom!,False,False
promo,"Robi গ্রাহকদের জন্য রবিবার স্পেশাল অফার: ৬ জিবি মাত্র ৯৯ টাকা, বৈধতা ৭ দিন। ডায়াল করুন *123*99#। অফার সীমিত সময়ের জন্য।",Bengali,"Robi গ্রাহকদের জন্য রবিবার স্পেশাল অফার: ৬ জিবি মাত্র ৯৯ টাকা, বৈধতা ৭ দিন। ডায়াল করুন *123*99#। অফার সীমিত সময়ের জন্য।",False,False
promo,"Fullon internetying e pocket saving,nao 2GB@TK69,7 din- cutt.ly/CwUPKGTR",Banglish,"Fullon internetying e pocket saving,nao 2GB@TK69,7 din- cutt.ly/CwUPKGTR",False,False
promo,Walton smartphone কিনলে gift voucher পাবেন TK 600। Order করুন আজই!,CodeMix,Walton smartphone কিনলে gift voucher পাবেন TK 600। Order করুন আজই!,False,False
promo,100৳ cashback last day! 31GB+450min.@399৳ 30দিন: cutt.ly/2wQlYv6U,CodeMix,100৳ cashback last day! 31GB+450min.@399৳ 30দিন: cutt.ly/2wQlYv6U,False,False
promo,"Pocket saving in interneting, get 10GB@TK158,7 days: cutt.ly/FwUC6vhp",English,"Pocket saving in interneting, get 10GB@TK158,7 days: cutt.ly/FwUC6vhp",False,False
promo,গ্র্যাব বাইক রাইডে ২৫% ছাড়! সর্বোচ্চ ৭৫ টাকা পর্যন্ত সাশ্রয়।,Bengali,গ্র্যাব বাইক রাইডে ২৫% ছাড়! সর্বোচ্চ ৭৫ টাকা পর্যন্ত সাশ্রয়।,False,False
promo,"আজ bank থেকে bKash-এ ৫০০ টাকা আনলেই ১০ টাকা cashback, ১ বার! TCA",CodeMix,"আজ bank থেকে bKash-এ ৫০০ টাকা আনলেই ১০ টাকা cashback, ১ বার! TCA",False,False
promo,Uber Eats: First order discount 50% up to 150TK. Use code UBEREATS50. Valid till 15th Sept.,Banglish,Uber Eats: First order discount 50% up to 150TK. Use code UBEREATS50. Valid till 15th Sept.,False,False
promo,Banglalink unlimited music lovers offer: Sudhu 109TK e 30 din unlimited gaan sunar facility. Caller tune free included. Dial *222*109# and enjoy music non-stop.,Banglish,Banglalink unlimited music lovers offer: Sudhu 109TK e 30 din unlimited gaan sunar facility. Caller tune free included. Dial *222*109# and enjoy music non-stop.,False,False
promo,City Bank app pay করুন এবং instant cashback ২০% পান। Download now এবং enjoy hassle-free secure transactions,CodeMix,City Bank app pay করুন এবং instant cashback ২০% পান। Download now এবং enjoy hassle-free secure transactions,False,False
promo,"Mega cashback TK250! Get 60GB+1600min.@TK749, 30days: cutt.ly/yeqcP3pE",English,"Mega cashback TK250! Get 60GB+1600min.@TK749, 30days: cutt.ly/yeqcP3pE",False,False
promo,"TK399 তে TK499 এর offer! নাও 31GB+450min., 30 দিন: cutt.ly/2wQlYv6U",CodeMix,"TK399 তে TK499 এর offer! নাও 31GB+450min., 30 দিন: cutt.ly/2wQlYv6U",False,False
promo,Shopno department store Eid collection! Latest fashion 25% off. Visit Dhanmondi branch.,Banglish,Shopno department store Eid collection! Latest fashion 25% off. Visit Dhanmondi branch.,False,False
promo,Apex leather shoes Eid offer! Formal shoes 30% discount. Visit outlets.,Banglish,Apex leather shoes Eid offer! Formal shoes 30% discount. Visit outlets.,False,False
promo,Shera offer! Bonus soho 5GB-50taka-3din. Dial *121*5650# ba mygp.li/my,Banglish,Shera offer! Bonus soho 5GB-50taka-3din. Dial *121*5650# ba mygp.li/my,False,False
promo,"GP Pay দিয়ে বিল পরিশোধ করুন আর পান ৫% ক্যাশব্যাক, সর্বোচ্চ ২০০ টাকা পর্যন্ত।",Bengali,"GP Pay দিয়ে বিল পরিশোধ করুন আর পান ৫% ক্যাশব্যাক, সর্বোচ্চ ২০০ টাকা পর্যন্ত।",False,False
promo,বিশেষ অফার: সব বাচ্চাদের পোশাকে ২০% ডিসকাউন্ট।,Bengali,বিশেষ অফার: সব বাচ্চাদের পোশাকে ২০% ডিসকাউন্ট।,False,False
promo,"Pocket saving on pro-level internet: 3GB@TK 98, 7 days cutt.ly/9wEyjoLc",English,"Pocket saving on pro-level internet: 3GB@TK 98, 7 days cutt.ly/9wEyjoLc",False,False
promo,বাংলালিংকের সাপ্তাহিক ক্যাশব্যাক অফার – ২০০ টাকার রিচার্জে পান ৫০ টাকা বোনাস। রিচার্জ করতে আপনার নিকটস্থ দোকানে যান।,Bengali,বাংলালিংকের সাপ্তাহিক ক্যাশব্যাক অফার – ২০০ টাকার রিচার্জে পান ৫০ টাকা বোনাস। রিচার্জ করতে আপনার নিকটস্থ দোকানে যান।,False,False
promo,"Shwapno Eid fest: Grocery shopping e buy 1 get 1 free on selected products like rice, oil, and sugar. Visit your nearest Shwapno today and enjoy special discount.",Banglish,"Shwapno Eid fest: Grocery shopping e buy 1 get 1 free on selected products like rice, oil, and sugar. Visit your nearest Shwapno today and enjoy special discount.",False,False
promo,25% discount on diamond jewelry for Eid shopping until Chaand Raat. Phone: 01713199270,English,25% discount on diamond jewelry for Eid shopping until Chaand Raat. Phone: [PHONE],False,True
promo,"30TK cashback! 31GB+450min.@469TK 30din, niye nao: cutt.ly/hwTmxGd8",Banglish,"30TK cashback! 31GB+450min.@469TK 30din, niye nao: cutt.ly/hwTmxGd8",False,False
promo,"“Health, nutrition, and prosperity are desired, there is no alternative to safe food.” 02 February National Safe Food Day 2024, may it be successful. Bangladesh Safe Food Authority, Ministry of Food.",English,"“Health, nutrition, and prosperity are desired, there is no alternative to safe food.” 02 February National Safe Food Day 2024, may it be successful. Bangladesh Safe Food Authority, Ministry of Food.",False,False
promo,"৮০মিনিট মাত্র ৫৯টাকা (৫দিন), নিতে ডায়াল করুন *১২১*৪২০৫#",Bengali,"৮০মিনিট মাত্র ৫৯টাকা (৫দিন), নিতে ডায়াল করুন *১২১*৪২০৫#",False,False
promo,Banglalink Game Portal-এ সাবস্ক্রিপশন প্রথম সপ্তাহ ফ্রি। সীমিত সময়ের জন্য।,Bengali,Banglalink Game Portal-এ সাবস্ক্রিপশন প্রথম সপ্তাহ ফ্রি। সীমিত সময়ের জন্য।,False,False
promo,"Success of Sheikh Hasina government: Over the past 14 years, construction of 1441 km of embankments has expanded flood control and drainage facilities over 443,000 hectares nationwide.",English,"Success of Sheikh Hasina government: Over the past 14 years, construction of 1441 km of embankments has expanded flood control and drainage facilities over 443,000 hectares nationwide.",False,False
promo,Offer: shob grocery te 10% cashback. Shudhu ajkar jonne.,Banglish,Offer: shob grocery te 10% cashback. Shudhu ajkar jonne.,False,False
promo,"১৮০৳ cashback শেষ দিন,নাও 61GB+1000min@৳৭১৯,30দিন: cutt.ly/wwE5YMXC",CodeMix,"১৮০৳ cashback শেষ দিন,নাও 61GB+1000min@৳৭১৯,30দিন: cutt.ly/wwE5YMXC",False,False
promo,Sheikh Hasina shorkarer shafollyo: 2006 shale polli samajsheba kormosuchiir awotay shudmukto khudro rin shahajotho praptho jonogoshthir shonkha chilo 21 lokkho 77 hajar. Bortoman shorkarer shomoy e ta dariyeche 34 lokkho 90 hajar.,Banglish,Sheikh Hasina shorkarer shafollyo: 2006 shale polli samajsheba kormosuchiir awotay shudmukto khudro rin shahajotho praptho jonogoshthir shonkha chilo 21 lokkho 77 hajar. Bortoman shorkarer shomoy e ta dariyeche 34 lokkho 90 hajar.,False,False
promo,Nagad payment করলে instant cashback পাবেন। Use code: CASHBACK20,CodeMix,Nagad payment করলে instant cashback পাবেন। Use code: CASHBACK20,False,False
promo,"Robi recharge ২০০ TK get ৫০ TK bonus। First ১০০০ users only, hurry up, claim today",CodeMix,"Robi recharge ২০০ TK get ৫০ TK bonus। First ১০০০ users only, hurry up, claim today",False,False
promo,Daraz 11.11 sale - up to 15% cashback + free delivery. https://click.daraz.com.bd/e/_CUeCuf Terms apply,English,Daraz 11.11 sale - up to 15% cashback + free delivery. [URL] Terms apply,True,False
promo,"ডাবলসেঞ্চুরি ক্যাশব্যাক ৳২০০!৬১জিবি+১০০০মি@৳৬৯৯,৩০দিন cutt.ly/FwQhpKHc",Bengali,"ডাবলসেঞ্চুরি ক্যাশব্যাক ৳২০০!৬১জিবি+১০০০মি@৳৬৯৯,৩০দিন cutt.ly/FwQhpKHc",False,False
promo,"35GB+800min-600Tk-30din(bonus soho), nite *121*5262# othoba mygp.li/a8",Banglish,"35GB+800min-600Tk-30din(bonus soho), nite *121*5262# othoba mygp.li/a8",False,False
promo,Bkash app theke nao tomar pochonder skitto packs eikhoni: cutt.ly/Zwcqh6YQ,Banglish,Bkash app theke nao tomar pochonder skitto packs eikhoni: cutt.ly/Zwcqh6YQ,False,False
promo,DBBL online banking payment করুন এবং exclusive loyalty points পান। Register now এবং future bills এ redeem করুন,CodeMix,DBBL online banking payment করুন এবং exclusive loyalty points পান। Register now এবং future bills এ redeem করুন,False,False
promo,"আমার টাকায় আমার সেতু,বাংলাদেশের পদ্মা সেতু।একটি স্বপ্নের উম্মোচন। ২৫ জুন মাননীয় প্রধানমন্ত্রী স্বপ্নের পদ্মা সেতু শুভ উদ্বোধন করবেন।চোখ রাখুন,বিটিভি,সকাল ১০ টায়। বাংলাদেশ সেতু কর্তৃপক্ষ, সেতু বিভাগ।",Bengali,"আমার টাকায় আমার সেতু,বাংলাদেশের পদ্মা সেতু।একটি স্বপ্নের উম্মোচন। ২৫ জুন মাননীয় প্রধানমন্ত্রী স্বপ্নের পদ্মা সেতু শুভ উদ্বোধন করবেন।চোখ রাখুন,বিটিভি,সকাল ১০ টায়। বাংলাদেশ সেতু কর্তৃপক্ষ, সেতু বিভাগ।",False,False
promo,Banglalink Music App সাবস্ক্রিপশন এখন মাত্র ১৫ টাকা প্রতি সপ্তাহে। সক্রিয় করতে *5000# ডায়াল করুন।,Bengali,Banglalink Music App সাবস্ক্রিপশন এখন মাত্র ১৫ টাকা প্রতি সপ্তাহে। সক্রিয় করতে *5000# ডায়াল করুন।,False,False
promo,"ঈদ কেনাকাটা হোক ডায়মন্ড ওয়ার্ল্ডের সাথে, উপভোগ করুন ডায়মন্ড গহনায় ২৫%ছাড় ও গোল্ডের আকর্ষণীয় কালেকশন। ভিজিট:qrco.de/beuAOs, ০১৭১৩১৯৯২৭০",Bengali,"ঈদ কেনাকাটা হোক ডায়মন্ড ওয়ার্ল্ডের সাথে, উপভোগ করুন ডায়মন্ড গহনায় ২৫%ছাড় ও গোল্ডের আকর্ষণীয় কালেকশন। ভিজিট:qrco.de/beuAOs, [PHONE]",False,True
promo,Foodpanda free delivery! Minimum order 300TK. Use code: FREEDEL,Banglish,Foodpanda free delivery! Minimum order 300TK. Use code: FREEDEL,False,False
promo,"Call 16122 or visit land.gov.bd to get land services from home. -Ministry of Land.""",English,"Call 16122 or visit [URL] to get land services from home. -Ministry of Land.""",True,False
promo,Yellow taxi app launch! First ride 50% off. Download and enjoy.,Banglish,Yellow taxi app launch! First ride 50% off. Download and enjoy.,False,False
promo,Grameenphone Special: 25GB + unlimited calls for only 399 TK. Valid 30 days. Dial *121*3399# now!,English,Grameenphone Special: 25GB + unlimited calls for only 399 TK. Valid 30 days. Dial *121*3399# now!,False,False
promo,"GP Talktime Pack: Recharge 109TK and get 250 mins free calls, validity 15 days. Dial *121*109#.",Banglish,"GP Talktime Pack: Recharge 109TK and get 250 mins free calls, validity 15 days. Dial *121*109#.",False,False
promo,"Pro-level TK55 cashback 35GB+500min@TK444, 30 days: cutt.ly/XernQ63M",English,"Pro-level TK55 cashback 35GB+500min@TK444, 30 days: cutt.ly/XernQ63M",False,False
promo,"45 TK cashback! 46GB @ 453 TK, 30 days – grab it now: cutt.ly/4wQzxdl1",CodeMix,"45 TK cashback! 46GB @ 453 TK, 30 days – grab it now: cutt.ly/4wQzxdl1",False,False
promo,Foodpanda weekend special: Buy 1 get 1 free on all pizzas!,English,Foodpanda weekend special: Buy 1 get 1 free on all pizzas!,False,False
promo,Daraz Big Sale—ইলেকট্রনিক্সে ৫০% পর্যন্ত ছাড়। আজ রাত ১২টা পর্যন্ত।,Bengali,Daraz Big Sale—ইলেকট্রনিক্সে ৫০% পর্যন্ত ছাড়। আজ রাত ১২টা পর্যন্ত।,False,False
promo,"30GB @300TK,30din! full-on internet korar jonno nao- cutt.ly/jwkuSC76",Banglish,"30GB @300TK,30din! full-on internet korar jonno nao- cutt.ly/jwkuSC76",False,False
promo,আজ ও কাল Men's World-এ flat ৫০% discount cutt.ly/fmw,CodeMix,আজ ও কাল Men's World-এ flat ৫০% discount cutt.ly/fmw,False,False
promo,"Data mixer e koro pocket saving, nao 10GB@TK249,30din: cutt.ly/owARsARN",Banglish,"Data mixer e koro pocket saving, nao 10GB@TK249,30din: cutt.ly/owARsARN",False,False
promo,20% discount on new fashion collection. Come today!,English,20% discount on new fashion collection. Come today!,False,False
promo,Robi mega recharge bonus: 299TK recharge korlei paben 20GB data + 300 mins call bonus for 30 days. Offer shesh hobe 15th Sept e. Amar Robi app e activate korun and enjoy super connectivity.,Banglish,Robi mega recharge bonus: 299TK recharge korlei paben 20GB data + 300 mins call bonus for 30 days. Offer shesh hobe 15th Sept e. Amar Robi app e activate korun and enjoy super connectivity.,False,False
promo,বিকাশে ৫০০০ টাকা ডিপোজিট করলে ১০০০ টাকা বোনাস! আজই সুযোগ নিন।,Bengali,বিকাশে ৫০০০ টাকা ডিপোজিট করলে ১০০০ টাকা বোনাস! আজই সুযোগ নিন।,False,False
promo,"Pathao Food happy hour: Every evening 6pm–9pm, enjoy flat 30% discount on all orders above 300TK. Promo code: FOOD30. Order from Pathao app ar moja korun.",Banglish,"Pathao Food happy hour: Every evening 6pm–9pm, enjoy flat 30% discount on all orders above 300TK. Promo code: FOOD30. Order from Pathao app ar moja korun.",False,False
promo,Chaldal delivers fresh vegetables to your door. 200TK off on first order!,English,Chaldal delivers fresh vegetables to your door. 200TK off on first order!,False,False
promo,GP internet pack আজ থেকে ৭ দিন limited offer। Activate করুন online!,CodeMix,GP internet pack আজ থেকে ৭ দিন limited offer। Activate করুন online!,False,False
promo,"Level up with new deal internet 25GB+400min@TK397, 30 days cutt.ly/oeeJSDbP",English,"Level up with new deal internet 25GB+400min@TK397, 30 days cutt.ly/oeeJSDbP",False,False
promo,DBBL online payment এ reward points পান। Register now এবং future bill pay এ benefit পান।,CodeMix,DBBL online payment এ reward points পান। Register now এবং future bill pay এ benefit পান।,False,False
promo,Bkash দিয়ে Daraz-এ পেমেন্ট করলে ১৫% ইনস্ট্যান্ট ক্যাশব্যাক। সর্বোচ্চ ২০০ টাকা।,Bengali,Bkash দিয়ে Daraz-এ পেমেন্ট করলে ১৫% ইনস্ট্যান্ট ক্যাশব্যাক। সর্বোচ্চ ২০০ টাকা।,False,False
promo,offer er chharachhari! akhuni kinun 20% chhate apnar pochonder poshak. shudhu ajker jonno!,Banglish,offer er chharachhari! akhuni kinun 20% chhate apnar pochonder poshak. shudhu ajker jonno!,False,False
promo,"“পাসপোর্ট ও ভিসা সংক্রান্ত তথ্য পেতে পাসপোর্ট বাতায়নে দেশ থেকে ১৬৪৪৫ নম্বরে ও বিদেশ থেকে ০৯৬৬৬৭১৬৪৪৫ নম্বরে ফোন করুন। 
পাসপোর্ট ও ভিসা পেতে সরকার কর্তৃক নির্ধারিত ফি ব্যতীত কোন অর্থ লেনদেন করবেন না।”",Bengali,“পাসপোর্ট ও ভিসা সংক্রান্ত তথ্য পেতে পাসপোর্ট বাতায়নে দেশ থেকে ১৬৪৪৫ নম্বরে ও বিদেশ থেকে [PHONE] নম্বরে ফোন করুন। পাসপোর্ট ও ভিসা পেতে সরকার কর্তৃক নির্ধারিত ফি ব্যতীত কোন অর্থ লেনদেন করবেন না।”,False,True
promo,'E-driving license can be used by displaying it on smart mobile phones.' - BRTA,English,'E-driving license can be used by displaying it on smart mobile phones.' - BRTA,False,False
promo,"200 TK cashback e shreshtho offer 61GB+1000min@699TK, 30din: cutt.ly/FwQhpKHc",Banglish,"200 TK cashback e shreshtho offer 61GB+1000min@699TK, 30din: cutt.ly/FwQhpKHc",False,False
promo,"৩০৳ ক্যাশব্যাক! ৩১জিবি+৪৫০মি.@৪৬৯৳ ৩০দিন, নিয়ে নাও: cutt.ly/hwTmxGd8",Bengali,"৩০৳ ক্যাশব্যাক! ৩১জিবি+৪৫০মি.@৪৬৯৳ ৩০দিন, নিয়ে নাও: cutt.ly/hwTmxGd8",False,False
promo,Pathao Rides-এ আজ সব রাইডে ১৫% ছাড়। কোড: PATHAO15।,Bengali,Pathao Rides-এ আজ সব রাইডে ১৫% ছাড়। কোড: PATHAO15।,False,False
promo,Robi 4G Mega Saver: Recharge 199TK and instantly paben 15GB internet + 150 mins calls. Offer shesh hobe 20th Sept. Amar Robi app theke activate korun ekhuni.,Banglish,Robi 4G Mega Saver: Recharge 199TK and instantly paben 15GB internet + 150 mins calls. Offer shesh hobe 20th Sept. Amar Robi app theke activate korun ekhuni.,False,False
promo,"নবরাত্রি অফার! সব শাড়িতে ৪০% ছাড়। বসুন্ধরা মল, আজ থেকে ৯ দিন।",Bengali,"নবরাত্রি অফার! সব শাড়িতে ৪০% ছাড়। বসুন্ধরা মল, আজ থেকে ৯ দিন।",False,False
promo,"GP Summer pack: Recharge 249TK and get 15GB internet + 150 min call, validity 30 days. Amar GP app e peye jaben special voucher extra. Ei offer sudhu September month er jonno available, tai deri korben na!",Banglish,"GP Summer pack: Recharge 249TK and get 15GB internet + 150 min call, validity 30 days. Amar GP app e peye jaben special voucher extra. Ei offer sudhu September month er jonno available, tai deri korben na!",False,False
promo,"GP new recharge offer: ৫০০ TK এবং ৩ GB extra data। Limited time offer, recharge করুন আজই এবং enjoy full benefits",CodeMix,"GP new recharge offer: ৫০০ TK এবং ৩ GB extra data। Limited time offer, recharge করুন আজই এবং enjoy full benefits",False,False
promo,"২০জিবি @৩০৯৳ ৩০দিন,মন মতো বানিয়ে নাও ডাটা মিক্সারে- cutt.ly/HwFKsbAy",Bengali,"২০জিবি @৩০৯৳ ৩০দিন,মন মতো বানিয়ে নাও ডাটা মিক্সারে- cutt.ly/HwFKsbAy",False,False
promo,এক্সক্লুসিভ অফার! Samsung গ্যালাক্সিতে ১৫০০০ টাকা ছাড়। স্টক সীমিত।,Bengali,এক্সক্লুসিভ অফার! Samsung গ্যালাক্সিতে ১৫০০০ টাকা ছাড়। স্টক সীমিত।,False,False
promo,Shohoz bike ride special: First 3 rides 50% discount for new users. Promo code: BIKE50. Offer valid till 30th Sept.,Banglish,Shohoz bike ride special: First 3 rides 50% discount for new users. Promo code: BIKE50. Offer valid till 30th Sept.,False,False
promo,২৬ জানুয়ারি ২০২৪ আন্তর্জাতিক কাস্টমস দিবস উদযাপিত হচ্ছে। এবারের প্রতিপাদ্য বিষয় ‘‘মিলে নবীন-পুরনো অংশীজন/কাস্টমস করবে লক্ষ্য অর্জন”। জাতীয় রাজস্ব বোর্ড,Bengali,২৬ জানুয়ারি ২০২৪ আন্তর্জাতিক কাস্টমস দিবস উদযাপিত হচ্ছে। এবারের প্রতিপাদ্য বিষয় ‘‘মিলে নবীন-পুরনো অংশীজন/কাস্টমস করবে লক্ষ্য অর্জন”। জাতীয় রাজস্ব বোর্ড,False,False
promo,"Hotspot cashback ১৮TK! Hotspot deal এ ২২GB@১৭৯TK, ৭days: cutt.ly/fwLo4TBP",CodeMix,"Hotspot cashback ১৮TK! Hotspot deal এ ২২GB@১৭৯TK, ৭days: cutt.ly/fwLo4TBP",False,False
promo,10 bochor agey ajker dinei shuru hoyechhilo Grameenphone-er sathe apnar pothchola. Asha kori agami din-gulo hobe aro shundor o sombhabonamoy.,Banglish,10 bochor agey ajker dinei shuru hoyechhilo Grameenphone-er sathe apnar pothchola. Asha kori agami din-gulo hobe aro shundor o sombhabonamoy.,False,False
promo,Bkash cashback! 500TK shopping e 50TK instant back. Valid till 10th Sept.,Banglish,Bkash cashback! 500TK shopping e 50TK instant back. Valid till 10th Sept.,False,False
promo,আমাদের প্রোডাক্টে ডিসকাউন্ট চলছে। বিস্তারিত জানাতে এই নাম্বারে যোগাযোগ করুন: ০১৭৮৯৬৫৪৩২১।,Bengali,আমাদের প্রোডাক্টে ডিসকাউন্ট চলছে। বিস্তারিত জানাতে এই নাম্বারে যোগাযোগ করুন: [PHONE] ।,False,True
promo,Daraz App ডাউনলোড করলেই নতুন ইউজাররা পাচ্ছেন ২৫০ টাকা ভাউচার। শপিং শুরু করুন আজই।,Bengali,Daraz App ডাউনলোড করলেই নতুন ইউজাররা পাচ্ছেন ২৫০ টাকা ভাউচার। শপিং শুরু করুন আজই।,False,False
promo,আমাদের নতুন product line থেকে যেকোনো item কিনলে ৳500 cashback পাবেন। This offer is only for this week।,CodeMix,আমাদের নতুন product line থেকে যেকোনো item কিনলে ৳500 cashback পাবেন। This offer is only for this week।,False,False
promo,সোনালী ব্যাংকের সেভিংস অ্যাকাউন্টে এখন ১০% পর্যন্ত সুদ। আজই খুলুন এবং বোনাস ৫০০ টাকা পান।,Bengali,সোনালী ব্যাংকের সেভিংস অ্যাকাউন্টে এখন ১০% পর্যন্ত সুদ। আজই খুলুন এবং বোনাস ৫০০ টাকা পান।,False,False
promo,Pathao Rides এ আজ ২৫% ডিসকাউন্ট। কোড PATHAO25 ব্যবহার করুন।,Bengali,Pathao Rides এ আজ ২৫% ডিসকাউন্ট। কোড PATHAO25 ব্যবহার করুন।,False,False
promo,"Nitol Motors motorcycle showroom: Honda, Yamaha bikes special financing!",English,"Nitol Motors motorcycle showroom: Honda, Yamaha bikes special financing!",False,False
promo,Airtel postpaid user এর জন্য ২০% discount offer চলছে। Don’t miss!,CodeMix,Airtel postpaid user এর জন্য ২০% discount offer চলছে। Don’t miss!,False,False
promo,"Shohoz bike ride: New user der jonno first 3 rides 50% discount with promo code BIKE50. Hurry, ei chance miss korben na!",Banglish,"Shohoz bike ride: New user der jonno first 3 rides 50% discount with promo code BIKE50. Hurry, ei chance miss korben na!",False,False
promo,Othoba Furniture Fest: Sofa set up to 40% discount. Free delivery in Dhaka city. Shop othoba.com now.,Banglish,Othoba Furniture Fest: Sofa set up to 40% discount. Free delivery in Dhaka city. Shop [URL] now.,True,False
promo,Pathao Parcel: First parcel delivery free up to 3kg. Promo code FREEDEL.,Banglish,Pathao Parcel: First parcel delivery free up to 3kg. Promo code FREEDEL.,False,False
promo,বিকাশ আ্যপ থেকে নাও তোমার পছন্দের স্কিটো প্যাকস এখনই: cutt.ly/Zwcqh6YQ,Bengali,বিকাশ আ্যপ থেকে নাও তোমার পছন্দের স্কিটো প্যাকস এখনই: cutt.ly/Zwcqh6YQ,False,False
promo,"Full-on internet এ pocket saving,নাও ২GB@৬৯TK,৭ days- cutt.ly/CwUPKGTR",CodeMix,"Full-on internet এ pocket saving,নাও ২GB@৬৯TK,৭ days- cutt.ly/CwUPKGTR",False,False
promo,Teletalk prepaid users recharge 100TK get 200TK bonus talk time!,English,Teletalk prepaid users recharge 100TK get 200TK bonus talk time!,False,False
promo,Navana Petroleum lubricants offer! All engine oils 20% discount with free oil filter. Drive smooth!,English,Navana Petroleum lubricants offer! All engine oils 20% discount with free oil filter. Drive smooth!,False,False
promo,Nagad payment করলে ১০% cashback পাবেন। Use code: NAGAD10,CodeMix,Nagad payment করলে ১০% cashback পাবেন। Use code: NAGAD10,False,False
promo,নতুন মোবাইল কিনুন এবং ১০০০ টাকা ক্যাশব্যাক পান! আজই ট্রেড ইন করুন।,Bengali,নতুন মোবাইল কিনুন এবং ১০০০ টাকা ক্যাশব্যাক পান! আজই ট্রেড ইন করুন।,False,False
promo,TK60 cashback! 20GB @TK249 30din niye nao: cutt.ly/Pwlt8cOy,Banglish,TK60 cashback! 20GB @TK249 30din niye nao: cutt.ly/Pwlt8cOy,False,False
promo,"৩০জিবি @৩০০৳,৩০দিন! ফুল-অন ইন্টারনেটিং করতে নাও- cutt.ly/jwkuSC76",Bengali,"৩০জিবি @৩০০৳,৩০দিন! ফুল-অন ইন্টারনেটিং করতে নাও- cutt.ly/jwkuSC76",False,False
promo,2GB with bonus - TK40 - 7 days. Dial *121*5037# or mygp.li/mo,English,2GB with bonus - TK40 - 7 days. Dial *121*5037# or mygp.li/mo,False,False
promo,AC servicing special offer! Clean and gas refill just 2500 TK. Call 01977334455 for booking!,English,AC servicing special offer! Clean and gas refill just 2500 TK. Call [PHONE] for booking!,False,True
promo,০৫ May International Midwife Day. এবারের theme-তথ্য থেকে বাস্তবঃ সকল midwife এক সাথে।,CodeMix,০৫ May International Midwife Day. এবারের theme-তথ্য থেকে বাস্তবঃ সকল midwife এক সাথে।,False,False
promo,November-23 Recharge: 0TK Expense: Data: 38TK Voice: 57TK Others: 0TK,English,November-23 Recharge: 0TK Expense: Data: 38TK Voice: 57TK Others: 0TK,False,False
promo,আজকের special: সব বইয়ে ১৫% discount। দেরি না করে এখনই order করুন।,CodeMix,আজকের special: সব বইয়ে ১৫% discount। দেরি না করে এখনই order করুন।,False,False
promo,"Elephant Road furniture 60% off! Bedroom set, dining set available. Visit showroom.",Banglish,"Elephant Road furniture 60% off! Bedroom set, dining set available. Visit showroom.",False,False
promo,"বেশি বেশি আড্ডা+ইন্টারনেটিং,নাও ৫জিবি+১৫০মি@৳১৪৯,৭দিন cutt.ly/owEyhCVt",Bengali,"বেশি বেশি আড্ডা+ইন্টারনেটিং,নাও ৫জিবি+১৫০মি@৳১৪৯,৭দিন cutt.ly/owEyhCVt",False,False
promo,Bonus offer: 7GB-130TK-30days. Dial *121*5469# or visit mygp.li/mo,English,Bonus offer: 7GB-130TK-30days. Dial *121*5469# or visit mygp.li/mo,False,False
promo,"Hotshot cashback 20Tk! Hotspot deal e 22GB@177Tk, 7din: cutt.ly/pw746B4G",Banglish,"Hotshot cashback 20Tk! Hotspot deal e 22GB@177Tk, 7din: cutt.ly/pw746B4G",False,False
promo,মাত্র ৯৭৳ ৩০দিন বিশ্বকাপ ক্রিকেট + ১জিবি ডাটা নিতে: cutt.ly/YwmtpRRj,Bengali,মাত্র ৯৭৳ ৩০দিন বিশ্বকাপ ক্রিকেট + ১জিবি ডাটা নিতে: cutt.ly/YwmtpRRj,False,False
promo,"Double century cashback ৳২০০!61GB+1000min@ ৳৬৯৯, 30দিন cutt.ly/FwQhpKHc",CodeMix,"Double century cashback ৳২০০!61GB+1000min@ ৳৬৯৯, 30দিন cutt.ly/FwQhpKHc",False,False
promo,Daraz Mall-এ শপিং করলে ২০০ টাকা ডিসকাউন্ট ভাউচার ফ্রি। নতুন ইউজারদের জন্য।,Bengali,Daraz Mall-এ শপিং করলে ২০০ টাকা ডিসকাউন্ট ভাউচার ফ্রি। নতুন ইউজারদের জন্য।,False,False
promo,"Shwapno Eid Saver: Buy 2kg beef and get 500gm chicken free. Limited stock, visit nearest outlet.",Banglish,"Shwapno Eid Saver: Buy 2kg beef and get 500gm chicken free. Limited stock, visit nearest outlet.",False,False
promo,"৫জিবি+১৫০মিনিট ১৩০টাকা (৩০দিন),ডায়াল *১২১*৫২০৫# বা https://mygp.li/a0",Bengali,"৫জিবি+১৫০মিনিট ১৩০টাকা (৩০দিন),ডায়াল *১২১*৫২০৫# বা [URL]",True,False
promo,"[Pathao] ডেলিভার চার্জ এখন ৳৩০! 
পাঠাও ফুড-এর ডেলিভারি চার্জ এখন ৳৩০ ফিরে এসেছে।
এখনই অর্ডার করুন পাঠাও ফুড-এ: https://cutt.ly/QNMk4Eg",Bengali,[Pathao] ডেলিভার চার্জ এখন ৳৩০! পাঠাও ফুড-এর ডেলিভারি চার্জ এখন ৳৩০ ফিরে এসেছে। এখনই অর্ডার করুন পাঠাও ফুড-এ: [URL],True,False
promo,"For system upgrades, mobile recharge via Flexiload will be unavailable from May 11 at 11:59 PM to May 12 at 8:00 AM. However, you can recharge using the MyGP app or scratch cards during this time.",English,"For system upgrades, mobile recharge via Flexiload will be unavailable from May 11 at 11:59 PM to May 12 at 8:00 AM. However, you can recharge using the MyGP app or scratch cards during this time.",False,False
promo,989893 is your verification code for feainternational.com.,Bengali,989893 is your verification code for [URL],True,False
promo,"Data mixer-এ করো pocket saving, নাও ৬০GB@ ৳৫৬৯,৩০দিন: cutt.ly/HwQzEu9E",CodeMix,"Data mixer-এ করো pocket saving, নাও ৬০GB@ ৳৫৬৯,৩০দিন: cutt.ly/HwQzEu9E",False,False
promo,Ajei shesh din!Bonus shoho 2GB-35taka-7din. Dial *121*5037# ba mygp.li/mo,Banglish,Ajei shesh din!Bonus shoho 2GB-35taka-7din. Dial *121*5037# ba mygp.li/mo,False,False
promo,"Grameenphone offer: Recharge ৫০০ TK এবং ২ GB extra data পান। Limited time offer, তাই আজই recharge করুন to enjoy full benefit",CodeMix,"Grameenphone offer: Recharge ৫০০ TK এবং ২ GB extra data পান। Limited time offer, তাই আজই recharge করুন to enjoy full benefit",False,False
promo,Special offer: 20% discount on all kids' clothing.,English,Special offer: 20% discount on all kids' clothing.,False,False
promo,"200 minutes (30 days) TK 174, dial *121*4410# or https://mygp.li/v1",English,"200 minutes (30 days) TK 174, dial *121*4410# or [URL]",True,False
promo,notun season-e shob poshake 25% discount. aaj-e shopping korun.,Banglish,notun season-e shob poshake 25% discount. aaj-e shopping korun.,False,False
promo,"Purbachal songlogno Navana'r 3,5 o 10 kathar plot kinun – 01847-214018",Banglish,"Purbachal songlogno Navana'r 3,5 o 10 kathar plot kinun – [PHONE]",False,True
promo,নতুন সিজনে সব পোশাকে ২৫% ডিসকাউন্ট। আজই শপিং করুন।,Bengali,নতুন সিজনে সব পোশাকে ২৫% ডিসকাউন্ট। আজই শপিং করুন।,False,False
promo,"Unilever এর পক্ষ থেকে special discount! সব product-এ 30% off, only at Shwapno outlets. Hurry up!",CodeMix,"Unilever এর পক্ষ থেকে special discount! সব product-এ 30% off, only at Shwapno outlets. Hurry up!",False,False
promo,সীমিত সময়ের অফার! ৪০জিবি (বোনাসসহ) ৫০০টাকা ৩০দিন।ডায়াল *১২১*৫০৪৯# বা mygp.li/mo,Bengali,সীমিত সময়ের অফার! ৪০জিবি (বোনাসসহ) ৫০০টাকা ৩০দিন।ডায়াল *১২১*৫০৪৯# বা mygp.li/mo,False,False
promo,Computer Source laptop expo! Gaming laptops starting 55000 TK with warranty. Gulshan showroom open!,English,Computer Source laptop expo! Gaming laptops starting 55000 TK with warranty. Gulshan showroom open!,False,False
promo,ফিটনেস ইকুইপমেন্টে ১৫% ডিসকাউন্ট! আজই অর্ডার করুন।,Bengali,ফিটনেস ইকুইপমেন্টে ১৫% ডিসকাউন্ট! আজই অর্ডার করুন।,False,False
promo,Shimito shomoyer offer! 40GB (bonus shoho) 500taka 30din.Dial *121*5049# ba mygp.li/mo,Banglish,Shimito shomoyer offer! 40GB (bonus shoho) 500taka 30din.Dial *121*5049# ba mygp.li/mo,False,False
promo,"Pro-level chatting+interneting-10GB+250min@TK258, 30days cutt.ly/wwCctHGF",English,"Pro-level chatting+interneting-10GB+250min@TK258, 30days cutt.ly/wwCctHGF",False,False
promo,bKash app-e 2 June theke 'My Challenge' icon dekhte na peley-o bKash-er offer upovog kore cashback paben. bKash app-er shathe-i thakun.,Banglish,bKash app-e 2 June theke 'My Challenge' icon dekhte na peley-o bKash-er offer upovog kore cashback paben. bKash app-er shathe-i thakun.,False,False
promo,"গ্রামীণফোনের বিশেষ ঈদ অফার! এই মাসের জন্য আমরা নিয়ে এসেছি অভূতপূর্ব ডেটা প্যাকেজ - মাত্র ৪৯৯ টাকায় পাবেন ৫০ জিবি ডেটা, ৫০০ মিনিট টক টাইম এবং ১০০০ SMS একসাথে ৩০ দিনের জন্য। এছাড়াও রয়েছে সকল গ্রামীণফোন নাম্বারে ফ্রি কল এবং অন্যান্য অপারেটরে ২৫% কম রেট। এখনই *১২১*৪৯৯# ডায়াল করুন অথবা My GP অ্যাপ থেকে কিনুন।",Bengali,"গ্রামীণফোনের বিশেষ ঈদ অফার! এই মাসের জন্য আমরা নিয়ে এসেছি অভূতপূর্ব ডেটা প্যাকেজ - মাত্র ৪৯৯ টাকায় পাবেন ৫০ জিবি ডেটা, ৫০০ মিনিট টক টাইম এবং ১০০০ SMS একসাথে ৩০ দিনের জন্য। এছাড়াও রয়েছে সকল গ্রামীণফোন নাম্বারে ফ্রি কল এবং অন্যান্য অপারেটরে ২৫% কম রেট। এখনই *১২১*৪৯৯# ডায়াল করুন অথবা My GP অ্যাপ থেকে কিনুন।",False,False
promo,"House decor items-এ ২০% discount। Stock limited, delay করবেন না।",CodeMix,"House decor items-এ ২০% discount। Stock limited, delay করবেন না।",False,False
promo,আজই শেষ দিন!বোনাস সহ ২জিবি-৩৫টাকা-৭দিন। ডায়াল *১২১*৫০৩৭# বা mygp.li/mo,Bengali,আজই শেষ দিন!বোনাস সহ ২জিবি-৩৫টাকা-৭দিন। ডায়াল *১২১*৫০৩৭# বা mygp.li/mo,False,False
promo,Banglalink music pack 49TK te unlimited gaan shunben. Dial *222*8#,Banglish,Banglalink music pack 49TK te unlimited gaan shunben. Dial *222*8#,False,False
promo,"৫ জুন বিশ্ব পরিবেশ দিবস ২০২৩
এ বছরের প্রতিপাদ্য: প্লাস্টিক দূষণ সমাধানে সামিল হই সকলে
এ বছরের স্লোগান: সবাই মিলে করি পণ, বন্ধ হবে প্লাস্টিক দূষণ
-পরিবেশ, বন ও জলবায়ু পরিবর্তন মন্ত্রণালয়।",Bengali,"৫ জুন বিশ্ব পরিবেশ দিবস ২০২৩ এ বছরের প্রতিপাদ্য: প্লাস্টিক দূষণ সমাধানে সামিল হই সকলে এ বছরের স্লোগান: সবাই মিলে করি পণ, বন্ধ হবে প্লাস্টিক দূষণ -পরিবেশ, বন ও জলবায়ু পরিবর্তন মন্ত্রণালয়।",False,False
promo,বিকাশ অ্যাপে skitto deals এ ৩০টাকা পর্যন্ত ক্যাশব্যাক cutt.ly/8HBaVWF,Bengali,বিকাশ অ্যাপে skitto deals এ ৩০টাকা পর্যন্ত ক্যাশব্যাক cutt.ly/8HBaVWF,False,False
promo,Bikroy.com weekend sale! All electronics 60% off + free delivery. Shop now with code: WEEKEND60!,English,[URL] weekend sale! All electronics 60% off + free delivery. Shop now with code: WEEKEND60!,True,False
promo,"Shwapno supermarket weekend bonanza: Groceries, household items 25% off!",English,"Shwapno supermarket weekend bonanza: Groceries, household items 25% off!",False,False
promo,Nagad app payment করলে instant cashback পাবেন। Use code: CASHBACK25,CodeMix,Nagad app payment করলে instant cashback পাবেন। Use code: CASHBACK25,False,False
promo,Bonus সহ ৩GB-৬০TK-৩দিন। Dial *১২১*৫৬৯৯# বা https://mygp.li/mo,CodeMix,Bonus সহ ৩GB-৬০TK-৩দিন। Dial *১২১*৫৬৯৯# বা [URL],True,False
promo,"5 June World Environment Day 2023। এ বছরের theme: Plastic pollution solution-এ participate করি সকলে। এ বছরের slogan: সবাই মিলে করি promise, বন্ধ হবে plastic pollution - Environment, Forest ও Climate Change Ministry।",CodeMix,"5 June World Environment Day 2023। এ বছরের theme: Plastic pollution solution-এ participate করি সকলে। এ বছরের slogan: সবাই মিলে করি promise, বন্ধ হবে plastic pollution - Environment, Forest ও Climate Change Ministry।",False,False
promo,GP Gamer Pack: 200 diamonds Free Fire top-up with only 199TK recharge. Dial *121*199# to activate now.,Banglish,GP Gamer Pack: 200 diamonds Free Fire top-up with only 199TK recharge. Dial *121*199# to activate now.,False,False
promo,"Grameenphone special offer: ৫০০ TK recharge করুন এবং ১ GB extra data পান। Offer valid for ২৪ hours only, তাই আজই recharge করুন!",CodeMix,"Grameenphone special offer: ৫০০ TK recharge করুন এবং ১ GB extra data পান। Offer valid for ২৪ hours only, তাই আজই recharge করুন!",False,False
promo,Free shipping on electronics purchase! Shop before offer ends.,English,Free shipping on electronics purchase! Shop before offer ends.,False,False
promo,"Bkash QR shopping cashback: Spend 1000TK+ at super shops using Bkash QR and get instant 10% cashback up to 200TK. Valid till 10th Sept. Shop more, save more!",Banglish,"Bkash QR shopping cashback: Spend 1000TK+ at super shops using Bkash QR and get instant 10% cashback up to 200TK. Valid till 10th Sept. Shop more, save more!",False,False
promo,"১০০৳ ক্যাশব্যাক! ৩১জিবি+৪৫০মি.@৩৯৯৳,৩০দিন,নিয়ে নাও: cutt.ly/2wQlYv6U",Bengali,"১০০৳ ক্যাশব্যাক! ৩১জিবি+৪৫০মি.@৩৯৯৳,৩০দিন,নিয়ে নাও: cutt.ly/2wQlYv6U",False,False
promo,"Lee Cooper London এর winter collection - moccasin shoe, polo shirt, jeans - Hurry!",CodeMix,"Lee Cooper London এর winter collection - moccasin shoe, polo shirt, jeans - Hurry!",False,False
promo,"GP new offer: Recharge ২০০ TK এবং ২ GB extra data পান। Offer valid ২৪ hours, তাই recharge করুন আজই এবং enjoy data",CodeMix,"GP new offer: Recharge ২০০ TK এবং ২ GB extra data পান। Offer valid ২৪ hours, তাই recharge করুন আজই এবং enjoy data",False,False
promo,"Best offer with TK180 cashback 61GB+1000min@TK719, 30days: cutt.ly/wwE5YMXC",English,"Best offer with TK180 cashback 61GB+1000min@TK719, 30days: cutt.ly/wwE5YMXC",False,False
promo,Shanta Holdings apartment fair! 3 bedroom flats in Uttara starting 85 lakh. Book now with 5% discount!,English,Shanta Holdings apartment fair! 3 bedroom flats in Uttara starting 85 lakh. Book now with 5% discount!,False,False
promo,"Pro-level ৳55 cashback-এ 35GB+500min@৳444, 30দিন: cutt.ly/XernQ63M",CodeMix,"Pro-level ৳55 cashback-এ 35GB+500min@৳444, 30দিন: cutt.ly/XernQ63M",False,False
promo,"Adda+internetinging-e notun deal 10GB+300mi@296TK, 30din: cutt.ly/QwFwTH3J",Banglish,"Adda+internetinging-e notun deal 10GB+300mi@296TK, 30din: cutt.ly/QwFwTH3J",False,False
promo,Shohoz Food অ্যাপে আজ ৩০০ টাকার অর্ডারে ১০০ টাকা ছাড়! কোড: FOOD100।,Bengali,Shohoz Food অ্যাপে আজ ৩০০ টাকার অর্ডারে ১০০ টাকা ছাড়! কোড: FOOD100।,False,False
promo,Ratelist halnaagader jonno jonmot shongroho kora hocche. Motamot prodaner jonno BTRC'r website-er notice board dekhun (http://www.btrc.gov.bd/). Apnar mulyoban motamot amader kache otyonto gurutopurno. -BTRC,Banglish,Ratelist halnaagader jonno jonmot shongroho kora hocche. Motamot prodaner jonno BTRC'r website-er notice board dekhun [URL] Apnar mulyoban motamot amader kache otyonto gurutopurno. -BTRC,True,False
promo,Singer Plus membership! Exclusive discounts on home appliances all year. Join for just 500 TK annually!,English,Singer Plus membership! Exclusive discounts on home appliances all year. Join for just 500 TK annually!,False,False
promo,Up to 50% discount on all books at Rokomari.com। ৳500 এর উপরের orders এর জন্য free home delivery।,CodeMix,Up to 50% discount on all books at [URL] ৳500 এর উপরের orders এর জন্য free home delivery।,True,False
promo,"আজকের বিশেষ অফার! গ্রামীণফোনে ১ জিবি মাত্র ১৯ টাকা, বৈধতা ২৪ ঘন্টা। কিনতে ডায়াল করুন *121*1#।",Bengali,"আজকের বিশেষ অফার! গ্রামীণফোনে ১ জিবি মাত্র ১৯ টাকা, বৈধতা ২৪ ঘন্টা। কিনতে ডায়াল করুন *121*1#।",False,False
promo,Pathao ride এ ২৫% discount আজ। Book করুন online!,CodeMix,Pathao ride এ ২৫% discount আজ। Book করুন online!,False,False
promo,"হোম ডেকোর আইটেমে মেগা সেল! কার্টেন, বেডশিটে ৪৫% ছাড়।",Bengali,"হোম ডেকোর আইটেমে মেগা সেল! কার্টেন, বেডশিটে ৪৫% ছাড়।",False,False
promo,"Daraz Super September Sale: Electronics, home appliances, ar fashion items up to 70% discount. Free delivery orders above 1200TK. Flash deal shuru hobe prottek 3 ghontay. Visit daraz.com.bd for details.",Banglish,"Daraz Super September Sale: Electronics, home appliances, ar fashion items up to 70% discount. Free delivery orders above 1200TK. Flash deal shuru hobe prottek 3 ghontay. Visit [URL] for details.",True,False
promo,Up to 25% discount on home appliances! Take the opportunity before the offer ends.,English,Up to 25% discount on home appliances! Take the opportunity before the offer ends.,False,False
promo,"ইন্টারনেটিংয়ে পকেট সেভিং, নাও ১০জিবি@৳১৫৮,৭দিন: cutt.ly/FwUC6vhp",Bengali,"ইন্টারনেটিংয়ে পকেট সেভিং, নাও ১০জিবি@৳১৫৮,৭দিন: cutt.ly/FwUC6vhp",False,False
promo,GP Music App-এ এখন প্রথম মাস একেবারে ফ্রি! আপনার প্রিয় প্লেলিস্ট তৈরি করুন আর সীমাহীন গান উপভোগ করুন।,Bengali,GP Music App-এ এখন প্রথম মাস একেবারে ফ্রি! আপনার প্রিয় প্লেলিস্ট তৈরি করুন আর সীমাহীন গান উপভোগ করুন।,False,False
promo,Home appliances-এর উপর 25% পর্যন্ত discount! Offer শেষ হওয়ার আগে opportunity নিন।,CodeMix,Home appliances-এর উপর 25% পর্যন্ত discount! Offer শেষ হওয়ার আগে opportunity নিন।,False,False
promo,সব বাচ্চাদের খেলনায় ২০% ডিসকাউন্ট। আজই কিনুন!,Bengali,সব বাচ্চাদের খেলনায় ২০% ডিসকাউন্ট। আজই কিনুন!,False,False
promo,"TK 100 cashback! 31GB+450min@TK 399 30 days, নিয়ে নাও: cutt.ly/2wQlYv6U",CodeMix,"TK 100 cashback! 31GB+450min@TK 399 30 days, নিয়ে নাও: cutt.ly/2wQlYv6U",False,False
promo,"TK 100 cashback last day! 31GB+450min.@ TK 399, 30 days: cutt.ly/2wQlYv6U",English,"TK 100 cashback last day! 31GB+450min.@ TK 399, 30 days: cutt.ly/2wQlYv6U",False,False
promo,Robi Eid offer: 100 min + 2GB internet sudhu 99TK te. Dial *123*99#,Banglish,Robi Eid offer: 100 min + 2GB internet sudhu 99TK te. Dial *123*99#,False,False
promo,"ফার্নিচারে বিশেষ ছাড়! সোফা, টেবিলে ৩০% পর্যন্ত কমতি।",Bengali,"ফার্নিচারে বিশেষ ছাড়! সোফা, টেবিলে ৩০% পর্যন্ত কমতি।",False,False
promo,Othoba.com fashion week: Designer clothes 40-70% off till Sunday!,English,[URL] fashion week: Designer clothes 40-70% off till Sunday!,True,False
promo,"Sheikh Hasina sarkarer safollo:
2008 shale mobile handset utpadon chhilo shunno %, bortomane desher 15ti karkhana theke chahidar 97% puron hocche.",Banglish,"Sheikh Hasina sarkarer safollo: 2008 shale mobile handset utpadon chhilo shunno %, bortomane desher 15ti karkhana theke chahidar 97% puron hocche.",False,False
promo,"সেপ্টেম্বর-২৩
রিচার্জ:50৳
খরচ:
ডেটা:168৳
ভয়েস:119৳
অন্যান্য:0৳",Bengali,সেপ্টেম্বর-২৩ রিচার্জ:50৳ খরচ: ডেটা:168৳ ভয়েস:119৳ অন্যান্য:0৳,False,False
promo,"Offer of TK 499 for TK 399! Get 31GB + 450 min., 30 days: cutt.ly/2wQlYv6U",English,"Offer of TK 499 for TK 399! Get 31GB + 450 min., 30 days: cutt.ly/2wQlYv6U",False,False
promo,Special discount: 5% off all laptops. Limited stock.,English,Special discount: 5% off all laptops. Limited stock.,False,False
promo,"Pocket saving for full interneting, get 2GB@TK69, 7 days- cutt.ly/CwUPKGTR",English,"Pocket saving for full interneting, get 2GB@TK69, 7 days- cutt.ly/CwUPKGTR",False,False
promo,"Daraz Gadget Fair চলছে! স্মার্টওয়াচ, হেডফোন আর ট্যাবলেটে সর্বোচ্চ ৫০% ছাড়।",Bengali,"Daraz Gadget Fair চলছে! স্মার্টওয়াচ, হেডফোন আর ট্যাবলেটে সর্বোচ্চ ৫০% ছাড়।",False,False
promo,"TK100 cashback pro-level deal-100GB@TK698, 30 days cutt.ly/AwQzYxAf",English,"TK100 cashback pro-level deal-100GB@TK698, 30 days cutt.ly/AwQzYxAf",False,False
promo,Shohoz ticket booking e 20% off bus tickets e. Use promo code: RIDE20,Banglish,Shohoz ticket booking e 20% off bus tickets e. Use promo code: RIDE20,False,False
promo,iPhone 14 Pro Max available with 0% EMI! Down payment just 15000 TK. StarTech showrooms.,English,iPhone 14 Pro Max available with 0% EMI! Down payment just 15000 TK. StarTech showrooms.,False,False
promo,"১৮০৳ cashback-এ best offer 61GB+1000min@ ৳৭১৯,30দিন: cutt.ly/wwE5YMXC",CodeMix,"১৮০৳ cashback-এ best offer 61GB+1000min@ ৳৭১৯,30দিন: cutt.ly/wwE5YMXC",False,False
promo,Meena Bazar online grocery: Order fresh vegetables and fruits today and get 15% off. Use promo code: FRESH15. Free delivery available.,Banglish,Meena Bazar online grocery: Order fresh vegetables and fruits today and get 15% off. Use promo code: FRESH15. Free delivery available.,False,False
promo,bonus shoho 2GB-35TK-7din. dial *121*5037# ba mygp.li/mo,Banglish,bonus shoho 2GB-35TK-7din. dial *121*5037# ba mygp.li/mo,False,False
promo,Pathao Food exclusive: Ei week er shesh din e order korle flat 25% discount on all partner restaurants. Minimum order 300TK. Promo code: FOOD25. Pathao app diye order din ar moja korun.,Banglish,Pathao Food exclusive: Ei week er shesh din e order korle flat 25% discount on all partner restaurants. Minimum order 300TK. Promo code: FOOD25. Pathao app diye order din ar moja korun.,False,False
promo,GP গ্রাহকরা বিল পরিশোধ করলে ৫% ক্যাশব্যাক পাবেন।,Bengali,GP গ্রাহকরা বিল পরিশোধ করলে ৫% ক্যাশব্যাক পাবেন।,False,False
promo,Robi Eid campaign: Recharge 149TK and get 5GB internet + 200 mins bonus call valid for 30 days. Apnar entertainment ar connectivity ek sathe. Dial *123*149# now or visit robi.com.bd.,Banglish,Robi Eid campaign: Recharge 149TK and get 5GB internet + 200 mins bonus call valid for 30 days. Apnar entertainment ar connectivity ek sathe. Dial *123*149# now or visit [URL],True,False
promo,"Success of Sheikh Hasina government: In 2008, the price of one Mbps internet bandwidth was 27 thousand taka, currently under one country one rate it has been fixed at 60 taka.",English,"Success of Sheikh Hasina government: In 2008, the price of one Mbps internet bandwidth was 27 thousand taka, currently under one country one rate it has been fixed at 60 taka.",False,False
promo,Aarong Eid collection! Traditional wear upto 50% discount. All outlets.,Banglish,Aarong Eid collection! Traditional wear upto 50% discount. All outlets.,False,False
promo,Ajker special: shob boi te 15% chhar. deri na kore ekhuni order korun.,Banglish,Ajker special: shob boi te 15% chhar. deri na kore ekhuni order korun.,False,False
promo,সব কসমেটিক্সে ১০% ছাড়। অফারটি সীমিত সময়ের জন্য।,Bengali,সব কসমেটিক্সে ১০% ছাড়। অফারটি সীমিত সময়ের জন্য।,False,False
promo,"Today-র offer: সব jewelry-তে ১৫% discount। Stock limited, এখনই buy করুন!",CodeMix,"Today-র offer: সব jewelry-তে ১৫% discount। Stock limited, এখনই buy করুন!",False,False
promo,"Aj 15 March Bishwo Bhokta-Adhikar Dibosh. Dibosher protipadyo- 'Smart Bangladesh gori, bhoktaer shworthe kritrimo buddhimotta bybohar kori'. Jatiyo Bhokta-Adhikar Shongrokkhon Adhidoptor, Banijjo Montronaloy.",Banglish,"Aj 15 March Bishwo Bhokta-Adhikar Dibosh. Dibosher protipadyo- 'Smart Bangladesh gori, bhoktaer shworthe kritrimo buddhimotta bybohar kori'. Jatiyo Bhokta-Adhikar Shongrokkhon Adhidoptor, Banijjo Montronaloy.",False,False
promo,Use more than 5GB in May and get 45p/min call rate- cutt.ly/0AA4sic,English,Use more than 5GB in May and get 45p/min call rate- cutt.ly/0AA4sic,False,False
promo,Offer: সব electronics এ ১০% cashback। Code: ELEC10.,CodeMix,Offer: সব electronics এ ১০% cashback। Code: ELEC10.,False,False
promo,"Rangpur Foundry iron products sale! Gates, grills, furniture 25% off. Durable and affordable!",English,"Rangpur Foundry iron products sale! Gates, grills, furniture 25% off. Durable and affordable!",False,False
promo,‘স্মার্ট মোবাইল ফোনে প্রদর্শন করে ই-ড্রাইভিং লাইসেন্স ব্যবহার করা যাবে।’-বিআরটিএ,Bengali,‘স্মার্ট মোবাইল ফোনে প্রদর্শন করে ই-ড্রাইভিং লাইসেন্স ব্যবহার করা যাবে।’-বিআরটিএ,False,False
promo,"Full-on adda+interneting করতে 61GB+1000min@৳899,30দিন cutt.ly/LwEXIUPL",CodeMix,"Full-on adda+interneting করতে 61GB+1000min@৳899,30দিন cutt.ly/LwEXIUPL",False,False
promo,"ক্যামেরায় বিশেষ ছাড়! DSLR, অ্যাকশন ক্যামেরায় ৩৫% কমতি।",Bengali,"ক্যামেরায় বিশেষ ছাড়! DSLR, অ্যাকশন ক্যামেরায় ৩৫% কমতি।",False,False
promo,"আমার টাকায় আমার সেতু, Bangladesh-এর Padma Bridge। একটি স্বপ্নের unveiling। 25 June মাননীয় Prime Minister স্বপ্নের Padma Bridge শুভ inauguration করবেন। চোখ রাখুন, BTV, সকাল 10 টায়। Bangladesh Bridge Authority, সেতু বিভাগ।",CodeMix,"আমার টাকায় আমার সেতু, Bangladesh-এর Padma Bridge। একটি স্বপ্নের unveiling। 25 June মাননীয় Prime Minister স্বপ্নের Padma Bridge শুভ inauguration করবেন। চোখ রাখুন, BTV, সকাল 10 টায়। Bangladesh Bridge Authority, সেতু বিভাগ।",False,False
promo,"TK30 cashback for even more data 50GB@TK468, 30 days cutt.ly/QwE5OlXt",English,"TK30 cashback for even more data 50GB@TK468, 30 days cutt.ly/QwE5OlXt",False,False
promo,"২৭মিনিট মাত্র ১৯টাকা, মেয়াদ ৫দিন; নিতে ডায়াল করুন *১২১*৫০৮০#",Bengali,"২৭মিনিট মাত্র ১৯টাকা, মেয়াদ ৫দিন; নিতে ডায়াল করুন *১২১*৫০৮০#",False,False
promo,বোনাস সহ ৪জিবি-৬৬টাকা-৭দিন।ডায়াল *১২১*৫০৪৭# বা https://mygp.li/mo,Bengali,বোনাস সহ ৪জিবি-৬৬টাকা-৭দিন।ডায়াল *১২১*৫০৪৭# বা [URL],True,False
promo,"গার্ডেনিং টুলসে অফার! গাছের চারা, টবে বিশাল ছাড়।",Bengali,"গার্ডেনিং টুলসে অফার! গাছের চারা, টবে বিশাল ছাড়।",False,False
promo,Shohoz Tickets-এ বাস টিকিট কিনলে ১০% ছাড়। কোড: BUS10 ব্যবহার করুন।,Bengali,Shohoz Tickets-এ বাস টিকিট কিনলে ১০% ছাড়। কোড: BUS10 ব্যবহার করুন।,False,False
promo,"Lee Cooper-এ flat 50% ছাড়
সকল shirt, jeans, gabardine
আজ ও কাল
Shop",CodeMix,"Lee Cooper-এ flat 50% ছাড় সকল shirt, jeans, gabardine আজ ও কাল Shop",False,False
promo,Big Sale: Dhaka electronics shop এ ২৫% discount। Shop করুন এখন!,CodeMix,Big Sale: Dhaka electronics shop এ ২৫% discount। Shop করুন এখন!,False,False
promo,"Applications are invited for soldier posts in the army from January 10, 2024 to February 15, 2024. Applications must be submitted through Teletalk SIM according to the instructions published in the recruitment notice.",English,"Applications are invited for soldier posts in the army from January 10, 2024 to February 15, 2024. Applications must be submitted through Teletalk SIM according to the instructions published in the recruitment notice.",False,False
promo,"প্রো-লেভেল ৳৫৫ ক্যাশব্যাকে ৩৫জিবি+৫০০মি.@৳৪৪৪,৩০দিন: cutt.ly/XernQ63M",Bengali,"প্রো-লেভেল ৳৫৫ ক্যাশব্যাকে ৩৫জিবি+৫০০মি.@৳৪৪৪,৩০দিন: cutt.ly/XernQ63M",False,False
promo,"দৃষ্টিনন্দন architecture-এ unique, Diamond World-এর 'The Signature' showroom-এর inauguration হচ্ছে আজ বিকেল 4টায়। আপনার সপরিবারে attendance ও prayer আমাদের একান্ত কাম্য। Needed: 01713199270",CodeMix,"দৃষ্টিনন্দন architecture-এ unique, Diamond World-এর 'The Signature' showroom-এর inauguration হচ্ছে আজ বিকেল 4টায়। আপনার সপরিবারে attendance ও prayer আমাদের একান্ত কাম্য। Needed: [PHONE]",False,True
promo,bKash app থেকে নাও তোমার favorite Skitto packs এখনই: cutt.ly/Zwcqh6YQ,CodeMix,bKash app থেকে নাও তোমার favorite Skitto packs এখনই: cutt.ly/Zwcqh6YQ,False,False
promo,ফুড পান্ডায় বিশেষ কম্বো অফার! পিজা + কোক মাত্র ৩৯৯ টাকা।,Bengali,ফুড পান্ডায় বিশেষ কম্বো অফার! পিজা + কোক মাত্র ৩৯৯ টাকা।,False,False
promo,Citycell recharge এ ১৫% extra bonus পাবেন limited time। Don’t wait!,CodeMix,Citycell recharge এ ১৫% extra bonus পাবেন limited time। Don’t wait!,False,False
promo,"TK25 cashback e ebar aro beshi data 50GB@ TK473, 30din cutt.ly/zwTmxzpd",Banglish,"TK25 cashback e ebar aro beshi data 50GB@ TK473, 30din cutt.ly/zwTmxzpd",False,False
promo,"Notun Samsung phone e 10% discount! Stock limited, ajei kinun!",Banglish,"Notun Samsung phone e 10% discount! Stock limited, ajei kinun!",False,False
promo,"TK100 cashback! 30GB+600min @TK399, 30 days: cutt.ly/AwkY4L2C",English,"TK100 cashback! 30GB+600min @TK399, 30 days: cutt.ly/AwkY4L2C",False,False
promo,45TK cashback! 31GB+500min@454TK for 30 days: cutt.ly/qwWTAUku,English,45TK cashback! 31GB+500min@454TK for 30 days: cutt.ly/qwWTAUku,False,False
promo,"For system upgradation, all Skitto SIM services will be closed from 12:01 AM to 8:00 AM on October 3. Details: cutt.ly/TwvBT4wH",English,"For system upgradation, all Skitto SIM services will be closed from 12:01 AM to 8:00 AM on October 3. Details: cutt.ly/TwvBT4wH",False,False
promo,Walton smart TV কিনলে gift voucher পাবেন TK 500 এর। Order করুন আজই!,CodeMix,Walton smart TV কিনলে gift voucher পাবেন TK 500 এর। Order করুন আজই!,False,False
promo,অফার: সব ইলেকট্রনিক্সে ১০% ক্যাশব্যাক। কোড: ELEC10.,Bengali,অফার: সব ইলেকট্রনিক্সে ১০% ক্যাশব্যাক। কোড: ELEC10.,False,False
promo,<#> আপনার MyGP PIN (code): 4283. Verify করতে use করুন. Don't share FyXTPoy9ZDa,CodeMix,<#> আপনার MyGP PIN (code): 4283. Verify করতে use করুন. Don't share FyXTPoy9ZDa,False,False
promo,The handset is not registered in BTRC's database. The handset will be automatically registered.,English,The handset is not registered in BTRC's database. The handset will be automatically registered.,False,False
promo,Sheikh Hasina Youth Volunteer Award-২০২৪ প্রদানের target-এ ১৮-৪৫ বছরের youth-দের নিকট হতে application আহবান করা হয়েছে। এ বিষয়ে সকল information Youth ও Sports Ministry-র website-এ www.moysports.gov.bd পাওয়া যাবে।,CodeMix,Sheikh Hasina Youth Volunteer Award-২০২৪ প্রদানের target-এ ১৮-৪৫ বছরের youth-দের নিকট হতে application আহবান করা হয়েছে। এ বিষয়ে সকল information Youth ও Sports Ministry-র website-এ [URL] পাওয়া যাবে।,True,False
promo,Cool shob update miss na korte ekhoni join Skitto telegram: cutt.ly/NwJt7qvx,Banglish,Cool shob update miss na korte ekhoni join Skitto telegram: cutt.ly/NwJt7qvx,False,False
promo,City Bank app payment করুন এবং instant cashback ১২% পান। Download now এবং enjoy hassle-free secure transactions,CodeMix,City Bank app payment করুন এবং instant cashback ১২% পান। Download now এবং enjoy hassle-free secure transactions,False,False
promo,"50TK cashback e nao data mixer 40GB@TK248, 7din: cutt.ly/WwZsAgMK",Banglish,"50TK cashback e nao data mixer 40GB@TK248, 7din: cutt.ly/WwZsAgMK",False,False
promo,Meghna Group cement discount! All construction cement 15% off with free transportation. Build your dreams!,English,Meghna Group cement discount! All construction cement 15% off with free transportation. Build your dreams!,False,False
promo,"TK.১০০ cashback!৩০GB+৫০০min. @TK.৩৯৯,৩০days: cutt.ly/AwkY4L2C",CodeMix,"TK.১০০ cashback!৩০GB+৫০০min. @TK.৩৯৯,৩০days: cutt.ly/AwkY4L2C",False,False
promo,"৫০TK cashback নাও data mixer ৪০GB@২৪৮TK, ৭দিন: cutt.ly/WwZsAgMK",CodeMix,"৫০TK cashback নাও data mixer ৪০GB@২৪৮TK, ৭দিন: cutt.ly/WwZsAgMK",False,False
promo,GP Music Pack: Unlimited Bangla gaan streaming for 7 days only 49TK. Dial *121*49# to subscribe.,Banglish,GP Music Pack: Unlimited Bangla gaan streaming for 7 days only 49TK. Dial *121*49# to subscribe.,False,False
promo,GP bondho SIM return offer: Reactivate SIM with 49TK recharge and instantly get 8GB internet free. Offer valid for limited time.,Banglish,GP bondho SIM return offer: Reactivate SIM with 49TK recharge and instantly get 8GB internet free. Offer valid for limited time.,False,False
promo,"30GB@389TK,30 days pack buy and get Dunki"" movie ticket: cutt.ly/SwFqDlAs""",English,"30GB@389TK,30 days pack buy and get Dunki"" movie ticket: cutt.ly/SwFqDlAs""",False,False
promo,কসমেটিকসে বিশেষ অফার! সব ব্র্যান্ডে ৩০% ছাড় + গিফট হ্যাম্পার।,Bengali,কসমেটিকসে বিশেষ অফার! সব ব্র্যান্ডে ৩০% ছাড় + গিফট হ্যাম্পার।,False,False
promo,Robi Bondho SIM return: Sudhu 49TK recharge kore paben 10GB internet free + 100 bonus mins. Offer valid only for reactivation users. Dial *123*49# today.,Banglish,Robi Bondho SIM return: Sudhu 49TK recharge kore paben 10GB internet free + 100 bonus mins. Offer valid only for reactivation users. Dial *123*49# today.,False,False
promo,আমাদের নতুন product line থেকে যেকোনো item কিনলে ৳600 cashback পাবেন। This offer is only for this week।,CodeMix,আমাদের নতুন product line থেকে যেকোনো item কিনলে ৳600 cashback পাবেন। This offer is only for this week।,False,False
promo,"“মুগদা, সবুজবাগ, শাহজাহানপুর, খিলগাঁও, রামপুরা, মতিঝিল, পল্টন, বাড্ডা, হাতিরঝিল থানার ই-পাসপোর্ট সেবা আগামী ০৭ মে ২০২৩ খ্রিঃ থেকে আঞ্চলিক পাসপোর্ট অফিস, ঢাকা পূর্ব (আফতাবনগর) হতে দেওয়া হবে""।",Bengali,"“মুগদা, সবুজবাগ, শাহজাহানপুর, খিলগাঁও, রামপুরা, মতিঝিল, পল্টন, বাড্ডা, হাতিরঝিল থানার ই-পাসপোর্ট সেবা আগামী ০৭ মে ২০২৩ খ্রিঃ থেকে আঞ্চলিক পাসপোর্ট অফিস, ঢাকা পূর্ব (আফতাবনগর) হতে দেওয়া হবে""।",False,False
promo,Bata footwear e Eid collection up to 40% discount. Visit nearest outlet.,Banglish,Bata footwear e Eid collection up to 40% discount. Visit nearest outlet.,False,False
promo,Citycell recharge করলে ১০% extra bonus পাবেন। Don’t wait!,CodeMix,Citycell recharge করলে ১০% extra bonus পাবেন। Don’t wait!,False,False
promo,"100' Madani Avenue, Army Housing (Jolshiri) সংলগ্ন plot প্রতি katha TK5Lakh. Call: 01894841729",CodeMix,"100' Madani Avenue, Army Housing (Jolshiri) সংলগ্ন plot প্রতি katha TK5Lakh. Call: [PHONE]",False,True
promo,"TK30 cashback e pro-level data deal-22GB@TK167, 7din cutt.ly/7w9OKeZ2",Banglish,"TK30 cashback e pro-level data deal-22GB@TK167, 7din cutt.ly/7w9OKeZ2",False,False
promo,"With TK 35 cashback, now get even more data 50GB@TK 463, 30 days cutt.ly/HwOETkke",English,"With TK 35 cashback, now get even more data 50GB@TK 463, 30 days cutt.ly/HwOETkke",False,False
promo,Airtel unlimited data pack আজ discounted price এ। Subscribe করুন now!,CodeMix,Airtel unlimited data pack আজ discounted price এ। Subscribe করুন now!,False,False
promo,Valentine's Day-তে diamond jewelry-তে ২৫% discount ১৫/০২/২০২৪ পর্যন্ত। ০১৭১৩১৯৯২৭০,CodeMix,Valentine's Day-তে diamond jewelry-তে ২৫% discount ১৫/০২/২০২৪ পর্যন্ত। [PHONE],False,True
promo,Citycell recharge আজ থেকে ৭২ ঘণ্টার জন্য extra ১০% bonus। Don’t wait!,CodeMix,Citycell recharge আজ থেকে ৭২ ঘণ্টার জন্য extra ১০% bonus। Don’t wait!,False,False
promo,Cool সব update miss না করতে এখনই join স্কিটো Telegram: cutt.ly/NwJt7qvx,CodeMix,Cool সব update miss না করতে এখনই join স্কিটো Telegram: cutt.ly/NwJt7qvx,False,False
promo,"Get 50TK cashback data mixer 40GB@TK248, 7days: cutt.ly/WwZsAgMK",English,"Get 50TK cashback data mixer 40GB@TK248, 7days: cutt.ly/WwZsAgMK",False,False
promo,৩০জিবি (বোনাস সহ) ৩০০টাকা ৩০দিন। ডায়াল *১২১*৫২৫৪# বা mygp.li/mo,Bengali,৩০জিবি (বোনাস সহ) ৩০০টাকা ৩০দিন। ডায়াল *১২১*৫২৫৪# বা mygp.li/mo,False,False
promo,Pathao Food: 200TK order e 50TK off. Code use korun: FOOD50,Banglish,Pathao Food: 200TK order e 50TK off. Code use korun: FOOD50,False,False
promo,Happy New Year - 2024 Smart banking sebay Sonali Bank sorbodai apnar pashe Md. Afzal Karim CEO & MD,Banglish,Happy New Year - 2024 Smart banking sebay Sonali Bank sorbodai apnar pashe Md. Afzal Karim CEO & MD,False,False
promo,"ক্যাশব্যাকে সেঞ্চুরি ৳১০০! ৪৬জিবি @ ৳৩৯৮,৩০দিন: cutt.ly/AwQzYxAf",Bengali,"ক্যাশব্যাকে সেঞ্চুরি ৳১০০! ৪৬জিবি @ ৳৩৯৮,৩০দিন: cutt.ly/AwQzYxAf",False,False
promo,"Nagad cashback offer! Recharge 100TK, paben 20TK bonus. *167# dial korun.",Banglish,"Nagad cashback offer! Recharge 100TK, paben 20TK bonus. *167# dial korun.",False,False
promo,"Pickaboo electronics sale: Laptop, mobile, ar accessories up to 8000TK discount + 12 months EMI option. Limited stock. Visit pickaboo.com for details.",Banglish,"Pickaboo electronics sale: Laptop, mobile, ar accessories up to 8000TK discount + 12 months EMI option. Limited stock. Visit [URL] for details.",True,False
promo,"১৫০TK cashback-এ data mixer ৮০GB@৬৯৯TK,৩০দিন: cutt.ly/lwMwLrfw",CodeMix,"১৫০TK cashback-এ data mixer ৮০GB@৬৯৯TK,৩০দিন: cutt.ly/lwMwLrfw",False,False
promo,"Walton refrigerators starting 18,000TK with 5 years warranty!",English,"Walton refrigerators starting 18,000TK with 5 years warranty!",False,False
promo,"Shadhinata Complex winter clothing sale: Jackets, sweaters, coats 50% off!",English,"Shadhinata Complex winter clothing sale: Jackets, sweaters, coats 50% off!",False,False
promo,Robi combo pack মাত্র TK 400। Shop করুন এখনই!,CodeMix,Robi combo pack মাত্র TK 400। Shop করুন এখনই!,False,False
promo,Square Pharmaceuticals health checkup camp! Full body screening 2500 TK. Early detection saves lives!,English,Square Pharmaceuticals health checkup camp! Full body screening 2500 TK. Early detection saves lives!,False,False
promo,"16122 number e call kore othoba land.gov.bd visit kore ghore bosheie bhumisheba grohon korun.""—Bhumi Montronaloy.""",Banglish,"16122 number e call kore othoba [URL] visit kore ghore bosheie bhumisheba grohon korun.""—Bhumi Montronaloy.""",True,False
promo,"Robi গ্রাহকগণ, রবিবারে ৫ জিবি মাত্র ৮৯ টাকা।",Bengali,"Robi গ্রাহকগণ, রবিবারে ৫ জিবি মাত্র ৮৯ টাকা।",False,False
promo,GP 4G Swap Offer: Swap your SIM to 4G and get 10GB internet free instantly.,Banglish,GP 4G Swap Offer: Swap your SIM to 4G and get 10GB internet free instantly.,False,False
promo,১ deal-এই সপ্তাহের সব internetting- নাও ১০জিবি@৳১৫৮: cutt.ly/FwUC6vhp,CodeMix,১ deal-এই সপ্তাহের সব internetting- নাও ১০জিবি@৳১৫৮: cutt.ly/FwUC6vhp,False,False
promo,Daraz 9.9 sale! Up to 70% discount electronics e. Shop now: daraz.com.bd,Banglish,Daraz 9.9 sale! Up to 70% discount electronics e. Shop now: [URL],True,False
promo,Shohoz Tickets দিয়ে ট্রেন টিকিট কিনলে ১২% ছাড়। কোড: TRAIN12।,Bengali,Shohoz Tickets দিয়ে ট্রেন টিকিট কিনলে ১২% ছাড়। কোড: TRAIN12।,False,False
promo,Pickaboo Flash Deal: Samsung Galaxy Buds at 25% discount. Free EMI available. Order now.,Banglish,Pickaboo Flash Deal: Samsung Galaxy Buds at 25% discount. Free EMI available. Order now.,False,False
promo,"আজই last day!৫জিবি+১৫০মিনিট ১৩০টাকা (৩০দিন),Dial *১২১*৫২০৫# বা https://mygp.li/a0",CodeMix,"আজই last day!৫জিবি+১৫০মিনিট ১৩০টাকা (৩০দিন),Dial *১২১*৫২০৫# বা [URL]",True,False
promo,"200 TK cashback with best offer – 61GB + 1000 min @ 699 TK, 30 days: cutt.ly/FwQhpKHc",CodeMix,"200 TK cashback with best offer – 61GB + 1000 min @ 699 TK, 30 days: cutt.ly/FwQhpKHc",False,False
promo,"TK100 cashback 31GB+450min.@TK399,30days, get it: cutt.ly/2wQlYv6U",English,"TK100 cashback 31GB+450min.@TK399,30days, get it: cutt.ly/2wQlYv6U",False,False
promo,"New deal for chatting+internetting 10GB+250min@258TK, 30 days cutt.ly/wwCctHGF",English,"New deal for chatting+internetting 10GB+250min@258TK, 30 days cutt.ly/wwCctHGF",False,False
promo,"৳৫০ ক্যাশব্যাকে প্রো-লেভেল ডাটা ডিল ৫০জিবি@৳৪৪৮,৩০দিন cutt.ly/nwMwL8Y1",Bengali,"৳৫০ ক্যাশব্যাকে প্রো-লেভেল ডাটা ডিল ৫০জিবি@৳৪৪৮,৩০দিন cutt.ly/nwMwL8Y1",False,False
promo,Balance শেষ? ২০০TK পর্যন্ত GP emergency balance নিতে *৯#,CodeMix,Balance শেষ? ২০০TK পর্যন্ত GP emergency balance নিতে *৯#,False,False
promo,Meena Bazar weekly discount: Shop groceries worth 2000TK and save 400TK instantly. Use code MB400 at checkout.,Banglish,Meena Bazar weekly discount: Shop groceries worth 2000TK and save 400TK instantly. Use code MB400 at checkout.,False,False
promo,আমাদের নতুন product line থেকে যেকোনো item কিনলে ৳550 cashback পাবেন। This offer is only for this week।,CodeMix,আমাদের নতুন product line থেকে যেকোনো item কিনলে ৳550 cashback পাবেন। This offer is only for this week।,False,False
promo,"399T te 499T er offer! Nao 31GB+450min.,30din: cutt.ly/2wQlYv6U",Banglish,"399T te 499T er offer! Nao 31GB+450min.,30din: cutt.ly/2wQlYv6U",False,False
promo,Bangladesh Biman Bahinite 89 BAFA course-e officer cadet niyog cholche. Bistarito: https://joinairforce.baf.mil.bd,Banglish,Bangladesh Biman Bahinite 89 BAFA course-e officer cadet niyog cholche. Bistarito: [URL],True,False
promo,Bonus soho 3GB-60Tk-3din. Dial *121*5699# or https://mygp.li/mo,Banglish,Bonus soho 3GB-60Tk-3din. Dial *121*5699# or [URL],True,False
promo,"Daraz Electronics Fair চলছে! ল্যাপটপ, হেডফোন আর টিভি কিনুন সর্বোচ্চ ৪০% ডিসকাউন্টে। অফার শেষ হবে ৩ দিনের মধ্যে।",Bengali,"Daraz Electronics Fair চলছে! ল্যাপটপ, হেডফোন আর টিভি কিনুন সর্বোচ্চ ৪০% ডিসকাউন্টে। অফার শেষ হবে ৩ দিনের মধ্যে।",False,False
promo,MensWorld এখন নবরুপে Bashundhara City Apparel Zone-এ। Level-৮ ০১৮৯৬০০১৯০৩,CodeMix,MensWorld এখন নবরুপে Bashundhara City Apparel Zone-এ। Level- [PHONE],False,True
promo,Square Hospital health checkup package 40% discount! Complete body checkup just 3600 TK. Book now!,English,Square Hospital health checkup package 40% discount! Complete body checkup just 3600 TK. Book now!,False,False
promo,"5GB+150min 130Tk (30din), dial *121*5205# othoba https://mygp.li/a0",Banglish,"5GB+150min 130Tk (30din), dial *121*5205# othoba [URL]",True,False
promo,Robi 4G blast offer: Recharge 109TK and paben 5GB high-speed 4G data valid 10 days. Amar Robi app theke activate korun today.,Banglish,Robi 4G blast offer: Recharge 109TK and paben 5GB high-speed 4G data valid 10 days. Amar Robi app theke activate korun today.,False,False
promo,ইলেকট্রনিক্স পণ্য কিনলেই ফ্রি শিপিং! অফার শেষ হওয়ার আগে কেনাকাটা করুন।,Bengali,ইলেকট্রনিক্স পণ্য কিনলেই ফ্রি শিপিং! অফার শেষ হওয়ার আগে কেনাকাটা করুন।,False,False
promo,"দুর্গা পূজায় কেনাকাটা করুন ২৫% ছাড়ে, ২৫ অক্টোবর পর্যন্ত। ০১৭১৩১৯৯২৭০",Bengali,"দুর্গা পূজায় কেনাকাটা করুন ২৫% ছাড়ে, ২৫ অক্টোবর পর্যন্ত। [PHONE]",False,True
promo,"Success of Sheikh Hasina's government: 
In 2006, there were only 98 government websites. In 2023, it has increased to 52,200.",English,"Success of Sheikh Hasina's government: In 2006, there were only 98 government websites. In 2023, it has increased to 52,200.",False,False
promo,"ডাটা মিক্সারে করো পকেট সেভিং, নাও ৬০জিবি@৳৫৬৯, ৩০দিন: cutt.ly/HwQzEu9E",Bengali,"ডাটা মিক্সারে করো পকেট সেভিং, নাও ৬০জিবি@৳৫৬৯, ৩০দিন: cutt.ly/HwQzEu9E",False,False
promo,Prime Bank car loan special! New car financing up to 80% loan amount. Drive your dream car!,English,Prime Bank car loan special! New car financing up to 80% loan amount. Drive your dream car!,False,False
promo,Bonus সহ ২GB-৪৫TK-৩দিন। Dial *১২১*৫৫৩৪# বা mygp.li/my,CodeMix,Bonus সহ ২GB-৪৫TK-৩দিন। Dial *১২১*৫৫৩৪# বা mygp.li/my,False,False
promo,এক্সক্লুসিভ অফার! আইফোনে ২০০০০ টাকা ক্যাশব্যাক। EMI তে কিনুন।,Bengali,এক্সক্লুসিভ অফার! আইফোনে ২০০ টাকা ক্যাশব্যাক। EMI তে কিনুন।,False,False
promo,"Pocket saving in interneting, get 10GB@TK158, 7 days: cutt.ly/FwUC6vh",English,"Pocket saving in interneting, get 10GB@TK158, 7 days: cutt.ly/FwUC6vh",False,False
promo,New Balance shoes up to 60% off at Bata stores nationwide!,English,New Balance shoes up to 60% off at Bata stores nationwide!,False,False
promo,"Lee Cooper-এ সকল shirt, jeans, gabardine flat 50% discount শপ্র",CodeMix,"Lee Cooper-এ সকল shirt, jeans, gabardine flat 50% discount শপ্র",False,False
promo,"For full-on chatting+interneting 61GB+1000min@TK899, 30 days cutt.ly/LwEXIUPL",English,"For full-on chatting+interneting 61GB+1000min@TK899, 30 days cutt.ly/LwEXIUPL",False,False
promo,Walton factory outlet! electronics 35% off. Dhanmondi showroom!,English,Walton factory outlet! electronics 35% off. Dhanmondi showroom!,False,False
promo,"৳৩৯৯ তে ৳৪৯৯ এর অফার! নাও ৩১জিবি+৪৫০মি.,৩০দিন: cutt.ly/2wQlYv6U",Bengali,"৳৩৯৯ তে ৳৪৯৯ এর অফার! নাও ৩১জিবি+৪৫০মি.,৩০দিন: cutt.ly/2wQlYv6U",False,False
promo,MensWorld ekhon noborupe Bashundhara City Apparel Zone e. Level-8 01896001903,Banglish,MensWorld ekhon noborupe Bashundhara City Apparel Zone e. Level- [PHONE],False,True
promo,Walton smartphone কিনলে gift voucher পাবেন TK 500। Order করুন আজই!,CodeMix,Walton smartphone কিনলে gift voucher পাবেন TK 500। Order করুন আজই!,False,False
promo,"Aj bank theke bKash-e 500 taka anlei 10 taka cashback, 1 bar! TCA",Banglish,"Aj bank theke bKash-e 500 taka anlei 10 taka cashback, 1 bar! TCA",False,False
promo,Aarong Eid sale! All clothing up to 60% discount. Limited time!,English,Aarong Eid sale! All clothing up to 60% discount. Limited time!,False,False
promo,ভালোবাসা দিবসে ডায়মন্ড গহনায় ২৫% ছাড় ১৫/০২/২০২৪ পর্যন্ত। ০১৭১৩১৯৯২৭০,Bengali,ভালোবাসা দিবসে ডায়মন্ড গহনায় ২৫% ছাড় ১৫/০২/২০২৪ পর্যন্ত। [PHONE],False,True
promo,Robi recharge bonus: Recharge 199TK and get 5GB internet + 100 min free. Validity 10 days. Dial *123*199# to activate. Don’t miss it.,Banglish,Robi recharge bonus: Recharge 199TK and get 5GB internet + 100 min free. Validity 10 days. Dial *123*199# to activate. Don’t miss it.,False,False
promo,Shwapno Grocery Deal: Buy 5kg rice and get 1kg lentil free. Available all Dhaka outlets. Offer valid this week only.,Banglish,Shwapno Grocery Deal: Buy 5kg rice and get 1kg lentil free. Available all Dhaka outlets. Offer valid this week only.,False,False
promo,"বেশি বেশি আড্ডা+ইন্টারনেটিং,নাও ৫জিবি+১৫০মি@৳১৫৯,৭দিন cutt.ly/owEyhCVt",Bengali,"বেশি বেশি আড্ডা+ইন্টারনেটিং,নাও ৫জিবি+১৫০মি@৳১৫৯,৭দিন cutt.ly/owEyhCVt",False,False
promo,"১০০৳ Cashback! ৩১GB+৪৫০min.@৩৯৯৳,৩০দিন,নিয়ে নাও: cutt.ly/2wQlYv6U",CodeMix,"১০০৳ Cashback! ৩১GB+৪৫০min.@৩৯৯৳,৩০দিন,নিয়ে নাও: cutt.ly/2wQlYv6U",False,False
promo,"১৭ মে বিশ্ব টেলিযোগাযোগ ও তথ্য সংঘ দিবস, ২০২৩ এর প্রতিপাদ্য বিষয়
“তথ্য ও যোগাযোগ প্রযুক্তির উন্নয়ন
স্বল্পোন্নত দেশসমূহের ক্ষমতায়ন”-ডাক ও টেলিযোগাযোগ বিভাগ।",Bengali,"১৭ মে বিশ্ব টেলিযোগাযোগ ও তথ্য সংঘ দিবস, ২০২৩ এর প্রতিপাদ্য বিষয় “তথ্য ও যোগাযোগ প্রযুক্তির উন্নয়ন স্বল্পোন্নত দেশসমূহের ক্ষমতায়ন”-ডাক ও টেলিযোগাযোগ বিভাগ।",False,False
promo,১ ডিলেই সপ্তাহের সব ইন্টারনেটিং- নাও ১০জিবি@৳১৫৮: cutt.ly/FwUC6vhp,Bengali,১ ডিলেই সপ্তাহের সব ইন্টারনেটিং- নাও ১০জিবি@৳১৫৮: cutt.ly/FwUC6vhp,False,False
promo,Banglalink music bundle: Recharge 79TK and enjoy unlimited Bangla gaan streaming for 30 days. Dial *222*79# to activate. Ei offer sudhu September month er jonno valid.,Banglish,Banglalink music bundle: Recharge 79TK and enjoy unlimited Bangla gaan streaming for 30 days. Dial *222*79# to activate. Ei offer sudhu September month er jonno valid.,False,False
promo,"Brac Bank home loan special! 8.5% interest rate, 25 year tenure. Own your dream home today!",English,"Brac Bank home loan special! 8.5% interest rate, 25 year tenure. Own your dream home today!",False,False
promo,"ডাবলসেঞ্চুরি ক্যাশব্যাক ৳২০০!৬১জিবি+১০০০মি@৳৬৯৯, ৩০দিন cutt.ly/FwQhpKHc",Bengali,"ডাবলসেঞ্চুরি ক্যাশব্যাক ৳২০০!৬১জিবি+১০০০মি@৳৬৯৯, ৩০দিন cutt.ly/FwQhpKHc",False,False
promo,সেনাবাহিনীতে soldier পদে যোগদানের জন্য ১০ জানুয়ারি ২০২৪ থেকে ১৫ ফেব্রুয়ারি ২০২৪ পর্যন্ত আবেদন আহবান করা হচ্ছে। নিয়োগ বিজ্ঞপ্তিতে প্রকাশিত instruction অনুযায়ী টেলিটক SIM এর মাধ্যমে আবেদন করতে হবে,CodeMix,সেনাবাহিনীতে soldier পদে যোগদানের জন্য ১০ জানুয়ারি ২০২৪ থেকে ১৫ ফেব্রুয়ারি ২০২৪ পর্যন্ত আবেদন আহবান করা হচ্ছে। নিয়োগ বিজ্ঞপ্তিতে প্রকাশিত instruction অনুযায়ী টেলিটক SIM এর মাধ্যমে আবেদন করতে হবে,False,False
promo,"Buy 1 Get 1 free at Aarong! এই offer টা valid 15th January পর্যন্ত। Don't miss out, সুযোগ হাতছাড়া করবেন না!",CodeMix,"Buy 1 Get 1 free at Aarong! এই offer টা valid 15th January পর্যন্ত। Don't miss out, সুযোগ হাতছাড়া করবেন না!",False,False
promo,বোনাস সহ ১জিবি-৩০টাকা-৩দিন। ডায়াল *১২১*৫২১৫# বা https://mygp.li/mo,Bengali,বোনাস সহ ১জিবি-৩০টাকা-৩দিন। ডায়াল *১২১*৫২১৫# বা [URL],True,False
promo,"Banglalink গ্রাহকদের জন্য আজকের স্পেশাল অফার! ৩ জিবি মাত্র ৩৯ টাকা, বৈধতা ৩ দিন। এখনই ডায়াল করুন *5000*39# এবং উপভোগ করুন দ্রুত ইন্টারনেট।",Bengali,"Banglalink গ্রাহকদের জন্য আজকের স্পেশাল অফার! ৩ জিবি মাত্র ৩৯ টাকা, বৈধতা ৩ দিন। এখনই ডায়াল করুন *5000*39# এবং উপভোগ করুন দ্রুত ইন্টারনেট।",False,False
promo,"DBBL কার্ডে শপিং করলে ১০% ক্যাশব্যাক, সর্বোচ্চ ৫০০ টাকা পর্যন্ত। অফার বৈধ এই মাসের শেষ পর্যন্ত।",Bengali,"DBBL কার্ডে শপিং করলে ১০% ক্যাশব্যাক, সর্বোচ্চ ৫০০ টাকা পর্যন্ত। অফার বৈধ এই মাসের শেষ পর্যন্ত।",False,False
promo,"Buy 1 Get 1 free at Aarong! এই offer টা valid 30th November পর্যন্ত। Don't miss out, সুযোগ হাতছাড়া করবেন না!",CodeMix,"Buy 1 Get 1 free at Aarong! এই offer টা valid 30th November পর্যন্ত। Don't miss out, সুযোগ হাতছাড়া করবেন না!",False,False
promo,"Eid fashion collection at Rang! Designer clothes 50% off. Visit Gulshan, Dhanmondi, Uttara showrooms!",English,"Eid fashion collection at Rang! Designer clothes 50% off. Visit Gulshan, Dhanmondi, Uttara showrooms!",False,False
promo,Bata footwear carnival: Shop shoes 50% discount + extra 10% using Bkash payment. Valid till 20th Sept.,Banglish,Bata footwear carnival: Shop shoes 50% discount + extra 10% using Bkash payment. Valid till 20th Sept.,False,False
promo,Bangladesh Air Force এ ৮৯ BAFA course এ officer cadet নিয়োগ চলছে। Details: https://joinairforce.baf.mil.bd,CodeMix,Bangladesh Air Force এ ৮৯ BAFA course এ officer cadet নিয়োগ চলছে। Details: [URL],True,False
promo,Last day today! 2GB with bonus - 35 taka - 7 days. Dial *121*5037# or mygp.li/mo,English,Last day today! 2GB with bonus - 35 taka - 7 days. Dial *121*5037# or mygp.li/mo,False,False
promo,"২০০৳ ক্যাশব্যাকে সেরা অফার ৬১জিবি+১০০০মি@৳৬৯৯,৩০দিন: cutt.ly/OwG5T3ub",Bengali,"২০০৳ ক্যাশব্যাকে সেরা অফার ৬১জিবি+১০০০মি@৳৬৯৯,৩০দিন: cutt.ly/OwG5T3ub",False,False
promo,Aj Dhanmondi shakhar shubho uddbodhone flat 50% chad! 01896001929 cutt.ly/fmw,Banglish,Aj Dhanmondi shakhar shubho uddbodhone flat 50% chad! [PHONE] cutt.ly/fmw,False,True
promo,"Uniquely beautiful in architecture, Diamond World's ""The Signature"" showroom is opening today at 4 PM. Your presence with family and prayers are earnestly desired. If needed: 01713199270",English,"Uniquely beautiful in architecture, Diamond World's ""The Signature"" showroom is opening today at 4 PM. Your presence with family and prayers are earnestly desired. If needed: [PHONE]",False,True
promo,Daraz App-এ নতুন ইউজার রেজিস্টার করলে ২৫০ টাকা ভাউচার ফ্রি। এখনই ডাউনলোড করে শপিং শুরু করুন।,Bengali,Daraz App-এ নতুন ইউজার রেজিস্টার করলে ২৫০ টাকা ভাউচার ফ্রি। এখনই ডাউনলোড করে শপিং শুরু করুন।,False,False
promo,Evaly carnival sale: Fashion apparels and kitchen items up to 65% discount. Online order delivery free across Dhaka. Offer valid till 20th Sept.,Banglish,Evaly carnival sale: Fashion apparels and kitchen items up to 65% discount. Online order delivery free across Dhaka. Offer valid till 20th Sept.,False,False
promo,টেলিটকে নতুন অফার! ৭দিনে ২জিবি ডেটা মাত্র ৪৯ টাকা। *১১৪*৬# ডায়াল করুন।,Bengali,টেলিটকে নতুন অফার! ৭দিনে ২জিবি ডেটা মাত্র ৪৯ টাকা। *১১৪*৬# ডায়াল করুন।,False,False
promo,ইলেকট্রনিক্স পণ্যে মেগা সেল! সব পণ্যে ১০-৫০% ছাড়। আজই ভিজিট করুন।,Bengali,ইলেকট্রনিক্স পণ্যে মেগা সেল! সব পণ্যে ১০-৫০% ছাড়। আজই ভিজিট করুন।,False,False
promo,সেরা অফার! বোনাস সহ ৫জিবি-৫০টাকা-৩দিন। ডায়াল *১২১*৫৬৫০# বা mygp.li/my,Bengali,সেরা অফার! বোনাস সহ ৫জিবি-৫০টাকা-৩দিন। ডায়াল *১২১*৫৬৫০# বা mygp.li/my,False,False
promo,MensWorld Bashundhara City নতুন branch opening এ flat 30% discount! cutt.ly/fmw,CodeMix,MensWorld Bashundhara City নতুন branch opening এ flat 30% discount! cutt.ly/fmw,False,False
promo,“05 May Antorjatik Midwife Dibosh. Ebarer protipadya-tothho theke bastobe: shokol midwife ek sathe.”,Banglish,“05 May Antorjatik Midwife Dibosh. Ebarer protipadya-tothho theke bastobe: shokol midwife ek sathe.”,False,False
promo,DBBL online banking payment করুন এবং exclusive reward points পান। Register now এবং future bill pay এ benefit enjoy করুন,CodeMix,DBBL online banking payment করুন এবং exclusive reward points পান। Register now এবং future bill pay এ benefit enjoy করুন,False,False
promo,"Get 499TK offer for just 399TK! 31GB+450min,30days: cutt.ly/2wQlYv6U",English,"Get 499TK offer for just 399TK! 31GB+450min,30days: cutt.ly/2wQlYv6U",False,False
promo,BRAC Bank credit card holders জন্য special cashback ১০% on electronics items। Apply করুন এখনই এবং instant reward points পান।,CodeMix,BRAC Bank credit card holders জন্য special cashback ১০% on electronics items। Apply করুন এখনই এবং instant reward points পান।,False,False
promo,Daraz Electronics Fair চলছে! ল্যাপটপ আর গ্যাজেট কিনলে ৩০% ডিসকাউন্ট। এখনই অর্ডার করুন।,Bengali,Daraz Electronics Fair চলছে! ল্যাপটপ আর গ্যাজেট কিনলে ৩০% ডিসকাউন্ট। এখনই অর্ডার করুন।,False,False
promo,Bonus সহ ৮GB-১২০TK-৩০দিন। নিতে dial *১২১*৫০৭২# or https://mygp.li/mo,CodeMix,Bonus সহ ৮GB-১২০TK-৩০দিন। নিতে dial *১২১*৫০৭২# or [URL],True,False
promo,Big Sale: Beximco fashion এ ৩০% discount। Shop করুন online এখনই!,CodeMix,Big Sale: Beximco fashion এ ৩০% discount। Shop করুন online এখনই!,False,False
promo,Electronics product-এ mega sale! সব product-এ 10-50% discount। আজই visit করুন।,CodeMix,Electronics product-এ mega sale! সব product-এ 10-50% discount। আজই visit করুন।,False,False
promo,বিশাল সেভিংস! হোম ডেকোরেশন আইটেমে ৪৫% পর্যন্ত ছাড়। শুধু আজ!,Bengali,বিশাল সেভিংস! হোম ডেকোরেশন আইটেমে ৪৫% পর্যন্ত ছাড়। শুধু আজ!,False,False
promo,Bonus with 8GB-120TK-30 days. Dial *121*5072# or [https://mygp.li/mo](https://mygp.li/mo),English,Bonus with 8GB-120TK-30 days. Dial *121*5072# or [ [URL],True,False
promo,Robi recharge 100TK te paben 30 min free bonus call. Valid 7 days.,Banglish,Robi recharge 100TK te paben 30 min free bonus call. Valid 7 days.,False,False
promo,"Boundary-কৃত ready plot এখনই বাড়ি করে earn করুন, katha 4.5 lakh
01894841736",CodeMix,"Boundary-কৃত ready plot এখনই বাড়ি করে earn করুন, katha 4.5 lakh [PHONE]",False,True
promo,"Tomar jonno special deal 4GB+80mi.@87TK, 7din: cutt.ly/Iw0edGlt",Banglish,"Tomar jonno special deal 4GB+80mi.@87TK, 7din: cutt.ly/Iw0edGlt",False,False
promo,Buy 2 Get 1 FREE on all cosmetics! Shwapno supermarket. Offer valid till 15th December. Hurry up!,English,Buy 2 Get 1 FREE on all cosmetics! Shwapno supermarket. Offer valid till 15th December. Hurry up!,False,False
promo,হোম অ্যাপ্লায়েন্সের উপর ২৫% পর্যন্ত ছাড়! অফার শেষ হওয়ার আগে সুযোগ নিন।,Bengali,হোম অ্যাপ্লায়েন্সের উপর ২৫% পর্যন্ত ছাড়! অফার শেষ হওয়ার আগে সুযোগ নিন।,False,False
promo,Walton smart appliance কিনলে gift voucher পাবেন TK 700। Order করুন আজই!,CodeMix,Walton smart appliance কিনলে gift voucher পাবেন TK 700। Order করুন আজই!,False,False
promo,September-23 Recharge: 50TK Khoroch: Data: 168TK Voice: 119TK Onnanyo: 0TK,Banglish,September-23 Recharge: 50TK Khoroch: Data: 168TK Voice: 119TK Onnanyo: 0TK,False,False
promo,শুধু আজকে ৳১০০ ক্যাশব্যাক! ৫০জিবি @৳৩৯৮ ৩০দিন: cutt.ly/hwltB5hC,Bengali,শুধু আজকে ৳১০০ ক্যাশব্যাক! ৫০জিবি @৳৩৯৮ ৩০দিন: cutt.ly/hwltB5hC,False,False
promo,Agora supermarket weekend special! Buy groceries worth 1500 TK get 200 TK cashback via bKash!,English,Agora supermarket weekend special! Buy groceries worth 1500 TK get 200 TK cashback via bKash!,False,False
promo,"লোটোতে শুধুমাত্র আজকের অফার
নির্দিষ্ট পণ্যে
১টি কিনলে ১টি ফ্রী
শপ্র",Bengali,লোটোতে শুধুমাত্র আজকের অফার নির্দিষ্ট পণ্যে ১টি কিনলে ১টি ফ্রী শপ্র,False,False
promo,"তোমার জন্য special deal!10GB+250minutes @৳২৫০,30দিনঃ cutt.ly/Lwg2MRlr",CodeMix,"তোমার জন্য special deal!10GB+250minutes @৳২৫০,30দিনঃ cutt.ly/Lwg2MRlr",False,False
promo,"Pro-level internetinge pocket saving- 3GB@TK98,7 din cutt.ly/9wEyjoLc",Banglish,"Pro-level internetinge pocket saving- 3GB@TK98,7 din cutt.ly/9wEyjoLc",False,False
promo,Dhonir hate ki uthbe trophy? Dekhun IPL final cutt.ly/ywqDAPVv,Banglish,Dhonir hate ki uthbe trophy? Dekhun IPL final cutt.ly/ywqDAPVv,False,False
promo,Online shopping e 20% porjonto discount! Code use kore subidha nin.,Banglish,Online shopping e 20% porjonto discount! Code use kore subidha nin.,False,False
promo,Enjoy 100% bonus data with our new weekly plan। Packটি কিনে double data পান same price এ।,CodeMix,Enjoy 100% bonus data with our new weekly plan। Packটি কিনে double data পান same price এ।,False,False
promo,"nirbachhoni achoronbiddhi mene cholun, 
shushtu o abad nirbachhone shahayota korun
- Bangladesh nirbachhon commission",Banglish,"nirbachhoni achoronbiddhi mene cholun, shushtu o abad nirbachhone shahayota korun - Bangladesh nirbachhon commission",False,False
promo,GP bondho SIM comeback: Reactivate kore instantly 10GB data free and 100 mins bonus call. Recharge 58TK and enjoy the benefit. Offer shesh hobe soon.,Banglish,GP bondho SIM comeback: Reactivate kore instantly 10GB data free and 100 mins bonus call. Recharge 58TK and enjoy the benefit. Offer shesh hobe soon.,False,False
promo,"পূর্বাচল সংলগ্ন নাভানা'র ৩,৫ ও ১০ কাঠার প্লট কিনুন – ০১৮৪৭-২১৪০১৯",Bengali,"পূর্বাচল সংলগ্ন নাভানা'র ৩,৫ ও ১০ কাঠার প্লট কিনুন – [PHONE]",False,True
promo,"30GB@389TK, 30din pack kine pao Danki movie ticket: cutt.ly/SwFqDlAs",Banglish,"30GB@389TK, 30din pack kine pao Danki movie ticket: cutt.ly/SwFqDlAs",False,False
promo,"Call duration 00:02:51, charged 3.6 Taka, remaining balance is 10.94 Taka",English,"Call duration 00:02:51, charged 3.6 Taka, remaining balance is 10.94 Taka",False,False
promo,"Singer showroom home appliances Eid special: Refrigerators, ACs, TVs discounted!",English,"Singer showroom home appliances Eid special: Refrigerators, ACs, TVs discounted!",False,False
promo,"আজই শেষ দিন! ৪০জিবি(বোনাসসহ)৫০০টাকা ৩০দিন।ডায়াল *১২১*৫০৪৯#, mygp.li/mo",Bengali,"আজই শেষ দিন! ৪০জিবি(বোনাসসহ)৫০০টাকা ৩০দিন।ডায়াল *১২১*৫০৪৯#, mygp.li/mo",False,False
promo,Senabahinite soinik pode jogdaner jonno 10 January 2024 hote 15 February 2024 porjonto abedon ahban kora hocche. niyog biggopti te prokashito nirdeshona onujayi Teletalk SIM er maddhome abedon korte hobe,Banglish,Senabahinite soinik pode jogdaner jonno 10 January 2024 hote 15 February 2024 porjonto abedon ahban kora hocche. niyog biggopti te prokashito nirdeshona onujayi Teletalk SIM er maddhome abedon korte hobe,False,False
promo,Biman Bangladesh offer: Dhaka to Sylhet flight 2999TK only. Book today via biman-airlines.com.bd.,Banglish,Biman Bangladesh offer: Dhaka to Sylhet flight 2999TK only. Book today via [URL],True,False
promo,"২০০৳ ক্যাশব্যাক শেষ দিন,নাও ৬১জিবি+১০০০মি@৳৬৯৯,৩০দিন: cutt.ly/FwQhpKHc",Bengali,"২০০৳ ক্যাশব্যাক শেষ দিন,নাও ৬১জিবি+১০০০মি@৳৬৯৯,৩০দিন: cutt.ly/FwQhpKHc",False,False
promo,"৳100 cashback! 30GB+500min @৳399 30দিন, নিয়ে নাও: cutt.ly/AwkY4L2C",CodeMix,"৳100 cashback! 30GB+500min @৳399 30দিন, নিয়ে নাও: cutt.ly/AwkY4L2C",False,False
promo,"নগদে পেমেন্ট করুন, পাবেন ১০% ক্যাশব্যাক! সর্বোচ্চ ১০০০ টাকা পর্যন্ত।",Bengali,"নগদে পেমেন্ট করুন, পাবেন ১০% ক্যাশব্যাক! সর্বোচ্চ ১০০০ টাকা পর্যন্ত।",False,False
promo,"৮GB(bonus সহ) ১২৩TK ১৫days।Dial *১২১*৫৫৪৮#, mygp.li/mo",CodeMix,"৮GB(bonus সহ) ১২৩TK ১৫days।Dial *১২১*৫৫৪৮#, mygp.li/mo",False,False
promo,"TK 40 cashback! 46GB@TK 458, 30 days, grab it now: cutt.ly/GwWYCCfJ",English,"TK 40 cashback! 46GB@TK 458, 30 days, grab it now: cutt.ly/GwWYCCfJ",False,False
promo,"Pickaboo laptop fair: HP, Dell, Lenovo laptops up to 9000TK discount + free bag. EMI option up to 12 months. Visit pickaboo.com today.",Banglish,"Pickaboo laptop fair: HP, Dell, Lenovo laptops up to 9000TK discount + free bag. EMI option up to 12 months. Visit [URL] today.",True,False
promo,PHP Automobiles motorcycle fair! All bikes 15% discount + free helmet. Ride with confidence!,English,PHP Automobiles motorcycle fair! All bikes 15% discount + free helmet. Ride with confidence!,False,False
promo,"আজ ও কাল মেন্স ওয়ার্ল্ড এর সকল শাখায় ফ্ল্যাট ৫০% ডিসকাউন্ট
cutt.ly/fmw",Bengali,আজ ও কাল মেন্স ওয়ার্ল্ড এর সকল শাখায় ফ্ল্যাট ৫০% ডিসকাউন্ট cutt.ly/fmw,False,False
promo,“০৫ মে আন্তর্জাতিক মিডওয়াইফ দিবস। এবারের প্রতিপাদ্য-তথ্য থেকে বাস্তবেঃ সকল মিডওয়াইফ এক সাথে।”,Bengali,“০৫ মে আন্তর্জাতিক মিডওয়াইফ দিবস। এবারের প্রতিপাদ্য-তথ্য থেকে বাস্তবেঃ সকল মিডওয়াইফ এক সাথে।”,False,False
promo,"TK25 cashback now more data 50GB@TK473, 30 days cutt.ly/zwTmxzpd",English,"TK25 cashback now more data 50GB@TK473, 30 days cutt.ly/zwTmxzpd",False,False
promo,Bkash QR offer: Shop with QR at Meena Bazar 1000TK+ and instantly paben 25% cashback up to 250TK. Valid for this week only.,Banglish,Bkash QR offer: Shop with QR at Meena Bazar 1000TK+ and instantly paben 25% cashback up to 250TK. Valid for this week only.,False,False
promo,menzworld basundhara city notun shakhar uddhone flat30%chad!cutt.ly/fmw,Banglish,menzworld basundhara city notun shakhar uddhone flat30%chad!cutt.ly/fmw,False,False
promo,"200TK super cashback e nao 61GB+1000mi@TK 699, 30din: cutt.ly/OwG5T3ub",Banglish,"200TK super cashback e nao 61GB+1000mi@TK 699, 30din: cutt.ly/OwG5T3ub",False,False
promo,"TK100 cashback! 30GB+600min @TK399, 30din: cutt.ly/AwkY4L2C",Banglish,"TK100 cashback! 30GB+600min @TK399, 30din: cutt.ly/AwkY4L2C",False,False
promo,"Onurdho 18 bochor boyoshi Bangladeshi shishu-kishor ebong songslistho protishtanshomuho hote 'Sheikh Russel Podok' er abedonpotro online-e ahoban kora jacche. Abedoner shesh shomoy 20 May, 2023. Bistarioto: www.award.sheikhrussel.gov.bd",Banglish,"Onurdho 18 bochor boyoshi Bangladeshi shishu-kishor ebong songslistho protishtanshomuho hote 'Sheikh Russel Podok' er abedonpotro online-e ahoban kora jacche. Abedoner shesh shomoy 20 May, 2023. Bistarioto: [URL]",True,False
promo,Daraz Electronics Fair-এ ল্যাপটপে ৩০% পর্যন্ত ডিসকাউন্ট।,Bengali,Daraz Electronics Fair-এ ল্যাপটপে ৩০% পর্যন্ত ডিসকাউন্ট।,False,False
promo,"Under ১৮ বছর বয়সী Bangladeshi শিশু-কিশোরদের জন্য ‘Sheikh Russel Padak’ এর application অনলাইনে আহবান করা হচ্ছে। Deadline: ২০ May, ২০২৩। বিস্তারিতঃ www.award.sheikhrussel.gov.bd",CodeMix,"Under ১৮ বছর বয়সী Bangladeshi শিশু-কিশোরদের জন্য ‘Sheikh Russel Padak’ এর application অনলাইনে আহবান করা হচ্ছে। Deadline: ২০ May, ২০২৩। বিস্তারিতঃ [URL]",True,False
promo,"বুকে স্পেশাল ডিসকাউন্ট! নভেল, টেক্সটবুকে ৪০% ছাড়।",Bengali,"বুকে স্পেশাল ডিসকাউন্ট! নভেল, টেক্সটবুকে ৪০% ছাড়।",False,False
promo,"লি কুপারে ফ্ল্যাট ৫০% ছাড়
সকল শার্ট, জিন্স, গ্যাবারডিন
আজ ও কাল
শপ্র",Bengali,"লি কুপারে ফ্ল্যাট ৫০% ছাড় সকল শার্ট, জিন্স, গ্যাবারডিন আজ ও কাল শপ্র",False,False
promo,"বাংলালিংকের সবচেয়ে বড় ডিজিটাল অফার! আমাদের নতুন 'ডিজিটাল বাংলাদেশ' প্যাকেজে মাত্র ৩৯৯ টাকায় পাবেন ২০ জিবি হাই-স্পিড ইন্টারনেট, সব অপারেটরে ২০০ মিনিট কল, ১০০ SMS এবং বিশেষ বোনাস হিসেবে Netflix এ ৭ দিনের ফ্রি সাবস্ক্রিপশন। এছাড়াও রয়েছে Facebook, WhatsApp, এবং YouTube এ ডেটা সাশ্রয়ী ব্যবহারের সুবিধা। এই অফার কেবল আগামী ১৫ দিনের জন্য বৈধ। এখনই *১৬৮*৩৯৯# ডায়াল করুন।",Bengali,"বাংলালিংকের সবচেয়ে বড় ডিজিটাল অফার! আমাদের নতুন 'ডিজিটাল বাংলাদেশ' প্যাকেজে মাত্র ৩৯৯ টাকায় পাবেন ২০ জিবি হাই-স্পিড ইন্টারনেট, সব অপারেটরে ২০০ মিনিট কল, ১০০ SMS এবং বিশেষ বোনাস হিসেবে Netflix এ ৭ দিনের ফ্রি সাবস্ক্রিপশন। এছাড়াও রয়েছে Facebook, WhatsApp, এবং YouTube এ ডেটা সাশ্রয়ী ব্যবহারের সুবিধা। এই অফার কেবল আগামী ১৫ দিনের জন্য বৈধ। এখনই *১৬৮*৩৯৯# ডায়াল করুন।",False,False
promo,Bata footwear clearance: Men’s and women’s shoes 50–70% discount. Extra 5% off with Nagad payment. Offer till 25th Sept.,Banglish,Bata footwear clearance: Men’s and women’s shoes 50–70% discount. Extra 5% off with Nagad payment. Offer till 25th Sept.,False,False
promo,Bkash + Pathao Combo Offer: Pay with bkash for Pathao ride and enjoy 40% cashback up to 60TK per ride. Valid till 15th Sept. Promo code: BK40.,Banglish,Bkash + Pathao Combo Offer: Pay with bkash for Pathao ride and enjoy 40% cashback up to 60TK per ride. Valid till 15th Sept. Promo code: BK40.,False,False
promo,"TK100 cashback! 30GB+500min. @TK399 30din,niye nao: cutt.ly/AwkY4L2C",Banglish,"TK100 cashback! 30GB+500min. @TK399 30din,niye nao: cutt.ly/AwkY4L2C",False,False
promo,"200TK cashback e shera offer 61GB+1000mi@TK699,30din: cutt.ly/OwG5T3ub",Banglish,"200TK cashback e shera offer 61GB+1000mi@TK699,30din: cutt.ly/OwG5T3ub",False,False
promo,Banglalink Game Portal এ সাবস্ক্রিপশন প্রথম সপ্তাহ ফ্রি। গেম খেলুন সীমাহীন।,Bengali,Banglalink Game Portal এ সাবস্ক্রিপশন প্রথম সপ্তাহ ফ্রি। গেম খেলুন সীমাহীন।,False,False
promo,"নভেম্বর-২৩
রিচার্জ:0৳
খরচ:
ডেটা:38৳
ভয়েস:57৳
অন্যান্য:0৳",Bengali,নভেম্বর-২৩ রিচার্জ:0৳ খরচ: ডেটা:38৳ ভয়েস:57৳ অন্যান্য:0৳,False,False
promo,Ecstasy entertainment complex: Movie tickets 150TK for all shows!,English,Ecstasy entertainment complex: Movie tickets 150TK for all shows!,False,False
promo,BRAC Bank credit card holders ১৫% discount পান grocery shopping এ। Apply today এবং instant cashback পান।,CodeMix,BRAC Bank credit card holders ১৫% discount পান grocery shopping এ। Apply today এবং instant cashback পান।,False,False
promo,GP internet pack আজ থেকে limited time offer। Activate করুন এখনই!,CodeMix,GP internet pack আজ থেকে limited time offer। Activate করুন এখনই!,False,False
promo,"তোমার জন্য স্পেশাল ডিল ৪জিবি+৮০মি.@৮৭৳, ৭দিন: cutt.ly/Iw0edGlt",Bengali,"তোমার জন্য স্পেশাল ডিল ৪জিবি+৮০মি.@৮৭৳, ৭দিন: cutt.ly/Iw0edGlt",False,False
promo,Meghna Cement building materials expo! All construction supplies 18% off. Build your dreams strong!,English,Meghna Cement building materials expo! All construction supplies 18% off. Build your dreams strong!,False,False
promo,"শেখ হাসিনা সরকারের সাফল্যঃ
মাননীয় প্রধানমন্ত্রী শেখ হাসিনার নির্দেশে এখন পর্যন্ত ১৩ লাখ গৃহহীন পরিবারকে জমিসহ ঘর নির্মাণ করে দিয়েছে সরকার। ফলে ভাগ্য বদলে গেছে প্রায় ৫০ লাখ অসহায় মানুষের। 
",Bengali,শেখ হাসিনা সরকারের সাফল্যঃ মাননীয় প্রধানমন্ত্রী শেখ হাসিনার নির্দেশে এখন পর্যন্ত ১৩ লাখ গৃহহীন পরিবারকে জমিসহ ঘর নির্মাণ করে দিয়েছে সরকার। ফলে ভাগ্য বদলে গেছে প্রায় ৫০ লাখ অসহায় মানুষের।,False,False
promo,সেনাবাহিনীতে সৈনিক পদে যোগদানের জন্য ১০ জানুয়ারি ২০২৪ হতে ১৫ ফেব্রুয়ারি ২০২৪ পর্যন্ত আবেদন আহবান করা হচ্ছে। নিয়োগ বিজ্ঞপ্তিতে প্রকাশিত নির্দেশনা অনুযায়ী টেলিটক সিমের মাধ্যমে আবেদন করতে হবে,Bengali,সেনাবাহিনীতে সৈনিক পদে যোগদানের জন্য ১০ জানুয়ারি ২০২৪ হতে ১৫ ফেব্রুয়ারি ২০২৪ পর্যন্ত আবেদন আহবান করা হচ্ছে। নিয়োগ বিজ্ঞপ্তিতে প্রকাশিত নির্দেশনা অনুযায়ী টেলিটক সিমের মাধ্যমে আবেদন করতে হবে,False,False
promo,সব kids এর খেলনায় ২০% discount। আজই কিনুন!,CodeMix,সব kids এর খেলনায় ২০% discount। আজই কিনুন!,False,False
promo,"চলে এসেছে বছরের সবচেয়ে বড় শীতের সেল! কে অ্যান্ড কে ফ্যাশনে আমরা নিয়ে এসেছি শীতের পোশাকের উপর অবিশ্বাস্য ছাড় - জ্যাকেট, সোয়েটার, শার্ট, প্যান্ট, সালোয়ার-কামিজ সব কিছুতে ৬০% পর্যন্ত ছাড়! বিশেষভাবে জনপ্রিয় ব্র্যান্ডগুলো যেমন Yellow, Aarong, Ecstasy এবং Richman এর কালেকশনও এই অফারে অন্তর্ভুক্ত। ৩০০০ টাকার উপরে কেনাকাটায় ফ্রি হোম ডেলিভারি। বসুন্ধরা সিটি, যমুনা ফিউচার পার্ক এবং অন্যান্য শাখায় পাওয়া যাচ্ছে।",Bengali,"চলে এসেছে বছরের সবচেয়ে বড় শীতের সেল! কে অ্যান্ড কে ফ্যাশনে আমরা নিয়ে এসেছি শীতের পোশাকের উপর অবিশ্বাস্য ছাড় - জ্যাকেট, সোয়েটার, শার্ট, প্যান্ট, সালোয়ার-কামিজ সব কিছুতে ৬০% পর্যন্ত ছাড়! বিশেষভাবে জনপ্রিয় ব্র্যান্ডগুলো যেমন Yellow, Aarong, Ecstasy এবং Richman এর কালেকশনও এই অফারে অন্তর্ভুক্ত। ৩০০০ টাকার উপরে কেনাকাটায় ফ্রি হোম ডেলিভারি। বসুন্ধরা সিটি, যমুনা ফিউচার পার্ক এবং অন্যান্য শাখায় পাওয়া যাচ্ছে।",False,False
promo,Flat 10% discount storewide. Code: FLAT10. Online only.,English,Flat 10% discount storewide. Code: FLAT10. Online only.,False,False
promo,Cellular Jail restaurant authentic Bengali cuisine 20% off this month!,English,Cellular Jail restaurant authentic Bengali cuisine 20% off this month!,False,False
promo,matro 97TK 30din Bishwacup Cricket + 1GB data nite: cutt.ly/YwmtpRRj,Banglish,matro 97TK 30din Bishwacup Cricket + 1GB data nite: cutt.ly/YwmtpRRj,False,False
