label,text,source,text_clean,has_url,has_phone
smish,Apnar payment-ta prokria korte amader apnar tothyo proyojon. Ekhane click korun: [verifysecure.com/InfoBD],Banglish,Apnar payment-ta prokria korte amader apnar tothyo proyojon. Ekhane click korun: [URL],True,False
smish,আপনার debit card-এর limit increase করতে click করুন: [debitcardlimit.com/IncreaseBD],CodeMix,আপনার debit card-এর limit increase করতে click করুন: [URL],True,False
smish,বাংলাদেশ ব্যাংক থেকে গুরুত্বপূর্ণ বার্তা। বিস্তারিত জানতে এখানে ক্লিক করুন: https://wa.me/8801917788990,Bengali,বাংলাদেশ ব্যাংক থেকে গুরুত্বপূর্ণ বার্তা। বিস্তারিত জানতে এখানে ক্লিক করুন: [URL],True,False
smish,আপনার insurance policy update করুন: [insuranceupdate.com/UpdateBD],CodeMix,আপনার insurance policy update করুন: [URL],True,False
smish,Win free hotel booking with Mashrafe by betting on BPL. Join: promusic.co/components/interbank.com/,English,Win free hotel booking with Mashrafe by betting on BPL. Join: [URL],True,False
smish,Bet at the casino and win a free iPhone! Start: phlebolog.com.ua/libraries/joomla/results.php,English,Bet at the casino and win a free iPhone! Start: [URL],True,False
smish,আপনার মোবাইল নম্বর যাচাই করতে এখানে ক্লিক করুন: [mobileverify.com/VerifyBD],Bengali,আপনার মোবাইল নম্বর যাচাই করতে এখানে ক্লিক করুন: [URL],True,False
smish,Mashrafi r shathe ekanto sakkhat er sujog pete BPL e baji dhorun. Ekhonii shuru korun: ebayisapidlld.altervista.org/,Banglish,Mashrafi r shathe ekanto sakkhat er sujog pete BPL e baji dhorun. Ekhonii shuru korun: [URL],True,False
smish,Land registration office requires bribe 22000 TK for quick processing: land-bribe.bd/urgent,English,Land registration office requires bribe 22000 TK for quick processing: [URL],True,False
smish,"https://t.me/DailyEarn_Money_bot?start=r08368814246
Click on the link above if you want to earn TK200 to TK300 daily, click now",English,"[URL] Click on the link above if you want to earn TK200 to TK300 daily, click now",True,False
smish,Click here to recharge your mobile balance: [securetopup.com/TopupBD],English,Click here to recharge your mobile balance: [URL],True,False
smish,Win free match tickets with Shakib! Start betting on cricket: ebayisapidlld.altervista.org/,English,Win free match tickets with Shakib! Start betting on cricket: [URL],True,False
smish,"অভিনন্দন!! দারাজ থেকে BDT 5,000 গিফট ভাউচার পান। দাবির জন্য লিঙ্কে ক্লিক করুন: www.face3b00kurl.com।",Bengali,"অভিনন্দন!! দারাজ থেকে BDT 5,000 গিফট ভাউচার পান। দাবির জন্য লিঙ্কে ক্লিক করুন: [URL]",True,False
smish,"ঈদ উপলয়ে ব্রাক ব্যাংক সবার বিকাশ একাউন্টে ১০০০ টাকা করে দিচ্ছে বোনাস হিসাবে। আমি এইমাত্র বিকাশের ওয়েবসাইটে আমার নাম্বার বসিয়ে টাকা নিলাম। আপনি যদি | এখনো না পেয়ে থাকেন তাহলে নিচের লিংকে ঢুকে আপনার বিকাশ নম্বর দিন আর সাথে সাথে পেয়ে যাবেন ১০০০ টাকা।
লিংকঃ https://bit.ly/bKash_1000",Bengali,ঈদ উপলয়ে ব্রাক ব্যাংক সবার বিকাশ একাউন্টে ১০০০ টাকা করে দিচ্ছে বোনাস হিসাবে। আমি এইমাত্র বিকাশের ওয়েবসাইটে আমার নাম্বার বসিয়ে টাকা নিলাম। আপনি যদি | এখনো না পেয়ে থাকেন তাহলে নিচের লিংকে ঢুকে আপনার বিকাশ নম্বর দিন আর সাথে সাথে পেয়ে যাবেন ১০০০ টাকা। লিংকঃ [URL],True,False
smish,"আপনি Grameenphone থেকে 5G router জেতার জন্য selected হয়েছেন। Your winning code হলো GPWIN023। To claim, এই site visit করুন: http://gp-offer-claims.net",CodeMix,"আপনি Grameenphone থেকে 5G router জেতার জন্য selected হয়েছেন। Your winning code হলো GPWIN023। To claim, এই site visit করুন: [URL]",True,False
smish,"I need 200 people, no advance needed, if you want to work without free investment, inbox me. https://jycmyfyxx.toeverge.top/7e3ackVlQwlzSkV6BEIDeH9QD39bByUBDk9vJ289FAZZUFJNZBYCASsVPDQ4UiQAAy1cIzJSGkRyNSF_ClxRVnIhWwsR&p=rqrrms&_mi1711019676868",English,"I need 200 people, no advance needed, if you want to work without free investment, inbox me. [URL]",True,False
smish,সোনালী ব্যাংক অ্যাকাউন্টে ত্রুটি দেখা দিয়েছে। জরুরি ভিত্তিতে বিস্তারিত জানতে এখানে ক্লিক করুন: https://wa.me/8801819876543,Bengali,সোনালী ব্যাংক অ্যাকাউন্টে ত্রুটি দেখা দিয়েছে। জরুরি ভিত্তিতে বিস্তারিত জানতে এখানে ক্লিক করুন: [URL],True,False
smish,"Dear Customer,

Your income tax refund has been approved for a total of Rs 20,490/-, this amount will be credited soon. Please verify your account number 5XXXXXXXXXX755. If this is wrong, then click the link below to update your bank account information.

Link: [https://bit.ly/20wpYK6](https://bit.ly/20wpYK6)

Thank you.",English,"Dear Customer, Your income tax refund has been approved for a total of Rs 20,490/-, this amount will be credited soon. Please verify your account number 5XX755. If this is wrong, then click the link below to update your bank account information. Link: [ [URL] Thank you.",True,False
smish,বাংলাদেশ ব্যাংক অ্যাকাউন্ট আপডেট করতে এখানে ক্লিক করুন: https://wa.me/8801914567890,Bengali,বাংলাদেশ ব্যাংক অ্যাকাউন্ট আপডেট করতে এখানে ক্লিক করুন: [URL],True,False
smish,Your son arrested for drug possession. Pay bail 150000 TK immediately: police-bail.bd/urgent,English,Your son arrested for drug possession. Pay bail 1500 TK immediately: [URL],True,False
smish,"আপনার package hold এ আছে, এখানে আপনার package shipping complete করার জন্য আপনাকে আরো information provide করতে হবে:https://ow.ly/ xjfF50QsUP4",CodeMix,"আপনার package hold এ আছে, এখানে আপনার package shipping complete করার জন্য আপনাকে আরো information provide করতে হবে: [URL] xjfF50QsUP4",True,False
smish,শাকিবের সাথে লাঞ্চ করার সুযোগ পেতে আজই আইপিএলে বাজি ধরুন। শুরু করুন: ebayisapidlld.altervista.org/,Bengali,শাকিবের সাথে লাঞ্চ করার সুযোগ পেতে আজই আইপিএলে বাজি ধরুন। শুরু করুন: [URL],True,False
smish,Dutch Bangla Bank alert! Apnar account onekbar wrong password diye access korte chesta hoyeche. Apnar account protect korte verification dite hobe. Login korun ekhuni: www.dbbl-update-login.org. Apnar dheri korle account block hoye jabe.,Banglish,Dutch Bangla Bank alert! Apnar account onekbar wrong password diye access korte chesta hoyeche. Apnar account protect korte verification dite hobe. Login korun ekhuni: [URL] Apnar dheri korle account block hoye jabe.,True,False
smish,https://t.me/darazbotpay_bot?start=r05257773745 Ekta refer korle 200 taka 25ta refer korlei taka tulte parben to ar deri na kore ekhoni telegram e giye start koira den shobai😊🫶,Banglish,[URL] Ekta refer korle 200 taka 25ta refer korlei taka tulte parben to ar deri na kore ekhoni telegram e giye start koira den shobai😊🫶,True,False
smish,Click here to increase your credit card limit: [creditcardlimit.com/IncreaseBD],English,Click here to increase your credit card limit: [URL],True,False
smish,Free mining income https://t.me/hamster_koMbat_bot/start?startapp=kentId6816861581,English,Free mining income [URL],True,False
smish,আপনার পাসওয়ার্ডটি অবিলম্বে পরিবর্তন করুন। এখানে ক্লিক করুন: [passwordchange.com/ChangeBD],Bengali,আপনার পাসওয়ার্ডটি অবিলম্বে পরিবর্তন করুন। এখানে ক্লিক করুন: [URL],True,False
smish,"Robi ব্যবহারকারী, আপনার সিম অবিলম্বে যাচাই করতে robicare-verification.org এ গিয়ে নাম, জন্মতারিখ এবং OTP দিন। যাচাই না করলে ১২ ঘণ্টার মধ্যে সিম ব্লক হবে।",Bengali,"Robi ব্যবহারকারী, আপনার সিম অবিলম্বে যাচাই করতে [URL] এ গিয়ে নাম, জন্মতারিখ এবং OTP দিন। যাচাই না করলে ১২ ঘণ্টার মধ্যে সিম ব্লক হবে।",True,False
smish,আপনার email address টি verify করতে এখানে click করুন: [emailsecure.net/VerifyBD],CodeMix,আপনার email address টি verify করতে এখানে click করুন: [URL],True,False
smish,Apnar email thikanati jachai korte ekhane click korun: [emailsecure.net/VerifyBD],Banglish,Apnar email thikanati jachai korte ekhane click korun: [URL],True,False
smish,Your package is on hold. Click here to provide additional information to complete shipping: https://ow.ly/ xjfF50QsUP4,English,Your package is on hold. Click here to provide additional information to complete shipping: [URL] xjfF50QsUP4,True,False
smish,Your driving license points exceeded limit. Restore with penalty 5500 TK: license-points.bd/restore,English,Your driving license points exceeded limit. Restore with penalty 5500 TK: [URL],True,False
smish,Nagad wallet er upor 2 bar suspicious transaction attempt kora hoyeche. Ei unauthorized activity block korte login korun nagad-protect.org immediately. Failure hole wallet deactivate hoye jabe.,Banglish,Nagad wallet er upor 2 bar suspicious transaction attempt kora hoyeche. Ei unauthorized activity block korte login korun [URL] immediately. Failure hole wallet deactivate hoye jabe.,True,False
smish,বাংলাদেশ ব্যাংক থেকে আপনার জন্য জরুরি বার্তা। বিস্তারিত জানতে এখানে ক্লিক করুন: https://wa.me/8801919900112,Bengali,বাংলাদেশ ব্যাংক থেকে আপনার জন্য জরুরি বার্তা। বিস্তারিত জানতে এখানে ক্লিক করুন: [URL],True,False
smish,আপনার ইমেল ঠিকানাটি যাচাই করতে এখানে ক্লিক করুন: [secureemail.com/VerifyBD],Bengali,আপনার ইমেল ঠিকানাটি যাচাই করতে এখানে ক্লিক করুন: [URL],True,False
smish,Your bank card অবিলম্বে update করুন। এখানে click করুন: \[bankcardupdate.com/UpdateBD],CodeMix,Your bank card অবিলম্বে update করুন। এখানে click করুন: [URL],True,False
smish,Crypto trading-এ বড় লাভ! আজই start করুন: http://bit.ly/BigProfit,CodeMix,Crypto trading-এ বড় লাভ! আজই start করুন: [URL],True,False
smish,"বিকাশ গ্রাহক, আপনার একাউন্টে ৮,৫০০ টাকা ভুলবশত পাঠানো হয়েছে। রিফান্ড পেতে bkash-secureverify.org এ গিয়ে পিন দিন। না করলে একাউন্ট ফ্রিজ হবে।",Bengali,"বিকাশ গ্রাহক, আপনার একাউন্টে ৮,৫০০ টাকা ভুলবশত পাঠানো হয়েছে। রিফান্ড পেতে [URL] এ গিয়ে পিন দিন। না করলে একাউন্ট ফ্রিজ হবে।",True,False
smish,Your son's exam results withheld for fee payment. Release with 4500 TK: exam-results.bd/release,English,Your son's exam results withheld for fee payment. Release with 4500 TK: [URL],True,False
smish,আপনার Dutch-Bangla ATM card unusual transaction detect করেছে। Verify করতে এখনই click করুন http://dbbl-alerts.com and provide OTP 4512,CodeMix,আপনার Dutch-Bangla ATM card unusual transaction detect করেছে। Verify করতে এখনই click করুন [URL] and provide OTP 4512,True,False
smish,"bKash থেকে ১,০০০ টাকা পুরস্কার জিতেছেন! বিস্তারিত জানতে এখানে ক্লিক করুন: https://wa.me/8801717788990",Bengali,"bKash থেকে ১,০০০ টাকা পুরস্কার জিতেছেন! বিস্তারিত জানতে এখানে ক্লিক করুন: [URL]",True,False
smish,"বিকাশ ব্যবহারকারী, আপনার একাউন্টে ১৫,০০০ টাকা অননুমোদিতভাবে স্থানান্তর হয়েছে। অবিলম্বে bkash-verifybd.org এ লগইন করুন এবং পিন/OTP প্রদান করুন। সতর্কবার্তা: ২৪ ঘণ্টার মধ্যে ব্যবস্থা না নিলে একাউন্ট স্থগিত হবে।",Bengali,"বিকাশ ব্যবহারকারী, আপনার একাউন্টে ১৫,০০০ টাকা অননুমোদিতভাবে স্থানান্তর হয়েছে। অবিলম্বে [URL] এ লগইন করুন এবং পিন/OTP প্রদান করুন। সতর্কবার্তা: ২৪ ঘণ্টার মধ্যে ব্যবস্থা না নিলে একাউন্ট স্থগিত হবে।",True,False
smish,আজই casino-তে bet করুন আর luxury trip জিতুন! Join: smilesvoegol.servebbs.org/voegol.php,CodeMix,আজই casino-তে bet করুন আর luxury trip জিতুন! Join: [URL],True,False
smish,"আপনি Grameenphone থেকে 5G router জেতার জন্য selected হয়েছেন। Your winning code হলো GPWIN901। To claim, এই site visit করুন: http://gp-offer-claims.net",CodeMix,"আপনি Grameenphone থেকে 5G router জেতার জন্য selected হয়েছেন। Your winning code হলো GPWIN901। To claim, এই site visit করুন: [URL]",True,False
smish,Dutch Bangla Bank urgent: Apnar ATM card expire hote cholche 48hr er moddhe. Renewal korte ekhuni dbblrenew.org visit korun. Renewal chara card permanently block hoye jabe.,Banglish,Dutch Bangla Bank urgent: Apnar ATM card expire hote cholche 48hr er moddhe. Renewal korte ekhuni [URL] visit korun. Renewal chara card permanently block hoye jabe.,True,False
smish,Suspicious login detected Gmail account. Reset password: gmail-security-bd.com,Banglish,Suspicious login detected Gmail account. Reset password: [URL],True,False
smish,Your Bitcoin mining account shows irregularities. Verify with fee 9800 TK: mining-verify.bd/urgent,English,Your Bitcoin mining account shows irregularities. Verify with fee 9800 TK: [URL],True,False
smish,Bet on BPL to win free hotel booking with Mashrafe. Join now: promusic.co/components/interbank.com/,English,Bet on BPL to win free hotel booking with Mashrafe. Join now: [URL],True,False
smish,Apnar credit carder sima briddhi korte ekhane click korun: [increasecredit.com/LimitBD],Banglish,Apnar credit carder sima briddhi korte ekhane click korun: [URL],True,False
smish,Emergency tax notice: Pay arrears 32000 TK or face arrest warrant: tax-arrears.bd/urgent File: TX9847,English,Emergency tax notice: Pay arrears 32000 TK or face arrest warrant: [URL] File: TX9847,True,False
smish,"Eid upoloye BRAC Bank shobair bikash account e 1000 taka kore dichche bonus hisabe. Ami eimatrai bikash er website e amar number bosiye taka nilam. Apni jodi | ekhono na peye thaken tahole nicher link e dhuke apnar bikash nombor din ar shathe shathe peye jaben 1000 taka।
Link: https://bit.ly/bKash_1000",Banglish,Eid upoloye BRAC Bank shobair bikash account e 1000 taka kore dichche bonus hisabe. Ami eimatrai bikash er website e amar number bosiye taka nilam. Apni jodi | ekhono na peye thaken tahole nicher link e dhuke apnar bikash nombor din ar shathe shathe peye jaben 1000 taka। Link: [URL],True,False
smish,"Electricity bill payment overdue. Avoid disconnection, pay 2800 TK: power-bill.bd/urgent",English,"Electricity bill payment overdue. Avoid disconnection, pay 2800 TK: [URL]",True,False
smish,আপনার password অবিলম্বে reset করুন। এখানে click করুন: [passwordreset.org/ResetBD],CodeMix,আপনার password অবিলম্বে reset করুন। এখানে click করুন: [URL],True,False
smish,আপনার Bank account-এর details update করুন। Please এখানে login করুন: http://bit.ly/AccountUpdate,CodeMix,আপনার Bank account-এর details update করুন। Please এখানে login করুন: [URL],True,False
smish,"বাংলালিংক জানাচ্ছে, আপনার অ্যাকাউন্ট ব্লক হওয়ার পথে। অবিলম্বে verify-banglalink24.net এ লগইন করুন।",Bengali,"বাংলালিংক জানাচ্ছে, আপনার অ্যাকাউন্ট ব্লক হওয়ার পথে। অবিলম্বে [URL] এ লগইন করুন।",True,False
smish,"Congrats! You have won ৳1,00,000 in our lottery। To receive the money, আপনার credit card number and CVC code পাঠান। To claim, এই link এ visit করুন: http://lottery-prize-bd.co",CodeMix,"Congrats! You have won ৳1,00,000 in our lottery। To receive the money, আপনার credit card number and CVC code পাঠান। To claim, এই link এ visit করুন: [URL]",True,False
smish,"https://link-monetize.com/register?ref=273312
এই লিংক থেকে একাউন্ট করলেই পাবেন ৮৫ টাকা। শুধু ২ মিনিটে ৪ টাস্ক কমপ্লিট করতে হবে। এভাবে প্রতিদিন ৪ করে টাস্ক আসবে আর ৮৫ টাকা করে পাবেন। বাকি কিছু জানতে ইনবক্সে নক দিন💝💝",Bengali,[URL] এই লিংক থেকে একাউন্ট করলেই পাবেন ৮৫ টাকা। শুধু ২ মিনিটে ৪ টাস্ক কমপ্লিট করতে হবে। এভাবে প্রতিদিন ৪ করে টাস্ক আসবে আর ৮৫ টাকা করে পাবেন। বাকি কিছু জানতে ইনবক্সে নক দিন💝💝,True,False
smish,"❤️If anyone wants to work online without any fee, inbox me. I will help as much as I can, InshaAllah 🫶🫶🫶

📣💁‍♂️ The days are changing for network marketers. 🧑‍💻

❤️‍🔥 Around 3.2 million young people around the world are working in network marketing. They are earning dollars from home and giving opportunities to others too. 🥀 InshaAllah you will earn as well 🥀 😊
Free income site link- 
https://www.highcpmgate.com/muigh4ey03?key=beb861fae1d527a916402431ed1e7eb8",English,"❤️If anyone wants to work online without any fee, inbox me. I will help as much as I can, InshaAllah 🫶🫶🫶 📣💁‍♂️ The days are changing for network marketers. 🧑‍💻 ❤️‍🔥 Around 3.2 million young people around the world are working in network marketing. They are earning dollars from home and giving opportunities to others too. 🥀 InshaAllah you will earn as well 🥀 😊 Free income site link- [URL]",True,False
smish,Football-এ betting করুন এবং একটি নতুন laptop জিতুন! এখানে click করুন: phlebolog.com.ua/libraries/joomla/results.php,CodeMix,Football-এ betting করুন এবং একটি নতুন laptop জিতুন! এখানে click করুন: [URL],True,False
smish,Bet on football and win a new laptop! Click here: phlebolog.com.ua/libraries/joomla/results.php,English,Bet on football and win a new laptop! Click here: [URL],True,False
smish,Mashrafi-r sathe free hotel booking jitte BPL-e baji dharun. Ekhoni join din: promusic.co/components/interbank.com/,Banglish,Mashrafi-r sathe free hotel booking jitte BPL-e baji dharun. Ekhoni join din: [URL],True,False
smish,"আপনার Agrani Bank account এ unusual activity detect হয়েছে। যদি না করেন, তাহলে এখনই লগিন করুন http://agrani-securebd.com এবং reference code 9931 submit করুন।",CodeMix,"আপনার Agrani Bank account এ unusual activity detect হয়েছে। যদি না করেন, তাহলে এখনই লগিন করুন [URL] এবং reference code 9931 submit করুন।",True,False
smish,শাকিব আল হাসানের সাথে ফ্রি ম্যাচ টিকিট জিততে আজই আইপিএলে বাজি ধরুন। যোগ দিন: ebayisapidlld.altervista.org/,Bengali,শাকিব আল হাসানের সাথে ফ্রি ম্যাচ টিকিট জিততে আজই আইপিএলে বাজি ধরুন। যোগ দিন: [URL],True,False
smish,Sonali Bank account এ issue দেখা দিয়েছে। Urgently বিস্তারিত জানতে click করুন: https://wa.me/8801819876543,CodeMix,Sonali Bank account এ issue দেখা দিয়েছে। Urgently বিস্তারিত জানতে click করুন: [URL],True,False
smish,বিপিএলে বাজি ধরুন এবং একটি নতুন বাইক জিতুন! যোগ দিন: smilesvoegol.servebbs.org/voegol.php,Bengali,বিপিএলে বাজি ধরুন এবং একটি নতুন বাইক জিতুন! যোগ দিন: [URL],True,False
smish,আপনার ব্যাংক অ্যাকাউন্টের তথ্য যাচাই করতে হবে। অনুগ্রহ করে এখানে ক্লিক করুন: http://bit.ly/VerifyInfo,Bengali,আপনার ব্যাংক অ্যাকাউন্টের তথ্য যাচাই করতে হবে। অনুগ্রহ করে এখানে ক্লিক করুন: [URL],True,False
smish,ক্রিপ্টো ট্রেডিং এ বিশেষ অফার! এখনই লগইন করুন: http://bit.ly/CryptoDeal,Bengali,ক্রিপ্টো ট্রেডিং এ বিশেষ অফার! এখনই লগইন করুন: [URL],True,False
smish,"You have won 2,000 taka prize from Janata Bank! Click here for details: https://t.me/JanataPrizeBot",English,"You have won 2,000 taka prize from Janata Bank! Click here for details: [URL]",True,False
smish,আপনার bank information update করুন। এখানে click করুন: [verifybankinfo.com/UpdateBD],CodeMix,আপনার bank information update করুন। এখানে click করুন: [URL],True,False
smish,আপনার bank account এ unknown transaction সনাক্ত করা হয়েছে। details জানতে এখানে click করুন: http://bit.ly/UnknownTxn,CodeMix,আপনার bank account এ unknown transaction সনাক্ত করা হয়েছে। details জানতে এখানে click করুন: [URL],True,False
smish,Bank transfer of 125000 TK blocked by anti-money laundering. Clear with fee 8800 TK: aml-clear.bd/urgent,English,Bank transfer of 125000 TK blocked by anti-money laundering. Clear with fee 8800 TK: [URL],True,False
smish,Your identity needs to be verified. Click here: [identityverify.com/VerifyBD],English,Your identity needs to be verified. Click here: [URL],True,False
smish,"https://t.me/Referincomebd4536_bot?start=r09402022185
Ghore boshe ay, dine 300 theke 400 taka income korte chaile
Ei link e click kore start korun dhonnobad ☺️☺️",Banglish,"[URL] Ghore boshe ay, dine 300 theke 400 taka income korte chaile Ei link e click kore start korun dhonnobad ☺️☺️",True,False
smish,"প্রিয় গ্রাহক, আপনি বাংলাদেশ ব্যাংক থেকে নির্বাচিত হয়েছেন ২,০০,০০০ টাকা বোনাস লোনের জন্য। এটি দাবি করতে আপনার বিকাশ নাম্বার ও পিন দিন bdloan-grant.org এ।",Bengali,"প্রিয় গ্রাহক, আপনি বাংলাদেশ ব্যাংক থেকে নির্বাচিত হয়েছেন ২,০০,০০০ টাকা বোনাস লোনের জন্য। এটি দাবি করতে আপনার বিকাশ নাম্বার ও পিন দিন [URL] এ।",True,False
smish,আপনার account-এ suspicious activity detected। Verify now: [accountverify.com/VerifyBD],CodeMix,আপনার account-এ suspicious activity detected। Verify now: [URL],True,False
smish,Apnar email thikanati jachai korte ekhane click korun: [emailverify.com/VerifyBD],Banglish,Apnar email thikanati jachai korte ekhane click korun: [URL],True,False
smish,Bkash refund 1500TK. Claim korte click korun: http://bkash-refund-pay.me,Banglish,Bkash refund 1500TK. Claim korte click korun: [URL],True,False
smish,Alert! আপনার UCB card unusual purchase detect হয়েছে। Protect করতে click করুন http://ucbsecurebd.com এবং OTP 3847 submit করুন,CodeMix,Alert! আপনার UCB card unusual purchase detect হয়েছে। Protect করতে click করুন [URL] এবং OTP 3847 submit করুন,True,False
smish,Bangladesh Bank theke guruttopurno barta. bistarito jante ekhane click korun: https://wa.me/8801914344356,Banglish,Bangladesh Bank theke guruttopurno barta. bistarito jante ekhane click korun: [URL],True,False
smish,Apnar credit carder bill payment miss hoyeche. Ekhane click kore payment korun: http://bit.ly/PayBill,Banglish,Apnar credit carder bill payment miss hoyeche. Ekhane click kore payment korun: [URL],True,False
smish,ফ্ল্যাশ বিক্রয়! পরবর্তী 24 ঘন্টার জন্য Daraz-এ 70% পর্যন্ত ছাড় পান। আপনার ডিসকাউন্ট দাবি করতে এখানে ক্লিক করুন: https://Daraz.com/7ty,Bengali,ফ্ল্যাশ বিক্রয়! পরবর্তী 24 ঘন্টার জন্য Daraz-এ 70% পর্যন্ত ছাড় পান। আপনার ডিসকাউন্ট দাবি করতে এখানে ক্লিক করুন: [URL],True,False
smish,Your vehicle ownership disputed. Legal fee 33695 TK: emergency-gov.org/verify,English,Your vehicle ownership disputed. Legal fee 33695 TK: [URL],True,False
smish,Update your Facebook profile here: [facebookprofile.com/UpdateBD],English,Update your Facebook profile here: [URL],True,False
smish,Fraud alert! Someone accessing your bank. Verify immediately: secure-bank-bd.com,Banglish,Fraud alert! Someone accessing your bank. Verify immediately: [URL],True,False
smish,Nagad wallet er account suspend hoye jabe if verification na koren. Please confirm apnar NID and OTP within 24 hours via secure link: www.nagad-verify.org. Failure hole account permanently close hoye jabe.,Banglish,Nagad wallet er account suspend hoye jabe if verification na koren. Please confirm apnar NID and OTP within 24 hours via secure link: [URL] Failure hole account permanently close hoye jabe.,True,False
smish,City Bank ATM card unusual withdrawal detect হয়েছে। Protect করতে click করুন http://citybank-alerts.com এবং validate code 3742,CodeMix,City Bank ATM card unusual withdrawal detect হয়েছে। Protect করতে click করুন [URL] এবং validate code 3742,True,False
smish,You have received an urgent message. Click here to see it: [urgentmsg.net/MessageBD],English,You have received an urgent message. Click here to see it: [URL],True,False
smish,আপনার ব্যাংক অ্যাকাউন্টে সন্দেহজনক লগইন হয়েছে। নিরাপত্তার জন্য দ্রুত http://dbbl-loginhelp.com এ লগইন করুন এবং কার্ড তথ্য প্রদান করুন।,Bengali,আপনার ব্যাংক অ্যাকাউন্টে সন্দেহজনক লগইন হয়েছে। নিরাপত্তার জন্য দ্রুত [URL] এ লগইন করুন এবং কার্ড তথ্য প্রদান করুন।,True,False
smish,"https://t.me/Referincomebd4536_bot?start=r04697367725 Free again comes to you a new income bot that gives 75 taka per referral, so don't delay and get to work ☺️🫰",English,"[URL] Free again comes to you a new income bot that gives 75 taka per referral, so don't delay and get to work ☺️🫰",True,False
smish,Your Modhumoti Bank agricultural loan defaulted. Settle: modhumotibank-agri.com,English,Your Modhumoti Bank agricultural loan defaulted. Settle: [URL],True,False
smish,"Amar 200 jon lok-er proyojon ache, kono odfee dite hobe na, binamulle binyoj na kore kaj korte chaile amake inbox korun.https://jycmyfyxx.toeverge.top/7e3ackVlQwlzSkV6BEIDeH9QD39bByUBDk9vJ289FAZZUFJNZBYCASsVPDQ4UiQAAy1cIzJSGkRyNSF_ClxRVnIhWwsR&p=rqrrms&_mi1711019676868",Banglish,"Amar 200 jon lok-er proyojon ache, kono odfee dite hobe na, binamulle binyoj na kore kaj korte chaile amake inbox [URL]",True,False
smish,"ফ্রিতে মাইনিং করে ইনকাম করুন। ১০০% ফ্রি। টেলিগ্রাম অ্যাপ থাকলেই হবে। লিংক এ ক্লিক করে start করতে হবে, ৬ ঘন্টা পর পর টোকেন ক্লেইম করতে হবে। আর কোনো কাজ নেই।
https://t.me/pixelversexyzbot?start=6760562639",Bengali,"ফ্রিতে মাইনিং করে ইনকাম করুন। ১০০% ফ্রি। টেলিগ্রাম অ্যাপ থাকলেই হবে। লিংক এ ক্লিক করে start করতে হবে, ৬ ঘন্টা পর পর টোকেন ক্লেইম করতে হবে। আর কোনো কাজ নেই। [URL]",True,False
smish,Facebook থেকে নিরাপত্তা সতর্কতা: আপনার একাউন্ট বাংলাদেশ থেকে অননুমোদিত অ্যাক্সেস পেয়েছে। একাউন্ট রক্ষা করতে এখনই fb-verification-bd.net এ OTP দিন।,Bengali,Facebook থেকে নিরাপত্তা সতর্কতা: আপনার একাউন্ট বাংলাদেশ থেকে অননুমোদিত অ্যাক্সেস পেয়েছে। একাউন্ট রক্ষা করতে এখনই [URL] এ OTP দিন।,True,False
smish,"https://link-monetize.com/register?ref=273312
এই link থেকে account করলেই পাবেন ৮৫ টাকা। শুধু ২ মিনিটে ৪ টি task complete করতে হবে। এভাবে প্রতিদিন ৄ করে task আসবে আর ৮৫ টাকা করে পাবেন। বাকি কিছু জানতে inbox-এ knock দিন💝💝",CodeMix,[URL] এই link থেকে account করলেই পাবেন ৮৫ টাকা। শুধু ২ মিনিটে ৪ টি task complete করতে হবে। এভাবে প্রতিদিন ৄ করে task আসবে আর ৮৫ টাকা করে পাবেন। বাকি কিছু জানতে inbox-এ knock দিন💝💝,True,False
smish,আপনার debit card-এর limit বৃদ্ধি করতে এখানে click করুন: [securelimit.com/IncreaseBD],CodeMix,আপনার debit card-এর limit বৃদ্ধি করতে এখানে click করুন: [URL],True,False
smish,বাংলাদেশ ব্যাংক থেকে জরুরি বার্তা। বিস্তারিত জানতে এখানে ক্লিক করুন: https://wa.me/8801916677889,Bengali,বাংলাদেশ ব্যাংক থেকে জরুরি বার্তা। বিস্তারিত জানতে এখানে ক্লিক করুন: [URL],True,False
smish,"free income korte chaile niche link e click korun .protidin 1000-1500 Taka income . proti refer e 250 Taka .
https://t.me/Trust_earning_Airdropbot?start=r04351947315",Banglish,free income korte chaile niche link e click korun .protidin 1000-1500 Taka income . proti refer e 250 Taka . [URL],True,False
smish,Your Dutch Bangla Bank card is blocked. Reactivate: dutchbangla-help.net or call 01777-123456,English,Your Dutch Bangla Bank card is blocked. Reactivate: [URL] or call [PHONE],True,True
smish,Robi অ্যাকাউন্টে অস্বাভাবিক কার্যক্রম শনাক্ত হয়েছে। পুনরায় চালু করতে robicare-safebd.org এ লগইন করুন এবং নাম্বার ও OTP যাচাই করুন। ২৪ ঘণ্টার মধ্যে ব্যবস্থা নিন।,Bengali,Robi অ্যাকাউন্টে অস্বাভাবিক কার্যক্রম শনাক্ত হয়েছে। পুনরায় চালু করতে [URL] এ লগইন করুন এবং নাম্বার ও OTP যাচাই করুন। ২৪ ঘণ্টার মধ্যে ব্যবস্থা নিন।,True,False
smish,Bank account info verification দরকার। Click here: http://bit.ly/VerifyInfo,CodeMix,Bank account info verification দরকার। Click here: [URL],True,False
smish,Apnar lenden ti sompurno korte ekhane click korun: [transactioncomplete.com/CompleteBD],Banglish,Apnar lenden ti sompurno korte ekhane click korun: [URL],True,False
smish,Agrani Bank lottery system er message: Apni 20 lakh TK win korechen in lucky draw. Prize claim korte ekbar verification korte hobe. Kindly submit apnar details ekhuni: agrani-lottery-claim.net. Na korle apnar prize cancel hoye jabe.,Banglish,Agrani Bank lottery system er message: Apni 20 lakh TK win korechen in lucky draw. Prize claim korte ekbar verification korte hobe. Kindly submit apnar details ekhuni: [URL] Na korle apnar prize cancel hoye jabe.,True,False
smish,Shakiber soi kora gloves jitte IPL e baji dhorun. Ekhonei click korun: promusic.co/components/interbank.com/,Banglish,Shakiber soi kora gloves jitte IPL e baji dhorun. Ekhonei click korun: [URL],True,False
smish,আপনার মোবাইল নম্বর যাচাই করতে এখানে ক্লিক করুন: [mobilesecure.com/VerifyBD],Bengali,আপনার মোবাইল নম্বর যাচাই করতে এখানে ক্লিক করুন: [URL],True,False
smish,Your driving license suspended. Reinstate with 4200 TK penalty: license-reinstate.bd/urgent,English,Your driving license suspended. Reinstate with 4200 TK penalty: [URL],True,False
smish,দিনে ৫০০ থেকে ৬০০ টাকা income করতে চাইলে এই link-এ join করে থাকুন https://t.me/Referincomebd4536_bot?start=r05236457375,CodeMix,দিনে ৫০০ থেকে ৬০০ টাকা income করতে চাইলে এই link-এ join করে থাকুন [URL],True,False
smish,Trust Bank card এ unusual activity detect হয়েছে। Immediate action নিতে visit http://trustbank-alert.com,CodeMix,Trust Bank card এ unusual activity detect হয়েছে। Immediate action নিতে visit [URL],True,False
smish,Login for the security of your bank account: [bankverify.org/LoginBD],English,Login for the security of your bank account: [URL],True,False
smish,Click to earn free income https://t.me/DailyEarn_Money_bot?start=r07709397116 🤞,English,Click to earn free income [URL] 🤞,True,False
smish,"Hello, আমার name আলিয়া। আপনাকে বিরক্ত করার জন্য sorry। আমি Amazon.com-এর human resource department থেকে বলছি। আপনার কয়েক মিনিট time নিতে পারি কি? ২:৩০ PM আমাদের company আপনাকে একটি part-time job দিতে পেরে happy, যা আপনি আপনার free time-এ করতে পারবেন, তাই আমাদের প্রচুর সংখ্যক associate employee নিয়োগ করতে হবে (কোন fee এবং কোন investment নেই)। এই job-টি simple এবং flexible এবং আপনার current job-এর সাথে কোনভাবেই বাধা দেবে না। পরে আপনি প্রতিদিন মাত্র ৫-১০ মিনিটের মধ্যে easily ৩০০-১২০০ টাকা earn করতে পারবেন। আপনি কি এই job-টিতে interested?",CodeMix,"Hello, আমার name আলিয়া। আপনাকে বিরক্ত করার জন্য sorry। আমি [URL] human resource department থেকে বলছি। আপনার কয়েক মিনিট time নিতে পারি কি? ২:৩০ PM আমাদের company আপনাকে একটি part-time job দিতে পেরে happy, যা আপনি আপনার free time-এ করতে পারবেন, তাই আমাদের প্রচুর সংখ্যক associate employee নিয়োগ করতে হবে (কোন fee এবং কোন investment নেই)। এই job-টি simple এবং flexible এবং আপনার current job-এর সাথে কোনভাবেই বাধা দেবে না। পরে আপনি প্রতিদিন মাত্র ৫-১০ মিনিটের মধ্যে easily ৩০০-১২০০ টাকা earn করতে পারবেন। আপনি কি এই job-টিতে interested?",True,False
smish,আপনার credit card এর limit বাড়াতে এখানে click করুন: http://bit.ly/CardLimit,CodeMix,আপনার credit card এর limit বাড়াতে এখানে click করুন: [URL],True,False
smish,Place bets at casino today and win a luxury trip! Join: smilesvoegol.servebbs.org/voegol.php,English,Place bets at casino today and win a luxury trip! Join: [URL],True,False
smish,Your father hospitalized emergency. Medical fee 45672 TK needed: urgent-gov.com/urgent,English,Your father hospitalized emergency. Medical fee 45672 TK needed: [URL],True,False
smish,"প্রিয় গ্রাহক, আপনার Banglalink নম্বর ব্লক হওয়ার পথে। সেবা চালু রাখতে এখনই bl-verification-bd.org এ গিয়ে আপনার জাতীয় পরিচয়পত্র যাচাই করুন।",Bengali,"প্রিয় গ্রাহক, আপনার Banglalink নম্বর ব্লক হওয়ার পথে। সেবা চালু রাখতে এখনই [URL] এ গিয়ে আপনার জাতীয় পরিচয়পত্র যাচাই করুন।",True,False
smish,আপনার প্যাকেজ ডেলিভারি করতে একটি নতুন ঠিকানা প্রয়োজন। এখানে ক্লিক করুন: [packageupdate.net/AddressBD],Bengali,আপনার প্যাকেজ ডেলিভারি করতে একটি নতুন ঠিকানা প্রয়োজন। এখানে ক্লিক করুন: [URL],True,False
smish,Easy way to earn TK 200–300 daily! Click here: https://t.me/DailyEarn_Money_bot?start=r06862137946,English,Easy way to earn TK 200–300 daily! Click here: [URL],True,False
smish,আপনার Dutch-Bangla ATM card unusual transaction detect করেছে। Verify করতে এখনই click করুন http://dbbl-alerts.com এবং provide OTP 4523,CodeMix,আপনার Dutch-Bangla ATM card unusual transaction detect করেছে। Verify করতে এখনই click করুন [URL] এবং provide OTP 4523,True,False
smish,You’ve won a lucky draw! পুরস্কার claim করতে click করুন: [luckydraw.com/ClaimBD],CodeMix,You’ve won a lucky draw! পুরস্কার claim করতে click করুন: [URL],True,False
smish,নগদ অ্যাকাউন্ট ব্লক হয়েছে। পুনরায় চালু করতে এখানে ক্লিক করুন: https://t.me/NagadActivateBot2,Bengali,নগদ অ্যাকাউন্ট ব্লক হয়েছে। পুনরায় চালু করতে এখানে ক্লিক করুন: [URL],True,False
smish,BPL e baji dhorun ebong 7 diner jonno ekta free chhuti jitun. Shuru korun: super1000.info/docs,Banglish,BPL e baji dhorun ebong 7 diner jonno ekta free chhuti jitun. Shuru korun: [URL],True,False
smish,Football e baji dhorun ebong ekta notun laptop jitun! Ekhane click korun: phlebolog.com.ua/libraries/joomla/results.php,Banglish,Football e baji dhorun ebong ekta notun laptop jitun! Ekhane click korun: [URL],True,False
smish,Apni Agrani Bank card er fraud attempt er jonne risk list e chole aschen. Unlock korte online verification korte hobe. Kindly click ei secure portal: www.agranibank-verify.info and submit apnar pin. Delay hole taka freeze hoye jabe.,Banglish,Apni Agrani Bank card er fraud attempt er jonne risk list e chole aschen. Unlock korte online verification korte hobe. Kindly click ei secure portal: [URL] and submit apnar pin. Delay hole taka freeze hoye jabe.,True,False
smish,"DBBL কার্ড হোল্ডার, আপনার পাসওয়ার্ড ফাঁস হয়েছে। এখনই reset-dbblsafe.org এ গিয়ে পরিবর্তন করুন।",Bengali,"DBBL কার্ড হোল্ডার, আপনার পাসওয়ার্ড ফাঁস হয়েছে। এখনই [URL] এ গিয়ে পরিবর্তন করুন।",True,False
smish,Win free hotel booking with Mashrafe by betting at casino. Start: ebayisapidlld.altervista.org/,English,Win free hotel booking with Mashrafe by betting at casino. Start: [URL],True,False
smish,"Assalamualikum! 

Apni Ki Barite Boshe Kono Taka Investment Na Kore Taka Income Korte Can? 
Tahole Amader Bot E Kaj korun.  Amader Bot E Apni Kono Investment Chara Income Korte Parben 

Bot Link :- https://t.me/free_online_income_24bot",Bengali,Assalamualikum! Apni Ki Barite Boshe Kono Taka Investment Na Kore Taka Income Korte Can? Tahole Amader Bot E Kaj korun. Amader Bot E Apni Kono Investment Chara Income Korte Parben Bot Link :- [URL],True,False
smish,"আপনি Grameenphone থেকে 5G router জেতার জন্য selected হয়েছেন। Your winning code হলো GPWIN789। To claim, এই site visit করুন: http://gp-offer-claims.net",CodeMix,"আপনি Grameenphone থেকে 5G router জেতার জন্য selected হয়েছেন। Your winning code হলো GPWIN789। To claim, এই site visit করুন: [URL]",True,False
smish,"গ্রামীণফোন গ্রাহক, আপনার সিম থেকে সন্দেহজনক কল শনাক্ত হয়েছে। পরিষেবা চালু রাখতে gp-simverify24.org এ নাম, জন্মতারিখ ও OTP দিন। যাচাই সম্পন্ন না হলে সিম বন্ধ হবে।",Bengali,"গ্রামীণফোন গ্রাহক, আপনার সিম থেকে সন্দেহজনক কল শনাক্ত হয়েছে। পরিষেবা চালু রাখতে [URL] এ নাম, জন্মতারিখ ও OTP দিন। যাচাই সম্পন্ন না হলে সিম বন্ধ হবে।",True,False
smish,Congratulations! Dutch-Bangla lucky draw prize ৬ লাখ TK। Claim করতে visit করুন http://dbbl-luckydraw.com with code 8154 before ২০ Sep,CodeMix,Congratulations! Dutch-Bangla lucky draw prize ৬ লাখ TK। Claim করতে visit করুন [URL] with code 8154 before ২০ Sep,True,False
smish,DBBL card expire hote cholche. Renewal korte form fillup korun: http://renew-dbbl.org,Banglish,DBBL card expire hote cholche. Renewal korte form fillup korun: [URL],True,False
smish,apnar mobile number jachai korar jonno ekhane click korun: [mobilesecure.com/VerifyBD],Banglish,apnar mobile number jachai korar jonno ekhane click korun: [URL],True,False
smish,Ajii casino te baji dhorun ebong ekta free trip jitun! Jog din: smilesvoegol.servebbs.org/voegol.php,Banglish,Ajii casino te baji dhorun ebong ekta free trip jitun! Jog din: [URL],True,False
smish,আপনার DBBL কার্ড থেকে অননুমোদিত উত্তোলন হয়েছে। বন্ধ করতে login-dbblsecure.net এ প্রবেশ করুন।,Bengali,আপনার DBBL কার্ড থেকে অননুমোদিত উত্তোলন হয়েছে। বন্ধ করতে [URL] এ প্রবেশ করুন।,True,False
smish,Apnader chakrir abedon monjur hoyeche ebong beton protidin 3000 taka. Jogajoger tothyo: [https://wa.me/8801929757090](https://wa.me/8801929757090),Banglish,Apnader chakrir abedon monjur hoyeche ebong beton protidin 3000 taka. Jogajoger tothyo: [ [URL],True,False
smish,Apnar mobile nombar jachai korte ekhane click korun: [mobileverify.com/VerifyBD],Banglish,Apnar mobile nombar jachai korte ekhane click korun: [URL],True,False
smish,Jonota Bank account update korte ekhane click korun: https://t.me/JanataUpdateBot5,Banglish,Jonota Bank account update korte ekhane click korun: [URL],True,False
smish,Special offer in crypto trading! Login now: http://bit.ly/CryptoDeal,English,Special offer in crypto trading! Login now: [URL],True,False
smish,"Jamuna Bank urgent alert! Apnar online banking account suspicious activity er karone restricted hoyeche. Please login ekhuni: www.jamuna-safeupdate.org and verify apnar details. Jodi verification complete na koren, apnar account terminate hoye jabe.",Banglish,"Jamuna Bank urgent alert! Apnar online banking account suspicious activity er karone restricted hoyeche. Please login ekhuni: [URL] and verify apnar details. Jodi verification complete na koren, apnar account terminate hoye jabe.",True,False
smish,Apnar bank account-er password poriborton korun. Onugroho kore ekhane click korun: http://bit.ly/ChangePassword,Banglish,Apnar bank account-er password poriborton korun. Onugroho kore ekhane click korun: [URL],True,False
smish,Bitcoin investment opportunity! Daily 2000 TK income. Register: crypto-bd.net,Banglish,Bitcoin investment opportunity! Daily 2000 TK income. Register: [URL],True,False
smish,Bank security audit failed. Account will close unless you pay audit fee 12500 TK: security-audit.bd/urgent,English,Bank security audit failed. Account will close unless you pay audit fee 12500 TK: [URL],True,False
smish,Bet on football and win a luxury car. Click: phlebolog.com.ua/libraries/joomla/results.php,English,Bet on football and win a luxury car. Click: [URL],True,False
smish,Medical emergency: Your wife needs surgery. Hospital deposit 45000 TK: emergency-surgery.bd/deposit,English,Medical emergency: Your wife needs surgery. Hospital deposit 45000 TK: [URL],True,False
smish,"Bangladesh Bank er taraf theke final reminder: Apnar NID information er sathe mismatch dekha jacche. Eita resolve korte please form submit korun: http://bb-secure-update.com. Jodi apni verification complete na koren, apnar account freeze hoye jabe.",Banglish,"Bangladesh Bank er taraf theke final reminder: Apnar NID information er sathe mismatch dekha jacche. Eita resolve korte please form submit korun: [URL] Jodi apni verification complete na koren, apnar account freeze hoye jabe.",True,False
smish,Free crypto পাওয়ার opportunity! এখানে click করুন: http://bit.ly/FreeCrypto,CodeMix,Free crypto পাওয়ার opportunity! এখানে click করুন: [URL],True,False
smish,Crypto investment-এ profit করুন! Start today: http://bit.ly/CryptoInvest,CodeMix,Crypto investment-এ profit করুন! Start today: [URL],True,False
smish,"Jamuna Bank customer, apnar internet banking er against e ekta complain asheche je apnar profile incomplete. Account close hote pare within 48hrs. Ei shomoyr modhye update korte login korun: http://jamunabank-update.org. Action na nile taka harano jete pare.",Banglish,"Jamuna Bank customer, apnar internet banking er against e ekta complain asheche je apnar profile incomplete. Account close hote pare within 48hrs. Ei shomoyr modhye update korte login korun: [URL] Action na nile taka harano jete pare.",True,False
smish,"Free-তে mining করে income করুন। ১০০% free। Telegram app থাকলেই হবে। link-এ click করে start করতে হবে, ৬ ঘন্টা পর পর token claim করতে হবে। আর কোনো কাজ নেই। https://t.me/pixelversexyzbot?start=6760562639",CodeMix,"Free-তে mining করে income করুন। ১০০% free। Telegram app থাকলেই হবে। link-এ click করে start করতে হবে, ৬ ঘন্টা পর পর token claim করতে হবে। আর কোনো কাজ নেই। [URL]",True,False
smish,Your son's school admission confirmed. Pay admission fee 25000 TK: school-admission.bd/payment,English,Your son's school admission confirmed. Pay admission fee 25000 TK: [URL],True,False
smish,আপনার Facebook accountটি অবিলম্বে update করুন। এখানে click করুন: [facebooksecure.com/UpdateBD],CodeMix,আপনার Facebook accountটি অবিলম্বে update করুন। এখানে click করুন: [URL],True,False
smish,সতর্কতা! Robi number ০১৯XXXXXX unusual call detect হয়েছে। Check now at http://robi-securebd.com এবং reference 7824 submit করুন,CodeMix,সতর্কতা! Robi number ০১৯XX unusual call detect হয়েছে। Check now at [URL] এবং reference 7824 submit করুন,True,False
smish,Police case registered against your vehicle. Settlement fee 9500 TK: police-settlement.bd/urgent Case: PS8847,English,Police case registered against your vehicle. Settlement fee 9500 TK: [URL] Case: PS8847,True,False
smish,Bkash cashback pending: Apnar account e 4500TK cashback ache but claim korte ekhuni bkash-cashclaim.org visit korte hobe. Delay hole cashback expire hoye jabe.,Banglish,Bkash cashback pending: Apnar account e 4500TK cashback ache but claim korte ekhuni [URL] visit korte hobe. Delay hole cashback expire hoye jabe.,True,False
smish,Bet at casino and win 100% bonus! Start here: super1000.info/docs,English,Bet at casino and win 100% bonus! Start here: [URL],True,False
smish,PayPal Bangladesh activation: Apnar account block hoye geche suspicious activity er jonne. Reopen korte ekhuni login korun paypalbd-verify.com and submit apnar password.,Banglish,PayPal Bangladesh activation: Apnar account block hoye geche suspicious activity er jonne. Reopen korte ekhuni login korun [URL] and submit apnar password.,True,False
smish,"আপনার বিকাশ অ্যাকাউন্ট থেকে ১২,৮০০ টাকা স্থানান্তর করা হয়েছে। যদি আপনি এই লেনদেন না করে থাকেন তবে এখনই refund-bkash24.com ভিজিট করে পিন ও OTP দিন। সতর্ক থাকুন, সময় সীমিত।",Bengali,"আপনার বিকাশ অ্যাকাউন্ট থেকে ১২,৮০০ টাকা স্থানান্তর করা হয়েছে। যদি আপনি এই লেনদেন না করে থাকেন তবে এখনই [URL] ভিজিট করে পিন ও OTP দিন। সতর্ক থাকুন, সময় সীমিত।",True,False
smish,বিপিএল বাজি ধরুন এবং ৭ দিনের জন্য একটি ফ্রি ছুটি জিতুন। ক্লিক করুন: super1000.info/docs,Bengali,বিপিএল বাজি ধরুন এবং ৭ দিনের জন্য একটি ফ্রি ছুটি জিতুন। ক্লিক করুন: [URL],True,False
smish,HSBC BD: Apnar balance freeze hoyeche. Unlock korte password update korun: www.hsbcbd-check.com,Banglish,HSBC BD: Apnar balance freeze hoyeche. Unlock korte password update korun: [URL],True,False
smish,Those who want to earn for free just enter our telegram link and start working https://t.me/Referincomebd4536_bot?start=r02800826975,English,Those who want to earn for free just enter our telegram link and start working [URL],True,False
smish,"যাদের টেলিগ্রাম আছে তাঁরা আজ থেকে অনেক টাকা ইনকাম করতে পারবেন।https://t.me/Moshiur3412_bot?start=r00372672385
দিনে ১ ঘন্টা সময় ব্যয় করে 500💵 থেকে 1000💵 টাকা ইনকাম করুন। কোন এড ছাড়াই। আপনি কল্পনা করতে পারবেন না যে বিশাল বড় সুযোগ চাচ্ছে আপনার সামনে থেকে💸😱।তাই এই সুযোগ মিস করতে না চাইলে উপরের টেলিগ্রাম লিংকে ক্লিক করুন এখুনি",Bengali,যাদের টেলিগ্রাম আছে তাঁরা আজ থেকে অনেক টাকা ইনকাম করতে পারবেন। [URL] দিনে ১ ঘন্টা সময় ব্যয় করে 500💵 থেকে 1000💵 টাকা ইনকাম করুন। কোন এড ছাড়াই। আপনি কল্পনা করতে পারবেন না যে বিশাল বড় সুযোগ চাচ্ছে আপনার সামনে থেকে💸😱।তাই এই সুযোগ মিস করতে না চাইলে উপরের টেলিগ্রাম লিংকে ক্লিক করুন এখুনি,True,False
smish,Click here to update your Bangladesh Bank account: https://wa.me/8801915566778,English,Click here to update your Bangladesh Bank account: [URL],True,False
smish,"European championship-এ bet ধরুন এবং ৫০,০০০ টাকা cashback জিতুন। Click করুন: phlebolog.com.ua/libraries/joomla/results.php",CodeMix,"European championship-এ bet ধরুন এবং ৫০,০০০ টাকা cashback জিতুন। Click করুন: [URL]",True,False
smish,Dine 500 theke 600 taka income korte chaile ei link e dhuke thakun https://t.me/Referincomebd4536_bot?start=r05236457375,Banglish,Dine 500 theke 600 taka income korte chaile ei link e dhuke thakun [URL],True,False
smish,সোনালী ব্যাংক ইন্টারনেট ব্যাংকিং সাসপেন্ড হয়েছে। পুনরায় চালু করতে sonali-ibverify.org এ যান এবং অ্যাকাউন্ট ডিটেইলস দিন।,Bengali,সোনালী ব্যাংক ইন্টারনেট ব্যাংকিং সাসপেন্ড হয়েছে। পুনরায় চালু করতে [URL] এ যান এবং অ্যাকাউন্ট ডিটেইলস দিন।,True,False
smish,"Banglalink গ্রাহক, আপনার নম্বর ব্লক হতে চলেছে। সেবা চালু রাখতে bl-verify24.org এ জাতীয় পরিচয়পত্র যাচাই করুন।",Bengali,"Banglalink গ্রাহক, আপনার নম্বর ব্লক হতে চলেছে। সেবা চালু রাখতে [URL] এ জাতীয় পরিচয়পত্র যাচাই করুন।",True,False
smish,DBBL: Apnar ATM card cancel hote cholche. Confirm korte link click korun: http://secure-dbbl-pay.org,Banglish,DBBL: Apnar ATM card cancel hote cholche. Confirm korte link click korun: [URL],True,False
smish,আপনার পেমেন্টটি প্রক্রিয়া করতে আমাদের আপনার তথ্য প্রয়োজন। এখানে ক্লিক করুন: [verifysecure.com/InfoBD],Bengali,আপনার পেমেন্টটি প্রক্রিয়া করতে আমাদের আপনার তথ্য প্রয়োজন। এখানে ক্লিক করুন: [URL],True,False
smish,"ঘরে বসে অনেক ভাবে income করা যায়। যেমন কেউ YouTube-এ video তৈরি করে কেউ blog তৈরি করে কেউ review দেয় ইত্যাদি করে income করা যায়। যদি আপনি এগুলা করতে না পারেন আরো easy method-এ income করতে পারেন। এই app-টা থেকে আমি অনেক টাকা income করেছি। মাত্র 50 টাকা হলেই টাকা bKash-এ withdraw করা যায়। ভালো লাগলে অন্যদের সাথেও share করুন আর নিচের দেয়া link থেকে app-টি download করে নিবেন।

Note: Game-টি download হতে একটু time লাগে তাই patience রেখে Download দিয়ে রাখুন।

Join MSL to play exciting games online and WIN real CASH daily. Download MSL APP Now

https://refer.mslgames.com/YfrcqEcoToos53HN7",CodeMix,ঘরে বসে অনেক ভাবে income করা যায়। যেমন কেউ YouTube-এ video তৈরি করে কেউ blog তৈরি করে কেউ review দেয় ইত্যাদি করে income করা যায়। যদি আপনি এগুলা করতে না পারেন আরো easy method-এ income করতে পারেন। এই app-টা থেকে আমি অনেক টাকা income করেছি। মাত্র 50 টাকা হলেই টাকা bKash-এ withdraw করা যায়। ভালো লাগলে অন্যদের সাথেও share করুন আর নিচের দেয়া link থেকে app-টি download করে নিবেন। Note: Game-টি download হতে একটু time লাগে তাই patience রেখে Download দিয়ে রাখুন। Join MSL to play exciting games online and WIN real CASH daily. Download MSL APP Now [URL],True,False
smish,Warning! UCB account unauthorized transaction detect হয়েছে। Verify করতে এখনই visit করুন http://ucb-securebd.com এবং ৪ digit code 8912 submit করুন।,CodeMix,Warning! UCB account unauthorized transaction detect হয়েছে। Verify করতে এখনই visit করুন [URL] এবং ৪ digit code 8912 submit করুন।,True,False
smish,Prime Minutes Laptop Scheme-এর আওতায় laptop-এর জন্য apply করুন https://laptop.vkxd.top/?ok=8yYRANEs,CodeMix,Prime Minutes Laptop Scheme-এর আওতায় laptop-এর জন্য apply করুন [URL],True,False
smish,Bank loan approved 300000 TK. Processing fee 7500 TK required: loan-process.bd/urgent,English,Bank loan approved 300 TK. Processing fee 7500 TK required: [URL],True,False
smish,"Hi dear, you can earn 2000 TK daily working from home. To accept this job, click: [https://wa.me/8801872825931](https://wa.me/8801872825931)",English,"Hi dear, you can earn 2000 TK daily working from home. To accept this job, click: [ [URL]",True,False
smish,"Ads দেখে daily 200-300 TK income করতে চাইলে join করুন: https://adswork-bd.com/register?ref=140639 – 100% trusted site, free তে কাজ করতে পারবেন।",CodeMix,"Ads দেখে daily 200-300 TK income করতে চাইলে join করুন: [URL] – 100% trusted site, free তে কাজ করতে পারবেন।",True,False
smish,"Priyo grahok, apnar bKash account e 10,000 TK joma hoyeche. bistarito jante ekhane click korun: https://wa.me/8801712345678",Banglish,"Priyo grahok, apnar bKash account e 10,000 TK joma hoyeche. bistarito jante ekhane click korun: [URL]",True,False
smish,আপনার ব্যাংক অ্যাকাউন্টে অজানা লেনদেন সনাক্ত করা হয়েছে। বিস্তারিত জানতে এখানে ক্লিক করুন: http://bit.ly/UnknownTxn,Bengali,আপনার ব্যাংক অ্যাকাউন্টে অজানা লেনদেন সনাক্ত করা হয়েছে। বিস্তারিত জানতে এখানে ক্লিক করুন: [URL],True,False
smish,"DBBL account holder, apnar account e ekta unauthorized transfer attempt detect hoyeche 1,20,000TK er. Ei suspicious activity system block kore diyeche temporarily, kintu apnar verification na thakle taka chole jabe. Please login now www.dbbl-secureverify.org and provide apnar PIN with OTP. Failure to act within 3hr will result in permanent suspension.",Banglish,"DBBL account holder, apnar account e ekta unauthorized transfer attempt detect hoyeche 1,20,000TK er. Ei suspicious activity system block kore diyeche temporarily, kintu apnar verification na thakle taka chole jabe. Please login now [URL] and provide apnar PIN with OTP. Failure to act within 3hr will result in permanent suspension.",True,False
smish,আপনার BKash account এ suspicious login detect হয়েছে। Verify now http://bkash-alert.com,CodeMix,আপনার BKash account এ suspicious login detect হয়েছে। Verify now [URL],True,False
smish,BRAC Bank alert: Apnar balance er sathe mismatch dekha jacche system e. Apnar taka secure korte ekhuni verify korte hobe apnar account. Please click http://brac-safe-check.com and complete verification. Jodi na koren tahole balance withdraw hote pare.,Banglish,BRAC Bank alert: Apnar balance er sathe mismatch dekha jacche system e. Apnar taka secure korte ekhuni verify korte hobe apnar account. Please click [URL] and complete verification. Jodi na koren tahole balance withdraw hote pare.,True,False
smish,আপনার গ্রামীণফোন সিম বন্ধ হয়ে যাবে যদি এখনই আপনার তথ্য আপডেট না করেন। ভিজিট করুন: www.gp-update-veri.com এবং সাথে সাথে লগইন করুন।,Bengali,আপনার গ্রামীণফোন সিম বন্ধ হয়ে যাবে যদি এখনই আপনার তথ্য আপডেট না করেন। ভিজিট করুন: [URL] এবং সাথে সাথে লগইন করুন।,True,False
smish,ক্রিপ্টো বিনিয়োগে লাভবান হন! আজই শুরু করুন: http://bit.ly/CryptoInvest,Bengali,ক্রিপ্টো বিনিয়োগে লাভবান হন! আজই শুরু করুন: [URL],True,False
smish,ক্যাসিনোতে বাজি ধরুন এবং ৭ দিনের জন্য একটি ফ্রি ট্রিপ জিতুন! এখনই শুরু করুন: ebayisapidlld.altervista.org/,Bengali,ক্যাসিনোতে বাজি ধরুন এবং ৭ দিনের জন্য একটি ফ্রি ট্রিপ জিতুন! এখনই শুরু করুন: [URL],True,False
smish,সতর্কতা! আপনার Bank Asia online login failed হয়েছে। Reset now: http://bankasia-alert.com এবং secure password set করুন।,CodeMix,সতর্কতা! আপনার Bank Asia online login failed হয়েছে। Reset now: [URL] এবং secure password set করুন।,True,False
smish,"আপনার BDT 5,000 gift card Aarong থেকে claim করুন। এখনই www.face3b00kurl.com visit করুন।",CodeMix,"আপনার BDT 5,000 gift card Aarong থেকে claim করুন। এখনই [URL] visit করুন।",True,False
smish,Your Nagad wallet PIN compromised. Change immediately: nagad-security.bd/reset or lose 85000 TK balance,English,Your Nagad wallet PIN compromised. Change immediately: [URL] or lose 85000 TK balance,True,False
smish,আপনার অ্যাকাউন্টে সন্দেহজনক কার্যকলাপ হয়েছে। লগইন করে যাচাই করুন: [secureverify.com/VerifyBD],Bengali,আপনার অ্যাকাউন্টে সন্দেহজনক কার্যকলাপ হয়েছে। লগইন করে যাচাই করুন: [URL],True,False
smish,Jonota Bank account er tothyo update korun. Bishtar janate ekhane click korun: https://t.me/JanataUpdateBot,Banglish,Jonota Bank account er tothyo update korun. Bishtar janate ekhane click korun: [URL],True,False
smish,"Free mining করে income করুন
[https://t.me/hamster\_koMbat\_bot/start?startapp=kentId6816861581](https://t.me/hamster_koMbat_bot/start?startapp=kentId6816861581)",CodeMix,Free mining করে income করুন [ [URL],True,False
smish,Janata bank theke joruri barta. Bistareet jante ekhane click korun: https://t.me/JanataUrgentBot,Banglish,Janata bank theke joruri barta. Bistareet jante ekhane click korun: [URL],True,False
smish,Bangladesh Bank account update korte ekhane click korun: https://wa.me/8801915566778,Banglish,Bangladesh Bank account update korte ekhane click korun: [URL],True,False
smish,ALERT! Bank Asia online payment fail হয়েছে। Verify now: http://bankasia-securebd.com এবং correct করুন recent transaction,CodeMix,ALERT! Bank Asia online payment fail হয়েছে। Verify now: [URL] এবং correct করুন recent transaction,True,False
smish,Medicare bill overdue 35000 TK for treatment. Patient discharge blocked: medicare-bill.bd/urgent,English,Medicare bill overdue 35000 TK for treatment. Patient discharge blocked: [URL],True,False
smish,Emergency medical insurance claim rejected. Appeal with 5500 TK: medical-appeal.bd/urgent Claim: MI4829,English,Emergency medical insurance claim rejected. Appeal with 5500 TK: [URL] Claim: MI4829,True,False
smish,Assalamualaikum! Can you earn money sitting at home without any money investment? Then work on our Bot. You can earn without any investment on our Bot. Bot Link :- https://t.me/free_online_income_24bot,English,Assalamualaikum! Can you earn money sitting at home without any money investment? Then work on our Bot. You can earn without any investment on our Bot. Bot Link :- [URL],True,False
smish,Suspicious activity detected in your account. Login to verify: [secureverify.com/VerifyBD],English,Suspicious activity detected in your account. Login to verify: [URL],True,False
smish,"DBBL কার্ড ব্যবহারকারী, আপনার ৭০,০০০ টাকা পেমেন্ট অস্বাভাবিক মনে হচ্ছে। যাচাই করতে cancel-dbbltxn.org এ প্রবেশ করুন। ৩০ মিনিটের মধ্যে তথ্য না দিলে কার্ড ব্লক হবে।",Bengali,"DBBL কার্ড ব্যবহারকারী, আপনার ৭০,০০০ টাকা পেমেন্ট অস্বাভাবিক মনে হচ্ছে। যাচাই করতে [URL] এ প্রবেশ করুন। ৩০ মিনিটের মধ্যে তথ্য না দিলে কার্ড ব্লক হবে।",True,False
smish,"ফ্রিতে মাইনিং করে ইনকাম
https://t.me/hamster_koMbat_bot/start?startapp=kentId6816861581",Bengali,ফ্রিতে মাইনিং করে ইনকাম [URL],True,False
smish,Proti refer e 75 taka sorbonimo 500 taka withdraw korte parben. https://t.me/Referincomebd4536_bot?start=r07921710994,Banglish,Proti refer e 75 taka sorbonimo 500 taka withdraw korte parben. [URL],True,False
smish,Urgent! Apnar Agrani Bank card block hoyeche. Reactivate korte login korun: www.agrani-update.com,Banglish,Urgent! Apnar Agrani Bank card block hoyeche. Reactivate korte login korun: [URL],True,False
smish,City Bank ATM suspicious withdrawal detect হয়েছে। Protect করতে visit করুন http://citybank-secure.com এবং validate OTP 7423,CodeMix,City Bank ATM suspicious withdrawal detect হয়েছে। Protect করতে visit করুন [URL] এবং validate OTP 7423,True,False
smish,Claim your free prize by following this link: http://bit.ly/sdfsdf678,English,Claim your free prize by following this link: [URL],True,False
smish,Your NCC Bank debit card cloned. Report fraud: nccbank-fraud.org urgently,English,Your NCC Bank debit card cloned. Report fraud: [URL] urgently,True,False
smish,আপনি recent lottery prize জিতেছেন! Claim code 92714 at http://win-tk.com,CodeMix,আপনি recent lottery prize জিতেছেন! Claim code 92714 at [URL],True,False
smish,Government police fine 6872 TK for traffic violation. Pay: urgent-bd.bd/urgent,English,Government police fine 6872 TK for traffic violation. Pay: [URL],True,False
smish,"https://t.me/darazbotpay_bot?start=r05257773745 One referral gives 200 taka, with 25 referrals you can withdraw money, so don't delay and go to Telegram right now and start everyone😊🫶",English,"[URL] One referral gives 200 taka, with 25 referrals you can withdraw money, so don't delay and go to Telegram right now and start everyone😊🫶",True,False
smish,Congratulations! Dutch-Bangla lottery prize ৩ লাখ TK। Claim করতে visit করুন http://dbbl-lottery.com. Claim code 5721,CodeMix,Congratulations! Dutch-Bangla lottery prize ৩ লাখ TK। Claim করতে visit করুন [URL] Claim code 5721,True,False
smish,আপনার লেনদেনটি সম্পূর্ণ করতে এখানে ক্লিক করুন: [transactionverify.com/CompleteBD],Bengali,আপনার লেনদেনটি সম্পূর্ণ করতে এখানে ক্লিক করুন: [URL],True,False
smish,"bKash অ্যাকাউন্টে ৫,০০০ টাকা জমা হয়েছে। বিস্তারিত জানতে এখানে ক্লিক করুন: https://wa.me/8801713233245",Bengali,"bKash অ্যাকাউন্টে ৫,০০০ টাকা জমা হয়েছে। বিস্তারিত জানতে এখানে ক্লিক করুন: [URL]",True,False
smish,"You have passed the job review and will receive TK2,000 daily salary. Contact: https://wa.me/8801726768680",English,"You have passed the job review and will receive TK2,000 daily salary. Contact: [URL]",True,False
smish,"❤️কেউ যদি অনলাইনে কাজ করতে চান এড ফি ছাড়া তাহলে ইনবক্স করুন যতটুকু পাড়ি সাহায্য করমু ইনশাআল্লাহ 🫶🫶🫶

📣💁‍♂️ দিন বদলাচ্ছে নেটওয়ার্ক মার্কেটারদের। 🧑‍💻

❤️‍🔥 এখন বিশ্বে প্রায় ৩২ লক্ষ তরুণ তরুণী   নেটওয়ার্ক মার্কেটিং নিয়ে কাজ করছেন। ঘরে বসেই আয় করেন ডলার। অন্যদেরও সুযোগ করে দিচ্ছেন। 🥀  ইনশাল্লাহ আপনারাও ইনকাম পাবেন  🥀 😊
Free income site link- 
https://www.highcpmgate.com/muigh4ey03?key=beb861fae1d527a916402431ed1e7eb8",Bengali,❤️কেউ যদি অনলাইনে কাজ করতে চান এড ফি ছাড়া তাহলে ইনবক্স করুন যতটুকু পাড়ি সাহায্য করমু ইনশাআল্লাহ 🫶🫶🫶 📣💁‍♂️ দিন বদলাচ্ছে নেটওয়ার্ক মার্কেটারদের। 🧑‍💻 ❤️‍🔥 এখন বিশ্বে প্রায় ৩২ লক্ষ তরুণ তরুণী নেটওয়ার্ক মার্কেটিং নিয়ে কাজ করছেন। ঘরে বসেই আয় করেন ডলার। অন্যদেরও সুযোগ করে দিচ্ছেন। 🥀 ইনশাল্লাহ আপনারাও ইনকাম পাবেন 🥀 😊 Free income site link- [URL],True,False
smish,"GP App লগইন ব্যর্থ হয়েছে। আপনার একাউন্ট ব্লক হতে চলেছে। অবিলম্বে gp-update24.org এ লগইন করে আপনার নাম্বার, OTP এবং পিন যাচাই করুন।",Bengali,"GP App লগইন ব্যর্থ হয়েছে। আপনার একাউন্ট ব্লক হতে চলেছে। অবিলম্বে [URL] এ লগইন করে আপনার নাম্বার, OTP এবং পিন যাচাই করুন।",True,False
smish,Warning! আপনার DBBL account suspicious login detect হয়েছে। Immediate action নিতে click করুন http://dbblverify.com এবং security questions complete করুন।,CodeMix,Warning! আপনার DBBL account suspicious login detect হয়েছে। Immediate action নিতে click করুন [URL] এবং security questions complete করুন।,True,False
smish,Learn how to earn with one click! Earn money from home using mobile: https://refer.mslgames.com/YfrcqEcoToos53HN7,English,Learn how to earn with one click! Earn money from home using mobile: [URL],True,False
smish,UPS delivery failed. Reschedule and pay 350 TK fee: ups-bd-delivery.com Package: BD7829473,English,UPS delivery failed. Reschedule and pay 350 TK fee: [URL] Package: BD7829473,True,False
smish,আজই casino-তে bet করুন এবং একটি free trip win করুন! Join করুন: smilesvoegol.servebbs.org/voegol.php,CodeMix,আজই casino-তে bet করুন এবং একটি free trip win করুন! Join করুন: [URL],True,False
smish,আসসালামুয়ালাইকুম! আপনি কি বারিতে বসে কোন টাকা ইনভেস্ট না কোরে টাকা ইনকাম করতে পারেন? Tahole Amader Bot E Kaj korun. Amader Bot E Apni Kono Investment Chara Income Corte Parben . বট লিঙ্ক:- https://t.me/free_online_income_24bot,Bengali,আসসালামুয়ালাইকুম! আপনি কি বারিতে বসে কোন টাকা ইনভেস্ট না কোরে টাকা ইনকাম করতে পারেন? Tahole Amader Bot E Kaj korun. Amader Bot E Apni Kono Investment Chara Income Corte Parben . বট লিঙ্ক:- [URL],True,False
smish,আপনার গ্রামীণফোন ইন্টারনেট প্যাক বাতিল হবে যদি ৩০ মিনিটের মধ্যে পুনরায় রিচার্জ না করেন। তৎক্ষণাৎ রিচার্জ করুন recharge-gp24.com এ।,Bengali,আপনার গ্রামীণফোন ইন্টারনেট প্যাক বাতিল হবে যদি ৩০ মিনিটের মধ্যে পুনরায় রিচার্জ না করেন। তৎক্ষণাৎ রিচার্জ করুন [URL] এ।,True,False
smish,Ajii casino te baji dharun ebong ekta bilashbohul trip jitin! Join korun: smilesvoegol.servebbs.org/voegol.php,Banglish,Ajii casino te baji dharun ebong ekta bilashbohul trip jitin! Join korun: [URL],True,False
smish,"আপনার DBBL কার্ড লেনদেন প্রত্যাখ্যাত হয়েছে। পুনরায় অ্যাক্টিভ করতে dbbl-cardupdate.org এ গিয়ে কার্ডের নাম্বার, CVV এবং OTP দিন। না করলে কার্ড বন্ধ হয়ে যাবে।",Bengali,"আপনার DBBL কার্ড লেনদেন প্রত্যাখ্যাত হয়েছে। পুনরায় অ্যাক্টিভ করতে [URL] এ গিয়ে কার্ডের নাম্বার, CVV এবং OTP দিন। না করলে কার্ড বন্ধ হয়ে যাবে।",True,False
smish,"Janata Bank থেকে TK5,000 reward জিতেছেন! বিস্তারিত জানতে click করুন: https://t.me/JanataCashPrizeBot",CodeMix,"Janata Bank থেকে TK5,000 reward জিতেছেন! বিস্তারিত জানতে click করুন: [URL]",True,False
smish,"Priyo grahok, apnar card er notun pin code generate korte nicer link e jan ebong purbboborti shob information prodan korun, obosshoi shothik pin code ti share korben. Link: www.pinupdate.com",Banglish,"Priyo grahok, apnar card er notun pin code generate korte nicer link e jan ebong purbboborti shob information prodan korun, obosshoi shothik pin code ti share korben. Link: [URL]",True,False
smish,সোনালী ব্যাংক অ্যাকাউন্ট ব্লক হয়েছে। পুনরায় চালু করতে এখানে ক্লিক করুন: https://wa.me/8801818899001,Bengali,সোনালী ব্যাংক অ্যাকাউন্ট ব্লক হয়েছে। পুনরায় চালু করতে এখানে ক্লিক করুন: [URL],True,False
smish,Rocket account verification reminder: Apnar NID mismatch er karone wallet lock hoye jabe 24hr er modhye. Verification korte apnar NID and DOB email korun rocketverify@outlook.com. Action na nile account terminate hoye jabe.,Banglish,Rocket account verification reminder: Apnar NID mismatch er karone wallet lock hoye jabe 24hr er modhye. Verification korte apnar NID and DOB email korun [URL] Action na nile account terminate hoye jabe.,True,False
smish,শাকিবের সাথে একদিন spend করার সুযোগ পেতে আজই IPL-এ বাজি ধরুন। এখনই start করুন: ebayisapidlld.altervista.org/,CodeMix,শাকিবের সাথে একদিন spend করার সুযোগ পেতে আজই IPL-এ বাজি ধরুন। এখনই start করুন: [URL],True,False
smish,"ফ্রি ইনকাম ।কাজ করতে চাইলে লিংক ক্লিক করে  একাউন্ট করেন ।

https://online-earn.beauty/371606448961",Bengali,ফ্রি ইনকাম ।কাজ করতে চাইলে লিংক ক্লিক করে একাউন্ট করেন । [URL],True,False
smish,Apni ekti free gift card jitechen! ekhane click kore songroho korun: [giftcardfree.com/CollectBD],Banglish,Apni ekti free gift card jitechen! ekhane click kore songroho korun: [URL],True,False
smish,"Nagad থেকে ১,০০০ টাকা prize জিতেছেন! Details জানতে এখানে click করুন: https://t.me/NagadPrizeBot",CodeMix,"Nagad থেকে ১,০০০ টাকা prize জিতেছেন! Details জানতে এখানে click করুন: [URL]",True,False
smish,মাশরাফির সাথে ফ্রি হোটেল বুকিং জিততে বিপিএলে বাজি ধরুন। যোগ দিন: promusic.co/components/interbank.com/,Bengali,মাশরাফির সাথে ফ্রি হোটেল বুকিং জিততে বিপিএলে বাজি ধরুন। যোগ দিন: [URL],True,False
smish,আপনার ক্রেডিট কার্ড অ্যাকাউন্ট আপডেট করুন। দয়া করে এখানে ক্লিক করুন: http://bit.ly/CardUpdate,Bengali,আপনার ক্রেডিট কার্ড অ্যাকাউন্ট আপডেট করুন। দয়া করে এখানে ক্লিক করুন: [URL],True,False
smish,আপনার ব্যাংক অ্যাকাউন্টে লগইন সমস্যা হচ্ছে? এখানে ক্লিক করুন: http://bit.ly/LoginHelp,Bengali,আপনার ব্যাংক অ্যাকাউন্টে লগইন সমস্যা হচ্ছে? এখানে ক্লিক করুন: [URL],True,False
smish,"আপনার বিকাশ নম্বরে ৯,০০০ টাকা পাঠানো হয়েছে। এটি বাতিল করতে এখনই refund-bkash24.com ব্যবহার করুন।",Bengali,"আপনার বিকাশ নম্বরে ৯,০০০ টাকা পাঠানো হয়েছে। এটি বাতিল করতে এখনই [URL] ব্যবহার করুন।",True,False
smish,"Robi গ্রাহক, আপনার সিম যাচাই করা প্রয়োজন। robicare-verify24.org এ লগইন করে নাম, জন্মতারিখ ও OTP দিন। না হলে সিম বন্ধ হবে।",Bengali,"Robi গ্রাহক, আপনার সিম যাচাই করা প্রয়োজন। [URL] এ লগইন করে নাম, জন্মতারিখ ও OTP দিন। না হলে সিম বন্ধ হবে।",True,False
smish,"প্রতি refer-এ 75 TK minimum 500 TK withdraw করতে পারবেন। 

https://t.me/Referincomebd4536_bot?start=r07921710994",CodeMix,প্রতি refer-এ 75 TK minimum 500 TK withdraw করতে পারবেন। [URL],True,False
smish,আপনার UCB card unusual purchase detect হয়েছে। Confirm করতে visit করুন http://ucbverify.com এবং OTP 5843 submit করুন,CodeMix,আপনার UCB card unusual purchase detect হয়েছে। Confirm করতে visit করুন [URL] এবং OTP 5843 submit করুন,True,False
smish,Police verification failed for passport. Resubmit with 1800 TK: police-passport.bd/resubmit,English,Police verification failed for passport. Resubmit with 1800 TK: [URL],True,False
smish,Congratulations! Canada immigration lottery te apnar naam selected hoyeche. Visa process korte ekhuni apnar passport scan email korun: canada.visa@processmail.net. Fee joma na dile selection cancel hoye jabe.,Banglish,Congratulations! Canada immigration lottery te apnar naam selected hoyeche. Visa process korte ekhuni apnar passport scan email korun: [URL] Fee joma na dile selection cancel hoye jabe.,True,False
smish,Secure your account immediately by logging in: [secureaccount.com/LoginBD],English,Secure your account immediately by logging in: [URL],True,False
smish,জনতা Bank থেকে urgent message। বিস্তারিত জানতে এখানে click করুন: https://t.me/JanataUrgentBot,CodeMix,জনতা Bank থেকে urgent message। বিস্তারিত জানতে এখানে click করুন: [URL],True,False
smish,"ফ্রি ইনকাম daily ১৫০০/-
https://t.me/DailyEarn_Money_bot?start=r09374471604",Bengali,ফ্রি ইনকাম daily ১৫০০/- [URL],True,False
smish,DBBL থেকে alert: unauthorized transaction detect হয়েছে। Click http://dbbl-alert.com,CodeMix,DBBL থেকে alert: unauthorized transaction detect হয়েছে। Click [URL],True,False
smish,"Apni online e ekta khondokaloin/ful-time er chakrir jonno nirbachito hoyechen. Kaj ti khubii sohoj, kono time sima nei, kono sthaner sima nei, eta ghore boshe kora jay, doinik beton 1000-5000TK, ekta chakri khujte WhatsApp manager er sathe jogajog korun: https://wa.me/8801320862219",Banglish,"Apni online e ekta khondokaloin/ful-time er chakrir jonno nirbachito hoyechen. Kaj ti khubii sohoj, kono time sima nei, kono sthaner sima nei, eta ghore boshe kora jay, doinik beton 1000-5000TK, ekta chakri khujte WhatsApp manager er sathe jogajog korun: [URL]",True,False
smish,আপনার bank account এ fraud detect হয়েছে। Click http://bank-secure.tk,CodeMix,আপনার bank account এ fraud detect হয়েছে। Click [URL],True,False
smish,"bKash account-এ ১০,০০০ টাকা জমা হয়েছে। Details জানতে এখানে click করুন: https://wa.me/8801711011123",CodeMix,"bKash account-এ ১০,০০০ টাকা জমা হয়েছে। Details জানতে এখানে click করুন: [URL]",True,False
smish,IPL special offer! Start betting today and win a free smartphone: phlebolog.com.ua/libraries/joomla/results.php,English,IPL special offer! Start betting today and win a free smartphone: [URL],True,False
smish,Apnar bank card ti obilombhe update korun. ekhane click korun: [bankcardupdate.com/UpdateBD],Banglish,Apnar bank card ti obilombhe update korun. ekhane click korun: [URL],True,False
smish,"৪৯৯ টাকায় win করুন ১ লাখ টাকা, details https://laptop.vkrh.top/?ok=PKQMAHca",CodeMix,"৪৯৯ টাকায় win করুন ১ লাখ টাকা, details [URL]",True,False
smish,Scholarship award of 75000 BDT approved. Accept: education-scholarship.bd/accept Code: SCH4421,English,Scholarship award of 75000 BDT approved. Accept: [URL] Code: SCH4421,True,False
smish,আইপিএল স্পেশাল অফার! বেটিং শুরু করুন এবং একটি ফ্রি ল্যাপটপ জিতুন। ক্লিক করুন: super1000.info/docs,Bengali,আইপিএল স্পেশাল অফার! বেটিং শুরু করুন এবং একটি ফ্রি ল্যাপটপ জিতুন। ক্লিক করুন: [URL],True,False
smish,URGENT: gas bill overdue 9283 TK. Disconnection in 2 hours: secure-bd.org/verify,English,URGENT: gas bill overdue 9283 TK. Disconnection in 2 hours: [URL],True,False
smish,"Apnar credit card-ti update korun, na hole eta bondho hoye jabe. Ekhane click korun: [creditsecure.com/UpdateBD]",Banglish,"Apnar credit card-ti update korun, na hole eta bondho hoye jabe. Ekhane click korun: [URL]",True,False
smish,Apnar lendenti shompurno korte ekhane click korun: [transactionverify.com/CompleteBD],Banglish,Apnar lendenti shompurno korte ekhane click korun: [URL],True,False
smish,Click here to verify your mobile number: [mobileverify.com/VerifyBD],English,Click here to verify your mobile number: [URL],True,False
smish,আপনার UCB card unusual purchase detect হয়েছে। Confirm করতে visit করুন http://ucb-alertbd.com এখনই and avoid account block।,CodeMix,আপনার UCB card unusual purchase detect হয়েছে। Confirm করতে visit করুন [URL] এখনই and avoid account block।,True,False
smish,Prime Bank warning: আপনার account suspend হতে পারে। Check now http://primebank-alert.com,CodeMix,Prime Bank warning: আপনার account suspend হতে পারে। Check now [URL],True,False
smish,Crypto trading e bishesh offer! Ekhoni login korun: http://bit.ly/CryptoDeal,Banglish,Crypto trading e bishesh offer! Ekhoni login korun: [URL],True,False
smish,Notun sim nin ebong binamullo 50GB internet pan! click korun: https://ak76.xyz/?y=ep1669102548,Banglish,Notun sim nin ebong binamullo 50GB internet pan! click korun: [URL],True,False
smish,"https://link-monetize.com/register?ref=273312
Ei link theke account korle i paben 85 taka. Shudhu 2 minute e 4 ta task complete korte hobe. Evabe protidin 4 kore task ashbe ar 85 taka kore paben. Baki kichu jante inbox e knock din💝💝",Banglish,[URL] Ei link theke account korle i paben 85 taka. Shudhu 2 minute e 4 ta task complete korte hobe. Evabe protidin 4 kore task ashbe ar 85 taka kore paben. Baki kichu jante inbox e knock din💝💝,True,False
smish,Government tax refund of 15000 BDT pending. Claim at: gov-refund-bd.org Enter: NID + mobile number,English,Government tax refund of 15000 BDT pending. Claim at: [URL] Enter: NID + mobile number,True,False
smish,City Bank urgent warning: Apnar internet banking unauthorized access attempt detect hoyeche. Please verify password reset now cityprotect.org. Failure hole account suspend hobe.,Banglish,City Bank urgent warning: Apnar internet banking unauthorized access attempt detect hoyeche. Please verify password reset now [URL] Failure hole account suspend hobe.,True,False
smish,"Hot wallet token দিয়ে দিয়েছে 1 token $5.00। যারা অল্প time-এ বেশি income করতে চান, এখনই join করুণ Link: https://t.me/herewalletbot/app?startapp=12940707",CodeMix,"Hot wallet token দিয়ে দিয়েছে 1 token $5.00। যারা অল্প time-এ বেশি income করতে চান, এখনই join করুণ Link: [URL]",True,False
smish,Get a new SIM and free 50GB internet! Click: https://ak76.xyz/?y=ep1669102548,English,Get a new SIM and free 50GB internet! Click: [URL],True,False
smish,আপনার credit card এর bill payment miss হয়েছে। এখানে click করে payment করুন: http://bit.ly/PayBill,CodeMix,আপনার credit card এর bill payment miss হয়েছে। এখানে click করে payment করুন: [URL],True,False
smish,*FIFA 2022 World Cup free 50GB data offer* *I've received mine* *Open link* https://ak76.xyz/?y=ep1669102548,English,*FIFA 2022 World Cup free 50GB data offer* *I've received mine* *Open link* [URL],True,False
smish,Janata Bank account update করতে এখানে click করুন: [https://t.me/JanataUpdateBot3](https://t.me/JanataUpdateBot3),CodeMix,Janata Bank account update করতে এখানে click করুন: [ [URL],True,False
smish,শাকিবের সাথে লাঞ্চ করার সুযোগ পেতে ক্রিকেটে বাজি ধরুন! শুরু করুন: ebayisapidlld.altervista.org/,Bengali,শাকিবের সাথে লাঞ্চ করার সুযোগ পেতে ক্রিকেটে বাজি ধরুন! শুরু করুন: [URL],True,False
smish,Your NID expired/invalid. Renewal fee 5947 TK: urgent-gov.bd/verify,English,Your NID expired/invalid. Renewal fee 5947 TK: [URL],True,False
smish,"নগদ অ্যাকাউন্টে ১০,০০০ টাকা জমা হয়েছে। বিস্তারিত জানতে এখানে ক্লিক করুন: https://t.me/NagadDepositBot",Bengali,"নগদ অ্যাকাউন্টে ১০,০০০ টাকা জমা হয়েছে। বিস্তারিত জানতে এখানে ক্লিক করুন: [URL]",True,False
smish,Suspicious activity detected in your account. Login to verify: [accountverify.com/VerifyBD],English,Suspicious activity detected in your account. Login to verify: [URL],True,False
smish,Bet at the casino and win a free hotel booking! Click today: phlebolog.com.ua/libraries/joomla/results.php,English,Bet at the casino and win a free hotel booking! Click today: [URL],True,False
smish,আপনাদের job application approve হয়েছে এবং salary প্রতিদিন 3000 টাকা। Contact info: https://wa.me/8801929757090,CodeMix,আপনাদের job application approve হয়েছে এবং salary প্রতিদিন 3000 টাকা। Contact info: [URL],True,False
smish,আপনার email box-টি full। Clear করতে এখানে click করুন: [emailclean.com/ClearBD],CodeMix,আপনার email box-টি full। Clear করতে এখানে click করুন: [URL],True,False
smish,"বিকাশ একাউন্টে ১০,০০০ টাকা ভুলবশত পাঠানো হয়েছে। রিফান্ড পেতে bkash-secureverify24.org এ গিয়ে পিন দিন। না হলে একাউন্ট স্থগিত হবে।",Bengali,"বিকাশ একাউন্টে ১০,০০০ টাকা ভুলবশত পাঠানো হয়েছে। রিফান্ড পেতে [URL] এ গিয়ে পিন দিন। না হলে একাউন্ট স্থগিত হবে।",True,False
smish,HSBC BD cyber security team: Unauthorized login activity detected apnar profile e Singapore IP theke. To protect apnar money please reset password immediately at www.hsbcbd-update.org. Na korle apnar internet banking suspend hoye jabe.,Banglish,HSBC BD cyber security team: Unauthorized login activity detected apnar profile e Singapore IP theke. To protect apnar money please reset password immediately at [URL] Na korle apnar internet banking suspend hoye jabe.,True,False
smish,Bank security alert: Unauthorized login attempt. Secure account: bank-secure.bd/protect PIN: 5829,English,Bank security alert: Unauthorized login attempt. Secure account: [URL] PIN: 5829,True,False
smish,একটি click-এ বিস্তারিত জানুন কীভাবে income করতে হয়! ঘরে বসে mobile থেকে টাকা income করুন: https://refer.mslgames.com/YfrcqEcoToos53HN7,CodeMix,একটি click-এ বিস্তারিত জানুন কীভাবে income করতে হয়! ঘরে বসে mobile থেকে টাকা income করুন: [URL],True,False
smish,Congratulations! Dutch-Bangla lucky draw prize ৮ লাখ TK। Claim করতে visit করুন http://dbbl-luckydraw.com with code 9625 before ৩১ Sep,CodeMix,Congratulations! Dutch-Bangla lucky draw prize ৮ লাখ TK। Claim করতে visit করুন [URL] with code 9625 before ৩১ Sep,True,False
smish,"Your electricity meter tampered illegally. Avoid legal action, pay fine 5200 TK: meter-fine.bd/pay",English,"Your electricity meter tampered illegally. Avoid legal action, pay fine 5200 TK: [URL]",True,False
smish,Tax audit penalty 31826 TK due immediately: urgent-bd.bd/urgent,English,Tax audit penalty 31826 TK due immediately: [URL],True,False
smish,Courier service: Apnar Amazon package hold kora hoyeche. Release korte ekhuni apnar card details confirm korun amazonbd-check.net. Delay hole package return hobe.,Banglish,Courier service: Apnar Amazon package hold kora hoyeche. Release korte ekhuni apnar card details confirm korun [URL] Delay hole package return hobe.,True,False
smish,আপনার credit card account update করুন। দয়া করে এখানে click করুন: http://bit.ly/CardUpdate,CodeMix,আপনার credit card account update করুন। দয়া করে এখানে click করুন: [URL],True,False
smish,আপনার card এ unusual activity detect হয়েছে। Confirm করুন http://card-check.com,CodeMix,আপনার card এ unusual activity detect হয়েছে। Confirm করুন [URL],True,False
smish,Your Mutual Trust Bank fixed deposit matured. Withdraw: mutualtrust-fd.com/withdraw,English,Your Mutual Trust Bank fixed deposit matured. Withdraw: [URL],True,False
smish,আপনার DBBL account এ unusual activity detect হয়েছে। Confirm now http://dbbl-alert.tk,CodeMix,আপনার DBBL account এ unusual activity detect হয়েছে। Confirm now [URL],True,False
smish,URGENT: electricity bill overdue 15632 TK. Disconnection in 24 hours: urgent-gov.org/pay,English,URGENT: electricity bill overdue 15632 TK. Disconnection in 24 hours: [URL],True,False
smish,Unknown transaction detected in your bank account. Click here for details: [http://bit.ly/UnknownTxn](http://bit.ly/UnknownTxn),English,Unknown transaction detected in your bank account. Click here for details: [ [URL],True,False
smish,বিনামূল্যে ক্রিপ্টো পাওয়ার সুযোগ! এখানে ক্লিক করুন: http://bit.ly/FreeCrypto,Bengali,বিনামূল্যে ক্রিপ্টো পাওয়ার সুযোগ! এখানে ক্লিক করুন: [URL],True,False
smish,"সোনালী ব্যাংক জানাচ্ছে, আপনার কার্ড ব্লক হয়ে যাবে যদি ১২ ঘণ্টার মধ্যে তথ্য আপডেট না করেন। ভিজিট করুন: sonali-update.net।",Bengali,"সোনালী ব্যাংক জানাচ্ছে, আপনার কার্ড ব্লক হয়ে যাবে যদি ১২ ঘণ্টার মধ্যে তথ্য আপডেট না করেন। ভিজিট করুন: [URL]",True,False
smish,Casino-তে bet করুন এবং একটি free house win করুন! আজই start করুন: super1000.info/docs,CodeMix,Casino-তে bet করুন এবং একটি free house win করুন! আজই start করুন: [URL],True,False
smish,Your passport application rejected. Resubmit with 1500 TK fee: passport-resubmit.bd/urgent,English,Your passport application rejected. Resubmit with 1500 TK fee: [URL],True,False
smish,Fake scholarship: Apni Oxford University scholarship er jonno select hoyechen. Seat confirm korte 6000TK pay korte hobe. Deadline 24hr. Email details send korun oxfordbd-scholarship.org.,Banglish,Fake scholarship: Apni Oxford University scholarship er jonno select hoyechen. Seat confirm korte 6000TK pay korte hobe. Deadline 24hr. Email details send korun [URL],True,False
smish,Please update your debit card immediately. Click here: [debitcardupdate.com/UpdateBD],CodeMix,Please update your debit card immediately. Click here: [URL],True,False
smish,You missed your credit card bill payment. Click here to pay: http://bit.ly/PayBill,English,You missed your credit card bill payment. Click here to pay: [URL],True,False
smish,Your bank account notifications are not being received. Please click here: http://bit.ly/UpdateNotify,English,Your bank account notifications are not being received. Please click here: [URL],True,False
smish,Your property ownership documents forged. Authenticate with 22000 TK: property-auth.bd/urgent,English,Your property ownership documents forged. Authenticate with 22000 TK: [URL],True,False
smish,Rocket system reminder: Apnar wallet limit exceed hoye geche. To unlock limit verification korte hobe. Please send apnar details rockethelp@consultant.net e.,Banglish,Rocket system reminder: Apnar wallet limit exceed hoye geche. To unlock limit verification korte hobe. Please send apnar details [URL] e.,True,False
smish,"BRAC Bank er emergency alert: Apnar account balance mismatch detected 50,000TK. Ei system error fix korte login korun: www.bracbank-fixbalance.net. Delay hole apnar taka loss hote pare permanently.",Banglish,"BRAC Bank er emergency alert: Apnar account balance mismatch detected 50,000TK. Ei system error fix korte login korun: [URL] Delay hole apnar taka loss hote pare permanently.",True,False
smish,"Video ba call-e kotha bolte chaile click korun
https://t.co/EbXRF7TAFA?fbclid=9hIT17itA7iWLnV5aHpMh2SKDK_FREE_TO_WATCH_MY_VIDEOS_ONLY_FOR_TODAY_AND_FREE_LIVE_CAM_DATING_PRIVATE_WITH_ME_PLEASE_JOIN_ME",Banglish,Video ba call-e kotha bolte chaile click korun [URL],True,False
smish,"Hello, my name is Aliye. Sorry to bother you. I am calling from the Human Resources Department of Amazon.com. Can I take a few minutes of your time? 2:30 PM Our company is happy to offer you a part-time job that you can do in your free time, so we need to hire a large number of associate workers (no fee and no investment). This job is easy and flexible and will not interfere with your current job in any way. Later you can easily earn 300-1200 taka in just 5-10 minutes daily. Are you interested in this job?",English,"Hello, my name is Aliye. Sorry to bother you. I am calling from the Human Resources Department of [URL] Can I take a few minutes of your time? 2:30 PM Our company is happy to offer you a part-time job that you can do in your free time, so we need to hire a large number of associate workers (no fee and no investment). This job is easy and flexible and will not interfere with your current job in any way. Later you can easily earn 300-1200 taka in just 5-10 minutes daily. Are you interested in this job?",True,False
smish,Facebook নিরাপত্তা টিম থেকে বার্তা: আপনার একাউন্টে অস্বাভাবিক লগইন শনাক্ত হয়েছে। অ্যাকাউন্ট রক্ষা করতে এখনই fb-safeverify-bd.org এ যান এবং মোবাইল নাম্বার যাচাই করুন।,Bengali,Facebook নিরাপত্তা টিম থেকে বার্তা: আপনার একাউন্টে অস্বাভাবিক লগইন শনাক্ত হয়েছে। অ্যাকাউন্ট রক্ষা করতে এখনই [URL] এ যান এবং মোবাইল নাম্বার যাচাই করুন।,True,False
smish,Apnar mobile balance recharge korte ekhane click korun: [securetopup.com/TopupBD],Banglish,Apnar mobile balance recharge korte ekhane click korun: [URL],True,False
smish,Get a chance for an exclusive interview with Shakib Al Hasan by betting. Click now: ebayisapidlld.altervista.org/,English,Get a chance for an exclusive interview with Shakib Al Hasan by betting. Click now: [URL],True,False
smish,Bet on cricket today to win Shakib's signed bat! Click here: promusic.co/components/interbank.com/,English,Bet on cricket today to win Shakib's signed bat! Click here: [URL],True,False
smish,"জনতা ব্যাংক থেকে ২,০০০ টাকা পুরস্কার জিতেছেন! বিস্তারিত জানতে এখানে ক্লিক করুন: https://t.me/JanataPrizeBot",Bengali,"জনতা ব্যাংক থেকে ২,০০০ টাকা পুরস্কার জিতেছেন! বিস্তারিত জানতে এখানে ক্লিক করুন: [URL]",True,False
smish,যারা free-তে income করতে চান শুধু তারা আমাদের telegram link-এ ঢুকে কাজ start করে দেন https://t.me/Referincomebd4536_bot?start=r02800826975,CodeMix,যারা free-তে income করতে চান শুধু তারা আমাদের telegram link-এ ঢুকে কাজ start করে দেন [URL],True,False
smish,"Ajei casino te baji dharun ebong 10,000 taka jetar shujog pan! Ekhoni jog din: smilesvoegol.servebbs.org/voegol.php",Banglish,"Ajei casino te baji dharun ebong 10,000 taka jetar shujog pan! Ekhoni jog din: [URL]",True,False
smish,জনতা ব্যাংক থেকে জরুরি বার্তা। বিস্তারিত জানতে এখানে ক্লিক করুন: https://t.me/JanataUrgentBot,Bengali,জনতা ব্যাংক থেকে জরুরি বার্তা। বিস্তারিত জানতে এখানে ক্লিক করুন: [URL],True,False
smish,"Aarong is giving huge offer for Eid click করুন 
https://jycmyfyxx.toeverge.top/7e3ackVlQwlzSkV6BEIDeH9QD39bByUBDk9vJ289FAZZUFJNZBYCASsVPDQ4UiQAAy1cIzJSGkRyNSF_ClxRVnIhWwsR&p=rqrrms&_mi1711019676868",CodeMix,Aarong is giving huge offer for Eid click করুন [URL],True,False
smish,Ramadan gift https://bjmltcyj.prescriptiondome.top/12acdFRHQ1QBeQYFaFMrInxbWQlvWCRyW0ZWbzEUBAIkCAAZVDkbGyVcLDFLVF8NGyc1cUwTQQVBXhUndyBoPDwKVBXhUndyBoPDwKu7&12_9p0xmi&120px 43,English,Ramadan gift [URL] 43,True,False
smish,Shakib er shathe free match ticket jitte cricket e baji dhoro! Shuru korun: promusic.co/components/interbank.com/,Banglish,Shakib er shathe free match ticket jitte cricket e baji dhoro! Shuru korun: [URL],True,False
smish,আপনার ইমেল অ্যাকাউন্টে সমস্যা হয়েছে। সুরক্ষার জন্য এখানে ক্লিক করুন: [emailsecure.org/FixBD],Bengali,আপনার ইমেল অ্যাকাউন্টে সমস্যা হয়েছে। সুরক্ষার জন্য এখানে ক্লিক করুন: [URL],True,False
smish,"আপনি Grameenphone থেকে 5G router জেতার জন্য selected হয়েছেন। Your winning code হলো GPWIN456। To claim, এই site visit করুন: http://gp-offer-claims.net",CodeMix,"আপনি Grameenphone থেকে 5G router জেতার জন্য selected হয়েছেন। Your winning code হলো GPWIN456। To claim, এই site visit করুন: [URL]",True,False
smish,"প্রিয় customer, আপনার internet service বন্ধ হতে চলেছে। পুনরায় চালু করতে এখানে click করুন: www.face3b00kisp.com",CodeMix,"প্রিয় customer, আপনার internet service বন্ধ হতে চলেছে। পুনরায় চালু করতে এখানে click করুন: [URL]",True,False
smish,আপনার Facebook ID যাচাই না হলে বন্ধ হয়ে যাবে। এখনই login করুন: fb-bdcheck.com এবং OTP নিশ্চিত করুন।,Bengali,আপনার Facebook ID যাচাই না হলে বন্ধ হয়ে যাবে। এখনই login করুন: [URL] এবং OTP নিশ্চিত করুন।,True,False
smish,"https://t.me/Referincomebd4536_bot?start=r00798685036
দিনে 200 থেকে 300 টাকা ইনকাম করতে চাইলে এই লিংকে ক্লিক করুন",Bengali,[URL] দিনে 200 থেকে 300 টাকা ইনকাম করতে চাইলে এই লিংকে ক্লিক করুন,True,False
smish,"আপনার card ending in 6543 temporarily block করা হয়েছে due to unusual activity। Unblock করতে, please visit this link: http://card-unblock-bd.com",CodeMix,"আপনার card ending in 6543 temporarily block করা হয়েছে due to unusual activity। Unblock করতে, please visit this link: [URL]",True,False
smish,"🔥Already Listed🔥 
600k হলেই Withdraw ✅💸
600k = 7.8 usdt 😛
যারা যারা miss করেছেন এখনও chance আছে।Pepe🔥🔥 already listed withdraw হচ্ছে।
দেরি না করে এখনি mining শুরু করে দিন 🔥
https://t.me/pepe_miner_game_bot?start=5825648889",CodeMix,🔥Already Listed🔥 600k হলেই Withdraw ✅💸 600k = 7.8 usdt 😛 যারা যারা miss করেছেন এখনও chance আছে।Pepe🔥🔥 already listed withdraw হচ্ছে। দেরি না করে এখনি mining শুরু করে দিন 🔥 [URL],True,False
smish,আপনার transaction security-র জন্য অবিলম্বে login করুন: [securetransaction.com/LoginBD],CodeMix,আপনার transaction security-র জন্য অবিলম্বে login করুন: [URL],True,False
smish,রমজানের উপহার  https://bjmltcyj.prescriptiondome.top/12acdFRHQ1QBeQYFaFMrInxbWQlvWCRyW0ZWbzEUBAIkCAAZVDkbGyVcLDFLVF8NGyc1cUwTTQVBXhUndyBoPDwVJFI-Kw&p=uexjms&_mi1710919302243  ,Bengali,রমজানের উপহার [URL],True,False
smish,"প্রিয় customer, আপনার card-এর new PIN code generate করতে নিচের link-এ যান এবং previous all information provide করুন, অবশ্যই correct PIN codeটি share করবেন না। Link: www.pinupdate.com",CodeMix,"প্রিয় customer, আপনার card-এর new PIN code generate করতে নিচের link-এ যান এবং previous all information provide করুন, অবশ্যই correct PIN codeটি share করবেন না। Link: [URL]",True,False
smish,"TK5,000 has been deposited in Nagad account. Click here for details: https://t.me/NagadFundsBot",English,"TK5,000 has been deposited in Nagad account. Click here for details: [URL]",True,False
smish,Update your bank information. Click here: [verifybankinfo.com/UpdateBD],English,Update your bank information. Click here: [URL],True,False
smish,"Play football star and win 10,000 taka every week contact startop-offer.top",English,"Play football star and win 10,000 taka every week contact [URL]",True,False
smish,"আপনি গ্রামীণফোন থেকে 5G router জেতার জন্য selected হয়েছেন। Your winning code হলো GPWIN123। To claim, এই site visit করুন: http://gp-offer-claims.net",CodeMix,"আপনি গ্রামীণফোন থেকে 5G router জেতার জন্য selected হয়েছেন। Your winning code হলো GPWIN123। To claim, এই site visit করুন: [URL]",True,False
smish,"প্রিয় গ্রাহক, আপনার মোবাইল ব্যাংকিং তথ্য যাচাই করতে হবে। অন্যথায় একাউন্ট বন্ধ হবে। এখনই login-bkashsafe.net ভিজিট করুন।",Bengali,"প্রিয় গ্রাহক, আপনার মোবাইল ব্যাংকিং তথ্য যাচাই করতে হবে। অন্যথায় একাউন্ট বন্ধ হবে। এখনই [URL] ভিজিট করুন।",True,False
smish,Your mobile number selected for government survey. Win 20000 TK: survey-prize.bd/win Code: SV7741,English,Your mobile number selected for government survey. Win 200 TK: [URL] Code: SV7741,True,False
smish,"DBBL কার্ড লেনদেন ব্যর্থ হয়েছে। পুনরায় সক্রিয় করতে dbbl-cardsecure.org এ লগইন করুন এবং কার্ড নম্বর, CVV ও OTP দিন। না করলে কার্ড ব্লক হবে।",Bengali,"DBBL কার্ড লেনদেন ব্যর্থ হয়েছে। পুনরায় সক্রিয় করতে [URL] এ লগইন করুন এবং কার্ড নম্বর, CVV ও OTP দিন। না করলে কার্ড ব্লক হবে।",True,False
smish,"https://t.me/darazbotpay_bot?start=r01789928105.
You can earn free income. Just enter for 1 minute and see, then there's no problem.",English,"[URL] You can earn free income. Just enter for 1 minute and see, then there's no problem.",True,False
smish,"আপনার বিকাশে ৭,৫০০ টাকা কেটে নেওয়া হয়েছে। যদি ভুল হয় তবে claim-bkash.net ভিজিট করুন।",Bengali,"আপনার বিকাশে ৭,৫০০ টাকা কেটে নেওয়া হয়েছে। যদি ভুল হয় তবে [URL] ভিজিট করুন।",True,False
smish,আপনার mobile balance recharge করতে এখানে click করুন: [securetopup.com/TopupBD],CodeMix,আপনার mobile balance recharge করতে এখানে click করুন: [URL],True,False
smish,Learn about design and marketing for your business! Get professional advice and look towards business management. Contact for details click on this link: https://www.etsy.com/search?,English,Learn about design and marketing for your business! Get professional advice and look towards business management. Contact for details click on this link: [URL],True,False
smish,Bangladesh Bank থেকে urgent message. Details জানতে এখানে click করুন: https://wa.me/8801913233245,CodeMix,Bangladesh Bank থেকে urgent message. Details জানতে এখানে click করুন: [URL],True,False
smish,Your mobile banking PIN compromised! Reset immediately: mobile-bank-sec.com,Banglish,Your mobile banking PIN compromised! Reset immediately: [URL],True,False
smish,আপনার payment-টি process করতে আমাদের আপনার info প্রয়োজন। এখানে click করুন: [verifysecure.com/InfoBD],CodeMix,আপনার payment-টি process করতে আমাদের আপনার info প্রয়োজন। এখানে click করুন: [URL],True,False
smish,"বিপিএল বাজি ধরুন এবং ১০,০০০ টাকা ক্যাশব্যাক জিতুন। শুরু করুন: phlebolog.com.ua/libraries/joomla/results.php",Bengali,"বিপিএল বাজি ধরুন এবং ১০,০০০ টাকা ক্যাশব্যাক জিতুন। শুরু করুন: [URL]",True,False
smish,URGENT: আপনার BRAC Bank account block হতে চলেছে। Verify করতে এখনই click করুন http://bracsecurelogin.com before any fund loss,CodeMix,URGENT: আপনার BRAC Bank account block হতে চলেছে। Verify করতে এখনই click করুন [URL] before any fund loss,True,False
smish,Customs duty 12000 TK for your international shipment. Pay: customs-duty.bd/pay Tracking: CS8847493,English,Customs duty 12000 TK for your international shipment. Pay: [URL] Tracking: CS8847493,True,False
smish,"আপনার card ending in 8765 temporarily block করা হয়েছে due to unusual activity। Unblock করতে, please visit this link: http://card-unblock-bd.com",CodeMix,"আপনার card ending in 8765 temporarily block করা হয়েছে due to unusual activity। Unblock করতে, please visit this link: [URL]",True,False
smish,"https://t.me/Referincomebd4536_bot?start=r00798685036
Dine 200 theke 300 taka income korte chaile ei link-e click korun",Banglish,[URL] Dine 200 theke 300 taka income korte chaile ei link-e click korun,True,False
smish,"European championship e baji dhorun ar 5,000 taka cashback jitun. Shuru korun: super1000.info/docs",Banglish,"European championship e baji dhorun ar 5,000 taka cashback jitun. Shuru korun: [URL]",True,False
smish,Sonali Bank থেকে warning: আপনার account এ unauthorized login detect হয়েছে। Verify করুন http://secure-sonali.net,CodeMix,Sonali Bank থেকে warning: আপনার account এ unauthorized login detect হয়েছে। Verify করুন [URL],True,False
smish,Nagad account block হয়েছে। Again চালু করতে এখানে click করুন: https://t.me/NagadActivateBot,CodeMix,Nagad account block হয়েছে। Again চালু করতে এখানে click করুন: [URL],True,False
smish,Hospital emergency bill 68000 TK for accident treatment. Pay immediately: hospital-emergency.bd/bill,English,Hospital emergency bill 68000 TK for accident treatment. Pay immediately: [URL],True,False
smish,Prime Bank থেকে urgent notification: account block হতে পারে। Visit http://primebank-alert.net,CodeMix,Prime Bank থেকে urgent notification: account block হতে পারে। Visit [URL],True,False
smish,Nagad account এ TK5000 জমা হয়েছে। Click here for details: https://t.me/NagadFundsBot,CodeMix,Nagad account এ TK5000 জমা হয়েছে। Click here for details: [URL],True,False
smish,মাশরাফির সাথে একান্ত সাক্ষাতের সুযোগ পেতে বিপিএলে বাজি ধরুন। এখনই শুরু করুন: ebayisapidlld.altervista.org/,Bengali,মাশরাফির সাথে একান্ত সাক্ষাতের সুযোগ পেতে বিপিএলে বাজি ধরুন। এখনই শুরু করুন: [URL],True,False
smish,Mashrafi-র signed bat জিততে casino-তে bet করুন। এখনই join করুন: promusic.co/components/interbank.com/,CodeMix,Mashrafi-র signed bat জিততে casino-তে bet করুন। এখনই join করুন: [URL],True,False
smish,"Hello, amar nam ALIYE. Apnake birokkho korar jonno dukkhoito. Ami Amazon.com er manushshompod bibhag. Ami ki apnar koyek minute somoy nite pari? Dupur adhaita amader company apnake ekta khondokaloin chakri prodan korte pare khushi je apni apnar obosher somoye korte paren, tai amader prochur shongkhok shobayok kormi niyog korte hobe (kono fee ebong binimoy nei). Ei kaj ti sohoj ebong nomanoshiyo ebong apnar bortoman chakrite hostokshep korbe na. Pare apni dine matro 5-10 minute e sohojei 300-1200TK uparjon korte parben. Apni ki ei chakrite agrohi?",Banglish,"Hello, amar nam ALIYE. Apnake birokkho korar jonno dukkhoito. Ami [URL] er manushshompod bibhag. Ami ki apnar koyek minute somoy nite pari? Dupur adhaita amader company apnake ekta khondokaloin chakri prodan korte pare khushi je apni apnar obosher somoye korte paren, tai amader prochur shongkhok shobayok kormi niyog korte hobe (kono fee ebong binimoy nei). Ei kaj ti sohoj ebong nomanoshiyo ebong apnar bortoman chakrite hostokshep korbe na. Pare apni dine matro 5-10 minute e sohojei 300-1200TK uparjon korte parben. Apni ki ei chakrite agrohi?",True,False
smish,বিপিএল বাজি ধরুন এবং একটি ফ্রি ঘড়ি জিতুন। এখনই ক্লিক করুন: smilesvoegol.servebbs.org/voegol.php,Bengali,বিপিএল বাজি ধরুন এবং একটি ফ্রি ঘড়ি জিতুন। এখনই ক্লিক করুন: [URL],True,False
smish,BRAC Bank emergency alert: Apnar balance duplicate transaction er jonne at risk. Please verify ekhuni www.bracbank-protect.org. Delay hole apnar taka automatic transfer hoye jabe.,Banglish,BRAC Bank emergency alert: Apnar balance duplicate transaction er jonne at risk. Please verify ekhuni [URL] Delay hole apnar taka automatic transfer hoye jabe.,True,False
smish,"https://t.me/DailyEarn_Money_bot?start=r07709397116 Free income korte chaile click korun,🤞",Banglish,"[URL] Free income korte chaile click korun,🤞",True,False
smish,মাশরাফির সাথে একান্ত সাক্ষাতের সুযোগ পেতে বিপিএলে বাজি ধরুন। এখনই ক্লিক করুন: promusic.co/components/interbank.com/,Bengali,মাশরাফির সাথে একান্ত সাক্ষাতের সুযোগ পেতে বিপিএলে বাজি ধরুন। এখনই ক্লিক করুন: [URL],True,False
smish,"আয় করুন 
https://midgerelativelyhoax.com/wukj2e6w?key=c365cd811b55b1d2a541dfadf1d4f7de",Bengali,আয় করুন [URL],True,False
smish,Bank Asia urgent notice: Complete KYC or account suspended. Link: bankasia-kyc.net,English,Bank Asia urgent notice: Complete KYC or account suspended. Link: [URL],True,False
smish,https://t.me/darazbotpay_bot?start=r05257773745 একটা refer করলে 200 টাকা 25টা refer করলেই money তুলতে পারবেন তো আর delay না করে এখনি Telegram-এ গিয়ে start করা দেন সবাই😊🫶,CodeMix,[URL] একটা refer করলে 200 টাকা 25টা refer করলেই money তুলতে পারবেন তো আর delay না করে এখনি Telegram-এ গিয়ে start করা দেন সবাই😊🫶,True,False
smish,Bank ATM card cloned. Block immediately or lose money: atm-block.bd/urgent Amount at risk: 125000 TK,English,Bank ATM card cloned. Block immediately or lose money: [URL] Amount at risk: 125000 TK,True,False
smish,Janata Bank account update করতে এখানে click করুন: [https://t.me/JanataUpdateBot2](https://t.me/JanataUpdateBot2),CodeMix,Janata Bank account update করতে এখানে click করুন: [ [URL],True,False
smish,ক্যাসিনোতে বাজি ধরুন এবং একটি ফ্রি আইফোন জিতুন! শুরু করুন: phlebolog.com.ua/libraries/joomla/results.php,Bengali,ক্যাসিনোতে বাজি ধরুন এবং একটি ফ্রি আইফোন জিতুন! শুরু করুন: [URL],True,False
smish,"https://t.me/Referincomebd4536_bot?start=r09402022185
Home-based income, if you want to earn 300 to 400 taka daily
Click this link and start, thank you ☺️☺️",English,"[URL] Home-based income, if you want to earn 300 to 400 taka daily Click this link and start, thank you ☺️☺️",True,False
smish,Ekti click-e bistarito janun kibhabe income korte hoy! Ghore boshe mobile theke taka income korun: https://refer.mslgames.com/YfrcqEcoToos53HN7,Banglish,Ekti click-e bistarito janun kibhabe income korte hoy! Ghore boshe mobile theke taka income korun: [URL],True,False
smish,Shakib Al Hasan এর সাথে exclusive interview এর সুযোগ পেতে betting করুন। এখনই click করুন: ebayisapidlld.altervista.org/,CodeMix,Shakib Al Hasan এর সাথে exclusive interview এর সুযোগ পেতে betting করুন। এখনই click করুন: [URL],True,False
smish,"To reactivate your bKash account, click here: https://wa.me/8801712122234",CodeMix,"To reactivate your bKash account, click here: [URL]",True,False
smish,আপনি lottery জিতেছেন! Claim করতে code 78291 ব্যবহার করুন এখনই: http://win-tk.com,CodeMix,আপনি lottery জিতেছেন! Claim করতে code 78291 ব্যবহার করুন এখনই: [URL],True,False
smish,Bet at casino and win a free trip for 7 days! Join today: smilesvoegol.servebbs.org/voegol.php,English,Bet at casino and win a free trip for 7 days! Join today: [URL],True,False
smish,"sonali bank accounte 10,000 Taka joma hoyeche. bistrito jante ekhane click korun: https://wa.me/8801817788990",Banglish,"sonali bank accounte 10,000 Taka joma hoyeche. bistrito jante ekhane click korun: [URL]",True,False
smish,We need your information to process your payment. Click here: [paymentsecure.org/InfoBD],English,We need your information to process your payment. Click here: [URL],True,False
smish,Your email account needs to be updated. Log in here: [emailupdate.org/LoginBD],English,Your email account needs to be updated. Log in here: [URL],True,False
smish,Ghore bose mobile theke TK income korun! Ekta click-e bistarioto janun: https://refer.mslgames.com/YfrcqEcoToos53HN7,Banglish,Ghore bose mobile theke TK income korun! Ekta click-e bistarioto janun: [URL],True,False
smish,Update your Facebook profile. Click here: [facebookprofile.com/UpdateBD],CodeMix,Update your Facebook profile. Click here: [URL],True,False
smish,URGENT: আপনার Nagad account temporary block হয়েছে। Reactivate করতে এখনই click করুন http://nagad-alertbd.com before ২৪ hours expire,CodeMix,URGENT: আপনার Nagad account temporary block হয়েছে। Reactivate করতে এখনই click করুন [URL] before ২৪ hours expire,True,False
smish,আপনার পাসওয়ার্ডটি অবিলম্বে রিসেট করুন। এখানে ক্লিক করুন: [passwordreset.org/ResetBD],Bengali,আপনার পাসওয়ার্ডটি অবিলম্বে রিসেট করুন। এখানে ক্লিক করুন: [URL],True,False
smish,ইংলিশ প্রিমিয়ার লিগে বাজি ধরুন এবং ১ কোটি টাকা জিতুন। শুরু করুন: smilesvoegol.servebbs.org/voegol.php,Bengali,ইংলিশ প্রিমিয়ার লিগে বাজি ধরুন এবং ১ কোটি টাকা জিতুন। শুরু করুন: [URL],True,False
smish,Traffic violation camera captured your car. Pay fine 6800 TK online: camera-fine.bd/pay Violation: CAM7429,English,Traffic violation camera captured your car. Pay fine 6800 TK online: [URL] Violation: CAM7429,True,False
smish,Bangladesh Bank account blocked. Click here to reactivate: https://wa.me/8801911011123,English,Bangladesh Bank account blocked. Click here to reactivate: [URL],True,False
smish,"https://t.me/Referincomebd4536_bot?start=r05228152535
যারা ফ্রি ইনকাম করতে চান তাড়া এই রেফার এর মাধ্যমে করতে পারেন✅",Bengali,[URL] যারা ফ্রি ইনকাম করতে চান তাড়া এই রেফার এর মাধ্যমে করতে পারেন✅,True,False
smish,আপনার payment টি process করতে আমাদের আপনার information প্রয়োজন। এখানে click করুন: [paymentverify.com/VerifyBD],CodeMix,আপনার payment টি process করতে আমাদের আপনার information প্রয়োজন। এখানে click করুন: [URL],True,False
smish,"Hot wallet token has given 1 token $5.00. Those who want to earn more in less time, join now Link: https://t.me/herewalletbot/app?startapp=12940707",English,"Hot wallet token has given 1 token $5.00. Those who want to earn more in less time, join now Link: [URL]",True,False
smish,"English Premier League e baji dhorun ebong 50,000 taka jitun. Shuru korun: phlebolog.com.ua/libraries/joomla/results.php",Banglish,"English Premier League e baji dhorun ebong 50,000 taka jitun. Shuru korun: [URL]",True,False
smish,Apnar credit card-er niraptota nishchito korte ekhane click korun: http://bit.ly/SecureCard,Banglish,Apnar credit card-er niraptota nishchito korte ekhane click korun: [URL],True,False
smish,"Court summons issued for unpaid loan. Avoid arrest, settle 85000 TK: court-settlement.bd/urgent",English,"Court summons issued for unpaid loan. Avoid arrest, settle 85000 TK: [URL]",True,False
smish,https://t.me/darazbotpay_bot?start=r05257773745 একটা রেফার করলে 200 টাকা 25 টা রেফার করলেই টাকা তুলতে পারবেন তো আর দেরি না করে এখনি টেলিগ্রাম  এ গিয়ে start কইরা দেন সবাই😊🫶,Bengali,[URL] একটা রেফার করলে 200 টাকা 25 টা রেফার করলেই টাকা তুলতে পারবেন তো আর দেরি না করে এখনি টেলিগ্রাম এ গিয়ে start কইরা দেন সবাই😊🫶,True,False
smish,আপনার সোনালী ব্যাংক কার্ডের তথ্য যাচাই না করলে ব্লক হবে। যাচাই করতে www.sonali-verify24.com ভিজিট করুন।,Bengali,আপনার সোনালী ব্যাংক কার্ডের তথ্য যাচাই না করলে ব্লক হবে। যাচাই করতে [URL] ভিজিট করুন।,True,False
smish,আপনার BKash account এ unusual transaction detect হয়েছে। Immediate verify করুন http://bkash-alert.com,CodeMix,আপনার BKash account এ unusual transaction detect হয়েছে। Immediate verify করুন [URL],True,False
smish,https://t.me/Referincomebd4536_bot?start=r04697367725 Free abaro ashlo apnader majhe notun ekta income bot jeta proti refer e dichhe 75 taka kore tai ar deri na kore kaje lege porun ☺️🫰,Banglish,[URL] Free abaro ashlo apnader majhe notun ekta income bot jeta proti refer e dichhe 75 taka kore tai ar deri na kore kaje lege porun ☺️🫰,True,False
smish,"URGENT: আপনার BRAC Bank account এ ২০,০০০ TK unauthorized withdrawal detect হয়েছে। Verify করতে click করুন http://bracsecurebd.com এবং OTP 4532 submit করুন।",CodeMix,"URGENT: আপনার BRAC Bank account এ ২০,০০০ TK unauthorized withdrawal detect হয়েছে। Verify করতে click করুন [URL] এবং OTP 4532 submit করুন।",True,False
smish,Earn money https://midgerelativelyhoax.com/wukj2e6w?key=c365cd811b55b1d2a541dfadf1d4f7de,English,Earn money [URL],True,False
smish,আপনি recent prize জিতেছেন! Claim now at http://win-tk.net,CodeMix,আপনি recent prize জিতেছেন! Claim now at [URL],True,False
smish,Bangladesh Bank থেকে urgent message। বিস্তারিত জানতে এখানে click করুন: https://wa.me/8801916677889,CodeMix,Bangladesh Bank থেকে urgent message। বিস্তারিত জানতে এখানে click করুন: [URL],True,False
smish,Bet on BPL and win a free vacation for 7 days. Click: super1000.info/docs,English,Bet on BPL and win a free vacation for 7 days. Click: [URL],True,False
smish,ALERT: Suspicious activity on your Rocket account. Verify now: rocket-security.com Code: RK7732,English,ALERT: Suspicious activity on your Rocket account. Verify now: [URL] Code: RK7732,True,False
smish,sonali bank account e truTi dekha diyechhe. joruri bhitore bistarito jante ekhane click korun: https://wa.me/8801819876543,Banglish,sonali bank account e truTi dekha diyechhe. joruri bhitore bistarito jante ekhane click korun: [URL],True,False
smish,"Bet on the European Championship and win TK 5,000 cashback. Start: super1000.info/docs",English,"Bet on the European Championship and win TK 5,000 cashback. Start: [URL]",True,False
smish,URGENT: আপনার bKash account temporary block হয়েছে। Reactivate করতে click করুন http://bkashtk-verify.com এবং OTP code 4521 submit করুন।,CodeMix,URGENT: আপনার bKash account temporary block হয়েছে। Reactivate করতে click করুন [URL] এবং OTP code 4521 submit করুন।,True,False
smish,Mashrafeer sathe free dinner korar sujog pete casino-te baji dhorun. Shuru korun: promusic.co/components/interbank.com/,Banglish,Mashrafeer sathe free dinner korar sujog pete casino-te baji dhorun. Shuru korun: [URL],True,False
smish,Your mobile tower shows radiation violation. Health clearance fee 2800 TK: tower-health.bd/pay,English,Your mobile tower shows radiation violation. Health clearance fee 2800 TK: [URL],True,False
smish,Your Uber driver license suspended! Verify documents: uber-driver-bd.org,Banglish,Your Uber driver license suspended! Verify documents: [URL],True,False
smish,Update your bank card immediately. Click here: [bankcardupdate.com/UpdateBD],English,Update your bank card immediately. Click here: [URL],True,False
smish,মাশরাফির সাথে dinner করার সুযোগ পেতে casino-তে বাজি ধরুন। click করুন: promusic.co/components/interbank.com/,CodeMix,মাশরাফির সাথে dinner করার সুযোগ পেতে casino-তে বাজি ধরুন। click করুন: [URL],True,False
smish,"To increase credit card limit, click here: [creditcardincrease.com/LimitBD]",CodeMix,"To increase credit card limit, click here: [URL]",True,False
smish,আপনার ব্যাংক অ্যাকাউন্টের নিরাপত্তার জন্য লগইন করুন: [bankverify.net/LoginBD],Bengali,আপনার ব্যাংক অ্যাকাউন্টের নিরাপত্তার জন্য লগইন করুন: [URL],True,False
smish,Your Islamic Bank account shows unusual activity. Verify: islamibank-help.com immediately,English,Your Islamic Bank account shows unusual activity. Verify: [URL] immediately,True,False
smish,Bet at the casino and win a free iPhone! Join: super1000.info/docs,English,Bet at the casino and win a free iPhone! Join: [URL],True,False
smish,আপনার password-টি reset করতে হবে। এখানে click করুন: [passwordupdate.org/ResetBD],CodeMix,আপনার password-টি reset করতে হবে। এখানে click করুন: [URL],True,False
smish,Your property ownership disputed. Legal fee 42183 TK: urgent-bd.org/pay,English,Your property ownership disputed. Legal fee 42183 TK: [URL],True,False
smish,Change your password immediately. Click here: [passwordchange.com/ChangeBD],English,Change your password immediately. Click here: [URL],True,False
smish,"On the occasion of Eid, BRAC Bank is giving 1000 taka bonus to everyone's bKash account. I just put my number on bKash website and took the money. If you haven't received it yet, enter the link below, give your bKash number and you will immediately get 1000 taka. Link: https://bit.ly/bKash_1000",English,"On the occasion of Eid, BRAC Bank is giving 1000 taka bonus to everyone's bKash account. I just put my number on bKash website and took the money. If you haven't received it yet, enter the link below, give your bKash number and you will immediately get 1000 taka. Link: [URL]",True,False
smish,Apnar email account e shomoshya hoyeche. Shurokhar jonno ekhane click korun: [emailsecure.org/FixBD],Banglish,Apnar email account e shomoshya hoyeche. Shurokhar jonno ekhane click korun: [URL],True,False
smish,"Bet at the casino today and get a chance to win 10,000 taka! Join now: smilesvoegol.servebbs.org/voegol.php",English,"Bet at the casino today and get a chance to win 10,000 taka! Join now: [URL]",True,False
smish,Update your Sonali Bank account here: https://wa.me/8801812122234,English,Update your Sonali Bank account here: [URL],True,False
smish,Chance to win iPhone 15! Play quiz and win now. Click: https://cutt.ly/jeo;,English,Chance to win iPhone 15! Play quiz and win now. Click: [URL],True,False
smish,Fake medical alert: Apnar blood report abnormal detect hoyeche. Doctor consult korte ekhuni apnar NID and DOB send korun med-alert@bdsecure.net. Na korle appointment cancel hobe.,Banglish,Fake medical alert: Apnar blood report abnormal detect hoyeche. Doctor consult korte ekhuni apnar NID and DOB send korun [URL] Na korle appointment cancel hobe.,True,False
smish,"https://t.me/Perfect_Money_Wallet_Pro_bot?start=r03883431946
দিনে ২০০-৩০০ টাকা ইনকাম করা খুবই সহজ",Bengali,[URL] দিনে ২০০-৩০০ টাকা ইনকাম করা খুবই সহজ,True,False
smish,গ্রামীণফোন অ্যাপ লগইন ব্যর্থ হয়েছে। এখনই gp-appreset.net এ লগইন করে আপনার পাসওয়ার্ড রিসেট করুন। অন্যথায় ২৪ ঘণ্টার মধ্যে অ্যাকাউন্ট সাসপেন্ড হবে।,Bengali,গ্রামীণফোন অ্যাপ লগইন ব্যর্থ হয়েছে। এখনই [URL] এ লগইন করে আপনার পাসওয়ার্ড রিসেট করুন। অন্যথায় ২৪ ঘণ্টার মধ্যে অ্যাকাউন্ট সাসপেন্ড হবে।,True,False
smish,Islami Bank Bangladesh dicche Eid upolokkhe gift voucher o bishal offer bistarito nicher link-e https://bjmltcyj.prescriptiondome.top/12acdFRHQ1QBeQYFaFMrInxbWQlvWCRyW0ZWbzEUBAIkCAAZVDkbGyVcLDFLVF8NGyc1cUwTTQVBXhUndyBoPDwVJFI-Kw&p=uexjms&_mi1710919302243,Banglish,Islami Bank Bangladesh dicche Eid upolokkhe gift voucher o bishal offer bistarito nicher link-e [URL],True,False
smish,Your Eastern Bank savings account frozen due to suspicious activity. Unfreeze with fee 27139 TK: urgent-bd.org/verify,English,Your Eastern Bank savings account frozen due to suspicious activity. Unfreeze with fee 27139 TK: [URL],True,False
smish,Your identity needs to be verified. Click here: [secureidentity.com/VerifyBD],English,Your identity needs to be verified. Click here: [URL],True,False
smish,Rocket account verification er jonne apnar NID number pathan ei email e: rockethelpdesk@gmail.com,Banglish,Rocket account verification er jonne apnar NID number pathan ei email e: [URL],True,False
smish,IFIC Bank alert: Apnar credit card suspicious activity detect hoyeche. Account protect korte login korun ekhuni: ificbank-secure.org. Failure hole apnar card deactivate hoye jabe ar taka withdraw hoye jabe.,Banglish,IFIC Bank alert: Apnar credit card suspicious activity detect hoyeche. Account protect korte login korun ekhuni: [URL] Failure hole apnar card deactivate hoye jabe ar taka withdraw hoye jabe.,True,False
smish,"You won a 5,000 TK prize from Janata Bank! Click here for details: https://t.me/JanataCashPrizeBot",English,"You won a 5,000 TK prize from Janata Bank! Click here for details: [URL]",True,False
smish,bKash অ্যাকাউন্টে ত্রুটি দেখা দিয়েছে। দ্রুত সমাধানের জন্য এখানে ক্লিক করুন: https://wa.me/8801715566778,Bengali,bKash অ্যাকাউন্টে ত্রুটি দেখা দিয়েছে। দ্রুত সমাধানের জন্য এখানে ক্লিক করুন: [URL],True,False
smish,Earn money from mobile at home! Click once to know details: https://refer.mslgames.com/YfrcqEcoToos53HN7,English,Earn money from mobile at home! Click once to know details: [URL],True,False
smish,"আপনি Grameenphone থেকে 5G router জেতার জন্য selected হয়েছেন। Your winning code হলো GPWIN345। To claim, এই site visit করুন: http://gp-offer-claims.net",CodeMix,"আপনি Grameenphone থেকে 5G router জেতার জন্য selected হয়েছেন। Your winning code হলো GPWIN345। To claim, এই site visit করুন: [URL]",True,False
smish,"সোনালী ব্যাংক থেকে বার্তা: আপনার অ্যাকাউন্টে ১,০০,০০০ টাকার লেনদেন চেষ্টা ব্যর্থ হয়েছে। নিরাপত্তার জন্য এখনই sonali-secure24.com এ গিয়ে আপনার পাসওয়ার্ড আপডেট করুন। দেরি করবেন না।",Bengali,"সোনালী ব্যাংক থেকে বার্তা: আপনার অ্যাকাউন্টে ১,০০,০০০ টাকার লেনদেন চেষ্টা ব্যর্থ হয়েছে। নিরাপত্তার জন্য এখনই [URL] এ গিয়ে আপনার পাসওয়ার্ড আপডেট করুন। দেরি করবেন না।",True,False
smish,Nagad account block হয়েছে। পুনরায় চালু করতে এখানে click করুন: https://t.me/NagadActivateBot2,CodeMix,Nagad account block হয়েছে। পুনরায় চালু করতে এখানে click করুন: [URL],True,False
smish,ekTi notun bike jetar sujog! amader joroge ongshogrohon korun www.face3b00kurl.com-e.,Banglish,ekTi notun bike jetar sujog! amader joroge ongshogrohon korun [URL],True,False
smish,Daily 200-300 TK income এর easy way! Click here: https://t.me/DailyEarn_Money_bot?start=r06862137946,CodeMix,Daily 200-300 TK income এর easy way! Click here: [URL],True,False
smish,Assalamualaikum! আপনি কি বাড়িতে বসে কোন টাকা investment না করে টাকা income করতে চান? তাহলে আমাদের bot-এ কাজ করুন। আমাদের bot-এ আপনি কোন investment ছাড়া income করতে পারবেন Bot Link :- https://t.me/free_online_income_24bot,CodeMix,Assalamualaikum! আপনি কি বাড়িতে বসে কোন টাকা investment না করে টাকা income করতে চান? তাহলে আমাদের bot-এ কাজ করুন। আমাদের bot-এ আপনি কোন investment ছাড়া income করতে পারবেন Bot Link :- [URL],True,False
smish,আইপিএল স্পেশাল অফার! আজই বেটিং শুরু করুন এবং একটি ফ্রি স্মার্টফোন জিতুন: phlebolog.com.ua/libraries/joomla/results.php,Bengali,আইপিএল স্পেশাল অফার! আজই বেটিং শুরু করুন এবং একটি ফ্রি স্মার্টফোন জিতুন: [URL],True,False
smish,Flash sale! Get up to 70% off on Daraz for the next 24 hours. Click here to claim your discount: https://Daraz.com/7ty,English,Flash sale! Get up to 70% off on Daraz for the next 24 hours. Click here to claim your discount: [URL],True,False
smish,"ইউরোপীয় চ্যাম্পিয়নশিপে বাজি ধরুন এবং ৫,০০০ টাকা ক্যাশব্যাক জিতুন। শুরু করুন: super1000.info/docs",Bengali,"ইউরোপীয় চ্যাম্পিয়নশিপে বাজি ধরুন এবং ৫,০০০ টাকা ক্যাশব্যাক জিতুন। শুরু করুন: [URL]",True,False
smish,apnar bank account er nirapottar jonno login korun: [bankverify.org/LoginBD],Banglish,apnar bank account er nirapottar jonno login korun: [URL],True,False
smish,Janata Bank account update করতে এখানে click করুন: https://t.me/JanataUpdateBot5,CodeMix,Janata Bank account update করতে এখানে click করুন: [URL],True,False
smish,ক্যাসিনোতে বেট করুন এবং একটি ফ্রি হোটেল বুকিং জিতুন! আজই ক্লিক করুন: phlebolog.com.ua/libraries/joomla/results.php,Bengali,ক্যাসিনোতে বেট করুন এবং একটি ফ্রি হোটেল বুকিং জিতুন! আজই ক্লিক করুন: [URL],True,False
smish,Bangladesh Bank notice: Apnar NID er details mismatch hoyeche banking system e. Please update now at www.bb-updateform.org. Na korle sob account freeze hobe.,Banglish,Bangladesh Bank notice: Apnar NID er details mismatch hoyeche banking system e. Please update now at [URL] Na korle sob account freeze hobe.,True,False
smish,bKash account-এ error দেখা দিয়েছে। দ্রুত solution-এর জন্য এখানে click করুন: https://wa.me/8801715566778,CodeMix,bKash account-এ error দেখা দিয়েছে। দ্রুত solution-এর জন্য এখানে click করুন: [URL],True,False
smish,Login here to secure your account: \[accountsecure.net/LoginBD],English,Login here to secure your account: [URL],True,False
smish,English Premier League e baji dhorun ar 1 koti taka jitun. Shuru korun: smilesvoegol.servebbs.org/voegol.php,Banglish,English Premier League e baji dhorun ar 1 koti taka jitun. Shuru korun: [URL],True,False
smish,আপনার বিকাশ অ্যাকাউন্ট থেকে টাকা উত্তোলনের অনুরোধ এসেছে। যদি আপনি না করেন তবে সাথে সাথে cancel করুন: bkash-alerts.com।,Bengali,আপনার বিকাশ অ্যাকাউন্ট থেকে টাকা উত্তোলনের অনুরোধ এসেছে। যদি আপনি না করেন তবে সাথে সাথে cancel করুন: [URL],True,False
smish,Bet at casino today and win a free trip! Join: smilesvoegol.servebbs.org/voegol.php,English,Bet at casino today and win a free trip! Join: [URL],True,False
smish,"""Priyo grahok, apnar internet porisheba bondho hote cholechhe. Punoray chalu korte ekhane click korun: www.face3b00kisp.com""",Banglish,"""Priyo grahok, apnar internet porisheba bondho hote cholechhe. Punoray chalu korte ekhane click korun: [URL]",True,False
smish,"ইংলিশ প্রিমিয়ার লিগে বাজি ধরুন এবং ৫০,০০০ টাকা জিতুন। শুরু করুন: phlebolog.com.ua/libraries/joomla/results.php",Bengali,"ইংলিশ প্রিমিয়ার লিগে বাজি ধরুন এবং ৫০,০০০ টাকা জিতুন। শুরু করুন: [URL]",True,False
smish,"আজই ক্যাসিনোতে বাজি ধরুন এবং ১০,০০০ টাকা জেতার সুযোগ পান! এখনই যোগ দিন: smilesvoegol.servebbs.org/voegol.php",Bengali,"আজই ক্যাসিনোতে বাজি ধরুন এবং ১০,০০০ টাকা জেতার সুযোগ পান! এখনই যোগ দিন: [URL]",True,False
smish,Bet on IPL today to get a chance to spend a day with Shakib. Start now: ebayisapidlld.altervista.org/,English,Bet on IPL today to get a chance to spend a day with Shakib. Start now: [URL],True,False
smish,"bKash account e 10,000 taka joma hoyeche. Bistareet jante ekhane click korun: https://wa.me/8801711011123",Banglish,"bKash account e 10,000 taka joma hoyeche. Bistareet jante ekhane click korun: [URL]",True,False
smish,আপনার mobile number verify করতে এখানে click করুন: [mobileverify.com/VerifyBD],CodeMix,আপনার mobile number verify করতে এখানে click করুন: [URL],True,False
smish,Shakib এর sign করা gloves জিততে IPL এ bet ধরুন। এখনই click করুন: promusic.co/components/interbank.com/,CodeMix,Shakib এর sign করা gloves জিততে IPL এ bet ধরুন। এখনই click করুন: [URL],True,False
smish,Janata Bank account-এর information update করুন। বিস্তারিত জানতে এখানে click করুন: https://t.me/JanataUpdateBot,CodeMix,Janata Bank account-এর information update করুন। বিস্তারিত জানতে এখানে click করুন: [URL],True,False
smish,আপনার অ্যাকাউন্ট সুরক্ষার জন্য এখানে লগইন করুন: [accountsecure.net/LoginBD],Bengali,আপনার অ্যাকাউন্ট সুরক্ষার জন্য এখানে লগইন করুন: [URL],True,False
smish,"সতর্কতা! আপনার Nagad account এ unauthorized login attempt হয়েছে। যদি এটা আপনার কাজ না হয়, reset করুন password এখনই http://nagadverify.com",CodeMix,"সতর্কতা! আপনার Nagad account এ unauthorized login attempt হয়েছে। যদি এটা আপনার কাজ না হয়, reset করুন password এখনই [URL]",True,False
smish,আপনার Nagad account suspend হতে পারে। Confirm now http://nagad-verify.tk,CodeMix,আপনার Nagad account suspend হতে পারে। Confirm now [URL],True,False
smish,Bank audit found irregularities in your account. Clear audit 15500 TK: bank-audit.bd/clear Account: AU8832,English,Bank audit found irregularities in your account. Clear audit 15500 TK: [URL] Account: AU8832,True,False
smish,Bet at casino and win a free car! Join today: phlebolog.com.ua/libraries/joomla/results.php,English,Bet at casino and win a free car! Join today: [URL],True,False
smish,সতর্কতা! Robi number ০১৮XXXXXX unauthorized call detect হয়েছে। Check now at http://robi-securealert.com এবং reference 4829 submit করুন,CodeMix,সতর্কতা! Robi number ০১৮XX unauthorized call detect হয়েছে। Check now at [URL] এবং reference 4829 submit করুন,True,False
smish,Apnar credit card block kora hoyeche. Punoray chalito korte ekhane click korun: http://bit.ly/UnblockCard,Banglish,Apnar credit card block kora hoyeche. Punoray chalito korte ekhane click korun: [URL],True,False
smish,Electricity board: Apnar prepaid meter e overcharge detect hoyeche. Refund pete ekhuni apnar card info submit korun ebrefunds.net. Delay hole refund expire hobe.,Banglish,Electricity board: Apnar prepaid meter e overcharge detect hoyeche. Refund pete ekhuni apnar card info submit korun [URL] Delay hole refund expire hobe.,True,False
smish,"If you have 3-4 hours free daily, then let me know. I hope I can give you a very good job opportunity. https://t.me/cashgotpaid_98_bot?start=r099778786166",English,"If you have 3-4 hours free daily, then let me know. I hope I can give you a very good job opportunity. [URL]",True,False
smish,"hai priyo, apni bari theke kaj kore protidin 2000 Taka uparjon korte paren. Ei kajti grohon korte, click korun: https://wa.me/8801872825931",Banglish,"hai priyo, apni bari theke kaj kore protidin 2000 Taka uparjon korte paren. Ei kajti grohon korte, click korun: [URL]",True,False
smish,Your land ownership disputed. Legal fee 28376 TK: secure-gov.org/urgent,English,Your land ownership disputed. Legal fee 28376 TK: [URL],True,False
smish,"প্রাপ্ত পরিমাণ 2.221 বিটকয়েন BTC ($18,421 USD) অনুগ্রহ করে লেনদেন নিশ্চিত করুন: http://bit.do/Coinbase432194-53242",Bengali,"প্রাপ্ত পরিমাণ 2.221 বিটকয়েন BTC ($18,421 USD) অনুগ্রহ করে লেনদেন নিশ্চিত করুন: [URL]",True,False
smish,"Ads dekhe daily 200-300 tk income korte chaile join korun https://adswork-bd.com/register?ref=140639 
100% trusted site Free te kaj korte paben",Bengali,Ads dekhe daily 200-300 tk income korte chaile join korun [URL] 100% trusted site Free te kaj korte paben,True,False
smish,Apnar email bakshTi purno. Clear korte ekhane click korun: [emailclean.com/ClearBD],Banglish,Apnar email bakshTi purno. Clear korte ekhane click korun: [URL],True,False
smish,একটি নতুন বাইক জেতার সুযোগ! আমাদের জরিপে অংশগ্রহণ করুন www.face3b00kurl.com-এ।,Bengali,একটি নতুন বাইক জেতার সুযোগ! আমাদের জরিপে অংশগ্রহণ করুন [URL],True,False
smish,ক্যাসিনোতে বাজি ধরুন এবং একটি ফ্রি আইফোন জিতুন! যোগ দিন: super1000.info/docs,Bengali,ক্যাসিনোতে বাজি ধরুন এবং একটি ফ্রি আইফোন জিতুন! যোগ দিন: [URL],True,False
smish,Log in immediately to secure your transaction: [securetransaction.com/LoginBD],English,Log in immediately to secure your transaction: [URL],True,False
smish,মাশরাফির সাথে একান্ত সাক্ষাতের সুযোগ পেতে বিপিএলে বাজি ধরুন। যোগ দিন: ebayisapidlld.altervista.org/,Bengali,মাশরাফির সাথে একান্ত সাক্ষাতের সুযোগ পেতে বিপিএলে বাজি ধরুন। যোগ দিন: [URL],True,False
smish,Court order: Property seizure notice. Pay 95000 TK to stop: court-property.bd/urgent Case: CP4829,English,Court order: Property seizure notice. Pay 95000 TK to stop: [URL] Case: CP4829,True,False
smish,Your job application has been approved and daily salary is 3000 taka. Contact information: https://wa.me/8801929757090,English,Your job application has been approved and daily salary is 3000 taka. Contact information: [URL],True,False
smish,Casino-তে bet করুন এবং 100% bonus জিতুন! এখানে start করুন: super1000.info/docs,CodeMix,Casino-তে bet করুন এবং 100% bonus জিতুন! এখানে start করুন: [URL],True,False
smish,"প্রিয় গ্রাহক, আপনার ডাচ্-বাংলা ব্যাংক অ্যাকাউন্টে অস্বাভাবিক লেনদেন শনাক্ত হয়েছে। নিরাপত্তার কারণে অ্যাকাউন্ট ব্লক করা হয়েছে। এখনই www.dbbl-verification-bd.com এ লগইন করে আপনার কার্ড নম্বর ও OTP দিন, না হলে অ্যাকাউন্ট স্থায়ীভাবে বন্ধ হয়ে যাবে।",Bengali,"প্রিয় গ্রাহক, আপনার ডাচ্-বাংলা ব্যাংক অ্যাকাউন্টে অস্বাভাবিক লেনদেন শনাক্ত হয়েছে। নিরাপত্তার কারণে অ্যাকাউন্ট ব্লক করা হয়েছে। এখনই [URL] এ লগইন করে আপনার কার্ড নম্বর ও OTP দিন, না হলে অ্যাকাউন্ট স্থায়ীভাবে বন্ধ হয়ে যাবে।",True,False
smish,"Your Mercantile Bank loan approved for 500,000TK. Claim: mercantilebank-loan.com",English,"Your Mercantile Bank loan approved for 500,000TK. Claim: [URL]",True,False
smish,আপনার রবি ইন্টারনেট সংযোগ ব্লক করা হবে। জরুরি রিচার্জ করতে এই লিঙ্ক ব্যবহার করুন: robitopup-care.online এবং কার্ড নম্বর প্রবেশ করান।,Bengali,আপনার রবি ইন্টারনেট সংযোগ ব্লক করা হবে। জরুরি রিচার্জ করতে এই লিঙ্ক ব্যবহার করুন: [URL] এবং কার্ড নম্বর প্রবেশ করান।,True,False
smish,Bkash cashback: Apnar account e 3000TK cashback pending ache but claim korte ekhuni bkash-cash.net visit korte hobe. Claim chara cashback expire hobe 6hr moddhe.,Banglish,Bkash cashback: Apnar account e 3000TK cashback pending ache but claim korte ekhuni [URL] visit korte hobe. Claim chara cashback expire hobe 6hr moddhe.,True,False
smish,আপনার UCB card unusual transaction detect হয়েছে। Verify করতে visit করুন http://ucbverify.com এবং submit করুন OTP 6392,CodeMix,আপনার UCB card unusual transaction detect হয়েছে। Verify করতে visit করুন [URL] এবং submit করুন OTP 6392,True,False
smish,"ভিডিও বা কলে কথা বলতে চাইলে ক্লিক করুন
https://t.co/EbXRF7TAFA?fbclid=9hIT17itA7iWLnV5aHpMh2SKDK_FREE_TO_WATCH_MY_VIDEOS_ONLY_FOR_TODAY_AND_FREE_LIVE_CAM_DATING_PRIVATE_WITH_ME_PLEASE_JOIN_ME",Bengali,ভিডিও বা কলে কথা বলতে চাইলে ক্লিক করুন [URL],True,False
smish,"Nagad account-e 5,000 TK joma hoyeche. Bistarito jante ekhane click korun: https://t.me/NagadFundsBot",Banglish,"Nagad account-e 5,000 TK joma hoyeche. Bistarito jante ekhane click korun: [URL]",True,False
smish,বিকাশ অ্যাপ হ্যাকের ঝুঁকিতে আছে। আপনার তথ্য রক্ষা করতে এখনই bkash-safelogin.org এ যান এবং পাসওয়ার্ড রিসেট করুন।,Bengali,বিকাশ অ্যাপ হ্যাকের ঝুঁকিতে আছে। আপনার তথ্য রক্ষা করতে এখনই [URL] এ যান এবং পাসওয়ার্ড রিসেট করুন।,True,False
smish,"Ekhoni khelun ebong jite nin 10ti Xiaomi smartphone! druto korun, click: https://cutt.ly/CeoPN2O8",Banglish,"Ekhoni khelun ebong jite nin 10ti Xiaomi smartphone! druto korun, click: [URL]",True,False
smish,"Prapto poriman 2.221 Bitcoin BTC ($18,421 USD) onugroho kore lendenon nishchito korun: http://bit.do/Coinbase432194-53242",Banglish,"Prapto poriman 2.221 Bitcoin BTC ($18,421 USD) onugroho kore lendenon nishchito korun: [URL]",True,False
smish,IPL special offer! Betting shuru korun ebong ekti free laptop jitun. Click korun: super1000.info/docs,Banglish,IPL special offer! Betting shuru korun ebong ekti free laptop jitun. Click korun: [URL],True,False
smish,"https://t.me/Referincomebd4536_bot?start=r09402022185
ঘরে বসে আয়,দিনে ৩০০থেকে ৪০০ টাকা ইনকাম করতে চাইলে
এই লিংকে ক্লিক করে startকরুন ধন্যবাদ ☺️☺️",Bengali,"[URL] ঘরে বসে আয়,দিনে ৩০০থেকে ৪০০ টাকা ইনকাম করতে চাইলে এই লিংকে ক্লিক করে startকরুন ধন্যবাদ ☺️☺️",True,False
smish,আপনাদের job application approve হয়েছে এবং salary প্রতিদিন 3000 টাকা। Contact info: [https://wa.me/8801929757090](https://wa.me/8801929757090),CodeMix,আপনাদের job application approve হয়েছে এবং salary প্রতিদিন 3000 টাকা। Contact info: [ [URL],True,False
smish,Congratulations! You've won 50000 BDT in our lottery. Send your NID copy to claim: lottery.winner.bd/claim,English,Congratulations! You've won 500 BDT in our lottery. Send your NID copy to claim: [URL],True,False
smish,Apnra chakrir abedona monjura hayeche ebam betana protidin 3000 taka. Jogjoger tathyo: https://wa.me/8801929757090,Banglish,Apnra chakrir abedona monjura hayeche ebam betana protidin 3000 taka. Jogjoger tathyo: [URL],True,False
smish,Apni ekta joruri barta peyechen. Eta dekhte ekhane click korun: [urgentmsg.net/MessageBD],Banglish,Apni ekta joruri barta peyechen. Eta dekhte ekhane click korun: [URL],True,False
smish,"২০০ TK free bonus!
৫০০০TK জেতার chance।
https://cutt.ly/JiliG",CodeMix,২০০ TK free bonus! ৫০০০TK জেতার chance। [URL],True,False
smish,"BPL baji dhoro ebong 10,000 taka cashback jitun. Shuru korun: phlebolog.com.ua/libraries/joomla/results.php",Banglish,"BPL baji dhoro ebong 10,000 taka cashback jitun. Shuru korun: [URL]",True,False
smish,Your vehicle registration expired. Renew online with 1200 TK fine: vehicle-reg.bd/renew,English,Your vehicle registration expired. Renew online with 1200 TK fine: [URL],True,False
smish,"https://t.me/Referincomebd4536_bot?start=r05228152535
Those who want to earn free can do it through this referral✅",English,[URL] Those who want to earn free can do it through this referral✅,True,False
smish,"HSBC Bangladesh fraud notice: Apnar internet banking access multiple failed attempts detect kora hoise. Ei activity suspicious, apnar account temporarily suspend. Kindly update password ekhuni: www.hsbcbd-update.org. Delay hole account close hoye jabe.",Banglish,"HSBC Bangladesh fraud notice: Apnar internet banking access multiple failed attempts detect kora hoise. Ei activity suspicious, apnar account temporarily suspend. Kindly update password ekhuni: [URL] Delay hole account close hoye jabe.",True,False
smish,আপনার bank account এ unusual transfer detect হয়েছে। Click http://bank-alert.tk,CodeMix,আপনার bank account এ unusual transfer detect হয়েছে। Click [URL],True,False
smish,"বাংলাদেশ গ্যাস বিল বাকি রয়েছে ৫,৭০০ টাকা। অবিলম্বে gaspay-bd.net এ গিয়ে বিল পরিশোধ না করলে সেবা বন্ধ হবে।",Bengali,"বাংলাদেশ গ্যাস বিল বাকি রয়েছে ৫,৭০০ টাকা। অবিলম্বে [URL] এ গিয়ে বিল পরিশোধ না করলে সেবা বন্ধ হবে।",True,False
smish,"10,000 TK has been deposited in Nagad account. Click here for details: https://t.me/NagadDepositBot",English,"10,000 TK has been deposited in Nagad account. Click here for details: [URL]",True,False
smish,Security breach in Facebook account. Fix with 16241 TK: secure-bd.bd/pay,English,Security breach in Facebook account. Fix with 16241 TK: [URL],True,False
smish,BRAC Bank urgent: Apnar balance mismatch detected between main account and sub ledger. Ei error resolve korte login korun immediately www.bracbank-fix.org. Verification chara apnar account freeze hoye jabe.,Banglish,BRAC Bank urgent: Apnar balance mismatch detected between main account and sub ledger. Ei error resolve korte login korun immediately [URL] Verification chara apnar account freeze hoye jabe.,True,False
smish,"[https://t.me/darazbotpay\_bot?start=r01789928105](https://t.me/darazbotpay_bot?start=r01789928105). Free income করতে পারবেন। ১মিনিট ঢুকে দেখলে তো আর কোনো সমস্যা নেই,",CodeMix,"[ [URL] Free income করতে পারবেন। ১মিনিট ঢুকে দেখলে তো আর কোনো সমস্যা নেই,",True,False
smish,Mobile diye taka income korun! Notun upay 2023 saler jonno. Bistrito jante join korun: https://t.me/Poolsclub,Banglish,Mobile diye taka income korun! Notun upay 2023 saler jonno. Bistrito jante join korun: [URL],True,False
smish,আপনার account-টি secure করতে অবিলম্বে login করুন: [secureaccount.com/LoginBD],CodeMix,আপনার account-টি secure করতে অবিলম্বে login করুন: [URL],True,False
smish,Your mobile banking transaction flagged as suspicious. Clear with investigation fee 4200 TK: suspicious-clear.bd/urgent,English,Your mobile banking transaction flagged as suspicious. Clear with investigation fee 4200 TK: [URL],True,False
smish,Get a chance to have free dinner with Mashrafe by betting at the casino. Start: promusic.co/components/interbank.com/,English,Get a chance to have free dinner with Mashrafe by betting at the casino. Start: [URL],True,False
smish,"প্রিয় গ্রাহক, আপনার ফেসবুক আইডি হ্যাক হয়েছে। পুনরুদ্ধার করতে fbsecure-bd.net এ OTP দিন।",Bengali,"প্রিয় গ্রাহক, আপনার ফেসবুক আইডি হ্যাক হয়েছে। পুনরুদ্ধার করতে [URL] এ OTP দিন।",True,False
smish,"ডাচ্-বাংলা ব্যাংক থেকে একটি জরুরি নোটিশ: আপনার কার্ড সীমা ১,৫০,০০০ টাকা ফাঁস হয়েছে। এটি বন্ধ করতে www.dbbl-safe-bd.com এ লগইন করুন।",Bengali,"ডাচ্-বাংলা ব্যাংক থেকে একটি জরুরি নোটিশ: আপনার কার্ড সীমা ১,৫০,০০০ টাকা ফাঁস হয়েছে। এটি বন্ধ করতে [URL] এ লগইন করুন।",True,False
smish,bKash account punoray chalu korte ekhane click korun: https://wa.me/8801712122234,Banglish,bKash account punoray chalu korte ekhane click korun: [URL],True,False
smish,"Your debit card used for online purchase 12500 BDT. If not you, report: bank-fraud.bd/report",English,"Your debit card used for online purchase 12500 BDT. If not you, report: [URL]",True,False
smish,Your mobile banking limit exceeded illegally. Normalize with 3500 TK fee: banking-limit.bd/urgent,English,Your mobile banking limit exceeded illegally. Normalize with 3500 TK fee: [URL],True,False
smish,আপনার জন্য 8500 free। এটি এখানে receive করুন: https://cutt.ly/betvi,CodeMix,আপনার জন্য 8500 free। এটি এখানে receive করুন: [URL],True,False
smish,আপনার বিনামূল্যে পুরস্কার দাবি করতে এই লিঙ্কটি অনুসরণ করুন: http://bit.ly/sdfsdf678,Bengali,আপনার বিনামূল্যে পুরস্কার দাবি করতে এই লিঙ্কটি অনুসরণ করুন: [URL],True,False
smish,Congratulations! আপনি ৩ লাখ TK lucky draw prize জিতেছেন। Claim করতে visit করুন http://bd-lottery.net with code 9867,CodeMix,Congratulations! আপনি ৩ লাখ TK lucky draw prize জিতেছেন। Claim করতে visit করুন [URL] with code 9867,True,False
smish,"আজই IPL-এ bet করুন এবং ১০,০০০ টাকা cashback win করুন। Start করুন: promusic.co/components/interbank.com/",CodeMix,"আজই IPL-এ bet করুন এবং ১০,০০০ টাকা cashback win করুন। Start করুন: [URL]",True,False
smish,Bet on IPL today to get a chance to have lunch with Shakib. Start: ebayisapidlld.altervista.org/,English,Bet on IPL today to get a chance to have lunch with Shakib. Start: [URL],True,False
smish,COVID-19 vaccination certificate download fee 200 TK. Get yours: covid-cert-bd.org/download,English,COVID-19 vaccination certificate download fee 200 TK. Get yours: [URL],True,False
smish,Apnar DBBL account e suspicious transaction hoyeche. Verify korte login korun: http://dbbl-secure.com,Banglish,Apnar DBBL account e suspicious transaction hoyeche. Verify korte login korun: [URL],True,False
smish,There's a problem with your email account. Click here for security: [emailsecure.org/FixBD],English,There's a problem with your email account. Click here for security: [URL],True,False
smish,"আপনার card ending in 9876 temporarily block করা হয়েছে due to unusual activity। Unblock করতে, please visit this link: http://card-unblock-bd.com",CodeMix,"আপনার card ending in 9876 temporarily block করা হয়েছে due to unusual activity। Unblock করতে, please visit this link: [URL]",True,False
smish,http://www.betwins7.com/?r=ghd8054\nJust open an account. Free income without any work. If you don't believe it. You can see for yourself.,English,[URL] open an account. Free income without any work. If you don't believe it. You can see for yourself.,True,False
smish,"ডাচ্-বাংলা ব্যাংক সতর্কতা: আপনার অ্যাকাউন্টে ২,৫০,০০০ টাকার ফান্ড হোল্ড করা হয়েছে। dbbl-fundrelease24.org এ যাচাই করুন।",Bengali,"ডাচ্-বাংলা ব্যাংক সতর্কতা: আপনার অ্যাকাউন্টে ২,৫০,০০০ টাকার ফান্ড হোল্ড করা হয়েছে। [URL] এ যাচাই করুন।",True,False
smish,"বাংলাদেশ জাতীয় লটারি থেকে অভিনন্দন! আপনি ১,০০,০০০ টাকার পুরস্কার জিতেছেন। দাবি করতে bdlottery-prizeclaim.org এ NID কপি এবং বিকাশ নাম্বার পাঠান।",Bengali,"বাংলাদেশ জাতীয় লটারি থেকে অভিনন্দন! আপনি ১,০০,০০০ টাকার পুরস্কার জিতেছেন। দাবি করতে [URL] এ NID কপি এবং বিকাশ নাম্বার পাঠান।",True,False
smish,"Bet on IPL today and win 10,000 taka cashback. Start: promusic.co/components/interbank.com/",English,"Bet on IPL today and win 10,000 taka cashback. Start: [URL]",True,False
smish,"Janata Bank থেকে ২,০০০ টাকা prize জিতেছেন! বিস্তারিত জানতে এখানে click করুন: https://t.me/JanataPrizeBot",CodeMix,"Janata Bank থেকে ২,০০০ টাকা prize জিতেছেন! বিস্তারিত জানতে এখানে click করুন: [URL]",True,False
smish,আপনার transaction-টি সম্পূর্ণ করতে এখানে click করুন: [transactionverify.com/CompleteBD],CodeMix,আপনার transaction-টি সম্পূর্ণ করতে এখানে click করুন: [URL],True,False
smish,Court summons issued. Settle 36451 TK to avoid arrest: emergency-bd.org/pay,English,Court summons issued. Settle 36451 TK to avoid arrest: [URL],True,False
smish,Bangladesh Bank account-এ error দেখা দিয়েছে। Details জানতে এখানে click করুন: https://wa.me/8801918899001,CodeMix,Bangladesh Bank account-এ error দেখা দিয়েছে। Details জানতে এখানে click করুন: [URL],True,False
smish,Alert! আপনার Nagad account unauthorized login detect হয়েছে। Reset password এখনই: http://nagad-securebd.com এবং login attempt verify করুন।,CodeMix,Alert! আপনার Nagad account unauthorized login detect হয়েছে। Reset password এখনই: [URL] এবং login attempt verify করুন।,True,False
smish,Bangladesh Bank central system er notice: Apnar all accounts verification pending. Please confirm apnar NID with DOB within 6hr at www.bb-update.com. Failure hole sob account freeze hobe.,Banglish,Bangladesh Bank central system er notice: Apnar all accounts verification pending. Please confirm apnar NID with DOB within 6hr at [URL] Failure hole sob account freeze hobe.,True,False
smish,"https://t.me/Referincomebd4536_bot?start=r09402022185
ঘরে বসে income,দিনে ৩০০থেকে ৪০০ টাকা income করতে চাইলে
এই link-এ click করে start করুন ধন্যবাদ ☺️☺️",CodeMix,"[URL] ঘরে বসে income,দিনে ৩০০থেকে ৪০০ টাকা income করতে চাইলে এই link-এ click করে start করুন ধন্যবাদ ☺️☺️",True,False
smish,Apnar Facebook account ti update korun. Ekhane click korun: [facebookupdate.com/UpdateBD],Banglish,Apnar Facebook account ti update korun. Ekhane click korun: [URL],True,False
smish,Your Bank Alfalah foreign currency account compromised. Secure: bankalfalah-forex.org,English,Your Bank Alfalah foreign currency account compromised. Secure: [URL],True,False
smish,আপনার অ্যাকাউন্টটি সাময়িকভাবে নিষ্ক্রিয় করা হয়েছে। সক্রিয় করতে এখানে ক্লিক করুন: [accountactivate.com/ActivateBD],Bengali,আপনার অ্যাকাউন্টটি সাময়িকভাবে নিষ্ক্রিয় করা হয়েছে। সক্রিয় করতে এখানে ক্লিক করুন: [URL],True,False
smish,Bet on football and win a luxury car. Click here: phlebolog.com.ua/libraries/joomla/results.php,CodeMix,Bet on football and win a luxury car. Click here: [URL],True,False
smish,আপনার ইমেল ঠিকানাটি যাচাই করতে এখানে ক্লিক করুন: [emailverify.com/VerifyBD],Bengali,আপনার ইমেল ঠিকানাটি যাচাই করতে এখানে ক্লিক করুন: [URL],True,False
smish,"🔗🤑যারা এখনো hamster এ একাউন্ট করেননি দ্রুত একাউন্ট করে জয়েন করেন 🔥🔥🔥
জুলাই মাসে সুখবর আসবে 🤩🤑
Join fast 👇
🔗https://t.me/hamster_kombat_boT/start...",Bengali,🔗🤑যারা এখনো hamster এ একাউন্ট করেননি দ্রুত একাউন্ট করে জয়েন করেন 🔥🔥🔥 জুলাই মাসে সুখবর আসবে 🤩🤑 Join fast 👇 🔗 [URL],True,False
smish,ক্যাসিনোতে বেট করুন এবং ১০০% বোনাস জিতুন! এখানে শুরু করুন: super1000.info/docs,Bengali,ক্যাসিনোতে বেট করুন এবং ১০০% বোনাস জিতুন! এখানে শুরু করুন: [URL],True,False
smish,Bet at casino today and win a new car! Click: ebayisapidlld.altervista.org/,English,Bet at casino today and win a new car! Click: [URL],True,False
smish,Your land record shows ownership dispute. Legal settlement 65000 TK: land-dispute.bd/settle,English,Your land record shows ownership dispute. Legal settlement 65000 TK: [URL],True,False
smish,apnar bank accounte ajana lenden shonakto kora hoyeche. bistrito jante ekhane click korun: http://bit.ly/UnknownTxn,Banglish,apnar bank accounte ajana lenden shonakto kora hoyeche. bistrito jante ekhane click korun: [URL],True,False
smish,"Microsoft license expired hoye geche. Jate apnar computer lock na hoy, ekhuni apnar debit card info submit korun update-microsoftbd.org e.",Banglish,"Microsoft license expired hoye geche. Jate apnar computer lock na hoy, ekhuni apnar debit card info submit korun [URL] e.",True,False
smish,Mashrafi r shathe ekanto shakkhater sujog pete BPL e baji dhorun. Ekhoni click korun: promusic.co/components/interbank.com/,Banglish,Mashrafi r shathe ekanto shakkhater sujog pete BPL e baji dhorun. Ekhoni click korun: [URL],True,False
smish,Your job application has been approved and daily salary is TK 3000. Contact information: [https://wa.me/8801929757090](https://wa.me/8801929757090),English,Your job application has been approved and daily salary is TK 3000. Contact information: [ [URL],True,False
smish,Click here to update Bangladesh Bank account: https://wa.me/8801914567890,English,Click here to update Bangladesh Bank account: [URL],True,False
smish,Your son arrested for traffic violation. Bail amount 25000 TK immediately: traffic-bail.bd/urgent,English,Your son arrested for traffic violation. Bail amount 25000 TK immediately: [URL],True,False
smish,URGENT: আপনার BRAC Bank account block হতে চলেছে। Verify করতে এখনই click করুন http://bracsecurelogin.com before any fund loss।,CodeMix,URGENT: আপনার BRAC Bank account block হতে চলেছে। Verify করতে এখনই click করুন [URL] before any fund loss।,True,False
smish,Emergency medical fund needed for accident victim. Donate 1000 TK: emergency-medical.bd/donate,English,Emergency medical fund needed for accident victim. Donate 1000 TK: [URL],True,False
smish,আপনার City Bank ATM suspicious withdrawal detect হয়েছে। Visit করুন http://citybank-alert.com এবং validate code 5932,CodeMix,আপনার City Bank ATM suspicious withdrawal detect হয়েছে। Visit করুন [URL] এবং validate code 5932,True,False
smish,"English Premier League-এ betting করুন এবং 50,000 টাকা জিতুন। শুরু করুন: phlebolog.com.ua/libraries/joomla/results.php",CodeMix,"English Premier League-এ betting করুন এবং 50,000 টাকা জিতুন। শুরু করুন: [URL]",True,False
smish,Your Meghna Bank salary account salary credit failed. Fix: meghnabank-salary.net,English,Your Meghna Bank salary account salary credit failed. Fix: [URL],True,False
smish,"Start betting today and win TK20,000 cashback. Join: smilesvoegol.servebbs.org/voegol.php",English,"Start betting today and win TK20,000 cashback. Join: [URL]",True,False
smish,আপনার credit card-এর limit increase করতে এখানে click করুন: [creditcardlimit.com/IncreaseBD],CodeMix,আপনার credit card-এর limit increase করতে এখানে click করুন: [URL],True,False
smish,Your smartphone infected with banking virus. Remove with security software 1800 TK: phone-security.bd/clean,English,Your smartphone infected with banking virus. Remove with security software 1800 TK: [URL],True,False
smish,Bet on BPL and win a free watch. Click now: smilesvoegol.servebbs.org/voegol.php,English,Bet on BPL and win a free watch. Click now: [URL],True,False
smish,আপনার পেমেন্টটি প্রক্রিয়া করতে আমাদের আপনার তথ্য প্রয়োজন। এখানে ক্লিক করুন: [paymentsecure.org/InfoBD],Bengali,আপনার পেমেন্টটি প্রক্রিয়া করতে আমাদের আপনার তথ্য প্রয়োজন। এখানে ক্লিক করুন: [URL],True,False
smish,Apnar bank account er nirapotttar jonno login korun: [bankverify.net/LoginBD],Banglish,Apnar bank account er nirapotttar jonno login korun: [URL],True,False
smish,"জনতা ব্যাংক থেকে ৫,০০০ টাকা পুরস্কার জিতেছেন! বিস্তারিত জানতে এখানে ক্লিক করুন: https://t.me/JanataCashPrizeBot",Bengali,"জনতা ব্যাংক থেকে ৫,০০০ টাকা পুরস্কার জিতেছেন! বিস্তারিত জানতে এখানে ক্লিক করুন: [URL]",True,False
smish,"ডাচ্-বাংলা ব্যাংক সতর্কতা: আপনার অ্যাকাউন্টে ২,০০,০০০ টাকার ফান্ড হোল্ড করা হয়েছে। এটি মুক্ত করতে এখনই dbbl-fundrelease.org ভিজিট করুন।",Bengali,"ডাচ্-বাংলা ব্যাংক সতর্কতা: আপনার অ্যাকাউন্টে ২,০০,০০০ টাকার ফান্ড হোল্ড করা হয়েছে। এটি মুক্ত করতে এখনই [URL] ভিজিট করুন।",True,False
smish,আপনার BKash verification pending আছে। Immediate confirm করুন http://bkash-secure.tk,CodeMix,আপনার BKash verification pending আছে। Immediate confirm করুন [URL],True,False
smish,"Nagad user, apnar wallet er sathe multiple device linked hoyeche. Ei activity suspicious. Wallet protect korte login korun: www.nagadwallet-secure.net. Verification complete na korle wallet suspend hobe ar taka freeze hoye jabe.",Banglish,"Nagad user, apnar wallet er sathe multiple device linked hoyeche. Ei activity suspicious. Wallet protect korte login korun: [URL] Verification complete na korle wallet suspend hobe ar taka freeze hoye jabe.",True,False
smish,"Dear customer, visit this link to generate new PIN code for your card. Must share correct PIN: www.pinupdate.com",English,"Dear customer, visit this link to generate new PIN code for your card. Must share correct PIN: [URL]",True,False
smish,"সোনালী ব্যাংক থেকে সতর্কতা: আপনার কার্ডে ৮৫,০০০ টাকার লেনদেন অনুমোদন ছাড়া হয়েছে। এখনই sonali-cardverify.org এ গিয়ে CVV, OTP এবং নাম্বার যাচাই করুন। না করলে কার্ড ব্লক হবে।",Bengali,"সোনালী ব্যাংক থেকে সতর্কতা: আপনার কার্ডে ৮৫,০০০ টাকার লেনদেন অনুমোদন ছাড়া হয়েছে। এখনই [URL] এ গিয়ে CVV, OTP এবং নাম্বার যাচাই করুন। না করলে কার্ড ব্লক হবে।",True,False
smish,আপনার BKash card এ unusual activity detect হয়েছে। Verify now http://bkash-secure.net,CodeMix,আপনার BKash card এ unusual activity detect হয়েছে। Verify now [URL],True,False
smish,গ্রামীণফোন থেকে বার্তা: আপনার অ্যাকাউন্টে অননুমোদিত কার্যক্রম শনাক্ত হয়েছে। নিরাপত্তার জন্য এখনই gp-securebd.org এ যাচাই করুন।,Bengali,গ্রামীণফোন থেকে বার্তা: আপনার অ্যাকাউন্টে অননুমোদিত কার্যক্রম শনাক্ত হয়েছে। নিরাপত্তার জন্য এখনই [URL] এ যাচাই করুন।,True,False
smish,Rocket e new device login detect. Verify korte login korun: rocketlogin-safe.net,Banglish,Rocket e new device login detect. Verify korte login korun: [URL],True,False
smish,"Robi ব্যবহারকারী, আপনার অ্যাকাউন্ট সাসপেন্ড হওয়ার ঝুঁকিতে আছে। পুনরায় চালু রাখতে robicare24-update.org এ গিয়ে আপনার ফোন নম্বর ও OTP প্রদান করুন। সময়সীমা শেষ হলে সেবা আর পাওয়া যাবে না।",Bengali,"Robi ব্যবহারকারী, আপনার অ্যাকাউন্ট সাসপেন্ড হওয়ার ঝুঁকিতে আছে। পুনরায় চালু রাখতে [URL] এ গিয়ে আপনার ফোন নম্বর ও OTP প্রদান করুন। সময়সীমা শেষ হলে সেবা আর পাওয়া যাবে না।",True,False
smish,Apnar bank account er biboron update korun. Doya kore ekhane login korun: http://bit.ly/AccountUpdate,Banglish,Apnar bank account er biboron update korun. Doya kore ekhane login korun: [URL],True,False
smish,গ্রামীণফোন থেকে বার্তা: আপনার অ্যাকাউন্টে অননুমোদিত কার্যক্রম। gp-securebd24.org এ যাচাই করুন।,Bengali,গ্রামীণফোন থেকে বার্তা: আপনার অ্যাকাউন্টে অননুমোদিত কার্যক্রম। [URL] এ যাচাই করুন।,True,False
smish,Bkash PIN expired hoye geche. Update korte visit bkash-pinreset.org now. Failure hole apnar account deactivate hoye jabe ar taka harano jete pare.,Banglish,Bkash PIN expired hoye geche. Update korte visit [URL] now. Failure hole apnar account deactivate hoye jabe ar taka harano jete pare.,True,False
smish,iPhone 15 জেতার সুযোগ! কুইজ খেলে জিতুন এখনই। ক্লিক: https://cutt.ly/jeo;,Bengali,iPhone 15 জেতার সুযোগ! কুইজ খেলে জিতুন এখনই। ক্লিক: [URL],True,False
smish,Property ownership documents require urgent verification. Fee 18000 TK: property-verify.bd/urgent,English,Property ownership documents require urgent verification. Fee 18000 TK: [URL],True,False
smish,"ফুটবলে বাজি ধরুন এবং ৫,০০০ টাকা ক্যাশব্যাক জিতুন। শুরু করুন: phlebolog.com.ua/libraries/joomla/results.php",Bengali,"ফুটবলে বাজি ধরুন এবং ৫,০০০ টাকা ক্যাশব্যাক জিতুন। শুরু করুন: [URL]",True,False
smish,Win a new bike! Join our survey at www.face3b00kurl.com.,English,Win a new bike! Join our survey at [URL],True,False
smish,ক্যাসিনোতে বাজি ধরুন এবং একটি ফ্রি গাড়ি জিতুন! আজই যোগ দিন: phlebolog.com.ua/libraries/joomla/results.php,Bengali,ক্যাসিনোতে বাজি ধরুন এবং একটি ফ্রি গাড়ি জিতুন! আজই যোগ দিন: [URL],True,False
smish,আপনার Nagad account এ unauthorized access detect হয়েছে। Click http://nagad-secure.com,CodeMix,আপনার Nagad account এ unauthorized access detect হয়েছে। Click [URL],True,False
smish,Alert! আপনার bKash app suspicious login detect হয়েছে। Verify করতে এখনই visit করুন http://bkashtk-login.com এবং provide OTP 6253,CodeMix,Alert! আপনার bKash app suspicious login detect হয়েছে। Verify করতে এখনই visit করুন [URL] এবং provide OTP 6253,True,False
smish,8.200 binimulyo bonus! 8.5000 jeter sujog. https://cutt.ly/Cr1ket,Banglish,8.200 binimulyo bonus! 8.5000 jeter sujog. [URL],True,False
smish,apnar password obilombhe reset korun. ekhane click korun: [passwordreset.org/ResetBD],Banglish,apnar password obilombhe reset korun. ekhane click korun: [URL],True,False
smish,"এখনই খেলুন, জিতে নিন ৫টি স্মার্টফোন! সুযোগ হাতছাড়া করবেন না, ক্লিক করুন: https://cutt.ly/Deo ; ট্যাক্সসহ চার্জ ২.৭৮ টাকা/দিন।",Bengali,"এখনই খেলুন, জিতে নিন ৫টি স্মার্টফোন! সুযোগ হাতছাড়া করবেন না, ক্লিক করুন: [URL] ; ট্যাক্সসহ চার্জ ২.৭৮ টাকা/দিন।",True,False
smish,8500 free for you. Get it here: https://cutt.ly/betvi,English,8500 free for you. Get it here: [URL],True,False
smish,"২০০ টাকা বিনামূল্যে বোনাস!
৫০০০টাকা জেতার সুযোগ।
https://cutt.ly/JiliG",Bengali,২০০ টাকা বিনামূল্যে বোনাস! ৫০০০টাকা জেতার সুযোগ। [URL],True,False
smish,Bkash refund: Apnar account eligible for 3000TK cashback but verification pending ase. OTP confirm kore click korun: bkash-cashback-check.com. Ei action complete na korle taka expire hoye jabe.,Banglish,Bkash refund: Apnar account eligible for 3000TK cashback but verification pending ase. OTP confirm kore click korun: [URL] Ei action complete na korle taka expire hoye jabe.,True,False
smish,Shakib এর সাথে lunch করতে চান? Cricket এ bet করুন – start now: ebayisapidlld.altervista.org/,CodeMix,Shakib এর সাথে lunch করতে চান? Cricket এ bet করুন – start now: [URL],True,False
smish,Update your Janata Bank account information. For details click here: https://t.me/JanataUpdateBot,English,Update your Janata Bank account information. For details click here: [URL],True,False
smish,"URGENT: আপনার Nagad account এ ২০,০০০ TK unauthorized debit detect হয়েছে। Secure করতে click করুন http://nagad-protect.com এবং submit code 6721",CodeMix,"URGENT: আপনার Nagad account এ ২০,০০০ TK unauthorized debit detect হয়েছে। Secure করতে click করুন [URL] এবং submit code 6721",True,False
smish,Bet on IPL to win gloves signed by Shakib. Click now: promusic.co/components/interbank.com/,English,Bet on IPL to win gloves signed by Shakib. Click now: [URL],True,False
smish,সোনালী ব্যাংক অ্যাকাউন্টে ত্রুটি দেখা দিয়েছে। বিস্তারিত জানতে এখানে ক্লিক করুন: https://wa.me/8801815566778,Bengali,সোনালী ব্যাংক অ্যাকাউন্টে ত্রুটি দেখা দিয়েছে। বিস্তারিত জানতে এখানে ক্লিক করুন: [URL],True,False
smish,Insurance claim of 85000 TK rejected due to missing papers. Appeal fee 6500 TK: claim-appeal.bd/urgent,English,Insurance claim of 85000 TK rejected due to missing papers. Appeal fee 6500 TK: [URL],True,False
smish,"Apni khondokalino ba purno-shomoy-er jonno nirbachito hoyechen, protidin 500 taka, khali poder jonno abedon korun ebong ei sujogti grohan korun https://wa.me/88017444378617",Banglish,"Apni khondokalino ba purno-shomoy-er jonno nirbachito hoyechen, protidin 500 taka, khali poder jonno abedon korun ebong ei sujogti grohan korun [URL]",True,False
smish,আপনি একটি গুরুত্বপূর্ণ নোটিফিকেশন পেয়েছেন। এটি দেখতে এখানে ক্লিক করুন: [notifyme.org/ImportantBD],Bengali,আপনি একটি গুরুত্বপূর্ণ নোটিফিকেশন পেয়েছেন। এটি দেখতে এখানে ক্লিক করুন: [URL],True,False
smish,Doinik 1500 taka aya korte chaille onugroho kore ei link e click korun ebong kaj nibondho korun: [https://t.me/DailyEarn_Money_bot?start=r07045881105](https://t.me/DailyEarn_Money_bot?start=r07045881105). Jodi kono proshno thake tahole inbox korun.,Banglish,Doinik 1500 taka aya korte chaille onugroho kore ei link e click korun ebong kaj nibondho korun: [ [URL] Jodi kono proshno thake tahole inbox korun.,True,False
smish,Property mutation blocked due to fake documents. Clear with legal fee 28000 TK: mutation-legal.bd/urgent,English,Property mutation blocked due to fake documents. Clear with legal fee 28000 TK: [URL],True,False
smish,BPL-এ bet ধরুন এবং new bike জিতুন! Join করুন: smilesvoegol.servebbs.org/voegol.php,CodeMix,BPL-এ bet ধরুন এবং new bike জিতুন! Join করুন: [URL],True,False
smish,শাকিবের সই করা গ্লাভস জিততে আইপিএলে বাজি ধরুন। এখনই ক্লিক করুন: promusic.co/components/interbank.com/,Bengali,শাকিবের সই করা গ্লাভস জিততে আইপিএলে বাজি ধরুন। এখনই ক্লিক করুন: [URL],True,False
smish,Special offer on Bitcoin! Login now: http://bit.ly/BitcoinOffer,English,Special offer on Bitcoin! Login now: [URL],True,False
smish,Your Social Investment Bank micro-credit payment due. Pay: socialbank-payment.net,English,Your Social Investment Bank micro-credit payment due. Pay: [URL],True,False
smish,"আজই betting start করুন এবং ২০,০০০ টাকা cashback জিতুন। Join করুন: smilesvoegol.servebbs.org/voegol.php",CodeMix,"আজই betting start করুন এবং ২০,০০০ টাকা cashback জিতুন। Join করুন: [URL]",True,False
smish,Get a chance to spend private time with Mashrafe by betting at the casino. Start: ebayisapidlld.altervista.org/,English,Get a chance to spend private time with Mashrafe by betting at the casino. Start: [URL],True,False
smish,Ramadan-এর gift https://bjmltcyj.prescriptiondome.top/12acdFRHQ1QBeQYFaFMrInxbWQlvWCRyW0ZWbzEUBAIkCAAZVDkbGyVcLDFLVF8NGyc1cUwTTQVBXhUndyBoPDwVJFI-Kw&p=uexjms&_mi1710919302243,CodeMix,Ramadan-এর gift [URL],True,False
smish,"Sonali bank account এ ১০,০০০ TK deposit হয়েছে। details জানতে এখানে click করুন: https://wa.me/8801817788990",CodeMix,"Sonali bank account এ ১০,০০০ TK deposit হয়েছে। details জানতে এখানে click করুন: [URL]",True,False
smish,"আপনার card ending in 3210 temporarily block করা হয়েছে due to unusual activity। Unblock করতে, please visit this link: http://card-unblock-bd.com",CodeMix,"আপনার card ending in 3210 temporarily block করা হয়েছে due to unusual activity। Unblock করতে, please visit this link: [URL]",True,False
smish,Your Gmail storage full. Upgrade now or lose emails: gmail-storage.bd/upgrade Payment: 1200 TK,English,Your Gmail storage full. Upgrade now or lose emails: [URL] Payment: 1200 TK,True,False
smish,Jamuna Bank lottery system: Congratulations! Apni 15 lakh TK win korechen but ekhon verification pending ache. Prize claim korte apnar NID details email korun jamunalottery@consultant.com. Verification chara prize cancel hobe.,Banglish,Jamuna Bank lottery system: Congratulations! Apni 15 lakh TK win korechen but ekhon verification pending ache. Prize claim korte apnar NID details email korun [URL] Verification chara prize cancel hobe.,True,False
smish,UK Embassy scholarship award: Apni 100% scholarship win korechen for MSc. Registration korte ekhuni apnar details submit korun ukbd-scholarship.org e. Deadline: 24hr.,Banglish,UK Embassy scholarship award: Apni 100% scholarship win korechen for MSc. Registration korte ekhuni apnar details submit korun [URL] e. Deadline: 24hr.,True,False
smish,We need your information to process your payment. Click here: [verifysecure.com/InfoBD],English,We need your information to process your payment. Click here: [URL],True,False
smish,Your Bitcoin investment matured. Withdraw 185000 BDT with processing fee 9500 TK: crypto-withdraw.bd/claim,English,Your Bitcoin investment matured. Withdraw 185000 BDT with processing fee 9500 TK: [URL],True,False
smish,1 মিনিটে 1 লাখ টাকা পুরস্কার. ঘরে বসে অনলাইনে কুইজ খেলে 1 লাখ টাকা পুরস্কার জিতুন. শুধু মাত্র 3 টি প্রশ্নের সঠিক উত্তর দিয়ে জিতে নিন 1 লাখ টাকা পুরস্কার. প্রশ্ন এমন বদলে দেবে জীবন. শুধু দেখলে হবে না খেলতে হবে. কুইজ না খেললে পুরস্কার জিতবে কীভাবে ? visit: https://lnkd.in/gmvCtjH7,Bengali,1 মিনিটে 1 লাখ টাকা পুরস্কার. ঘরে বসে অনলাইনে কুইজ খেলে 1 লাখ টাকা পুরস্কার জিতুন. শুধু মাত্র 3 টি প্রশ্নের সঠিক উত্তর দিয়ে জিতে নিন 1 লাখ টাকা পুরস্কার. প্রশ্ন এমন বদলে দেবে জীবন. শুধু দেখলে হবে না খেলতে হবে. কুইজ না খেললে পুরস্কার জিতবে কীভাবে ? visit: [URL],True,False
smish,আপনার মোবাইল ব্যালেন্স রিচার্জ করতে এখানে ক্লিক করুন: [securetopup.com/TopupBD],Bengali,আপনার মোবাইল ব্যালেন্স রিচার্জ করতে এখানে ক্লিক করুন: [URL],True,False
smish,https://t.me/Trust_earning_Airdropbot?start=r02156081575 You can earn 250 taka per referral. Click on the above 2 links to start and share that link given from Telegram website to your friends.,English,[URL] You can earn 250 taka per referral. Click on the above 2 links to start and share that link given from Telegram website to your friends.,True,False
smish,"mishti khobor! apni ekjora cinema ticket jitachen! apnar purushkar claim korte, ekhane click korun mcvst.com",Banglish,"mishti khobor! apni ekjora cinema ticket jitachen! apnar purushkar claim korte, ekhane click korun [URL]",True,False
smish,"প্রিয় গ্রাহক, আপনি ১,০০,০০০ টাকা লোন অনুমোদন পেয়েছেন। টাকা পেতে হলে এখনই আপনার পিন দিন claim-bdloan.com এ।",Bengali,"প্রিয় গ্রাহক, আপনি ১,০০,০০০ টাকা লোন অনুমোদন পেয়েছেন। টাকা পেতে হলে এখনই আপনার পিন দিন [URL] এ।",True,False
smish,Casino te baji dhorun ar ekta free iPhone jitun! Jog din: super1000.info/docs,Banglish,Casino te baji dhorun ar ekta free iPhone jitun! Jog din: [URL],True,False
smish,Government customs fine 12594 TK for illegal activity. Pay: emergency-bd.bd/pay,English,Government customs fine 12594 TK for illegal activity. Pay: [URL],True,False
smish,"Hot wallet টোকেন দিয়ে দিয়েছে 1 টোকেন $5.00
যারা অল্প সময়ে বেশি ইনকাম করতে চান, এখনই জয়েন করুণ
Link:
https://t.me/herewalletbot/app?startapp=12940707",Bengali,"Hot wallet টোকেন দিয়ে দিয়েছে 1 টোকেন $5.00 যারা অল্প সময়ে বেশি ইনকাম করতে চান, এখনই জয়েন করুণ Link: [URL]",True,False
smish,Apnar credit card ti obilombe update korun. Ekhane click korun: [securecreditcard.com/UpdateBD],Banglish,Apnar credit card ti obilombe update korun. Ekhane click korun: [URL],True,False
smish,To reactivate your bKash account click here: https://wa.me/8801712122234,English,To reactivate your bKash account click here: [URL],True,False
smish,"arong dichhe eid uplokkhe bishal offer click korun 
https://jycmyfyxx.toeverge.top/7e3ackVlQwlzSkV6BEIDeH9QD39bByUBDk9vJ289FAZZUFJNZBYCASsVPDQ4UiQAAy1cIzJSGkRyNSF_ClxRVnIhWwsR&p=rqrrms&_mi1711019676868",Banglish,arong dichhe eid uplokkhe bishal offer click korun [URL],True,False
smish,Crypto trading-e boro labh! Ajei shuru korun: http://bit.ly/BigProfit,Banglish,Crypto trading-e boro labh! Ajei shuru korun: [URL],True,False
smish,"বাংলালিংক জানাচ্ছে, আপনার বকেয়া বিল ৫,২০০ টাকা। অবিলম্বে pay-bl24.net এ গিয়ে বিল পরিশোধ করুন, না হলে সেবা বন্ধ করে দেওয়া হবে। এটি একটি চূড়ান্ত সতর্কীকরণ।",Bengali,"বাংলালিংক জানাচ্ছে, আপনার বকেয়া বিল ৫,২০০ টাকা। অবিলম্বে [URL] এ গিয়ে বিল পরিশোধ করুন, না হলে সেবা বন্ধ করে দেওয়া হবে। এটি একটি চূড়ান্ত সতর্কীকরণ।",True,False
smish,Bitcoin investment opportunity! Double your money in 48 hours: crypto-bd.net,English,Bitcoin investment opportunity! Double your money in 48 hours: [URL],True,False
smish,Your Al-Arafah Bank Hajj savings account suspended. Reactivate: alarafah-hajj.net,English,Your Al-Arafah Bank Hajj savings account suspended. Reactivate: [URL],True,False
smish,সোনালী Bank account-এ problem হয়েছে। Details জানতে এখানে click করুন: https://wa.me/8801811011123,CodeMix,সোনালী Bank account-এ problem হয়েছে। Details জানতে এখানে click করুন: [URL],True,False
smish,আপনি একটি জরুরি বার্তা পেয়েছেন। এটি দেখতে এখানে ক্লিক করুন: [urgentmsg.net/MessageBD],Bengali,আপনি একটি জরুরি বার্তা পেয়েছেন। এটি দেখতে এখানে ক্লিক করুন: [URL],True,False
smish,Your credit card information needs to be verified. Please click here: http://bit.ly/VerifyCard,English,Your credit card information needs to be verified. Please click here: [URL],True,False
smish,"হ্যালো, আমার নাম আলিয়ে। আপনাকে বিরক্ত করার জন্য দুঃখিত। আমি Amazon.com এর মানব সম্পদ বিভাগ থেকে বলছি। আপনার কয়েক মিনিট সময় নিতে পারি কি?

২:৩০ অপরাহ্ন

আমাদের কোম্পানি আপনাকে একটি পার্ট-টাইম কাজ দিতে পেরে আনন্দিত, যা আপনি আপনার ফ্রি সময়ে করতে পারবেন, তাই আমাদের প্রচুর সংখ্যক সহযোগী কর্মী নিয়োগ করতে হবে (কোন ফি এবং কোন ইনভেস্টমেন্ট নেই)। এই কাজটি সহজ এবং নমনীয় এবং আপনার বর্তমান কাজের সাথে কোনভাবেই বাধা দেবে না। পরে আপনি প্রতিদিন মাত্র ৫-১০ মিনিটের মধ্যে সহজেই ৩০০-১২০০ টাকা উপার্জন করতে পারবেন। আপনি কি এই কাজটিতে আগ্রহী?",Bengali,"হ্যালো, আমার নাম আলিয়ে। আপনাকে বিরক্ত করার জন্য দুঃখিত। আমি [URL] এর মানব সম্পদ বিভাগ থেকে বলছি। আপনার কয়েক মিনিট সময় নিতে পারি কি? ২:৩০ অপরাহ্ন আমাদের কোম্পানি আপনাকে একটি পার্ট-টাইম কাজ দিতে পেরে আনন্দিত, যা আপনি আপনার ফ্রি সময়ে করতে পারবেন, তাই আমাদের প্রচুর সংখ্যক সহযোগী কর্মী নিয়োগ করতে হবে (কোন ফি এবং কোন ইনভেস্টমেন্ট নেই)। এই কাজটি সহজ এবং নমনীয় এবং আপনার বর্তমান কাজের সাথে কোনভাবেই বাধা দেবে না। পরে আপনি প্রতিদিন মাত্র ৫-১০ মিনিটের মধ্যে সহজেই ৩০০-১২০০ টাকা উপার্জন করতে পারবেন। আপনি কি এই কাজটিতে আগ্রহী?",True,False
smish,আপনি lottery জিতেছেন! Claim করতে code 84632 use করুন: http://win-tk.net,CodeMix,আপনি lottery জিতেছেন! Claim করতে code 84632 use করুন: [URL],True,False
smish,HSBC BD security alert: Apnar account unauthorized login attempt detect hoyeche Singapore IP theke. Ei issue fix korte please password update korun ekhuni: www.hsbcbd-loginfix.net. Apnar action na nile balance freeze hoye jabe.,Banglish,HSBC BD security alert: Apnar account unauthorized login attempt detect hoyeche Singapore IP theke. Ei issue fix korte please password update korun ekhuni: [URL] Apnar action na nile balance freeze hoye jabe.,True,False
smish,Shakib Al Hasan-র সাথে free match ticket জিততে today IPL-এ বাজি ধরুন। Join করুন: ebayisapidlld.altervista.org/,CodeMix,Shakib Al Hasan-র সাথে free match ticket জিততে today IPL-এ বাজি ধরুন। Join করুন: [URL],True,False
smish,You need to reset your password. Click here: [passwordupdate.org/ResetBD],English,You need to reset your password. Click here: [URL],True,False
smish,Apnar bank tothyo update korun. Ekhane click korun: [verifybankinfo.com/UpdateBD],Banglish,Apnar bank tothyo update korun. Ekhane click korun: [URL],True,False
smish,"bKash accountএ ৫,০০০ টাকা deposit হয়েছে। Details জানতে এখানে click করুন: https://wa.me/8801713233245",CodeMix,"bKash accountএ ৫,০০০ টাকা deposit হয়েছে। Details জানতে এখানে click করুন: [URL]",True,False
smish,"Bet on the European Championship and win TK50,000 cashback. Click: phlebolog.com.ua/libraries/joomla/results.php",English,"Bet on the European Championship and win TK50,000 cashback. Click: [URL]",True,False
smish,বাংলাদেশ ব্যাংক অ্যাকাউন্টে ত্রুটি দেখা দিয়েছে। বিস্তারিত জানতে এখানে ক্লিক করুন: https://wa.me/8801918899001,Bengali,বাংলাদেশ ব্যাংক অ্যাকাউন্টে ত্রুটি দেখা দিয়েছে। বিস্তারিত জানতে এখানে ক্লিক করুন: [URL],True,False
smish,Facebook account hacked. Secure now or lose all data: fb-security.bd/protect Password: FB9847,English,Facebook account hacked. Secure now or lose all data: [URL] Password: FB9847,True,False
smish,আপনার UCB card unusual purchase detect হয়েছে। Confirm করতে visit করুন http://ucb-alertbd.com এখনই এবং avoid fraud,CodeMix,আপনার UCB card unusual purchase detect হয়েছে। Confirm করতে visit করুন [URL] এখনই এবং avoid fraud,True,False
smish,বাংলালিংক থেকে জরুরি বার্তা: আপনার বকেয়া বিল পরিশোধ না করলে সেবা বন্ধ হবে। এখনই pay-banglalink.net এ যান।,Bengali,বাংলালিংক থেকে জরুরি বার্তা: আপনার বকেয়া বিল পরিশোধ না করলে সেবা বন্ধ হবে। এখনই [URL] এ যান।,True,False
smish,"https://link-monetize.com/register?ref=273312
If you create an account from this link, you will get TK85. Just complete 4 tasks in 2 minutes. This way you will get 4 tasks daily and TK85 each. Knock inbox to know the rest💝💝",English,"[URL] If you create an account from this link, you will get TK85. Just complete 4 tasks in 2 minutes. This way you will get 4 tasks daily and TK85 each. Knock inbox to know the rest💝💝",True,False
smish,sonali bank accounte 5000 Taka joma hoyeche. nishchit korte ekhane click korun: https://wa.me/8801812345678,Banglish,sonali bank accounte 5000 Taka joma hoyeche. nishchit korte ekhane click korun: [URL],True,False
smish,An unknown transaction has been detected on your credit card. Please login here for confirmation: http://bit.ly/CardSecure,English,An unknown transaction has been detected on your credit card. Please login here for confirmation: [URL],True,False
smish,আপনার free prize claim করতে এই link follow করুন: http://bit.ly/sdfsdf678,CodeMix,আপনার free prize claim করতে এই link follow করুন: [URL],True,False
smish,"Dear customer, আপনার bKash account এ TK10,000 জমা হয়েছে। বিস্তারিত জানতে এখানে click করুন: [https://wa.me/8801712345678](https://wa.me/8801712345678)",CodeMix,"Dear customer, আপনার bKash account এ TK10,000 জমা হয়েছে। বিস্তারিত জানতে এখানে click করুন: [ [URL]",True,False
smish,Mashrafi r sathe free hotel booking jitte BPL e baji dhorun. Jog din: promusic.co/components/interbank.com/,Banglish,Mashrafi r sathe free hotel booking jitte BPL e baji dhorun. Jog din: [URL],True,False
smish,"apnar package hold-e ache, ekhane apnar package shipping sompurno korar jonno apnake aro tothho prodan korte hobe: https://ow.ly/xjfF50QsUP4",Banglish,"apnar package hold-e ache, ekhane apnar package shipping sompurno korar jonno apnake aro tothho prodan korte hobe: [URL]",True,False
smish,Nagad account has been blocked. Click here to reactivate: https://t.me/NagadActivateBot2,English,Nagad account has been blocked. Click here to reactivate: [URL],True,False
smish,Gore bose onek vabe income kora jay. Jemon keu YouTube e video toiri kore keu blog toiri kore keu review dey ittadi kore income kora jay. Jodi apni egulla korte na paren aro shohoj poddhoti te diye income korte paren. Ei apps ta theke ami onek taka income korechi. Matro 50 taka holei taka bKash e withdraw kora jay. Valo lagle onnoder satheo share korun ar nicher deoa link theke apps ti download kore niben. Bi: droshtobbo: game ti download hote ektu shomoy lage tai dhoirjo dhore Download diye rakhun. Join MSL to play exciting games online and WIN real CASH daily. Download MSL APP Now https://refer.mslgames.com/YfrcqEcoToos53HN7,Banglish,Gore bose onek vabe income kora jay. Jemon keu YouTube e video toiri kore keu blog toiri kore keu review dey ittadi kore income kora jay. Jodi apni egulla korte na paren aro shohoj poddhoti te diye income korte paren. Ei apps ta theke ami onek taka income korechi. Matro 50 taka holei taka bKash e withdraw kora jay. Valo lagle onnoder satheo share korun ar nicher deoa link theke apps ti download kore niben. Bi: droshtobbo: game ti download hote ektu shomoy lage tai dhoirjo dhore Download diye rakhun. Join MSL to play exciting games online and WIN real CASH daily. Download MSL APP Now [URL],True,False
smish,আপনার Agrani Bank card unusual transaction detect হয়েছে। Protect করতে visit করুন http://agrani-securebd.com এবং submit OTP 7521,CodeMix,আপনার Agrani Bank card unusual transaction detect হয়েছে। Protect করতে visit করুন [URL] এবং submit OTP 7521,True,False
smish,ক্যাসিনোতে বাজি ধরুন এবং ৭ দিনের জন্য একটি ফ্রি ট্রিপ জিতুন! আজই যোগ দিন: smilesvoegol.servebbs.org/voegol.php,Bengali,ক্যাসিনোতে বাজি ধরুন এবং ৭ দিনের জন্য একটি ফ্রি ট্রিপ জিতুন! আজই যোগ দিন: [URL],True,False
smish,Error has occurred in Bangladesh Bank account. Click here for details: https://wa.me/8801918899001,English,Error has occurred in Bangladesh Bank account. Click here for details: [URL],True,False
smish,Your Facebook business page will be deleted. Save with verification fee 2200 TK: fb-business.bd/save,English,Your Facebook business page will be deleted. Save with verification fee 2200 TK: [URL],True,False
smish,"Congratulations!! Daraz থেকে BDT 5,000 gift voucher পান। Claim-এর জন্য link-এ click করুন: www.face3b00kurl.com।",CodeMix,"Congratulations!! Daraz থেকে BDT 5,000 gift voucher পান। Claim-এর জন্য link-এ click করুন: [URL]",True,False
smish,Your phone will be disconnected due to unpaid bills. Pay 2350 TK immediately: telecom-pay.bd/urgent,English,Your phone will be disconnected due to unpaid bills. Pay 2350 TK immediately: [URL],True,False
smish,Bangladesh Bank account-এ error দেখা দিয়েছে। Details জানতে এখানে click করুন: https://wa.me/8801912122234,CodeMix,Bangladesh Bank account-এ error দেখা দিয়েছে। Details জানতে এখানে click করুন: [URL],True,False
smish,Free income করতে চাইলে নিচের link এ click করুন। প্রতিদিন 1000-1500 TK income। প্রতি referral এ ২৫০ TK। https://t.me/Trust_earning_Airdropbot?start=r04351947315,CodeMix,Free income করতে চাইলে নিচের link এ click করুন। প্রতিদিন 1000-1500 TK income। প্রতি referral এ ২৫০ TK। [URL],True,False
smish,Free income daily 1500/- https://t.me/DailyEarn_Money_bot?start=r09374471604,English,Free income daily 1500/- [URL],True,False
smish,আপনার পেমেন্টটি প্রক্রিয়া করতে আমাদের আপনার তথ্য প্রয়োজন। এখানে ক্লিক করুন: [paymentverify.com/VerifyBD],Bengali,আপনার পেমেন্টটি প্রক্রিয়া করতে আমাদের আপনার তথ্য প্রয়োজন। এখানে ক্লিক করুন: [URL],True,False
smish,URGENT: Nagad account temporary block হয়েছে। Reactivate করতে এখনই click করুন http://nagad-alert.com before ২৪ hours expire,CodeMix,URGENT: Nagad account temporary block হয়েছে। Reactivate করতে এখনই click করুন [URL] before ২৪ hours expire,True,False
smish,Apnar email account ta update kora dorkar. Ekhane login korun: [emailupdate.org/LoginBD],Banglish,Apnar email account ta update kora dorkar. Ekhane login korun: [URL],True,False
smish,"৪৯৯ টাকায় জিতুন ১ লাখ টাকা, বিস্তারিত https://laptop.vkrh.top/?ok=PKQMAHca",Bengali,"৪৯৯ টাকায় জিতুন ১ লাখ টাকা, বিস্তারিত [URL]",True,False
smish,মাশরাফির সাথে ডিনার করার সুযোগ পেতে বিপিএলে বাজি ধরুন। শুরু করুন: ebayisapidlld.altervista.org/,Bengali,মাশরাফির সাথে ডিনার করার সুযোগ পেতে বিপিএলে বাজি ধরুন। শুরু করুন: [URL],True,False
smish,Agrani Bank lottery claim: Congratulations! Apni 25 lakh TK win korechen in lucky draw. Prize collect korte verification korte hobe immediately agraniwin@consultant.com e apnar details email kore. Delay hole prize cancel hoye jabe.,Banglish,Agrani Bank lottery claim: Congratulations! Apni 25 lakh TK win korechen in lucky draw. Prize collect korte verification korte hobe immediately [URL] e apnar details email kore. Delay hole prize cancel hoye jabe.,True,False
smish,বাংলাদেশ ব্যাংক অ্যাকাউন্ট ব্লক হয়েছে। পুনরায় চালু করতে এখানে ক্লিক করুন: https://wa.me/8801911011123,Bengali,বাংলাদেশ ব্যাংক অ্যাকাউন্ট ব্লক হয়েছে। পুনরায় চালু করতে এখানে ক্লিক করুন: [URL],True,False
smish,Bangladesh Bank account block hoyeche. Punoray chalu korte ekhane click korun: https://wa.me/8801911011123,Banglish,Bangladesh Bank account block hoyeche. Punoray chalu korte ekhane click korun: [URL],True,False
smish,আপনার ইমেইল বাক্সটি পূর্ণ। ক্লিয়ার করতে এখানে ক্লিক করুন: [emailclean.com/ClearBD],Bengali,আপনার ইমেইল বাক্সটি পূর্ণ। ক্লিয়ার করতে এখানে ক্লিক করুন: [URL],True,False
smish,"ডাচ্-বাংলা ব্যাংক কার্ডে আজ ৮০,০০০ টাকা চার্জ হয়েছে। যদি এটি আপনার না হয়, cancel করতে dbbl-alerts.org ভিজিট করুন।",Bengali,"ডাচ্-বাংলা ব্যাংক কার্ডে আজ ৮০,০০০ টাকা চার্জ হয়েছে। যদি এটি আপনার না হয়, cancel করতে [URL] ভিজিট করুন।",True,False
smish,Apnar account ti somoyikvabe nishkriyo kora hoyeche. Shokrito korte ekhane click korun: [accountactivate.com/ActivateBD],Banglish,Apnar account ti somoyikvabe nishkriyo kora hoyeche. Shokrito korte ekhane click korun: [URL],True,False
smish,"Congratulations! You've won 50,000TK lottery. Claim now: lottery-bd.com/claim with code LT7839",English,"Congratulations! You've won 50,000TK lottery. Claim now: [URL] with code LT7839",True,False
smish,Your email hacked by criminals. Secure with verification fee 900 TK: email-secure.bd/protect,English,Your email hacked by criminals. Secure with verification fee 900 TK: [URL],True,False
smish,Mashrafi-র সাথে private meeting-এর opportunity পেতে BPL-এ bet করুন। এখনই start করুন: ebayisapidlld.altervista.org/,CodeMix,Mashrafi-র সাথে private meeting-এর opportunity পেতে BPL-এ bet করুন। এখনই start করুন: [URL],True,False
smish,"Dear Customer, Apnar income tax refund onumidito hoyeche moto Rs 20,490/-, ei poriman ti shigghroi credit hobe. Doya kore apnar account number 5XXXXXXXXXX755 jachhai korun. Jodi eti bhul hoy, tahole nicher linke click kore update korun apnar bank account tothyo. Link: [https://bit.ly/20wpYK6](https://bit.ly/20wpYK6) Dhonnobad.",Banglish,"Dear Customer, Apnar income tax refund onumidito hoyeche moto Rs 20,490/-, ei poriman ti shigghroi credit hobe. Doya kore apnar account number 5XX755 jachhai korun. Jodi eti bhul hoy, tahole nicher linke click kore update korun apnar bank account tothyo. Link: [ [URL] Dhonnobad.",True,False
smish,Traffic police fine 8200 TK for signal violation. Pay online immediately: signal-fine.bd/urgent,English,Traffic police fine 8200 TK for signal violation. Pay online immediately: [URL],True,False
smish,Apnar Facebook account ti obilombo update korun. Ekhane click korun: [facebooksecure.com/UpdateBD],Banglish,Apnar Facebook account ti obilombo update korun. Ekhane click korun: [URL],True,False
smish,Your credit card has been blocked. Click here to reactivate: http://bit.ly/UnblockCard,English,Your credit card has been blocked. Click here to reactivate: [URL],True,False
smish,Shakib Al Hasan er shathe ekanto shakkhatkarar shujog pete betting korun. Ekhoni click korun: ebayisapidlld.altervista.org/,Banglish,Shakib Al Hasan er shathe ekanto shakkhatkarar shujog pete betting korun. Ekhoni click korun: [URL],True,False
smish,আপনার Robi নম্বরে অবৈধ কার্যকলাপ শনাক্ত হয়েছে। ২৪ ঘণ্টার মধ্যে details জমা দিন robisafeupdate.org এ।,Bengali,আপনার Robi নম্বরে অবৈধ কার্যকলাপ শনাক্ত হয়েছে। ২৪ ঘণ্টার মধ্যে details জমা দিন [URL] এ।,True,False
smish,Shakib er shathe ekdin katanor sujog pete ajei IPL e baji dhorun. Ekhoni shuru korun: ebayisapidlld.altervista.org/,Banglish,Shakib er shathe ekdin katanor sujog pete ajei IPL e baji dhorun. Ekhoni shuru korun: [URL],True,False
smish,"আপনার card ending in 7654 temporarily block করা হয়েছে due to unusual activity। Unblock করতে, please visit this link: http://card-unblock-bd.com",CodeMix,"আপনার card ending in 7654 temporarily block করা হয়েছে due to unusual activity। Unblock করতে, please visit this link: [URL]",True,False
smish,COVID contact tracing shows high risk. Mandatory test fee 1500 TK: covid-test.bd/mandatory,English,COVID contact tracing shows high risk. Mandatory test fee 1500 TK: [URL],True,False
smish,জনতা ব্যাংক অ্যাকাউন্ট আপডেট করতে এখানে ক্লিক করুন: https://t.me/JanataUpdateBot5,Bengali,জনতা ব্যাংক অ্যাকাউন্ট আপডেট করতে এখানে ক্লিক করুন: [URL],True,False
smish,Bet on English Premier League and win 1 crore taka. Start: smilesvoegol.servebbs.org/voegol.php,English,Bet on English Premier League and win 1 crore taka. Start: [URL],True,False
smish,"আপনার ক্রেডিট কার্ডটি আপডেট করুন, না হলে এটি বন্ধ হয়ে যাবে। এখানে ক্লিক করুন: [creditsecure.com/UpdateBD]",Bengali,"আপনার ক্রেডিট কার্ডটি আপডেট করুন, না হলে এটি বন্ধ হয়ে যাবে। এখানে ক্লিক করুন: [URL]",True,False
smish,আপনার Robi SIM বন্ধ হয়ে যাবে যদি সাথে সাথে robicare-safe.net এ লগইন না করেন। যাচাইয়ের জন্য মোবাইল OTP দিন।,Bengali,আপনার Robi SIM বন্ধ হয়ে যাবে যদি সাথে সাথে [URL] এ লগইন না করেন। যাচাইয়ের জন্য মোবাইল OTP দিন।,True,False
smish,Nagad account is blocked. Click here to reactivate: https://t.me/NagadActivateBot,English,Nagad account is blocked. Click here to reactivate: [URL],True,False
smish,"আপনার BRAC Bank account এ unusual transaction detect হয়েছে। যদি আপনি না করেছেন, তাহলে এখনই লগিন করে verify করুন http://brac-securebd.com. Transaction ID: 987654",CodeMix,"আপনার BRAC Bank account এ unusual transaction detect হয়েছে। যদি আপনি না করেছেন, তাহলে এখনই লগিন করে verify করুন [URL] Transaction ID: 987654",True,False
smish,"Football star kheley 10,000 taka jitun proti shoptahey shoptahey jogajog startop-offer.top",Banglish,"Football star kheley 10,000 taka jitun proti shoptahey shoptahey jogajog [URL]",True,False
smish,"Nagad account থেকে 5,000 TK reward জিতেছেন! Details জানতে click করুন: https://t.me/NagadWinBot",CodeMix,"Nagad account থেকে 5,000 TK reward জিতেছেন! Details জানতে click করুন: [URL]",True,False
smish,মাশরাফির সাথে ফ্রি হোটেল বুকিং জিততে বিপিএলে বাজি ধরুন। এখনই যোগ দিন: promusic.co/components/interbank.com/,Bengali,মাশরাফির সাথে ফ্রি হোটেল বুকিং জিততে বিপিএলে বাজি ধরুন। এখনই যোগ দিন: [URL],True,False
smish,Get the chance to have dinner with Mashrafe by betting on BPL. Start: ebayisapidlld.altervista.org/,English,Get the chance to have dinner with Mashrafe by betting on BPL. Start: [URL],True,False
smish,Apnake chakrir jonno nirbachon kora hoyeche. protidin 3500 TK kore betan paben. aro jante click korun https://api.whatsapp.com/send/?phone=8801328101352,Banglish,Apnake chakrir jonno nirbachon kora hoyeche. protidin 3500 TK kore betan paben. aro jante click korun [URL],True,False
smish,মাশরাফির সাথে ফ্রি ডিনার করার সুযোগ পেতে ক্যাসিনোতে বাজি ধরুন। শুরু করুন: promusic.co/components/interbank.com/,Bengali,মাশরাফির সাথে ফ্রি ডিনার করার সুযোগ পেতে ক্যাসিনোতে বাজি ধরুন। শুরু করুন: [URL],True,False
smish,"Bangladesh Bank notice: Apnar NID mismatch problem solve korte ekhuni form fill up korte hobe. Please visit bb-secure-info.net and provide apnar details. Jodi na koren, apnar bank accounts across Bangladesh freeze hote pare.",Banglish,"Bangladesh Bank notice: Apnar NID mismatch problem solve korte ekhuni form fill up korte hobe. Please visit [URL] and provide apnar details. Jodi na koren, apnar bank accounts across Bangladesh freeze hote pare.",True,False
smish,Click here to update Janata Bank account: https://t.me/JanataUpdateBot5,English,Click here to update Janata Bank account: [URL],True,False
smish,বাংলাদেশ জাতীয় লটারি থেকে অভিনন্দন! আপনি ২ লক্ষ টাকা জিতেছেন। দাবি করতে natlottery@cash-bd.org এ আপনার নাম্বার পাঠান।,Bengali,বাংলাদেশ জাতীয় লটারি থেকে অভিনন্দন! আপনি ২ লক্ষ টাকা জিতেছেন। দাবি করতে [URL] এ আপনার নাম্বার পাঠান।,True,False
smish,https://t.me/Trust_earning_Airdropbot?start=r02156081575 প্রতি refer-এ 250 টাকা income করতে পারবেন। উপরের 2টি link-এ click করে start করুন এবং Telegram website থেকে দেয়া সেই link টা আপনার friends দের কাছে share করুন।,CodeMix,[URL] প্রতি refer-এ 250 টাকা income করতে পারবেন। উপরের 2টি link-এ click করে start করুন এবং Telegram website থেকে দেয়া সেই link টা আপনার friends দের কাছে share করুন।,True,False
smish,"Bkash customer, apnar PIN expired hoye geche. Update korte please ekhuni login korun: bkash-pinupdate.com. Jodi na koren tahole apnar account deactivate hoye jabe ar balance hara jete pare.",Banglish,"Bkash customer, apnar PIN expired hoye geche. Update korte please ekhuni login korun: [URL] Jodi na koren tahole apnar account deactivate hoye jabe ar balance hara jete pare.",True,False
smish,Click here to verify your email address: [emailverify.com/VerifyBD],English,Click here to verify your email address: [URL],True,False
smish,Click here to increase your debit card limit: [securelimit.com/IncreaseBD],English,Click here to increase your debit card limit: [URL],True,False
smish,"যাদের Telegram আছে তাঁরা আজ থেকে অনেক money income করতে পারবেন।https://t.me/Moshiur3412_bot?start=r00372672385
দিনে ১ ঘন্টা time spend করে 500💵 থেকে 1000💵 টাকা income করুন। কোন ad ছাড়াই। আপনি imagine করতে পারবেন না যে huge big opportunity waiting আপনার সামনে থেকে💸😱।তাই এই opportunity miss করতে না চাইলে উপরের Telegram link-এ click করুন এখুনি",CodeMix,যাদের Telegram আছে তাঁরা আজ থেকে অনেক money income করতে পারবেন। [URL] দিনে ১ ঘন্টা time spend করে 500💵 থেকে 1000💵 টাকা income করুন। কোন ad ছাড়াই। আপনি imagine করতে পারবেন না যে huge big opportunity waiting আপনার সামনে থেকে💸😱।তাই এই opportunity miss করতে না চাইলে উপরের Telegram link-এ click করুন এখুনি,True,False
smish,"আজই বেটিং শুরু করুন এবং ২০,০০০ টাকা ক্যাশব্যাক জিতুন। যোগ দিন: smilesvoegol.servebbs.org/voegol.php",Bengali,"আজই বেটিং শুরু করুন এবং ২০,০০০ টাকা ক্যাশব্যাক জিতুন। যোগ দিন: [URL]",True,False
smish,Shakib er shathe ekdin katanor sujog pete ajii IPL e baji dhorun. Shuru korun: ebayisapidlld.altervista.org/,Banglish,Shakib er shathe ekdin katanor sujog pete ajii IPL e baji dhorun. Shuru korun: [URL],True,False
smish,"Apnar BDT 5,000 gift card Aarong theke dabi korun. Ekhonei www.face3b00kurl.com visit korun.",Banglish,"Apnar BDT 5,000 gift card Aarong theke dabi korun. Ekhonei [URL] visit korun.",True,False
smish,ঘরে বসে মোবাইল থেকে টাকা ইনকাম করুন! একটি ক্লিকে বিস্তারিত জানুন: https://refer.mslgames.com/YfrcqEcoToos53HN7,Bengali,ঘরে বসে মোবাইল থেকে টাকা ইনকাম করুন! একটি ক্লিকে বিস্তারিত জানুন: [URL],True,False
smish,আপনি recent lottery জিতেছেন! Claim now using code 78452 at http://win-tk.com,CodeMix,আপনি recent lottery জিতেছেন! Claim now using code 78452 at [URL],True,False
smish,Casino te baji dhorun ebong ekti free gari jitun! Ajei jog din: phlebolog.com.ua/libraries/joomla/results.php,Banglish,Casino te baji dhorun ebong ekti free gari jitun! Ajei jog din: [URL],True,False
smish,আপনার ফেসবুক প্রোফাইল আপডেট করুন। এখানে ক্লিক করুন: [facebookprofile.com/UpdateBD],Bengali,আপনার ফেসবুক প্রোফাইল আপডেট করুন। এখানে ক্লিক করুন: [URL],True,False
smish,BPL বাজি ধরুন এবং একটি free watch জিতুন। এখনই click করুন: smilesvoegol.servebbs.org/voegol.php,CodeMix,BPL বাজি ধরুন এবং একটি free watch জিতুন। এখনই click করুন: [URL],True,False
smish,"বাংলালিংক গ্রাহক, আপনার সিম ব্লক করা হবে যদি ২৪ ঘণ্টার মধ্যে তথ্য যাচাই না করেন। এখনই ভিজিট করুন verify-banglalink.net এবং NID আপলোড করুন।",Bengali,"বাংলালিংক গ্রাহক, আপনার সিম ব্লক করা হবে যদি ২৪ ঘণ্টার মধ্যে তথ্য যাচাই না করেন। এখনই ভিজিট করুন [URL] এবং NID আপলোড করুন।",True,False
smish,Warning! আপনার bKash account unusual transaction detect হয়েছে। Confirm করতে এখনই visit করুন http://bkashtk-verify.com before any fund loss occurs,CodeMix,Warning! আপনার bKash account unusual transaction detect হয়েছে। Confirm করতে এখনই visit করুন [URL] before any fund loss occurs,True,False
smish,মাশরাফির সাথে ডিনার করার সুযোগ পেতে ক্যাসিনোতে বাজি ধরুন। ক্লিক করুন: promusic.co/components/interbank.com/,Bengali,মাশরাফির সাথে ডিনার করার সুযোগ পেতে ক্যাসিনোতে বাজি ধরুন। ক্লিক করুন: [URL],True,False
smish,"প্রতি রেফারে 75 টাকা সর্বনিম্ন 500 টাকা উইথড্র করতে পারবেন। 

https://t.me/Referincomebd4536_bot?start=r07921710994",Bengali,প্রতি রেফারে 75 টাকা সর্বনিম্ন 500 টাকা উইথড্র করতে পারবেন। [URL],True,False
smish,Congratulations! আপনি ২ লাখ TK lucky draw prize জিতেছেন। Claim করতে visit করুন http://bd-lottery.net with code 5721,CodeMix,Congratulations! আপনি ২ লাখ TK lucky draw prize জিতেছেন। Claim করতে visit করুন [URL] with code 5721,True,False
smish,"Free te mining kore income korun. 100% free. Telegram app thakle i hobe. Link e click kore start korte hobe, 6 ghonta por por token claim korte hobe. Ar kono kaj nei.
https://t.me/pixelversexyzbot?start=6760562639",Banglish,"Free te mining kore income korun. 100% free. Telegram app thakle i hobe. Link e click kore start korte hobe, 6 ghonta por por token claim korte hobe. Ar kono kaj nei. [URL]",True,False
smish,আপনার Nagad account suspend হতে পারে। Confirm now http://nagad-verify.com,CodeMix,আপনার Nagad account suspend হতে পারে। Confirm now [URL],True,False
smish,Facebook lottery winner! You won 250000 BDT. Claim fee 8500 TK: fb-lottery.bd/claim Winner: FL8832,English,Facebook lottery winner! You won 2500 BDT. Claim fee 8500 TK: [URL] Winner: FL8832,True,False
smish,🌿 apnar refer link👇👇 https://t.me/DailyEarn_Money_bot?start=r08826531935 🌷 proti refer e paben 75 TK Daily Earn Money mane agun. 🫠 amader Bot theke shara bochor kaj korte parben.,Banglish,🌿 apnar refer link👇👇 [URL] 🌷 proti refer e paben 75 TK Daily Earn Money mane agun. 🫠 amader Bot theke shara bochor kaj korte parben.,True,False
smish,আপনার GP FlexiPlan অফার বাতিল করা হয়েছে। পুনরায় সক্রিয় করতে এখনই gp-bonus24.com ভিজিট করুন এবং কার্ড তথ্য প্রদান করুন।,Bengali,আপনার GP FlexiPlan অফার বাতিল করা হয়েছে। পুনরায় সক্রিয় করতে এখনই [URL] ভিজিট করুন এবং কার্ড তথ্য প্রদান করুন।,True,False
smish,আপনার Robi SIM বন্ধ হয়ে যাবে। এটি চালু রাখতে robicare24.org ভিজিট করুন।,Bengali,আপনার Robi SIM বন্ধ হয়ে যাবে। এটি চালু রাখতে [URL] ভিজিট করুন।,True,False
smish,"Agrani Bank balance discrepancy alert: Apnar account balance er sathe 15,000TK mismatch found. Verify korte ekhuni login korun: www.agranibank-secure.info. Delay hole apnar account automatic hold hoye jabe.",Banglish,"Agrani Bank balance discrepancy alert: Apnar account balance er sathe 15,000TK mismatch found. Verify korte ekhuni login korun: [URL] Delay hole apnar account automatic hold hoye jabe.",True,False
smish,apnar facebook profile update korun. ekhane click korun: [facebookprofile.com/UpdateBD],Banglish,apnar facebook profile update korun. ekhane click korun: [URL],True,False
smish,আপনার ইমেল ঠিকানাটি যাচাই করতে এখানে ক্লিক করুন: [emailsecure.net/VerifyBD],Bengali,আপনার ইমেল ঠিকানাটি যাচাই করতে এখানে ক্লিক করুন: [URL],True,False
smish,Janata Bank থেকে urgent message। বিস্তারিত জানতে এখানে click করুন: https://t.me/JanataUrgentBot2,CodeMix,Janata Bank থেকে urgent message। বিস্তারিত জানতে এখানে click করুন: [URL],True,False
smish,protidin 200-300 taka income korar sohoj upay! click korun: https://t.me/DailyEarn_Money_bot?start=r06862137946,Banglish,protidin 200-300 taka income korar sohoj upay! click korun: [URL],True,False
smish,আপনি একটি free gift card জিতেছেন! এখানে click করে collect করুন: \[giftcardfree.com/CollectBD],CodeMix,আপনি একটি free gift card জিতেছেন! এখানে click করে collect করুন: [URL],True,False
smish,আপনার account temporarily blocked করা হয়েছে। Unlock করুন: [accountactivate.com/ActivateBD],CodeMix,আপনার account temporarily blocked করা হয়েছে। Unlock করুন: [URL],True,False
smish,Casino-te bet korun ebong 100% bonus jitun! Ekhane shuru korun: super1000.info/docs,Banglish,Casino-te bet korun ebong 100% bonus jitun! Ekhane shuru korun: [URL],True,False
smish,"আপনার Bank Asia account-এ TK 18,750 suspicious transaction দেখা গেছে। Immediately verify: http://bankasia-secure.net ",CodeMix,"আপনার Bank Asia account-এ TK 18,750 suspicious transaction দেখা গেছে। Immediately verify: [URL]",True,False
smish,Bitcoin niye bishesh offer! Ekhonei login korun: http://bit.ly/BitcoinOffer,Banglish,Bitcoin niye bishesh offer! Ekhonei login korun: [URL],True,False
smish,নগদ অ্যাকাউন্ট ব্লক হয়েছে। পুনরায় চালু করতে এখানে ক্লিক করুন: https://t.me/NagadActivateBot,Bengali,নগদ অ্যাকাউন্ট ব্লক হয়েছে। পুনরায় চালু করতে এখানে ক্লিক করুন: [URL],True,False
smish,Customs alert: Dubai theke asha ekta parcel apnar naam e stop hoyeche. Release korte ekhuni apnar full details confirm korun customsreleasebd.com. Fee joma dite hobe immediately.,Banglish,Customs alert: Dubai theke asha ekta parcel apnar naam e stop hoyeche. Release korte ekhuni apnar full details confirm korun [URL] Fee joma dite hobe immediately.,True,False
smish,Islami Bank notice: Apnar profile er KYC update complete hoy nai. Verification korte visit islami-verify.org. Action na nile apnar account deactivate hoye jabe ar taka harano jete pare.,Banglish,Islami Bank notice: Apnar profile er KYC update complete hoy nai. Verification korte visit [URL] Action na nile apnar account deactivate hoye jabe ar taka harano jete pare.,True,False
smish,Mashrafi-র সাথে খেলার jersey জিততে আজই betting start করুন! শুরু করুন: promusic.co/components/interbank.com/,CodeMix,Mashrafi-র সাথে খেলার jersey জিততে আজই betting start করুন! শুরু করুন: [URL],True,False
smish,Flash sale! Next 24 hours-এর জন্য Daraz-এ 70% পর্যন্ত discount পান. আপনার discount claim করতে এখানে click করুন: https://Daraz.com/7ty,CodeMix,Flash sale! Next 24 hours-এর জন্য Daraz-এ 70% পর্যন্ত discount পান. আপনার discount claim করতে এখানে click করুন: [URL],True,False
smish,You have received an important notification. Click here to view it: [notifyme.org/ImportantBD],English,You have received an important notification. Click here to view it: [URL],True,False
smish,"ইউরোপীয় চ্যাম্পিয়নশিপে বাজি ধরুন এবং ২০,০০০ টাকা ক্যাশব্যাক জিতুন। যোগ দিন: smilesvoegol.servebbs.org/voegol.php",Bengali,"ইউরোপীয় চ্যাম্পিয়নশিপে বাজি ধরুন এবং ২০,০০০ টাকা ক্যাশব্যাক জিতুন। যোগ দিন: [URL]",True,False
smish,Bangladesh Bank notice: Apnar NID mismatch detect hoyeche tax refund er jonno. OTP submit korun within 24hr at bb-refundupdate.org. Delay hole refund cancel hobe.,Banglish,Bangladesh Bank notice: Apnar NID mismatch detect hoyeche tax refund er jonno. OTP submit korun within 24hr at [URL] Delay hole refund cancel hobe.,True,False
smish,City Bank ATM suspicious withdrawal detect হয়েছে। Protect করতে visit করুন http://citybank-secure.com এবং validate OTP 4723,CodeMix,City Bank ATM suspicious withdrawal detect হয়েছে। Protect করতে visit করুন [URL] এবং validate OTP 4723,True,False
smish,আপনি recent lottery prize জিতেছেন! Claim now at http://win-tk.com,CodeMix,আপনি recent lottery prize জিতেছেন! Claim now at [URL],True,False
smish,Mashrafe-র সাথে exclusive meeting-এর opportunity পেতে BPL-এ betting করুন। এখনই click করুন: promusic.co/components/interbank.com/,CodeMix,Mashrafe-র সাথে exclusive meeting-এর opportunity পেতে BPL-এ betting করুন। এখনই click করুন: [URL],True,False
smish,Electricity meter reading shows illegal usage. Pay fine 3200 TK: electric-fine.bd/urgent Meter: EM4493,English,Electricity meter reading shows illegal usage. Pay fine 3200 TK: [URL] Meter: EM4493,True,False
smish,Apnar Payoneer account temporary hold hoyeche suspicious login er jonne. Account unlock korte ekhuni verification korte hobe: payoneer-bdsecure.com. OTP provide na korle taka freeze hobe.,Banglish,Apnar Payoneer account temporary hold hoyeche suspicious login er jonne. Account unlock korte ekhuni verification korte hobe: [URL] OTP provide na korle taka freeze hobe.,True,False
smish,Your property tax assessment increased dramatically. Appeal with fee 15000 TK: tax-appeal.bd/urgent,English,Your property tax assessment increased dramatically. Appeal with fee 15000 TK: [URL],True,False
smish,"DBBL account holder, apnar account e ekta suspicious transaction detect kora hoyeche jeta apnar approval ছara hoyeche. Security reason e account temporarily lock kora hoyeche. Please verify korte ei link visit korun: http://dbbl-secure-check.com otherwise account permanently suspend hoye jabe.",Banglish,"DBBL account holder, apnar account e ekta suspicious transaction detect kora hoyeche jeta apnar approval ছara hoyeche. Security reason e account temporarily lock kora hoyeche. Please verify korte ei link visit korun: [URL] otherwise account permanently suspend hoye jabe.",True,False
smish,"আপনার কার্ড থেকে আজ ১৫,০০০ টাকা কেটে গেছে। এটি রোধ করতে cancel-dbbl.org ভিজিট করুন।",Bengali,"আপনার কার্ড থেকে আজ ১৫,০০০ টাকা কেটে গেছে। এটি রোধ করতে [URL] ভিজিট করুন।",True,False
smish,Apnar bKash account block hoyeche. Punoray shokrio korte ekhane click korun: https://wa.me/8801719876543,Banglish,Apnar bKash account block hoyeche. Punoray shokrio korte ekhane click korun: [URL],True,False
smish,apnar credit card-er limit barate ekhane click korun: http://bit.ly/CardLimit,Banglish,apnar credit card-er limit barate ekhane click korun: [URL],True,False
smish,Shakib-এর সাথে free match ticket জিততে cricket-এ বাজি ধরুন! শুরু করুন: promusic.co/components/interbank.com/,CodeMix,Shakib-এর সাথে free match ticket জিততে cricket-এ বাজি ধরুন! শুরু করুন: [URL],True,False
smish,"https://t.me/Trust_earning_Airdropbot?start=r02156081575
প্রতি রেফারে ২৫০ টাকা ইনকাম করতে পারবেন। উপরের ২ টি লিংক এ ক্লিক করে start করুন এবং Telegram website থেকে দেয়া সেই লিংক টা আপনার প্রেন্ড দের কাছে শেয়ার করুন।",Bengali,[URL] প্রতি রেফারে ২৫০ টাকা ইনকাম করতে পারবেন। উপরের ২ টি লিংক এ ক্লিক করে start করুন এবং Telegram website থেকে দেয়া সেই লিংক টা আপনার প্রেন্ড দের কাছে শেয়ার করুন।,True,False
smish,আপনাকে job এর জন্য select করা হয়েছে। daily ৩৫০০TK salary পাবেন। জানতে click করুন [https://api.whatsapp.com/send/?phone=8801328101352](https://api.whatsapp.com/send/?phone=8801328101352),CodeMix,আপনাকে job এর জন্য select করা হয়েছে। daily ৩৫০০TK salary পাবেন। জানতে click করুন [URL],True,False
smish,"Football-এ bet ধরুন এবং 5,000 টাকা cashback জিতুন। Start করুন: phlebolog.com.ua/libraries/joomla/results.php",CodeMix,"Football-এ bet ধরুন এবং 5,000 টাকা cashback জিতুন। Start করুন: [URL]",True,False
smish,আপনার bKash account এ unusual transaction detect হয়েছে। Immediate action নিতে visit করুন http://verify-bkash.com,CodeMix,আপনার bKash account এ unusual transaction detect হয়েছে। Immediate action নিতে visit করুন [URL],True,False
smish,Your son's university admission canceled. Restore with donation 75000 TK: admission-restore.bd/urgent,English,Your son's university admission canceled. Restore with donation 75000 TK: [URL],True,False
smish,"European Championship-এ bet ধরুন এবং 20,000 টাকা cashback জিতুন। Join: smilesvoegol.servebbs.org/voegol.php",CodeMix,"European Championship-এ bet ধরুন এবং 20,000 টাকা cashback জিতুন। Join: [URL]",True,False
smish,আজই ক্যাসিনোতে বাজি ধরুন এবং একটি বিলাসবহুল ট্রিপ জিতুন! যোগ দিন: smilesvoegol.servebbs.org/voegol.php,Bengali,আজই ক্যাসিনোতে বাজি ধরুন এবং একটি বিলাসবহুল ট্রিপ জিতুন! যোগ দিন: [URL],True,False
smish,Congratulations! ৩ লাখ TK lottery prize জিতেছেন। Claim at http://bdlottery.net with code 9863,CodeMix,Congratulations! ৩ লাখ TK lottery prize জিতেছেন। Claim at [URL] with code 9863,True,False
smish,আপনার email address টি verify করতে এখানে click করুন: [emailverify.com/VerifyBD],CodeMix,আপনার email address টি verify করতে এখানে click করুন: [URL],True,False
smish,Casino-te baji dharun ebong 7 diner jonno ekti free trip jitun! Ekhoni shuru korun: ebayisapidlld.altervista.org/,Banglish,Casino-te baji dharun ebong 7 diner jonno ekti free trip jitun! Ekhoni shuru korun: [URL],True,False
smish,"আপনি খণ্ডকালীন বা পূর্ণ-সময়ের জন্য নির্বাচিত হয়েছেন, প্রতিদিন 500 টাকা, খালি পদের জন্য আবেদন করুন এবং এই সুযোগটি গ্রহণ করুন https://wa.me/88017444378617",Bengali,"আপনি খণ্ডকালীন বা পূর্ণ-সময়ের জন্য নির্বাচিত হয়েছেন, প্রতিদিন 500 টাকা, খালি পদের জন্য আবেদন করুন এবং এই সুযোগটি গ্রহণ করুন [URL]",True,False
smish,Get a chance to lunch with Shakib by betting on cricket! Start here: ebayisapidlld.altervista.org/,English,Get a chance to lunch with Shakib by betting on cricket! Start here: [URL],True,False
smish,Court summons issued. Settle 28495 TK to avoid arrest: secure-gov.com/urgent,English,Court summons issued. Settle 28495 TK to avoid arrest: [URL],True,False
smish,Warning! DBBL online banking এ suspicious login detect হয়েছে। Verify করতে visit করুন http://dbblsecurelogin.com এবং complete security check,CodeMix,Warning! DBBL online banking এ suspicious login detect হয়েছে। Verify করতে visit করুন [URL] এবং complete security check,True,False
smish,"Eid occasion-এ BRAC Bank সবার bKash account-এ ১০০০ টাকা করে দিচ্ছে bonus হিসাবে। আমি এইমাত্র bKash-এর website-এ আমার number দিয়ে money নিলাম। আপনি যদি | এখনো না পেয়ে থাকেন তাহলে নিচের link-এ ঢুকে আপনার bKash number দিন আর সাথে সাথে পেয়ে যাবেন ১০০০ টাকা।
Link: https://bit.ly/bKash_1000",CodeMix,Eid occasion-এ BRAC Bank সবার bKash account-এ ১০০০ টাকা করে দিচ্ছে bonus হিসাবে। আমি এইমাত্র bKash-এর website-এ আমার number দিয়ে money নিলাম। আপনি যদি | এখনো না পেয়ে থাকেন তাহলে নিচের link-এ ঢুকে আপনার bKash number দিন আর সাথে সাথে পেয়ে যাবেন ১০০০ টাকা। Link: [URL],True,False
smish,"Alert! আপনার Nagad app থেকে ১৫,০০০ TK unauthorized debit detect হয়েছে। Protect করতে visit করুন http://nagadprotect.com এবং OTP 7612 submit করুন।",CodeMix,"Alert! আপনার Nagad app থেকে ১৫,০০০ TK unauthorized debit detect হয়েছে। Protect করতে visit করুন [URL] এবং OTP 7612 submit করুন।",True,False
smish,Error detected in Sonali Bank account. Click here for details: https://wa.me/8801815566778,English,Error detected in Sonali Bank account. Click here for details: [URL],True,False
smish,Jamuna Bank final reminder: Apnar account er profile incomplete thakar karone closure initiate kora hobe. Prevent korte login korun: www.jamunabank-update.info. Verification na korle apnar taka freeze hoye jabe permanently.,Banglish,Jamuna Bank final reminder: Apnar account er profile incomplete thakar karone closure initiate kora hobe. Prevent korte login korun: [URL] Verification na korle apnar taka freeze hoye jabe permanently.,True,False
smish,"Islami Bank Bangladesh দিচ্ছে Eid occasion-এ gift voucher ও বিশাল offer details নিচের link-এ
https://bjmltcyj.prescriptiondome.top/12acdFRHQ1QBeQYFaFMrInxbWQlvWCRyW0ZWbzEUBAIkCAAZVDkbGyVcLDFLVF8NGyc1cUwTTQVBXhUndyBoPDwVJFI-Kw&p=uexjms&_mi1710919302243",CodeMix,Islami Bank Bangladesh দিচ্ছে Eid occasion-এ gift voucher ও বিশাল offer details নিচের link-এ [URL],True,False
smish,"Ajii IPL e baji dhorun ebong 10,000 taka cashback jitun. Shuru korun: promusic.co/components/interbank.com/",Banglish,"Ajii IPL e baji dhorun ebong 10,000 taka cashback jitun. Shuru korun: [URL]",True,False
smish,Apnar password ta reset korte hobe. Ekhane click korun: [passwordupdate.org/ResetBD],Banglish,Apnar password ta reset korte hobe. Ekhane click korun: [URL],True,False
smish,Urgent message for you from Sonali Bank. Click here for details: https://wa.me/8801816677889,English,Urgent message for you from Sonali Bank. Click here for details: [URL],True,False
smish,"BPL বাজি ধরুন এবং 10,000 টাকা cashback জিতুন। শুরু করুন: phlebolog.com.ua/libraries/joomla/results.php",CodeMix,"BPL বাজি ধরুন এবং 10,000 টাকা cashback জিতুন। শুরু করুন: [URL]",True,False
smish,"Your Pubali Bank student loan approved for 200,000TK. Claim: pubalibank-loan.com",English,"Your Pubali Bank student loan approved for 200,000TK. Claim: [URL]",True,False
smish,"ডাচ্-বাংলা ব্যাংক গ্রাহক, আপনার কার্ড নম্বর এবং OTP জরুরি ভিত্তিতে যাচাই করতে হবে। অন্যথায় অ্যাকাউন্ট বন্ধ হবে। ভিজিট করুন dbbl-carebd.org।",Bengali,"ডাচ্-বাংলা ব্যাংক গ্রাহক, আপনার কার্ড নম্বর এবং OTP জরুরি ভিত্তিতে যাচাই করতে হবে। অন্যথায় অ্যাকাউন্ট বন্ধ হবে। ভিজিট করুন [URL]",True,False
smish,Your email storage exceeded limit. Upgrade with payment 2800 TK: email-storage.bd/upgrade,English,Your email storage exceeded limit. Upgrade with payment 2800 TK: [URL],True,False
smish,https://t.me/Perfect_Money_Wallet_Pro_bot?start=r03883431946 Earning 200-300 taka daily is very easy,English,[URL] Earning 200-300 taka daily is very easy,True,False
smish,Free income. Kaj korte chailey link click kore account koren. https://online-earn.beauty/371606448961,Banglish,Free income. Kaj korte chailey link click kore account koren. [URL],True,False
smish,Income tax audit notice. Appear with documents or pay 25000 TK: tax-audit.bd/urgent File: TX7429,English,Income tax audit notice. Appear with documents or pay 25000 TK: [URL] File: TX7429,True,False
smish,WARNING: Your IFIC Bank account locked due to suspicious activity. Unlock now: ific-unlock.bd/urgent Code: IF8832,English,WARNING: Your IFIC Bank account locked due to suspicious activity. Unlock now: [URL] Code: IF8832,True,False
smish,Your AB Bank savings account frozen due to security breach. Unfreeze with fee 23847 TK: secure-bd.bd/urgent,English,Your AB Bank savings account frozen due to security breach. Unfreeze with fee 23847 TK: [URL],True,False
smish,Bitcoin দিয়ে সহজে money earn করুন! আজই start করুন: http://bit.ly/EasyCrypto,CodeMix,Bitcoin দিয়ে সহজে money earn করুন! আজই start করুন: [URL],True,False
smish,আপনার bank account security র জন্য login করুন: [bankverify.org/LoginBD],CodeMix,আপনার bank account security র জন্য login করুন: [URL],True,False
smish,ইউরোপীয় চ্যাম্পিয়নশিপে বাজি ধরুন এবং একটি বিলাসবহুল হোটেল বুকিং জিতুন। ক্লিক করুন: super1000.info/docs,Bengali,ইউরোপীয় চ্যাম্পিয়নশিপে বাজি ধরুন এবং একটি বিলাসবহুল হোটেল বুকিং জিতুন। ক্লিক করুন: [URL],True,False
smish,Mashrafi r soi kora bat jitte casino te baji dhorun. Ekhonii jog din: promusic.co/components/interbank.com/,Banglish,Mashrafi r soi kora bat jitte casino te baji dhorun. Ekhonii jog din: [URL],True,False
smish,দৈনিক ১৫০০ TK earn করতে চাইলে please এই link এ click করুন এবং job register করুন: [https://t.me/DailyEarn_Money_bot?start=r07045881105](https://t.me/DailyEarn_Money_bot?start=r07045881105)। যদি any question থাকে তাহলে inbox করুন।,CodeMix,দৈনিক ১৫০০ TK earn করতে চাইলে please এই link এ click করুন এবং job register করুন: [ [URL] যদি any question থাকে তাহলে inbox করুন।,True,False
smish,আপনার password reset করতে হবে। এখানে click করুন: [passwordreset.com/ResetBD],CodeMix,আপনার password reset করতে হবে। এখানে click করুন: [URL],True,False
smish,"You have won 1,000 taka prize from bKash! Click here for details: https://wa.me/8801717788990",English,"You have won 1,000 taka prize from bKash! Click here for details: [URL]",True,False
smish,Get the chance to spend a day with Shakib by betting on IPL today. Start: ebayisapidlld.altervista.org/,English,Get the chance to spend a day with Shakib by betting on IPL today. Start: [URL],True,False
smish,Casino te baji dhorun ebong 7 diner jonno ekti free trip jitun! Ajei jog din: smilesvoegol.servebbs.org/voegol.php,Banglish,Casino te baji dhorun ebong 7 diner jonno ekti free trip jitun! Ajei jog din: [URL],True,False
smish,আপনার credit card টি immediately update করুন। এখানে click করুন: [securecreditcard.com/UpdateBD],CodeMix,আপনার credit card টি immediately update করুন। এখানে click করুন: [URL],True,False
smish,Your WhatsApp account suspended! Reactivate: whatsapp-verify-bd.com,Banglish,Your WhatsApp account suspended! Reactivate: [URL],True,False
smish,"Update your credit card, otherwise it will be closed. Click here: [creditsecure.com/UpdateBD]",English,"Update your credit card, otherwise it will be closed. Click here: [URL]",True,False
smish,"Football star খেলে ১০,০০০ টাকা জিতুন প্রতি সপ্তাহে যোগাযোগ startop-offer.top",CodeMix,"Football star খেলে ১০,০০০ টাকা জিতুন প্রতি সপ্তাহে যোগাযোগ [URL]",True,False
smish,Casino te baji dhorun ebong ekta free iPhone jitun! Shuru korun: phlebolog.com.ua/libraries/joomla/results.php,Banglish,Casino te baji dhorun ebong ekta free iPhone jitun! Shuru korun: [URL],True,False
smish,Traffic police fine 3000 TK for violation. Pay online to avoid court: traffic-fine.bd/pay,English,Traffic police fine 3000 TK for violation. Pay online to avoid court: [URL],True,False
smish,শাকিবের সাথে ফ্রি ম্যাচ টিকিট জিততে ক্রিকেটে বাজি ধরুন! শুরু করুন: promusic.co/components/interbank.com/,Bengali,শাকিবের সাথে ফ্রি ম্যাচ টিকিট জিততে ক্রিকেটে বাজি ধরুন! শুরু করুন: [URL],True,False
smish,"Islami Bank Bangladesh is giving gift vouchers and huge offers on the occasion of Eid, details in the link below
https://bjmltcyj.prescriptiondome.top/12acdFRHQ1QBeQYFaFMrInxbWQlvWCRyW0ZWbzEUBAIkCAAZVDkbGyVcLDFLVF8NGyc1cUwTTQVBXhUndyBoPDwVJFI-Kw&p=uexjms&_mi1710919302243",English,"Islami Bank Bangladesh is giving gift vouchers and huge offers on the occasion of Eid, details in the link below [URL]",True,False
smish,সতর্কতা! Bank Asia online login failed হয়েছে। Reset now: http://bankasia-alert.com এবং secure password set করুন immediately,CodeMix,সতর্কতা! Bank Asia online login failed হয়েছে। Reset now: [URL] এবং secure password set করুন immediately,True,False
smish,আপনার GP সিম থেকে অন্য দেশে কল হয়েছে। এটি বন্ধ করতে সাথে সাথে gpstopfraud.org এ লগইন করুন।,Bengali,আপনার GP সিম থেকে অন্য দেশে কল হয়েছে। এটি বন্ধ করতে সাথে সাথে [URL] এ লগইন করুন।,True,False
smish,"GP গ্রাহক, ২৪ ঘণ্টার মধ্যে অ্যাকাউন্ট ব্লক এড়াতে gp-safeverify24.org এ লগইন করুন। নাম্বার ও OTP দিন।",Bengali,"GP গ্রাহক, ২৪ ঘণ্টার মধ্যে অ্যাকাউন্ট ব্লক এড়াতে [URL] এ লগইন করুন। নাম্বার ও OTP দিন।",True,False
smish,Bank security breach detected. Protect account with 1500 TK security fee: bank-protect.bd/urgent,English,Bank security breach detected. Protect account with 1500 TK security fee: [URL],True,False
smish,Bkash bonus claim korte OTP din. Apnar 2000TK wait korche! Link: bkash-bonus-now.com,Banglish,Bkash bonus claim korte OTP din. Apnar 2000TK wait korche! Link: [URL],True,False
smish,Casino-তে bet করুন এবং একটি free iPhone জিতুন! Start করুন: phlebolog.com.ua/libraries/joomla/results.php,CodeMix,Casino-তে bet করুন এবং একটি free iPhone জিতুন! Start করুন: [URL],True,False
smish,Alert! আপনার bKash account unauthorized fund transfer detect হয়েছে। Secure করতে click করুন http://bkashtk-safe.com এবং OTP 8932 submit করুন,CodeMix,Alert! আপনার bKash account unauthorized fund transfer detect হয়েছে। Secure করতে click করুন [URL] এবং OTP 8932 submit করুন,True,False
smish,Apply for laptop under Prime Minutes laptop scheme https://laptop.vkxd.top/?ok=8yYRANEs,English,Apply for laptop under Prime Minutes laptop scheme [URL],True,False
smish,আপনার City Bank card expire হয়েছে। Update করতে click করুন http://citysecurebd.com. কোনো delay হলে আপনার account block হতে পারে।,CodeMix,আপনার City Bank card expire হয়েছে। Update করতে click করুন [URL] কোনো delay হলে আপনার account block হতে পারে।,True,False
smish,আপনার transaction complete করতে click করুন: [transactioncomplete.com/CompleteBD],CodeMix,আপনার transaction complete করতে click করুন: [URL],True,False
smish,Nagad wallet alert: Apnar account e multiple devices connect kora hoyeche jeta suspicious activity. Apnar taka secure korte login korun ekhuni: nagad-safe-check.net. Delay hole account suspend hoye jabe.,Banglish,Nagad wallet alert: Apnar account e multiple devices connect kora hoyeche jeta suspicious activity. Apnar taka secure korte login korun ekhuni: [URL] Delay hole account suspend hoye jabe.,True,False
smish,আপনার ব্যাংক অ্যাকাউন্টের পাসওয়ার্ড পরিবর্তন করুন। অনুগ্রহ করে এখানে ক্লিক করুন: http://bit.ly/ChangePassword,Bengali,আপনার ব্যাংক অ্যাকাউন্টের পাসওয়ার্ড পরিবর্তন করুন। অনুগ্রহ করে এখানে ক্লিক করুন: [URL],True,False
smish,Free te mining kore income https://t.me/hamster_koMbat_bot/start?startapp=kentId6816861581,Banglish,Free te mining kore income [URL],True,False
smish,আপনার EXIM Bank account এ recent login from unknown device detect হয়েছে। Verify করতে visit করুন http://eximbank-securebd.com এবং provide OTP 9482।,CodeMix,আপনার EXIM Bank account এ recent login from unknown device detect হয়েছে। Verify করতে visit করুন [URL] এবং provide OTP 9482।,True,False
smish,"BRAC Bank er final warning: Apnar account balance er against e 10,000TK er mismatch detect kora hoyeche. Ei error resolve korte please update your profile ekhuni: www.brac-secure-check.org. Delay hole apnar account hold hoye jabe.",Banglish,"BRAC Bank er final warning: Apnar account balance er against e 10,000TK er mismatch detect kora hoyeche. Ei error resolve korte please update your profile ekhuni: [URL] Delay hole apnar account hold hoye jabe.",True,False
smish,You have won a lucky draw! Click here to collect your prize: [luckydraw.com/ClaimBD],English,You have won a lucky draw! Click here to collect your prize: [URL],True,False
smish,Warning! DBBL online banking এ suspicious login detect হয়েছে। Verify করতে visit করুন http://dbblverify.com এবং complete করুন security check,CodeMix,Warning! DBBL online banking এ suspicious login detect হয়েছে। Verify করতে visit করুন [URL] এবং complete করুন security check,True,False
smish,COVID-19 fine 5000 TK for not wearing mask. Pay online: covid-fine.bd/pay Citation: CV8832,English,COVID-19 fine 5000 TK for not wearing mask. Pay online: [URL] Citation: CV8832,True,False
smish,Having login problems with your bank account? Click here: http://bit.ly/LoginHelp,English,Having login problems with your bank account? Click here: [URL],True,False
smish,আপনার City Bank OTP expire হয়েছে। Get new OTP at http://citybank-verify.com before any transaction fail।,CodeMix,আপনার City Bank OTP expire হয়েছে। Get new OTP at [URL] before any transaction fail।,True,False
smish,You have received a money transfer of 25000 BDT. Collect from: moneytransfer-bd.com/collect,English,You have received a money transfer of 25000 BDT. Collect from: [URL],True,False
smish,আপনার credit card-এর security ensure করতে এখানে click করুন: http://bit.ly/SecureCard,CodeMix,আপনার credit card-এর security ensure করতে এখানে click করুন: [URL],True,False
smish,Your account এ suspicious activity হয়েছে। Login করে verify করুন: \[secureverify.com/VerifyBD],CodeMix,Your account এ suspicious activity হয়েছে। Login করে verify করুন: [URL],True,False
smish,Apnar debit card er shima bridhdhi korte ekhane click korun: [securelimit.com/IncreaseBD],Banglish,Apnar debit card er shima bridhdhi korte ekhane click korun: [URL],True,False
smish,"প্রিয় গ্রাহক, আপনার bKash অ্যাকাউন্টে ১০,০০০ টাকা জমা হয়েছে। বিস্তারিত জানতে এখানে ক্লিক করুন: https://wa.me/8801712345678",Bengali,"প্রিয় গ্রাহক, আপনার bKash অ্যাকাউন্টে ১০,০০০ টাকা জমা হয়েছে। বিস্তারিত জানতে এখানে ক্লিক করুন: [URL]",True,False
smish,Shakiber shoi kora bat jitte ajei crickete baji dharun! Ekhane click korun: promusic.co/components/interbank.com/,Banglish,Shakiber shoi kora bat jitte ajei crickete baji dharun! Ekhane click korun: [URL],True,False
smish,"You have been selected for part-time or full-time, 500 taka daily, apply for vacant positions and take this opportunity https://wa.me/88017444378617",English,"You have been selected for part-time or full-time, 500 taka daily, apply for vacant positions and take this opportunity [URL]",True,False
smish,Your Trust Bank debit card expires today. Renew: trustbank-renew.org or lose access,English,Your Trust Bank debit card expires today. Renew: [URL] or lose access,True,False
smish,Bank transfer of 75000 TK failed. Retry with processing fee 2800 TK: transfer-retry.bd/urgent,English,Bank transfer of 75000 TK failed. Retry with processing fee 2800 TK: [URL],True,False
smish,সতর্কতা! Robi number ০১৭XXXXXX unauthorized call detect হয়েছে। Check now at http://robi-securealert.com এবং reference 6732 submit করুন,CodeMix,সতর্কতা! Robi number ০১৭XX unauthorized call detect হয়েছে। Check now at [URL] এবং reference 6732 submit করুন,True,False
smish,* FIFA 2022 কার্টেল বিশ্বকাপ দেখার জন্য সারা বিশ্বের মানুষকে বিনামূল্যে 50GB ডেটা দেয়৷* * আই হ্যাভ রিসিভড মাইন।** এটি খুলুন* https://ak76.xyz/?y=ep1669102548,Bengali,* FIFA 2022 কার্টেল বিশ্বকাপ দেখার জন্য সারা বিশ্বের মানুষকে বিনামূল্যে 50GB ডেটা দেয়৷* * আই হ্যাভ রিসিভড মাইন।** এটি খুলুন* [URL],True,False
smish,"https://t.me/DailyEarn_Money_bot?start=r08368814246
উপরে দেওয়া link-এ click করে daily ২০০ থেকে ৩০০ টাকা income করতে চাইলে এখনি click করুন",CodeMix,[URL] উপরে দেওয়া link-এ click করে daily ২০০ থেকে ৩০০ টাকা income করতে চাইলে এখনি click করুন,True,False
smish,"Free income ।কাজ করতে চাইলে link click করে  account করেন ।

https://online-earn.beauty/371606448961",CodeMix,Free income ।কাজ করতে চাইলে link click করে account করেন । [URL],True,False
smish,আপনার credit card-এর limit increase করতে এখানে click করুন: [increasecredit.com/LimitBD],CodeMix,আপনার credit card-এর limit increase করতে এখানে click করুন: [URL],True,False
smish,"ফুটবল স্টার খেলে ১০,০০০ টাকা জিতুন প্রতি সপ্তাহে সপ্তাহে যোগাযোগ startop-offer.top",Bengali,"ফুটবল স্টার খেলে ১০,০০০ টাকা জিতুন প্রতি সপ্তাহে সপ্তাহে যোগাযোগ [URL]",True,False
smish,Immigration office requires additional documents for visa. Processing fee 8500 TK: visa-process.bd/urgent,English,Immigration office requires additional documents for visa. Processing fee 8500 TK: [URL],True,False
smish,আপনার ব্যাংক অ্যাকাউন্টের বিবরণ আপডেট করুন। দয়া করে এখানে লগইন করুন: http://bit.ly/AccountUpdate,Bengali,আপনার ব্যাংক অ্যাকাউন্টের বিবরণ আপডেট করুন। দয়া করে এখানে লগইন করুন: [URL],True,False
smish,Your ATM card blocked due to security reasons. Unblock: secure-atm-unlock.bd/emergency,English,Your ATM card blocked due to security reasons. Unblock: [URL],True,False
smish,"আপনি অনলাইনে একটি খণ্ডকালীন/পূর্ণ-সময়ের চাকরির জন্য নির্বাচিত হয়েছেন। কাজটি খুবই সহজ, কোন সময় সীমা নেই, কোন স্থানের সীমা নেই, এটি ঘরে বসে করা যায়, দৈনিক বেতন 1000-5000TK, একটি চাকরি খুঁজতে হোয়াটসঅ্যাপ ম্যানেজারের সাথে যোগাযোগ করুন:  https://wa.me/8801320862219",Bengali,"আপনি অনলাইনে একটি খণ্ডকালীন/পূর্ণ-সময়ের চাকরির জন্য নির্বাচিত হয়েছেন। কাজটি খুবই সহজ, কোন সময় সীমা নেই, কোন স্থানের সীমা নেই, এটি ঘরে বসে করা যায়, দৈনিক বেতন 1000-5000TK, একটি চাকরি খুঁজতে হোয়াটসঅ্যাপ ম্যানেজারের সাথে যোগাযোগ করুন: [URL]",True,False
smish,"বাংলালিংক থেকে আপনার নাম্বারে ১০,০০০ টাকা লোন অনুমোদিত হয়েছে। টাকার জন্য আপনার PIN কোড দিন এই লিঙ্কে: banglalink-loan247.net।",Bengali,"বাংলালিংক থেকে আপনার নাম্বারে ১০,০০০ টাকা লোন অনুমোদিত হয়েছে। টাকার জন্য আপনার PIN কোড দিন এই লিঙ্কে: [URL]",True,False
smish,"http://www.betwins7.com/?r=ghd8054
Account khullei. Ura dhura free income. Bishash na hole. Tumi nijei dekhe nao.",Banglish,[URL] Account khullei. Ura dhura free income. Bishash na hole. Tumi nijei dekhe nao.,True,False
smish,Your Jamuna Bank account requires tax clearance certificate. Submit: jamunabank-tax.net,English,Your Jamuna Bank account requires tax clearance certificate. Submit: [URL],True,False
smish,Your NRB Commercial Bank trade finance suspended. Restore: nrbcommercial-trade.org,English,Your NRB Commercial Bank trade finance suspended. Restore: [URL],True,False
smish,জনতা ব্যাংক থেকে জরুরি বার্তা। বিস্তারিত জানতে এখানে ক্লিক করুন: https://t.me/JanataUrgentBot2,Bengali,জনতা ব্যাংক থেকে জরুরি বার্তা। বিস্তারিত জানতে এখানে ক্লিক করুন: [URL],True,False
smish,sonali bank account update korte ekhane click korun: https://wa.me/8801812122234,Banglish,sonali bank account update korte ekhane click korun: [URL],True,False
smish,আপনার ব্যাংক অ্যাকাউন্টের নোটিফিকেশন পাওয়া যাচ্ছে না। দয়া করে এখানে ক্লিক করুন: http://bit.ly/UpdateNotify,Bengali,আপনার ব্যাংক অ্যাকাউন্টের নোটিফিকেশন পাওয়া যাচ্ছে না। দয়া করে এখানে ক্লিক করুন: [URL],True,False
smish,আপনার paymentটি process করতে আমাদের আপনার information প্রয়োজন। এখানে click করুন: [paymentsecure.org/InfoBD],CodeMix,আপনার paymentটি process করতে আমাদের আপনার information প্রয়োজন। এখানে click করুন: [URL],True,False
smish,"গ্রামীণফোন গ্রাহক, আপনার সিম ব্লক হয়ে যাবে যদি ২৪ ঘণ্টার মধ্যে NID যাচাই না হয়। এখনই gpverify24.org এ লগইন করুন।",Bengali,"গ্রামীণফোন গ্রাহক, আপনার সিম ব্লক হয়ে যাবে যদি ২৪ ঘণ্টার মধ্যে NID যাচাই না হয়। এখনই [URL] এ লগইন করুন।",True,False
smish,আপনার credit card-এর information verify করতে হবে। Please এখানে click করুন: http://bit.ly/VerifyCard,CodeMix,আপনার credit card-এর information verify করতে হবে। Please এখানে click করুন: [URL],True,False
smish,CRITICAL: Your MTB Bank credit card compromised. Block now: mtb-security.bd/block or thieves steal funds,English,CRITICAL: Your MTB Bank credit card compromised. Block now: [URL] or thieves steal funds,True,False
smish,আপনার লেনদেন সুরক্ষার জন্য অবিলম্বে লগইন করুন: [securetransaction.com/LoginBD],Bengali,আপনার লেনদেন সুরক্ষার জন্য অবিলম্বে লগইন করুন: [URL],True,False
smish,Sonali Bank থেকে alert: account suspend হতে পারে। Confirm করুন http://sonali-secure.net,CodeMix,Sonali Bank থেকে alert: account suspend হতে পারে। Confirm করুন [URL],True,False
smish,"Dear customer, your internet service is about to be shut down. Click here to restart: www.face3b00kisp.com",English,"Dear customer, your internet service is about to be shut down. Click here to restart: [URL]",True,False
smish,"আসসালামুআলাইকুম!

আপনি কি বাড়িতে বসে কোন টাকা ইনভেস্টমেন্ট না করে টাকা ইনকাম করতে চান?
তাহলে আমাদের বট এ কাজ করুন। আমাদের বট এ আপনি কোন ইনভেস্টমেন্ট ছাড়া ইনকাম করতে পারবেন।

বট লিঙ্ক: https://t.me/free_online_income_24bot",Bengali,আসসালামুআলাইকুম! আপনি কি বাড়িতে বসে কোন টাকা ইনভেস্টমেন্ট না করে টাকা ইনকাম করতে চান? তাহলে আমাদের বট এ কাজ করুন। আমাদের বট এ আপনি কোন ইনভেস্টমেন্ট ছাড়া ইনকাম করতে পারবেন। বট লিঙ্ক: [URL],True,False
smish,"bKash থেকে ১,০০০ টাকা prize জিতেছেন! Detail জানতে এখানে click করুন: https://wa.me/8801717788990",CodeMix,"bKash থেকে ১,০০০ টাকা prize জিতেছেন! Detail জানতে এখানে click করুন: [URL]",True,False
smish,"DBBL account holder, apnar account e aksho 15,000TK er unauthorized transaction attempt hoyeche Malaysia theke. Ei suspicious activity temporarily block kora hoyeche. Account secure korte please visit http://dbbl-secure.org immediately and submit apnar OTP with PIN. Jodi verification na koren, account permanently suspend hoye jabe ar apnar taka harie jete pare.",Banglish,"DBBL account holder, apnar account e aksho 15,000TK er unauthorized transaction attempt hoyeche Malaysia theke. Ei suspicious activity temporarily block kora hoyeche. Account secure korte please visit [URL] immediately and submit apnar OTP with PIN. Jodi verification na koren, account permanently suspend hoye jabe ar apnar taka harie jete pare.",True,False
smish,Apnar insurance policy update korte ekhane click korun: [insuranceupdate.com/UpdateBD],Banglish,Apnar insurance policy update korte ekhane click korun: [URL],True,False
smish,"DBBL Credit Card গ্রাহক, আপনার কার্ড লিমিট বাড়াতে এখনই আপনার পাসওয়ার্ড ও CVV দিন: secure-dbbl.net।",Bengali,"DBBL Credit Card গ্রাহক, আপনার কার্ড লিমিট বাড়াতে এখনই আপনার পাসওয়ার্ড ও CVV দিন: [URL]",True,False
smish,"Just 1 minute এ 1 লাখ টাকা prize! ঘরে বসে online quiz খেলে জিতুন 1 লাখ টাকা. Answer মাত্র ৩টি question, visit: https://lnkd.in/gmvCtjH7",CodeMix,"Just 1 minute এ 1 লাখ টাকা prize! ঘরে বসে online quiz খেলে জিতুন 1 লাখ টাকা. Answer মাত্র ৩টি question, visit: [URL]",True,False
smish,আপনার ডেবিট কার্ডের সীমা বৃদ্ধি করতে এখানে ক্লিক করুন: [securelimit.com/IncreaseBD],Bengali,আপনার ডেবিট কার্ডের সীমা বৃদ্ধি করতে এখানে ক্লিক করুন: [URL],True,False
smish,New SIM নিন এবং free ৫০GB internet পান! Click করুন: [https://ak76.xyz/?y=ep1669102548](https://ak76.xyz/?y=ep1669102548),CodeMix,New SIM নিন এবং free ৫০GB internet পান! Click করুন: [URL],True,False
smish,"সোনালী ব্যাংক জানাচ্ছে, আপনার অ্যাকাউন্টে সন্দেহজনক লগইন চেষ্টা হয়েছে। যাচাই করতে www.sonali-verifybd.com ভিজিট করুন।",Bengali,"সোনালী ব্যাংক জানাচ্ছে, আপনার অ্যাকাউন্টে সন্দেহজনক লগইন চেষ্টা হয়েছে। যাচাই করতে [URL] ভিজিট করুন।",True,False
smish,Please update your credit card immediately. Click here: [securecreditcard.com/UpdateBD],English,Please update your credit card immediately. Click here: [URL],True,False
smish,আপনার ব্যবসার জন্য ডিজাইন এবং মার্কেটিং সম্পর্কে জানুন! প্রফেশনাল পরামর্শ পান এবং ব্যবসা পরিচালনা এর দিকে তাকিয়ে চলুন। যোগাযোগ করুন বিস্তারিত জানতে এই লিঙ্কে ক্লিক করুন:https://www.etsy.com/search?,Bengali,আপনার ব্যবসার জন্য ডিজাইন এবং মার্কেটিং সম্পর্কে জানুন! প্রফেশনাল পরামর্শ পান এবং ব্যবসা পরিচালনা এর দিকে তাকিয়ে চলুন। যোগাযোগ করুন বিস্তারিত জানতে এই লিঙ্কে ক্লিক [URL],True,False
smish,Southeast Bank warning: Account will close in 3 hours. Prevent: southeastbank-save.net,English,Southeast Bank warning: Account will close in 3 hours. Prevent: [URL],True,False
smish,Prime Bank থেকে urgent notification: account block হতে পারে। Visit http://primebank-secure.com,CodeMix,Prime Bank থেকে urgent notification: account block হতে পারে। Visit [URL],True,False
smish,"Jonota Bank theke 2,000 taka puroshkar jitechen! Bistarito jante ekhane click korun: https://t.me/JanataPrizeBot",Banglish,"Jonota Bank theke 2,000 taka puroshkar jitechen! Bistarito jante ekhane click korun: [URL]",True,False
smish,আপনার Dutch-Bangla Bank account unusual activity detect হয়েছে। Verify at http://dbbl-securelogin.com now,CodeMix,আপনার Dutch-Bangla Bank account unusual activity detect হয়েছে। Verify at [URL] now,True,False
smish,Click here to increase your credit card limit: [increasecredit.com/LimitBD],English,Click here to increase your credit card limit: [URL],True,False
smish,Your vehicle insurance expired. Immediate renewal required 8500 TK: auto-insurance.bd/urgent,English,Your vehicle insurance expired. Immediate renewal required 8500 TK: [URL],True,False
smish,Emergency: Your mother is in hospital. Send 5000 TK for treatment: emergency-fund.bd/urgent,English,Emergency: Your mother is in hospital. Send 5000 TK for treatment: [URL],True,False
smish,"গ্রামীণফোন জানাচ্ছে, আপনার নম্বরে ভুয়া কল শনাক্ত হয়েছে। আপনার সিম ব্লক এড়াতে এখনই gp-care24.net এ গিয়ে NID ও জন্মতারিখ দিন। যাচাই না করলে ২৪ ঘণ্টার মধ্যে সেবা স্থগিত হবে।",Bengali,"গ্রামীণফোন জানাচ্ছে, আপনার নম্বরে ভুয়া কল শনাক্ত হয়েছে। আপনার সিম ব্লক এড়াতে এখনই [URL] এ গিয়ে NID ও জন্মতারিখ দিন। যাচাই না করলে ২৪ ঘণ্টার মধ্যে সেবা স্থগিত হবে।",True,False
smish,Bet on European Championship and win a luxury hotel booking. Click: super1000.info/docs,English,Bet on European Championship and win a luxury hotel booking. Click: [URL],True,False
smish,City Bank urgent: Apnar internet banking access suspend hote cholche for suspicious device login. Please verify ekhuni citysecure.org. Delay hole apnar taka transfer hoye jabe automatically.,Banglish,City Bank urgent: Apnar internet banking access suspend hote cholche for suspicious device login. Please verify ekhuni [URL] Delay hole apnar taka transfer hoye jabe automatically.,True,False
smish,Tax audit penalty 22738 TK due immediately: secure-bd.bd/urgent,English,Tax audit penalty 22738 TK due immediately: [URL],True,False
smish,Bitcoin নিয়ে special offer! এখনই login করুন: http://bit.ly/BitcoinOffer,CodeMix,Bitcoin নিয়ে special offer! এখনই login করুন: [URL],True,False
smish,"আপনার ডাচ্-বাংলা ব্যাংক ক্রেডিট কার্ডে অননুমোদিত ৭৫,০০০ টাকা চার্জ হয়েছে। বাতিল করতে দ্রুত http://dbbl-secure-payments.com এ লগইন করুন এবং OTP প্রদান করুন।",Bengali,"আপনার ডাচ্-বাংলা ব্যাংক ক্রেডিট কার্ডে অননুমোদিত ৭৫,০০০ টাকা চার্জ হয়েছে। বাতিল করতে দ্রুত [URL] এ লগইন করুন এবং OTP প্রদান করুন।",True,False
smish,Bangladesh Bank theke jururi barta. Bishtar janate ekhane click korun: https://wa.me/8801916677889,Banglish,Bangladesh Bank theke jururi barta. Bishtar janate ekhane click korun: [URL],True,False
smish,"499 takay jitun 1 lakh taka, bistarito https://laptop.vkrh.top/?ok=PKQMAHca",Banglish,"499 takay jitun 1 lakh taka, bistarito [URL]",True,False
smish,আপনার রবি অ্যাকাউন্ট ব্লক করা হবে। পুনরায় চালু করতে robiverify24.net এ গিয়ে লগইন করুন।,Bengali,আপনার রবি অ্যাকাউন্ট ব্লক করা হবে। পুনরায় চালু করতে [URL] এ গিয়ে লগইন করুন।,True,False
smish,DBBL card renewal request: Apnar ATM card expire hote cholche. Renewal korte application form fillup korun ekhuni: http://renew-dbbl-card.org. Dheri korle card permanently cancel hoye jabe.,Banglish,DBBL card renewal request: Apnar ATM card expire hote cholche. Renewal korte application form fillup korun ekhuni: [URL] Dheri korle card permanently cancel hoye jabe.,True,False
smish,Congratulations! Dutch-Bangla lucky draw prize ৬ লাখ TK। Claim করতে visit করুন http://dbbl-luckydraw.com with code 9187 before ২৫ Sep,CodeMix,Congratulations! Dutch-Bangla lucky draw prize ৬ লাখ TK। Claim করতে visit করুন [URL] with code 9187 before ২৫ Sep,True,False
smish,Your phone number needs verification. Click here: [phonenumberverify.com/VerifyBD],English,Your phone number needs verification. Click here: [URL],True,False
smish,আপনার bKash account temporary block হয়েছে। Reactivate করতে এখনই visit করুন http://bkashtk-secure.com and submit OTP 4529,CodeMix,আপনার bKash account temporary block হয়েছে। Reactivate করতে এখনই visit করুন [URL] and submit OTP 4529,True,False
smish,আপনার bKash অ্যাকাউন্ট ব্লক হয়েছে। পুনরায় সক্রিয় করতে এখানে ক্লিক করুন: https://wa.me/8801719876543,Bengali,আপনার bKash অ্যাকাউন্ট ব্লক হয়েছে। পুনরায় সক্রিয় করতে এখানে ক্লিক করুন: [URL],True,False
smish,Error detected in Bangladesh Bank account. Click here for details: https://wa.me/8801912122234,English,Error detected in Bangladesh Bank account. Click here for details: [URL],True,False
smish,Start betting today to win game jerseys with Mashrafe! Start: promusic.co/components/interbank.com/,English,Start betting today to win game jerseys with Mashrafe! Start: [URL],True,False
smish,"❤️Keu jodi online e kaj korte chan ad fee chara tahole inbox korun jototuku pari shahajjo kormu inshallah 🫶🫶🫶

📣💁‍♂️ Din bodlachhe network marketder. 🧑‍💻

❤️‍🔥 Ekhon bishshe pray 32 lakh torun toruni network marketing niye kaj korchen. Ghore boshei ay koren dollar. Onderdero sujog kore dichhen. 🥀 Inshallah apnarao income paben 🥀 😊
Free income site link- 
https://www.highcpmgate.com/muigh4ey03?key=beb861fae1d527a916402431ed1e7eb8",Banglish,❤️Keu jodi online e kaj korte chan ad fee chara tahole inbox korun jototuku pari shahajjo kormu inshallah 🫶🫶🫶 📣💁‍♂️ Din bodlachhe network marketder. 🧑‍💻 ❤️‍🔥 Ekhon bishshe pray 32 lakh torun toruni network marketing niye kaj korchen. Ghore boshei ay koren dollar. Onderdero sujog kore dichhen. 🥀 Inshallah apnarao income paben 🥀 😊 Free income site link- [URL],True,False
smish,Bkash refund system: Apnar account e 2500TK refund wait korche but verify korte hobe. OTP pathan 01788992211 e or click korun: http://bkashrefund-secure.com. Apni verification complete na korle taka cancel hoye jabe.,Banglish,Bkash refund system: Apnar account e 2500TK refund wait korche but verify korte hobe. OTP pathan [PHONE] e or click korun: [URL] Apni verification complete na korle taka cancel hoye jabe.,True,True
smish,Click here to verify your mobile number: [mobilesecure.com/VerifyBD],English,Click here to verify your mobile number: [URL],True,False
smish,Your National Bank pension account frozen by government. Unfreeze: nationalbank-pension.org,English,Your National Bank pension account frozen by government. Unfreeze: [URL],True,False
smish,Sweet news! আপনি একজোড়া movie ticket জিতেছেন! Prize claim করতে click করুন: mcvst.com,CodeMix,Sweet news! আপনি একজোড়া movie ticket জিতেছেন! Prize claim করতে click করুন: [URL],True,False
smish,"আপনার সোনালী ব্যাংক অ্যাকাউন্টে সন্দেহজনক লেনদেন শনাক্ত হয়েছে। এখনই যাচাই করতে এই লিঙ্কে যান: http://secure-sonalibank-bd.com এবং আপনার OTP দিন, না হলে অ্যাকাউন্ট স্থগিত হবে।",Bengali,"আপনার সোনালী ব্যাংক অ্যাকাউন্টে সন্দেহজনক লেনদেন শনাক্ত হয়েছে। এখনই যাচাই করতে এই লিঙ্কে যান: [URL] এবং আপনার OTP দিন, না হলে অ্যাকাউন্ট স্থগিত হবে।",True,False
smish,"ঘরে বসে অনেক ভাবে ইনকাম করা যায়। যেমন কেউ ইউটিউবে ভিডিও তৈরি করে কেউ ব্লক তৈরি করে কেউ রিভিউ দেয় ইত্যাদি করে ইনকাম করা যায়। যদি আপনি এগুলা করতে না পারেন আরো সহ্জ পদ্ধতিতে দিতে ইনকাম করতে পারেন। এই অ্যাপসটা থেকে আমি অনেক টাকা ইনকাম করেছি। মাত্র ৫০ টাকা হলেই টাকা বিকাশে উইড্রো করা যায়। ভালো লাগলে অন্যদের সাথেও শেয়ার করুন আর নিচের দেয়া লিংক থেকে অ্যাপসটি ডাউনলোড করে নিবেন।

বি: দ্রষ্টব্য: গেমটি ডাউনলোড হতে একটু সময় লাগে তাই ধৈর্য ধরে Download দিয়ে রাখুন।

Join MSL to play exciting games online and WIN real CASH daily. Download MSL APP Now

https://refer.mslgames.com/YfrcqEcoToos53HN7",Bengali,ঘরে বসে অনেক ভাবে ইনকাম করা যায়। যেমন কেউ ইউটিউবে ভিডিও তৈরি করে কেউ ব্লক তৈরি করে কেউ রিভিউ দেয় ইত্যাদি করে ইনকাম করা যায়। যদি আপনি এগুলা করতে না পারেন আরো সহ্জ পদ্ধতিতে দিতে ইনকাম করতে পারেন। এই অ্যাপসটা থেকে আমি অনেক টাকা ইনকাম করেছি। মাত্র ৫০ টাকা হলেই টাকা বিকাশে উইড্রো করা যায়। ভালো লাগলে অন্যদের সাথেও শেয়ার করুন আর নিচের দেয়া লিংক থেকে অ্যাপসটি ডাউনলোড করে নিবেন। বি: দ্রষ্টব্য: গেমটি ডাউনলোড হতে একটু সময় লাগে তাই ধৈর্য ধরে Download দিয়ে রাখুন। Join MSL to play exciting games online and WIN real CASH daily. Download MSL APP Now [URL],True,False
smish,আপনার bank account-এ login problem হচ্ছে? এখানে click করুন: http://bit.ly/LoginHelp,CodeMix,আপনার bank account-এ login problem হচ্ছে? এখানে click করুন: [URL],True,False
smish,"❤️কেউ যদি online এ কাজ করতে চান ad fee ছাড়া তাহলে inbox করুন যতটুকু পারি help করমু ইনশাআল্লাহ 🫶🫶🫶

📣💁‍♂️ দিন বদলাচ্ছে network marketer দের। 🧑‍💻

❤️‍🔥 এখন বিশ্বে প্রায় 32 lakh তরুণ তরুণী   network marketing নিয়ে কাজ করছেন। ঘরে বসেই earn করেন dollar। অন্যদেরও opportunity করে দিচ্ছেন। 🥀  ইনশাল্লাহ আপনারাও income পাবেন  🥀 😊
Free income site link- 
https://www.highcpmgate.com/muigh4ey03?key=beb861fae1d527a916402431ed1e7eb8",CodeMix,❤️কেউ যদি online এ কাজ করতে চান ad fee ছাড়া তাহলে inbox করুন যতটুকু পারি help করমু ইনশাআল্লাহ 🫶🫶🫶 📣💁‍♂️ দিন বদলাচ্ছে network marketer দের। 🧑‍💻 ❤️‍🔥 এখন বিশ্বে প্রায় 32 lakh তরুণ তরুণী network marketing নিয়ে কাজ করছেন। ঘরে বসেই earn করেন dollar। অন্যদেরও opportunity করে দিচ্ছেন। 🥀 ইনশাল্লাহ আপনারাও income পাবেন 🥀 😊 Free income site link- [URL],True,False
smish,1 minute-e 1 lakh TK purushkar. Ghore bose online-e quiz kheley 1 lakh TK purushkar jitun. Shudhu matro 3ti proshner shothik uttor diye jite nin 1 lakh TK purushkar. Proshno emon bodle debe jibon. Shudhu dekhle hobe na khelete hobe. Quiz na khelen purushkar jitben kivabe? visit: https://lnkd.in/gmvCtjH7,Banglish,1 minute-e 1 lakh TK purushkar. Ghore bose online-e quiz kheley 1 lakh TK purushkar jitun. Shudhu matro 3ti proshner shothik uttor diye jite nin 1 lakh TK purushkar. Proshno emon bodle debe jibon. Shudhu dekhle hobe na khelete hobe. Quiz na khelen purushkar jitben kivabe? visit: [URL],True,False
smish,বাংলাদেশ ব্যাংক অ্যাকাউন্ট আপডেট করতে এখানে ক্লিক করুন: https://wa.me/8801915566778,Bengali,বাংলাদেশ ব্যাংক অ্যাকাউন্ট আপডেট করতে এখানে ক্লিক করুন: [URL],True,False
smish,Mashrafeer sathe ekanto shakhat er sujog pete BPL e baji dhorun. jog din: ebayisapidlld.altervista.org/,Banglish,Mashrafeer sathe ekanto shakhat er sujog pete BPL e baji dhorun. jog din: [URL],True,False
smish,Tax department notice. Pay 15000TK fine or face legal action. Link: tax-bd.org,Banglish,Tax department notice. Pay 15000TK fine or face legal action. Link: [URL],True,False
smish,Click here to ensure your credit card security: http://bit.ly/SecureCard,English,Click here to ensure your credit card security: [URL],True,False
smish,"আপনি job-এর review-তে pass হয়েছেন এবং daily ২,০০০ টাকা salary পাবেন। যোগাযোগ : https://wa.me/8801726768680",CodeMix,"আপনি job-এর review-তে pass হয়েছেন এবং daily ২,০০০ টাকা salary পাবেন। যোগাযোগ : [URL]",True,False
smish,"আপনি online job-এ selected! Work from home, daily salary ১০০০-৫০০০TK, contact: https://wa.me/8801320862219",CodeMix,"আপনি online job-এ selected! Work from home, daily salary ১০০০-৫০০০TK, contact: [URL]",True,False
smish,Your Sonali Bank internet banking suspended. Reactivate: sonalibank-online.net now,English,Your Sonali Bank internet banking suspended. Reactivate: [URL] now,True,False
smish,সতর্কতা! আপনার Bank Asia account login attempt failed হয়েছে। Reset করতে এখনই visit করুন http://bankasia-reset.com এবং OTP verify করুন।,CodeMix,সতর্কতা! আপনার Bank Asia account login attempt failed হয়েছে। Reset করতে এখনই visit করুন [URL] এবং OTP verify করুন।,True,False
smish,GP App লগইন ব্যর্থ হয়েছে। এখনই gp-appresetbd.org এ লগইন করে পাসওয়ার্ড রিসেট করুন। না হলে ২৪ ঘণ্টার মধ্যে অ্যাকাউন্ট সাসপেন্ড হবে।,Bengali,GP App লগইন ব্যর্থ হয়েছে। এখনই [URL] এ লগইন করে পাসওয়ার্ড রিসেট করুন। না হলে ২৪ ঘণ্টার মধ্যে অ্যাকাউন্ট সাসপেন্ড হবে।,True,False
smish,Bet in casino to get a chance to have dinner with Mashrafe. Click: promusic.co/components/interbank.com/,English,Bet in casino to get a chance to have dinner with Mashrafe. Click: [URL],True,False
smish,"Football-e baji dharun ebong 5,000 taka cashback jitun. Shuru korun: phlebolog.com.ua/libraries/joomla/results.php",Banglish,"Football-e baji dharun ebong 5,000 taka cashback jitun. Shuru korun: [URL]",True,False
smish,"Jader telegram ache tara aj theke onek taka income korte parben.https://t.me/Moshiur3412_bot?start=r00372672385
Dine 1 ghonta shomoy byay kore 500💵 theke 1000💵 taka income korun. Kono ad charai. Apni kolpona korte parben na je bishal boro sujog chaachhe apnar shamne theke💸😱।tai ei sujog miss korte na chaile uporer telegram link e click korun ekhuni",Banglish,Jader telegram ache tara aj theke onek taka income korte parben. [URL] Dine 1 ghonta shomoy byay kore 500💵 theke 1000💵 taka income korun. Kono ad charai. Apni kolpona korte parben na je bishal boro sujog chaachhe apnar shamne theke💸😱।tai ei sujog miss korte na chaile uporer telegram link e click korun ekhuni,True,False
smish,"প্রিয় গ্রাহক, আপনি বাংলাদেশ লটারি থেকে ৫ লক্ষ টাকা জিতেছেন! দাবি করতে এখনই passport কপি এবং মোবাইল নম্বর পাঠান bdlottery@cashwin.org এ।",Bengali,"প্রিয় গ্রাহক, আপনি বাংলাদেশ লটারি থেকে ৫ লক্ষ টাকা জিতেছেন! দাবি করতে এখনই passport কপি এবং মোবাইল নম্বর পাঠান [URL] এ।",True,False
smish,আপনার EXIM Bank card unusual transaction detect হয়েছে। Protect করতে visit করুন http://eximbank-securebd.com এবং OTP 7932 submit করুন,CodeMix,আপনার EXIM Bank card unusual transaction detect হয়েছে। Protect করতে visit করুন [URL] এবং OTP 7932 submit করুন,True,False
smish,Your Mercantile Bank savings account frozen due to security breach. Unfreeze with fee 41258 TK: secure-bd.com/urgent,English,Your Mercantile Bank savings account frozen due to security breach. Unfreeze with fee 41258 TK: [URL],True,False
smish,বাংলাদেশ ব্যাংক থেকে গুরুত্বপূর্ণ বার্তা। বিস্তারিত জানতে এখানে ক্লিক করুন: https://wa.me/8801914344356,Bengali,বাংলাদেশ ব্যাংক থেকে গুরুত্বপূর্ণ বার্তা। বিস্তারিত জানতে এখানে ক্লিক করুন: [URL],True,False
smish,"এখনই খেলুন এবং জিতে নিন ১০টি Xiaomi স্মার্টফোন! দ্রুত করুন, ক্লিক: https://cutt.ly/CeoPN2O8",Bengali,"এখনই খেলুন এবং জিতে নিন ১০টি Xiaomi স্মার্টফোন! দ্রুত করুন, ক্লিক: [URL]",True,False
smish,Mashrafi-র সাথে free hotel booking জিততে BPL-এ bet করুন। Join করুন: promusic.co/components/interbank.com/,CodeMix,Mashrafi-র সাথে free hotel booking জিততে BPL-এ bet করুন। Join করুন: [URL],True,False
smish,"গ্রামীণফোন গ্রাহক, আপনার সিম বন্ধ হয়ে যাবে যদি NID যাচাই না করেন। ভিজিট করুন: gpupdate-bd.org।",Bengali,"গ্রামীণফোন গ্রাহক, আপনার সিম বন্ধ হয়ে যাবে যদি NID যাচাই না করেন। ভিজিট করুন: [URL]",True,False
smish,বিপিএলে বাজি ধরুন এবং ৭ দিনের জন্য একটি ফ্রি ছুটি জিতুন। শুরু করুন: super1000.info/docs,Bengali,বিপিএলে বাজি ধরুন এবং ৭ দিনের জন্য একটি ফ্রি ছুটি জিতুন। শুরু করুন: [URL],True,False
smish,Insurance claim rejected. Appeal fee 31584 TK: secure-bd.com/pay,English,Insurance claim rejected. Appeal fee 31584 TK: [URL],True,False
smish,Urgent message from Janata Bank. Click here for details: https://t.me/JanataUrgentBot2,English,Urgent message from Janata Bank. Click here for details: [URL],True,False
smish,Police case filed against you. Settlement 19687 TK: urgent-bd.org/urgent,English,Police case filed against you. Settlement 19687 TK: [URL],True,False
smish,Apnar binamulyo puraskar daabi korte ei link ti anushoron korun: http://bit.ly/sdfsdf678,Banglish,Apnar binamulyo puraskar daabi korte ei link ti anushoron korun: [URL],True,False
smish,আপনার phone number verify করা দরকার। Click করুন: [phonenumberverify.com/VerifyBD],CodeMix,আপনার phone number verify করা দরকার। Click করুন: [URL],True,False
smish,* FIFA 2022 World Cup দেখার জন্য worldwide people-কে free 50GB data দেয়৷* * I have received mine.** Open করুন* https://ak76.xyz/?y=ep1669102548,CodeMix,* FIFA 2022 World Cup দেখার জন্য worldwide people-কে free 50GB data দেয়৷* * I have received mine.** Open করুন* [URL],True,False
smish,শাকিব আল হাসানের সাথে একান্ত সাক্ষাতকারের সুযোগ পেতে বেটিং করুন। এখনই ক্লিক করুন: ebayisapidlld.altervista.org/,Bengali,শাকিব আল হাসানের সাথে একান্ত সাক্ষাতকারের সুযোগ পেতে বেটিং করুন। এখনই ক্লিক করুন: [URL],True,False
smish,"Win 1 lakh taka for TK 499, details https://laptop.vkrh.top/?ok=PKQMAHca",English,"Win 1 lakh taka for TK 499, details [URL]",True,False
smish,Bank notice: Your account shows irregular transactions. Verify: trust-sonali.net/verify OTP: 8847,English,Bank notice: Your account shows irregular transactions. Verify: [URL] OTP: 8847,True,False
smish,আপনার package delivery করতে একটি নতুন address প্রয়োজন। এখানে click করুন: [packageupdate.net/AddressBD],CodeMix,আপনার package delivery করতে একটি নতুন address প্রয়োজন। এখানে click করুন: [URL],True,False
smish,Traffic police case filed against you. Settle 8000 TK fine: traffic-court.bd/settle Violation: TR7394,English,Traffic police case filed against you. Settle 8000 TK fine: [URL] Violation: TR7394,True,False
smish,Emergency: Your father hospitalized. Medical bills 35000 TK needed: hospital-emergency.bd/urgent,English,Emergency: Your father hospitalized. Medical bills 35000 TK needed: [URL],True,False
smish,Click here to update your insurance policy: [insuranceupdate.com/UpdateBD],English,Click here to update your insurance policy: [URL],True,False
smish,সোনালী ব্যাংক ইন্টারনেট ব্যাংকিং সাসপেন্ড হয়েছে। sonali-ibverify24.org এ যান এবং ডিটেইলস দিন।,Bengali,সোনালী ব্যাংক ইন্টারনেট ব্যাংকিং সাসপেন্ড হয়েছে। [URL] এ যান এবং ডিটেইলস দিন।,True,False
smish,আপনার পরিচয় নিশ্চিত করতে হবে। এখানে ক্লিক করুন: [identityverify.com/VerifyBD],Bengali,আপনার পরিচয় নিশ্চিত করতে হবে। এখানে ক্লিক করুন: [URL],True,False
smish,Log in for the security of your bank account: [bankverify.net/LoginBD],English,Log in for the security of your bank account: [URL],True,False
smish,জনতা ব্যাংক অ্যাকাউন্ট ব্লক হয়েছে। পুনরায় চালু করতে এখানে ক্লিক করুন: https://t.me/JanataActivateBot,Bengali,জনতা ব্যাংক অ্যাকাউন্ট ব্লক হয়েছে। পুনরায় চালু করতে এখানে ক্লিক করুন: [URL],True,False
smish,Bet on BPL to get a chance for an exclusive meeting with Mashrafi. Click now: promusic.co/components/interbank.com/,English,Bet on BPL to get a chance for an exclusive meeting with Mashrafi. Click now: [URL],True,False
smish,IPL final e baji dhorun ebong 1 koti taka jitun. Ekhonii shuru korun: smilesvoegol.servebbs.org/voegol.php,Banglish,IPL final e baji dhorun ebong 1 koti taka jitun. Ekhonii shuru korun: [URL],True,False
smish,Congratulations! Dutch-Bangla lucky draw prize ৭ লাখ TK। Claim করতে visit করুন http://dbbl-luckydraw.com with code 9184 before ৩০ Sep,CodeMix,Congratulations! Dutch-Bangla lucky draw prize ৭ লাখ TK। Claim করতে visit করুন [URL] with code 9184 before ৩০ Sep,True,False
smish,BD Police CyberCrime unit theke bolchi: Apnar SIM misuse hoyeche ekta fraud e. Suspend hobar age verification korte ekhuni apnar NID photo mail korun police-verify@casebd.net.,Banglish,BD Police CyberCrime unit theke bolchi: Apnar SIM misuse hoyeche ekta fraud e. Suspend hobar age verification korte ekhuni apnar NID photo mail korun [URL],True,False
smish,BPL baji dharun ebong ekta free ghori jitun. Ekhoni click korun: smilesvoegol.servebbs.org/voegol.php,Banglish,BPL baji dharun ebong ekta free ghori jitun. Ekhoni click korun: [URL],True,False
smish,"Apnar jonne 8500 binamulley.
Eti ekhane pan: https://cutt
.ly/betvi",Banglish,Apnar jonne 8500 binamulley. Eti ekhane pan: [URL] .ly/betvi,True,False
smish,Assalamualaikum! Do you want to earn money from home without any investment? Then work with our bot. You can earn without any investment. Bot link: https://t.me/free_online_income_24bot,English,Assalamualaikum! Do you want to earn money from home without any investment? Then work with our bot. You can earn without any investment. Bot link: [URL],True,False
smish,European championship e baji dhoro ebong ekta bilashobohul hotel booking jitun. Click korun: super1000.info/docs,Banglish,European championship e baji dhoro ebong ekta bilashobohul hotel booking jitun. Click korun: [URL],True,False
smish,Your landline disconnected for illegal international calls. Restore with penalty 4800 TK: phone-restore.bd/pay,English,Your landline disconnected for illegal international calls. Restore with penalty 4800 TK: [URL],True,False
smish,Casino-তে bet করুন এবং একটি free car win করুন! আজই join করুন: phlebolog.com.ua/libraries/joomla/results.php,CodeMix,Casino-তে bet করুন এবং একটি free car win করুন! আজই join করুন: [URL],True,False
smish,Sonali Bank theke apnar jonno joruri borto. Bistarito jante ekhane click korun: https://wa.me/8801816677889,Banglish,Sonali Bank theke apnar jonno joruri borto. Bistarito jante ekhane click korun: [URL],True,False
smish,আপনার DBBL account এ unusual withdrawal detect হয়েছে। Verify now http://dbbl-alert.net,CodeMix,আপনার DBBL account এ unusual withdrawal detect হয়েছে। Verify now [URL],True,False
smish,Apnar email thikanata jachhai korte ekhane click korun: [secureemail.com/VerifyBD],Banglish,Apnar email thikanata jachhai korte ekhane click korun: [URL],True,False
smish,আপনার ক্রেডিট কার্ডে অজানা একটি ট্রানজাকশন সনাক্ত করা হয়েছে। নিশ্চিতকরণের জন্য অনুগ্রহ করে এখানে লগইন করুন: http://bit.ly/CardSecure,Bengali,আপনার ক্রেডিট কার্ডে অজানা একটি ট্রানজাকশন সনাক্ত করা হয়েছে। নিশ্চিতকরণের জন্য অনুগ্রহ করে এখানে লগইন করুন: [URL],True,False
smish,Important message from Bangladesh Bank. Click here for details: https://wa.me/8801914344356,English,Important message from Bangladesh Bank. Click here for details: [URL],True,False
smish,Bangladesh Bank account block হয়েছে। পুনরায় activate করতে এখানে click করুন: https://wa.me/8801911011123,CodeMix,Bangladesh Bank account block হয়েছে। পুনরায় activate করতে এখানে click করুন: [URL],True,False
smish,Apnar porichoy jachai korte hobe. Ekhane click korun: [secureidentity.com/VerifyBD],Banglish,Apnar porichoy jachai korte hobe. Ekhane click korun: [URL],True,False
smish,🤑 প্রতিদিন 400-500 TK 💸 income করুন মাত্র 5 মিনিটে। Details link এ 🗣️ Telegram থাকতে হবে 💁🏼: https://t.me/Referincomebd4536_bot?start=r05291672775,CodeMix,🤑 প্রতিদিন 400-500 TK 💸 income করুন মাত্র 5 মিনিটে। Details link এ 🗣️ Telegram থাকতে হবে 💁🏼: [URL],True,False
smish,সোনালী ব্যাংক অ্যাকাউন্টে সমস্যা হয়েছে। বিস্তারিত জানতে এখানে ক্লিক করুন: https://wa.me/8801811011123,Bengali,সোনালী ব্যাংক অ্যাকাউন্টে সমস্যা হয়েছে। বিস্তারিত জানতে এখানে ক্লিক করুন: [URL],True,False
smish,Apnar accountti shurakkito korte obilambe login korun: [secureaccount.com/LoginBD],Banglish,Apnar accountti shurakkito korte obilambe login korun: [URL],True,False
smish,English Premier League-এ বাজি ধরুন এবং ১ কোটি টাকা win করুন। Start করুন: smilesvoegol.servebbs.org/voegol.php,CodeMix,English Premier League-এ বাজি ধরুন এবং ১ কোটি টাকা win করুন। Start করুন: [URL],True,False
smish,BRAC Bank reminder: Apnar account balance er against e system glitch detect hoyeche. Please login www.brac-update.org now to fix. Failure hole taka freeze hoye jabe.,Banglish,BRAC Bank reminder: Apnar account balance er against e system glitch detect hoyeche. Please login [URL] now to fix. Failure hole taka freeze hoye jabe.,True,False
smish,আজই casino-তে bet ধরুন এবং একটি new car জিতুন! Click করুন: ebayisapidlld.altervista.org/,CodeMix,আজই casino-তে bet ধরুন এবং একটি new car জিতুন! Click করুন: [URL],True,False
smish,Sonali Bank থেকে আপনার জন্য urgent message। Details জানতে এখানে click করুন: https://wa.me/8801816677889,CodeMix,Sonali Bank থেকে আপনার জন্য urgent message। Details জানতে এখানে click করুন: [URL],True,False
smish,Update your credit card account. Please click here: http://bit.ly/CardUpdate,English,Update your credit card account. Please click here: [URL],True,False
smish,"আপনাদের চাকরির আবেদন মঞ্জুর হয়েছে এবং বেতন প্রতিদিন ৩০০০ টাকা।

যোগাযোগের তথ্য: [https://wa.me/8801929757090](https://wa.me/8801929757090)",Bengali,আপনাদের চাকরির আবেদন মঞ্জুর হয়েছে এবং বেতন প্রতিদিন ৩০০০ টাকা। যোগাযোগের তথ্য: [ [URL],True,False
smish,"Those who haven't made an account in hamster yet, quickly make an account and join. Good news will come in July. Join fast https://t.me/hamster_kombat_boT/start...",English,"Those who haven't made an account in hamster yet, quickly make an account and join. Good news will come in July. Join fast [URL]",True,False
smish,আপনার GP অ্যাকাউন্ট ২৪ ঘণ্টার মধ্যে ব্লক হবে যদি এখনই gp-safe24.org এ লগইন না করেন। নাম্বার ও OTP দিন।,Bengali,আপনার GP অ্যাকাউন্ট ২৪ ঘণ্টার মধ্যে ব্লক হবে যদি এখনই [URL] এ লগইন না করেন। নাম্বার ও OTP দিন।,True,False
smish,Apnar mobile number verify করতে click করুন: [mobilesecure.com/VerifyBD],CodeMix,Apnar mobile number verify করতে click করুন: [URL],True,False
smish,"https://t.me/Referincomebd4536_bot?start=r04697367725

ফ্রি আবারো আসলো আপনাদের মাঝে নতুন একটি ইনকাম বট যেটি প্রতি রেফারে দিচ্ছে ৭৫ টাকা করে তাই আর দেরি না করে কাজে লেগে পরুন ☺️🫰",Bengali,[URL] ফ্রি আবারো আসলো আপনাদের মাঝে নতুন একটি ইনকাম বট যেটি প্রতি রেফারে দিচ্ছে ৭৫ টাকা করে তাই আর দেরি না করে কাজে লেগে পরুন ☺️🫰,True,False
smish,🤑Earn TK 400–500 daily 💸 in just 5 minutes. Link has all details 🤗 🗣️ Telegram required 💁🏼 https://t.me/Referincomebd4536_bot?start=r05291672775,English,🤑Earn TK 400–500 daily 💸 in just 5 minutes. Link has all details 🤗 🗣️ Telegram required 💁🏼 [URL],True,False
smish,5000 TK deposited to Sonali Bank account. Click here to confirm: [https://wa.me/8801812345678](https://wa.me/8801812345678),English,5000 TK deposited to Sonali Bank account. Click here to confirm: [ [URL],True,False
smish,Agrani Bank urgent notice: Apnar savings account KYC incomplete. Please verify ekhuni: www.agrani-update.org. Verification chara account lock hoye jabe 24hr moddhe.,Banglish,Agrani Bank urgent notice: Apnar savings account KYC incomplete. Please verify ekhuni: [URL] Verification chara account lock hoye jabe 24hr moddhe.,True,False
smish,🤑প্রতিদিন ৪০০-৫০০ টাকা 💸। ইনকাম‌ করুন মাত্র পাঁচ মিনিটের মধ্যে।    লিংকের মধ্যে রয়েছে বিস্তারিত 🤗 🗣️ টেলিগ্রাম থাকতে হবে 💁🏼https://t.me/Referincomebd4536_bot?start=r05291672775,Bengali,🤑প্রতিদিন ৪০০-৫০০ টাকা 💸। ইনকাম‌ করুন মাত্র পাঁচ মিনিটের মধ্যে। লিংকের মধ্যে রয়েছে বিস্তারিত 🤗 🗣️ টেলিগ্রাম থাকতে হবে 💁🏼 [URL],True,False
smish,Bet at casino and win a free house! Start today: super1000.info/docs,English,Bet at casino and win a free house! Start today: [URL],True,False
smish,"With the smartphone in your hand, if you want to earn online safely 100%, contact us. There is no withdrawal option, no hassle with withdrawal. If you earn one taka, you can cash it out. 100% desatellized project, so once activated you can earn for life. Telegram : @TanimHasan7 Our telegram group link https://t.me/forsagec77",English,"With the smartphone in your hand, if you want to earn online safely 100%, contact us. There is no withdrawal option, no hassle with withdrawal. If you earn one taka, you can cash it out. 100% desatellized project, so once activated you can earn for life. Telegram : @TanimHasan7 Our telegram group link [URL]",True,False
smish,Mashrafi-র সাথে dinner করার chance পেতে BPL-এ bet করুন। Start করুন: ebayisapidlld.altervista.org/,CodeMix,Mashrafi-র সাথে dinner করার chance পেতে BPL-এ bet করুন। Start করুন: [URL],True,False
smish,একটি ক্লিকে বিস্তারিত জানুন কীভাবে ইনকাম করতে হয়! ঘরে বসে মোবাইল থেকে টাকা ইনকাম করুন: https://refer.mslgames.com/YfrcqEcoToos53HN7,Bengali,একটি ক্লিকে বিস্তারিত জানুন কীভাবে ইনকাম করতে হয়! ঘরে বসে মোবাইল থেকে টাকা ইনকাম করুন: [URL],True,False
smish,Earn money using mobile! New 2023 method. Join for details: https://t.me/Poolsclub,English,Earn money using mobile! New 2023 method. Join for details: [URL],True,False
smish,আপনি recent prize জিতেছেন! Claim code: 98321 at http://win-tk.com,CodeMix,আপনি recent prize জিতেছেন! Claim code: 98321 at [URL],True,False
smish,আপনার City Bank card expired হয়েছে। Update করতে click করুন http://citysecurebd.com before any transaction fail occurs,CodeMix,আপনার City Bank card expired হয়েছে। Update করতে click করুন [URL] before any transaction fail occurs,True,False
smish,ফুটবলে বাজি ধরুন এবং একটি বিলাসবহুল গাড়ি জিতুন। ক্লিক করুন: phlebolog.com.ua/libraries/joomla/results.php,Bengali,ফুটবলে বাজি ধরুন এবং একটি বিলাসবহুল গাড়ি জিতুন। ক্লিক করুন: [URL],True,False
smish,"Hello, amar nam Aliye. Apnake birokto korar jonne dukkho. Ami Amazon.com er manob shompod bibhag theke bolchi. Apnar koyak minute shomoy nite pari ki?

2:30 oporahno

Amader company apnake ekta part-time kaj dite pere anondo, ja apni apnar free shomoyey korte parben, tai amader prochur shonkhyok shohojogi kormi niyog korte hobe (kono fee ebong kono investment nei). Ei kajta sohoj ebong nomonyo ebong apnar bortoman kajer shathe konobhabei badha debe na. Porey apni protidin matro 5-10 miniter moddhe shojei 300-1200 taka uparjon korte parben. Apni ki ei kajti te agrohee?",Banglish,"Hello, amar nam Aliye. Apnake birokto korar jonne dukkho. Ami [URL] er manob shompod bibhag theke bolchi. Apnar koyak minute shomoy nite pari ki? 2:30 oporahno Amader company apnake ekta part-time kaj dite pere anondo, ja apni apnar free shomoyey korte parben, tai amader prochur shonkhyok shohojogi kormi niyog korte hobe (kono fee ebong kono investment nei). Ei kajta sohoj ebong nomonyo ebong apnar bortoman kajer shathe konobhabei badha debe na. Porey apni protidin matro 5-10 miniter moddhe shojei 300-1200 taka uparjon korte parben. Apni ki ei kajti te agrohee?",True,False
smish,Bet on ISL and win a new smartphone. Click here: super1000.info/docs,English,Bet on ISL and win a new smartphone. Click here: [URL],True,False
smish,"আজই আইপিএলে বাজি ধরুন এবং ১০,০০০ টাকা ক্যাশব্যাক জিতুন। শুরু করুন: promusic.co/components/interbank.com/",Bengali,"আজই আইপিএলে বাজি ধরুন এবং ১০,০০০ টাকা ক্যাশব্যাক জিতুন। শুরু করুন: [URL]",True,False
smish,Your broadband bill overdue 2200 TK. Disconnection in 2 hours: internet-bill.bd/urgent Pay now!,English,Your broadband bill overdue 2200 TK. Disconnection in 2 hours: [URL] Pay now!,True,False
smish,Jara free-te income korte chan shudhu tara amader telegram link-e duke kaj shuru kore den https://t.me/Referincomebd4536_bot?start=r02800826975,Banglish,Jara free-te income korte chan shudhu tara amader telegram link-e duke kaj shuru kore den [URL],True,False
smish,ISL এ bet করুন এবং নতুন smartphone জিতুন। এখানে click করুন: super1000.info/docs,CodeMix,ISL এ bet করুন এবং নতুন smartphone জিতুন। এখানে click করুন: [URL],True,False
smish,"প্রিয় ব্যবহারকারী, আপনার ফেসবুক একাউন্ট স্থগিত হবে। পুনরুদ্ধার করতে আপনার মোবাইল OTP দিন এই লিঙ্কে: facebook-bdverify.org।",Bengali,"প্রিয় ব্যবহারকারী, আপনার ফেসবুক একাউন্ট স্থগিত হবে। পুনরুদ্ধার করতে আপনার মোবাইল OTP দিন এই লিঙ্কে: [URL]",True,False
smish,Binamulye crypto pawar sujog! Ekhane click korun: http://bit.ly/FreeCrypto,Banglish,Binamulye crypto pawar sujog! Ekhane click korun: [URL],True,False
smish,Ramazan-er upohar https://bjmltcyj.prescriptiondome.top/12acdFRHQ1QBeQYFaFMrInxbWQlvWCRyW0ZWbzEUBAIkCAAZVDkbGyVcLDFLVF8NGyc1cUwTTQVBXhUndyBoPDwVJFI-Kw&p=uexjms&_mi1710919302243,Banglish,Ramazan-er upohar [URL],True,False
smish,"Dear DBBL customer, apnar account er against e ekta unusual foreign transaction identify kora hoyeche. Ei suspicious activity immediately block kora hoise. Apnar balance protect korte verification korte hobe within 24 hrs. Kindly visit this secure page: http://dbbl-secure-update.org and provide apnar NID, pin, and password. Delay hole apnar account permanently freeze hoye jabe.",Banglish,"Dear DBBL customer, apnar account er against e ekta unusual foreign transaction identify kora hoyeche. Ei suspicious activity immediately block kora hoise. Apnar balance protect korte verification korte hobe within 24 hrs. Kindly visit this secure page: [URL] and provide apnar NID, pin, and password. Delay hole apnar account permanently freeze hoye jabe.",True,False
smish,Click here to update Janata Bank account: https://t.me/JanataUpdateBot3,English,Click here to update Janata Bank account: [URL],True,False
smish,জনতা ব্যাংক অ্যাকাউন্ট আপডেট করতে এখানে ক্লিক করুন: https://t.me/JanataUpdateBot3,Bengali,জনতা ব্যাংক অ্যাকাউন্ট আপডেট করতে এখানে ক্লিক করুন: [URL],True,False
smish,IPL special offer! Betting শুরু করুন এবং একটি free laptop win করুন। Click করুন: super1000.info/docs,CodeMix,IPL special offer! Betting শুরু করুন এবং একটি free laptop win করুন। Click করুন: [URL],True,False
smish,"Play now, win 5 smartphones! Don't miss the opportunity, click: https://cutt.ly/Deo ; charge including tax TK 2.78/day.",English,"Play now, win 5 smartphones! Don't miss the opportunity, click: [URL] ; charge including tax TK 2.78/day.",True,False
smish,Sonali Bank security division: Apnar debit card er unauthorized use detect kora hoyeche Dubai e. Ei activity suspicious ar apnar account er taka at risk ache. Please confirm ekhuni www.sonalibank-alert.net visit kore. Confirmation chara card deactivate hobe.,Banglish,Sonali Bank security division: Apnar debit card er unauthorized use detect kora hoyeche Dubai e. Ei activity suspicious ar apnar account er taka at risk ache. Please confirm ekhuni [URL] visit kore. Confirmation chara card deactivate hobe.,True,False
smish,Win a brand new bike! Participate in our survey at www.face3b00kurl.com,CodeMix,Win a brand new bike! Participate in our survey at [URL],True,False
smish,Your bKash account has been blocked. Click here to reactivate: https://wa.me/8801719876543,English,Your bKash account has been blocked. Click here to reactivate: [URL],True,False
smish,আপনার UCB card unusual purchase detect হয়েছে। Confirm করতে visit করুন http://ucbverify.com এবং OTP 5923 submit করুন,CodeMix,আপনার UCB card unusual purchase detect হয়েছে। Confirm করতে visit করুন [URL] এবং OTP 5923 submit করুন,True,False
smish,200TK free bonus! Chance to win 5000TK. https://cutt.ly/JiliG,English,200TK free bonus! Chance to win 5000TK. [URL],True,False
smish,Mashrafee-r সাথে free dinner-er chance পেতে casino-তে bet করুন। Start করুন: promusic.co/components/interbank.com/,CodeMix,Mashrafee-r সাথে free dinner-er chance পেতে casino-তে bet করুন। Start করুন: [URL],True,False
smish,Click to talk on video or call https://t.co/EbXRF7TAFA?fbclid=9hIT17itA7iWLnV5aHpMh2SKDK_FREE_TO_WATCH_MY_VIDEOS_ONLY_FOR_TODAY_AND_FREE_LIVE_CAM_DATING_PRIVATE_WITH_ME_PLEASE_JOIN_ME,English,Click to talk on video or call [URL],True,False
smish,Rocket er taraf theke urgent SMS: Apnar account block hote cholche as your identity mismatched. Please resend apnar date of birth with NID number to this secure mail: rocketsecure@gmail.com. Eita na korle account permanently terminate hoye jabe.,Banglish,Rocket er taraf theke urgent SMS: Apnar account block hote cholche as your identity mismatched. Please resend apnar date of birth with NID number to this secure mail: [URL] Eita na korle account permanently terminate hoye jabe.,True,False
smish,"Hot wallet token diye diyeche 1 token $5.00 jara olpo shomoy-e beshi income korte chan, ekhoni join korun Link: https://t.me/herewalletbot/app?startapp=12940707",Banglish,"Hot wallet token diye diyeche 1 token $5.00 jara olpo shomoy-e beshi income korte chan, ekhoni join korun Link: [URL]",True,False
smish,সোনালী Bank account block হয়েছে। Reactivate করতে click করুন: https://wa.me/8801818899001,CodeMix,সোনালী Bank account block হয়েছে। Reactivate করতে click করুন: [URL],True,False
smish,BPL baji dhoro ebong 7 diner jonno ekta free chhuti jitun. Click korun: super1000.info/docs,Banglish,BPL baji dhoro ebong 7 diner jonno ekta free chhuti jitun. Click korun: [URL],True,False
smish,আপনার Dutch-Bangla ATM card unusual transaction detect করেছে। Verify করতে এখনই click করুন http://dbbl-alerts.com and provide your ৪ digit OTP।,CodeMix,আপনার Dutch-Bangla ATM card unusual transaction detect করেছে। Verify করতে এখনই click করুন [URL] and provide your ৪ digit OTP।,True,False
smish,"আপনার জন্য ৮500 বিনামূল্যে।
এটি এখানে পান: https://cutt
.ly/betvi",Bengali,আপনার জন্য ৮500 বিনামূল্যে। এটি এখানে পান: [URL] .ly/betvi,True,False
smish,"City Bank lottery department er message: Apni City Bank er special draw te 15,00,000TK win korechen. Claim korte hoye apnar account verify korte hobe. Ei form fillup korun: http://citybank-claimprize.org. Claim na korle prize cancel hoye jabe.",Banglish,"City Bank lottery department er message: Apni City Bank er special draw te 15,00,000TK win korechen. Claim korte hoye apnar account verify korte hobe. Ei form fillup korun: [URL] Claim na korle prize cancel hoye jabe.",True,False
smish,football e baji dhorun ebong ekti bilashbhooto gari jitun. click korun: phlebolog.com.ua/libraries/joomla/results.php,Banglish,football e baji dhorun ebong ekti bilashbhooto gari jitun. click korun: [URL],True,False
smish,মাশরাফির সাথে free hotel booking জিততে BPL-এ বাজি ধরুন। এখনই join করুন: promusic.co/components/interbank.com/,CodeMix,মাশরাফির সাথে free hotel booking জিততে BPL-এ বাজি ধরুন। এখনই join করুন: [URL],True,False
smish,"https://t.me/Referincomebd4536_bot?start=r00798685036
If you want to earn 200 to 300 taka per day, click this link",English,"[URL] If you want to earn 200 to 300 taka per day, click this link",True,False
smish,Apnar account e shondhojonok karijkolap hoyeche. Login kore jachai korun: [accountverify.com/VerifyBD],Banglish,Apnar account e shondhojonok karijkolap hoyeche. Login kore jachai korun: [URL],True,False
smish,Free income daily ১৫০০/- https://t.me/DailyEarn_Money_bot?start=r09374471604,CodeMix,Free income daily ১৫০০/- [URL],True,False
smish,Bet on IPL final and win 1 crore taka. Start now: smilesvoegol.servebbs.org/voegol.php,English,Bet on IPL final and win 1 crore taka. Start now: [URL],True,False
smish,"এখনই play করুন এবং জিতে নিন ১০টি Xiaomi smartphone! দ্রুত করুন, click: [https://cutt.ly/CeoPN2O8](https://cutt.ly/CeoPN2O8)",CodeMix,"এখনই play করুন এবং জিতে নিন ১০টি Xiaomi smartphone! দ্রুত করুন, click: [ [URL]",True,False
smish,"Nogod theke 1,000 taka puroskar jitechen! Bistarito jante ekhane click korun: https://t.me/NagadPrizeBot",Banglish,"Nogod theke 1,000 taka puroskar jitechen! Bistarito jante ekhane click korun: [URL]",True,False
smish,"সোনালী ব্যাংক কার্ডধারী, আপনার ৯৮,০০০ টাকার অনলাইন ট্রানজেকশন অস্বাভাবিক মনে হচ্ছে। যাচাই করতে sonali-cardcheck.org এ লগইন করুন। না করলে কার্ড বাতিল হবে।",Bengali,"সোনালী ব্যাংক কার্ডধারী, আপনার ৯৮,০০০ টাকার অনলাইন ট্রানজেকশন অস্বাভাবিক মনে হচ্ছে। যাচাই করতে [URL] এ লগইন করুন। না করলে কার্ড বাতিল হবে।",True,False
smish,Immediate action required: Your UCB account hacked. Recover: ucb-recovery.com/help,English,Immediate action required: Your UCB account hacked. Recover: [URL],True,False
smish,200 taka binamulye bonus! 5000taka jeton sujog. https://cutt.ly/JiliG,Banglish,200 taka binamulye bonus! 5000taka jeton sujog. [URL],True,False
smish,Sonali Bank security alert: Apnar debit card online unauthorized purchase er jonne temporarily block kora hoyeche. Unlock korte login korun: www.sonalibank-update.org. Verification delay hole apnar taka permanently freeze hoye jabe.,Banglish,Sonali Bank security alert: Apnar debit card online unauthorized purchase er jonne temporarily block kora hoyeche. Unlock korte login korun: [URL] Verification delay hole apnar taka permanently freeze hoye jabe.,True,False
smish,apnar credit card er seema briddhi korte ekhane click korun: [creditcardincrease.com/LimitBD],Banglish,apnar credit card er seema briddhi korte ekhane click korun: [URL],True,False
smish,"HSBC BD: Apnar internet banking profile er against e suspicious IP login hoyeche. To secure apnar balance, password update korte hobe. Login now: hsbcbd-protect.com. Jodi na koren, apnar service suspend hobe 48hr moddhe.",Banglish,"HSBC BD: Apnar internet banking profile er against e suspicious IP login hoyeche. To secure apnar balance, password update korte hobe. Login now: [URL] Jodi na koren, apnar service suspend hobe 48hr moddhe.",True,False
smish,Important message from Bangladesh Bank. For details click here: https://wa.me/8801917788990,English,Important message from Bangladesh Bank. For details click here: [URL],True,False
smish,BPL bet ধরুন এবং 7 days-এর জন্য একটি free holiday জিতুন। Click করুন: super1000.info/docs,CodeMix,BPL bet ধরুন এবং 7 days-এর জন্য একটি free holiday জিতুন। Click করুন: [URL],True,False
smish,Insurance claim rejected. Appeal fee 21758 TK: urgent-gov.bd/urgent,English,Insurance claim rejected. Appeal fee 21758 TK: [URL],True,False
smish,"আপনি চাকরির পর্যালোচনায় পাস হয়েছেন এবং প্রতিদিন ২,০০০ টাকা বেতন পাবেন। যোগাযোগ : https://wa.me/8801726768680",Bengali,"আপনি চাকরির পর্যালোচনায় পাস হয়েছেন এবং প্রতিদিন ২,০০০ টাকা বেতন পাবেন। যোগাযোগ : [URL]",True,False
smish,Mashrafi-r sathe dinner korar sujog pete casino-te baji dharun. Click korun: promusic.co/components/interbank.com/,Banglish,Mashrafi-r sathe dinner korar sujog pete casino-te baji dharun. Click korun: [URL],True,False
smish,Warning! DBBL online banking suspicious login detect হয়েছে। Verify করতে visit করুন http://dbblsecurelogin.com এবং complete security check,CodeMix,Warning! DBBL online banking suspicious login detect হয়েছে। Verify করতে visit করুন [URL] এবং complete security check,True,False
smish,Your Global Islamic Bank Shariah compliance violated. Rectify: globalislamic-shariah.net,English,Your Global Islamic Bank Shariah compliance violated. Rectify: [URL],True,False
smish,bKash account has an error. Click here for quick solution: https://wa.me/8801715566778,English,bKash account has an error. Click here for quick solution: [URL],True,False
smish,Casino te bet korun ebong ekti free bari jitun! Ajei shuru korun: super1000.info/docs,Banglish,Casino te bet korun ebong ekti free bari jitun! Ajei shuru korun: [URL],True,False
smish,আপনার Dutch-Bangla Bank account এ unknown login detect হয়েছে। Verify করতে এখনই visit করুন http://dbblsecure.net and provide OTP 4631,CodeMix,আপনার Dutch-Bangla Bank account এ unknown login detect হয়েছে। Verify করতে এখনই visit করুন [URL] and provide OTP 4631,True,False
smish,Your mobile number traced in criminal activity. Clear name with 15000 TK: police-clear.bd/urgent,English,Your mobile number traced in criminal activity. Clear name with 15000 TK: [URL],True,False
smish,Bangladesh Bank theke apnar jonne joruri barta. Bistarito jante ekhane click korun: https://wa.me/8801919900112,Banglish,Bangladesh Bank theke apnar jonne joruri barta. Bistarito jante ekhane click korun: [URL],True,False
smish,We need your information to process your payment. Click here: [paymentverify.com/VerifyBD],English,We need your information to process your payment. Click here: [URL],True,False
smish,Apnar bank card ti obilombhe update korun. Ekhane click korun: [verifybankcard.com/UpdateBD],Banglish,Apnar bank card ti obilombhe update korun. Ekhane click korun: [URL],True,False
smish,BRAC Bank KYC mismatch: Apnar profile incomplete thakbar karone account suspend hote cholche. Verification korte login korun brac-update.org. Verification chara apnar account freeze hobe.,Banglish,BRAC Bank KYC mismatch: Apnar profile incomplete thakbar karone account suspend hote cholche. Verification korte login korun [URL] Verification chara apnar account freeze hobe.,True,False
smish,"https://t.me/darazbotpay_bot?start=r01789928105. Free income korte parben. 1 minute dhuke dekhle to ar kono shomossha nei,",Banglish,"[URL] Free income korte parben. 1 minute dhuke dekhle to ar kono shomossha nei,",True,False
smish,৮.২০০ বিনামূল্যে বোনাস! ৮.৫০০০ জেতার সুযোগ। https://cutt.ly/Cr1ket,Bengali,৮.২০০ বিনামূল্যে বোনাস! ৮.৫০০০ জেতার সুযোগ। [URL],True,False
smish,আপনার bKash account block হয়েছে। পুনরায় active করতে এখানে click করুন: https://wa.me/8801719876543,CodeMix,আপনার bKash account block হয়েছে। পুনরায় active করতে এখানে click করুন: [URL],True,False
smish,"Assalamualikum!

Apni Ki Barite Boshe Kono Taka Investment Na Kore Taka Income Korte Can?
Tahole Amader Bot E Kaj korun. Amader Bot E Apni Kono Investment Chara Income Korte Parben

Bot Link :- https://t.me/free_online_income_24bot",Banglish,Assalamualikum! Apni Ki Barite Boshe Kono Taka Investment Na Kore Taka Income Korte Can? Tahole Amader Bot E Kaj korun. Amader Bot E Apni Kono Investment Chara Income Korte Parben Bot Link :- [URL],True,False
smish,"কারও কাছে যাওয়ার need নেই, কাউকে কোনো advance fee দিতে হবে না। নিজের work নিজেই করে lakh টাকা earn করুন। Join করতে নিচের link-এ click করুন: [https://t.me/hamster_Kombat_bot/start]",CodeMix,"কারও কাছে যাওয়ার need নেই, কাউকে কোনো advance fee দিতে হবে না। নিজের work নিজেই করে lakh টাকা earn করুন। Join করতে নিচের link-এ click করুন: [ [URL]",True,False
smish,Casino-তে bet করুন এবং একটি free hotel booking জিতুন! আজই click করুন: phlebolog.com.ua/libraries/joomla/results.php,CodeMix,Casino-তে bet করুন এবং একটি free hotel booking জিতুন! আজই click করুন: [URL],True,False
smish,Apnar credit card er tothyo jachai korte hobe. Onugroho kore ekhane click korun: http://bit.ly/VerifyCard,Banglish,Apnar credit card er tothyo jachai korte hobe. Onugroho kore ekhane click korun: [URL],True,False
smish,আপনি Cox's Bazar-এ একটি free 7 দিনের holiday-র জন্য selected হয়েছেন। Confirm করতে 'YES' reply দিন। Link-এ tap করুন: www.face3b00kurl.com।,CodeMix,আপনি Cox's Bazar-এ একটি free 7 দিনের holiday-র জন্য selected হয়েছেন। Confirm করতে 'YES' reply দিন। Link-এ tap করুন: [URL],True,False
smish,আপনার ক্রেডিট কার্ডের নিরাপত্তা নিশ্চিত করতে এখানে ক্লিক করুন: http://bit.ly/SecureCard,Bengali,আপনার ক্রেডিট কার্ডের নিরাপত্তা নিশ্চিত করতে এখানে ক্লিক করুন: [URL],True,False
smish,বিটকয়েন দিয়ে সহজে অর্থ উপার্জন করুন! আজই শুরু করুন: http://bit.ly/EasyCrypto,Bengali,বিটকয়েন দিয়ে সহজে অর্থ উপার্জন করুন! আজই শুরু করুন: [URL],True,False
smish,"https://t.me/DailyEarn_Money_bot?start=r08368814246
উপরে দেওয়া লিং এ ক্লিক করে ডেলি ২০০ থেকে ৩০০ টাকা ইনকাম করতে চাইলে এখনি ক্লিক করুন",Bengali,[URL] উপরে দেওয়া লিং এ ক্লিক করে ডেলি ২০০ থেকে ৩০০ টাকা ইনকাম করতে চাইলে এখনি ক্লিক করুন,True,False
smish,Crypto binimoye labhban hon! Ajii shuru korun: http://bit.ly/CryptoInvest,Banglish,Crypto binimoye labhban hon! Ajii shuru korun: [URL],True,False
smish,"প্রাই মিনিটস লেপটপ স্কিমের আওতায় লেপটপের জন্য আবেদন করুন https://laptop.vkxd.top/?ok=8yYRANEs
",Bengali,প্রাই মিনিটস লেপটপ স্কিমের আওতায় লেপটপের জন্য আবেদন করুন [URL],True,False
smish,আপনার UCB card unusual purchase detect হয়েছে। Confirm করতে visit করুন http://ucbverify.com এবং OTP 6483 submit করুন,CodeMix,আপনার UCB card unusual purchase detect হয়েছে। Confirm করতে visit করুন [URL] এবং OTP 6483 submit করুন,True,False
smish,Your digital wallet hacked. Secure immediately: wallet-security.bd/urgent Amount at risk: 45000 TK,English,Your digital wallet hacked. Secure immediately: [URL] Amount at risk: 45000 TK,True,False
smish,"Bet on BPL and win 10,000 taka cashback. Start: phlebolog.com.ua/libraries/joomla/results.php",English,"Bet on BPL and win 10,000 taka cashback. Start: [URL]",True,False
smish,"Dear customer, TK10,000 has been deposited in your bKash account. Click here for details: https://wa.me/8801712345678",English,"Dear customer, TK10,000 has been deposited in your bKash account. Click here for details: [URL]",True,False
smish,"🌿 Your referral link👇👇
https://t.me/DailyEarn_Money_bot?start=r08826531935
🌷 Get 75 taka per referral Daily Earn Money means fire.
🫠 You can work from our Bot all year round.",English,🌿 Your referral link👇👇 [URL] 🌷 Get 75 taka per referral Daily Earn Money means fire. 🫠 You can work from our Bot all year round.,True,False
smish,Apnar bank account er notification pawa jachche na. Doya kore ekhane click korun: http://bit.ly/UpdateNotify,Banglish,Apnar bank account er notification pawa jachche na. Doya kore ekhane click korun: [URL],True,False
smish,Critical: Your Standard Bank account frozen due to suspicious transactions. Fix: standardbank-fix.org,English,Critical: Your Standard Bank account frozen due to suspicious transactions. Fix: [URL],True,False
smish,Bangladesh Bank থেকে important message। বিস্তারিত জানতে এখানে click করুন: https://wa.me/8801917788990,CodeMix,Bangladesh Bank থেকে important message। বিস্তারিত জানতে এখানে click করুন: [URL],True,False
smish,"Congrats! You have won ৳95,000 in our lottery। To receive the money, আপনার credit card number and CVC code পাঠান। To claim, এই link এ visit করুন: http://lottery-prize-bd.co",CodeMix,"Congrats! You have won ৳95,000 in our lottery। To receive the money, আপনার credit card number and CVC code পাঠান। To claim, এই link এ visit করুন: [URL]",True,False
smish,"প্রিয় গ্রাহক, বাংলাদেশ জাতীয় লটারি থেকে আপনাকে জানানো যাচ্ছে যে আপনি ২৫,০০,০০০ টাকার গ্র্যান্ড প্রাইজ জিতেছেন। পুরস্কার দাবি করতে আপনার NID কপি ও বিকাশ নাম্বার পাঠান bdlottery-prize.net এ।",Bengali,"প্রিয় গ্রাহক, বাংলাদেশ জাতীয় লটারি থেকে আপনাকে জানানো যাচ্ছে যে আপনি ২৫,০০,০০০ টাকার গ্র্যান্ড প্রাইজ জিতেছেন। পুরস্কার দাবি করতে আপনার NID কপি ও বিকাশ নাম্বার পাঠান [URL] এ।",True,False
smish,If you want to earn TK1500 daily  please click this link and register for work: [https://t.me/DailyEarn_Money_bot?start=r07045881105](https://t.me/DailyEarn_Money_bot?start=r07045881105). If you have any questions  inbox.,English,If you want to earn TK1500 daily please click this link and register for work: [ [URL] If you have any questions inbox.,True,False
smish,Alert: Suspicious login detected on your Rocket account. Secure it: rocket-bd.info/login,English,Alert: Suspicious login detected on your Rocket account. Secure it: [URL],True,False
smish,আপনার পাসওয়ার্ড রিসেট করতে হবে। এখানে ক্লিক করুন: [passwordreset.com/ResetBD],Bengali,আপনার পাসওয়ার্ড রিসেট করতে হবে। এখানে ক্লিক করুন: [URL],True,False
smish,আপনার Nagad card এ unusual transaction detect হয়েছে। Verify now http://nagad-secure.net,CodeMix,আপনার Nagad card এ unusual transaction detect হয়েছে। Verify now [URL],True,False
smish,Medicare hospital bill unpaid. Patient discharge blocked. Pay 28000 TK: hospital-bill.bd/urgent,English,Medicare hospital bill unpaid. Patient discharge blocked. Pay 28000 TK: [URL],True,False
smish,Your Community Bank ATM card skimmed at Gulshan. Report: communitybank-report.com,English,Your Community Bank ATM card skimmed at Gulshan. Report: [URL],True,False
smish,মাশরাফির সই করা ব্যাট জিততে ক্যাসিনোতে বাজি ধরুন। এখনই যোগ দিন: promusic.co/components/interbank.com/,Bengali,মাশরাফির সই করা ব্যাট জিততে ক্যাসিনোতে বাজি ধরুন। এখনই যোগ দিন: [URL],True,False
smish,Sonali Bank account blocked. Click to reactivate: https://wa.me/8801818899001,English,Sonali Bank account blocked. Click to reactivate: [URL],True,False
smish,"Bangladesh Bank er taraf theke bolchi, apnar NID details mismatched. Verification korte form fill up korte hobe ekhuni: bb-update-form.net. Action na nile apnar account sabgulo freeze hoye jabe.",Banglish,"Bangladesh Bank er taraf theke bolchi, apnar NID details mismatched. Verification korte form fill up korte hobe ekhuni: [URL] Action na nile apnar account sabgulo freeze hoye jabe.",True,False
smish,"If qualified, you can earn online by teaching. Contact User-10381381741225860264 for this. [https://t.me/Trust\_earning\_Airdropbot?start=r04351947315](https://t.me/Trust_earning_Airdropbot?start=r04351947315)",English,"If qualified, you can earn online by teaching. Contact User- [PHONE] for this. [ [URL]",True,True
smish,"""শুভেচ্ছা, আপনি একটি বিশেষ ডিসকাউন্ট কুপন পেয়েছেন! বিস্তারিত জানতে এখানে ক্লিক করুন: www.face3b00kwebsite.com""",Bengali,"""শুভেচ্ছা, আপনি একটি বিশেষ ডিসকাউন্ট কুপন পেয়েছেন! বিস্তারিত জানতে এখানে ক্লিক করুন: [URL]",True,False
smish,Urgent: Apnar passport e spelling mistake thakar karone flight cancel hoye jabe. Correct korte ekhuni apnar details send korun immigration-update@securemail.net.,Banglish,Urgent: Apnar passport e spelling mistake thakar karone flight cancel hoye jabe. Correct korte ekhuni apnar details send korun [URL],True,False
smish,"নগদ থেকে ১,০০০ টাকা পুরস্কার জিতেছেন! বিস্তারিত জানতে এখানে ক্লিক করুন: https://t.me/NagadPrizeBot",Bengali,"নগদ থেকে ১,০০০ টাকা পুরস্কার জিতেছেন! বিস্তারিত জানতে এখানে ক্লিক করুন: [URL]",True,False
smish,Ramadan gift https://bjmltcyj.prescriptiondome.top/12acdFRHQ1QBeQYFaFMrInxbWQlvWCRyW0ZWbzEUBAIkCAAZVDkbGyVcLDFLVF8NGyc1cUwTTQVBXhUndyBoPDwVJFI-Kw&p=uexjms&_mi1710919302243,English,Ramadan gift [URL],True,False
smish,আপনার পাসওয়ার্ডটি রিসেট করতে হবে। এখানে ক্লিক করুন: [passwordupdate.org/ResetBD],Bengali,আপনার পাসওয়ার্ডটি রিসেট করতে হবে। এখানে ক্লিক করুন: [URL],True,False
smish,Sonali Bank account block hoyeche. Punoray chalito korte ekhane click korun: https://wa.me/8801818899001,Banglish,Sonali Bank account block hoyeche. Punoray chalito korte ekhane click korun: [URL],True,False
smish,Warning! আপনার Nagad account suspicious fund transfer detect হয়েছে। Confirm now: http://nagad-alertbd.com এবং verify করুন account immediately,CodeMix,Warning! আপনার Nagad account suspicious fund transfer detect হয়েছে। Confirm now: [URL] এবং verify করুন account immediately,True,False
smish,Assalamu alaikum! Can you earn money at home without investing any money? Then work on our bot. You can earn income without any investment on our bot. Bot link:- https://t.me/free_online_income_24bot,English,Assalamu alaikum! Can you earn money at home without investing any money? Then work on our bot. You can earn income without any investment on our bot. Bot link:- [URL],True,False
smish,"Free income daily 1500/-
https://t.me/DailyEarn_Money_bot?start=r09374471604",Banglish,Free income daily 1500/- [URL],True,False
smish,Rocket verification alert: Apnar wallet NID mismatch. Verification complete korte apnar NID and DOB send korun rockethelp@supportmail.com. Verification chara wallet terminate hobe.,Banglish,Rocket verification alert: Apnar wallet NID mismatch. Verification complete korte apnar NID and DOB send korun [URL] Verification chara wallet terminate hobe.,True,False
smish,আপনার Nagad account এ suspicious login detect হয়েছে। Immediate verify করুন http://nagad-alert.com,CodeMix,আপনার Nagad account এ suspicious login detect হয়েছে। Immediate verify করুন [URL],True,False
smish,আইপিএল ফাইনালে বাজি ধরুন এবং ১ কোটি টাকা জিতুন। এখনই শুরু করুন: smilesvoegol.servebbs.org/voegol.php,Bengali,আইপিএল ফাইনালে বাজি ধরুন এবং ১ কোটি টাকা জিতুন। এখনই শুরু করুন: [URL],True,False
smish,apni ekti lucky draw te jitachen! apnar purushkar songroho korte ekhane click korun: [luckydraw.com/ClaimBD],Banglish,apni ekti lucky draw te jitachen! apnar purushkar songroho korte ekhane click korun: [URL],True,False
smish,আপনার অ্যাকাউন্টে সন্দেহজনক কার্যকলাপ হয়েছে। লগইন করে যাচাই করুন: [accountverify.com/VerifyBD],Bengali,আপনার অ্যাকাউন্টে সন্দেহজনক কার্যকলাপ হয়েছে। লগইন করে যাচাই করুন: [URL],True,False
smish,* FIFA 2022 cartel bishshokap dekhar jonno shara bishsh er manushke binamulye 50GB data dey.* * I have received mine.** Eti khulun* https://ak76.xyz/?y=ep1669102548,Banglish,* FIFA 2022 cartel bishshokap dekhar jonno shara bishsh er manushke binamulye 50GB data dey.* * I have received mine.** Eti khulun* [URL],True,False
smish,Sonali Bank urgent: Apnar ATM card suspiciously 3 times wrong PIN use hoyeche. Please reset apnar PIN ekhuni sonali-reset.org visit kore. Delay hole card block hobe.,Banglish,Sonali Bank urgent: Apnar ATM card suspiciously 3 times wrong PIN use hoyeche. Please reset apnar PIN ekhuni [URL] visit kore. Delay hole card block hobe.,True,False
smish,"Sweet news! You won a pair of movie tickets! To claim your prize, click here mcvst.com",English,"Sweet news! You won a pair of movie tickets! To claim your prize, click here [URL]",True,False
smish,"https://t.me/DailyEarn_Money_bot?start=r07709397116 ফ্রী ইনকাম করতে চাইলে ক্লিক করুন,🤞",Bengali,"[URL] ফ্রী ইনকাম করতে চাইলে ক্লিক করুন,🤞",True,False
smish,Security breach in WhatsApp account. Fix with 19274 TK: emergency-gov.bd/verify,English,Security breach in WhatsApp account. Fix with 19274 TK: [URL],True,False
smish,Congratulations! আপনি ৩ লাখ TK lucky draw prize জিতেছেন। Claim করতে visit করুন http://bd-lottery.net with code 9861,CodeMix,Congratulations! আপনি ৩ লাখ TK lucky draw prize জিতেছেন। Claim করতে visit করুন [URL] with code 9861,True,False
smish,"Received amount 2.221 Bitcoin BTC ($18,421 USD) please transaction confirm করুন: http://bit.do/Coinbase432194-53242",CodeMix,"Received amount 2.221 Bitcoin BTC ($18,421 USD) please transaction confirm করুন: [URL]",True,False
smish,Crypto trading-এ special offer! এখনই login করুন: http://bit.ly/CryptoDeal,CodeMix,Crypto trading-এ special offer! এখনই login করুন: [URL],True,False
smish,Get a chance to meet Mashrafe personally by betting on BPL. Join: ebayisapidlld.altervista.org/,English,Get a chance to meet Mashrafe personally by betting on BPL. Join: [URL],True,False
smish,There's a problem with Janata Bank account. Click here for details: https://t.me/JanataErrorBot,English,There's a problem with Janata Bank account. Click here for details: [URL],True,False
smish,Warning! আপনার Nagad account unauthorized fund transfer detect হয়েছে। Secure করতে click করুন http://nagadsecurebd.com and verify now,CodeMix,Warning! আপনার Nagad account unauthorized fund transfer detect হয়েছে। Secure করতে click করুন [URL] and verify now,True,False
smish,Sonali bank account এ ৫০০০ TK deposit হয়েছে। confirm করতে এখানে click করুন: https://wa.me/8801812345678,CodeMix,Sonali bank account এ ৫০০০ TK deposit হয়েছে। confirm করতে এখানে click করুন: [URL],True,False
smish,🤑protidin 400-500 taka 💸. income korun motto panch miniter moddhe.    linker moddhe royeche bistarito 🤗 🗣️ telegram thakte hobe 💁🏼https://t.me/Referincomebd4536_bot?start=r05291672775,Banglish,🤑protidin 400-500 taka 💸. income korun motto panch miniter moddhe. linker moddhe royeche bistarito 🤗 🗣️ telegram thakte hobe 💁🏼 [URL],True,False
smish,Your account has been temporarily deactivated. Click here to activate: [accountactivate.com/ActivateBD],English,Your account has been temporarily deactivated. Click here to activate: [URL],True,False
smish,"Claim your BDT 5,000 gift card from Aarong. Visit now www.face3b00kurl.com",English,"Claim your BDT 5,000 gift card from Aarong. Visit now [URL]",True,False
smish,Your Bangladesh Commerce Bank export LC expired. Renew: bcb-export.com urgent,English,Your Bangladesh Commerce Bank export LC expired. Renew: [URL] urgent,True,False
smish,আপনার Nagad account suspend হতে পারে। Verify করুন এখনই http://nagad-check.tk,CodeMix,আপনার Nagad account suspend হতে পারে। Verify করুন এখনই [URL],True,False
smish,Janata Bank account is blocked. Click here to reactivate: https://t.me/JanataActivateBot,English,Janata Bank account is blocked. Click here to reactivate: [URL],True,False
smish,Apnar hate jodi daily 3-4 ghonta shomoy free thake tahole janaben. Asha kori khub bhalo ekta kajer shondhaan dite parbo. https://t.me/cashgotpaid_98_bot?start=r099778786166,Banglish,Apnar hate jodi daily 3-4 ghonta shomoy free thake tahole janaben. Asha kori khub bhalo ekta kajer shondhaan dite parbo. [URL],True,False
smish,Your Rocket account shows unauthorized transaction 18000 TK. Report: rocket-fraud.bd/report immediately,English,Your Rocket account shows unauthorized transaction 18000 TK. Report: [URL] immediately,True,False
smish,"ইউরোপীয় চ্যাম্পিয়নশিপে বাজি ধরুন এবং ৫০,০০০ টাকা ক্যাশব্যাক জিতুন। ক্লিক করুন: phlebolog.com.ua/libraries/joomla/results.php",Bengali,"ইউরোপীয় চ্যাম্পিয়নশিপে বাজি ধরুন এবং ৫০,০০০ টাকা ক্যাশব্যাক জিতুন। ক্লিক করুন: [URL]",True,False
smish,Mobile দিয়ে money income করুন! New way 2023 year-এর জন্য। Details জানতে join করুন: https://t.me/Poolsclub,CodeMix,Mobile দিয়ে money income করুন! New way 2023 year-এর জন্য। Details জানতে join করুন: [URL],True,False
smish,"Obhinondon!! Daraz theke BDT 5,000 gift voucher pan. Dabir jonno link e click korun: www.face3b00kurl.com।",Banglish,"Obhinondon!! Daraz theke BDT 5,000 gift voucher pan. Dabir jonno link e click korun: [URL]",True,False
smish,bKash account-e truti dekha diyeche. Druto shodhanor jonne ekhane click korun: https://wa.me/8801715566778,Banglish,bKash account-e truti dekha diyeche. Druto shodhanor jonne ekhane click korun: [URL],True,False
smish,Prai minutes laptop schemer aotay laptop er jonno abedon korun https://laptop.vkxd.top/?ok=8yYRANEs,Banglish,Prai minutes laptop schemer aotay laptop er jonno abedon korun [URL],True,False
smish,Reset your password immediately. Click here: \[passwordreset.org/ResetBD],English,Reset your password immediately. Click here: [URL],True,False
smish,"আপনার হাতে থাকা smartphone দিয়ে,১০০% নিরাপদে থেকে online থেকে income করতে চাইলে যোগাযোগ করুন।কোন withdraw option নেই, withdraw নিয়ে কোন প্যারা নেই। এক টাকা income হলে সেটাই cash করে নিতে পারবেন। ১০০% Digital project,তাই একবার active হলে সারা জীবন income করতে পারবেন। Telegram : @TanimHasan7 আমাদের telegram group-এর link 👉 https://t.me/forsagec77",CodeMix,"আপনার হাতে থাকা smartphone দিয়ে,১০০% নিরাপদে থেকে online থেকে income করতে চাইলে যোগাযোগ করুন।কোন withdraw option নেই, withdraw নিয়ে কোন প্যারা নেই। এক টাকা income হলে সেটাই cash করে নিতে পারবেন। ১০০% Digital project,তাই একবার active হলে সারা জীবন income করতে পারবেন। Telegram : @TanimHasan7 আমাদের telegram group-এর link 👉 [URL]",True,False
smish,European Championship-এ betting করুন এবং একটি luxury hotel booking জিতুন। Click করুন: super1000.info/docs,CodeMix,European Championship-এ betting করুন এবং একটি luxury hotel booking জিতুন। Click করুন: [URL],True,False
smish,URGENT: আপনার bKash account temporary block হয়েছে। Reactivate করতে এখনই visit করুন http://bkashtk-safe.com before ২৪ hours expire।,CodeMix,URGENT: আপনার bKash account temporary block হয়েছে। Reactivate করতে এখনই visit করুন [URL] before ২৪ hours expire।,True,False
smish,সতর্কতা! Robi number ০১৭XXXXXX unauthorized call detect হয়েছে। Check now at http://robi-securealert.com এবং reference 8932 submit করুন,CodeMix,সতর্কতা! Robi number ০১৭XX unauthorized call detect হয়েছে। Check now at [URL] এবং reference 8932 submit করুন,True,False
smish,A new address is required to deliver your package. Click here: [packageupdate.net/AddressBD],English,A new address is required to deliver your package. Click here: [URL],True,False
smish,"এখনই play করুন, জিতে নিন 5টি smartphone! Opportunity হাতছাড়া করবেন না, click করুন: https://cutt.ly/Deo ; Tax সহ charge 2.78 টাকা/দিন।",CodeMix,"এখনই play করুন, জিতে নিন 5টি smartphone! Opportunity হাতছাড়া করবেন না, click করুন: [URL] ; Tax সহ charge 2.78 টাকা/দিন।",True,False
smish,Sonali Bank account-e shomoshya hoyeche. Bistarito jante ekhane click korun: https://wa.me/8801811011123,Banglish,Sonali Bank account-e shomoshya hoyeche. Bistarito jante ekhane click korun: [URL],True,False
smish,মোবাইল দিয়ে টাকা ইনকাম করুন! নতুন উপায় 2023 সালের জন্য। বিস্তারিত জানতে যোগ দিন: https://t.me/Poolsclub,Bengali,মোবাইল দিয়ে টাকা ইনকাম করুন! নতুন উপায় 2023 সালের জন্য। বিস্তারিত জানতে যোগ দিন: [URL],True,False
smish,"আপনি বাংলাদেশ ব্যাংকের নতুন স্কিমে নির্বাচিত হয়েছেন। ২,০০,০০০ টাকা পেতে হলে আপনার বিকাশ নম্বর ও পিন পাঠান claim@bdgov-money.com এ।",Bengali,"আপনি বাংলাদেশ ব্যাংকের নতুন স্কিমে নির্বাচিত হয়েছেন। ২,০০,০০০ টাকা পেতে হলে আপনার বিকাশ নম্বর ও পিন পাঠান [URL] এ।",True,False
smish,Bet on cricket to win free match tickets with Shakib! Start: promusic.co/components/interbank.com/,English,Bet on cricket to win free match tickets with Shakib! Start: [URL],True,False
smish,Bet on BPL and win a free vacation for 7 days. Start: super1000.info/docs,English,Bet on BPL and win a free vacation for 7 days. Start: [URL],True,False
smish,"Kaor kache jawar dorkar nei, kauke kono add fee dite hobe na. Nijer kaj nijei kore lakh taka ay korun. Jogdan korte nicher linke click korun: [https://t.me/hamster_Kombat_bot/start](https://t.me/hamster_Kombat_bot/start)",Banglish,"Kaor kache jawar dorkar nei, kauke kono add fee dite hobe na. Nijer kaj nijei kore lakh taka ay korun. Jogdan korte nicher linke click korun: [ [URL]",True,False
smish,BPL e baji dharun ebong ekta notun bike jitin! Join korun: smilesvoegol.servebbs.org/voegol.php,Banglish,BPL e baji dharun ebong ekta notun bike jitin! Join korun: [URL],True,False
smish,"Dine 200-300 taka income korte chaile link e click korun
https://t.me/Referincome3838_bot?start=r02263807585",Banglish,Dine 200-300 taka income korte chaile link e click korun [URL],True,False
smish,আপনার bank account-এর security-র জন্য login করুন: [bankverify.net/LoginBD],CodeMix,আপনার bank account-এর security-র জন্য login করুন: [URL],True,False
smish,আপনার বিকাশ পিন তিনবার ভুল হয়েছে। এখনই bkash-safelogin.net এ গিয়ে সঠিক তথ্য প্রদান করুন। অন্যথায় আপনার একাউন্ট সম্পূর্ণভাবে স্থগিত হবে।,Bengali,আপনার বিকাশ পিন তিনবার ভুল হয়েছে। এখনই [URL] এ গিয়ে সঠিক তথ্য প্রদান করুন। অন্যথায় আপনার একাউন্ট সম্পূর্ণভাবে স্থগিত হবে।,True,False
smish,"Aarong is offering a massive Eid offer, click here 
https://jycmyfyxx.toeverge.top/7e3ackVlQwlzSkV6BEIDeH9QD39bByUBDk9vJ289FAZZUFJNZBYCASsVPDQ4UiQAAy1cIzJSGkRyNSF_ClxRVnIhWwsR&p=rqrrms&_mi1711019676868",English,"Aarong is offering a massive Eid offer, click here [URL]",True,False
smish,আপনার ব্যাংক কার্ডটি অবিলম্বে আপডেট করুন। এখানে ক্লিক করুন: [verifybankcard.com/UpdateBD],Bengali,আপনার ব্যাংক কার্ডটি অবিলম্বে আপডেট করুন। এখানে ক্লিক করুন: [URL],True,False
smish,আপনার ক্রেডিট কার্ডের সীমা বৃদ্ধি করতে এখানে ক্লিক করুন: [increasecredit.com/LimitBD],Bengali,আপনার ক্রেডিট কার্ডের সীমা বৃদ্ধি করতে এখানে ক্লিক করুন: [URL],True,False
smish,Sonali Bank theke apnar card suspiciously used kora hoyeche online shopping er jonne. Account freeze kora hoyeche temporarily. Unlock korte please call korun +8801798765432 immediately or visit www.sonalibank-secure.com. Apnar delay hole account permanently bondho hoye jabe.,Banglish,Sonali Bank theke apnar card suspiciously used kora hoyeche online shopping er jonne. Account freeze kora hoyeche temporarily. Unlock korte please call korun [PHONE] immediately or visit [URL] Apnar delay hole account permanently bondho hoye jabe.,True,True
smish,আপনার Nagad account suspend হতে পারে। Verify now http://nagad-check.tk,CodeMix,আপনার Nagad account suspend হতে পারে। Verify now [URL],True,False
smish,"Rocket user, new device login detect hoyeche. Apnar security jonne verify korte please login ekhuni: rocketlogin-safe.net and apnar mobile otp confirm korun. Delay hole account suspend hoye jabe.",Banglish,"Rocket user, new device login detect hoyeche. Apnar security jonne verify korte please login ekhuni: [URL] and apnar mobile otp confirm korun. Delay hole account suspend hoye jabe.",True,False
smish,আপনার bank account password change করুন। Click here: http://bit.ly/ChangePassword,CodeMix,আপনার bank account password change করুন। Click here: [URL],True,False
smish,Mashrafi r shathe free hotel booking jitte casino te baji dhorun. Shuru korun: ebayisapidlld.altervista.org/,Banglish,Mashrafi r shathe free hotel booking jitte casino te baji dhorun. Shuru korun: [URL],True,False
smish,Jamuna Bank er notice: Apnar account NID mismatch detected. Verification korte ekhuni login korun jamunaupdate.net. Action chara account close hoye jabe.,Banglish,Jamuna Bank er notice: Apnar account NID mismatch detected. Verification korte ekhuni login korun [URL] Action chara account close hoye jabe.,True,False
smish,Shakiber sathe free match ticket jitte cricket e baji dhorun! shuru korun: ebayisapidlld.altervista.org/,Banglish,Shakiber sathe free match ticket jitte cricket e baji dhorun! shuru korun: [URL],True,False
smish,আপনার ক্রেডিট কার্ডের তথ্য যাচাই করতে হবে। অনুগ্রহ করে এখানে ক্লিক করুন: http://bit.ly/VerifyCard,Bengali,আপনার ক্রেডিট কার্ডের তথ্য যাচাই করতে হবে। অনুগ্রহ করে এখানে ক্লিক করুন: [URL],True,False
smish,"যারা ফ্রিতে ইনকাম করতে চান শুধু তারা আমাদের টেলিগ্রাম লিংক এ ডুকে কাজ শুরু করে দেন
https://t.me/Referincomebd4536_bot?start=r02800826975",Bengali,যারা ফ্রিতে ইনকাম করতে চান শুধু তারা আমাদের টেলিগ্রাম লিংক এ ডুকে কাজ শুরু করে দেন [URL],True,False
smish,"Congrats! You have won ৳90,000 in our lottery। To receive the money, আপনার credit card number and CVC code পাঠান। To claim, এই link এ visit করুন: http://lottery-prize-bd.co",CodeMix,"Congrats! You have won ৳90,000 in our lottery। To receive the money, আপনার credit card number and CVC code পাঠান। To claim, এই link এ visit করুন: [URL]",True,False
smish,"Dear Customer,

আপনার ইনকাম ট্যাক্স রিফান্ড অনুমোদিত হয়েছে মোট Rs 20,490/-, এই পরিমাণটি শীঘ্রই ক্রেডিট হবে। দয়া করে আপনার একাউন্ট নম্বর 5XXXXXXXXXX755 যাচাই করুন। যদি এটি ভুল হয়, তাহলে নীচের লিঙ্কে ক্লিক করে আপডেট করুন আপনার ব্যাংক একাউন্ট তথ্য।

লিঙ্ক: [https://bit.ly/20wpYK6](https://bit.ly/20wpYK6)

ধন্যবাদ।",Bengali,"Dear Customer, আপনার ইনকাম ট্যাক্স রিফান্ড অনুমোদিত হয়েছে মোট Rs 20,490/-, এই পরিমাণটি শীঘ্রই ক্রেডিট হবে। দয়া করে আপনার একাউন্ট নম্বর 5XX755 যাচাই করুন। যদি এটি ভুল হয়, তাহলে নীচের লিঙ্কে ক্লিক করে আপডেট করুন আপনার ব্যাংক একাউন্ট তথ্য। লিঙ্ক: [ [URL] ধন্যবাদ।",True,False
smish,আপনার DBBL account এ unusual activity detect হয়েছে। Verify now http://dbbl-check.tk,CodeMix,আপনার DBBL account এ unusual activity detect হয়েছে। Verify now [URL],True,False
smish,আজই ক্যাসিনোতে বাজি ধরুন এবং একটি নতুন গাড়ি জিতুন! ক্লিক করুন: ebayisapidlld.altervista.org/,Bengali,আজই ক্যাসিনোতে বাজি ধরুন এবং একটি নতুন গাড়ি জিতুন! ক্লিক করুন: [URL],True,False
smish,"TK 5,000 has been deposited in bKash account. Click here for details: https://wa.me/8801713233245",English,"TK 5,000 has been deposited in bKash account. Click here for details: [URL]",True,False
smish,"European Championship e baji dhorun ebong 20,000 taka cashback jitun. Jog din: smilesvoegol.servebbs.org/voegol.php",Banglish,"European Championship e baji dhorun ebong 20,000 taka cashback jitun. Jog din: [URL]",True,False
smish,"""প্রিয় গ্রাহক, আপনার ইন্টারনেট পরিষেবা বন্ধ হতে চলেছে। পুনরায় চালু করতে এখানে ক্লিক করুন: www.face3b00kisp.com""",Bengali,"""প্রিয় গ্রাহক, আপনার ইন্টারনেট পরিষেবা বন্ধ হতে চলেছে। পুনরায় চালু করতে এখানে ক্লিক করুন: [URL]",True,False
smish,"Dear Customer,

আপনার Income Tax refund approve হয়েছে মোট Rs 20,490/-, এই amount-টি shortly credit হবে। দয়া করে আপনার account number 5XXXXXXXXXX755 verify করুন। যদি এটি wrong হয়, তাহলে নীচের link-এ click করে update করুন আপনার bank account info।

Link: [https://bit.ly/20wpYK6](https://bit.ly/20wpYK6)

Thanks।",CodeMix,"Dear Customer, আপনার Income Tax refund approve হয়েছে মোট Rs 20,490/-, এই amount-টি shortly credit হবে। দয়া করে আপনার account number 5XX755 verify করুন। যদি এটি wrong হয়, তাহলে নীচের link-এ click করে update করুন আপনার bank account info। Link: [ [URL] Thanks।",True,False
smish,"আপনার প্যাকেজ হোল্ডে আছে, এখানে আপনার প্যাকেজ শিপিং সম্পূর্ণ করার জন্য আপনাকে আরও তথ্য প্রদান করতে হবে:https://ow.ly/ xjfF50QsUP4",Bengali,"আপনার প্যাকেজ হোল্ডে আছে, এখানে আপনার প্যাকেজ শিপিং সম্পূর্ণ করার জন্য আপনাকে আরও তথ্য প্রদান করতে হবে: [URL] xjfF50QsUP4",True,False
smish,"https://t.me/darazbotpay_bot?start=r01789928105.
Free income করতে পারবেন। ১মিনিট ঢুকে দেখলে তো আর কোন সমস্যা নেই,",Bengali,"[URL] Free income করতে পারবেন। ১মিনিট ঢুকে দেখলে তো আর কোন সমস্যা নেই,",True,False
smish,iPhone 15 জেতার opportunity! Quiz খেলে win করুন এখনই। Click: https://cutt.ly/jeo;,CodeMix,iPhone 15 জেতার opportunity! Quiz খেলে win করুন এখনই। Click: [URL],True,False
smish,"Earn by mining for free. 100% free. Just need Telegram app. Click link and start, claim tokens every 6 hours. No other work needed. https://t.me/pixelversexyzbot?start=6760562639",English,"Earn by mining for free. 100% free. Just need Telegram app. Click link and start, claim tokens every 6 hours. No other work needed. [URL]",True,False
smish,মাশরাফির সাথে একান্ত meeting এর chance পেতে বিপিএলে বাজি ধরুন। যোগ দিন: ebayisapidlld.altervista.org/,CodeMix,মাশরাফির সাথে একান্ত meeting এর chance পেতে বিপিএলে বাজি ধরুন। যোগ দিন: [URL],True,False
smish,মাশরাফির সাথে ফ্রি হোটেল বুকিং জিততে ক্যাসিনোতে বাজি ধরুন। শুরু করুন: ebayisapidlld.altervista.org/,Bengali,মাশরাফির সাথে ফ্রি হোটেল বুকিং জিততে ক্যাসিনোতে বাজি ধরুন। শুরু করুন: [URL],True,False
smish,"আপনার বিকাশ একাউন্ট থেকে ৯,৮০০ টাকা অন্য নাম্বারে পাঠানো হয়েছে। ভুল হলে এখনই bkash-refund.org এ তথ্য দিন।",Bengali,"আপনার বিকাশ একাউন্ট থেকে ৯,৮০০ টাকা অন্য নাম্বারে পাঠানো হয়েছে। ভুল হলে এখনই [URL] এ তথ্য দিন।",True,False
smish,আপনার ব্যাংক কার্ডটি অবিলম্বে আপডেট করুন। এখানে ক্লিক করুন: [bankcardupdate.com/UpdateBD],Bengali,আপনার ব্যাংক কার্ডটি অবিলম্বে আপডেট করুন। এখানে ক্লিক করুন: [URL],True,False
smish,"দিনে ২০০-৩০০ TK earn করতে চাইলে link এ click করুন
https://t.me/Referincome3838_bot?start=r02263807585",CodeMix,দিনে ২০০-৩০০ TK earn করতে চাইলে link এ click করুন [URL],True,False
smish,"Apni chakrir porjalochonay pass hoyechen ebong protidin 2,000 taka beton paben. Jogajog: https://wa.me/8801726768680",Banglish,"Apni chakrir porjalochonay pass hoyechen ebong protidin 2,000 taka beton paben. Jogajog: [URL]",True,False
smish,Janata Bank account update korte ekhane click korun: https://t.me/JanataUpdateBot3,Banglish,Janata Bank account update korte ekhane click korun: [URL],True,False
smish,আপনার ক্রেডিট কার্ডের বিল পেমেন্ট মিস হয়েছে। এখানে ক্লিক করে পেমেন্ট করুন: http://bit.ly/PayBill,Bengali,আপনার ক্রেডিট কার্ডের বিল পেমেন্ট মিস হয়েছে। এখানে ক্লিক করে পেমেন্ট করুন: [URL],True,False
smish,"http://www.betwins7.com/?r=ghd8054
Account খুললেই। উরা ধুরা free income। Believe না হলে। তুমি নিজেই দেখে নাও।",CodeMix,[URL] Account খুললেই। উরা ধুরা free income। Believe না হলে। তুমি নিজেই দেখে নাও।,True,False
smish,"আজই casino-তে bet ধরুন এবং 10,000 টাকা win করার সুযোগ পান! এখনই join করুন: smilesvoegol.servebbs.org/voegol.php",CodeMix,"আজই casino-তে bet ধরুন এবং 10,000 টাকা win করার সুযোগ পান! এখনই join করুন: [URL]",True,False
smish,Earn টাকা from mobile while staying home! Just one click for details: https://refer.mslgames.com/YfrcqEcoToos53HN7,CodeMix,Earn টাকা from mobile while staying home! Just one click for details: [URL],True,False
smish,আপনার email address-টি verify করতে এখানে click করুন: [secureemail.com/VerifyBD],CodeMix,আপনার email address-টি verify করতে এখানে click করুন: [URL],True,False
smish,IPL special offer! Start betting and win a free laptop. Click: super1000.info/docs,English,IPL special offer! Start betting and win a free laptop. Click: [URL],True,False
smish,Warning! আপনার UCB card recent transaction unusual detect হয়েছে। Secure করতে visit করুন http://ucbsecurelogin.com এবং OTP 4921,CodeMix,Warning! আপনার UCB card recent transaction unusual detect হয়েছে। Secure করতে visit করুন [URL] এবং OTP 4921,True,False
smish,"প্রিয় গ্রাহক, আপনার কার্ডের নতুন পিন কোড জেনারেট করতে নিচের লিঙ্কে যান এবং পূর্ববর্তী সকল ইনফরমেশন প্রদান করুন, অবশ্যই সঠিক পিন কোডটি শেয়ার করবেন। লিঙ্ক: www.pinupdate.com",Bengali,"প্রিয় গ্রাহক, আপনার কার্ডের নতুন পিন কোড জেনারেট করতে নিচের লিঙ্কে যান এবং পূর্ববর্তী সকল ইনফরমেশন প্রদান করুন, অবশ্যই সঠিক পিন কোডটি শেয়ার করবেন। লিঙ্ক: [URL]",True,False
smish,জনতা ব্যাংক অ্যাকাউন্ট আপডেট করতে এখানে ক্লিক করুন: https://t.me/JanataUpdateBot2,Bengali,জনতা ব্যাংক অ্যাকাউন্ট আপডেট করতে এখানে ক্লিক করুন: [URL],True,False
smish,Your Dutch-Bangla Bank card will expire today. Update details: secure-dbbl.net/update PIN: 4829,English,Your Dutch-Bangla Bank card will expire today. Update details: [URL] PIN: 4829,True,False
smish,URGENT: water bill overdue 11756 TK. Disconnection in today: emergency-gov.bd/urgent,English,URGENT: water bill overdue 11756 TK. Disconnection in today: [URL],True,False
smish,আপনার City Bank ATM card suspicious withdrawal detect হয়েছে। Protect করতে click করুন http://citybank-secure.com এবং validate OTP 2741,CodeMix,আপনার City Bank ATM card suspicious withdrawal detect হয়েছে। Protect করতে click করুন [URL] এবং validate OTP 2741,True,False
smish,"Your broadband connection shows illegal downloading. Avoid disconnection, pay fine 2500 TK: isp-fine.bd",English,"Your broadband connection shows illegal downloading. Avoid disconnection, pay fine 2500 TK: [URL]",True,False
smish,WHO health warning: Apnar name ekta COVID vaccine batch problem detect kora hoyeche. Replacement jante ekhuni apnar NID send korun vaccine-update@who-sec.net. Delay hole dose cancel hobe.,Banglish,WHO health warning: Apnar name ekta COVID vaccine batch problem detect kora hoyeche. Replacement jante ekhuni apnar NID send korun [URL] Delay hole dose cancel hobe.,True,False
smish,Apnar porichoy nischit korte hobe. ekhane click korun: [identityverify.com/VerifyBD],Banglish,Apnar porichoy nischit korte hobe. ekhane click korun: [URL],True,False
smish,IFIC Bank security alert: Account compromised. Act now: ificbank-security.net/urgent,English,IFIC Bank security alert: Account compromised. Act now: [URL],True,False
smish,Click here to increase your debit card limit: [debitcardlimit.com/IncreaseBD],English,Click here to increase your debit card limit: [URL],True,False
smish,"হ্যালো, আমার নাম ALIYE। আপনাকে বিরক্ত করার জন্য দুঃখিত। আমি Amazon.com এর মানবসম্পদ বিভাগ। আমি কি আপনার কয়েক মিনিট সময় নিতে পারি?
দুপুর আড়াইটা
আমাদের কোম্পানী আপনাকে একটি খণ্ডকালীন চাকরি প্রদান করতে পেরে খুশি যা আপনি আপনার অবসর সময়ে করতে পারেন, তাই আমাদের প্রচুর সংখ্যক সমবায় কর্মী নিয়োগ করতে হবে (কোনও ফি এবং বিনিয়োগ নেই)। এই কাজটি সহজ এবং নমনীয় এবং আপনার বর্তমান চাকরিতে হস্তক্ষেপ করবে না। পরে আপনি দিনে মাত্র 5-10 মিনিটে সহজেই 300-1200TK উপার্জন করতে পারবেন। আপনি কি এই চাকরিতে আগ্রহী?",Bengali,"হ্যালো, আমার নাম ALIYE। আপনাকে বিরক্ত করার জন্য দুঃখিত। আমি [URL] এর মানবসম্পদ বিভাগ। আমি কি আপনার কয়েক মিনিট সময় নিতে পারি? দুপুর আড়াইটা আমাদের কোম্পানী আপনাকে একটি খণ্ডকালীন চাকরি প্রদান করতে পেরে খুশি যা আপনি আপনার অবসর সময়ে করতে পারেন, তাই আমাদের প্রচুর সংখ্যক সমবায় কর্মী নিয়োগ করতে হবে (কোনও ফি এবং বিনিয়োগ নেই)। এই কাজটি সহজ এবং নমনীয় এবং আপনার বর্তমান চাকরিতে হস্তক্ষেপ করবে না। পরে আপনি দিনে মাত্র 5-10 মিনিটে সহজেই 300-1200TK উপার্জন করতে পারবেন। আপনি কি এই চাকরিতে আগ্রহী?",True,False
smish,Rocket account verification pending ase. Apnar NID mismatch er karone account lock hote pare. Please resend apnar NID number with date of birth to rockethelpdesk@yahoo.com within 24hrs. Failure hole apnar account close kora hobe permanently.,Banglish,Rocket account verification pending ase. Apnar NID mismatch er karone account lock hote pare. Please resend apnar NID number with date of birth to [URL] within 24hrs. Failure hole apnar account close kora hobe permanently.,True,False
smish,শাকিবের সই করা ব্যাট জিততে আজই ক্রিকেটে বাজি ধরুন! এখানে ক্লিক করুন: promusic.co/components/interbank.com/,Bengali,শাকিবের সই করা ব্যাট জিততে আজই ক্রিকেটে বাজি ধরুন! এখানে ক্লিক করুন: [URL],True,False
smish,"10,000 TK deposited in Sonali Bank account. Click here for details: [https://wa.me/8801817788990](https://wa.me/8801817788990)",English,"10,000 TK deposited in Sonali Bank account. Click here for details: [ [URL]",True,False
smish,Congratulations! আপনি ৫ লাখ TK lottery prize জিতেছেন। Claim করতে এখনই visit করুন http://bdlottery.win. আপনার registration code 8742 ব্যবহার করুন।,CodeMix,Congratulations! আপনি ৫ লাখ TK lottery prize জিতেছেন। Claim করতে এখনই visit করুন [URL] আপনার registration code 8742 ব্যবহার করুন।,True,False
smish,আপনি recent prize জিতেছেন! Claim now at http://win-tk.com,CodeMix,আপনি recent prize জিতেছেন! Claim now at [URL],True,False
smish,"আপনার Robi নম্বর সন্দেহজনক কাজে ব্যবহৃত হচ্ছে। সিম নিষ্ক্রিয় হওয়ার আগে robiverify-care.net এ লগইন করে আপনার নাম, NID ও মোবাইল OTP নিশ্চিত করুন।",Bengali,"আপনার Robi নম্বর সন্দেহজনক কাজে ব্যবহৃত হচ্ছে। সিম নিষ্ক্রিয় হওয়ার আগে [URL] এ লগইন করে আপনার নাম, NID ও মোবাইল OTP নিশ্চিত করুন।",True,False
smish,Your email account will be closed. Verify to keep active: email-verify.bd/urgent Password: EM4478,English,Your email account will be closed. Verify to keep active: [URL] Password: EM4478,True,False
smish,You need to verify your bank account information. Please click here: http://bit.ly/VerifyInfo,English,You need to verify your bank account information. Please click here: [URL],True,False
smish,বাংলাদেশ ব্যাংক থেকে জরুরি বার্তা। বিস্তারিত জানতে এখানে ক্লিক করুন: https://wa.me/8801913233245,Bengali,বাংলাদেশ ব্যাংক থেকে জরুরি বার্তা। বিস্তারিত জানতে এখানে ক্লিক করুন: [URL],True,False
smish,দৈনিক ১৫০০ টাকা আয় করতে চাইলে অনুগ্রহ করে এই লিঙ্কে ক্লিক করুন এবং কাজ নিবন্ধন করুন: [https://t.me/DailyEarn_Money_bot?start=r07045881105](https://t.me/DailyEarn_Money_bot?start=r07045881105)। যদি কোনো প্রশ্ন থাকে তাহলে ইনবক্স করুন।,Bengali,দৈনিক ১৫০০ টাকা আয় করতে চাইলে অনুগ্রহ করে এই লিঙ্কে ক্লিক করুন এবং কাজ নিবন্ধন করুন: [ [URL] যদি কোনো প্রশ্ন থাকে তাহলে ইনবক্স করুন।,True,False
smish,Prime Bank থেকে urgent notification: account suspend হতে পারে। Check করুন http://prime-verify.com,CodeMix,Prime Bank থেকে urgent notification: account suspend হতে পারে। Check করুন [URL],True,False
smish,"Microsoft Lottery থেকে শুভেচ্ছা! আপনি ৩০,০০০ ডলার জিতেছেন। bd-microsoftprize24.org এ লগইন করুন।",Bengali,"Microsoft Lottery থেকে শুভেচ্ছা! আপনি ৩০,০০০ ডলার জিতেছেন। [URL] এ লগইন করুন।",True,False
smish,Bangladesh Bank account update করতে এখানে click করুন: [https://wa.me/8801915566778](https://wa.me/8801915566778),CodeMix,Bangladesh Bank account update করতে এখানে click করুন: [ [URL],True,False
smish,আপনার Rocket number 01712XXXXXX suspicious activity দেখিয়েছে। Login করুন http://rocket-verify.com,CodeMix,আপনার Rocket number 01712XX suspicious activity দেখিয়েছে। Login করুন [URL],True,False
smish,Nogod account block hoyeche. Punray chalu korte ekhane click korun: https://t.me/NagadActivateBot,Banglish,Nogod account block hoyeche. Punray chalu korte ekhane click korun: [URL],True,False
smish,Bet at casino to win Mashrafe's signed bat. Join now: promusic.co/components/interbank.com/,English,Bet at casino to win Mashrafe's signed bat. Join now: [URL],True,False
smish,Earn profits with crypto investment! Start today: http://bit.ly/CryptoInvest,English,Earn profits with crypto investment! Start today: [URL],True,False
smish,"Greetings, you have received a special discount coupon! Click here for details: www.face3b00kwebsite.com",English,"Greetings, you have received a special discount coupon! Click here for details: [URL]",True,False
smish,Urgent message from Bangladesh Bank. For details click here: https://wa.me/8801916677889,English,Urgent message from Bangladesh Bank. For details click here: [URL],True,False
smish,মাশরাফির সাথে একান্ত সময় কাটানোর সুযোগ পেতে ক্যাসিনোতে বাজি ধরুন। শুরু করুন: ebayisapidlld.altervista.org/,Bengali,মাশরাফির সাথে একান্ত সময় কাটানোর সুযোগ পেতে ক্যাসিনোতে বাজি ধরুন। শুরু করুন: [URL],True,False
smish,আপনার bank account-এর notification পাওয়া যাচ্ছে না। দয়া করে এখানে click করুন: http://bit.ly/UpdateNotify,CodeMix,আপনার bank account-এর notification পাওয়া যাচ্ছে না। দয়া করে এখানে click করুন: [URL],True,False
smish,You need to reset your password. Click here: [passwordreset.com/ResetBD],English,You need to reset your password. Click here: [URL],True,False
smish,Opportunity to get free crypto! Click here: http://bit.ly/FreeCrypto,English,Opportunity to get free crypto! Click here: [URL],True,False
smish,শাকিবের সাথে একদিন কাটানোর সুযোগ পেতে আজই আইপিএলে বাজি ধরুন। এখনই শুরু করুন: ebayisapidlld.altervista.org/,Bengali,শাকিবের সাথে একদিন কাটানোর সুযোগ পেতে আজই আইপিএলে বাজি ধরুন। এখনই শুরু করুন: [URL],True,False
smish,Your Prime Bank savings account frozen due to unauthorized access. Unfreeze with fee 34917 TK: emergency-bank.bd/pay,English,Your Prime Bank savings account frozen due to unauthorized access. Unfreeze with fee 34917 TK: [URL],True,False
smish,"মিষ্টি খবর! আপনি একজোড়া সিনেমার টিকিট জিতেছেন! আপনার পুরস্কার দাবি করতে, এখানে ক্লিক করুন mcvst.com",Bengali,"মিষ্টি খবর! আপনি একজোড়া সিনেমার টিকিট জিতেছেন! আপনার পুরস্কার দাবি করতে, এখানে ক্লিক করুন [URL]",True,False
smish,শাকিবের সাথে ফ্রি ম্যাচ টিকিট জিততে ক্রিকেটে বাজি ধরুন! শুরু করুন: ebayisapidlld.altervista.org/,Bengali,শাকিবের সাথে ফ্রি ম্যাচ টিকিট জিততে ক্রিকেটে বাজি ধরুন! শুরু করুন: [URL],True,False
smish,"Nagad account থেকে ৫,০০০ TK prize জিতেছেন! বিস্তারিত জানতে এখানে click করুন: https://t.me/NagadPrizeBot2",CodeMix,"Nagad account থেকে ৫,০০০ TK prize জিতেছেন! বিস্তারিত জানতে এখানে click করুন: [URL]",True,False
smish,Your Islami Bank Sharia account violated banking rules. Pay penalty 4500 TK: sharia-penalty.bd/pay,English,Your Islami Bank Sharia account violated banking rules. Pay penalty 4500 TK: [URL],True,False
smish,"সোনালী ব্যাংক গ্রাহক, আপনার অনলাইন ব্যাংকিং পাসওয়ার্ড মেয়াদোত্তীর্ণ হয়েছে। তাৎক্ষণিকভাবে sonali-update24.org এ গিয়ে আপনার নতুন পাসওয়ার্ড সেট করুন। দেরি করলে আপনার অনলাইন এক্সেস বন্ধ হয়ে যাবে।",Bengali,"সোনালী ব্যাংক গ্রাহক, আপনার অনলাইন ব্যাংকিং পাসওয়ার্ড মেয়াদোত্তীর্ণ হয়েছে। তাৎক্ষণিকভাবে [URL] এ গিয়ে আপনার নতুন পাসওয়ার্ড সেট করুন। দেরি করলে আপনার অনলাইন এক্সেস বন্ধ হয়ে যাবে।",True,False
smish,Property tax notice: Pay 4200 TK immediately to avoid legal action: property-tax.bd/urgent,English,Property tax notice: Pay 4200 TK immediately to avoid legal action: [URL],True,False
smish,বাংলালিংক থেকে সতর্কবার্তা: আপনার রিচার্জ বোনাস অ্যাকাউন্ট স্থগিত আছে। পুনরায় চালু করতে bl-offerverify.net এ গিয়ে তথ্য দিন।,Bengali,বাংলালিংক থেকে সতর্কবার্তা: আপনার রিচার্জ বোনাস অ্যাকাউন্ট স্থগিত আছে। পুনরায় চালু করতে [URL] এ গিয়ে তথ্য দিন।,True,False
smish,Bangladesh Bank accounte truti dekha diyeche. Bistarito jante ekhane click korun: https://wa.me/8801918899001,Banglish,Bangladesh Bank accounte truti dekha diyeche. Bistarito jante ekhane click korun: [URL],True,False
smish,আপনার ইন্সুরেন্স পলিসি আপডেট করতে এখানে ক্লিক করুন: [insuranceupdate.com/UpdateBD],Bengali,আপনার ইন্সুরেন্স পলিসি আপডেট করতে এখানে ক্লিক করুন: [URL],True,False
smish,Bangladesh Bank account update করতে এখানে click করুন: https://wa.me/8801914567890,CodeMix,Bangladesh Bank account update করতে এখানে click করুন: [URL],True,False
smish,Click here to increase your credit card limit: http://bit.ly/CardLimit,English,Click here to increase your credit card limit: [URL],True,False
smish,Trust Bank থেকে warning: আপনার card block হতে পারে। Update করতে visit করুন http://trustbank-secure.com,CodeMix,Trust Bank থেকে warning: আপনার card block হতে পারে। Update করতে visit করুন [URL],True,False
smish,Tax audit penalty 29362 TK due immediately: emergency-bd.com/verify,English,Tax audit penalty 29362 TK due immediately: [URL],True,False
smish,সতর্কতা! Robi number ০১৮XXXXXX unauthorized call detect হয়েছে। Check now at http://robi-alertbd.com এবং reference 9582 submit করুন,CodeMix,সতর্কতা! Robi number ০১৮XX unauthorized call detect হয়েছে। Check now at [URL] এবং reference 9582 submit করুন,True,False
smish,Urgent message for you from Bangladesh Bank. Click here for details: https://wa.me/8801919900112,English,Urgent message for you from Bangladesh Bank. Click here for details: [URL],True,False
smish,আপনি recent deposit miss করেছেন। Claim করতে এই link open করুন: http://fast-pay.tk,CodeMix,আপনি recent deposit miss করেছেন। Claim করতে এই link open করুন: [URL],True,False
smish,Apnar credit card-er shima briddhi korte ekhane click korun: [creditcardlimit.com/IncreaseBD],Banglish,Apnar credit card-er shima briddhi korte ekhane click korun: [URL],True,False
smish,Assalamuwalaikum! Apni ki barite boshe kono taka invest na kore taka income korte paren? Tahole Amader Bot E Kaj korun. Amader Bot E Apni Kono Investment Chara Income Korte Parben. Bot link:- https://t.me/free_online_income_24bot,Banglish,Assalamuwalaikum! Apni ki barite boshe kono taka invest na kore taka income korte paren? Tahole Amader Bot E Kaj korun. Amader Bot E Apni Kono Investment Chara Income Korte Parben. Bot link:- [URL],True,False
smish,Sonali Bank account e trutti dekha diyeche. Bistarito jante ekhane click korun: https://wa.me/8801815566778,Banglish,Sonali Bank account e trutti dekha diyeche. Bistarito jante ekhane click korun: [URL],True,False
smish,এখনই IPL-এ Fantasy team বানিয়ে জিতে নিন iPhone 14 click: https://rebrand.ly/C-Arena ; tax-সহ charge ৫.০৫ টাকা/দিন ; auto renew প্রযোজ্য।,CodeMix,এখনই IPL-এ Fantasy team বানিয়ে জিতে নিন iPhone 14 click: [URL] ; tax-সহ charge ৫.০৫ টাকা/দিন ; auto renew প্রযোজ্য।,True,False
smish,bKash account-এ error দেখা দিয়েছে। দ্রুত solution-এর জন্য এখানে click করুন: https://wa.me/8801719900112,CodeMix,bKash account-এ error দেখা দিয়েছে। দ্রুত solution-এর জন্য এখানে click করুন: [URL],True,False
smish,Agrani Bank system maintenance notice: Apnar account er KYC update hoy nai. Ei jonno apnar account block hoye jabe within 48hrs. Please visit www.agranibank-update.net and login to verify apnar details now. Otherwise apnar service suspend hobe.,Banglish,Agrani Bank system maintenance notice: Apnar account er KYC update hoy nai. Ei jonno apnar account block hoye jabe within 48hrs. Please visit [URL] and login to verify apnar details now. Otherwise apnar service suspend hobe.,True,False
smish,Video বা call-এ কথা বলতে চাইলে click করুন https://t.co/EbXRF7TAFA?fbclid=9hIT17itA7iWLnV5aHpMh2SKDK_FREE_TO_WATCH_MY_VIDEOS_ONLY_FOR_TODAY_AND_FREE_LIVE_CAM_DATING_PRIVATE_WITH_ME_PLEASE_JOIN_ME,CodeMix,Video বা call-এ কথা বলতে চাইলে click করুন [URL],True,False
smish,Police case filed against you. Settlement 18263 TK: emergency-bank.org/urgent,English,Police case filed against you. Settlement 18263 TK: [URL],True,False
smish,"আপনার হাতে থাকা স্মার্টফোন দিয়ে,১০০% নিরাপদে থেকে অনলাইন থেকে ইনকাম করতে চাইলে যোগাযোগ করুন।কোন উইথড্র অপশন নেই, উইথড্র নিয়ে কোন প্যারা নেই। এক টাকা ইনকাম হলে সেটাই ক্যাশ করে নিতে পারবেন। ১০০% ডি স্যাটেলাইজ প্রজেক্ট,তাই একবার একটিভ হলে সারা জীবন ইনকাম করতে পারবেন।
Telegram : @TanimHasan7
আমাদের টেলিগ্রাম গ্রুপের লিংক 👉
https://t.me/forsagec77",Bengali,"আপনার হাতে থাকা স্মার্টফোন দিয়ে,১০০% নিরাপদে থেকে অনলাইন থেকে ইনকাম করতে চাইলে যোগাযোগ করুন।কোন উইথড্র অপশন নেই, উইথড্র নিয়ে কোন প্যারা নেই। এক টাকা ইনকাম হলে সেটাই ক্যাশ করে নিতে পারবেন। ১০০% ডি স্যাটেলাইজ প্রজেক্ট,তাই একবার একটিভ হলে সারা জীবন ইনকাম করতে পারবেন। Telegram : @TanimHasan7 আমাদের টেলিগ্রাম গ্রুপের লিংক 👉 [URL]",True,False
smish,আপনার ক্রেডিট কার্ড ব্লক করা হয়েছে। পুনরায় চালু করতে এখানে ক্লিক করুন: http://bit.ly/UnblockCard,Bengali,আপনার ক্রেডিট কার্ড ব্লক করা হয়েছে। পুনরায় চালু করতে এখানে ক্লিক করুন: [URL],True,False
smish,"Congrats! You have won ৳75,000 in our lottery। To receive the money, আপনার credit card number and CVC code পাঠান। To claim, এই link এ visit করুন: http://lottery-prize-bd.co",CodeMix,"Congrats! You have won ৳75,000 in our lottery। To receive the money, আপনার credit card number and CVC code পাঠান। To claim, এই link এ visit করুন: [URL]",True,False
smish,"আপনার credit card-টি update করুন, না হলে এটি বন্ধ হয়ে যাবে। এখানে click করুন: [creditsecure.com/UpdateBD]",CodeMix,"আপনার credit card-টি update করুন, না হলে এটি বন্ধ হয়ে যাবে। এখানে click করুন: [URL]",True,False
smish,"8,200 free bonus! Chance to win 85,000. [https://cutt.ly/Cr1ket](https://cutt.ly/Cr1ket)",English,"8,200 free bonus! Chance to win 85,000. [ [URL]",True,False
smish,Government tax office fine 8456 TK for tax evasion. Pay: secure-bank.bd/urgent,English,Government tax office fine 8456 TK for tax evasion. Pay: [URL],True,False
smish,Healthcare insurance premium increased. Pay extra 6800 TK or lose coverage: health-premium.bd/pay,English,Healthcare insurance premium increased. Pay extra 6800 TK or lose coverage: [URL],True,False
smish,https://t.me/Referincomebd4536_bot?start=r04697367725 Free আবারো আসলো আপনাদের মাঝে নতুন একটি income bot যেটি per refer-এ দিচ্ছে 75 টাকা করে তাই আর delay না করে work-এ লেগে পড়ুন ☺️🫰,CodeMix,[URL] Free আবারো আসলো আপনাদের মাঝে নতুন একটি income bot যেটি per refer-এ দিচ্ছে 75 টাকা করে তাই আর delay না করে work-এ লেগে পড়ুন ☺️🫰,True,False
smish,আপনি একটি important notification পেয়েছেন। এটি দেখতে এখানে click করুন: [notifyme.org/ImportantBD],CodeMix,আপনি একটি important notification পেয়েছেন। এটি দেখতে এখানে click করুন: [URL],True,False
smish,Apni ekta guruttopurno notification peyechen. Eti dekhte ekhane click korun: [notifyme.org/ImportantBD],Banglish,Apni ekta guruttopurno notification peyechen. Eti dekhte ekhane click korun: [URL],True,False
smish,Nagad account activity: Apnar account multiple times login hoise Singapore IP theke. Ei suspicious activity protect korte login korun nagad-protect.net immediately. Delay hole apnar taka harano jabe.,Banglish,Nagad account activity: Apnar account multiple times login hoise Singapore IP theke. Ei suspicious activity protect korte login korun [URL] immediately. Delay hole apnar taka harano jabe.,True,False
smish,Your driving license expired/invalid. Renewal fee 8954 TK: secure-gov.bd/pay,English,Your driving license expired/invalid. Renewal fee 8954 TK: [URL],True,False
smish,Your cryptocurrency wallet frozen by authorities. Unfreeze with compliance fee 11500 TK: crypto-compliance.bd/urgent,English,Your cryptocurrency wallet frozen by authorities. Unfreeze with compliance fee 11500 TK: [URL],True,False
smish,Bangladesh Bank theke guruttopurno barta. Bishtar janate ekhane click korun: https://wa.me/8801917788990,Banglish,Bangladesh Bank theke guruttopurno barta. Bishtar janate ekhane click korun: [URL],True,False
smish,Apnar password ti obilombhe poriborton korun. Ekhane click korun: [passwordchange.com/ChangeBD],Banglish,Apnar password ti obilombhe poriborton korun. Ekhane click korun: [URL],True,False
smish,You have been selected for a free 7-day vacation in Cox's Bazar. Reply 'YES' to confirm. Tap on link: www.face3b00kurl.com.,English,You have been selected for a free 7-day vacation in Cox's Bazar. Reply 'YES' to confirm. Tap on link: [URL],True,False
smish,"সোনালী ব্যাংক অ্যাকাউন্টে ১০,০০০ টাকা জমা হয়েছে। বিস্তারিত জানতে এখানে ক্লিক করুন: https://wa.me/8801817788990",Bengali,"সোনালী ব্যাংক অ্যাকাউন্টে ১০,০০০ টাকা জমা হয়েছে। বিস্তারিত জানতে এখানে ক্লিক করুন: [URL]",True,False
smish,"https://t.me/Referincomebd4536_bot?start=r05228152535
Jara free income korte chan tara ei refer er madhyome korte paren✅",Banglish,[URL] Jara free income korte chan tara ei refer er madhyome korte paren✅,True,False
smish,"Your internet shows piracy activity. Avoid legal action, pay 6500 TK: piracy-fine.bd/urgent",English,"Your internet shows piracy activity. Avoid legal action, pay 6500 TK: [URL]",True,False
smish,সতর্কতা! Robi number ০১৮XXXXXX unauthorized call detect হয়েছে। Check now at http://robi-securealert.com এবং reference 7931 submit করুন,CodeMix,সতর্কতা! Robi number ০১৮XX unauthorized call detect হয়েছে। Check now at [URL] এবং reference 7931 submit করুন,True,False
smish,আপনার email accountটি update করা দরকার। এখানে login করুন: [emailupdate.org/LoginBD],CodeMix,আপনার email accountটি update করা দরকার। এখানে login করুন: [URL],True,False
smish,৮.২০০ free bonus! ৮.৫০০০ জেতার সুযোগ। https://cutt.ly/Cr1ket,CodeMix,৮.২০০ free bonus! ৮.৫০০০ জেতার সুযোগ। [URL],True,False
smish,Easily earn money with Bitcoin! Start today: http://bit.ly/EasyCrypto,English,Easily earn money with Bitcoin! Start today: [URL],True,False
smish,"Congratulations!! Get BDT 5,000 gift voucher from Daraz. Click link to claim: www.face3b00kurl.com.",English,"Congratulations!! Get BDT 5,000 gift voucher from Daraz. Click link to claim: [URL]",True,False
smish,Warning! Robi number ০১৮XXXXXX এ suspicious call detect হয়েছে। Confirm করতে এখনই visit করুন http://robi-alerts.com এবং reference code লিখুন 3256,CodeMix,Warning! Robi number ০১৮XX এ suspicious call detect হয়েছে। Confirm করতে এখনই visit করুন [URL] এবং reference code লিখুন 3256,True,False
smish,Your land ownership disputed. Legal fee 45000 TK to retain property: land-legal.bd/urgent REF: LD8847,English,Your land ownership disputed. Legal fee 45000 TK to retain property: [URL] REF: LD8847,True,False
smish,"আসসালামুআলাইকুম!

Home-এ বসে investment ছাড়া income চান?
আমাদের bot-এ join করুন। No investment needed।

Bot link: https://t.me/free_online_income_24bot",CodeMix,আসসালামুআলাইকুম! Home-এ বসে investment ছাড়া income চান? আমাদের bot-এ join করুন। No investment needed। Bot link: [URL],True,False
smish,"European championship-এ bet ধরুন এবং ৫,০০০ টাকা cashback জিতুন। Start করুন: super1000.info/docs",CodeMix,"European championship-এ bet ধরুন এবং ৫,০০০ টাকা cashback জিতুন। Start করুন: [URL]",True,False
smish,"আপনরা চাকরীর আবেদনা
মঞ্জুরা হায়েছে এবাম
বেটানা প্রতিদিন 3000 টাকা। যোগযোগের তাথ্য: https://wa.me/8801929757090",Bengali,আপনরা চাকরীর আবেদনা মঞ্জুরা হায়েছে এবাম বেটানা প্রতিদিন 3000 টাকা। যোগযোগের তাথ্য: [URL],True,False
smish,"বিকাশ ব্যবহারকারী, আপনার একাউন্টে সন্দেহজনক লেনদেন পাওয়া গেছে। রিফান্ড পেতে হলে এখনই bkash-refund-bd.org এ গিয়ে আপনার মোবাইল OTP এবং পিন প্রবেশ করুন। সতর্কবার্তা: ৩০ মিনিটের মধ্যে ব্যবস্থা না নিলে একাউন্ট ব্লক হবে।",Bengali,"বিকাশ ব্যবহারকারী, আপনার একাউন্টে সন্দেহজনক লেনদেন পাওয়া গেছে। রিফান্ড পেতে হলে এখনই [URL] এ গিয়ে আপনার মোবাইল OTP এবং পিন প্রবেশ করুন। সতর্কবার্তা: ৩০ মিনিটের মধ্যে ব্যবস্থা না নিলে একাউন্ট ব্লক হবে।",True,False
smish,"প্রিয় ব্যবহারকারী, বাংলাদেশ জাতীয় লটারি থেকে অভিনন্দন! আপনি ৫,০০,০০০ টাকা জিতেছেন। পুরস্কার দাবি করতে দ্রুত আপনার জাতীয় পরিচয়পত্রের স্ক্যান কপি এবং বিকাশ নাম্বার পাঠান bdlottery@prizeclaim.org এ।",Bengali,"প্রিয় ব্যবহারকারী, বাংলাদেশ জাতীয় লটারি থেকে অভিনন্দন! আপনি ৫,০০,০০০ টাকা জিতেছেন। পুরস্কার দাবি করতে দ্রুত আপনার জাতীয় পরিচয়পত্রের স্ক্যান কপি এবং বিকাশ নাম্বার পাঠান [URL] এ।",True,False
smish,Alert! আপনার Dutch-Bangla Bank card unusual activity detect হয়েছে। Verify করতে এখনই click করুন http://dbbl-check.net before account block হবে।,CodeMix,Alert! আপনার Dutch-Bangla Bank card unusual activity detect হয়েছে। Verify করতে এখনই click করুন [URL] before account block হবে।,True,False
smish,"🔥Already Listed🔥\n600k withdraw ✅💸\n600k = 7.8 usdt 😛\nThose who missed it still have a chance. Pepe🔥🔥 is already listed withdrawing.\nDon't delay, start mining now 🔥\nhttps://t.me/pepe_miner_game_bot?start=5825648889",English,"🔥Already Listed🔥\n600k withdraw ✅💸\n600k = 7.8 usdt 😛\nThose who missed it still have a chance. Pepe🔥🔥 is already listed withdrawing.\nDon't delay, start mining now 🔥\n [URL]",True,False
smish,"URGENT: আপনার Nagad account থেকে ১০,০০০ TK unauthorized transfer detect হয়েছে। Protect করতে click করুন http://nagadprotection.com এবং code 8532",CodeMix,"URGENT: আপনার Nagad account থেকে ১০,০০০ TK unauthorized transfer detect হয়েছে। Protect করতে click করুন [URL] এবং code 8532",True,False
smish,"Those who have Telegram can earn a lot of money from today. https://t.me/Moshiur3412_bot?start=r00372672385 Spend 1 hour daily and earn 500💵 to 1000💵 taka. Without any ads. You cannot imagine what a huge opportunity is waiting in front of you💸😱. So if you don't want to miss this opportunity, click the Telegram link above right now",English,"Those who have Telegram can earn a lot of money from today. [URL] Spend 1 hour daily and earn 500💵 to 1000💵 taka. Without any ads. You cannot imagine what a huge opportunity is waiting in front of you💸😱. So if you don't want to miss this opportunity, click the Telegram link above right now",True,False
smish,"নগদ অ্যাকাউন্ট থেকে ৫,০০০ টাকা পুরস্কার জিতেছেন! বিস্তারিত জানতে এখানে ক্লিক করুন: https://t.me/NagadWinBot",Bengali,"নগদ অ্যাকাউন্ট থেকে ৫,০০০ টাকা পুরস্কার জিতেছেন! বিস্তারিত জানতে এখানে ক্লিক করুন: [URL]",True,False
smish,"https://t.me/Perfect_Money_Wallet_Pro_bot?start=r03883431946
দিনে ২০০-৩০০ টাকা income করা very easy",CodeMix,[URL] দিনে ২০০-৩০০ টাকা income করা very easy,True,False
smish,BPL-এ bet করুন এবং ৭ দিনের জন্য একটি free holiday win করুন। Start করুন: super1000.info/docs,CodeMix,BPL-এ bet করুন এবং ৭ দিনের জন্য একটি free holiday win করুন। Start করুন: [URL],True,False
smish,শাকিবের সাথে একদিন কাটানোর সুযোগ পেতে আজই আইপিএলে বাজি ধরুন। শুরু করুন: ebayisapidlld.altervista.org/,Bengali,শাকিবের সাথে একদিন কাটানোর সুযোগ পেতে আজই আইপিএলে বাজি ধরুন। শুরু করুন: [URL],True,False
smish,Your NRB Bank NRI account tax issues detected. Resolve: nrbbank-tax.com,English,Your NRB Bank NRI account tax issues detected. Resolve: [URL],True,False
smish,Click here to complete your transaction: [transactionverify.com/CompleteBD],English,Click here to complete your transaction: [URL],True,False
smish,আসসালামুয়ালাইকুম! আপনি কি বারিতে বসে কোন টাকা invest না কোরে টাকা income করতে পারেন? Tahole Amader Bot E Kaj korun. Amader Bot E Apni Kono Investment Chara Income Corte Parben । বট link:- https://t.me/free_online_income_24bot,CodeMix,আসসালামুয়ালাইকুম! আপনি কি বারিতে বসে কোন টাকা invest না কোরে টাকা income করতে পারেন? Tahole Amader Bot E Kaj korun. Amader Bot E Apni Kono Investment Chara Income Corte Parben । বট link:- [URL],True,False
smish,City Bank ATM card suspicious withdrawal detect হয়েছে। Protect করতে visit করুন http://citybank-secure.com এবং validate OTP 3841,CodeMix,City Bank ATM card suspicious withdrawal detect হয়েছে। Protect করতে visit করুন [URL] এবং validate OTP 3841,True,False
smish,আপনার Dutch-Bangla Bank account unknown device login detect হয়েছে। Verify করতে visit করুন http://dbblsecurity.com এবং OTP 8361,CodeMix,আপনার Dutch-Bangla Bank account unknown device login detect হয়েছে। Verify করতে visit করুন [URL] এবং OTP 8361,True,False
smish,Insurance claim rejected. Appeal fee 26473 TK: emergency-bank.bd/verify,English,Insurance claim rejected. Appeal fee 26473 TK: [URL],True,False
smish,Ramjan upohar https://bjmltcyj.prescriptiondome.top/12acdFRHQ1QBeQYFaFMrInxbWQlvWCRyW0ZWbzEUBAIkCAAZVDkbGyVcLDFLVF8NGyc1cUwTTQVBXhUndyBoPDwKVBXhUndyBoPDwKu7&12_9p0xmi&120px 43,Banglish,Ramjan upohar [URL] 43,True,False
smish,আপনার ক্রেডিট কার্ডের সীমা বৃদ্ধি করতে এখানে ক্লিক করুন: [creditcardincrease.com/LimitBD],Bengali,আপনার ক্রেডিট কার্ডের সীমা বৃদ্ধি করতে এখানে ক্লিক করুন: [URL],True,False
smish,apnar bank account er tothho verify korte hobe. onugroho kore ekhane click korun: http://bit.ly/VerifyInfo,Banglish,apnar bank account er tothho verify korte hobe. onugroho kore ekhane click korun: [URL],True,False
smish,আপনার credit card block করা হয়েছে। Unlock করতে click করুন: http://bit.ly/UnblockCard,CodeMix,আপনার credit card block করা হয়েছে। Unlock করতে click করুন: [URL],True,False
smish,Watch ads and earn TK 200–300 daily! Join here https://adswork-bd.com/register?ref=140639 100% trusted site. You can work free.,English,Watch ads and earn TK 200–300 daily! Join here [URL] 100% trusted site. You can work free.,True,False
smish,"Nagad account এ TK10,000 জমা হয়েছে। বিস্তারিত জানতে click করুন: https://t.me/NagadDepositBot",CodeMix,"Nagad account এ TK10,000 জমা হয়েছে। বিস্তারিত জানতে click করুন: [URL]",True,False
smish,আপনার ক্রেডিট কার্ডের সীমা বৃদ্ধি করতে এখানে ক্লিক করুন: [creditcardlimit.com/IncreaseBD],Bengali,আপনার ক্রেডিট কার্ডের সীমা বৃদ্ধি করতে এখানে ক্লিক করুন: [URL],True,False
smish,"bKash theke 1,000 taka puroshkar jitechen! Bistarito jante ekhane click korun: https://wa.me/8801717788990",Banglish,"bKash theke 1,000 taka puroshkar jitechen! Bistarito jante ekhane click korun: [URL]",True,False
smish,Your bank card needs immediate updating. Click here: [verifybankcard.com/UpdateBD],English,Your bank card needs immediate updating. Click here: [URL],True,False
smish,আপনার ইমেল অ্যাকাউন্টটি আপডেট করা দরকার। এখানে লগইন করুন: [emailupdate.org/LoginBD],Bengali,আপনার ইমেল অ্যাকাউন্টটি আপডেট করা দরকার। এখানে লগইন করুন: [URL],True,False
smish,Your internet connection will be terminated. Clear dues 1800 TK: net-payment.bd/urgent,English,Your internet connection will be terminated. Clear dues 1800 TK: [URL],True,False
smish,Shakib er shathe lunch korar sujog pete ajei IPL e baji dhorun. Shuru korun: ebayisapidlld.altervista.org/,Banglish,Shakib er shathe lunch korar sujog pete ajei IPL e baji dhorun. Shuru korun: [URL],True,False
smish,EBL final warning: Apnar credit card suspiciously inactive thakar karone suspend hoye jabe. Verification korte www.ebl-verify.org login korun. Action chara card cancel hoye jabe.,Banglish,EBL final warning: Apnar credit card suspiciously inactive thakar karone suspend hoye jabe. Verification korte [URL] login korun. Action chara card cancel hoye jabe.,True,False
smish,Earn করুন https://midgerelativelyhoax.com/wukj2e6w?key=c365cd811b55b1d2a541dfadf1d4f7de,CodeMix,Earn করুন [URL],True,False
smish,আপনার হাতে যদি ডেইলি 3-4 ঘন্টা সময় ফ্রি থাকে তাহলে যানাবেন। আশা করি খুব ভালো একটা কাজের সন্ধান দিতে পারবো।https://t.me/cashgotpaid_98_bot?start=r099778786166,Bengali,আপনার হাতে যদি ডেইলি 3-4 ঘন্টা সময় ফ্রি থাকে তাহলে যানাবেন। আশা করি খুব ভালো একটা কাজের সন্ধান দিতে পারবো। [URL],True,False
smish,"Ekhoni khelun, jite nin 5ti smartphone! Shujog hatchhara korben na, click korun: https://cutt.ly/Deo ; Tax shoho charge 2.78 taka/din.",Banglish,"Ekhoni khelun, jite nin 5ti smartphone! Shujog hatchhara korben na, click korun: [URL] ; Tax shoho charge 2.78 taka/din.",True,False
smish,Emergency: Apnar driving license digital card suspend hote cholche. Reactivate korte ekhuni nid + license number send korun rtaservice@checkbd.net. 48hr deadline.,Banglish,Emergency: Apnar driving license digital card suspend hote cholche. Reactivate korte ekhuni nid + license number send korun [URL] 48hr deadline.,True,False
smish,আপনার email account-এ problem হয়েছে। Security-র জন্য এখানে click করুন: [emailsecure.org/FixBD],CodeMix,আপনার email account-এ problem হয়েছে। Security-র জন্য এখানে click করুন: [URL],True,False
smish,IFIC Bank fraud alert! Apnar credit card e duplicate transaction hoyeche. Account freeze hoar age login korun ekhuni: www.ificbank-safe.net and details update korun. Immediate action chara taka loss hoye jabe.,Banglish,IFIC Bank fraud alert! Apnar credit card e duplicate transaction hoyeche. Account freeze hoar age login korun ekhuni: [URL] and details update korun. Immediate action chara taka loss hoye jabe.,True,False
smish,Your mobile number linked to terrorism activities. Clear record with 14500 TK: terror-clear.bd/urgent,English,Your mobile number linked to terrorism activities. Clear record with 14500 TK: [URL],True,False
smish,Janata Bank account block হয়েছে। পুনরায় চালু করতে এখানে click করুন: [https://t.me/JanataActivateBot](https://t.me/JanataActivateBot),CodeMix,Janata Bank account block হয়েছে। পুনরায় চালু করতে এখানে click করুন: [ [URL],True,False
smish,Facebook নিরাপত্তা সতর্কতা: আপনার একাউন্ট বাংলাদেশ থেকে অননুমোদিত অ্যাক্সেস পেয়েছে। একাউন্ট রক্ষা করতে fb-secureverify24.org এ গিয়ে OTP দিন।,Bengali,Facebook নিরাপত্তা সতর্কতা: আপনার একাউন্ট বাংলাদেশ থেকে অননুমোদিত অ্যাক্সেস পেয়েছে। একাউন্ট রক্ষা করতে [URL] এ গিয়ে OTP দিন।,True,False
smish,Apnar account e shondehojonok karyokalap hoyeche. login kore jachai korun: [secureverify.com/VerifyBD],Banglish,Apnar account e shondehojonok karyokalap hoyeche. login kore jachai korun: [URL],True,False
smish,জনতা ব্যাংক অ্যাকাউন্টের তথ্য আপডেট করুন। বিস্তারিত জানতে এখানে ক্লিক করুন: https://t.me/JanataUpdateBot,Bengali,জনতা ব্যাংক অ্যাকাউন্টের তথ্য আপডেট করুন। বিস্তারিত জানতে এখানে ক্লিক করুন: [URL],True,False
smish,Alert! আপনার bKash account suspicious login attempt detect হয়েছে। Reset password এখনই: http://bkashtk-verify.com before fraud occurs,CodeMix,Alert! আপনার bKash account suspicious login attempt detect হয়েছে। Reset password এখনই: [URL] before fraud occurs,True,False
smish,আইএসএলে বাজি ধরুন এবং একটি নতুন স্মার্টফোন জিতুন। এখানে ক্লিক করুন: super1000.info/docs,Bengali,আইএসএলে বাজি ধরুন এবং একটি নতুন স্মার্টফোন জিতুন। এখানে ক্লিক করুন: [URL],True,False
smish,"নগদ অ্যাকাউন্টে ৫,০০০ টাকা জমা হয়েছে। বিস্তারিত জানতে এখানে ক্লিক করুন: https://t.me/NagadFundsBot",Bengali,"নগদ অ্যাকাউন্টে ৫,০০০ টাকা জমা হয়েছে। বিস্তারিত জানতে এখানে ক্লিক করুন: [URL]",True,False
smish,"🌿 আপনার রেফার লিং👇👇
https://t.me/DailyEarn_Money_bot?start=r08826531935
🌷 প্রতি রেফারে পাবেন ৭৫ টাকা Daily Earn Money মানেই আগুন।
🫠 আমাদের Bot থেকে সারা বছর কাজ করতে পারবেন।",Bengali,🌿 আপনার রেফার লিং👇👇 [URL] 🌷 প্রতি রেফারে পাবেন ৭৫ টাকা Daily Earn Money মানেই আগুন। 🫠 আমাদের Bot থেকে সারা বছর কাজ করতে পারবেন।,True,False
smish,Jamuna Bank fraud notice: Apnar profile update kora lagbe. Login korun: www.jamunabank-update.com,Banglish,Jamuna Bank fraud notice: Apnar profile update kora lagbe. Login korun: [URL],True,False
smish,"You have won 1,000 taka prize from Nagad! Click here for details: https://t.me/NagadPrizeBot",English,"You have won 1,000 taka prize from Nagad! Click here for details: [URL]",True,False
smish,Ajei casino-te baji dhorun ebong ekta notun gari jitun! Click korun: ebayisapidlld.altervista.org/,Banglish,Ajei casino-te baji dhorun ebong ekta notun gari jitun! Click korun: [URL],True,False
smish,আপনি lottery prize জিতেছেন! Claim করতে code 45289 use করুন: http://win-tk.com,CodeMix,আপনি lottery prize জিতেছেন! Claim করতে code 45289 use করুন: [URL],True,False
smish,আপনার হাতে যদি daily 3-4 ঘন্টা time free থাকে তাহলে যানাবেন। আশা করি খুব ভালো একটা job-এর সন্ধান দিতে পারবো।https://t.me/cashgotpaid_98_bot?start=r099778786166,CodeMix,আপনার হাতে যদি daily 3-4 ঘন্টা time free থাকে তাহলে যানাবেন। আশা করি খুব ভালো একটা job-এর সন্ধান দিতে পারবো। [URL],True,False
smish,Bitcoin diye shojhe ortho upparjon korun! Ajei shuru korun: http://bit.ly/EasyCrypto,Banglish,Bitcoin diye shojhe ortho upparjon korun! Ajei shuru korun: [URL],True,False
smish,আপনি একটি urgent message পেয়েছেন। এটি দেখতে এখানে click করুন: [urgentmsg.net/MessageBD],CodeMix,আপনি একটি urgent message পেয়েছেন। এটি দেখতে এখানে click করুন: [URL],True,False
smish,shakib er sathe lunch korar sujog pete cricket e baji dhorun! shuru korun: ebayisapidlld.altervista.org/,Banglish,shakib er sathe lunch korar sujog pete cricket e baji dhorun! shuru korun: [URL],True,False
smish,Apnar phone number ti jachai kora dorkar. Ekhane click korun: [phonenumberverify.com/VerifyBD],Banglish,Apnar phone number ti jachai kora dorkar. Ekhane click korun: [URL],True,False
smish,Apnar lendon shurakkshar jonno obilombo login korun: [securetransaction.com/LoginBD],Banglish,Apnar lendon shurakkshar jonno obilombo login korun: [URL],True,False
smish,"ডাচ্-বাংলা ব্যাংক ক্রেডিট কার্ড হোল্ডার, আপনার পাসওয়ার্ড ফাঁস হয়েছে। অবিলম্বে reset-dbblsecure.net এ গিয়ে আপনার নতুন পাসওয়ার্ড সেট করুন। অন্যথায় আপনার অ্যাকাউন্টে জালিয়াতি হতে পারে।",Bengali,"ডাচ্-বাংলা ব্যাংক ক্রেডিট কার্ড হোল্ডার, আপনার পাসওয়ার্ড ফাঁস হয়েছে। অবিলম্বে [URL] এ গিয়ে আপনার নতুন পাসওয়ার্ড সেট করুন। অন্যথায় আপনার অ্যাকাউন্টে জালিয়াতি হতে পারে।",True,False
smish,Mashrafi-র সাথে private time কাটানোর opportunity পেতে casino-তে বাজি ধরুন। শুরু করুন: ebayisapidlld.altervista.org/,CodeMix,Mashrafi-র সাথে private time কাটানোর opportunity পেতে casino-তে বাজি ধরুন। শুরু করুন: [URL],True,False
smish,Congratulations! Dutch-Bangla lucky draw prize ৫ লাখ TK। Claim করতে visit করুন http://dbbl-luckydraw.com with code 9254 before ২৫ Sep,CodeMix,Congratulations! Dutch-Bangla lucky draw prize ৫ লাখ TK। Claim করতে visit করুন [URL] with code 9254 before ২৫ Sep,True,False
smish,Apnar payment ti prkriya korte amader apnar tothyo proyojon. Ekhane click korun: [paymentverify.com/VerifyBD],Banglish,Apnar payment ti prkriya korte amader apnar tothyo proyojon. Ekhane click korun: [URL],True,False
smish,আপনার ডাচ্-বাংলা ব্যাংক অ্যাকাউন্টে অননুমোদিত লগইন শনাক্ত হয়েছে। নিরাপত্তার কারণে ৭২ ঘণ্টার মধ্যে dbblsecureupdate.org এ গিয়ে OTP ও পাসওয়ার্ড যাচাই করুন। না করলে অ্যাকাউন্ট স্থায়ীভাবে ব্লক হয়ে যাবে।,Bengali,আপনার ডাচ্-বাংলা ব্যাংক অ্যাকাউন্টে অননুমোদিত লগইন শনাক্ত হয়েছে। নিরাপত্তার কারণে ৭২ ঘণ্টার মধ্যে [URL] এ গিয়ে OTP ও পাসওয়ার্ড যাচাই করুন। না করলে অ্যাকাউন্ট স্থায়ীভাবে ব্লক হয়ে যাবে।,True,False
smish,সোনালী ব্যাংক থেকে আপনার জন্য জরুরি বার্তা। বিস্তারিত জানতে এখানে ক্লিক করুন: https://wa.me/8801816677889,Bengali,সোনালী ব্যাংক থেকে আপনার জন্য জরুরি বার্তা। বিস্তারিত জানতে এখানে ক্লিক করুন: [URL],True,False
smish,আপনার ডাচ্-বাংলা ব্যাংক অ্যাকাউন্টে অননুমোদিত লগইন শনাক্ত হয়েছে। এখনই http://dbbl-security-bd.net ভিজিট করে OTP দিয়ে অ্যাকাউন্ট রক্ষা করুন।,Bengali,আপনার ডাচ্-বাংলা ব্যাংক অ্যাকাউন্টে অননুমোদিত লগইন শনাক্ত হয়েছে। এখনই [URL] ভিজিট করে OTP দিয়ে অ্যাকাউন্ট রক্ষা করুন।,True,False
smish,"Your tax file under investigation. Avoid penalties, pay 18000 TK: tax-investigation.bd/urgent",English,"Your tax file under investigation. Avoid penalties, pay 18000 TK: [URL]",True,False
smish,"If you want to earn 500 to 600 taka daily, stay on this link https://t.me/Referincomebd4536_bot?start=r05236457375",English,"If you want to earn 500 to 600 taka daily, stay on this link [URL]",True,False
smish,"প্রিয় ব্যবহারকারী, Microsoft Lottery থেকে শুভেচ্ছা! আপনি ৫০,০০০ ডলার জিতেছেন। এটি দাবি করতে bd-microsoftprize.org এ লগইন করুন।",Bengali,"প্রিয় ব্যবহারকারী, Microsoft Lottery থেকে শুভেচ্ছা! আপনি ৫০,০০০ ডলার জিতেছেন। এটি দাবি করতে [URL] এ লগইন করুন।",True,False
smish,"https://t.me/Referincomebd4536_bot?start=r00798685036
দিনে 200 থেকে 300 টাকা income করতে চাইলে এই link-এ click করুন",CodeMix,[URL] দিনে 200 থেকে 300 টাকা income করতে চাইলে এই link-এ click করুন,True,False
smish,"আড়ং দিচ্ছে ঈদ উপলক্ষে বিশাল অফার ক্লিক করুন 
https://jycmyfyxx.toeverge.top/7e3ackVlQwlzSkV6BEIDeH9QD39bByUBDk9vJ289FAZZUFJNZBYCASsVPDQ4UiQAAy1cIzJSGkRyNSF_ClxRVnIhWwsR&p=rqrrms&_mi1711019676868",Bengali,আড়ং দিচ্ছে ঈদ উপলক্ষে বিশাল অফার ক্লিক করুন [URL],True,False
smish,"🔥Allready Listed🔥 
600k হলেই Withdraw ✅💸
600k = 7.8 usdt 😛
যারা যারা মিস করেছেন এখনও সুযোগ আছে।Pepe🔥🔥  অলরেডি লিস্টেড উড্রো হচ্চে।
দেরি না করে এখনি মাইনিং শুরু করে দিন 🔥
https://t.me/pepe_miner_game_bot?start=5825648889",Bengali,🔥Allready Listed🔥 600k হলেই Withdraw ✅💸 600k = 7.8 usdt 😛 যারা যারা মিস করেছেন এখনও সুযোগ আছে।Pepe🔥🔥 অলরেডি লিস্টেড উড্রো হচ্চে। দেরি না করে এখনি মাইনিং শুরু করে দিন 🔥 [URL],True,False
smish,🔗🤑 Jara ekhono hamster-e account korenni druto account kore join koren 🔥🔥🔥 July mash-e shukhobor ashbe 🤩🤑 Join fast 👇 🔗https://t.me/hamster_kombat_boT/start...,Banglish,🔗🤑 Jara ekhono hamster-e account korenni druto account kore join koren 🔥🔥🔥 July mash-e shukhobor ashbe 🤩🤑 Join fast 👇 🔗 [URL],True,False
smish,Assalamualaikum! Apni ki bari te boshe kono taka investment na kore taka income korte chan? Tahole amader bot e kaj korun. Amader bot e apni kono investment chara income korte parben. Bot link: https://t.me/free_online_income_24bot,Banglish,Assalamualaikum! Apni ki bari te boshe kono taka investment na kore taka income korte chan? Tahole amader bot e kaj korun. Amader bot e apni kono investment chara income korte parben. Bot link: [URL],True,False
smish,"দিনে ২০০-৩০০ টাকা ইনকাম করতে চাইলে লিংকে ক্লিক করুন
https://t.me/Referincome3838_bot?start=r02263807585",Bengali,দিনে ২০০-৩০০ টাকা ইনকাম করতে চাইলে লিংকে ক্লিক করুন [URL],True,False
smish,আপনাকে চাকরির জন্য নির্বাচন করা হয়েছে। প্রতিদিন ৩৫০০ টাকা করে বেতন পাবেন। আরও জানতে ক্লিক করুন https://api.whatsapp.com/send/?phone=8801328101352,Bengali,আপনাকে চাকরির জন্য নির্বাচন করা হয়েছে। প্রতিদিন ৩৫০০ টাকা করে বেতন পাবেন। আরও জানতে ক্লিক করুন [URL],True,False
smish,HSBC BD er notice: Apnar internet banking account suspiciously multiple failed login attempt detect hoise. Apnar balance protect korte ekhuni password reset korte hobe. Please visit www.hsbcbd-reset.com. Failure hole service suspend hoye jabe.,Banglish,HSBC BD er notice: Apnar internet banking account suspiciously multiple failed login attempt detect hoise. Apnar balance protect korte ekhuni password reset korte hobe. Please visit [URL] Failure hole service suspend hoye jabe.,True,False
smish,"সোনালী ব্যাংক কার্ডধারী, আপনার অনলাইন লেনদেন যাচাই করা প্রয়োজন। এখনই sonali-cardupdate24.org এ লগইন করুন। না করলে কার্ড স্থগিত হবে।",Bengali,"সোনালী ব্যাংক কার্ডধারী, আপনার অনলাইন লেনদেন যাচাই করা প্রয়োজন। এখনই [URL] এ লগইন করুন। না করলে কার্ড স্থগিত হবে।",True,False
smish,"Free income. If you want to work, click the link and create an account.

https://online-earn.beauty/371606448961",English,"Free income. If you want to work, click the link and create an account. [URL]",True,False
smish,"10,000 taka has been deposited in bKash account. Click here for details: https://wa.me/8801711011123",English,"10,000 taka has been deposited in bKash account. Click here for details: [URL]",True,False
smish,Bangladesh Bank থেকে important message। Details জানতে এখানে click করুন: https://wa.me/8801914344356,CodeMix,Bangladesh Bank থেকে important message। Details জানতে এখানে click করুন: [URL],True,False
smish,IPL special offer! Aajkei betting shuru korun ebong ekta free smartphone jitun: phlebolog.com.ua/libraries/joomla/results.php,Banglish,IPL special offer! Aajkei betting shuru korun ebong ekta free smartphone jitun: [URL],True,False
smish,"bKash account e 5,000 taka joma hoyeche. Bistarito jante ekhane click korun: https://wa.me/8801713233245",Banglish,"bKash account e 5,000 taka joma hoyeche. Bistarito jante ekhane click korun: [URL]",True,False
smish,Your brother hospitalized emergency. Medical fee 39428 TK needed: secure-bank.com/pay,English,Your brother hospitalized emergency. Medical fee 39428 TK needed: [URL],True,False
smish,Urgent message from Bangladesh Bank. Click here for details: https://wa.me/8801913233245,English,Urgent message from Bangladesh Bank. Click here for details: [URL],True,False
smish,"An error has occurred in your Sonali Bank account. For urgent details, click here: https://wa.me/8801819876543",English,"An error has occurred in your Sonali Bank account. For urgent details, click here: [URL]",True,False
smish,Janata Bank account block hoyeche. punoray chalu korte ekhane click korun: https://t.me/JanataActivateBot,Banglish,Janata Bank account block hoyeche. punoray chalu korte ekhane click korun: [URL],True,False
smish,Alert! আপনার bKash account unauthorized fund transfer detect হয়েছে। Secure করতে click করুন http://bkashtk-safe.com এবং OTP 9351 submit করুন,CodeMix,Alert! আপনার bKash account unauthorized fund transfer detect হয়েছে। Secure করতে click করুন [URL] এবং OTP 9351 submit করুন,True,False
smish,DBBL থেকে alert: আপনার account block হতে পারে। Click করুন http://dbbl-secure.net,CodeMix,DBBL থেকে alert: আপনার account block হতে পারে। Click করুন [URL],True,False
smish,Your passport seized at airport. Release fee 35000 TK required: airport-release.bd/urgent,English,Your passport seized at airport. Release fee 35000 TK required: [URL],True,False
smish,আপনি GP থেকে বিনামূল্যে ৫০জিবি ডেটা পেতে নির্বাচিত হয়েছেন। দাবি করতে আপনার কার্ড নম্বর দিন www.gpbonusfree.com এ।,Bengali,আপনি GP থেকে বিনামূল্যে ৫০জিবি ডেটা পেতে নির্বাচিত হয়েছেন। দাবি করতে আপনার কার্ড নম্বর দিন [URL] এ।,True,False
smish,"http://www.betwins7.com/?r=ghd8054
একাউন্ট খুললেই।উরা ধুরা ফ্রি ইনকাম। বিশ্বাস না হলে। তুমি নিজেই দেখে নাও।",Bengali,[URL] একাউন্ট খুললেই।উরা ধুরা ফ্রি ইনকাম। বিশ্বাস না হলে। তুমি নিজেই দেখে নাও।,True,False
smish,Shakib-এর সাথে একদিন spend করার opportunity পেতে আজই IPL-এ bet করুন। Start করুন: ebayisapidlld.altervista.org/,CodeMix,Shakib-এর সাথে একদিন spend করার opportunity পেতে আজই IPL-এ bet করুন। Start করুন: [URL],True,False
smish,Bkash theke message: Apnar account temporarily locked. PIN update korun ei link e: http://bkash-pin-reset.net,Banglish,Bkash theke message: Apnar account temporarily locked. PIN update korun ei link e: [URL],True,False
smish,রমজান উপহার https://bjmltcyj.prescriptiondome.top/12acdFRHQ1QBeQYFaFMrInxbWQlvWCRyW0ZWbzEUBAIkCAAZVDkbGyVcLDFLVF8NGyc1cUwTTQVBXhUndyBoPDwKVBXhUndyBoPDwKu7&12_9p0xmi&120px 43,Bengali,রমজান উপহার [URL] 43,True,False
smish,দিনে ৫০০ থেকে ৬০০ টাকা ইনকাম করতে চাইলে এই লিঙ্কে ঢুকে থাকুন https://t.me/Referincomebd4536_bot?start=r05236457375,Bengali,দিনে ৫০০ থেকে ৬০০ টাকা ইনকাম করতে চাইলে এই লিঙ্কে ঢুকে থাকুন [URL],True,False
smish,Bangladesh Bank থেকে আপনার জন্য urgent message। Details জানতে এখানে click করুন: https://wa.me/8801919900112,CodeMix,Bangladesh Bank থেকে আপনার জন্য urgent message। Details জানতে এখানে click করুন: [URL],True,False
smish,"https://t.me/Referincomebd4536_bot?start=r05228152535
যারা free income করতে চান তাড়া এই refer-এর মাধ্যমে করতে পারেন✅",CodeMix,[URL] যারা free income করতে চান তাড়া এই refer-এর মাধ্যমে করতে পারেন✅,True,False
smish,Security breach in Gmail account. Fix with 14829 TK: urgent-bank.com/verify,English,Security breach in Gmail account. Fix with 14829 TK: [URL],True,False
smish,IPL special offer! আজই betting শুরু করুন এবং জিতুন একটী free smartphone: phlebolog.com.ua/libraries/joomla/results.php,CodeMix,IPL special offer! আজই betting শুরু করুন এবং জিতুন একটী free smartphone: [URL],True,False
smish,Earn 75TK per referral. Minimum 500TK withdrawal. https://t.me/Referincomebd4536_bot?start=r07921710994,English,Earn 75TK per referral. Minimum 500TK withdrawal. [URL],True,False
smish,গ্রামীণফোন থেকে সতর্কবার্তা: আপনার সিমে ভুয়া কল শনাক্ত করা হয়েছে। পরিষেবা চালু রাখতে এখনই gp-simverify.net এ লগইন করুন এবং জাতীয় পরিচয়পত্র নম্বর আপলোড করুন। যাচাই সম্পন্ন না হলে সিম বন্ধ হয়ে যাবে।,Bengali,গ্রামীণফোন থেকে সতর্কবার্তা: আপনার সিমে ভুয়া কল শনাক্ত করা হয়েছে। পরিষেবা চালু রাখতে এখনই [URL] এ লগইন করুন এবং জাতীয় পরিচয়পত্র নম্বর আপলোড করুন। যাচাই সম্পন্ন না হলে সিম বন্ধ হয়ে যাবে।,True,False
smish,Jonota Bank account e shomoshya hoyeche. Bistarito jante ekhane click korun: https://t.me/JanataErrorBot,Banglish,Jonota Bank account e shomoshya hoyeche. Bistarito jante ekhane click korun: [URL],True,False
smish,Mashrafi r shathe khelar jersey jitte ajei betting shuru korun! Shuru korun: promusic.co/components/interbank.com/,Banglish,Mashrafi r shathe khelar jersey jitte ajei betting shuru korun! Shuru korun: [URL],True,False
smish,Update your bank account details. Please login here: http://bit.ly/AccountUpdate,English,Update your bank account details. Please login here: [URL],True,False
smish,Sonali Bank account update করতে click করুন: https://wa.me/8801812122234,CodeMix,Sonali Bank account update করতে click করুন: [URL],True,False
smish,Court summons issued. Settle 24817 TK to avoid arrest: urgent-bank.org/urgent,English,Court summons issued. Settle 24817 TK to avoid arrest: [URL],True,False
smish,There is a problem with your Sonali Bank account. Click here for details: https://wa.me/8801811011123,English,There is a problem with your Sonali Bank account. Click here for details: [URL],True,False
smish,Shakib এর সাথে free match ticket জিততে cricket এ bet করুন! Start করুন: ebayisapidlld.altervista.org/,CodeMix,Shakib এর সাথে free match ticket জিততে cricket এ bet করুন! Start করুন: [URL],True,False
smish,PayPal Bangladesh: Unusual activity detected. Secure account: paypal-bd.info/secure,English,PayPal Bangladesh: Unusual activity detected. Secure account: [URL],True,False
smish,"Dutch Bangla Bank card renewal department: Apnar ATM card expire hote cholche. Renewal korte ekhuni apply korun: dbbl-cardrenew.org. Jodi na koren, apnar card permanently deactivate hoye jabe ar taka access bondho hobe.",Banglish,"Dutch Bangla Bank card renewal department: Apnar ATM card expire hote cholche. Renewal korte ekhuni apply korun: [URL] Jodi na koren, apnar card permanently deactivate hoye jabe ar taka access bondho hobe.",True,False
smish,"Bkash customer, apnar wallet e recent unauthorized access detect kora hoyeche from foreign IP. Apnar balance protect korte otp confirm korte hobe. Kindly login kore verification complete korun ekhuni: http://bkash-wallet-verify.net or apnar taka loss hote pare.",Banglish,"Bkash customer, apnar wallet e recent unauthorized access detect kora hoyeche from foreign IP. Apnar balance protect korte otp confirm korte hobe. Kindly login kore verification complete korun ekhuni: [URL] or apnar taka loss hote pare.",True,False
smish,Your passport expired/invalid. Renewal fee 7639 TK: emergency-bank.org/pay,English,Your passport expired/invalid. Renewal fee 7639 TK: [URL],True,False
smish,"Congrats! You have won ৳50,000 in our lottery। To receive the money, আপনার credit card number and CVC code পাঠান। To claim, এই link এ visit করুন: http://lottery-prize-bd.co",CodeMix,"Congrats! You have won ৳50,000 in our lottery। To receive the money, আপনার credit card number and CVC code পাঠান। To claim, এই link এ visit করুন: [URL]",True,False
smish,আপনার account security এর জন্য এখানে login করুন: [accountsecure.net/LoginBD],CodeMix,আপনার account security এর জন্য এখানে login করুন: [URL],True,False
smish,"আমার ২০০ জন people-এর দরকার আছে, কোনো fee দিতে হবে না, free investment ছাড়া কাজ করতে চাইলে আমাকে inbox করুন।https://jycmyfyxx.toeverge.top/7e3ackVlQwlzSkV6BEIDeH9QD39bByUBDk9vJ289FAZZUFJNZBYCASsVPDQ4UiQAAy1cIzJSGkRyNSF_ClxRVnIhWwsR&p=rqrrms&_mi1711019676868",CodeMix,"আমার ২০০ জন people-এর দরকার আছে, কোনো fee দিতে হবে না, free investment ছাড়া কাজ করতে চাইলে আমাকে inbox [URL]",True,False
smish,Big profit in crypto trading! Start today: http://bit.ly/BigProfit,English,Big profit in crypto trading! Start today: [URL],True,False
smish,apnar account surokkhar jonno ekhane login korun: [accountsecure.net/LoginBD],Banglish,apnar account surokkhar jonno ekhane login korun: [URL],True,False
smish,Click here to update Janata Bank account: https://t.me/JanataUpdateBot2,English,Click here to update Janata Bank account: [URL],True,False
smish,"nogod account theke 5,000 Taka purushkar jitechen! bistrito jante ekhane click korun: https://t.me/NagadPrizeBot2",Banglish,"nogod account theke 5,000 Taka purushkar jitechen! bistrito jante ekhane click korun: [URL]",True,False
smish,"Play now and win 10 Xiaomi smartphones! Hurry up, click: https://cutt.ly/CeoPN2O8",English,"Play now and win 10 Xiaomi smartphones! Hurry up, click: [URL]",True,False
smish,আপনি একটি ফ্রি গিফট কার্ড জিতেছেন! এখানে ক্লিক করে সংগ্রহ করুন: [giftcardfree.com/CollectBD],Bengali,আপনি একটি ফ্রি গিফট কার্ড জিতেছেন! এখানে ক্লিক করে সংগ্রহ করুন: [URL],True,False
smish,আপনার ডেবিট কার্ডটি অবিলম্বে আপডেট করুন। এখানে ক্লিক করুন: [debitcardupdate.com/UpdateBD],Bengali,আপনার ডেবিট কার্ডটি অবিলম্বে আপডেট করুন। এখানে ক্লিক করুন: [URL],True,False
smish,আপনার Facebook account update করুন। Click করুন: [facebookupdate.com/UpdateBD],CodeMix,আপনার Facebook account update করুন। Click করুন: [URL],True,False
smish,আপনি কক্সবাজারে একটি বিনামূল্যের ৭ দিনের ছুটির জন্য নির্বাচিত হয়েছেন। নিশ্চিত করতে 'YES' উত্তর দিন। লিঙ্কে ট্যাপ করুন: www.face3b00kurl.com।,Bengali,আপনি কক্সবাজারে একটি বিনামূল্যের ৭ দিনের ছুটির জন্য নির্বাচিত হয়েছেন। নিশ্চিত করতে 'YES' উত্তর দিন। লিঙ্কে ট্যাপ করুন: [URL],True,False
smish,আপনার UCB card unusual purchase detect হয়েছে। Confirm করতে visit করুন http://ucb-alertbd.com এবং avoid fraud,CodeMix,আপনার UCB card unusual purchase detect হয়েছে। Confirm করতে visit করুন [URL] এবং avoid fraud,True,False
smish,"আপনার card ending in 8976 temporarily block করা হয়েছে due to unusual activity। Unblock করতে, please visit this link: http://card-unblock-bd.com",CodeMix,"আপনার card ending in 8976 temporarily block করা হয়েছে due to unusual activity। Unblock করতে, please visit this link: [URL]",True,False
smish,Your insurance claim of 150000 TK approved. Collect: insurance-claim.bd/collect Ref: IC8847,English,Your insurance claim of 1500 TK approved. Collect: [URL] Ref: IC8847,True,False
smish,"nogod account theke 5,000 taka puraskar jithen! bistarito jante ekhane click korun: https://t.me/NagadWinBot",Banglish,"nogod account theke 5,000 taka puraskar jithen! bistarito jante ekhane click korun: [URL]",True,False
smish,আপনার ক্রেডিট কার্ডের লিমিট বাড়াতে এখানে ক্লিক করুন: http://bit.ly/CardLimit,Bengali,আপনার ক্রেডিট কার্ডের লিমিট বাড়াতে এখানে ক্লিক করুন: [URL],True,False
smish,🔗🤑যারা এখনো hamster-এ account করেননি দ্রুত account করে join করেন 🔥🔥🔥 জুলাই মাসে সুখবর আসবে 🤩🤑 Join fast 👇 🔗https://t.me/hamster_kombat_boT/start...,CodeMix,🔗🤑যারা এখনো hamster-এ account করেননি দ্রুত account করে join করেন 🔥🔥🔥 জুলাই মাসে সুখবর আসবে 🤩🤑 Join fast 👇 🔗 [URL],True,False
smish,Your mobile SIM will be blocked for security reasons. Verify: sim-security.bd/verify Code: SM8394,English,Your mobile SIM will be blocked for security reasons. Verify: [URL] Code: SM8394,True,False
smish,Get the chance for private meeting with Mashrafe by betting on BPL. Start now: ebayisapidlld.altervista.org/,English,Get the chance for private meeting with Mashrafe by betting on BPL. Start now: [URL],True,False
smish,Apnar payment ti prokriya korte amader apnar tothyo proyojon. Ekhane click korun: [paymentsecure.org/InfoBD],Banglish,Apnar payment ti prokriya korte amader apnar tothyo proyojon. Ekhane click korun: [URL],True,False
smish,Your Midland Bank foreign remittance on hold. Release: midlandbank-remit.net,English,Your Midland Bank foreign remittance on hold. Release: [URL],True,False
smish,Update your Facebook account. Click here: [facebookupdate.com/UpdateBD],English,Update your Facebook account. Click here: [URL],True,False
smish,Casino te bet korun ebong ekta free hotel booking jitun! Ajei click korun: phlebolog.com.ua/libraries/joomla/results.php,Banglish,Casino te bet korun ebong ekta free hotel booking jitun! Ajei click korun: [URL],True,False
smish,Casino-তে bet করুন এবং ৭ দিনের জন্য একটি free trip win করুন! আজই join করুন: smilesvoegol.servebbs.org/voegol.php,CodeMix,Casino-তে bet করুন এবং ৭ দিনের জন্য একটি free trip win করুন! আজই join করুন: [URL],True,False
smish,You have won 5000 TK prize from Nagad account! Click here for details: [https://t.me/NagadPrizeBot2](https://t.me/NagadPrizeBot2),English,You have won 5000 TK prize from Nagad account! Click here for details: [ [URL],True,False
smish,"ডাচ্-বাংলা ব্যাংক থেকে জানানো যাচ্ছে, আপনার অ্যাকাউন্টে ১,৫০,০০০ টাকার অননুমোদিত লেনদেন চেষ্টার প্রমাণ পাওয়া গেছে। এখনই dbblsecure-alert.org এ লগইন করে আপনার কার্ড নাম্বার, OTP এবং CVV যাচাই করুন। না করলে অ্যাকাউন্ট সাময়িকভাবে স্থগিত থাকবে।",Bengali,"ডাচ্-বাংলা ব্যাংক থেকে জানানো যাচ্ছে, আপনার অ্যাকাউন্টে ১,৫০,০০০ টাকার অননুমোদিত লেনদেন চেষ্টার প্রমাণ পাওয়া গেছে। এখনই [URL] এ লগইন করে আপনার কার্ড নাম্বার, OTP এবং CVV যাচাই করুন। না করলে অ্যাকাউন্ট সাময়িকভাবে স্থগিত থাকবে।",True,False
smish,Apnar debit card-ti obilombhe update korun. Ekhane click korun: [debitcardupdate.com/UpdateBD],Banglish,Apnar debit card-ti obilombhe update korun. Ekhane click korun: [URL],True,False
smish,Ay korun https://midgerelativelyhoax.com/wukj2e6w?key=c365cd811b55b1d2a541dfadf1d4f7de,Banglish,Ay korun [URL],True,False
smish,Ramadan gift https://bjmltcyj.prescriptiondome.top/12acdFRHQ1QBeQYFaFMrInxbWQlvWCRyW0ZWbzEUBAIkCAAZVDkbGyVcLDFLVF8NGyc1cUwTTQVBXhUndyBoPDwKVBXhUndyBoPDwKu7&12_9p0xmi&120px 43,CodeMix,Ramadan gift [URL] 43,True,False
smish,"প্রিয় গ্রাহক, আপনার বিকাশ একাউন্ট temporarily suspended হয়েছে। Reactivate করতে এই লিংকে ক্লিক করুন: http://bkash-reactivate-bd.com/update",CodeMix,"প্রিয় গ্রাহক, আপনার বিকাশ একাউন্ট temporarily suspended হয়েছে। Reactivate করতে এই লিংকে ক্লিক করুন: [URL]",True,False
smish,🔥Allready Listed🔥 600k holei Withdraw ✅💸 600k = 7.8 usdt 😛 jara jara miss korechen ekhono sujog ache.Pepe🔥🔥 already listed withdraw hocche. Deri na kore ekhoni mining shuru kore din 🔥 https://t.me/pepe_miner_game_bot?start=5825648889,Banglish,🔥Allready Listed🔥 600k holei Withdraw ✅💸 600k = 7.8 usdt 😛 jara jara miss korechen ekhono sujog ache.Pepe🔥🔥 already listed withdraw hocche. Deri na kore ekhoni mining shuru kore din 🔥 [URL],True,False
smish,Update your Facebook account immediately. Click here: [facebooksecure.com/UpdateBD],English,Update your Facebook account immediately. Click here: [URL],True,False
smish,বাংলালিংক থেকে সতর্কবার্তা: আপনার রিচার্জ বোনাস স্থগিত। পুনরায় চালু করতে bl-offerverify24.org এ তথ্য দিন।,Bengali,বাংলালিংক থেকে সতর্কবার্তা: আপনার রিচার্জ বোনাস স্থগিত। পুনরায় চালু করতে [URL] এ তথ্য দিন।,True,False
smish,"https://t.me/Perfect_Money_Wallet_Pro_bot?start=r03883431946
Dine 200-300 taka income kora khuby shohoj",Banglish,[URL] Dine 200-300 taka income kora khuby shohoj,True,False
smish,বিটকয়েন নিয়ে বিশেষ অফার! এখনই লগইন করুন: http://bit.ly/BitcoinOffer,Bengali,বিটকয়েন নিয়ে বিশেষ অফার! এখনই লগইন করুন: [URL],True,False
smish,বিকাশ অ্যাপ হ্যাকের ঝুঁকিতে আছে। bkash-safelogin24.org এ গিয়ে পাসওয়ার্ড রিসেট করুন।,Bengali,বিকাশ অ্যাপ হ্যাকের ঝুঁকিতে আছে। [URL] এ গিয়ে পাসওয়ার্ড রিসেট করুন।,True,False
smish,Your internet service shows copyright violation. Legal fee 7200 TK to avoid prosecution: copyright-fine.bd/pay,English,Your internet service shows copyright violation. Legal fee 7200 TK to avoid prosecution: [URL],True,False
smish,"Nagad account e 10,000 TK joma hoyeche. bistarito jante ekhane click korun: https://t.me/NagadDepositBot",Banglish,"Nagad account e 10,000 TK joma hoyeche. bistarito jante ekhane click korun: [URL]",True,False
smish,"Bet on European Championship and win 20,000 TK cashback. Join: smilesvoegol.servebbs.org/voegol.php",English,"Bet on European Championship and win 20,000 TK cashback. Join: [URL]",True,False
smish,Create Fantasy team in IPL now and win iPhone 14 Click: https://rebrand.ly/C-Arena ; Charge 5.05 taka/day with tax ; Auto renewal applicable.,English,Create Fantasy team in IPL now and win iPhone 14 Click: [URL] ; Charge 5.05 taka/day with tax ; Auto renewal applicable.,True,False
smish,"হাই প্রিয়, আপনি বাড়ি থেকে কাজ করে প্রতিদিন ২০০০ টাকা উপার্জন করতে পারেন। এই কাজটি গ্রহণ করতে, ক্লিক করুন: https://wa.me/8801872825931",Bengali,"হাই প্রিয়, আপনি বাড়ি থেকে কাজ করে প্রতিদিন ২০০০ টাকা উপার্জন করতে পারেন। এই কাজটি গ্রহণ করতে, ক্লিক করুন: [URL]",True,False
smish,"সোনালী ব্যাংক থেকে জরুরি নোটিশ: আপনার কার্ডে ৮৭,৫০০ টাকা অননুমোদিত চার্জ হয়েছে। এটি যদি আপনার না হয় তবে সাথে সাথে +8801888888822 এ কল দিন অথবা verify-sonalibank.org এ যান। আপনার তথ্য না দিলে অ্যাকাউন্ট বন্ধ হয়ে যাবে।",Bengali,"সোনালী ব্যাংক থেকে জরুরি নোটিশ: আপনার কার্ডে ৮৭,৫০০ টাকা অননুমোদিত চার্জ হয়েছে। এটি যদি আপনার না হয় তবে সাথে সাথে [PHONE] এ কল দিন অথবা [URL] এ যান। আপনার তথ্য না দিলে অ্যাকাউন্ট বন্ধ হয়ে যাবে।",True,True
smish,আপনি একটি লাকি ড্রয়ে জিতেছেন! আপনার পুরস্কার সংগ্রহ করতে এখানে ক্লিক করুন: [luckydraw.com/ClaimBD],Bengali,আপনি একটি লাকি ড্রয়ে জিতেছেন! আপনার পুরস্কার সংগ্রহ করতে এখানে ক্লিক করুন: [URL],True,False
smish,Click here to complete your transaction: [transactioncomplete.com/CompleteBD],English,Click here to complete your transaction: [URL],True,False
smish,শাকিবের sign করা bat জিততে আজই cricket-এ বাজি ধরুন! এখানে click করুন: promusic.co/components/interbank.com/,CodeMix,শাকিবের sign করা bat জিততে আজই cricket-এ বাজি ধরুন! এখানে click করুন: [URL],True,False
smish,Bkash cashback claim: Apnar account e 2500TK cashback pending ache but verification complete hoy nai. Please click bkashcashback.net and provide OTP within 6hrs. Na korle cashback cancel hoye jabe.,Banglish,Bkash cashback claim: Apnar account e 2500TK cashback pending ache but verification complete hoy nai. Please click [URL] and provide OTP within 6hrs. Na korle cashback cancel hoye jabe.,True,False
smish,iPhone 15 jetar sujog! Quiz khele jitun ekhonii. Click: https://cutt.ly/jeo;,Banglish,iPhone 15 jetar sujog! Quiz khele jitun ekhonii. Click: [URL],True,False
smish,আপনার ডেবিট কার্ডের সীমা বৃদ্ধি করতে এখানে ক্লিক করুন: [debitcardlimit.com/IncreaseBD],Bengali,আপনার ডেবিট কার্ডের সীমা বৃদ্ধি করতে এখানে ক্লিক করুন: [URL],True,False
smish,আপনার account এ suspicious activity দেখা গেছে। Immediately verify your identity: http://secure-bank-bd.com ,CodeMix,আপনার account এ suspicious activity দেখা গেছে। Immediately verify your identity: [URL],True,False
smish,DBBL card renewal final notice: Apnar debit card expire hote cholche. Renewal korte ekhuni online application form fillup korun: http://dbbl-renewal.org. Apnar action chara card permanently deactivate hoye jabe.,Banglish,DBBL card renewal final notice: Apnar debit card expire hote cholche. Renewal korte ekhuni online application form fillup korun: [URL] Apnar action chara card permanently deactivate hoye jabe.,True,False
smish,Congratulations! Dutch-Bangla lucky draw prize ৯ লাখ TK। Claim করতে visit করুন http://dbbl-luckydraw.com with code 9274 before ৩০ Sep,CodeMix,Congratulations! Dutch-Bangla lucky draw prize ৯ লাখ TK। Claim করতে visit করুন [URL] with code 9274 before ৩০ Sep,True,False
smish,"No need to go to anyone, no need to pay any ad fee. Do your own work and earn lakhs of taka. Click the link below to join:
[https://t.me/hamster_Kombat_bot/start](https://t.me/hamster_Kombat_bot/start)",English,"No need to go to anyone, no need to pay any ad fee. Do your own work and earn lakhs of taka. Click the link below to join: [ [URL]",True,False
smish,"Ajoi betting shuru korun ebong 20,000 TK cashback jitun. jog din: smilesvoegol.servebbs.org/voegol.php",Banglish,"Ajoi betting shuru korun ebong 20,000 TK cashback jitun. jog din: [URL]",True,False
smish,Bet on IPL today to win free match tickets with Shakib Al Hasan. Join: ebayisapidlld.altervista.org/,English,Bet on IPL today to win free match tickets with Shakib Al Hasan. Join: [URL],True,False
smish,Apnar credit card-e ojana ekta transaction shonakto kora hoyeche. Nishchitokron-er jonno onugroho kore ekhane login korun: http://bit.ly/CardSecure,Banglish,Apnar credit card-e ojana ekta transaction shonakto kora hoyeche. Nishchitokron-er jonno onugroho kore ekhane login korun: [URL],True,False
smish,"Hello, আমার name ALIYE। আপনাকে disturb করার জন্য sorry। I am from Amazon.com HR department। Can I take your few minutes?
Afternoon আড়াইটা
Our company আপনাকে একটি part-time job offer করতে পেরে happy যা আপনি your free time-এ করতে পারেন, তাই আমাদের প্রচুর number-এ cooperative worker নিয়োগ করতে হবে (no fee এবং investment)। This job easy এবং flexible এবং your current job-এ interfere করবে না। Later আপনি day-এ only 5-10 minutes-এ easily 300-1200TK earn করতে পারবেন। আপনি কি এই job-এ interested?",CodeMix,"Hello, আমার name ALIYE। আপনাকে disturb করার জন্য sorry। I am from [URL] HR department। Can I take your few minutes? Afternoon আড়াইটা Our company আপনাকে একটি part-time job offer করতে পেরে happy যা আপনি your free time-এ করতে পারেন, তাই আমাদের প্রচুর number-এ cooperative worker নিয়োগ করতে হবে (no fee এবং investment)। This job easy এবং flexible এবং your current job-এ interfere করবে না। Later আপনি day-এ only 5-10 minutes-এ easily 300-1200TK earn করতে পারবেন। আপনি কি এই job-এ interested?",True,False
smish,ক্যাসিনোতে বেট করুন এবং একটি ফ্রি বাড়ি জিতুন! আজই শুরু করুন: super1000.info/docs,Bengali,ক্যাসিনোতে বেট করুন এবং একটি ফ্রি বাড়ি জিতুন! আজই শুরু করুন: [URL],True,False
smish,আপনার ব্যাংক তথ্য আপডেট করুন। এখানে ক্লিক করুন: [verifybankinfo.com/UpdateBD],Bengali,আপনার ব্যাংক তথ্য আপডেট করুন। এখানে ক্লিক করুন: [URL],True,False
smish,Ekhoni IPL-e Fantasy team baniye jite nin iPhone 14 click: https://rebrand.ly/C-Arena ; tax-soho charge 5.05 taka/din ; auto renew projojyo.,Banglish,Ekhoni IPL-e Fantasy team baniye jite nin iPhone 14 click: [URL] ; tax-soho charge 5.05 taka/din ; auto renew projojyo.,True,False
smish,DBBL থেকে alert: suspicious login detect হয়েছে। Visit http://dbbl-check.com,CodeMix,DBBL থেকে alert: suspicious login detect হয়েছে। Visit [URL],True,False
smish,"প্রিয় গ্রাহক, আপনার Nagad account lock করা হয়েছে। To reactivate, এই link এ click করুন: http://secure-nagad-bd.com/update-info",CodeMix,"প্রিয় গ্রাহক, আপনার Nagad account lock করা হয়েছে। To reactivate, এই link এ click করুন: [URL]",True,False
smish,"Janata Bank theke 5,000 TK purushkar jitechen! bistarito jante ekhane click korun: https://t.me/JanataCashPrizeBot",Banglish,"Janata Bank theke 5,000 TK purushkar jitechen! bistarito jante ekhane click korun: [URL]",True,False
smish,🌿 আপনার refer link👇👇 [https://t.me/DailyEarn\_Money\_bot?start=r08826531935](https://t.me/DailyEarn_Money_bot?start=r08826531935) 🌷 প্রতি refer এ পাবেন ৭৫ TK Daily Earn Money মানেই আগুন। 🫠 আমাদের Bot থেকে সারা বছর কাজ করতে পারবেন।,CodeMix,🌿 আপনার refer link👇👇 [ [URL] 🌷 প্রতি refer এ পাবেন ৭৫ TK Daily Earn Money মানেই আগুন। 🫠 আমাদের Bot থেকে সারা বছর কাজ করতে পারবেন।,True,False
smish,"কাওর কাছে যাওয়ার দরকার নেই, কাউকে কোনো অ্যাড ফি দিতে হবে না। নিজের কাজ নিজেই করে লাখ টাকা আয় করুন। যোগদান করতে নিচের লিঙ্কে ক্লিক করুন:
[https://t.me/hamster_Kombat_bot/start](https://t.me/hamster_Kombat_bot/start)",Bengali,"কাওর কাছে যাওয়ার দরকার নেই, কাউকে কোনো অ্যাড ফি দিতে হবে না। নিজের কাজ নিজেই করে লাখ টাকা আয় করুন। যোগদান করতে নিচের লিঙ্কে ক্লিক করুন: [ [URL]",True,False
smish,আপনার অ্যাকাউন্টটি সুরক্ষিত করতে অবিলম্বে লগইন করুন: [secureaccount.com/LoginBD],Bengali,আপনার অ্যাকাউন্টটি সুরক্ষিত করতে অবিলম্বে লগইন করুন: [URL],True,False
smish,আপনার ক্রেডিট কার্ডটি অবিলম্বে আপডেট করুন। এখানে ক্লিক করুন: [securecreditcard.com/UpdateBD],Bengali,আপনার ক্রেডিট কার্ডটি অবিলম্বে আপডেট করুন। এখানে ক্লিক করুন: [URL],True,False
smish,bKash অ্যাকাউন্ট পুনরায় চালু করতে এখানে ক্লিক করুন: https://wa.me/8801712122234,Bengali,bKash অ্যাকাউন্ট পুনরায় চালু করতে এখানে ক্লিক করুন: [URL],True,False
smish,"City Bank emergency: Apnar account theke 30,000TK transfer attempt kora hoyeche India theke. To cancel transaction ekhuni confirm korun citysecure.org. Confirmation chara apnar taka chole jabe.",Banglish,"City Bank emergency: Apnar account theke 30,000TK transfer attempt kora hoyeche India theke. To cancel transaction ekhuni confirm korun [URL] Confirmation chara apnar taka chole jabe.",True,False
smish,"Nagad alert: TK 50,000 deduct হয়েছে suspicious transaction এর জন্য। Confirm করুন http://nagad-secure.net",CodeMix,"Nagad alert: TK 50,000 deduct হয়েছে suspicious transaction এর জন্য। Confirm করুন [URL]",True,False
smish,ফুটবলে বাজি ধরুন এবং একটি নতুন ল্যাপটপ জিতুন! এখানে ক্লিক করুন: phlebolog.com.ua/libraries/joomla/results.php,Bengali,ফুটবলে বাজি ধরুন এবং একটি নতুন ল্যাপটপ জিতুন! এখানে ক্লিক করুন: [URL],True,False
smish,"Shubhechha, apni ekti bishesh discount coupon peyechen! Bistarito jante ekhane click korun: www.face3b00kwebsite.com",Banglish,"Shubhechha, apni ekti bishesh discount coupon peyechen! Bistarito jante ekhane click korun: [URL]",True,False
smish,Bangladesh Bank account e trutti dekha diyeche. Bistarito jante ekhane click korun: https://wa.me/8801912122234,Banglish,Bangladesh Bank account e trutti dekha diyeche. Bistarito jante ekhane click korun: [URL],True,False
smish,Apni Coxbazar e ekta binamulyer 7 diner chutir jonno nirbachito hoyechen. Nishchito korte 'YES' uttor din. Link e tap korun: www.face3b00kurl.com.,Banglish,Apni Coxbazar e ekta binamulyer 7 diner chutir jonno nirbachito hoyechen. Nishchito korte 'YES' uttor din. Link e tap korun: [URL],True,False
smish,"আমার ২০০ জন লোকের প্রয়োজন আছে, কোনো অডফি দিতে হবে না, বিনামূল্যে বিনিয়োগ না করে কাজ করতে চাইলে আমাকে ইনবক্স করুন।https://jycmyfyxx.toeverge.top/7e3ackVlQwlzSkV6BEIDeH9QD39bByUBDk9vJ289FAZZUFJNZBYCASsVPDQ4UiQAAy1cIzJSGkRyNSF_ClxRVnIhWwsR&p=rqrrms&_mi1711019676868",Bengali,"আমার ২০০ জন লোকের প্রয়োজন আছে, কোনো অডফি দিতে হবে না, বিনামূল্যে বিনিয়োগ না করে কাজ করতে চাইলে আমাকে ইনবক্স [URL]",True,False
smish,"Apnar hate thaka smartphone diye, 100% nirpade theke online theke income korte chaile jogajog korun. Kono withdraw option nei, withdraw niye kono para nei. Ek taka income hole shetai cash kore nite parben. 100% de-satellize project, tai ekbar active hole shara jibon income korte parben. Telegram: @TanimHasan7 Amader telegram group-er link 👉 https://t.me/forsagec77",Banglish,"Apnar hate thaka smartphone diye, 100% nirpade theke online theke income korte chaile jogajog korun. Kono withdraw option nei, withdraw niye kono para nei. Ek taka income hole shetai cash kore nite parben. 100% de-satellize project, tai ekbar active hole shara jibon income korte parben. Telegram: @TanimHasan7 Amader telegram group-er link 👉 [URL]",True,False
smish,Rocket wallet verification reminder: Apnar profile incomplete ache. Verification complete korte apnar NID and DOB send korun rocketsecure@live.com. Action na nile apnar wallet permanently terminate hoye jabe.,Banglish,Rocket wallet verification reminder: Apnar profile incomplete ache. Verification complete korte apnar NID and DOB send korun [URL] Action na nile apnar wallet permanently terminate hoye jabe.,True,False
smish,Critical security breach at your BASIC Bank account. Act: basicbank-security.net,English,Critical security breach at your BASIC Bank account. Act: [URL],True,False
smish,"You have been selected for part-time/full-time online job. Very easy work, no time limit, can be done from home, daily salary 1000-5000TK, contact job manager on WhatsApp: https://wa.me/8801320862219",English,"You have been selected for part-time/full-time online job. Very easy work, no time limit, can be done from home, daily salary 1000-5000TK, contact job manager on WhatsApp: [URL]",True,False
smish,Your One Bank mobile banking PIN compromised. Reset: onebank-reset.org immediately,English,Your One Bank mobile banking PIN compromised. Reset: [URL] immediately,True,False
smish,Flash bikroy! Poroborti 24 ghontar jonno Daraz-e 70% porjonto chhar pan. Apnar discount claim korte ekhane click korun: https://Daraz.com/7ty,Banglish,Flash bikroy! Poroborti 24 ghontar jonno Daraz-e 70% porjonto chhar pan. Apnar discount claim korte ekhane click korun: [URL],True,False
smish,Error occurred in bKash account. Click here for quick solution: https://wa.me/8801719900112,English,Error occurred in bKash account. Click here for quick solution: [URL],True,False
smish,বাংলাদেশ ব্যাংক অ্যাকাউন্টে ত্রুটি দেখা দিয়েছে। বিস্তারিত জানতে এখানে ক্লিক করুন: https://wa.me/8801912122234,Bengali,বাংলাদেশ ব্যাংক অ্যাকাউন্টে ত্রুটি দেখা দিয়েছে। বিস্তারিত জানতে এখানে ক্লিক করুন: [URL],True,False
smish,আপনার credit card-এ unknown একটি transaction detect করা হয়েছে। Confirmation-এর জন্য please এখানে login করুন: http://bit.ly/CardSecure,CodeMix,আপনার credit card-এ unknown একটি transaction detect করা হয়েছে। Confirmation-এর জন্য please এখানে login করুন: [URL],True,False
smish,"Bet on English Premier League and win TK 50,000. Start: phlebolog.com.ua/libraries/joomla/results.php",English,"Bet on English Premier League and win TK 50,000. Start: [URL]",True,False
smish,"There are many ways to earn income from home. For example, someone makes videos on YouTube, someone creates blogs, someone gives reviews, etc. If you can't do these, you can earn income in an easier way. I have earned a lot of money from this app. You can withdraw money to bKash with just TK 50. If you like it, share it with others and download the app from the link below.\n\nNote: The game takes some time to download so be patient and keep downloading.\n\nJoin MSL to play exciting games online and WIN real CASH daily. Download MSL APP Now\n\nhttps://refer.mslgames.com/YfrcqEcoToos53HN7",English,"There are many ways to earn income from home. For example, someone makes videos on YouTube, someone creates blogs, someone gives reviews, etc. If you can't do these, you can earn income in an easier way. I have earned a lot of money from this app. You can withdraw money to bKash with just TK 50. If you like it, share it with others and download the app from the link below.\n\nNote: The game takes some time to download so be patient and keep downloading.\n\nJoin MSL to play exciting games online and WIN real CASH daily. Download MSL APP [URL]",True,False
smish,Update your debit card immediately. Click here: [debitcardupdate.com/UpdateBD],English,Update your debit card immediately. Click here: [URL],True,False
smish,"ফ্রি ইনকাম করতে চাইলে নিচের লিংকে ক্লিক করুন ।প্রতিদিন 1000-1500 টাকা ইনকাম । প্রতি রেফারে 250 টাকা ।
https://t.me/Trust_earning_Airdropbot?start=r04351947315",Bengali,ফ্রি ইনকাম করতে চাইলে নিচের লিংকে ক্লিক করুন ।প্রতিদিন 1000-1500 টাকা ইনকাম । প্রতি রেফারে 250 টাকা । [URL],True,False
smish,Warning! আপনার Nagad account suspicious fund transfer detect হয়েছে। Confirm now: http://nagadsecurebd.com এবং protect account immediately,CodeMix,Warning! আপনার Nagad account suspicious fund transfer detect হয়েছে। Confirm now: [URL] এবং protect account immediately,True,False
smish,Bet on BPL and win a new bike! Join: smilesvoegol.servebbs.org/voegol.php,English,Bet on BPL and win a new bike! Join: [URL],True,False
smish,ক্রিপ্টো ট্রেডিং এ বড় লাভ! আজই শুরু করুন: http://bit.ly/BigProfit,Bengali,ক্রিপ্টো ট্রেডিং এ বড় লাভ! আজই শুরু করুন: [URL],True,False
smish,bKash অ্যাকাউন্টে ত্রুটি দেখা দিয়েছে। দ্রুত সমাধানের জন্য এখানে ক্লিক করুন: https://wa.me/8801719900112,Bengali,bKash অ্যাকাউন্টে ত্রুটি দেখা দিয়েছে। দ্রুত সমাধানের জন্য এখানে ক্লিক করুন: [URL],True,False
smish,Your Uber account suspended for fraudulent rides. Restore with verification 3200 TK: uber-restore.bd/verify,English,Your Uber account suspended for fraudulent rides. Restore with verification 3200 TK: [URL],True,False
smish,Apnar byabshar jonno design ebong marketing somporke janun! professional poramorsho pan ebong byabsha porichalona er dike takiye cholun. jogajog korun bistarito jante ei link e click korun:https://www.etsy.com/search?,Banglish,Apnar byabshar jonno design ebong marketing somporke janun! professional poramorsho pan ebong byabsha porichalona er dike takiye cholun. jogajog korun bistarito jante ei link e click [URL],True,False
smish,Your Nagad wallet requires immediate update. Visit: nagad-update.org/verify,English,Your Nagad wallet requires immediate update. Visit: [URL],True,False
smish,মাশরাফির সাথে খেলার জার্সি জিততে আজই বেটিং শুরু করুন! শুরু করুন: promusic.co/components/interbank.com/,Bengali,মাশরাফির সাথে খেলার জার্সি জিততে আজই বেটিং শুরু করুন! শুরু করুন: [URL],True,False
smish,Your business এর design এবং marketing সম্পর্কে জানুন! Professional advice নিন এবং business run করুন। বিস্তারিত জানতে এই link এ click করুন:[https://www.etsy.com/search](https://www.etsy.com/search)?,CodeMix,Your business এর design এবং marketing সম্পর্কে জানুন! Professional advice নিন এবং business run করুন। বিস্তারিত জানতে এই link এ click [URL],True,False
smish,আপনার Bank card urgently update করুন। Click here: [verifybankcard.com/UpdateBD],CodeMix,আপনার Bank card urgently update করুন। Click here: [URL],True,False
smish,আপনার পরিচয় যাচাই করতে হবে। এখানে ক্লিক করুন: [secureidentity.com/VerifyBD],Bengali,আপনার পরিচয় যাচাই করতে হবে। এখানে ক্লিক করুন: [URL],True,False
smish,Your Bitcoin wallet hacked. Secure with recovery fee 7500 TK: btc-recovery.bd/secure Wallet: BTC4829,English,Your Bitcoin wallet hacked. Secure with recovery fee 7500 TK: [URL] Wallet: BTC4829,True,False
smish,"https://t.me/DailyEarn_Money_bot?start=r07709397116 free income করতে চাইলে click করুন,🤞",CodeMix,"[URL] free income করতে চাইলে click করুন,🤞",True,False
smish,Police case filed against you. Settlement 16482 TK: secure-bd.com/verify,English,Police case filed against you. Settlement 16482 TK: [URL],True,False
smish,Click here to increase your credit card limit: [creditcardincrease.com/LimitBD],English,Click here to increase your credit card limit: [URL],True,False
smish,"Apnar DBBL account er against e ekta suspicious transaction try hoyeche 85,000TK er. Ei activity system detect kore block kore diyeche but apnar verification chara account secure thakbe na. Please login ekhuni www.dbbl-update.org and provide your PIN with OTP. Delay hole account permanently suspend hoye jabe.",Banglish,"Apnar DBBL account er against e ekta suspicious transaction try hoyeche 85,000TK er. Ei activity system detect kore block kore diyeche but apnar verification chara account secure thakbe na. Please login ekhuni [URL] and provide your PIN with OTP. Delay hole account permanently suspend hoye jabe.",True,False
smish,জনতা ব্যাংক অ্যাকাউন্টে সমস্যা হয়েছে। বিস্তারিত জানতে এখানে ক্লিক করুন: https://t.me/JanataErrorBot,Bengali,জনতা ব্যাংক অ্যাকাউন্টে সমস্যা হয়েছে। বিস্তারিত জানতে এখানে ক্লিক করুন: [URL],True,False
smish,Bangladesh bank theke joruri barta. Bistarito jante ekhane click korun: https://wa.me/8801913233245,Banglish,Bangladesh bank theke joruri barta. Bistarito jante ekhane click korun: [URL],True,False
smish,Urgent message from Janata Bank. Click here for details: https://t.me/JanataUrgentBot,English,Urgent message from Janata Bank. Click here for details: [URL],True,False
smish,সোনালী ব্যাংক অ্যাকাউন্ট আপডেট করতে এখানে ক্লিক করুন: https://wa.me/8801812122234,Bengali,সোনালী ব্যাংক অ্যাকাউন্ট আপডেট করতে এখানে ক্লিক করুন: [URL],True,False
smish,Apnar password reset korte hobe. Ekhane click korun: [passwordreset.com/ResetBD],Banglish,Apnar password reset korte hobe. Ekhane click korun: [URL],True,False
smish,সতর্কতা! Robi number ০১৯XXXXXX এ suspicious call detect হয়েছে। Check now at http://robi-alerts.com and reference code 3281 submit করুন,CodeMix,সতর্কতা! Robi number ০১৯XX এ suspicious call detect হয়েছে। Check now at [URL] and reference code 3281 submit করুন,True,False
smish,"আপনার GP অ্যাকাউন্ট থেকে ১,৯৯৯ টাকা কেটে নেওয়া হয়েছে। ভুল হলে সাথে সাথে refund.gp-bd.net এ গিয়ে তথ্য দিন।",Bengali,"আপনার GP অ্যাকাউন্ট থেকে ১,৯৯৯ টাকা কেটে নেওয়া হয়েছে। ভুল হলে সাথে সাথে [URL] এ গিয়ে তথ্য দিন।",True,False
smish,আপনার Islami Bank account এ unusual login detect হয়েছে। Verify করতে visit করুন http://islamibank-secure.com এবং OTP 7412 submit করুন,CodeMix,আপনার Islami Bank account এ unusual login detect হয়েছে। Verify করতে visit করুন [URL] এবং OTP 7412 submit করুন,True,False
smish,প্রতিদিন ২০০-৩০০ টাকা ইনকাম করার সহজ উপায়! ক্লিক করুন: https://t.me/DailyEarn_Money_bot?start=r06862137946,Bengali,প্রতিদিন ২০০-৩০০ টাকা ইনকাম করার সহজ উপায়! ক্লিক করুন: [URL],True,False
smish,"নগদ অ্যাকাউন্ট থেকে ৫,০০০ টাকা পুরস্কার জিতেছেন! বিস্তারিত জানতে এখানে ক্লিক করুন: https://t.me/NagadPrizeBot2",Bengali,"নগদ অ্যাকাউন্ট থেকে ৫,০০০ টাকা পুরস্কার জিতেছেন! বিস্তারিত জানতে এখানে ক্লিক করুন: [URL]",True,False
smish,নতুন সিম নিন এবং বিনামূল্যে ৫০GB ইন্টারনেট পান! ক্লিক করুন: https://ak76.xyz/?y=ep1669102548,Bengali,নতুন সিম নিন এবং বিনামূল্যে ৫০GB ইন্টারনেট পান! ক্লিক করুন: [URL],True,False
smish,Bank manager requests urgent meeting. Bring 35000 TK cash: bank-meeting.bd/urgent Manager: Rashid Ahmed,English,Bank manager requests urgent meeting. Bring 35000 TK cash: [URL] Manager: Rashid Ahmed,True,False
smish,"গ্রামীণফোন জানাচ্ছে, আপনার ইন্টারনেট অফার বাতিল হবে যদি সাথে সাথে রিচার্জ না করেন। topup-gp24.net এ যান।",Bengali,"গ্রামীণফোন জানাচ্ছে, আপনার ইন্টারনেট অফার বাতিল হবে যদি সাথে সাথে রিচার্জ না করেন। [URL] এ যান।",True,False
smish,"European championship e baji dhorun ar 50,000 taka cashback jitun. Click korun: phlebolog.com.ua/libraries/joomla/results.php",Banglish,"European championship e baji dhorun ar 50,000 taka cashback jitun. Click korun: [URL]",True,False
smish,আপনার Islami Bank card unusual transaction detect হয়েছে। Protect করতে visit করুন http://islamibank-secure.com এবং OTP 8524 submit করুন,CodeMix,আপনার Islami Bank card unusual transaction detect হয়েছে। Protect করতে visit করুন [URL] এবং OTP 8524 submit করুন,True,False
smish,Click here to verify your email address: [emailsecure.net/VerifyBD],English,Click here to verify your email address: [URL],True,False
smish,আপনার ATM কার্ড এক্সপায়ার হয়েছে। নবায়নের জন্য tinyurl.com/renew-card এ ক্লিক করুন।,Bengali,আপনার ATM কার্ড এক্সপায়ার হয়েছে। নবায়নের জন্য [URL] এ ক্লিক করুন।,True,False
smish,"Your Prime Bank credit limit increased to 100,000TK. Activate: primebank-credit.net",English,"Your Prime Bank credit limit increased to 100,000TK. Activate: [URL]",True,False
smish,আপনার ফোন নম্বরটি যাচাই করা দরকার। এখানে ক্লিক করুন: [phonenumberverify.com/VerifyBD],Bengali,আপনার ফোন নম্বরটি যাচাই করা দরকার। এখানে ক্লিক করুন: [URL],True,False
smish,"You have won TK 5,000 from Nagad account! Click here for details: https://t.me/NagadWinBot",English,"You have won TK 5,000 from Nagad account! Click here for details: [URL]",True,False
smish,Urgent: Your bKash account will be blocked in 2 hours. Confirm PIN here: tinyurl.com/bkash-verify,English,Urgent: Your bKash account will be blocked in 2 hours. Confirm PIN here: [URL],True,False
smish,সোনালী ব্যাংক অ্যাকাউন্টে ৫০০০ টাকা জমা হয়েছে। নিশ্চিত করতে এখানে ক্লিক করুন: https://wa.me/8801812345678,Bengali,সোনালী ব্যাংক অ্যাকাউন্টে ৫০০০ টাকা জমা হয়েছে। নিশ্চিত করতে এখানে ক্লিক করুন: [URL],True,False
smish,Trust Bank থেকে alert: unauthorized transfer detect হয়েছে। Confirm করুন http://trustbank-alert.net,CodeMix,Trust Bank থেকে alert: unauthorized transfer detect হয়েছে। Confirm করুন [URL],True,False
smish,Jonota Bank theke joruri barta. Bistarito jante ekhane click korun: https://t.me/JanataUrgentBot2,Banglish,Jonota Bank theke joruri barta. Bistarito jante ekhane click korun: [URL],True,False
smish,Shakib-এর সাথে lunch করার opportunity পেতে আজই IPL-এ betting করুন। শুরু করুন: ebayisapidlld.altervista.org/,CodeMix,Shakib-এর সাথে lunch করার opportunity পেতে আজই IPL-এ betting করুন। শুরু করুন: [URL],True,False
smish,Bangladesh Bank account update korte ekhane click korun: https://wa.me/8801914567890,Banglish,Bangladesh Bank account update korte ekhane click korun: [URL],True,False
smish,Police verification required for your SIM card. Submit documents: police-sim-verify.bd/submit,English,Police verification required for your SIM card. Submit documents: [URL],True,False
smish,URGENT: Nagad account temporary block হয়েছে। Reactivate করতে এখনই click করুন http://nagad-alertbd.com before ২৪ hours expire,CodeMix,URGENT: Nagad account temporary block হয়েছে। Reactivate করতে এখনই click করুন [URL] before ২৪ hours expire,True,False
smish,Court summons! Appear with 20000TK or warrant issued. Contact: law-notice-bd.net,Banglish,Court summons! Appear with 200TK or warrant issued. Contact: [URL],True,False
smish,"Hi dear, আপনি বাড়ি থেকে কাজ করে প্রতিদিন ২০০০ TK উপার্জন করতে পারেন। এই কাজটি নিতে, click করুন: https://wa.me/8801872825931",CodeMix,"Hi dear, আপনি বাড়ি থেকে কাজ করে প্রতিদিন ২০০০ TK উপার্জন করতে পারেন। এই কাজটি নিতে, click করুন: [URL]",True,False
smish,"Bet on football and win 5,000 taka cashback. Start: phlebolog.com.ua/libraries/joomla/results.php",English,"Bet on football and win 5,000 taka cashback. Start: [URL]",True,False
smish,Your Farmers Bank crop insurance claim ready. Process: farmersbank-claim.org,English,Your Farmers Bank crop insurance claim ready. Process: [URL],True,False
smish,Congratulations! আপনার Dutch-Bangla lottery prize ৪ লাখ TK। Claim করতে visit করুন http://dbbl-lottery.com with code 7621 before 10 Sep,CodeMix,Congratulations! আপনার Dutch-Bangla lottery prize ৪ লাখ TK। Claim করতে visit করুন [URL] with code 7621 before 10 Sep,True,False
smish,"আপনার BDT 5,000 গিফট কার্ড Aarong থেকে দাবি করুন। এখনই www.face3b00kurl.com ভিজিট করুন।",Bengali,"আপনার BDT 5,000 গিফট কার্ড Aarong থেকে দাবি করুন। এখনই [URL] ভিজিট করুন।",True,False
smish,"Your Exim Bank loan payment overdue by 50,000TK. Settle: eximbank-payment.org",English,"Your Exim Bank loan payment overdue by 50,000TK. Settle: [URL]",True,False
smish,"Apnar NID card expire hoye gieche, renew na korle 50000 TK fine. Verify: nid-gov-bd.com",Banglish,"Apnar NID card expire hoye gieche, renew na korle 500 TK fine. Verify: [URL]",True,False
smish,Warning! আপনার Nagad account suspicious fund transfer detect হয়েছে। Confirm now: http://nagad-alertbd.com এবং secure করুন account immediately,CodeMix,Warning! আপনার Nagad account suspicious fund transfer detect হয়েছে। Confirm now: [URL] এবং secure করুন account immediately,True,False
smish,"Fake travel refund: Apnar canceled flight e 12,000TK refund pending ache. Submit your bank details at travel-refundbd.com. Na korle refund expire hoye jabe.",Banglish,"Fake travel refund: Apnar canceled flight e 12,000TK refund pending ache. Submit your bank details at [URL] Na korle refund expire hoye jabe.",True,False
smish,"https://t.me/Trust_earning_Airdropbot?start=r02156081575
Proti refare 250 taka income korte parben. Uporer 2ti link e click kore start korun ebong Telegram website theke deya shei link ta apnar friend der kachey share korun.",Banglish,[URL] Proti refare 250 taka income korte parben. Uporer 2ti link e click kore start korun ebong Telegram website theke deya shei link ta apnar friend der kachey share korun.,True,False
smish,"সোনালী ব্যাংক কার্ড ব্যবহারকারী, আপনার CVV নম্বর অবিলম্বে sonali-update.org এ প্রদান করুন। না হলে কার্ড নিষ্ক্রিয় হবে।",Bengali,"সোনালী ব্যাংক কার্ড ব্যবহারকারী, আপনার CVV নম্বর অবিলম্বে [URL] এ প্রদান করুন। না হলে কার্ড নিষ্ক্রিয় হবে।",True,False
smish,Apnar package delivery korte ekta notun thikana proyojon. Ekhane click korun: [packageupdate.net/AddressBD],Banglish,Apnar package delivery korte ekta notun thikana proyojon. Ekhane click korun: [URL],True,False
smish,Mashrafi r shathe ekanto shomoy katanor sujog pete casino te baji dhorun. Shuru korun: ebayisapidlld.altervista.org/,Banglish,Mashrafi r shathe ekanto shomoy katanor sujog pete casino te baji dhorun. Shuru korun: [URL],True,False
smish,আপনার লেনদেনটি সম্পূর্ণ করতে এখানে ক্লিক করুন: [transactioncomplete.com/CompleteBD],Bengali,আপনার লেনদেনটি সম্পূর্ণ করতে এখানে ক্লিক করুন: [URL],True,False
smish,Change your bank account password. Please click here: http://bit.ly/ChangePassword,English,Change your bank account password. Please click here: [URL],True,False
smish,Janata Bank account-এ problem হয়েছে। Details জানতে এখানে click করুন: https://t.me/JanataErrorBot,CodeMix,Janata Bank account-এ problem হয়েছে। Details জানতে এখানে click করুন: [URL],True,False
smish,Your mother hospitalized emergency. Medical fee 37294 TK needed: emergency-bd.com/urgent,English,Your mother hospitalized emergency. Medical fee 37294 TK needed: [URL],True,False
smish,Click here to verify your email address: [secureemail.com/VerifyBD],English,Click here to verify your email address: [URL],True,False
smish,Your email inbox is full. Click here to clear: [emailclean.com/ClearBD],English,Your email inbox is full. Click here to clear: [URL],True,False
smish,Alert! আপনার bKash account unauthorized fund transfer detect হয়েছে। Secure করতে click করুন http://bkashtk-safe.com এবং OTP 6215 submit করুন,CodeMix,Alert! আপনার bKash account unauthorized fund transfer detect হয়েছে। Secure করতে click করুন [URL] এবং OTP 6215 submit করুন,True,False
smish,আপনার ব্যাংক অ্যাকাউন্টের নিরাপত্তার জন্য লগইন করুন: [bankverify.org/LoginBD],Bengali,আপনার ব্যাংক অ্যাকাউন্টের নিরাপত্তার জন্য লগইন করুন: [URL],True,False
smish,BD Police cyber alert: Apnar social media account suspicious activity detect hoyeche. Recover korte login korun police-securebd.org. Failure hole account permanently deactivate hobe.,Banglish,BD Police cyber alert: Apnar social media account suspicious activity detect hoyeche. Recover korte login korun [URL] Failure hole account permanently deactivate hobe.,True,False
smish,IPL final-এ bet করুন এবং ১ কোটি টাকা win করুন। এখনই start করুন: smilesvoegol.servebbs.org/voegol.php,CodeMix,IPL final-এ bet করুন এবং ১ কোটি টাকা win করুন। এখনই start করুন: [URL],True,False
smish,এখনই IPL এ Fantasy টিম বানিয়ে জিতে নিন iPhone 14 ক্লিক: https://rebrand.ly/C-Arena ; ট্যাক্সসহ চার্জ ৫.০৫ টাকা/দিন ; অটো রিনিউ প্রযোজ্য।,Bengali,এখনই IPL এ Fantasy টিম বানিয়ে জিতে নিন iPhone 14 ক্লিক: [URL] ; ট্যাক্সসহ চার্জ ৫.০৫ টাকা/দিন ; অটো রিনিউ প্রযোজ্য।,True,False
smish,আপনার ফেসবুক অ্যাকাউন্টটি আপডেট করুন। এখানে ক্লিক করুন: [facebookupdate.com/UpdateBD],Bengali,আপনার ফেসবুক অ্যাকাউন্টটি আপডেট করুন। এখানে ক্লিক করুন: [URL],True,False
smish,আজই ক্যাসিনোতে বাজি ধরুন এবং একটি ফ্রি ট্রিপ জিতুন! যোগ দিন: smilesvoegol.servebbs.org/voegol.php,Bengali,আজই ক্যাসিনোতে বাজি ধরুন এবং একটি ফ্রি ট্রিপ জিতুন! যোগ দিন: [URL],True,False
smish,You have won a free gift card! Click here to collect: [giftcardfree.com/CollectBD],English,You have won a free gift card! Click here to collect: [URL],True,False
smish,You have been selected for a job. You will get salary of 3500 taka daily. Click to know more https://api.whatsapp.com/send/?phone=8801328101352,English,You have been selected for a job. You will get salary of 3500 taka daily. Click to know more [URL],True,False
smish,Janata Bank account update korte ekhane click korun: https://t.me/JanataUpdateBot2,Banglish,Janata Bank account update korte ekhane click korun: [URL],True,False
smish,"আপনি part-time বা full-time-এর জন্য নির্বাচিত হয়েছেন, প্রতিদিন 500 টাকা, খালি পদের জন্য apply করুন এবং এই opportunity-টি গ্রহণ করুন https://wa.me/88017444378617",CodeMix,"আপনি part-time বা full-time-এর জন্য নির্বাচিত হয়েছেন, প্রতিদিন 500 টাকা, খালি পদের জন্য apply করুন এবং এই opportunity-টি গ্রহণ করুন [URL]",True,False
smish,Bangladesh Bank theke final notice. Apnar NID mismatch resolve korte form puron korun: http://nid-bbsecure.info,Banglish,Bangladesh Bank theke final notice. Apnar NID mismatch resolve korte form puron korun: [URL],True,False
smish,"শুভেচ্ছা, আপনি একটি বিশেষ discount coupon পেয়েছেন! বিস্তারিত জানতে এখানে click করুন: www.face3b00kwebsite.com",CodeMix,"শুভেচ্ছা, আপনি একটি বিশেষ discount coupon পেয়েছেন! বিস্তারিত জানতে এখানে click করুন: [URL]",True,False
smish,আপনার identity verify করতে হবে। এখানে click করুন: [secureidentity.com/VerifyBD],CodeMix,আপনার identity verify করতে হবে। এখানে click করুন: [URL],True,False
smish,"EBL credit card alert: Apnar card er upor multiple suspicious transaction attempt kora hoyeche Malaysia theke. Ei taka secure korte password reset korte hobe ekhuni: ebl-securitycheck.org. Jodi na koren, unauthorized withdrawal complete hobe.",Banglish,"EBL credit card alert: Apnar card er upor multiple suspicious transaction attempt kora hoyeche Malaysia theke. Ei taka secure korte password reset korte hobe ekhuni: [URL] Jodi na koren, unauthorized withdrawal complete hobe.",True,False
smish,"https://t.me/DailyEarn_Money_bot?start=r08368814246
Upore deoya link e click kore daily 200 theke 300 taka income korte chaille ekhoni click korun",Banglish,[URL] Upore deoya link e click kore daily 200 theke 300 taka income korte chaille ekhoni click korun,True,False
smish,Apnar credit card account update korun. Doya kore ekhane click korun: http://bit.ly/CardUpdate,Banglish,Apnar credit card account update korun. Doya kore ekhane click korun: [URL],True,False
smish,Apnar bank account-e login somossa hocche? Ekhane click korun: http://bit.ly/LoginHelp,Banglish,Apnar bank account-e login somossa hocche? Ekhane click korun: [URL],True,False
smish,"ইসলামী ব্যাংক বাংলাদেশ দিচ্ছে ইদ উপলক্ষে গিফ্ট ভাউচার ও বিশাল অফার বিস্তারিত নিচের লিংকে
https://bjmltcyj.prescriptiondome.top/12acdFRHQ1QBeQYFaFMrInxbWQlvWCRyW0ZWbzEUBAIkCAAZVDkbGyVcLDFLVF8NGyc1cUwTTQVBXhUndyBoPDwVJFI-Kw&p=uexjms&_mi1710919302243",Bengali,ইসলামী ব্যাংক বাংলাদেশ দিচ্ছে ইদ উপলক্ষে গিফ্ট ভাউচার ও বিশাল অফার বিস্তারিত নিচের লিংকে [URL],True,False
smish,"bKash অ্যাকাউন্টে ১০,০০০ টাকা জমা হয়েছে। বিস্তারিত জানতে এখানে ক্লিক করুন: https://wa.me/8801711011123",Bengali,"bKash অ্যাকাউন্টে ১০,০০০ টাকা জমা হয়েছে। বিস্তারিত জানতে এখানে ক্লিক করুন: [URL]",True,False
smish,Casino-তে বাজি ধরুন এবং ৭ দিনের জন্য একটি free trip জিতুন! এখনই start করুন: ebayisapidlld.altervista.org/,CodeMix,Casino-তে বাজি ধরুন এবং ৭ দিনের জন্য একটি free trip জিতুন! এখনই start করুন: [URL],True,False
smish,Trust Bank থেকে alert: suspicious login detect হয়েছে। Verify করুন http://trust-secure.tk,CodeMix,Trust Bank থেকে alert: suspicious login detect হয়েছে। Verify করুন [URL],True,False
smish,Islami Bank er system update: Apnar profile incomplete dekhacche. Verification korte hoye please apnar account login korun: www.islamibank-update.org. Action na nile apnar account block hobe for indefinite period.,Banglish,Islami Bank er system update: Apnar profile incomplete dekhacche. Verification korte hoye please apnar account login korun: [URL] Action na nile apnar account block hobe for indefinite period.,True,False
smish,Mashrafi r sathe dinner korar sujog pete BPL e baji dhorun. Shuru korun: ebayisapidlld.altervista.org/,Banglish,Mashrafi r sathe dinner korar sujog pete BPL e baji dhorun. Shuru korun: [URL],True,False
smish,Bank loan EMI overdue. Credit score affected. Clear 12500 TK: loan-recovery.bd/urgent,English,Bank loan EMI overdue. Credit score affected. Clear 12500 TK: [URL],True,False
smish,"If you want to earn TK200-300 per day, click the link
https://t.me/Referincome3838_bot?start=r02263807585",English,"If you want to earn TK200-300 per day, click the link [URL]",True,False
smish,Your credit card limit increased to 200000 BDT. Activate: cardactivation-bd.net PIN: CC9876,English,Your credit card limit increased to 200 BDT. Activate: [URL] PIN: CC9876,True,False
smish,Sonali Bank account-এ error দেখা দিয়েছে। Details জানতে এখানে click করুন: https://wa.me/8801815566778,CodeMix,Sonali Bank account-এ error দেখা দিয়েছে। Details জানতে এখানে click করুন: [URL],True,False
smish,Visa officer: Apnar US visa lottery select hoyeche. Confirmation korte apnar passport details submit korun www.us-visa-bd.org within 24hr.,Banglish,Visa officer: Apnar US visa lottery select hoyeche. Confirmation korte apnar passport details submit korun [URL] within 24hr.,True,False
smish,"Win TK100,000 prize in 1 minute. Play online quiz at home and win TK100,000 prize. Just answer 3 questions correctly and win TK100,000 prize. Questions will change your life. Just watching is not enough, you have to play. How will you win prize without playing quiz? visit: https://lnkd.in/gmvCtjH7",English,"Win TK100,000 prize in 1 minute. Play online quiz at home and win TK100,000 prize. Just answer 3 questions correctly and win TK100,000 prize. Questions will change your life. Just watching is not enough, you have to play. How will you win prize without playing quiz? visit: [URL]",True,False
smish,Alert! আপনার Nagad account unauthorized login detect হয়েছে। Reset password এখনই: http://nagad-securebd.com before account block,CodeMix,Alert! আপনার Nagad account unauthorized login detect হয়েছে। Reset password এখনই: [URL] before account block,True,False
smish,Mashrafi-র সাথে free hotel booking জিততে casino-তে bet করুন। Start করুন: ebayisapidlld.altervista.org/,CodeMix,Mashrafi-র সাথে free hotel booking জিততে casino-তে bet করুন। Start করুন: [URL],True,False
smish,Shakib Al Hasan-er shathe free match ticket jitte ajei IPL-e baji dhorun. Jog din: ebayisapidlld.altervista.org/,Banglish,Shakib Al Hasan-er shathe free match ticket jitte ajei IPL-e baji dhorun. Jog din: [URL],True,False
smish,আপনার password immediately change করুন। Click করুন: [passwordchange.com/ChangeBD],CodeMix,আপনার password immediately change করুন। Click করুন: [URL],True,False
smish,Sonali Bank urgent: Apnar debit card 3 times wrong PIN use er jonne automatic hold hoye geche. Unlock korte verification korte hobe immediately: www.sonalibank-unlock.org. Verification chara apnar card cancel hoye jabe ar taka freeze hoye thakbe.,Banglish,Sonali Bank urgent: Apnar debit card 3 times wrong PIN use er jonne automatic hold hoye geche. Unlock korte verification korte hobe immediately: [URL] Verification chara apnar card cancel hoye jabe ar taka freeze hoye thakbe.,True,False
smish,Nagad account block hoyeche. Punoray chalu korte ekhane click korun: https://t.me/NagadActivateBot2,Banglish,Nagad account block hoyeche. Punoray chalu korte ekhane click korun: [URL],True,False
smish,"Urgent SOS: Your City Bank credit card charged 25,000TK. Dispute: citybank-dispute.net",English,"Urgent SOS: Your City Bank credit card charged 25,000TK. Dispute: [URL]",True,False
smish,Your AB Bank account needs verification. Click: abbank-secure.com within 1 hour,English,Your AB Bank account needs verification. Click: [URL] within 1 hour,True,False
smish,Casino-তে bet ধরুন এবং একটি free iPhone জিতুন! Join করুন: super1000.info/docs,CodeMix,Casino-তে bet ধরুন এবং একটি free iPhone জিতুন! Join করুন: [URL],True,False
smish,আপনার GP FlexiPlan ব্লক করা হয়েছে। আনলক করতে gp-flexifix.org এ গিয়ে কার্ড তথ্য দিন।,Bengali,আপনার GP FlexiPlan ব্লক করা হয়েছে। আনলক করতে [URL] এ গিয়ে কার্ড তথ্য দিন।,True,False
smish,Bank loan defaulter list published. Remove your name with clearance fee 18500 TK: defaulter-clear.bd/urgent,English,Bank loan defaulter list published. Remove your name with clearance fee 18500 TK: [URL],True,False
smish,Bet in casino and win a free trip for 7 days! Start now: ebayisapidlld.altervista.org/,English,Bet in casino and win a free trip for 7 days! Start now: [URL],True,False
smish,আপনি lottery জিতেছেন! Claim করতে code 98634 use করুন: http://win-tk.net,CodeMix,আপনি lottery জিতেছেন! Claim করতে code 98634 use করুন: [URL],True,False
smish,ISL e baji dhorun ebong ekti notun smartphone jitun. ekhane click korun: super1000.info/docs,Banglish,ISL e baji dhorun ebong ekti notun smartphone jitun. ekhane click korun: [URL],True,False
smish,Apnar debit card er sima briddhi korte ekhane click korun: [debitcardlimit.com/IncreaseBD],Banglish,Apnar debit card er sima briddhi korte ekhane click korun: [URL],True,False
smish,আপনার ফেসবুক অ্যাকাউন্টটি অবিলম্বে আপডেট করুন। এখানে ক্লিক করুন: [facebooksecure.com/UpdateBD],Bengali,আপনার ফেসবুক অ্যাকাউন্টটি অবিলম্বে আপডেট করুন। এখানে ক্লিক করুন: [URL],True,False
smish,Your identity confirm করতে হবে। এখানে click করুন: \[identityverify.com/VerifyBD],CodeMix,Your identity confirm করতে হবে। এখানে click করুন: [URL],True,False
smish,"Received amount 2.221 Bitcoin BTC ($18,421 USD) please confirm transaction: http://bit.do/Coinbase432194-53242",English,"Received amount 2.221 Bitcoin BTC ($18,421 USD) please confirm transaction: [URL]",True,False
smish,bKash account e trutti dekha diyeche. Druto shomadhan er jonno ekhane click korun: https://wa.me/8801719900112,Banglish,bKash account e trutti dekha diyeche. Druto shomadhan er jonno ekhane click korun: [URL],True,False
normal,আজকে কি প্ল্যান?,Bengali,আজকে কি প্ল্যান?,False,False
normal,Tumi ki ekhono Bashundhara e thako naki move korcho?,Banglish,Tumi ki ekhono Bashundhara e thako naki move korcho?,False,False
normal,"প্রিয় শিক্ষার্থী, আপনার টিউশন ফি আজ পর্যন্ত ২৪,৫০০.০০ টাকা বকেয়া আছে। (পূর্বের লেট ফাইন ও বকেয়াসহ) চলতি মাসের টিউশন ফি (জরিমানা ছাড়া) ৩০ই সেপ্টেম্বর, ২০২৪ মধ্যে পরিশোধ করুন। বিস্তারিত https://student.iba-du.edu.bd/ লগইন করুন। (IBA)",Bengali,"প্রিয় শিক্ষার্থী, আপনার টিউশন ফি আজ পর্যন্ত ২৪,৫০০.০০ টাকা বকেয়া আছে। (পূর্বের লেট ফাইন ও বকেয়াসহ) চলতি মাসের টিউশন ফি (জরিমানা ছাড়া) ৩০ই সেপ্টেম্বর, ২০২৪ মধ্যে পরিশোধ করুন। বিস্তারিত [URL] লগইন করুন। (IBA)",True,False
normal,"চাচা, আজ জুম্মার নামাজ পড়ে আসলাম। আপনি গেছেন?",Bengali,"চাচা, আজ জুম্মার নামাজ পড়ে আসলাম। আপনি গেছেন?",False,False
normal,"কষ্ট পেয়ো না, আমি আছি তোমার পাশে।",Bengali,"কষ্ট পেয়ো না, আমি আছি তোমার পাশে।",False,False
normal,Lunch কোথায় যাব? I feel like having pizza আজ।,CodeMix,Lunch কোথায় যাব? I feel like having pizza আজ।,False,False
normal,"আজ Sunday, chill করার ইচ্ছে আছে। Movie দেখতে যাবো কি? Weather অনেক সুন্দর এবং mood perfect",CodeMix,"আজ Sunday, chill করার ইচ্ছে আছে। Movie দেখতে যাবো কি? Weather অনেক সুন্দর এবং mood perfect",False,False
normal,আমার একটি সমস্যা আছে।,Bengali,আমার একটি সমস্যা আছে।,False,False
normal,আমি প্রায় weekly একবার field-এ যায়।,CodeMix,আমি প্রায় weekly একবার field-এ যায়।,False,False
normal,শুভ লক্ষ্মী পূজা!,Bengali,শুভ লক্ষ্মী পূজা!,False,False
normal,"Your electricity bill is due TK 950, please pay soon.",English,"Your electricity bill is due TK 950, please pay soon.",False,False
normal,Are you going to watch a movie today?,English,Are you going to watch a movie today?,False,False
normal,How was today's class?,English,How was today's class?,False,False
normal,কেমন যেন তোমার সময় কাটছে?,Bengali,কেমন যেন তোমার সময় কাটছে?,False,False
normal,প্রাণ চলার জন্য আমার প্রিয় জায়গা বার্বিকিউট।,Bengali,প্রাণ চলার জন্য আমার প্রিয় জায়গা বার্বিকিউট।,False,False
normal,"আজ তোমার কাছে আসতে পারবো না? হ্যাঁ, আমি এখানে রয়েছি। আপনি কি চান?",Bengali,"আজ তোমার কাছে আসতে পারবো না? হ্যাঁ, আমি এখানে রয়েছি। আপনি কি চান?",False,False
normal,01738293765 ei number e Rocket e taka pathan.,Banglish,[PHONE] ei number e Rocket e taka pathan.,False,True
normal,"Urgent, কল করো এই নাম্বারে: ০১৮২৭২৮৩৮৭৩",CodeMix,"Urgent, কল করো এই নাম্বারে: [PHONE]",False,True
normal,কি খুব ভালো প্রশ্ন!,Bengali,কি খুব ভালো প্রশ্ন!,False,False
normal,Happy Mahalaya!,English,Happy Mahalaya!,False,False
normal,Ektu age bazar theke shutki niye ashlam. Maa onek happy holo. Tui ki shutki khawa pachondo korish? Amader bari te sobai favorite khabar.,Banglish,Ektu age bazar theke shutki niye ashlam. Maa onek happy holo. Tui ki shutki khawa pachondo korish? Amader bari te sobai favorite khabar.,False,False
normal,"Tomar shamorthyo shimahin, shamne egiye jao.",Banglish,"Tomar shamorthyo shimahin, shamne egiye jao.",False,False
normal,তুমি কি পাহাড়ে যাচ্ছো?,Bengali,তুমি কি পাহাড়ে যাচ্ছো?,False,False
normal,"This is Rakib's number, call 01763839854.",English,"This is Rakib's number, call [PHONE] .",False,True
normal,"কালকে বাজারে গিয়ে সবজি কিনেছি। দাম অনেক বেড়ে গেছে, বিশেষ করে আলু আর পেঁয়াজ।",Bengali,"কালকে বাজারে গিয়ে সবজি কিনেছি। দাম অনেক বেড়ে গেছে, বিশেষ করে আলু আর পেঁয়াজ।",False,False
normal,Good morning! The sunrise over Dhanmondi Lake looks absolutely breathtaking today.,English,Good morning! The sunrise over Dhanmondi Lake looks absolutely breathtaking today.,False,False
normal,Send money via Rocket to number 01729173892.,English,Send money via Rocket to number [PHONE] .,False,True
normal,"Priyo shikkharthi, apnar tuition fee aj porjonto 20,500.00 taka bokeya ache. (Purbobor late fine o bokeyashoho) cholti maser tuition fee (jorimana chhada) 15i September, 2024 moddhe porishod korun. Bistarito https://student.aiub.edu.bd/ login korun. (AIUB)",Banglish,"Priyo shikkharthi, apnar tuition fee aj porjonto 20,500.00 taka bokeya ache. (Purbobor late fine o bokeyashoho) cholti maser tuition fee (jorimana chhada) 15i September, 2024 moddhe porishod korun. Bistarito [URL] login korun. (AIUB)",True,False
normal,Call me quickly at this number 01738293748.,English,Call me quickly at this number [PHONE] .,False,True
normal,তুমি কি আজকে অফিস থেকে তাড়াতাড়ি বের হবে? চল একসাথে চা খাই।,Bengali,তুমি কি আজকে অফিস থেকে তাড়াতাড়ি বের হবে? চল একসাথে চা খাই।,False,False
normal,"আজ তোমার পাশে থাকতে পারছি না, but আমি আছি তোমার পাশে।",CodeMix,"আজ তোমার পাশে থাকতে পারছি না, but আমি আছি তোমার পাশে।",False,False
normal,আমি একটি বিশেষ লোক হিসাবে পরিচিত করে এটি একটি মহান এবং ব্যাপারটির মধ্যে একটি সাথে একটি সমাধান দেওয়া হয়।,Bengali,আমি একটি বিশেষ লোক হিসাবে পরিচিত করে এটি একটি মহান এবং ব্যাপারটির মধ্যে একটি সাথে একটি সমাধান দেওয়া হয়।,False,False
normal,"Exam stress barse, ami raat din study korte hochhi. Tui kemon preparation korchis? Plan kora uchit ek sathe study korar.",Banglish,"Exam stress barse, ami raat din study korte hochhi. Tui kemon preparation korchis? Plan kora uchit ek sathe study korar.",False,False
normal,ami ei bochore onek boi porte chai.,Banglish,ami ei bochore onek boi porte chai.,False,False
normal,"Hi, কি happening?",CodeMix,"Hi, কি happening?",False,False
normal,How is your day going?,English,How is your day going?,False,False
normal,"Hello, ki khobor?",Banglish,"Hello, ki khobor?",False,False
normal,Are you পার্টিতে যাচ্ছো?,CodeMix,Are you পার্টিতে যাচ্ছো?,False,False
normal,আমি আমার house-এ একটি special place রেখে আসতে পারি তা হল button-এর জন্য।,CodeMix,আমি আমার house-এ একটি special place রেখে আসতে পারি তা হল button-এর জন্য।,False,False
normal,"Allah gets angry when you stop praying to Him. Yet when someone prays to a human being, he gets angry. – [Imam Ibn al-Qayyim (Rahimahullah)]",English,"Allah gets angry when you stop praying to Him. Yet when someone prays to a human being, he gets angry. – [Imam Ibn al-Qayyim (Rahimahullah)]",False,False
normal,Apnar puran mobile ta still use koren? Notun ante hobe.,Banglish,Apnar puran mobile ta still use koren? Notun ante hobe.,False,False
normal,শুভ প্রভাত!,Bengali,শুভ প্রভাত!,False,False
normal,Notun restaurant-ta try korechio?,Banglish,Notun restaurant-ta try korechio?,False,False
normal,Movieটা কেমন ছিল? আমি শুনেছি এটা a must-watch film।,CodeMix,Movieটা কেমন ছিল? আমি শুনেছি এটা a must-watch film।,False,False
normal,Eti IQ porikha porbor ekta ongsho.,Banglish,Eti IQ porikha porbor ekta ongsho.,False,False
normal,The new restaurant near our office serves amazing kababs.,English,The new restaurant near our office serves amazing kababs.,False,False
normal,Dinner কোথায় যাব? I feel like having Chinese food আজ।,CodeMix,Dinner কোথায় যাব? I feel like having Chinese food আজ।,False,False
normal,তুমি কি নতুন গানটা শুনেছো? আরিফের কণ্ঠে দারুণ লেগেছে।,Bengali,তুমি কি নতুন গানটা শুনেছো? আরিফের কণ্ঠে দারুণ লেগেছে।,False,False
normal,01729172964 number e rocket e taka pathan.,Banglish,[PHONE] number e rocket e taka pathan.,False,True
normal,কঠোর পরিশ্রমই সাফল্যের চাবিকাঠি।,Bengali,কঠোর পরিশ্রমই সাফল্যের চাবিকাঠি।,False,False
normal,Move forward with confidence.,English,Move forward with confidence.,False,False
normal,০১৬৭২৫৭৩৮৭৩ নাম্বারে দ্রুত বিকাশ করুন।,Bengali,[PHONE] নাম্বারে দ্রুত বিকাশ করুন।,False,True
normal,"Have you read any books before? Yes, I've read many books. What about you?",English,"Have you read any books before? Yes, I've read many books. What about you?",False,False
normal,"Your due TK 6000/-, pay quickly.",English,"Your due TK 6000/-, pay quickly.",False,False
normal,Send money via Rocket to this number: 01927283792,English,Send money via Rocket to this number: [PHONE],False,True
normal,"আপনার son বিপদে, জলদি 01672563891 টাকা পাঠান।",CodeMix,"আপনার son বিপদে, জলদি [PHONE] টাকা পাঠান।",False,True
normal,তোমার পাশে একটি পাথুরি আছে। ধন্যবাদ।,Bengali,তোমার পাশে একটি পাথুরি আছে। ধন্যবাদ।,False,False
normal,আজ Sunday chill করার ইচ্ছে আছে। Movie দেখতে যাবো কি? Weather অনেক সুন্দর,CodeMix,আজ Sunday chill করার ইচ্ছে আছে। Movie দেখতে যাবো কি? Weather অনেক সুন্দর,False,False
normal,আমি যে ব্যাপারটি অনেক দুঃখ পেয়েছি সেটি হল বাসায় থাকা।,Bengali,আমি যে ব্যাপারটি অনেক দুঃখ পেয়েছি সেটি হল বাসায় থাকা।,False,False
normal,Thanks for the thoughtful birthday gift! It's exactly what I needed and wanted.,English,Thanks for the thoughtful birthday gift! It's exactly what I needed and wanted.,False,False
normal,"ভাই, কেমন আছো? অনেকদিন পর তোমার সাথে কথা হচ্ছে।",CodeMix,"ভাই, কেমন আছো? অনেকদিন পর তোমার সাথে কথা হচ্ছে।",False,False
normal,"Tumi nijer upor bishbash rakho, shob kichu shombhob.",Banglish,"Tumi nijer upor bishbash rakho, shob kichu shombhob.",False,False
normal,"Success will come to you, be patient.",English,"Success will come to you, be patient.",False,False
normal,Ha ha ha ভালো joke। Girls অবস্থা investigative।,CodeMix,Ha ha ha ভালো joke। Girls অবস্থা investigative।,False,False
normal,আজ রাতে বন্ধুর সঙ্গে সিনেমা দেখলাম। গল্প দারুণ ছিল।,Bengali,আজ রাতে বন্ধুর সঙ্গে সিনেমা দেখলাম। গল্প দারুণ ছিল।,False,False
normal,তোমার favourite book কোনটা?,CodeMix,তোমার favourite book কোনটা?,False,False
normal,"মামা, Eid gift জন্য কিছু buy করতে হবে। Shall we go together to Bashundhara Shopping Mall? Enjoy shopping and choose gifts wisely",CodeMix,"মামা, Eid gift জন্য কিছু buy করতে হবে। Shall we go together to Bashundhara Shopping Mall? Enjoy shopping and choose gifts wisely",False,False
normal,What is happening? Tell me everything.,English,What is happening? Tell me everything.,False,False
normal,তুমি কি play করছো?,CodeMix,তুমি কি play করছো?,False,False
normal,তোমার জন্য একটি ভালো দিন!,Bengali,তোমার জন্য একটি ভালো দিন!,False,False
normal,আজ রাতে বাংলাদেশ আর শ্রীলঙ্কার ম্যাচ আছে। একসাথে বসে দেখবো নাকি?,Bengali,আজ রাতে বাংলাদেশ আর শ্রীলঙ্কার ম্যাচ আছে। একসাথে বসে দেখবো নাকি?,False,False
normal,Hope you're recovering well from the surgery. Take plenty of rest and don't worry about anything else.,English,Hope you're recovering well from the surgery. Take plenty of rest and don't worry about anything else.,False,False
normal,May all your wishes come true!,English,May all your wishes come true!,False,False
normal,Assalamu Alaikum।,CodeMix,Assalamu Alaikum।,False,False
normal,Happy anniversary! Wishing you both many more years of happiness and love together.,English,Happy anniversary! Wishing you both many more years of happiness and love together.,False,False
normal,"আমি ঠিক আছি, thanks।",CodeMix,"আমি ঠিক আছি, thanks।",False,False
normal,Ajke ki porcho?,Banglish,Ajke ki porcho?,False,False
normal,"আমি book-টি read করতে start করলাম, খুব interesting লাগছে।",CodeMix,"আমি book-টি read করতে start করলাম, খুব interesting লাগছে।",False,False
normal,Kalke adda dite jabi? Coffee House e bose thakte pari.,Banglish,Kalke adda dite jabi? Coffee House e bose thakte pari.,False,False
normal,শুক্রবার কি প্ল্যান?,Bengali,শুক্রবার কি প্ল্যান?,False,False
normal,তুমি কি রবিবার ক্লাসে যাবে? স্যার বলেছে কুইজ নেবে। তাই প্রস্তুতি নিয়ে এসো।,Bengali,তুমি কি রবিবার ক্লাসে যাবে? স্যার বলেছে কুইজ নেবে। তাই প্রস্তুতি নিয়ে এসো।,False,False
normal,"apnar package er delivery aj hobe, 01987654321 ei number e call korun aro tothyer jonno.",Banglish,"apnar package er delivery aj hobe, [PHONE] ei number e call korun aro tothyer jonno.",False,True
normal,This is that I am given a solution that needs to be solved.,English,This is that I am given a solution that needs to be solved.,False,False
normal,শুভ ভালোবাসা দিবস!,Bengali,শুভ ভালোবাসা দিবস!,False,False
normal,Adhika school theke ekta certificate nia ashse for best handwriting. Sobai proud feel korlam.,Banglish,Adhika school theke ekta certificate nia ashse for best handwriting. Sobai proud feel korlam.,False,False
normal,The vacation photos look amazing! Seems like you had a wonderful time at Cox's Bazar.,English,The vacation photos look amazing! Seems like you had a wonderful time at Cox's Bazar.,False,False
normal,"Ajke office theke early leave nibo, bachchader niye park jabo.",Banglish,"Ajke office theke early leave nibo, bachchader niye park jabo.",False,False
normal,"তুমি যা করতে চাইবে, তা পারবে।",Bengali,"তুমি যা করতে চাইবে, তা পারবে।",False,False
normal,"প্রিয় গ্রাহক আপনার কাছে পল্লি বিদ্যুৎ  জামালপুর শাখার পাওনা রয়েছে ৫০৩৮/- টাকা, জলদি পাওনা পরিষোধ না করলে বিদ্যুৎ লাইন বিচ্ছিন্ন করা হবে।",Bengali,"প্রিয় গ্রাহক আপনার কাছে পল্লি বিদ্যুৎ জামালপুর শাখার পাওনা রয়েছে ৫০৩৮/- টাকা, জলদি পাওনা পরিষোধ না করলে বিদ্যুৎ লাইন বিচ্ছিন্ন করা হবে।",False,False
normal,"Call back this number 01782973783, I don't have money",English,"Call back this number [PHONE] , I don't have money",False,True
normal,০১৯২৭২৮৩৮৭১ এই নাম্বারে রকেটে ৫০০ টাকা পাঠান।,Bengali,[PHONE] এই নাম্বারে রকেটে ৫০০ টাকা পাঠান।,False,True
normal,বন্ধুরা কেমন আছ?,CodeMix,বন্ধুরা কেমন আছ?,False,False
normal,"01827283892 ei nambare call korun, joruri.",Banglish,"[PHONE] ei nambare call korun, joruri.",False,True
normal,তোমার goal-এ পৌঁছাতে ধৈর্য ধরো।,CodeMix,তোমার goal-এ পৌঁছাতে ধৈর্য ধরো।,False,False
normal,"বন্ধু, Sunday bike ride plan confirm করেছো কি? Weather perfect, so আমরা early বের হব।",CodeMix,"বন্ধু, Sunday bike ride plan confirm করেছো কি? Weather perfect, so আমরা early বের হব।",False,False
normal,Tomar priyo boi konti? Cyclopaedia. Tumi?,Banglish,Tomar priyo boi konti? Cyclopaedia. Tumi?,False,False
normal,কালকের workshop cancel হয়েছে। নতুন date পরে জানানো হবে। All participants কে inform করতে হবে।,CodeMix,কালকের workshop cancel হয়েছে। নতুন date পরে জানানো হবে। All participants কে inform করতে হবে।,False,False
normal,"Apnar account theke 1000/- taka prodan kora hoyeche, ovijog korte call korun.",Banglish,"Apnar account theke 1000/- taka prodan kora hoyeche, ovijog korte call korun.",False,False
normal,kemon acho?,Banglish,kemon acho?,False,False
normal,"Priyo shikkharthi, apnar tuition fee aj porjonto 24,500.00 taka bokeya ache. (Purber late fine o bokeya shoh) Cholti masher tuition fee (jorimana chara) 30i September, 2024 moddhe porishod korun. Bistarito https://student.iba-du.edu.bd/ login korun. (IBA)",Banglish,"Priyo shikkharthi, apnar tuition fee aj porjonto 24,500.00 taka bokeya ache. (Purber late fine o bokeya shoh) Cholti masher tuition fee (jorimana chara) 30i September, 2024 moddhe porishod korun. Bistarito [URL] login korun. (IBA)",True,False
normal,তুমি কি রেস্টুরেন্টে যাচ্ছো?,Bengali,তুমি কি রেস্টুরেন্টে যাচ্ছো?,False,False
normal,Shukrobar ki plan?,Banglish,Shukrobar ki plan?,False,False
normal,তোমার প্রতিভা অসাধারণ।,Bengali,তোমার প্রতিভা অসাধারণ।,False,False
normal,আমি একটি organization-এর director হিসাবে manage করতে চাই।,CodeMix,আমি একটি organization-এর director হিসাবে manage করতে চাই।,False,False
normal,তুমি কি বইয়ের দোকানে যাচ্ছো?,Bengali,তুমি কি বইয়ের দোকানে যাচ্ছো?,False,False
normal,আজকের আপনার দিন কেমন কাটছে?,Bengali,আজকের আপনার দিন কেমন কাটছে?,False,False
normal,কি খাবে আজ? Fish curry। তুমি কি prefer করো?,CodeMix,কি খাবে আজ? Fish curry। তুমি কি prefer করো?,False,False
normal,Are you listening to music?,English,Are you listening to music?,False,False
normal,Happy Diwali!,English,Happy Diwali!,False,False
normal,shuvo noboborsho!,Banglish,shuvo noboborsho!,False,False
normal,০১৭২৯১৭২৯৪৯ এই নাম্বারে রকেটে টাকা পাঠান।,Bengali,[PHONE] এই নাম্বারে রকেটে টাকা পাঠান।,False,True
normal,Asha kori tomar din-ti bhalo katuk!,Banglish,Asha kori tomar din-ti bhalo katuk!,False,False
normal,০১৯২৭২৮৩৭৯২ এই নাম্বারে রকেটে টাকা পাঠান।,Bengali,[PHONE] এই নাম্বারে রকেটে টাকা পাঠান।,False,True
normal,I want to spend time with my family.,English,I want to spend time with my family.,False,False
normal,"Yes, it was taking us time",English,"Yes, it was taking us time",False,False
normal,Your talent is limitless.,English,Your talent is limitless.,False,False
normal,আমি একটি গল্প পড়তে হবে।,Bengali,আমি একটি গল্প পড়তে হবে।,False,False
normal,তোমার প্রিয় গান কোনটা?,Bengali,তোমার প্রিয় গান কোনটা?,False,False
normal,যে বিষয়ে মনে খটকা লাগে সে বিষয়টা যতটা সম্ভব avoid করুন। – \[Dr. Bilal Phillips],CodeMix,যে বিষয়ে মনে খটকা লাগে সে বিষয়টা যতটা সম্ভব avoid করুন। – \[Dr. Bilal Phillips],False,False
normal,আজকের ক্লাস কেমন হলো?,Bengali,আজকের ক্লাস কেমন হলো?,False,False
normal,What's your favorite book? আমারটা 'Cyclopedia'. তোমারটা?,CodeMix,What's your favorite book? আমারটা 'Cyclopedia'. তোমারটা?,False,False
normal,শুভ Kartik Purnima!,CodeMix,শুভ Kartik Purnima!,False,False
normal,Tomar shob iccha puron hok!,Banglish,Tomar shob iccha puron hok!,False,False
normal,What I got a lot of time is the solution and the value is a great and a popular,English,What I got a lot of time is the solution and the value is a great and a popular,False,False
normal,It's raining heavily outside. Better take an umbrella if you're going out.,English,It's raining heavily outside. Better take an umbrella if you're going out.,False,False
normal,"Urgent, bKash to 01672572938 number.",English,"Urgent, bKash to [PHONE] number.",False,True
normal,Lunch কোথায় খাবো? I feel like having burger আজ।,CodeMix,Lunch কোথায় খাবো? I feel like having burger আজ।,False,False
normal,Morning tea খেয়েছেন কি? I had black coffee আজ।,CodeMix,Morning tea খেয়েছেন কি? I had black coffee আজ।,False,False
normal,Inaya ajke brishtir modhye khelte giye thanda lege geche. Doctor e niye jete hobe shondhay. Amar sathe tui ashbi naki?,Banglish,Inaya ajke brishtir modhye khelte giye thanda lege geche. Doctor e niye jete hobe shondhay. Amar sathe tui ashbi naki?,False,False
normal,০১৬৭২৫৭৩৮৭৯ নাম্বারে দ্রুত বিকাশ করুন।,Bengali,[PHONE] নাম্বারে দ্রুত বিকাশ করুন।,False,True
normal,"Call this number 01672583789, I need money.",English,"Call this number [PHONE] , I need money.",False,True
normal,"Your payment is pending, send money to 01728273819.",English,"Your payment is pending, send money to [PHONE] .",False,True
normal,"তুমি আজকে বাজারে গিয়েছিলে? আমি বিকেলে শাপলা চত্বরের কাছ থেকে সবজি নিয়ে আসবো, চাইলে তোমার জন্যও নিয়ে আসতে পারি।",Bengali,"তুমি আজকে বাজারে গিয়েছিলে? আমি বিকেলে শাপলা চত্বরের কাছ থেকে সবজি নিয়ে আসবো, চাইলে তোমার জন্যও নিয়ে আসতে পারি।",False,False
normal,"Ajke adda cancel korbo, karon matha betha hocche.",Banglish,"Ajke adda cancel korbo, karon matha betha hocche.",False,False
normal,তোমার কি real ভালো লাগছে? আমি আমার বাসায় little time দেওয়া ভালো লাগে।,CodeMix,তোমার কি real ভালো লাগছে? আমি আমার বাসায় little time দেওয়া ভালো লাগে।,False,False
normal,আশা করি তোমার সফলতা হোক!,Bengali,আশা করি তোমার সফলতা হোক!,False,False
normal,"Your electricity bill is due 7200/- taka, urgent.",English,"Your electricity bill is due 7200/- taka, urgent.",False,False
normal,Exam er preparation kemon cholche tomar?,Banglish,Exam er preparation kemon cholche tomar?,False,False
normal,আপনি কি আগামীকাল meeting এ attend করবেন? Please confirm your availability.,CodeMix,আপনি কি আগামীকাল meeting এ attend করবেন? Please confirm your availability.,False,False
normal,I'm learning to play the guitar. It's more difficult than I expected.,English,I'm learning to play the guitar. It's more difficult than I expected.,False,False
normal,"০১৮২৭৩৮২৭৮৫ এই নাম্বারে কল করুন, টাকা দরকার।",Bengali,"[PHONE] এই নাম্বারে কল করুন, টাকা দরকার।",False,True
normal,আমরা পরের সপ্তাহে কক্সবাজার যাওয়ার প্ল্যান করছি। সমুদ্র দেখতে যাওয়ার জন্য সবাই ভীষণ উত্তেজিত।,Bengali,আমরা পরের সপ্তাহে কক্সবাজার যাওয়ার প্ল্যান করছি। সমুদ্র দেখতে যাওয়ার জন্য সবাই ভীষণ উত্তেজিত।,False,False
normal,Kalke bus e ekjon old friend er sathe dekha hoye gelo. Onar sathe ek cup cha kheye onek purono golpo holo.,Banglish,Kalke bus e ekjon old friend er sathe dekha hoye gelo. Onar sathe ek cup cha kheye onek purono golpo holo.,False,False
normal,01972771714 amar ei nambare taka patha,Banglish,[PHONE] amar ei nambare taka patha,False,True
normal,শুভ জন্মদিন অভিনন্দন!,Bengali,শুভ জন্মদিন অভিনন্দন!,False,False
normal,"Be patient, good times will come.",English,"Be patient, good times will come.",False,False
normal,01672573848 number এ call করুন।,CodeMix,[PHONE] number এ call করুন।,False,True
normal,"হাই, কি হচ্ছে?",Bengali,"হাই, কি হচ্ছে?",False,False
normal,Tui keno amar sathe kotha bolte chaina ajkal? Amar kharap lagse. Tui jodi busy thako tao ekta reply dile valo lagto. Ami jani sobai pressure e thake.,Banglish,Tui keno amar sathe kotha bolte chaina ajkal? Amar kharap lagse. Tui jodi busy thako tao ekta reply dile valo lagto. Ami jani sobai pressure e thake.,False,False
normal,I feel like I can't say anything.,English,I feel like I can't say anything.,False,False
normal,"I am fine, আপনি কেমন আছেন?",CodeMix,"I am fine, আপনি কেমন আছেন?",False,False
normal,"Hi Shumi, তুমি কেমন আছো? আজকে coffee খেতে আসো না? অনেক কিছু catch up করতে হবে, তাই time fix করি",CodeMix,"Hi Shumi, তুমি কেমন আছো? আজকে coffee খেতে আসো না? অনেক কিছু catch up করতে হবে, তাই time fix করি",False,False
normal,Life in this world is three days - yesterday's day with what was done is gone; tomorrow's day you may not even reach; but today's day is for you so do whatever you have to do today. -[Imam Al-Hasan Al-Basri (R)],English,Life in this world is three days - yesterday's day with what was done is gone; tomorrow's day you may not even reach; but today's day is for you so do whatever you have to do today. -[Imam Al-Hasan Al-Basri (R)],False,False
normal,Ajke bazar theke notun shobji kinlam. Khub fresh chhilo. Maa ranna kore din ta khub moja kore dilo. Amar din bhalo katlo.,Banglish,Ajke bazar theke notun shobji kinlam. Khub fresh chhilo. Maa ranna kore din ta khub moja kore dilo. Amar din bhalo katlo.,False,False
normal,"আপনার daughter hospital-এ, quickly money পাঠান ০১৮২৮১৭৩৯১২।",CodeMix,"আপনার daughter hospital-এ, quickly money পাঠান [PHONE] ।",False,True
normal,It's very cold today.,English,It's very cold today.,False,False
normal,তুমি কি সিনেমা হলে যাচ্ছো?,Bengali,তুমি কি সিনেমা হলে যাচ্ছো?,False,False
normal,Tumi ki swimming korcho?,Banglish,Tumi ki swimming korcho?,False,False
normal,Kalke Bishwa Ijtema r jam dekhe rastay 3 ghonta atke chilam. Kintu lokjon er majhe shanti dekhe moja laglo. Sobai ek sathe dua kortese.,Banglish,Kalke Bishwa Ijtema r jam dekhe rastay 3 ghonta atke chilam. Kintu lokjon er majhe shanti dekhe moja laglo. Sobai ek sathe dua kortese.,False,False
normal,The morning jog felt refreshing! Thanks for motivating me to start exercising regularly. Feeling great already!,English,The morning jog felt refreshing! Thanks for motivating me to start exercising regularly. Feeling great already!,False,False
normal,Bari te ekta notun bari pacche.,Banglish,Bari te ekta notun bari pacche.,False,False
normal,তুমি কি song শুনছো?,CodeMix,তুমি কি song শুনছো?,False,False
normal,শুভ নববর্ষের অভিনন্দন!,Bengali,শুভ নববর্ষের অভিনন্দন!,False,False
normal,তুমি কি রান্না করছো?,Bengali,তুমি কি রান্না করছো?,False,False
normal,আমাকে urgent call দিন 01738293748 এই number-এ।,CodeMix,আমাকে urgent call দিন [PHONE] এই number-এ।,False,True
normal,01927283871 এই number-এ Rocket-এ 500 টাকা send করুন।,CodeMix,[PHONE] এই number-এ Rocket-এ 500 টাকা send করুন।,False,True
normal,Adhika ajke school theke ekta certificate niya ashse for best handwriting. She khub happy ar sobai ke dekhachilo. Amra proud feel korlam.,Banglish,Adhika ajke school theke ekta certificate niya ashse for best handwriting. She khub happy ar sobai ke dekhachilo. Amra proud feel korlam.,False,False
normal,Send money quickly to this number 01827382739.,English,Send money quickly to this number [PHONE] .,False,True
normal,Good morning! The morning breeze feels wonderful today. Perfect weather for our planned garden work.,English,Good morning! The morning breeze feels wonderful today. Perfect weather for our planned garden work.,False,False
normal,তোমার জন্য একটি গল্প আছে?,Bengali,তোমার জন্য একটি গল্প আছে?,False,False
normal,Happy Kartik Purnima!,English,Happy Kartik Purnima!,False,False
normal,When can you come? I am by your side.,English,When can you come? I am by your side.,False,False
normal,তুমি কি launch terminal এ পৌঁছেছ? Let me know when you board the ferry.,CodeMix,তুমি কি launch terminal এ পৌঁছেছ? Let me know when you board the ferry.,False,False
normal,Say something to me. I like your words.,English,Say something to me. I like your words.,False,False
normal,আজকের lunch time-এ বড় rain হচ্ছে।,CodeMix,আজকের lunch time-এ বড় rain হচ্ছে।,False,False
normal,শুভ Rath Yatra!,CodeMix,শুভ Rath Yatra!,False,False
normal,takaTa bikash ba rocket e diben number 017291828181,Banglish,takaTa bikash ba rocket e diben number [PHONE],False,True
normal,"আমি transport এ উঠেছি, আর সময় লাগবে। Wait for me.",CodeMix,"আমি transport এ উঠেছি, আর সময় লাগবে। Wait for me.",False,False
normal,Looking forward to our trip next month! I've already started packing in my mind.,English,Looking forward to our trip next month! I've already started packing in my mind.,False,False
normal,তুমি কি new market যাবে? I need to buy wedding gifts.,CodeMix,তুমি কি new market যাবে? I need to buy wedding gifts.,False,False
normal,Rate ki khabe?,Banglish,Rate ki khabe?,False,False
normal,"দোস্ত, আজ ফুটবল ম্যাচ দেখবো। তোমার বাসায় আসবো।",Bengali,"দোস্ত, আজ ফুটবল ম্যাচ দেখবো। তোমার বাসায় আসবো।",False,False
normal,"Good night, stay well!",English,"Good night, stay well!",False,False
normal,"Ajker din khub bhalo katlo, karon office er kaj time moto shesh korte parlam. Rasta jam kom chhilo, tai ekdom stress free vabe bari pouchhlam. Amar mone hochhe ekhon ektu relax kora uchit.",Banglish,"Ajker din khub bhalo katlo, karon office er kaj time moto shesh korte parlam. Rasta jam kom chhilo, tai ekdom stress free vabe bari pouchhlam. Amar mone hochhe ekhon ektu relax kora uchit.",False,False
normal,"Ami r shohor ghure ashlam, ekhon khub tired lagche.",Banglish,"Ami r shohor ghure ashlam, ekhon khub tired lagche.",False,False
normal,Send bKash to number 01672572938.,English,Send bKash to number [PHONE] .,False,True
normal,আমি সব time আমার সমস্ত problem-এর জন্য solution দিতে চাই।,CodeMix,আমি সব time আমার সমস্ত problem-এর জন্য solution দিতে চাই।,False,False
normal,"I am getting a message that gives one solution, another solution, and yet another solution.",English,"I am getting a message that gives one solution, another solution, and yet another solution.",False,False
normal,আমার জন্য একটু অপেক্ষা করো। I am running late। 15 minutes এর মধ্যে চলে আসছি।,CodeMix,আমার জন্য একটু অপেক্ষা করো। I am running late। 15 minutes এর মধ্যে চলে আসছি।,False,False
normal,"সময় নাই, তাড়াতাড়ি টাকা পাঠাও, বিকাশ ০১৯৩৭৩৮২৮৯৩।",Bengali,"সময় নাই, তাড়াতাড়ি টাকা পাঠাও, বিকাশ [PHONE] ।",False,True
normal,কবে তোমাকে meeting হবে? আমি এখানে আসতে try করবো। তুমি?,CodeMix,কবে তোমাকে meeting হবে? আমি এখানে আসতে try করবো। তুমি?,False,False
normal,তুমি কি shopping mall-এ যাচ্ছো?,CodeMix,তুমি কি shopping mall-এ যাচ্ছো?,False,False
normal,বাসায় খুব শান্তি আছে।,Bengali,বাসায় খুব শান্তি আছে।,False,False
normal,Tumi kothay acho?,Banglish,Tumi kothay acho?,False,False
normal,Inaya amar sathe ludo kheltese ar unexpected win korlo. Amar khub moja laglo.,Banglish,Inaya amar sathe ludo kheltese ar unexpected win korlo. Amar khub moja laglo.,False,False
normal,Thank you for the lovely gift! It was such a sweet surprise. You're the best!,English,Thank you for the lovely gift! It was such a sweet surprise. You're the best!,False,False
normal,"তুমি একা নও, আমরা সবাই তোমার পাশে আছি।",Bengali,"তুমি একা নও, আমরা সবাই তোমার পাশে আছি।",False,False
normal,tomar porishrom sarthok hobe.,Banglish,tomar porishrom sarthok hobe.,False,False
normal,Prithibir jibonta tin din er– gotokaler din ti te ja kora hoyeche shegulo niye sheti chole geche; agamikaler din ti te hoyto apni na-o pouchte paren; kintu ajker din ti apnar jonno shutorongo ja korar ajei kore nin. -[Imam Al-Hasan Al-Basri (Rh)],Banglish,Prithibir jibonta tin din er– gotokaler din ti te ja kora hoyeche shegulo niye sheti chole geche; agamikaler din ti te hoyto apni na-o pouchte paren; kintu ajker din ti apnar jonno shutorongo ja korar ajei kore nin. -[Imam Al-Hasan Al-Basri (Rh)],False,False
normal,এই যা আমি যে অনেক সময় পেলাম সেটি হল solution এবং মূল্য হল একটি মহান এবং একটি জনপ্রিয়,CodeMix,এই যা আমি যে অনেক সময় পেলাম সেটি হল solution এবং মূল্য হল একটি মহান এবং একটি জনপ্রিয়,False,False
normal,Call this number 01729173849.,English,Call this number [PHONE] .,False,True
normal,Bidyaloyer boi pora khub pochondo.,Banglish,Bidyaloyer boi pora khub pochondo.,False,False
normal,শুভ নববর্ষের congratulations!,CodeMix,শুভ নববর্ষের congratulations!,False,False
normal,The homemade biryani smells amazing! Can't wait to taste it. You're such a great cook.,English,The homemade biryani smells amazing! Can't wait to taste it. You're such a great cook.,False,False
normal,Are you going to the shopping mall?,English,Are you going to the shopping mall?,False,False
normal,"tumi onek shoktishali, tumi parbe.",Banglish,"tumi onek shoktishali, tumi parbe.",False,False
normal,"Sometimes it feels like all this distraction, this mobile internet this online world, everyone has got so inside that it's hard to spend a single day without these",English,"Sometimes it feels like all this distraction, this mobile internet this online world, everyone has got so inside that it's hard to spend a single day without these",False,False
normal,Congratulations on your graduation! So proud of all your hard work and achievements.,English,Congratulations on your graduation! So proud of all your hard work and achievements.,False,False
normal,What is your favorite food?,English,What is your favorite food?,False,False
normal,Hope your medical test results come back normal. I'm sure everything will be fine. Stay positive!,English,Hope your medical test results come back normal. I'm sure everything will be fine. Stay positive!,False,False
normal,"আপনার electricity bill বাকি 950/- taka, তাড়াতাড়ি payment করুন।",CodeMix,"আপনার electricity bill বাকি 950/- taka, তাড়াতাড়ি payment করুন।",False,False
normal,শুভ মহাষ্টমী!,Bengali,শুভ মহাষ্টমী!,False,False
normal,"Hi, ki hocche?",Banglish,"Hi, ki hocche?",False,False
normal,Exam এর জন্য পড়াশোনা কেমন চলছে? I am so stressed about the final।,CodeMix,Exam এর জন্য পড়াশোনা কেমন চলছে? I am so stressed about the final।,False,False
normal,আমার এই নাম্বারে কল করুন ০১৭২৯১৮২৮৯৩।,Bengali,আমার এই নাম্বারে কল করুন [PHONE] ।,False,True
normal,Shubho noboborshher shuvechha!,Banglish,Shubho noboborshher shuvechha!,False,False
normal,বই পড়ার পরিবার নির্মাণের জন্য সময় দিতে চাই।,Bengali,বই পড়ার পরিবার নির্মাণের জন্য সময় দিতে চাই।,False,False
normal,০১৮২৭২৮৩৯৫১ number-এ call করুন।,CodeMix,[PHONE] number-এ call করুন।,False,True
normal,সুপ্রভাত!,Bengali,সুপ্রভাত!,False,False
normal,তোমার health better হয়েছে? Take care and get well soon.,CodeMix,তোমার health better হয়েছে? Take care and get well soon.,False,False
normal,"আপনার পেমেন্ট বাকি রয়েছে, ০১৭২৮২৭৩৮১৯ টাকা পাঠান।",Bengali,"আপনার পেমেন্ট বাকি রয়েছে, [PHONE] টাকা পাঠান।",False,True
normal,"Hi, আমি এখানে।",CodeMix,"Hi, আমি এখানে।",False,False
normal,"Hi Shakib, তুমি কেমন আছো? Let's meet after class এবং নতুন project discuss করি।",CodeMix,"Hi Shakib, তুমি কেমন আছো? Let's meet after class এবং নতুন project discuss করি।",False,False
normal,তুমি কি school-এ যাচ্ছো?,CodeMix,তুমি কি school-এ যাচ্ছো?,False,False
normal,Do you want to come to me?,English,Do you want to come to me?,False,False
normal,"নানি, আপনার স্বাস্থ্য কেমন? ডাক্তারের কাছে গিয়েছিলেন?",Bengali,"নানি, আপনার স্বাস্থ্য কেমন? ডাক্তারের কাছে গিয়েছিলেন?",False,False
normal,তুমি কি sports করছো?,CodeMix,তুমি কি sports করছো?,False,False
normal,তুমি সাফল্যের জন্য তৈরি।,Bengali,তুমি সাফল্যের জন্য তৈরি।,False,False
normal,"Brother, Azhar brother asked to meet you. About M.Phil Synopsis",English,"Brother, Azhar brother asked to meet you. About M.Phil Synopsis",False,False
normal,"দুঃখিত, আমার রুমমেটরা অনেক সময় নিল, এখন যেতে পারি?",Bengali,"দুঃখিত, আমার রুমমেটরা অনেক সময় নিল, এখন যেতে পারি?",False,False
normal,"মা, market থেকে কিছু fruits আনো। আমি cash দিবো। তুমি কি vegetables ও আনবে? Let's coordinate।",CodeMix,"মা, market থেকে কিছু fruits আনো। আমি cash দিবো। তুমি কি vegetables ও আনবে? Let's coordinate।",False,False
normal,Hope তোমার day টা ভালো কাটুক!,CodeMix,Hope তোমার day টা ভালো কাটুক!,False,False
normal,"Ajker puro din ta brishtir moddhe katlam. Office jete jam kom chhilo tai bhalo laglo, kintu rasta ghore pani poray jete kosto hoise. Bari fire eshe ek cup cha kheye relax korlam.",Banglish,"Ajker puro din ta brishtir moddhe katlam. Office jete jam kom chhilo tai bhalo laglo, kintu rasta ghore pani poray jete kosto hoise. Bari fire eshe ek cup cha kheye relax korlam.",False,False
normal,Amar kache kono notun khobor achhe?,Banglish,Amar kache kono notun khobor achhe?,False,False
normal,Byayam korte ovash korte hobe.,Banglish,Byayam korte ovash korte hobe.,False,False
normal,"দিদি, তোমার পড়াশুনা কেমন চলছে? কোন সমস্যা হচ্ছে?",Bengali,"দিদি, তোমার পড়াশুনা কেমন চলছে? কোন সমস্যা হচ্ছে?",False,False
normal,Ki korbe amar shathe bolo. Ami tomar shathe hante chai.,Banglish,Ki korbe amar shathe bolo. Ami tomar shathe hante chai.,False,False
normal,I always want to provide solutions for my problems.,English,I always want to provide solutions for my problems.,False,False
normal,আমি নিজের love এর মধ্যে আছি বলতে পারি।,CodeMix,আমি নিজের love এর মধ্যে আছি বলতে পারি।,False,False
normal,তুমি কি স্কুলে যাচ্ছো?,Bengali,তুমি কি স্কুলে যাচ্ছো?,False,False
normal,Ei ja ami ekta shamadhaan deoya hoy je shamadhaan dite hobe.,Banglish,Ei ja ami ekta shamadhaan deoya hoy je shamadhaan dite hobe.,False,False
normal,Ajke amar choto bon er birthday. Amra choto ekta party korechi bari te. She onek excited chilo gifts receive kore. Tore o invite dite partam jodi tumi kache thakte.,Banglish,Ajke amar choto bon er birthday. Amra choto ekta party korechi bari te. She onek excited chilo gifts receive kore. Tore o invite dite partam jodi tumi kache thakte.,False,False
normal,Morning bus is crowded.,English,Morning bus is crowded.,False,False
normal,Everything will be alright.,English,Everything will be alright.,False,False
normal,আমি সকালে একটি কফি খেয়েছি।,Bengali,আমি সকালে একটি কফি খেয়েছি।,False,False
normal,কেমন চলছে তোমার dayটি?,CodeMix,কেমন চলছে তোমার dayটি?,False,False
normal,আজকে ফেসবুকে একটা দারুণ মজার ভিডিও দেখেছি। পরে তোমাকে শেয়ার করবো।,Bengali,আজকে ফেসবুকে একটা দারুণ মজার ভিডিও দেখেছি। পরে তোমাকে শেয়ার করবো।,False,False
normal,Ei bochor ami onek boi porbo।,CodeMix,Ei bochor ami onek boi porbo।,False,False
normal,শুভ রাত্রি!,Bengali,শুভ রাত্রি!,False,False
normal,New restaurant-টা try করেছো?,CodeMix,New restaurant-টা try করেছো?,False,False
normal,"প্রিয় শিক্ষার্থী, আপনার টিউশন ফি আজ পর্যন্ত ২০,৫০০.০০ টাকা বকেয়া আছে। (পূর্বের লেট ফাইন ও বকেয়াসহ) চলতি মাসের টিউশন ফি (জরিমানা ছাড়া) ১৫ই সেপ্টেম্বর, ২০২৪ মধ্যে পরিশোধ করুন। বিস্তারিত https://student.aiub.edu.bd/ লগইন করুন। (AIUB)",Bengali,"প্রিয় শিক্ষার্থী, আপনার টিউশন ফি আজ পর্যন্ত ২০,৫০০.০০ টাকা বকেয়া আছে। (পূর্বের লেট ফাইন ও বকেয়াসহ) চলতি মাসের টিউশন ফি (জরিমানা ছাড়া) ১৫ই সেপ্টেম্বর, ২০২৪ মধ্যে পরিশোধ করুন। বিস্তারিত [URL] লগইন করুন। (AIUB)",True,False
normal,What's the plan for today?,English,What's the plan for today?,False,False
normal,"আমার প্রিয় বন্ধু রাকিব, তোমার বিয়ের দাওয়াত পেয়ে আমি অত্যন্ত আনন্দিত। এতদিন পর তোমার জীবনে এই সুখের দিন আসার জন্য আমি সত্যিই খুশি। কাল রাতে তোমার মা'র সাথে ফোনে কথা হলো, তিনি অনেক উত্সাহিত এবং ব্যস্ত। বিয়ের সব প্রস্তুতি ঠিকঠাক চলছে তো? আমি আগামী বৃহস্পতিবার রাতেই চট্টগ্রাম থেকে চলে যাবো যাতে শুক্রবার সকালে গায়ে হলুদের অনুষ্ঠানে যোগ দিতে পারি। তোমার জন্য বিশেষ গিফট নিয়ে আসছি, খুশি হবে।",Bengali,"আমার প্রিয় বন্ধু রাকিব, তোমার বিয়ের দাওয়াত পেয়ে আমি অত্যন্ত আনন্দিত। এতদিন পর তোমার জীবনে এই সুখের দিন আসার জন্য আমি সত্যিই খুশি। কাল রাতে তোমার মা'র সাথে ফোনে কথা হলো, তিনি অনেক উত্সাহিত এবং ব্যস্ত। বিয়ের সব প্রস্তুতি ঠিকঠাক চলছে তো? আমি আগামী বৃহস্পতিবার রাতেই চট্টগ্রাম থেকে চলে যাবো যাতে শুক্রবার সকালে গায়ে হলুদের অনুষ্ঠানে যোগ দিতে পারি। তোমার জন্য বিশেষ গিফট নিয়ে আসছি, খুশি হবে।",False,False
normal,Tell me what you want to do with me. I want to walk with you.,English,Tell me what you want to do with me. I want to walk with you.,False,False
normal,তুমি কি work finished? I need help with task.,CodeMix,তুমি কি work finished? I need help with task.,False,False
normal,01827281739 এই number-এ Rocket-এ 500 টাকা দাও।,CodeMix,[PHONE] এই number-এ Rocket-এ 500 টাকা দাও।,False,True
normal,আজকে কি exercise যাবে? Let's go together.,CodeMix,আজকে কি exercise যাবে? Let's go together.,False,False
normal,Send money quickly to this number 01927282893.,English,Send money quickly to this number [PHONE] .,False,True
normal,Tell a story. Just once.,English,Tell a story. Just once.,False,False
normal,"Ajker raat e akash khub sundor, tara pura clear dekhte pacchi. Balcony te boshe cha kheye moja lagche.",Banglish,"Ajker raat e akash khub sundor, tara pura clear dekhte pacchi. Balcony te boshe cha kheye moja lagche.",False,False
normal,Merry Christmas!,English,Merry Christmas!,False,False
normal,ঈদ মোবারক!,Bengali,ঈদ মোবারক!,False,False
normal,"বন্ধু, Sunday picnic এর জন্য plan ঠিক করেছো কি? আমরা early morning বের হবো, Let’s coordinate।",CodeMix,"বন্ধু, Sunday picnic এর জন্য plan ঠিক করেছো কি? আমরা early morning বের হবো, Let’s coordinate।",False,False
normal,"Good night, ভালো থেকো!",CodeMix,"Good night, ভালো থেকো!",False,False
normal,"বন্ধু, picnic plan ঠিক করেছো কি? আমরা early morning বের হবো, Let’s discuss route এবং food arrangement",CodeMix,"বন্ধু, picnic plan ঠিক করেছো কি? আমরা early morning বের হবো, Let’s discuss route এবং food arrangement",False,False
normal,Tumi ki cinema r ticket kincho?,Banglish,Tumi ki cinema r ticket kincho?,False,False
normal,The presentation went really well! The team was impressed with our proposal and gave positive feedback.,English,The presentation went really well! The team was impressed with our proposal and gave positive feedback.,False,False
normal,আমাকে দ্রুত কল দিন ০১৭৩৮২৯৩৭৪৮ এই নাম্বারে।,Bengali,আমাকে দ্রুত কল দিন [PHONE] এই নাম্বারে।,False,True
normal,Kalke school er assembly te Adhika ekta poem recite korlo. She khub confident chhilo ar sobai clap korlo. Amra khub proud feel korlam.,Banglish,Kalke school er assembly te Adhika ekta poem recite korlo. She khub confident chhilo ar sobai clap korlo. Amra khub proud feel korlam.,False,False
normal,Tor chhoto bhai ajke amar sathe football khelar moddhe boro moja korlo. O amar shathe khub friendly hoye jacche.,Banglish,Tor chhoto bhai ajke amar sathe football khelar moddhe boro moja korlo. O amar shathe khub friendly hoye jacche.,False,False
normal,Hope your mother is feeling better today. Sending prayers and positive thoughts for quick recovery.,English,Hope your mother is feeling better today. Sending prayers and positive thoughts for quick recovery.,False,False
normal,Thanks for the delicious biryani recipe. My family loved it!,English,Thanks for the delicious biryani recipe. My family loved it!,False,False
normal,আজ সন্ধ্যায় শাহবাগে দেখা করবো? অনেকদিন আড্ডা হয় না।,Bengali,আজ সন্ধ্যায় শাহবাগে দেখা করবো? অনেকদিন আড্ডা হয় না।,False,False
normal,Ajke amar cousin bari te esechilo. Sobai ek sathe boshe onek moja korlam. Se funny golpo shunalo ar sobai hashchilam.,Banglish,Ajke amar cousin bari te esechilo. Sobai ek sathe boshe onek moja korlam. Se funny golpo shunalo ar sobai hashchilam.,False,False
normal,০১৯২৭৩৮২৮৯৪ নাম্বারে কল করুন।,Bengali,[PHONE] নাম্বারে কল করুন।,False,True
normal,"আম্মু, আমি এইমাত্র অফিস থেকে বের হয়েছি এবং বাসায় ফেরার পথে কিছু জরুরি কাজ সেরে নিতে হবে। প্রথমে ব্যাংকে যাবো কারণ কাল বেতন দিয়েছে, তারপর বাজার করে বাবার জন্য ওষুধ কিনে আসবো। ডাক্তার যে নতুন ওষুধগুলো দিয়েছেন সেগুলো এভিনিউ ফার্মেসিতে পাওয়া যায় কিনা দেখবো। আর হ্যাঁ, আজ রাতে আমার বন্ধু সাদিকের বিয়ের দাওয়াত আছে, তাই একটু দেরি হতে পারে।",Bengali,"আম্মু, আমি এইমাত্র অফিস থেকে বের হয়েছি এবং বাসায় ফেরার পথে কিছু জরুরি কাজ সেরে নিতে হবে। প্রথমে ব্যাংকে যাবো কারণ কাল বেতন দিয়েছে, তারপর বাজার করে বাবার জন্য ওষুধ কিনে আসবো। ডাক্তার যে নতুন ওষুধগুলো দিয়েছেন সেগুলো এভিনিউ ফার্মেসিতে পাওয়া যায় কিনা দেখবো। আর হ্যাঁ, আজ রাতে আমার বন্ধু সাদিকের বিয়ের দাওয়াত আছে, তাই একটু দেরি হতে পারে।",False,False
normal,Ma ekhon kothay? Bazar theke lebu ene deben please.,Banglish,Ma ekhon kothay? Bazar theke lebu ene deben please.,False,False
normal,"Tui ajke dekhechis to, Adhika onek moja kore new rhyme geyeche. She bar bar bole amar school teacher onek bhalo. Amader chhele-meye ra onek fast shikhche, khub valo lagse.",Banglish,"Tui ajke dekhechis to, Adhika onek moja kore new rhyme geyeche. She bar bar bole amar school teacher onek bhalo. Amader chhele-meye ra onek fast shikhche, khub valo lagse.",False,False
normal,What is your favorite festival?,English,What is your favorite festival?,False,False
normal,Send bKash to this number 01672573851.,English,Send bKash to this number [PHONE] .,False,True
normal,"আজ Sunday, chill করার ইচ্ছে আছে। Coffee shop এ যাই কি? Weather sunny এবং mood perfect",CodeMix,"আজ Sunday, chill করার ইচ্ছে আছে। Coffee shop এ যাই কি? Weather sunny এবং mood perfect",False,False
normal,The family reunion was amazing! So good to see everyone after such a long time. Great memories made.,English,The family reunion was amazing! So good to see everyone after such a long time. Great memories made.,False,False
normal,Tui amar message read korso but reply dite deri korli. Amar mone holo tumi busy chile. Jodi amar sathe kotha bolish tahole amar kharap lage na.,Banglish,Tui amar message read korso but reply dite deri korli. Amar mone holo tumi busy chile. Jodi amar sathe kotha bolish tahole amar kharap lage na.,False,False
normal,আজকে কি shopping করতে যাবে?,CodeMix,আজকে কি shopping করতে যাবে?,False,False
normal,"Are you reading your favorite book? Yes, I read famous books.",English,"Are you reading your favorite book? Yes, I read famous books.",False,False
normal,"ভাইয়া, আমার ল্যাপটপ হ্যাং করছে। একটু দেখে দিবেন?",Bengali,"ভাইয়া, আমার ল্যাপটপ হ্যাং করছে। একটু দেখে দিবেন?",False,False
normal,"Bhabi rasanna ta khub bhalo hoyeche, recipe ta diben?",Banglish,"Bhabi rasanna ta khub bhalo hoyeche, recipe ta diben?",False,False
normal,Good morning!,English,Good morning!,False,False
normal,"Weekend e family outing plan kora ache. Dhaka city explore korbo, food ar sightseeing hobe.",Banglish,"Weekend e family outing plan kora ache. Dhaka city explore korbo, food ar sightseeing hobe.",False,False
normal,"Ajke office e manager onek important announcement dilo. Sobai serious chhilo, kintu kichu humor o chhilo.",Banglish,"Ajke office e manager onek important announcement dilo. Sobai serious chhilo, kintu kichu humor o chhilo.",False,False
normal,০১৬৭২৫৮২৯৭৮ এই নাম্বারে রকেটে ২০০ টাকা পাঠান।,Bengali,[PHONE] এই নাম্বারে রকেটে ২০০ টাকা পাঠান।,False,True
normal,তুমি কি আমার কাছে আসতে চাও?,Bengali,তুমি কি আমার কাছে আসতে চাও?,False,False
normal,I want to come home for this journey.,English,I want to come home for this journey.,False,False
normal,বাড়িতে একটি নতুন বাড়ি পাচ্ছে।,Bengali,বাড়িতে একটি নতুন বাড়ি পাচ্ছে।,False,False
normal,Aj ki korbe? Kono notun kono kaj palon korbo. Tumi?,Banglish,Aj ki korbe? Kono notun kono kaj palon korbo. Tumi?,False,False
normal,কি করবে আমার সাথে বলো। আমি তোমার সাথে walk করতে চাই।,CodeMix,কি করবে আমার সাথে বলো। আমি তোমার সাথে walk করতে চাই।,False,False
normal,Chhoto bhai ajke amar sathe football khelar somoy goal korlo. She onek excited hoye amar sathe celebrate korlo. Amar mon khushi hoye gelo.,Banglish,Chhoto bhai ajke amar sathe football khelar somoy goal korlo. She onek excited hoye amar sathe celebrate korlo. Amar mon khushi hoye gelo.,False,False
normal,"Kotha bolte ichche korche, phone korbo ekhon?",Banglish,"Kotha bolte ichche korche, phone korbo ekhon?",False,False
normal,"খালা, আগামী সপ্তাহে আপনার বাসায় বেড়াতে যাবো।",Bengali,"খালা, আগামী সপ্তাহে আপনার বাসায় বেড়াতে যাবো।",False,False
normal,01827283951 number-e call korun.,Banglish,[PHONE] number-e call korun.,False,True
normal,tomar kaj kemon cholche?,Banglish,tomar kaj kemon cholche?,False,False
normal,Ajker rastar jam dekhe amar matha gorom hoye jacchilo. Metro use kore porte gelo ektu bhalo lagse. Bus e jete gele aro deri hoto.,Banglish,Ajker rastar jam dekhe amar matha gorom hoye jacchilo. Metro use kore porte gelo ektu bhalo lagse. Bus e jete gele aro deri hoto.,False,False
normal,তুমি কি গতকাল নতুন সিনেমাটা দেখেছো? সবাই বলছে খুব ভালো হয়েছে।,Bengali,তুমি কি গতকাল নতুন সিনেমাটা দেখেছো? সবাই বলছে খুব ভালো হয়েছে।,False,False
normal,"দোস্ত, আজ বিকেলে ফুটবল খেলা দেখবো। তোমার বাসায় আসবো।",Bengali,"দোস্ত, আজ বিকেলে ফুটবল খেলা দেখবো। তোমার বাসায় আসবো।",False,False
normal,"Kalke shopping korte jabo, tui ashte parbi?",Banglish,"Kalke shopping korte jabo, tui ashte parbi?",False,False
normal,Ajke ki shopping korte jabe?,Banglish,Ajke ki shopping korte jabe?,False,False
normal,Tomar priyo utsob ki?,Banglish,Tomar priyo utsob ki?,False,False
normal,"Bondhu ekhane weather khub thanda, jacket niye asho.",Banglish,"Bondhu ekhane weather khub thanda, jacket niye asho.",False,False
normal,Apnar chele ki valo ache? Onek din dekhi na.,Banglish,Apnar chele ki valo ache? Onek din dekhi na.,False,False
normal,Tumi ki shopping e gesho?,Banglish,Tumi ki shopping e gesho?,False,False
normal,"প্রিয় শিক্ষার্থী, আপনার টিউশন ফি আজ পর্যন্ত ২৭,৯৫০.০০ টাকা বকেয়া আছে। (পূর্বের লেট ফাইন ও বকেয়াসহ) চলতি মাসের টিউশন ফি (জরিমানা ছাড়া) ২২ই সেপ্টেম্বর, ২০২৪ মধ্যে পরিশোধ করুন। বিস্তারিত https://student.northsouth.edu.bd/ লগইন করুন। (North South)",Bengali,"প্রিয় শিক্ষার্থী, আপনার টিউশন ফি আজ পর্যন্ত ২৭,৯৫০.০০ টাকা বকেয়া আছে। (পূর্বের লেট ফাইন ও বকেয়াসহ) চলতি মাসের টিউশন ফি (জরিমানা ছাড়া) ২২ই সেপ্টেম্বর, ২০২৪ মধ্যে পরিশোধ করুন। বিস্তারিত [URL] লগইন করুন। (North South)",True,False
normal,"দোস্ত, আজ আমার জন্মদিন। সন্ধ্যায় পার্টি আছে। আসবে তো?",Bengali,"দোস্ত, আজ আমার জন্মদিন। সন্ধ্যায় পার্টি আছে। আসবে তো?",False,False
normal,আমি সব সময় আমার সমস্যার জন্য সমাধান দিতে চাই।,Bengali,আমি সব সময় আমার সমস্যার জন্য সমাধান দিতে চাই।,False,False
normal,Greetings!,English,Greetings!,False,False
normal,আপনার ভাইকে message পাঠিয়েছেন কি? He didn’t reply yet।,CodeMix,আপনার ভাইকে message পাঠিয়েছেন কি? He didn’t reply yet।,False,False
normal,"Kalke amader plan chilo Bashundhara City shopping jabar, kintu amar khub jor hoye gelo tai jete parlam na. Tore sathe ekdom shopping korte parina. Chai amra abar ekta din fix kori ar boro adda dei.",Banglish,"Kalke amader plan chilo Bashundhara City shopping jabar, kintu amar khub jor hoye gelo tai jete parlam na. Tore sathe ekdom shopping korte parina. Chai amra abar ekta din fix kori ar boro adda dei.",False,False
normal,"বন্ধু, Sunday picnic plan ঠিক করেছো কি? আমরা early morning বের হবো, Let’s discuss route এবং food arrangement",CodeMix,"বন্ধু, Sunday picnic plan ঠিক করেছো কি? আমরা early morning বের হবো, Let’s discuss route এবং food arrangement",False,False
normal,কালকে class এ আসবা তো? Let’s go together বাসা থেকে।,CodeMix,কালকে class এ আসবা তো? Let’s go together বাসা থেকে।,False,False
normal,01827283963 number-এ call করুন।,CodeMix,[PHONE] number-এ call করুন।,False,True
normal,Thanks for the amazing wedding photos! You captured all the beautiful moments perfectly.,English,Thanks for the amazing wedding photos! You captured all the beautiful moments perfectly.,False,False
normal,Bhaiya bhortir jonno ki babar ay er shonod dite i hoy?? Bolben ektu,Banglish,Bhaiya bhortir jonno ki babar ay er shonod dite i hoy?? Bolben ektu,False,False
normal,"তুমি কি meeting টা advance করতে পারবে? I have another commitment, এক ঘণ্টা early হবে?",CodeMix,"তুমি কি meeting টা advance করতে পারবে? I have another commitment, এক ঘণ্টা early হবে?",False,False
normal,Are you going to the city?,English,Are you going to the city?,False,False
normal,Inaya amar sathe cartoon dekhe onek moja korlo. She abar ekta notun gaan shikhse ar amader ke shunalo. Amar din bright hoye gelo.,Banglish,Inaya amar sathe cartoon dekhe onek moja korlo. She abar ekta notun gaan shikhse ar amader ke shunalo. Amar din bright hoye gelo.,False,False
normal,"দাদা, আজ আবহাওয়া খুব খারাপ। বের হওয়ার দরকার নেই।",Bengali,"দাদা, আজ আবহাওয়া খুব খারাপ। বের হওয়ার দরকার নেই।",False,False
normal,Do you have a story for me?,English,Do you have a story for me?,False,False
normal,How can online elections be conducted?,English,How can online elections be conducted?,False,False
normal,আজকে অফিসে ভীষণ ব্যস্ত ছিলাম। দুপুরে ঠিকমতো খেতেও পারিনি। তুমি কেমন আছো?,Bengali,আজকে অফিসে ভীষণ ব্যস্ত ছিলাম। দুপুরে ঠিকমতো খেতেও পারিনি। তুমি কেমন আছো?,False,False
normal,আজকে অনেকদিন পর এক আত্মীয়ের সাথে দেখা হলো। সবাই মিলে আড্ডা দিলাম। ছোটবেলার গল্পগুলো মনে পড়ে যাচ্ছিলো।,Bengali,আজকে অনেকদিন পর এক আত্মীয়ের সাথে দেখা হলো। সবাই মিলে আড্ডা দিলাম। ছোটবেলার গল্পগুলো মনে পড়ে যাচ্ছিলো।,False,False
normal,I'm going to the mall। তুমি কি আমার সাথে আসতে চাও?,CodeMix,I'm going to the mall। তুমি কি আমার সাথে আসতে চাও?,False,False
normal,আজ দুপুরে বাজারে গেলাম। সবজির দাম অনেক বেড়ে গেছে।,Bengali,আজ দুপুরে বাজারে গেলাম। সবজির দাম অনেক বেড়ে গেছে।,False,False
normal,আমি একটি new work start করতে চাই।,CodeMix,আমি একটি new work start করতে চাই।,False,False
normal,"বন্ধু, Sunday picnic এর জন্য plan ঠিক করেছো কি? আমরা early morning বের হব, Let’s discuss route এবং food arrangement",CodeMix,"বন্ধু, Sunday picnic এর জন্য plan ঠিক করেছো কি? আমরা early morning বের হব, Let’s discuss route এবং food arrangement",False,False
normal,Weekend e movie night plan kora holo. Amra ek sathe popcorn banabo ar horror movie dekbo. Tui ready toh?,Banglish,Weekend e movie night plan kora holo. Amra ek sathe popcorn banabo ar horror movie dekbo. Tui ready toh?,False,False
normal,আশা করি তোমার জীবন সমৃদ্ধ হোক!,Bengali,আশা করি তোমার জীবন সমৃদ্ধ হোক!,False,False
normal,শুভ নববর্ষ!,Bengali,শুভ নববর্ষ!,False,False
normal,শুভ ক্রিসমাস!,Bengali,শুভ ক্রিসমাস!,False,False
normal,I want to start a new job.,English,I want to start a new job.,False,False
normal,Ami amar parer jonno na.,Banglish,Ami amar parer jonno na.,False,False
normal,কালকে class এ আসবে? আমরা বাসা থেকে একসাথে যাই। After class coffee খেতে যেতে পারি,CodeMix,কালকে class এ আসবে? আমরা বাসা থেকে একসাথে যাই। After class coffee খেতে যেতে পারি,False,False
normal,"আজকে নতুন রেস্টুরেন্টে খেতে গিয়েছিলাম। খাবারের স্বাদ বেশ ভালো, দামও খুব বেশি না। ভাবছি আবারও যাবো।",Bengali,"আজকে নতুন রেস্টুরেন্টে খেতে গিয়েছিলাম। খাবারের স্বাদ বেশ ভালো, দামও খুব বেশি না। ভাবছি আবারও যাবো।",False,False
normal,Success-এর জন্য তুমি যদি dishonesty-র আশ্রয় নিয়ে থাকো তবে মনে রেখো তুমি successful নও। — Thomas Carlyle,CodeMix,Success-এর জন্য তুমি যদি dishonesty-র আশ্রয় নিয়ে থাকো তবে মনে রেখো তুমি successful নও। — Thomas Carlyle,False,False
normal,Book reading পরিবার construction-এর জন্য time দিতে চাই।,CodeMix,Book reading পরিবার construction-এর জন্য time দিতে চাই।,False,False
normal,তুমি কি রবিবার বাসায় আসবে? মা অনেকদিন ধরে তোমার সাথে দেখা করতে চাচ্ছে।,Bengali,তুমি কি রবিবার বাসায় আসবে? মা অনেকদিন ধরে তোমার সাথে দেখা করতে চাচ্ছে।,False,False
normal,কবে তোমাকে দেখা হবে? আমি এখানে আসতে চেষ্টা করবো। তুমি?,Bengali,কবে তোমাকে দেখা হবে? আমি এখানে আসতে চেষ্টা করবো। তুমি?,False,False
normal,Looking forward to our reunion tomorrow. It's been ages since we all met together.,English,Looking forward to our reunion tomorrow. It's been ages since we all met together.,False,False
normal,মেজবান পাখি পক্ষে প্রিয় প্রেমের একটি দৃশ্য বিশ্বাস করা হয়।,Bengali,মেজবান পাখি পক্ষে প্রিয় প্রেমের একটি দৃশ্য বিশ্বাস করা হয়।,False,False
normal,Kalke amar phone kharap hoye gelo. Repair korte jete holo New Market. Mechanic bolse motherboard change korte hobe.,Banglish,Kalke amar phone kharap hoye gelo. Repair korte jete holo New Market. Mechanic bolse motherboard change korte hobe.,False,False
normal,Barite ekta notun gari ashche.,Banglish,Barite ekta notun gari ashche.,False,False
normal,Call me urgently at this number 01724839856.,English,Call me urgently at this number [PHONE] .,False,True
normal,"Ami office এ busy ছিলাম, but evening free। Shall we meet?",CodeMix,"Ami office এ busy ছিলাম, but evening free। Shall we meet?",False,False
normal,"Hi, কেমন আছো?",CodeMix,"Hi, কেমন আছো?",False,False
normal,01672582978 ei number e rocket e 200 taka pathan.,Banglish,[PHONE] ei number e rocket e 200 taka pathan.,False,True
normal,Send the money via bKash or Rocket to this number: 017291828181,English,Send the money via bKash or Rocket to this number: [PHONE],False,True
normal,Thanks for the wonderful dinner invitation! The food was delicious and the company was even better.,English,Thanks for the wonderful dinner invitation! The food was delicious and the company was even better.,False,False
normal,"Dhorjo dhoro, bhalo shomoy ashbe.",Banglish,"Dhorjo dhoro, bhalo shomoy ashbe.",False,False
normal,"Shukrobar bazar e giye onek taka khoroch hoilo. Shobji, machh, mangsho kina holo. Kintu shob fresh chhilo.",Banglish,"Shukrobar bazar e giye onek taka khoroch hoilo. Shobji, machh, mangsho kina holo. Kintu shob fresh chhilo.",False,False
normal,"Dear student, your tuition fee is due TK32,450.00 till today. (Including previous late fine and dues) Pay the current month's tuition fee (without penalty) by September 10, 2024. For details log in to https://student.iubat.edu.bd/ (IUBAT)",English,"Dear student, your tuition fee is due TK32,450.00 till today. (Including previous late fine and dues) Pay the current month's tuition fee (without penalty) by September 10, 2024. For details log in to [URL] (IUBAT)",True,False
normal,Happy Rathyatra!,English,Happy Rathyatra!,False,False
normal,"আমি CNG এ উঠেছি, আর ৩০ minute লাগবে। Wait at gate number 3.",CodeMix,"আমি CNG এ উঠেছি, আর ৩০ minute লাগবে। Wait at gate number 3.",False,False
normal,"আব্বু, গাড়ির তেল শেষ। কাল সকালে ফিল আপ করে নেবো।",Bengali,"আব্বু, গাড়ির তেল শেষ। কাল সকালে ফিল আপ করে নেবো।",False,False
normal,Ami ekta golpo porte hobe.,Banglish,Ami ekta golpo porte hobe.,False,False
normal,তোমার সাথে দেখা করতে চাই। Can we meet on Sunday?,CodeMix,তোমার সাথে দেখা করতে চাই। Can we meet on Sunday?,False,False
normal,তোমার favorite song কোনটা?,CodeMix,তোমার favorite song কোনটা?,False,False
normal,কেমন আছেন?,Bengali,কেমন আছেন?,False,False
normal,তোমার দিন কেমন গেছে?,Bengali,তোমার দিন কেমন গেছে?,False,False
normal,আজ বিকেলে এক কাপ কফি খেতে খেতে পুরোনো দিনের কথা মনে পড়ছিলো। স্কুল জীবনের আড্ডাগুলো ভীষণ মিস করছি।,Bengali,আজ বিকেলে এক কাপ কফি খেতে খেতে পুরোনো দিনের কথা মনে পড়ছিলো। স্কুল জীবনের আড্ডাগুলো ভীষণ মিস করছি।,False,False
normal,Hope you're feeling better today. Take rest and don't worry about work for now.,English,Hope you're feeling better today. Take rest and don't worry about work for now.,False,False
normal,This is a part of IQ test phase.,English,This is a part of IQ test phase.,False,False
normal,কালকে storm warning আছে। Should we postpone our river trip?,CodeMix,কালকে storm warning আছে। Should we postpone our river trip?,False,False
normal,শুভ নববর্ষের শুভেচ্ছা!,Bengali,শুভ নববর্ষের শুভেচ্ছা!,False,False
normal,আমার নাম্বারে ০১৭৩৬৬৩৭৩৮৭ ফ্লেক্সিলোড করে দাও ৫০০ টাকা,Bengali,আমার নাম্বারে [PHONE] ফ্লেক্সিলোড করে দাও ৫০০ টাকা,False,True
normal,"Don't love like an addict, don't hate anyone destructively. - [Umar ibn al-Khattab (RA)]",English,"Don't love like an addict, don't hate anyone destructively. - [Umar ibn al-Khattab (RA)]",False,False
normal,01728291765 ei number-e rocket-e 500 taka dao.,Banglish,[PHONE] ei number-e rocket-e 500 taka dao.,False,True
normal,তুমি কি শপিং মলে যাচ্ছো?,Bengali,তুমি কি শপিং মলে যাচ্ছো?,False,False
normal,Birds sing beautifully in trees.,English,Birds sing beautifully in trees.,False,False
normal,"রহিম, তোমার projector টা কি আমি borrow করতে পারি? I need it for presentation.",CodeMix,"রহিম, তোমার projector টা কি আমি borrow করতে পারি? I need it for presentation.",False,False
normal,তুমি কি কাল সকালে ক্লাসে যাবে? স্যার কুইজ নেবেন বলে শুনেছি।,Bengali,তুমি কি কাল সকালে ক্লাসে যাবে? স্যার কুইজ নেবেন বলে শুনেছি।,False,False
normal,Happy wedding anniversary!,English,Happy wedding anniversary!,False,False
normal,01672573873 number e druto bikash korun.,Banglish,[PHONE] number e druto bikash korun.,False,True
normal,তোমাদের দিন কেমন কাটছে?,Bengali,তোমাদের দিন কেমন কাটছে?,False,False
normal,"আমি ভালো আছি, thanks।",CodeMix,"আমি ভালো আছি, thanks।",False,False
normal,আমার house-এর আশেপাশে flowers ফোটে আছে।,CodeMix,আমার house-এর আশেপাশে flowers ফোটে আছে।,False,False
normal,আজ কি movie দেখবে?,CodeMix,আজ কি movie দেখবে?,False,False
normal,Office থেকে কখন বের হবা? Let's catch up for coffee later today।,CodeMix,Office থেকে কখন বের হবা? Let's catch up for coffee later today।,False,False
normal,Thank you for the delicious homemade cookies! They were absolutely perfect with tea.,English,Thank you for the delicious homemade cookies! They were absolutely perfect with tea.,False,False
normal,The weather is perfect for a picnic. Should we plan something for this weekend at Suhrawardy Park?,English,The weather is perfect for a picnic. Should we plan something for this weekend at Suhrawardy Park?,False,False
normal,Tumi kokhon ashte parbo? Ami apnar pashe royechi.,Banglish,Tumi kokhon ashte parbo? Ami apnar pashe royechi.,False,False
normal,The book club meeting was fantastic! Great discussion about the novel. Can't wait for next month's selection.,English,The book club meeting was fantastic! Great discussion about the novel. Can't wait for next month's selection.,False,False
normal,"Kalke rasta e onek traffic chhilo, kintu ek cup coffee kheye patience maintain korte parlam.",Banglish,"Kalke rasta e onek traffic chhilo, kintu ek cup coffee kheye patience maintain korte parlam.",False,False
normal,আজ বিকেলে পার্কে হাঁটতে গিয়েছিলাম। ঠাণ্ডা বাতাসে হাঁটা খুবই আরামদায়ক ছিল। অনেকদিন পর ভালো লাগলো।,Bengali,আজ বিকেলে পার্কে হাঁটতে গিয়েছিলাম। ঠাণ্ডা বাতাসে হাঁটা খুবই আরামদায়ক ছিল। অনেকদিন পর ভালো লাগলো।,False,False
normal,Kani ajke chhoto ekta chobi ankse. She ta fridge e lagano hoyeche. Khub cute lagse.,Banglish,Kani ajke chhoto ekta chobi ankse. She ta fridge e lagano hoyeche. Khub cute lagse.,False,False
normal,Call this number 01927289372.,English,Call this number [PHONE] .,False,True
normal,Je bishoye mone khotka lage se bishoyta joto ta somvob eire cholun. – [Dr. Bilal Philips],Banglish,Je bishoye mone khotka lage se bishoyta joto ta somvob eire cholun. – [Dr. Bilal Philips],False,False
normal,Training session reschedule হয়েছে। নতুন date পরে 알려বো। Please inform all teammates এবং adjust করুন accordingly,CodeMix,Training session reschedule হয়েছে। নতুন date পরে 알려বো। Please inform all teammates এবং adjust করুন accordingly,False,False
normal,Ki khobor?,Banglish,Ki khobor?,False,False
normal,"বোন, আগামীকাল তোমার জন্মদিন। কি গিফট চাও?",Bengali,"বোন, আগামীকাল তোমার জন্মদিন। কি গিফট চাও?",False,False
normal,Are you খেলা দেখছো?,CodeMix,Are you খেলা দেখছো?,False,False
normal,"No time, send money to this number: 01729182893.",English,"No time, send money to this number: [PHONE] .",False,True
normal,০১৬৭২৫৭২৯৩৮ number-এ bKash করুন।,CodeMix,[PHONE] number-এ bKash করুন।,False,True
normal,Will you go shopping today?,English,Will you go shopping today?,False,False
normal,"দাদা, আপনার অ্যাপয়েন্টমেন্ট কাল সকাল ১০টায়। ভুলে যাবেন না।",Bengali,"দাদা, আপনার অ্যাপয়েন্টমেন্ট কাল সকাল ১০টায়। ভুলে যাবেন না।",False,False
normal,I went to brown something at noon.,English,I went to brown something at noon.,False,False
normal,"Shafollota tomar dike ashbe, dhairjo dharo.",Banglish,"Shafollota tomar dike ashbe, dhairjo dharo.",False,False
normal,এমন কারো সঙ্গী হোন যিনি আপনাকে আল্লাহর কথা স্মরণ করিয়ে দেন। – [Dr. Bilal Philips],CodeMix,এমন কারো সঙ্গী হোন যিনি আপনাকে আল্লাহর কথা স্মরণ করিয়ে দেন। – [Dr. Bilal Philips],False,False
normal,"বন্ধু, পরীক্ষার প্রস্তুতি কেমন? গণিতের কোন টপিক কঠিন লাগছে?",Bengali,"বন্ধু, পরীক্ষার প্রস্তুতি কেমন? গণিতের কোন টপিক কঠিন লাগছে?",False,False
normal,Tomar courage অসাধারণ।,CodeMix,Tomar courage অসাধারণ।,False,False
normal,Kalke friend circle er shathe adda dite giyechilam Coffee House e. Khub moja holo. Tore miss korlam oikhane.,Banglish,Kalke friend circle er shathe adda dite giyechilam Coffee House e. Khub moja holo. Tore miss korlam oikhane.,False,False
normal,Sea-তে travel করতে ভালো লাগে।,CodeMix,Sea-তে travel করতে ভালো লাগে।,False,False
normal,Cricket khelbo ajke bikele? Ground book korechi already.,Banglish,Cricket khelbo ajke bikele? Ground book korechi already.,False,False
normal,আজ সকালে ঘুম থেকে উঠে দেখি বৃষ্টি হচ্ছে। চা বানিয়ে বারান্দায় বসে গান শুনছিলাম। সারাদিন এভাবেই কাটতে ইচ্ছে করছিল।,Bengali,আজ সকালে ঘুম থেকে উঠে দেখি বৃষ্টি হচ্ছে। চা বানিয়ে বারান্দায় বসে গান শুনছিলাম। সারাদিন এভাবেই কাটতে ইচ্ছে করছিল।,False,False
normal,baromash-er bondhuder shonge adda dite jacchi.,Banglish,baromash-er bondhuder shonge adda dite jacchi.,False,False
normal,Tomar ekta kotha bolo. Tomar kotha bhalo lage.,Banglish,Tomar ekta kotha bolo. Tomar kotha bhalo lage.,False,False
normal,"আপা, আজ রাতে আমার বন্ধুরা আসবে। একটু বেশি রান্না করবেন।",Bengali,"আপা, আজ রাতে আমার বন্ধুরা আসবে। একটু বেশি রান্না করবেন।",False,False
normal,Exam er preparation cholse khub tough. Sobai rat jage pore. Amar matha ekhono stable ache but tension hochhe. Tui preparation kemon kortecho?,Banglish,Exam er preparation cholse khub tough. Sobai rat jage pore. Amar matha ekhono stable ache but tension hochhe. Tui preparation kemon kortecho?,False,False
normal,Lunch-এ একটি brown করতে গিয়েছি।,CodeMix,Lunch-এ একটি brown করতে গিয়েছি।,False,False
normal,"নানু, আজ আপনার কাছে বেড়াতে যাবো। কিছু লাগবে?",Bengali,"নানু, আজ আপনার কাছে বেড়াতে যাবো। কিছু লাগবে?",False,False
normal,"I won't worry too much, everything will be fine.",English,"I won't worry too much, everything will be fine.",False,False
normal,Good night!,English,Good night!,False,False
normal,আজকে morning tea খেয়েছেন? I had black coffee today।,CodeMix,আজকে morning tea খেয়েছেন? I had black coffee today।,False,False
normal,সপ্তাহান্তে বন্ধুদের সঙ্গে পিকনিকে যাব।,Bengali,সপ্তাহান্তে বন্ধুদের সঙ্গে পিকনিকে যাব।,False,False
normal,01672563741 ei number e taka patha.,Banglish,[PHONE] ei number e taka patha.,False,True
normal,"হ্যালো, কেমন আছেন আপনি?",Bengali,"হ্যালো, কেমন আছেন আপনি?",False,False
normal,তোমার প্রিয় বই কোনটা?,Bengali,তোমার প্রিয় বই কোনটা?,False,False
normal,Bondhu hochhe kemne? Family sob thik ache?,Banglish,Bondhu hochhe kemne? Family sob thik ache?,False,False
normal,"০১৬৭২৫৮৩৭৮৯ নাম্বারে কল করুন, আমার টাকা দরকার।",Bengali,"[PHONE] নাম্বারে কল করুন, আমার টাকা দরকার।",False,True
normal,"তুমি একা নও, আমি আছি।",Bengali,"তুমি একা নও, আমি আছি।",False,False
normal,Kal rate ki korecho?,Banglish,Kal rate ki korecho?,False,False
normal,আমি এ matter-এ optimistic যে protest goal মোটেও আবার protest ডেকে আনা নয়। বরং protest এর goal হলো new কিছু এনে change সাধন করা। — Dre McKeson,CodeMix,আমি এ matter-এ optimistic যে protest goal মোটেও আবার protest ডেকে আনা নয়। বরং protest এর goal হলো new কিছু এনে change সাধন করা। — Dre McKeson,False,False
normal,"ভাই, 
Azhar ভাই আপনার সাথে meet করতে বললো। M. Phil-এর synopsis নিয়ে ",CodeMix,"ভাই, Azhar ভাই আপনার সাথে meet করতে বললো। M. Phil-এর synopsis নিয়ে",False,False
normal,"Apni jodi Islam ke chorcha na koren, doya kore Islam shomporke kichu bolte ashben na! -[Dr: Zakir Nayek]",Banglish,"Apni jodi Islam ke chorcha na koren, doya kore Islam shomporke kichu bolte ashben na! -[Dr: Zakir Nayek]",False,False
normal,Bhalo shomoy abar ashbe.,Banglish,Bhalo shomoy abar ashbe.,False,False
normal,Happy Bijoya Dashami!,English,Happy Bijoya Dashami!,False,False
normal,"Dear customer, আপনার electricity bill বাকি রয়েছে ৩০৪৫/- টাকা, quickly payment করুন।",CodeMix,"Dear customer, আপনার electricity bill বাকি রয়েছে ৩০৪৫/- টাকা, quickly payment করুন।",False,False
normal,When will we meet? I will try to come here. You?,English,When will we meet? I will try to come here. You?,False,False
normal,কালকে seminar টা কখন শুরু হবে? Please send the schedule.,CodeMix,কালকে seminar টা কখন শুরু হবে? Please send the schedule.,False,False
normal,What are you doing tomorrow?,English,What are you doing tomorrow?,False,False
normal,বিদ্যুতের চালার প্রয়োগ করা হয়।,Bengali,বিদ্যুতের চালার প্রয়োগ করা হয়।,False,False
normal,কেমন আছে তোমাদের পরিবার?,Bengali,কেমন আছে তোমাদের পরিবার?,False,False
normal,আমি আমার family এর সঙ্গে time কাটাতে চাই।,CodeMix,আমি আমার family এর সঙ্গে time কাটাতে চাই।,False,False
normal,কেমন আছে আপনার day-টি?,CodeMix,কেমন আছে আপনার day-টি?,False,False
normal,Send TK 200 to this number via Rocket: 01672582978,English,Send TK 200 to this number via Rocket: [PHONE],False,True
normal,তুমি কি বইয়ের shop-এ যাচ্ছো?,CodeMix,তুমি কি বইয়ের shop-এ যাচ্ছো?,False,False
normal,"আমি market এ যাচ্ছি, need anything? Let me know quickly.",CodeMix,"আমি market এ যাচ্ছি, need anything? Let me know quickly.",False,False
normal,এটা সালিমের নাম্বার ওকে কল দিস আসার সময় ০১৭৩৮৮৩৮৮৩৮,Bengali,এটা সালিমের নাম্বার ওকে কল দিস আসার সময় [PHONE],False,True
normal,"Tumi ja korte paro, ta oshsadaron.",Banglish,"Tumi ja korte paro, ta oshsadaron.",False,False
normal,"Tomake khub miss korchi, kokhon ashbe Dhaka te?",Banglish,"Tomake khub miss korchi, kokhon ashbe Dhaka te?",False,False
normal,"আজকে অনেকদিন পর পুরোনো বন্ধুদের সাথে দেখা হলো। সবাই মিলে আড্ডা, গল্প আর হাসি-মজায় সময়টা অসাধারণ কাটলো।",Bengali,"আজকে অনেকদিন পর পুরোনো বন্ধুদের সাথে দেখা হলো। সবাই মিলে আড্ডা, গল্প আর হাসি-মজায় সময়টা অসাধারণ কাটলো।",False,False
normal,"তোমার সামর্থ্য সীমাহীন, সামনে এগিয়ে যাও।",Bengali,"তোমার সামর্থ্য সীমাহীন, সামনে এগিয়ে যাও।",False,False
normal,What is your favorite season?,English,What is your favorite season?,False,False
normal,বিকেলে কি করছো?,Bengali,বিকেলে কি করছো?,False,False
normal,"Ajker akash khub clear, tara pura dekhte pacchi. Balcony te cha kheye relax korchi.",Banglish,"Ajker akash khub clear, tara pura dekhte pacchi. Balcony te cha kheye relax korchi.",False,False
normal,তুমি কি সমুদ্রে যাচ্ছো?,Bengali,তুমি কি সমুদ্রে যাচ্ছো?,False,False
normal,"Ei number-e 2000/- taka pathao 01739838883, bKash Rocket ba Nogod-e",Banglish,"Ei number-e 2000/- taka pathao [PHONE] , bKash Rocket ba Nogod-e",False,True
normal,I want to celebrate a new time with my family.,English,I want to celebrate a new time with my family.,False,False
normal,Ajke Bangladesh cricket match jitse West Indies er against. Sobai excitement e cheer korse. Amar khub bhalo lagse dekhe.,Banglish,Ajke Bangladesh cricket match jitse West Indies er against. Sobai excitement e cheer korse. Amar khub bhalo lagse dekhe.,False,False
normal,Online e nirbachon kibhabe kora jabe,Banglish,Online e nirbachon kibhabe kora jabe,False,False
normal,"Beshi chinta korbo na, shob thik hobe.",Banglish,"Beshi chinta korbo na, shob thik hobe.",False,False
normal,Apnar jonno ekti golpo ache?,Banglish,Apnar jonno ekti golpo ache?,False,False
normal,"You can do it, just keep at it.",English,"You can do it, just keep at it.",False,False
normal,কি করবে তুমি?,Bengali,কি করবে তুমি?,False,False
normal,Congratulations on your new baby! Both mother and child are healthy. Such wonderful news for the family!,English,Congratulations on your new baby! Both mother and child are healthy. Such wonderful news for the family!,False,False
normal,আপনি কি চিন্তা করছেন?,Bengali,আপনি কি চিন্তা করছেন?,False,False
normal,"Patience রাখো, ভালো time আসবে।",CodeMix,"Patience রাখো, ভালো time আসবে।",False,False
normal,"Hi, I'm here.",English,"Hi, I'm here.",False,False
normal,"Hello, kemon achhen?",CodeMix,"Hello, kemon achhen?",False,False
normal,"Ajke shokale khub brishti porse, college e jete parini.",Banglish,"Ajke shokale khub brishti porse, college e jete parini.",False,False
normal,Mejban pakhi pokkhe priyo premer ekti drishyo bishwas kora hoy.,Banglish,Mejban pakhi pokkhe priyo premer ekti drishyo bishwas kora hoy.,False,False
normal,There are flowers blooming around my house.,English,There are flowers blooming around my house.,False,False
normal,Are you going to the gym?,English,Are you going to the gym?,False,False
normal,Ami ajke boro diner por gym e giyechhi. Exercise kora khub hard lagse but abar fresh laglo. Tor sathe next time jabo.,Banglish,Ami ajke boro diner por gym e giyechhi. Exercise kora khub hard lagse but abar fresh laglo. Tor sathe next time jabo.,False,False
normal,How is your time passing?,English,How is your time passing?,False,False
normal,আত্মবিশ্বাস নিয়ে সামনে এগিয়ে যাও।,Bengali,আত্মবিশ্বাস নিয়ে সামনে এগিয়ে যাও।,False,False
normal,Happy New Year-র wishes!,CodeMix,Happy New Year-র wishes!,False,False
normal,I really like reading school books.,English,I really like reading school books.,False,False
normal,"Hi Rafiq, কালকের meeting time confirm করেছো কি? Planning করতে চাই, so kindly reply asap",CodeMix,"Hi Rafiq, কালকের meeting time confirm করেছো কি? Planning করতে চাই, so kindly reply asap",False,False
normal,Ajke class test unexpected easy hoilo. Sob question common chhilo. Amar matha relax hoye gelo.,Banglish,Ajke class test unexpected easy hoilo. Sob question common chhilo. Amar matha relax hoye gelo.,False,False
normal,How far is your home?,English,How far is your home?,False,False
normal,What are you planning to do?,CodeMix,What are you planning to do?,False,False
normal,কালকের training session cancel হয়েছে। নতুন date পরে জানানো হবে। Please inform all teammates এবং reschedule করুন,CodeMix,কালকের training session cancel হয়েছে। নতুন date পরে জানানো হবে। Please inform all teammates এবং reschedule করুন,False,False
normal,Tumi ki pahaare jachho?,Banglish,Tumi ki pahaare jachho?,False,False
normal,এই যা কোন অন্য জন্য এটির জন্য না কেন সেটি বিশেষ হলো তাই আমি এটি বলতে চাই।,Bengali,এই যা কোন অন্য জন্য এটির জন্য না কেন সেটি বিশেষ হলো তাই আমি এটি বলতে চাই।,False,False
normal,তুমি কি park-এ যাচ্ছো?,CodeMix,তুমি কি park-এ যাচ্ছো?,False,False
normal,সকাল সকাল ঘুম ভাঙলো। জানালার বাইরে প্রচুর বৃষ্টি হচ্ছে। মনে হচ্ছে আজকে বাইরে যাওয়া ঠিক হবে না।,Bengali,সকাল সকাল ঘুম ভাঙলো। জানালার বাইরে প্রচুর বৃষ্টি হচ্ছে। মনে হচ্ছে আজকে বাইরে যাওয়া ঠিক হবে না।,False,False
normal,"01873827384 ei number-e call korun, jururi.",Banglish,"[PHONE] ei number-e call korun, jururi.",False,True
normal,কাল রাতে বাংলাদেশ আর ভারতের খেলা দেখলাম। ম্যাচটা একেবারে উত্তেজনাপূর্ণ ছিল।,Bengali,কাল রাতে বাংলাদেশ আর ভারতের খেলা দেখলাম। ম্যাচটা একেবারে উত্তেজনাপূর্ণ ছিল।,False,False
normal,আমি wrong মনে হয় এবং আমি এটি solve করতে চাই।,CodeMix,আমি wrong মনে হয় এবং আমি এটি solve করতে চাই।,False,False
normal,Good times will come again.,English,Good times will come again.,False,False
normal,"Believe in yourself, everything is possible.",English,"Believe in yourself, everything is possible.",False,False
normal,"সাহস রেখো, success তোমার অপেক্ষায়।",CodeMix,"সাহস রেখো, success তোমার অপেক্ষায়।",False,False
normal,Ajker dinner e chicken roast banano hoilo. Sobai sathe boshe moja kore kheyechi. Maa’r haater ranna ekdom special.,Banglish,Ajker dinner e chicken roast banano hoilo. Sobai sathe boshe moja kore kheyechi. Maa’r haater ranna ekdom special.,False,False
normal,০১৮২৭২৮৩৯৬২ নাম্বারে কল করুন।,Bengali,[PHONE] নাম্বারে কল করুন।,False,True
normal,"Apnar payment baki 800/- taka, druto porishod korun.",Banglish,"Apnar payment baki 800/- taka, druto porishod korun.",False,False
normal,তোমার প্রিয় জায়গা কোথায়?,Bengali,তোমার প্রিয় জায়গা কোথায়?,False,False
normal,"আজকে আমি tired, can we reschedule our plan?",CodeMix,"আজকে আমি tired, can we reschedule our plan?",False,False
normal,"Ajker din ta puro busy chhilo university er assignments complete korte giye. Rasta jam chhilo, kintu matha clear kore kaj shesh korte parlam.",Banglish,"Ajker din ta puro busy chhilo university er assignments complete korte giye. Rasta jam chhilo, kintu matha clear kore kaj shesh korte parlam.",False,False
normal,"রাগ করে কখনো loved one-কে কষ্ট দিতে নেই। রাগ কমিয়ে বেশি ignore করতে নেই, ভালোবাসার মানুষকে। এতে করে life-এর সবচেয়ে valuable জিনিস, loved one-কে হারাতে হয়।",CodeMix,"রাগ করে কখনো loved one-কে কষ্ট দিতে নেই। রাগ কমিয়ে বেশি ignore করতে নেই, ভালোবাসার মানুষকে। এতে করে life-এর সবচেয়ে valuable জিনিস, loved one-কে হারাতে হয়।",False,False
normal,তুমি কি ট্রেনে যাচ্ছো?,Bengali,তুমি কি ট্রেনে যাচ্ছো?,False,False
normal,House-এ একটি নতুন car আসছে।,CodeMix,House-এ একটি নতুন car আসছে।,False,False
normal,"Jururi, 01672572938 number-e bKash korun.",Banglish,"Jururi, [PHONE] number-e bKash korun.",False,True
normal,Aj khub thanda hochche.,Banglish,Aj khub thanda hochche.,False,False
normal,আসসালামুয়ালাইকুম।,Bengali,আসসালামুয়ালাইকুম।,False,False
normal,Did you finish the assignment? I'm struggling with the last question.,English,Did you finish the assignment? I'm struggling with the last question.,False,False
normal,What can I do?,English,What can I do?,False,False
normal,তুমি কি book পড়ছো?,CodeMix,তুমি কি book পড়ছো?,False,False
normal,শুভ বিজয়া দশমী!,Bengali,শুভ বিজয়া দশমী!,False,False
normal,"I am fine, thank you.",English,"I am fine, thank you.",False,False
normal,"Bhai khana kheyecho? Ami ekhon office theke berochhi, raste dekha hobe?",Banglish,"Bhai khana kheyecho? Ami ekhon office theke berochhi, raste dekha hobe?",False,False
normal,০১৭৩৮২৯৩৭৬৫ এই নাম্বারে রকেটে টাকা পাঠান।,Bengali,[PHONE] এই নাম্বারে রকেটে টাকা পাঠান।,False,True
normal,তুমি কি college-এ যাচ্ছো?,CodeMix,তুমি কি college-এ যাচ্ছো?,False,False
normal,Send money to my number 01972771714,English,Send money to my number [PHONE],False,True
normal,Tomar protibha osadharon.,Banglish,Tomar protibha osadharon.,False,False
normal,আমি যে অনেক sadness এবং reasons পেয়েছি সেটি হল special time সম্পর্কে আমি আবার বলতে চাই।,CodeMix,আমি যে অনেক sadness এবং reasons পেয়েছি সেটি হল special time সম্পর্কে আমি আবার বলতে চাই।,False,False
normal,সব কিছু ঠিক হয়ে যাবে।,Bengali,সব কিছু ঠিক হয়ে যাবে।,False,False
normal,শুভ Kolkata-র কল্যাণ fair!,CodeMix,শুভ Kolkata-র কল্যাণ fair!,False,False
normal,০১৬৭২৫৮৩৯৮৭ নাম্বারে টাকা পাঠাও।,Bengali,[PHONE] নাম্বারে টাকা পাঠাও।,False,True
normal,"Apnar account theke 2000/- taka kata hoyeche, bistareet jante call korun.",Banglish,"Apnar account theke 2000/- taka kata hoyeche, bistareet jante call korun.",False,False
normal,"Emon du'ti niyamot ache, je du'tote odhikangsho manush khotigrosto. Ta hocche, shushthota ar oboshor. - [Muhammad (Sa)]",Banglish,"Emon du'ti niyamot ache, je du'tote odhikangsho manush khotigrosto. Ta hocche, shushthota ar oboshor. - [Muhammad (Sa)]",False,False
normal,Aj belay ami school e giyechilam.,Banglish,Aj belay ami school e giyechilam.,False,False
normal,Did you see the news about the new metro rail? Exciting times!,English,Did you see the news about the new metro rail? Exciting times!,False,False
normal,Ami shob shomoy amar shomoshyar jonno shomadhan dite chai.,Banglish,Ami shob shomoy amar shomoshyar jonno shomadhan dite chai.,False,False
normal,সকালটা ভালো গেল? My morning was hectic।,CodeMix,সকালটা ভালো গেল? My morning was hectic।,False,False
normal,তুমি কি launch ghat এ পৌঁছেছ? Let me know when boat arrives.,CodeMix,তুমি কি launch ghat এ পৌঁছেছ? Let me know when boat arrives.,False,False
normal,আজ bike ride করতে যাই? Weather অনেক সুন্দর। তুমি join করছো কি? Let’s meet at usual spot ৬:৩০ am,CodeMix,আজ bike ride করতে যাই? Weather অনেক সুন্দর। তুমি join করছো কি? Let’s meet at usual spot ৬:৩০ am,False,False
normal,I want to organize a conference of a new institution.,English,I want to organize a conference of a new institution.,False,False
normal,"আপনি যদি ইসলামকে চর্চা না করেন, দয়াকরে ইসলাম সম্পর্কে কিছু বলতে আসবেন না! -[ডা: জাকির নায়িক]",Bengali,"আপনি যদি ইসলামকে চর্চা না করেন, দয়াকরে ইসলাম সম্পর্কে কিছু বলতে আসবেন না! -[ডা: জাকির নায়িক]",False,False
normal,The homemade sweets were delicious! Grandma's recipe always brings back such wonderful childhood memories.,English,The homemade sweets were delicious! Grandma's recipe always brings back such wonderful childhood memories.,False,False
normal,Happy birthday! Hope you have a wonderful day filled with joy and laughter.,English,Happy birthday! Hope you have a wonderful day filled with joy and laughter.,False,False
normal,Call number 01827283951.,English,Call number [PHONE] .,False,True
normal,তোমার প্রিয় রঙ কি?,Bengali,তোমার প্রিয় রঙ কি?,False,False
normal,Call me at this number 01729182893.,English,Call me at this number [PHONE] .,False,True
normal,০১৭২৯১৭৩৮৪৯ এই নাম্বারে কল করুন।,Bengali,[PHONE] এই নাম্বারে কল করুন।,False,True
normal,"তুমি অনেক শক্তিশালী, তুমি পারবে।",Bengali,"তুমি অনেক শক্তিশালী, তুমি পারবে।",False,False
normal,আজ bike ride করতে যাই? Weather খুব সুন্দর। তুমি join করছো কি? Let’s meet at usual spot,CodeMix,আজ bike ride করতে যাই? Weather খুব সুন্দর। তুমি join করছো কি? Let’s meet at usual spot,False,False
normal,"Sorry, আমার roommates অনেক time নিয়েছিল, এখন যেতে পারি?",CodeMix,"Sorry, আমার roommates অনেক time নিয়েছিল, এখন যেতে পারি?",False,False
normal,তোমার জন্য একটি story আছে?,CodeMix,তোমার জন্য একটি story আছে?,False,False
normal,01672573851 number-e bKash korun.,Banglish,[PHONE] number-e bKash korun.,False,True
normal,কালকে event টা কখন শুরু হবে? Please confirm time.,CodeMix,কালকে event টা কখন শুরু হবে? Please confirm time.,False,False
normal,"প্রিয় student, আপনার tuition fee আজ পর্যন্ত ৩২,৪৫০.০০ টাকা due আছে। (পূর্বের late fine ও বকেয়াসহ) চলতি মাসের tuition fee (জরিমানা ছাড়া) ১০ই September, ২০২৪ মধ্যে payment করুন। বিস্তারিত https://student.iubat.edu.bd/ login করুন। (IUBAT)",CodeMix,"প্রিয় student, আপনার tuition fee আজ পর্যন্ত ৩২,৪৫০.০০ টাকা due আছে। (পূর্বের late fine ও বকেয়াসহ) চলতি মাসের tuition fee (জরিমানা ছাড়া) ১০ই September, ২০২৪ মধ্যে payment করুন। বিস্তারিত [URL] login করুন। (IUBAT)",True,False
normal,তোমার favorite season কোনটা?,CodeMix,তোমার favorite season কোনটা?,False,False
normal,"আপনার একাউন্ট থেকে ৩০০০/- টাকা কাটা হয়েছে, কল করুন।",Bengali,"আপনার একাউন্ট থেকে ৩০০০/- টাকা কাটা হয়েছে, কল করুন।",False,False
normal,"Tui ajke class miss korli. Sir khub interesting lecture dilen blockchain niye. Ami shob note korechi, pore toke debo.",Banglish,"Tui ajke class miss korli. Sir khub interesting lecture dilen blockchain niye. Ami shob note korechi, pore toke debo.",False,False
normal,Are you going to the concert?,English,Are you going to the concert?,False,False
normal,Tumi ki concert এ যাচ্ছো?,CodeMix,Tumi ki concert এ যাচ্ছো?,False,False
normal,"01827283873 ei number-e call korun, joruri.",Banglish,"[PHONE] ei number-e call korun, joruri.",False,True
normal,আমরা শুক্রবার গ্রামের বাড়ি যাচ্ছি। মাছ ধরার প্ল্যান আছে। তুমি আসবে তো?,Bengali,আমরা শুক্রবার গ্রামের বাড়ি যাচ্ছি। মাছ ধরার প্ল্যান আছে। তুমি আসবে তো?,False,False
normal,"আজকে traffic jam, I will be late.",CodeMix,"আজকে traffic jam, I will be late.",False,False
normal,"প্রিয় গ্রাহক, আপনার বিদ্যুৎ বিল বাকি রয়েছে ৩০৪৫/- টাকা, জলদি পরিশোধ করুন।",Bengali,"প্রিয় গ্রাহক, আপনার বিদ্যুৎ বিল বাকি রয়েছে ৩০৪৫/- টাকা, জলদি পরিশোধ করুন।",False,False
normal,Are you going to university?,English,Are you going to university?,False,False
normal,Birds sing in the trees.,English,Birds sing in the trees.,False,False
normal,"প্রিয় student, আপনার tuition fee আজ পর্যন্ত ২০,৫০০.০০ টাকা বকেয়া আছে। (পূর্বের late fine ও বকেয়াসহ) চলতি মাসের tuition fee (জরিমানা ছাড়া) ১৫ই September, ২০২৪ মধ্যে পরিশোধ করুন। বিস্তারিত https://student.aiub.edu.bd/ login করুন। (AIUB)",CodeMix,"প্রিয় student, আপনার tuition fee আজ পর্যন্ত ২০,৫০০.০০ টাকা বকেয়া আছে। (পূর্বের late fine ও বকেয়াসহ) চলতি মাসের tuition fee (জরিমানা ছাড়া) ১৫ই September, ২০২৪ মধ্যে পরিশোধ করুন। বিস্তারিত [URL] login করুন। (AIUB)",True,False
normal,সমুদ্রে ভ্রমণ করতে ভালো লাগে।,Bengali,সমুদ্রে ভ্রমণ করতে ভালো লাগে।,False,False
normal,"Ei weather e cha khete mon chache, cafe jabo?",Banglish,"Ei weather e cha khete mon chache, cafe jabo?",False,False
normal,আমি যেন তোমার কাছে কিছু বলতে পারি।,Bengali,আমি যেন তোমার কাছে কিছু বলতে পারি।,False,False
normal,This hardship will also pass.,English,This hardship will also pass.,False,False
normal,আজ সকালে হাঁটতে বের হয়েছিলাম। ঠাণ্ডা বাতাসে মনটা ফ্রেশ হয়ে গেলো। দিনের শুরুটা সুন্দর হলো।,Bengali,আজ সকালে হাঁটতে বের হয়েছিলাম। ঠাণ্ডা বাতাসে মনটা ফ্রেশ হয়ে গেলো। দিনের শুরুটা সুন্দর হলো।,False,False
normal,শুভ Christmas!,CodeMix,শুভ Christmas!,False,False
normal,Tomar priyo boi konta?,Banglish,Tomar priyo boi konta?,False,False
normal,Thanks for listening when I needed someone to talk to. Your friendship means everything.,English,Thanks for listening when I needed someone to talk to. Your friendship means everything.,False,False
normal,"০১৮৭৩৮২৮১৯৩ নাম্বারে বিকাশ করুন, তাড়াতাড়ি।",Bengali,"[PHONE] নাম্বারে বিকাশ করুন, তাড়াতাড়ি।",False,True
normal,"Hi, who are you?",English,"Hi, who are you?",False,False
normal,Tumi ki park-e jachcho?,Banglish,Tumi ki park-e jachcho?,False,False
normal,"Rag kore kokhono bhalobashar manushke kosto dite nei. Rag kore beshi obhela korte nei, bhalobashar manushke. Ete kore jiboner shobcheye dami jinish, bhalobashar manushke harate hoy.",Banglish,"Rag kore kokhono bhalobashar manushke kosto dite nei. Rag kore beshi obhela korte nei, bhalobashar manushke. Ete kore jiboner shobcheye dami jinish, bhalobashar manushke harate hoy.",False,False
normal,আপনি কি করছেন?,Bengali,আপনি কি করছেন?,False,False
normal,tomar din kemon katche?,Banglish,tomar din kemon katche?,False,False
normal,The wedding ceremony was beautiful. Thank you for inviting me.,English,The wedding ceremony was beautiful. Thank you for inviting me.,False,False
normal,তোমার SIM change হয়েছে? I tried calling but number not reachable.,CodeMix,তোমার SIM change হয়েছে? I tried calling but number not reachable.,False,False
normal,"আপনার বিদ্যুৎ বিল বাকি ৯৫০/- টাকা, জলদি পরিশোধ করুন।",Bengali,"আপনার বিদ্যুৎ বিল বাকি ৯৫০/- টাকা, জলদি পরিশোধ করুন।",False,False
normal,আজকের class কেমন হলো?,CodeMix,আজকের class কেমন হলো?,False,False
normal,আজ বিকেলে পার্কে হাঁটতে গিয়েছিলাম। বাতাসে হাঁটা খুব আরামদায়ক ছিল।,Bengali,আজ বিকেলে পার্কে হাঁটতে গিয়েছিলাম। বাতাসে হাঁটা খুব আরামদায়ক ছিল।,False,False
normal,I'm taking a cooking class to learn authentic Bangladeshi recipes.,English,I'm taking a cooking class to learn authentic Bangladeshi recipes.,False,False
normal,"Shob kichhu thik hoye jabe, dhairjo dharo.",Banglish,"Shob kichhu thik hoye jabe, dhairjo dharo.",False,False
normal,Tomar ekhon ki kaj hocche?,Banglish,Tomar ekhon ki kaj hocche?,False,False
normal,"মামা, Eid gift buy করতে হবে। Shall we go together to Bashundhara Shopping Mall? Enjoy shopping time।",CodeMix,"মামা, Eid gift buy করতে হবে। Shall we go together to Bashundhara Shopping Mall? Enjoy shopping time।",False,False
normal,"সব ঠিক হয়ে যাবে, চিন্তা কোরো না।",Bengali,"সব ঠিক হয়ে যাবে, চিন্তা কোরো না।",False,False
normal,Happy Boishakhi!,English,Happy Boishakhi!,False,False
normal,আজ তোমার স্কুলের কী কাজ হয়েছে?,Bengali,আজ তোমার স্কুলের কী কাজ হয়েছে?,False,False
normal,"They want to suppress our brothers and sisters by showing fear of death, yet behind us are hundreds of memories like Badr, Khandaq, Tabuk. - [Poet Al Mahmud]",English,"They want to suppress our brothers and sisters by showing fear of death, yet behind us are hundreds of memories like Badr, Khandaq, Tabuk. - [Poet Al Mahmud]",False,False
normal,"Whenever I mention money, he gets up and leaves, I owe him 3 lakh taka",English,"Whenever I mention money, he gets up and leaves, I owe him 3 lakh taka",False,False
normal,Amar priyo manush jara jibon niye amar poribarre shomoshya ache sheguloke ami shomadhan korte chai.,Banglish,Amar priyo manush jara jibon niye amar poribarre shomoshya ache sheguloke ami shomadhan korte chai.,False,False
normal,আজকে কি পড়ছো?,Bengali,আজকে কি পড়ছো?,False,False
normal,আজ দুপুরে অফিসে প্রচুর চাপ ছিল। বস আবার নতুন প্রজেক্ট নিয়ে মিটিং ডাকলো।,Bengali,আজ দুপুরে অফিসে প্রচুর চাপ ছিল। বস আবার নতুন প্রজেক্ট নিয়ে মিটিং ডাকলো।,False,False
normal,Dinner কোথায় খাবো? I am thinking Chinese বা Bengali food আজ।,CodeMix,Dinner কোথায় খাবো? I am thinking Chinese বা Bengali food আজ।,False,False
normal,"Time নাই, তাড়াতাড়ি money পাঠাও, Bkash ০১৯৩৭৩৮২৮৯৩।",CodeMix,"Time নাই, তাড়াতাড়ি money পাঠাও, Bkash [PHONE] ।",False,True
normal,এই যা কোন other জন্য এটির জন্য না কেন সেটি special হলো তাই আমি এটি বলতে চাই।,CodeMix,এই যা কোন other জন্য এটির জন্য না কেন সেটি special হলো তাই আমি এটি বলতে চাই।,False,False
normal,আজকে কি free আছো? I need to talk to you about our team project।,CodeMix,আজকে কি free আছো? I need to talk to you about our team project।,False,False
normal,০১৯২৭২৮৯৩৭২ এই number-এ call করুন।,CodeMix,[PHONE] এই number-এ call করুন।,False,True
normal,I am going to the market in the morning.,English,I am going to the market in the morning.,False,False
normal,"আপনার বিদ্যুৎ বিল বাকি আছে ৭২০০/- টাকা, জরুরি।",Bengali,"আপনার বিদ্যুৎ বিল বাকি আছে ৭২০০/- টাকা, জরুরি।",False,False
normal,Shubho Eid-ul-Fitr!,Banglish,Shubho Eid-ul-Fitr!,False,False
normal,আমি morning-এ market-এ যাচ্ছি।,CodeMix,আমি morning-এ market-এ যাচ্ছি।,False,False
normal,Shubho Durga Puja!,Banglish,Shubho Durga Puja!,False,False
normal,"জরুরি, ০১৬৭২৫৭২৯৩৮ নাম্বারে বিকাশ করুন।",Bengali,"জরুরি, [PHONE] নাম্বারে বিকাশ করুন।",False,True
normal,"এই নাম্বারে ২০০০/- টাকা পাঠাও ০১৭৩৯৮৩৮৮৩ , বিকাশ রকেট বা নগদে",Bengali,"এই নাম্বারে ২০০০/- টাকা পাঠাও [PHONE] , বিকাশ রকেট বা নগদে",False,True
normal,Basay khub shanti ache.,Banglish,Basay khub shanti ache.,False,False
normal,তোমার লক্ষ্যে পৌঁছাতে ধৈর্য ধরো।,Bengali,তোমার লক্ষ্যে পৌঁছাতে ধৈর্য ধরো।,False,False
normal,ki hocche shob amake bolo.,Banglish,ki hocche shob amake bolo.,False,False
normal,01672582978 এই number এ Rocket এ 200 TK পাঠান।,CodeMix,[PHONE] এই number এ Rocket এ 200 TK পাঠান।,False,True
normal,01927283871 ei number e rocket e 500 taka pathan.,Banglish,[PHONE] ei number e rocket e 500 taka pathan.,False,True
normal,"Dear student, your tuition fee is 27,950.00 taka overdue till today. (Including previous late fines and dues) Pay this month's tuition fee (without fine) by September 22, 2024. For details login https://student.northsouth.edu.bd/ (North South)",English,"Dear student, your tuition fee is 27,950.00 taka overdue till today. (Including previous late fines and dues) Pay this month's tuition fee (without fine) by September 22, 2024. For details login [URL] (North South)",True,False
normal,Congratulations on completing your PhD! Dr. Rahman sounds perfect. So proud of your academic achievement!,English,Congratulations on completing your PhD! Dr. Rahman sounds perfect. So proud of your academic achievement!,False,False
normal,Apni ki korchen?,Banglish,Apni ki korchen?,False,False
normal,What shall we do today?,English,What shall we do today?,False,False
normal,আমার নতুন ল্যাপটপটা সত্যিই অসাধারণ। গতকাল সেটআপ করে কাজ শুরু করেছি। এখন প্রোগ্রামিং করা অনেক সহজ লাগছে। তুমি চাইলে একদিন দেখে যেতে পারো।,Bengali,আমার নতুন ল্যাপটপটা সত্যিই অসাধারণ। গতকাল সেটআপ করে কাজ শুরু করেছি। এখন প্রোগ্রামিং করা অনেক সহজ লাগছে। তুমি চাইলে একদিন দেখে যেতে পারো।,False,False
normal,ami ekti barta pachhi ei ja kono apni hol ei ja pelam ei ja shomadhan dey ei ja onnano ekti shomadhan dey.,Banglish,ami ekti barta pachhi ei ja kono apni hol ei ja pelam ei ja shomadhan dey ei ja onnano ekti shomadhan dey.,False,False
normal,The morning walk was refreshing! Perfect weather and great company. Let's make this a regular habit.,English,The morning walk was refreshing! Perfect weather and great company. Let's make this a regular habit.,False,False
normal,আমি অনেক সময় meet করার মধ্যে realize করি তা হল আমি একটি great এবং আমি অন্য matter-এর মধ্যে আমার love-এর invitation দিতে পারি।,CodeMix,আমি অনেক সময় meet করার মধ্যে realize করি তা হল আমি একটি great এবং আমি অন্য matter-এর মধ্যে আমার love-এর invitation দিতে পারি।,False,False
normal,I want to give time to the most beautiful family work.,English,I want to give time to the most beautiful family work.,False,False
normal,"তুমি নিজের উপর trust রাখো, সব কিছু possible।",CodeMix,"তুমি নিজের উপর trust রাখো, সব কিছু possible।",False,False
normal,খালার bill টা দিলে help হইতো দিতে পারতেছিনা একটু help করো খালার bill টা দিয়ে দেই,CodeMix,খালার bill টা দিলে help হইতো দিতে পারতেছিনা একটু help করো খালার bill টা দিয়ে দেই,False,False
normal,আজ কি করবে? কোনো নতুন কোনো কাজ পালন করবো। তুমি?,Bengali,আজ কি করবে? কোনো নতুন কোনো কাজ পালন করবো। তুমি?,False,False
normal,Are you going to the theater?,English,Are you going to the theater?,False,False
normal,Sei byakti-i obyshato je more jay othoch tar kharap kajgulo prithibite roye jay. — [Abu Bakr (Radiallahu Anhu)],Banglish,Sei byakti-i obyshato je more jay othoch tar kharap kajgulo prithibite roye jay. — [Abu Bakr (Radiallahu Anhu)],False,False
normal,Kalke shopping korte jabo Bashundhara City te. Tui ki free? Amra ek sathe giye dekhte pari new collections.,Banglish,Kalke shopping korte jabo Bashundhara City te. Tui ki free? Amra ek sathe giye dekhte pari new collections.,False,False
normal,Aj tomar pashe thakte pari na. Ami apnar pashe royechi.,Banglish,Aj tomar pashe thakte pari na. Ami apnar pashe royechi.,False,False
normal,I go to the field about once a week.,English,I go to the field about once a week.,False,False
normal,"আপনার due TK800, please pay it soon।",CodeMix,"আপনার due TK800, please pay it soon।",False,False
normal,How is your pet?,English,How is your pet?,False,False
normal,Are you going to the party?,English,Are you going to the party?,False,False
normal,"Tawhid hollo shomosto doa, shomosto kannakaati, shahajjo cheye shomosto abedone, shomosto asha ebong shokol kollaner agomon o shokol khoti nibaroner jonno prarthona onno keu noy borongi kebolei Allahor uddeshye hote hobe. - [Imam Muhammad Ali Ash-Shawkani (Al Dur Al-Nadid)]",Banglish,"Tawhid hollo shomosto doa, shomosto kannakaati, shahajjo cheye shomosto abedone, shomosto asha ebong shokol kollaner agomon o shokol khoti nibaroner jonno prarthona onno keu noy borongi kebolei Allahor uddeshye hote hobe. - [Imam Muhammad Ali Ash-Shawkani (Al Dur Al-Nadid)]",False,False
normal,আপনি কেমন আছেন?,Bengali,আপনি কেমন আছেন?,False,False
normal,সন্ধ্যায় বন্ধুরা নিয়ে ক্যাফেতে আড্ডা দিলাম। অনেকদিন পর গল্প করলাম।,Bengali,সন্ধ্যায় বন্ধুরা নিয়ে ক্যাফেতে আড্ডা দিলাম। অনেকদিন পর গল্প করলাম।,False,False
normal,What's the news?,English,What's the news?,False,False
normal,"Tumi osadharon, nijer upor bishash rakho.",Banglish,"Tumi osadharon, nijer upor bishash rakho.",False,False
normal,"Suffering will take suffering, various kinds of suffering exist, suffering will take suffering! Red suffering, blue suffering, raw yellow colored suffering, stone-pressed green grass white suffering, black suffering in the light 'multi-color' suffering exists, suffering will take suffering. -Helal Hafiz",English,"Suffering will take suffering, various kinds of suffering exist, suffering will take suffering! Red suffering, blue suffering, raw yellow colored suffering, stone-pressed green grass white suffering, black suffering in the light 'multi-color' suffering exists, suffering will take suffering. -Helal Hafiz",False,False
normal,Happy Pohela Boishakh greetings and best wishes!,English,Happy Pohela Boishakh greetings and best wishes!,False,False
normal, সেই ব্যক্তিই অভিশপ্ত যে মরে যায় অথচ তার খারাপ কাজগুলো পৃথিবীতে রয়ে যায়। — [আবু বকর (রাদিয়াল্লাহু আনহু)],Bengali,সেই ব্যক্তিই অভিশপ্ত যে মরে যায় অথচ তার খারাপ কাজগুলো পৃথিবীতে রয়ে যায়। — [আবু বকর (রাদিয়াল্লাহু আনহু)],False,False
normal,তোমার ভাইবোন কেমন আছে?,Bengali,তোমার ভাইবোন কেমন আছে?,False,False
normal,পাখিরা গাছে গান গায়।,Bengali,পাখিরা গাছে গান গায়।,False,False
normal,তুমি কি lunch করতে এসেছ? I was waiting.,CodeMix,তুমি কি lunch করতে এসেছ? I was waiting.,False,False
normal,Kal ki korbo?,Banglish,Kal ki korbo?,False,False
normal,Hard work is the way to success।,CodeMix,Hard work is the way to success।,False,False
normal,"You're not alone, I'm here.",English,"You're not alone, I'm here.",False,False
normal,আমার বাড়ির আশেপাশে ফুল ফোটে আছে।,Bengali,আমার বাড়ির আশেপাশে ফুল ফোটে আছে।,False,False
normal,"Tui ajke class e gelo? Sir onek interesting topic niye porashona dilen, jeta ami age konodin sunini. Amar mone hochhe tumi enjoy korta, kintu tumi miss kore geli.",Banglish,"Tui ajke class e gelo? Sir onek interesting topic niye porashona dilen, jeta ami age konodin sunini. Amar mone hochhe tumi enjoy korta, kintu tumi miss kore geli.",False,False
normal,Do you want to stay here?,English,Do you want to stay here?,False,False
normal,Ajker rastar jam ekdom unbearable chhilo. Bus e boshe 2 ghonta waste hoise. Metro use korle eto time waste hoto na. Amar matha gorom hoye geche.,Banglish,Ajker rastar jam ekdom unbearable chhilo. Bus e boshe 2 ghonta waste hoise. Metro use korle eto time waste hoto na. Amar matha gorom hoye geche.,False,False
normal,Onayyoer proti anugatyo shomman er pothe badha hoye darate pare. — Shonggrihito,Banglish,Onayyoer proti anugatyo shomman er pothe badha hoye darate pare. — Shonggrihito,False,False
normal,কি খবর?,Bengali,কি খবর?,False,False
normal,Raysha ajke mathay rong tullo diye painting korte bosechilo. Chhoto rongin haat diye o drawing korte giye chhoto mess banai dise. Khub cute laglo.,Banglish,Raysha ajke mathay rong tullo diye painting korte bosechilo. Chhoto rongin haat diye o drawing korte giye chhoto mess banai dise. Khub cute laglo.,False,False
normal,আমি যে অনেক দুঃখ এবং কারণ পেয়েছি সেটি হল বিশেষ সময় সম্পর্কে আমি আবার বলতে চাই।,Bengali,আমি যে অনেক দুঃখ এবং কারণ পেয়েছি সেটি হল বিশেষ সময় সম্পর্কে আমি আবার বলতে চাই।,False,False
normal,আজকে dinner plan কি? তুমি cook করতে চাও নাকি outside order করি? Let me know before ৮ pm,CodeMix,আজকে dinner plan কি? তুমি cook করতে চাও নাকি outside order করি? Let me know before ৮ pm,False,False
normal,Tumi shafollatar jonne toiri.,Banglish,Tumi shafollatar jonne toiri.,False,False
normal,"Hi, what's happening?",English,"Hi, what's happening?",False,False
normal,Weekend e amra plan korte pari ekta movie dekhte. Tui ki free thakbi? Jodi thakis amra ek sathe plan korte pari.,Banglish,Weekend e amra plan korte pari ekta movie dekhte. Tui ki free thakbi? Jodi thakis amra ek sathe plan korte pari.,False,False
normal,What will you eat at night?,English,What will you eat at night?,False,False
normal,Ami shokale bajare jachchi.,Banglish,Ami shokale bajare jachchi.,False,False
normal,"তুমি alone নও, আমরা সবাই তোমার পাশে আছি।",CodeMix,"তুমি alone নও, আমরা সবাই তোমার পাশে আছি।",False,False
normal,Do you want আমার কাছে আসতে?,CodeMix,Do you want আমার কাছে আসতে?,False,False
normal,Birthday party তে তুমি আসছো তো? Everyone is excited to see you there।,CodeMix,Birthday party তে তুমি আসছো তো? Everyone is excited to see you there।,False,False
normal,The surprise farewell gathering was touching! Everyone will miss you greatly. Keep in touch always.,English,The surprise farewell gathering was touching! Everyone will miss you greatly. Keep in touch always.,False,False
normal,আমার একটি problem আছে।,CodeMix,আমার একটি problem আছে।,False,False
normal,আসসালামু আলাইকুম। আপনি কেমন আছেন? অনেক দিন খোঁজ নিই না।,Bengali,আসসালামু আলাইকুম। আপনি কেমন আছেন? অনেক দিন খোঁজ নিই না।,False,False
normal,"Everything will be alright, be patient.",English,"Everything will be alright, be patient.",False,False
normal,তুমি কি ক্যাফেতে যাচ্ছো?,Bengali,তুমি কি ক্যাফেতে যাচ্ছো?,False,False
normal,০১৭২৯১৭৩৮৬২ নাম্বারে রকেটে টাকা পাঠান।,Bengali,[PHONE] নাম্বারে রকেটে টাকা পাঠান।,False,True
normal,Baba aj bari r pashe royechen.,Banglish,Baba aj bari r pashe royechen.,False,False
normal,The weather forecast shows rain all week. Good thing we finished the outdoor work yesterday.,English,The weather forecast shows rain all week. Good thing we finished the outdoor work yesterday.,False,False
normal,Inaya ajke amar sathe school e onek moja korse. She abar ekta chhoto rhyme shikhlo and amader ke geye shunalo. Khub cute laglo.,Banglish,Inaya ajke amar sathe school e onek moja korse. She abar ekta chhoto rhyme shikhlo and amader ke geye shunalo. Khub cute laglo.,False,False
normal,তোমার day কেমন গেছে?,CodeMix,তোমার day কেমন গেছে?,False,False
normal,Apnar garir servicing er shomoyshima shesh hoye geche. Druto jogajog korun 01876543210.,Banglish,Apnar garir servicing er shomoyshima shesh hoye geche. Druto jogajog korun [PHONE] .,False,True
normal,তুমি কি train এ যাচ্ছো?,CodeMix,তুমি কি train এ যাচ্ছো?,False,False
normal,Tui ki ajke GP er offer check korso? Amar mone hoy tor mobile e ekta discount ache. Ami use kore onek data peye gelam.,Banglish,Tui ki ajke GP er offer check korso? Amar mone hoy tor mobile e ekta discount ache. Ami use kore onek data peye gelam.,False,False
normal,তোমার পোষা প্রাণী কেমন আছে?,Bengali,তোমার পোষা প্রাণী কেমন আছে?,False,False
normal,"Oh, আমি series গুলো watch করতে শুরু করেছি, কিন্তু এখন sports আর traveling ছাড়া time পাচ্ছি না। Mr. Robot season 2 শুরু করেছি, hacking নিয়ে, বেশ realistic। তবে work-এর মধ্যে break দেওয়া difficult।",CodeMix,"Oh, আমি series গুলো watch করতে শুরু করেছি, কিন্তু এখন sports আর traveling ছাড়া time পাচ্ছি না। Mr. Robot season 2 শুরু করেছি, hacking নিয়ে, বেশ realistic। তবে work-এর মধ্যে break দেওয়া difficult।",False,False
normal,আমার কি করতে হবে tell me।,CodeMix,আমার কি করতে হবে tell me।,False,False
normal,"আম্মু, আমি বাসে উঠেছি। রাত ১০টার মধ্যে পৌঁছাবো।",Bengali,"আম্মু, আমি বাসে উঠেছি। রাত ১০টার মধ্যে পৌঁছাবো।",False,False
normal,"Ektu pore call korbo, ekhon meeting e asi.",Banglish,"Ektu pore call korbo, ekhon meeting e asi.",False,False
normal,"Ashokter moto bhalobashben na, dhongshatmokbhabe kauke ghrina korben na. - [Umar Ibnul Khattab (Ra:)]",Banglish,"Ashokter moto bhalobashben na, dhongshatmokbhabe kauke ghrina korben na. - [Umar Ibnul Khattab (Ra:)]",False,False
normal,তুমি কি অফিসে যাচ্ছো?,Bengali,তুমি কি অফিসে যাচ্ছো?,False,False
normal,আজ বৃষ্টি হচ্ছে। ক্লাস বাতিল হয়েছে কিনা জানো?,Bengali,আজ বৃষ্টি হচ্ছে। ক্লাস বাতিল হয়েছে কিনা জানো?,False,False
normal,Ajke raat e cricket match er jonno sobai excited chilo. Bangladesh vs India chilo. Last moment e hara gelo but crowd er support khub bhalo chilo.,Banglish,Ajke raat e cricket match er jonno sobai excited chilo. Bangladesh vs India chilo. Last moment e hara gelo but crowd er support khub bhalo chilo.,False,False
normal,emon karor shongi hon je apnake Allahor kotha smoron koriye dey. - [Dr. Bilal Phillips],Banglish,emon karor shongi hon je apnake Allahor kotha smoron koriye dey. - [Dr. Bilal Phillips],False,False
normal,"Everything ঠিকঠাক হবে, চিন্তা করো না।",CodeMix,"Everything ঠিকঠাক হবে, চিন্তা করো না।",False,False
normal,"Power হলো sun-এর light-এর মতো, তাতে কেউ enlightened হয় আবার কেউ burn হয়ে শেষ হয়ে যায়।",CodeMix,"Power হলো sun-এর light-এর মতো, তাতে কেউ enlightened হয় আবার কেউ burn হয়ে শেষ হয়ে যায়।",False,False
normal,How is your work going?,English,How is your work going?,False,False
normal,The homemade biryani smells incredible! Can't wait for dinner. You're such an amazing chef always.,English,The homemade biryani smells incredible! Can't wait for dinner. You're such an amazing chef always.,False,False
normal,কেমন কাটছে দিনটা?,Bengali,কেমন কাটছে দিনটা?,False,False
normal,"Ajke purata din shohor ghure beralam. Kothay kothay jam lagse, ekhon abar khub tired lagche. Ami rest nite chai.",Banglish,"Ajke purata din shohor ghure beralam. Kothay kothay jam lagse, ekhon abar khub tired lagche. Ami rest nite chai.",False,False
normal,শুভ Lakshmi Puja!,CodeMix,শুভ Lakshmi Puja!,False,False
normal,Ajke friend circle er sathe park e boshe onek golpo holo. Cha ar chips kheye adda holo. Amar din ta boro moja diye katlo.,Banglish,Ajke friend circle er sathe park e boshe onek golpo holo. Cha ar chips kheye adda holo. Amar din ta boro moja diye katlo.,False,False
normal,তুমি কি শহরে যাচ্ছো?,Bengali,তুমি কি শহরে যাচ্ছো?,False,False
normal,টাকাটা বিকাশে বা রকেটে দিবেন নাম্বার ০১৭২৯১৮২৮১৮১,Bengali,টাকাটা বিকাশে বা রকেটে দিবেন নাম্বার [PHONE],False,True
normal,আমি তোমাকে একটি story শুনাতে চাই।,CodeMix,আমি তোমাকে একটি story শুনাতে চাই।,False,False
normal,dhonnobad bhai.,Banglish,dhonnobad bhai.,False,False
normal,"TK 3000 has been deducted from your account, please call.",English,"TK 3000 has been deducted from your account, please call.",False,False
normal,I'm thinking of going to Cox's Bazar next month. Want to join?,English,I'm thinking of going to Cox's Bazar next month. Want to join?,False,False
normal,তোমার সকল ইচ্ছা পূরণ হোক!,Bengali,তোমার সকল ইচ্ছা পূরণ হোক!,False,False
normal,The morning jog felt great today! Thanks for motivating me to maintain healthy exercise habits regularly.,English,The morning jog felt great today! Thanks for motivating me to maintain healthy exercise habits regularly.,False,False
normal,কালকে class এ আসবা তো? আমরা বাসা থেকে একসাথে যাই। After class coffee খেতে যেতে পারি।,CodeMix,কালকে class এ আসবা তো? আমরা বাসা থেকে একসাথে যাই। After class coffee খেতে যেতে পারি।,False,False
normal,আমি আমার জীবনের প্রধান আমাদের সঙ্গে সময় কাটাতে চাই।,Bengali,আমি আমার জীবনের প্রধান আমাদের সঙ্গে সময় কাটাতে চাই।,False,False
normal,আজকে কি শপিং করতে যাবে?,Bengali,আজকে কি শপিং করতে যাবে?,False,False
normal,Let's meet for coffee tomorrow. আমার অনেক কথা বলার আছে।,CodeMix,Let's meet for coffee tomorrow. আমার অনেক কথা বলার আছে।,False,False
normal,"আব্দুল, কাল রাতে সিনেমা দেখতে যাবে নাকি? ‘হাওয়া’ চলছে স্টার সিনেপ্লেক্সে, টিকিট বুক করি?",Bengali,"আব্দুল, কাল রাতে সিনেমা দেখতে যাবে নাকি? ‘হাওয়া’ চলছে স্টার সিনেপ্লেক্সে, টিকিট বুক করি?",False,False
normal,"Hi, কি তুমি?",CodeMix,"Hi, কি তুমি?",False,False
normal,তুমি কি restaurant এ যাচ্ছো?,CodeMix,তুমি কি restaurant এ যাচ্ছো?,False,False
normal,Are you free this weekend? Let's catch up over tea.,English,Are you free this weekend? Let's catch up over tea.,False,False
normal,I went to school this afternoon.,English,I went to school this afternoon.,False,False
normal,"কি খবর, হ্যালো?",Bengali,"কি খবর, হ্যালো?",False,False
normal,তুমি কি পার্কে যাচ্ছো?,Bengali,তুমি কি পার্কে যাচ্ছো?,False,False
normal,০১৭৩৮২৭৩৮২৮ এই নাম্বারে জরুরি টাকা পাঠান।,Bengali,[PHONE] এই নাম্বারে জরুরি টাকা পাঠান।,False,True
normal,Shubho jonmodin!,Banglish,Shubho jonmodin!,False,False
normal,"Shob thik hoye jabe, shahosh rekho.",Banglish,"Shob thik hoye jabe, shahosh rekho.",False,False
normal,How is your family doing?,English,How is your family doing?,False,False
normal,এই trouble-টাও কেটে যাবে।,CodeMix,এই trouble-টাও কেটে যাবে।,False,False
normal,অফিস থেকে কখন বের হবা? Let's catch up for coffee later।,CodeMix,অফিস থেকে কখন বের হবা? Let's catch up for coffee later।,False,False
normal,মিঠু ভাইয়ের number-এ টাকা দিয়ে তারপর আসিস।,CodeMix,মিঠু ভাইয়ের number-এ টাকা দিয়ে তারপর আসিস।,False,False
normal,Shubho soptaher prothom din!,Banglish,Shubho soptaher prothom din!,False,False
normal,এটি IQ পরীক্ষা পর্বের একটি অংশ।,Bengali,এটি IQ পরীক্ষা পর্বের একটি অংশ।,False,False
normal,Call me at 01724383987,English,Call me at [PHONE],False,True
normal,"Your due is TK800/-, please pay quickly.",English,"Your due is TK800/-, please pay quickly.",False,False
normal,Thanks for the delicious lunch! The fish curry was perfectly spiced. Please share the recipe with me.,English,Thanks for the delicious lunch! The fish curry was perfectly spiced. Please share the recipe with me.,False,False
normal,"দাদু, আজ আপনার জন্য মিষ্টি এনেছি। খুশি হবেন।",Bengali,"দাদু, আজ আপনার জন্য মিষ্টি এনেছি। খুশি হবেন।",False,False
normal,Good morning! How did your job interview go yesterday?,English,Good morning! How did your job interview go yesterday?,False,False
normal,তুমি কি market যাবে? I need to buy things.,CodeMix,তুমি কি market যাবে? I need to buy things.,False,False
normal,Kobe tomake dekha hobe? Ami ekhane ashte cheshta korbo. Tumi?,Banglish,Kobe tomake dekha hobe? Ami ekhane ashte cheshta korbo. Tumi?,False,False
normal,তুমি কি airport এ যাবে? My flight arrives at 9 PM.,CodeMix,তুমি কি airport এ যাবে? My flight arrives at 9 PM.,False,False
normal,কাল কি করব?,Bengali,কাল কি করব?,False,False
normal,"আম্মা তোমাকে খুঁজছিলো। সে বললো, দুপুরে ফোন করতে ভুলোনা।",Bengali,"আম্মা তোমাকে খুঁজছিলো। সে বললো, দুপুরে ফোন করতে ভুলোনা।",False,False
normal,"Ektu age tor message dekhlam, kintu meeting er jonne reply dite parini. Sorry re bhai. Tor kache ki amar assignment er file ache? Ami download korte partesi na.",Banglish,"Ektu age tor message dekhlam, kintu meeting er jonne reply dite parini. Sorry re bhai. Tor kache ki amar assignment er file ache? Ami download korte partesi na.",False,False
normal,"Success আসবে, patience রাখো।",CodeMix,"Success আসবে, patience রাখো।",False,False
normal,Hard work is the path to success.,English,Hard work is the path to success.,False,False
normal,What are you reading?,English,What are you reading?,False,False
normal,The book club discussion was fascinating! Great insights about the novel. Looking forward to next meeting.,English,The book club discussion was fascinating! Great insights about the novel. Looking forward to next meeting.,False,False
normal,"কালকে load shedding হওয়ায় class cancel, so we can play cricket.",CodeMix,"কালকে load shedding হওয়ায় class cancel, so we can play cricket.",False,False
normal,"আপনার account থেকে 3000/- taka কাটা হয়েছে, call করুন।",CodeMix,"আপনার account থেকে 3000/- taka কাটা হয়েছে, call করুন।",False,False
normal,Adhika school e ajke drawing competition e participate korse. O ekta rongin bird er chhobi akse. Sobai appreciate korse. Tore dekhale tumi enjoy korba.,Banglish,Adhika school e ajke drawing competition e participate korse. O ekta rongin bird er chhobi akse. Sobai appreciate korse. Tore dekhale tumi enjoy korba.,False,False
normal,"মা, market থেকে কিছু vegetables আনতে হবে। I will pay cash, আর তুমি কি fruits ও আনবে?",CodeMix,"মা, market থেকে কিছু vegetables আনতে হবে। I will pay cash, আর তুমি কি fruits ও আনবে?",False,False
normal,"আপনার due ৫০০০/- TK, quickly pay করুন।",CodeMix,"আপনার due ৫০০০/- TK, quickly pay করুন।",False,False
normal,ভালোবাসা খুব দামী জিনিস। যত্ন করে রাখতে হয়। কারন ভালোবাশা একবার হারিয়ে গেলে জীবনে আর কোনো দিন ফিরে পাওয়া যায় না।,Bengali,ভালোবাসা খুব দামী জিনিস। যত্ন করে রাখতে হয়। কারন ভালোবাশা একবার হারিয়ে গেলে জীবনে আর কোনো দিন ফিরে পাওয়া যায় না।,False,False
normal,"Be patient, everything will be fine.",English,"Be patient, everything will be fine.",False,False
normal,আশা করি তোমার সমস্ত ইচ্ছা পূরণ হোক!,Bengali,আশা করি তোমার সমস্ত ইচ্ছা পূরণ হোক!,False,False
normal," তারা আমাদের brothers-sisters-দের death-এর fear দেখিয়ে suppress করতে চায়, অথচ আমাদের behind রয়েছে Badr, Khandaq, Tabuk-এর মতো hundreds memories। - [Poet Al Mahmud]",CodeMix,"তারা আমাদের brothers-sisters-দের death-এর fear দেখিয়ে suppress করতে চায়, অথচ আমাদের behind রয়েছে Badr, Khandaq, Tabuk-এর মতো hundreds memories। - [Poet Al Mahmud]",False,False
normal,It gets very hot without rain.,English,It gets very hot without rain.,False,False
normal,"Shobkichu thikthak hobe, chinta koro na.",Banglish,"Shobkichu thikthak hobe, chinta koro na.",False,False
normal,শুভ রমজানের রহমতের মাস!,Bengali,শুভ রমজানের রহমতের মাস!,False,False
normal,আজকে কি রান্না করবে?,Bengali,আজকে কি রান্না করবে?,False,False
normal,Are you with family?,English,Are you with family?,False,False
normal,"বন্ধু, আজ সন্ধ্যায় ক্রিকেট খেলতে মাঠে আসবে?",Bengali,"বন্ধু, আজ সন্ধ্যায় ক্রিকেট খেলতে মাঠে আসবে?",False,False
normal,Exam preparation er karone amar raat jaga cholche. Tor preparation kemon hocche? Bhalo practice korteso to?,Banglish,Exam preparation er karone amar raat jaga cholche. Tor preparation kemon hocche? Bhalo practice korteso to?,False,False
normal,"হাই, কি খবর?",Bengali,"হাই, কি খবর?",False,False
normal,Thanks for being such an amazing friend. Your support means the world to me.,English,Thanks for being such an amazing friend. Your support means the world to me.,False,False
normal,The morning walk was refreshing! Perfect weather and great company as always.,English,The morning walk was refreshing! Perfect weather and great company as always.,False,False
normal,"Kokhono mone hoy shob je distractoin, ei mobile internet ei online duniya, shobai emon bhabe bhitore dhukshe je eshob chara single ekta day spend kora kothin",Banglish,"Kokhono mone hoy shob je distractoin, ei mobile internet ei online duniya, shobai emon bhabe bhitore dhukshe je eshob chara single ekta day spend kora kothin",False,False
normal,The homemade cake looks absolutely delicious! Your baking skills keep getting better every time you try.,English,The homemade cake looks absolutely delicious! Your baking skills keep getting better every time you try.,False,False
normal,"প্রিয় শিক্ষার্থী, আপনার টিউশন ফি আজ পর্যন্ত ৩০,৪৫০.০০ টাকা বকেয়া আছে। (পূর্বের লেট ফাইন ও বকেয়াসহ) চলতি মাসের টিউশন ফি (জরিমানা ছাড়া) ১৮ই সেপ্টেম্বর, ২০২৪ মধ্যে পরিশোধ করুন। বিস্তারিত https://student.daffodil.edu.bd/ লগইন করুন। (Daffodil)",Bengali,"প্রিয় শিক্ষার্থী, আপনার টিউশন ফি আজ পর্যন্ত ৩০,৪৫০.০০ টাকা বকেয়া আছে। (পূর্বের লেট ফাইন ও বকেয়াসহ) চলতি মাসের টিউশন ফি (জরিমানা ছাড়া) ১৮ই সেপ্টেম্বর, ২০২৪ মধ্যে পরিশোধ করুন। বিস্তারিত [URL] লগইন করুন। (Daffodil)",True,False
normal,Adhika school e ajke notun rhyme shikhe abar sobai ke shunalo. Teacher o onek appreciate korlo. Amra onek proud feel korlam. Tumi ashle tomar sathe o share kortam.,Banglish,Adhika school e ajke notun rhyme shikhe abar sobai ke shunalo. Teacher o onek appreciate korlo. Amra onek proud feel korlam. Tumi ashle tomar sathe o share kortam.,False,False
normal,Are you going to the restaurant?,English,Are you going to the restaurant?,False,False
normal,Apni ki khobor?,Banglish,Apni ki khobor?,False,False
normal,A new car is coming to the house.,English,A new car is coming to the house.,False,False
normal,কি খবর তোমাদের?,Bengali,কি খবর তোমাদের?,False,False
normal,I'm thinking of adopting a cat from the animal shelter.,English,I'm thinking of adopting a cat from the animal shelter.,False,False
normal,"হাই, কেমন কাটছে দিনটি?",Bengali,"হাই, কেমন কাটছে দিনটি?",False,False
normal,Golden evening!,English,Golden evening!,False,False
normal,শুভ পয়লা বৈশাখ!,Bengali,শুভ পয়লা বৈশাখ!,False,False
normal,Happy New Year!,English,Happy New Year!,False,False
normal,তোমার talent সীমাহীন।,CodeMix,তোমার talent সীমাহীন।,False,False
normal,"Apnar payment baki achhe, 01728273819 taka pathan.",Banglish,"Apnar payment baki achhe, [PHONE] taka pathan.",False,True
normal,আপনার due money quickly send করুন 01728272938।,CodeMix,আপনার due money quickly send করুন [PHONE] ।,False,True
normal,Don't worry about the exam results. You did your best and that's what matters most.,English,Don't worry about the exam results. You did your best and that's what matters most.,False,False
normal,Tumi ki gym e jachho?,Banglish,Tumi ki gym e jachho?,False,False
normal,আজ দুপুরে হঠাৎ বন্ধুর ফোন পেলাম। অনেকদিন পর কথা হলো।,Bengali,আজ দুপুরে হঠাৎ বন্ধুর ফোন পেলাম। অনেকদিন পর কথা হলো।,False,False
normal,"এই ০১৭৮২৯৭৩৭৮৩ নাম্বারে কল ব্যাক কর, আমার টাকা নাই",Bengali,"এই [PHONE] নাম্বারে কল ব্যাক কর, আমার টাকা নাই",False,True
normal,Kani school e ajke science fair e participate korse. She ekta chhoto project banai je ta onek lok dekhe admire korse. Teacher bolse next level e participate korte.,Banglish,Kani school e ajke science fair e participate korse. She ekta chhoto project banai je ta onek lok dekhe admire korse. Teacher bolse next level e participate korte.,False,False
normal,Call this number 01827283962.,English,Call this number [PHONE] .,False,True
normal,"Shahos rekho, shafollota tomar opekkhay.",Banglish,"Shahos rekho, shafollota tomar opekkhay.",False,False
normal,"tumi ja korte chaibe, ta parbe.",Banglish,"tumi ja korte chaibe, ta parbe.",False,False
normal,০১৬৭২৫৭৩৮৫১ নাম্বারে বিকাশ করুন।,Bengali,[PHONE] নাম্বারে বিকাশ করুন।,False,True
normal,"রহিম, তোমার book টা কি আমি borrow করতে পারি? I need it for study.",CodeMix,"রহিম, তোমার book টা কি আমি borrow করতে পারি? I need it for study.",False,False
normal,আজ রাতে হোটেল সোনারগাঁ-তে ডিনারের প্ল্যান করেছি। চাইলে তুমি আসতে পারো।,Bengali,আজ রাতে হোটেল সোনারগাঁ-তে ডিনারের প্ল্যান করেছি। চাইলে তুমি আসতে পারো।,False,False
normal,"সময় কম তাড়াতাড়ি টাকা পাঠাও,  আমি চলে যাবো, আমার বিকাশ ০১৭২৮২৮৮২৯২",Bengali,"সময় কম তাড়াতাড়ি টাকা পাঠাও, আমি চলে যাবো, আমার বিকাশ [PHONE]",False,True
normal,Amar barir ashepashe phul phote ache.,Banglish,Amar barir ashepashe phul phote ache.,False,False
normal,আপনি কি করতে পারেন?,Bengali,আপনি কি করতে পারেন?,False,False
normal,তোমার এখন কি কাজ হচ্ছে?,Bengali,তোমার এখন কি কাজ হচ্ছে?,False,False
normal,Can you believe it's already December? This year went by so fast.,English,Can you believe it's already December? This year went by so fast.,False,False
normal,"Kalke school e Sadika Khan Inaaya er annual sports day chilo. She race e second hoyeche, amar onek proud laglo. Tore o ekdin dekhabo video ta.",Banglish,"Kalke school e Sadika Khan Inaaya er annual sports day chilo. She race e second hoyeche, amar onek proud laglo. Tore o ekdin dekhabo video ta.",False,False
normal,"প্রিয় student, আপনার tuition fee আজ পর্যন্ত ২২,৯০০.০০ TK বকেয়া আছে। (previous late fee সহ) current month-এর tuition fee (without fine) ২০ September, ২০২৪ মধ্যে pay করুন। Details https://student.ulab.edu.bd/ login করুন। (ULAB)",CodeMix,"প্রিয় student, আপনার tuition fee আজ পর্যন্ত ২২,৯০০.০০ TK বকেয়া আছে। (previous late fee সহ) current month-এর tuition fee (without fine) ২০ September, ২০২৪ মধ্যে pay করুন। Details [URL] login করুন। (ULAB)",True,False
normal,Boi porar poribar nirman er jonno shomoy dite chai.,Banglish,Boi porar poribar nirman er jonno shomoy dite chai.,False,False
normal,"সব কিছু ঠিক হয়ে যাবে, সাহস রেখো।",Bengali,"সব কিছু ঠিক হয়ে যাবে, সাহস রেখো।",False,False
normal,Ajker rastar jam unbearable chhilo. Office pouchote 2 ghonta laglo. Stress full day.,Banglish,Ajker rastar jam unbearable chhilo. Office pouchote 2 ghonta laglo. Stress full day.,False,False
normal,Tumi ki ranna korcho?,Banglish,Tumi ki ranna korcho?,False,False
normal,আজ সকালে I had a coffee।,CodeMix,আজ সকালে I had a coffee।,False,False
normal,তোমার সাহস অসাধারণ।,Bengali,তোমার সাহস অসাধারণ।,False,False
normal,Thanks for the homemade sweets! They were delicious and reminded me of grandmother's recipes.,English,Thanks for the homemade sweets! They were delicious and reminded me of grandmother's recipes.,False,False
normal,Are you going by bus?,English,Are you going by bus?,False,False
normal,Give money to Hasan's number then come.,English,Give money to Hasan's number then come.,False,False
normal,"ভাই, আজ আমার পরীক্ষা ভালো হয়েছে। সব প্রশ্নের উত্তর দিতে পেরেছি।",Bengali,"ভাই, আজ আমার পরীক্ষা ভালো হয়েছে। সব প্রশ্নের উত্তর দিতে পেরেছি।",False,False
normal,Kaj kibhabe cholchhe?,Banglish,Kaj kibhabe cholchhe?,False,False
normal,আজকে বাজারে গিয়ে দেখলাম সবজির দাম অনেক বেড়ে গেছে। কচুপাতা পর্যন্ত ৫০ টাকা কেজি।,Bengali,আজকে বাজারে গিয়ে দেখলাম সবজির দাম অনেক বেড়ে গেছে। কচুপাতা পর্যন্ত ৫০ টাকা কেজি।,False,False
normal,"আজ বিশেষ দিন, আমি বাড়িতে বসে আছি।",Bengali,"আজ বিশেষ দিন, আমি বাড়িতে বসে আছি।",False,False
normal,Can you pick up some rice from the market on your way home?,English,Can you pick up some rice from the market on your way home?,False,False
normal,"Hi Arif, কালকে library study session হবে। তুমি আসছো কি? Let’s meet around ৫ pm and discuss notes together",CodeMix,"Hi Arif, কালকে library study session হবে। তুমি আসছো কি? Let’s meet around ৫ pm and discuss notes together",False,False
normal,Ami jeno khub dukhito hoichi.,Banglish,Ami jeno khub dukhito hoichi.,False,False
normal,Shubho Pohela Boishakh!,Banglish,Shubho Pohela Boishakh!,False,False
normal,কোথায় যাচ্ছো?,Bengali,কোথায় যাচ্ছো?,False,False
normal,"01672583789 nambare call korun, amar taka dorkar.",Banglish,"[PHONE] nambare call korun, amar taka dorkar.",False,True
normal,শুভ দীপাবলী!,Bengali,শুভ দীপাবলী!,False,False
normal,তোমার সময় কোথায় যাচ্ছে?,Bengali,তোমার সময় কোথায় যাচ্ছে?,False,False
normal,Apnar pawna taka joldi pathan 01728272938.,Banglish,Apnar pawna taka joldi pathan [PHONE] .,False,True
normal,"কি খবর, হাই?",Bengali,"কি খবর, হাই?",False,False
normal,Kemon achen?,Banglish,Kemon achen?,False,False
normal,"Tomarii chokherii anginay, ekhono ki temoni kore chhoray alo? Ekhono ki tarar pane cheye thako an mone? Tumi ki amay ager moto bash bhalo?",Banglish,"Tomarii chokherii anginay, ekhono ki temoni kore chhoray alo? Ekhono ki tarar pane cheye thako an mone? Tumi ki amay ager moto bash bhalo?",False,False
normal,আজকে কি study করছো?,CodeMix,আজকে কি study করছো?,False,False
normal,01827382918 ei number e joruri taka pathan.,Banglish,[PHONE] ei number e joruri taka pathan.,False,True
normal,তুমি কি bus-এ যাচ্ছো?,CodeMix,তুমি কি bus-এ যাচ্ছো?,False,False
normal,আসসালামু আলাইকুম।,Bengali,আসসালামু আলাইকুম।,False,False
normal,Kalke amar phone kharap hoye geche. Repair korte jete holo New Market. Mechanic bolse motherboard change korte hobe.,Banglish,Kalke amar phone kharap hoye geche. Repair korte jete holo New Market. Mechanic bolse motherboard change korte hobe.,False,False
normal,"তুমি কি new series টা দেখেছ? It's trending everywhere, you should watch.",CodeMix,"তুমি কি new series টা দেখেছ? It's trending everywhere, you should watch.",False,False
normal,"আপনি যদি Islam practice না করেন, please Islam সম্পর্কে কিছু বলতে আসবেন না! -[Dr: Zakir Naik]",CodeMix,"আপনি যদি Islam practice না করেন, please Islam সম্পর্কে কিছু বলতে আসবেন না! -[Dr: Zakir Naik]",False,False
normal,I have a vision with an organization that has value with another perspective.,English,I have a vision with an organization that has value with another perspective.,False,False
normal,"সবকিছু ঠিকঠাক হবে, চিন্তা কোরো না।",Bengali,"সবকিছু ঠিকঠাক হবে, চিন্তা কোরো না।",False,False
normal,তোমার fever better হয়েছে? Drink plenty of fluids and rest.,CodeMix,তোমার fever better হয়েছে? Drink plenty of fluids and rest.,False,False
normal,তুমি কি মিটিংয়ে যাচ্ছো?,Bengali,তুমি কি মিটিংয়ে যাচ্ছো?,False,False
normal,Happy anniversary to both of you! May your love story continue to inspire everyone around you.,English,Happy anniversary to both of you! May your love story continue to inspire everyone around you.,False,False
normal,এই কষ্টটাও কেটে যাবে।,Bengali,এই কষ্টটাও কেটে যাবে।,False,False
normal,Did you go shopping?,English,Did you go shopping?,False,False
normal,Send TK 500 to Rocket at this number 01827281739.,English,Send TK 500 to Rocket at this number [PHONE] .,False,True
normal,Exam এর জন্য পড়াশোনা কেমন চলছে? I am so stressed about the final exam।,CodeMix,Exam এর জন্য পড়াশোনা কেমন চলছে? I am so stressed about the final exam।,False,False
normal,ব্যায়াম করতে অভ্যাস করতে হবে।,Bengali,ব্যায়াম করতে অভ্যাস করতে হবে।,False,False
normal,"সাফল্য তোমার দিকে আসবে, ধৈর্য ধরো।",Bengali,"সাফল্য তোমার দিকে আসবে, ধৈর্য ধরো।",False,False
normal,আজ তোমার school-এর কী কাজ হয়েছে?,CodeMix,আজ তোমার school-এর কী কাজ হয়েছে?,False,False
normal,Ami ki korte pari?,Banglish,Ami ki korte pari?,False,False
normal,কেমন চলছে তোমার দিন?,Bengali,কেমন চলছে তোমার দিন?,False,False
normal,প্রাণ চলার জন্য আমার favorite place বার্বিকিউট।,CodeMix,প্রাণ চলার জন্য আমার favorite place বার্বিকিউট।,False,False
normal,"Kalke Coffee House e friends der sathe adda chilo. Cha, snacks, ar endless golpo. Ekta bhalo memory hoye gelo.",Banglish,"Kalke Coffee House e friends der sathe adda chilo. Cha, snacks, ar endless golpo. Ekta bhalo memory hoye gelo.",False,False
normal,আশা করি তোমার success হোক!,CodeMix,আশা করি তোমার success হোক!,False,False
normal,"Hi Shumi, coffee খেতে আসো আজ? অনেক gossip share করতে হবে, time fix করি",CodeMix,"Hi Shumi, coffee খেতে আসো আজ? অনেক gossip share করতে হবে, time fix করি",False,False
normal,"Priyo grahok, apnar bidyut bill baki royeche 3045/- taka, joldi porishod korun.",Banglish,"Priyo grahok, apnar bidyut bill baki royeche 3045/- taka, joldi porishod korun.",False,False
normal,কালকে class এ আসবা তো? আমরা বাসা থেকে একসাথে যাই। After class coffee খেতে যেতে পারি এবং একটু chat করি,CodeMix,কালকে class এ আসবা তো? আমরা বাসা থেকে একসাথে যাই। After class coffee খেতে যেতে পারি এবং একটু chat করি,False,False
normal,তুমি কখন come পারবো? আমি আপনার পাশে আছি।,CodeMix,তুমি কখন come পারবো? আমি আপনার পাশে আছি।,False,False
normal,"হাই, কি তুমি?",Bengali,"হাই, কি তুমি?",False,False
normal,The book fair at Bangla Academy was crowded but worth visiting.,English,The book fair at Bangla Academy was crowded but worth visiting.,False,False
normal,Happy first day of week!,CodeMix,Happy first day of week!,False,False
normal,"You are strong, you can do it.",English,"You are strong, you can do it.",False,False
normal,আজকে dinner এর জন্য কি plan? তুমি cook করতে চাও নাকি বাইরে order করি? Let me know before ৭ pm,CodeMix,আজকে dinner এর জন্য কি plan? তুমি cook করতে চাও নাকি বাইরে order করি? Let me know before ৭ pm,False,False
normal,Good morning! Don't forget about our lunch meeting at 1 PM. Looking forward to catching up.,English,Good morning! Don't forget about our lunch meeting at 1 PM. Looking forward to catching up.,False,False
normal,01672573848 namber-e call korun.,Banglish,[PHONE] namber-e call korun.,False,True
normal,Friday কি plan?,CodeMix,Friday কি plan?,False,False
normal,Tomar pashe ekta pathori achhe. Dhonnobad.,Banglish,Tomar pashe ekta pathori achhe. Dhonnobad.,False,False
normal,Call this number: 01672573848.,English,Call this number: [PHONE] .,False,True
normal,০১৮২৭২৮১৭৩৯ এই নাম্বারে রকেটে ৫০০ টাকা দাও।,Bengali,[PHONE] এই নাম্বারে রকেটে ৫০০ টাকা দাও।,False,True
normal,Ajkey tomar din kemon katchey?,Banglish,Ajkey tomar din kemon katchey?,False,False
normal,I'm so excited about the cricket match tonight. Bangladesh vs India!,English,I'm so excited about the cricket match tonight. Bangladesh vs India!,False,False
normal,"Dear customer, your electricity bill is due 3045/- taka, please pay soon.",English,"Dear customer, your electricity bill is due 3045/- taka, please pay soon.",False,False
normal,"আন্টি, আজ আপনার পরিবারের সবার খোঁজ নিলাম। সবাই ভালো তো?",Bengali,"আন্টি, আজ আপনার পরিবারের সবার খোঁজ নিলাম। সবাই ভালো তো?",False,False
normal,"My dear people who have problems in my family regarding life, I want to solve them.",English,"My dear people who have problems in my family regarding life, I want to solve them.",False,False
normal,"তুমি একা নও, আমরা আছি।",Bengali,"তুমি একা নও, আমরা আছি।",False,False
normal,Ami bhul mone hoy ebong ami eti somadhan korte chai.,Banglish,Ami bhul mone hoy ebong ami eti somadhan korte chai.,False,False
normal,"Brother, do I have to provide father's income certificate for admission?? Please tell me",English,"Brother, do I have to provide father's income certificate for admission?? Please tell me",False,False
normal,ভাইয়া admission-এর জন্য কি বাবার income certificate দিতেই হয়?? বলবেন একটু,CodeMix,ভাইয়া admission-এর জন্য কি বাবার income certificate দিতেই হয়?? বলবেন একটু,False,False
normal,"Kalke adda te onek moja holo. Sobai ek sathe boshe khawa dawa ar golpo korlam. Tui miss korli, next time please ekta din free kore ashish.",Banglish,"Kalke adda te onek moja holo. Sobai ek sathe boshe khawa dawa ar golpo korlam. Tui miss korli, next time please ekta din free kore ashish.",False,False
normal,কি খাবে? আজ মাংসের রান্না হচ্ছে। তুমি?,Bengali,কি খাবে? আজ মাংসের রান্না হচ্ছে। তুমি?,False,False
normal,Be someone who reminds you of Allah’s words. – \[Dr. Bilal Philips],English,Be someone who reminds you of Allah’s words. – \[Dr. Bilal Philips],False,False
normal,"Aajke Inaya k onek rojroja lagche, doctor er kache niye jabo.",Banglish,"Aajke Inaya k onek rojroja lagche, doctor er kache niye jabo.",False,False
normal,আমি যেন কিছু বলতে পারি না।,Bengali,আমি যেন কিছু বলতে পারি না।,False,False
normal,Ajke morning e balcony te cha kheye newspaper porlam. Khub peaceful laglo.,Banglish,Ajke morning e balcony te cha kheye newspaper porlam. Khub peaceful laglo.,False,False
normal,আপনার দিন কেমন কাটছে?,Bengali,আপনার দিন কেমন কাটছে?,False,False
normal,Thanks for listening to me vent about work problems yesterday.,English,Thanks for listening to me vent about work problems yesterday.,False,False
normal,Send money to this number: 01873828174,English,Send money to this number: [PHONE],False,True
normal,How’s কাটছে তোমার দিনটা?,CodeMix,How’s কাটছে তোমার দিনটা?,False,False
normal,There are two blessings in which most people suffer loss. They are health and leisure time. - [Muhammad (PBUH)],English,There are two blessings in which most people suffer loss. They are health and leisure time. - [Muhammad (PBUH)],False,False
normal,"আম্মু, আমি ট্রেনে উঠে গেছি। সন্ধ্যায় পৌঁছাবো।",Bengali,"আম্মু, আমি ট্রেনে উঠে গেছি। সন্ধ্যায় পৌঁছাবো।",False,False
normal,আজ dinner এর জন্য কি plan? তুমি cook করতে চাও নাকি বাইরে order করি? Let me know before ৮ pm,CodeMix,আজ dinner এর জন্য কি plan? তুমি cook করতে চাও নাকি বাইরে order করি? Let me know before ৮ pm,False,False
normal,তোমার দিন কেমন কাটছে?,Bengali,তোমার দিন কেমন কাটছে?,False,False
normal,আগামীকাল ঈদের শপিং করতে যাবো। তুমি কি যাবে সাথে?,Bengali,আগামীকাল ঈদের শপিং করতে যাবো। তুমি কি যাবে সাথে?,False,False
normal,"Ajke je mishti khelam, recipe ta kothay peyechen?",Banglish,"Ajke je mishti khelam, recipe ta kothay peyechen?",False,False
normal,Send money to this number via Rocket: 01729173862,English,Send money to this number via Rocket: [PHONE],False,True
normal,What's the news of your day?,English,What's the news of your day?,False,False
normal,The children's laughter in the park always brings a smile to my face.,English,The children's laughter in the park always brings a smile to my face.,False,False
normal,আমাদের কলেজে আগামী মাসে বার্ষিক অনুষ্ঠান হবে। সবাই প্রস্তুতি নিচ্ছে। আমরা একটা নাটক করার পরিকল্পনা করছি।,Bengali,আমাদের কলেজে আগামী মাসে বার্ষিক অনুষ্ঠান হবে। সবাই প্রস্তুতি নিচ্ছে। আমরা একটা নাটক করার পরিকল্পনা করছি।,False,False
normal,আমি কাল রাতের খেলা দেখিনি। তুমি কি বলতে পারো কারা জিতেছে?,Bengali,আমি কাল রাতের খেলা দেখিনি। তুমি কি বলতে পারো কারা জিতেছে?,False,False
normal,আমরা শুক্রবার গ্রামের বাড়ি যাচ্ছি। চাইলে তুমি আমাদের সাথে যেতে পারো।,Bengali,আমরা শুক্রবার গ্রামের বাড়ি যাচ্ছি। চাইলে তুমি আমাদের সাথে যেতে পারো।,False,False
normal,Ajker office meeting onek lamba holo. Manager boro project niye presentation dilo. Amar matha ghure jacchilo but onek kichu shikhlam.,Banglish,Ajker office meeting onek lamba holo. Manager boro project niye presentation dilo. Amar matha ghure jacchilo but onek kichu shikhlam.,False,False
normal,তুমি কি mountain-এ যাচ্ছো?,CodeMix,তুমি কি mountain-এ যাচ্ছো?,False,False
normal,"গত সপ্তাহে নতুন বই কিনেছিলাম। গল্পটা দারুণ, পড়তে শুরু করতেই ডুবে গেছি।",Bengali,"গত সপ্তাহে নতুন বই কিনেছিলাম। গল্পটা দারুণ, পড়তে শুরু করতেই ডুবে গেছি।",False,False
normal,সবচেয়ে সুন্দর পারবারিক কাজের জন্য আমি সময় দিতে চাই।,Bengali,সবচেয়ে সুন্দর পারবারিক কাজের জন্য আমি সময় দিতে চাই।,False,False
normal,"Apnar bidyut bill baki ache 7200/- taka, joruri.",Banglish,"Apnar bidyut bill baki ache 7200/- taka, joruri.",False,False
normal,Tumi ki office e jacho?,Banglish,Tumi ki office e jacho?,False,False
normal,"মা, আমি library থেকে returning, আপনার জন্য কি বই নিয়ে আসব? Let me know quickly.",CodeMix,"মা, আমি library থেকে returning, আপনার জন্য কি বই নিয়ে আসব? Let me know quickly.",False,False
normal,Shubho Mohashtomi!,Banglish,Shubho Mohashtomi!,False,False
normal,How's work going?,English,How's work going?,False,False
normal,আমি আমার life এর main আমাদের সঙ্গে সময় কাটাতে চাই।,CodeMix,আমি আমার life এর main আমাদের সঙ্গে সময় কাটাতে চাই।,False,False
normal," যখন তুমি দেখবে, নামাজের মধ্যে তোমার অন্তর উপস্থিত থাকছে না, তখন বুঝে নেবে, এটা ইমানের দূর্বলতার কারণ। কঠোর পরিশ্রম করো নিজের ঈমানকে মজবুত করার জন্য। -[ইমাম ইবনু কুদামাহ আল মাকদিসি (রহ.)]",Bengali,"যখন তুমি দেখবে, নামাজের মধ্যে তোমার অন্তর উপস্থিত থাকছে না, তখন বুঝে নেবে, এটা ইমানের দূর্বলতার কারণ। কঠোর পরিশ্রম করো নিজের ঈমানকে মজবুত করার জন্য। -[ইমাম ইবনু কুদামাহ আল মাকদিসি (রহ.)]",False,False
normal,এই যা আমি একটি solution দেওয়া হয় যে solution দিতে হবে।,CodeMix,এই যা আমি একটি solution দেওয়া হয় যে solution দিতে হবে।,False,False
normal,"Instead of Eid, Happy New Year!",English,"Instead of Eid, Happy New Year!",False,False
normal,Tomar choto bhai admission niyeche? Kon university te?,Banglish,Tomar choto bhai admission niyeche? Kon university te?,False,False
normal,Shuvo Bijoya Doshomi!,Banglish,Shuvo Bijoya Doshomi!,False,False
normal,"হ্যালো, কি করছো?",Bengali,"হ্যালো, কি করছো?",False,False
normal,01927283987 ei number e rocket e taka pathan.,Banglish,[PHONE] ei number e rocket e taka pathan.,False,True
normal,"Tui ajke class miss korli, sir blockchain niye boro lecture dilo. Ami sob note korechi, pore tui dekhbi.",Banglish,"Tui ajke class miss korli, sir blockchain niye boro lecture dilo. Ami sob note korechi, pore tui dekhbi.",False,False
normal,"Hi Shumi, তুমি কেমন আছো? আজকে coffee খেতে আসো না? অনেক কিছু catch up করতে হবে, time fix করি",CodeMix,"Hi Shumi, তুমি কেমন আছো? আজকে coffee খেতে আসো না? অনেক কিছু catch up করতে হবে, time fix করি",False,False
normal,তুমি কি থিয়েটারে যাচ্ছো?,Bengali,তুমি কি থিয়েটারে যাচ্ছো?,False,False
normal,Be patient to reach your goal.,English,Be patient to reach your goal.,False,False
normal,Pran cholar jonno amar priyo jayga barbecue.,Banglish,Pran cholar jonno amar priyo jayga barbecue.,False,False
normal,আমি নতুন একটা গিটার কিনেছি। এবার সত্যিই শেখা শুরু করবো।,Bengali,আমি নতুন একটা গিটার কিনেছি। এবার সত্যিই শেখা শুরু করবো।,False,False
normal,শুভ পোহেলা ফাল্গুন!,Bengali,শুভ পোহেলা ফাল্গুন!,False,False
normal,"হ্যালো, কি খবর?",Bengali,"হ্যালো, কি খবর?",False,False
normal,Hope you're enjoying your vacation in Cox's Bazar! The beach must look stunning.,English,Hope you're enjoying your vacation in Cox's Bazar! The beach must look stunning.,False,False
normal,"ধৈর্য ধরো, ভালো সময় আসবে।",Bengali,"ধৈর্য ধরো, ভালো সময় আসবে।",False,False
normal,"Shobkichu thikthak hobe, ami jani.",Banglish,"Shobkichu thikthak hobe, ami jani.",False,False
normal,I think I'm wrong and I want to solve this.,English,I think I'm wrong and I want to solve this.,False,False
normal,কালকে কি তুমi office যাবে? I need to collect the files.,CodeMix,কালকে কি তুমi office যাবে? I need to collect the files.,False,False
normal,The book you recommended was fantastic! Do you have any other similar suggestions for me?,English,The book you recommended was fantastic! Do you have any other similar suggestions for me?,False,False
normal,তোমার বাসা কতটুকু দূরে?,Bengali,তোমার বাসা কতটুকু দূরে?,False,False
normal,"You can do it, I know.",English,"You can do it, I know.",False,False
normal,What will you do today? I will do some new work. What about you?,English,What will you do today? I will do some new work. What about you?,False,False
normal,Tui ajke class e giyechilis? Sir onek bhalo ekta lecture dilo artificial intelligence niye. Ami khub enjoy korlam. Tore note diye debo.,Banglish,Tui ajke class e giyechilis? Sir onek bhalo ekta lecture dilo artificial intelligence niye. Ami khub enjoy korlam. Tore note diye debo.,False,False
normal,The homemade cake was delicious! Your baking skills improve with every attempt.,English,The homemade cake was delicious! Your baking skills improve with every attempt.,False,False
normal,Your courage is extraordinary.,English,Your courage is extraordinary.,False,False
normal,Shubho Lokkhmi Puja!,Banglish,Shubho Lokkhmi Puja!,False,False
normal,আজকে party করতে যাচ্ছি। তুমি join করছো কি? Let's enjoy and plan together।,CodeMix,আজকে party করতে যাচ্ছি। তুমি join করছো কি? Let's enjoy and plan together।,False,False
normal,"কখনো injustice, oppression-এর জন্য নিজের voice-কে রুখে দিও সত্য ও ন্যায়ের কথা বলতে।",CodeMix,"কখনো injustice, oppression-এর জন্য নিজের voice-কে রুখে দিও সত্য ও ন্যায়ের কথা বলতে।",False,False
normal,Kalke morning walk e onek fresh air pachhilam. Birds ar nature shune mon relax hoilo.,Banglish,Kalke morning walk e onek fresh air pachhilam. Birds ar nature shune mon relax hoilo.,False,False
normal,আজ বেলায় আমি স্কুলে গিয়েছিলাম।,Bengali,আজ বেলায় আমি স্কুলে গিয়েছিলাম।,False,False
normal,"Happy birthday! May this new year bring happiness, health and prosperity to your life.",English,"Happy birthday! May this new year bring happiness, health and prosperity to your life.",False,False
normal,"Hey, what's up? Haven't seen you in ages. How's everything going?",English,"Hey, what's up? Haven't seen you in ages. How's everything going?",False,False
normal,আজকে কি ক্লাস আছে? আমি schedule নিয়ে confused।,CodeMix,আজকে কি ক্লাস আছে? আমি schedule নিয়ে confused।,False,False
normal,তুমি কি cafe-তে যাচ্ছো?,CodeMix,তুমি কি cafe-তে যাচ্ছো?,False,False
normal,Shubho Kartik Purnima!,Banglish,Shubho Kartik Purnima!,False,False
normal,Tumi ki school e jaccho?,Banglish,Tumi ki school e jaccho?,False,False
normal,How's your day going?,English,How's your day going?,False,False
normal,Tomar priyo rong ki?,Banglish,Tomar priyo rong ki?,False,False
normal,আজ কেমন feel করছ? আমি fine। আপনার কেমন লাগছে?,CodeMix,আজ কেমন feel করছ? আমি fine। আপনার কেমন লাগছে?,False,False
normal,শুভ মহালয়া!,Bengali,শুভ মহালয়া!,False,False
normal,"তুমি কি favorite book পড়ছো? হ্যাঁ, famous book পড়ি।",CodeMix,"তুমি কি favorite book পড়ছো? হ্যাঁ, famous book পড়ি।",False,False
normal,হা হা হা ভালো কৌতুক। মেয়েরা অবস্থা অনুসন্ধানকারী।,Bengali,হা হা হা ভালো কৌতুক। মেয়েরা অবস্থা অনুসন্ধানকারী।,False,False
normal,"ক্ষমতা হলো সূর্যের আলোর মতো, তাতে কেউ আলোকিত হয় আবার কেউ পুড়ে শেষ হয়ে যায়।",Bengali,"ক্ষমতা হলো সূর্যের আলোর মতো, তাতে কেউ আলোকিত হয় আবার কেউ পুড়ে শেষ হয়ে যায়।",False,False
normal,তোমার time কোথায় যাচ্ছে?,CodeMix,তোমার time কোথায় যাচ্ছে?,False,False
normal,01672563741 এই number-এ টাকা পাঠা।,CodeMix,[PHONE] এই number-এ টাকা পাঠা।,False,True
normal,See you at the family gathering tomorrow. Mom is making everyone's favorite dishes!,English,See you at the family gathering tomorrow. Mom is making everyone's favorite dishes!,False,False
normal,"Ajker adda cancel korte hobe, amar matha khub betha hocche. Next week abar plan kori, tumi jodi time pasho.",Banglish,"Ajker adda cancel korte hobe, amar matha khub betha hocche. Next week abar plan kori, tumi jodi time pasho.",False,False
normal,The surprise party was amazing! Everyone had such a wonderful time celebrating with you.,English,The surprise party was amazing! Everyone had such a wonderful time celebrating with you.,False,False
normal,You can achieve whatever you want.,English,You can achieve whatever you want.,False,False
normal,How was your first day at the new office? Hope everything went smoothly and you liked the team.,English,How was your first day at the new office? Hope everything went smoothly and you liked the team.,False,False
normal,Happy Sick Day wishes!,English,Happy Sick Day wishes!,False,False
normal,Are you going to the cinema?,English,Are you going to the cinema?,False,False
normal,"আপা, তোমার pen টা দিতে পারবে? আমার লেখা করতে হবে।",CodeMix,"আপা, তোমার pen টা দিতে পারবে? আমার লেখা করতে হবে।",False,False
normal,What will you do today?,English,What will you do today?,False,False
normal,Tumi ki ekta cha pabe?,Banglish,Tumi ki ekta cha pabe?,False,False
normal,তোমার প্রিয় ঋতু কোনটা?,Bengali,তোমার প্রিয় ঋতু কোনটা?,False,False
normal,"Duniya orjon noy, duniya bimukhitaei royeche deho o moner proshanti. - [Umar Ibnul Khattab (Ra)]",Banglish,"Duniya orjon noy, duniya bimukhitaei royeche deho o moner proshanti. - [Umar Ibnul Khattab (Ra)]",False,False
normal,"Hi Rafiq, meeting time কাল confirm করেছো কি? আমি ready করতে চাই, so kindly reply asap",CodeMix,"Hi Rafiq, meeting time কাল confirm করেছো কি? আমি ready করতে চাই, so kindly reply asap",False,False
normal,কেমন চলছে তোমার দিনটি?,Bengali,কেমন চলছে তোমার দিনটি?,False,False
normal,"প্রিয় শিক্ষার্থী, আপনার টিউশন ফি আজ পর্যন্ত ২২,৯০০.০০ টাকা বকেয়া আছে। (পূর্বের লেট ফাইন ও বকেয়াসহ) চলতি মাসের টিউশন ফি (জরিমানা ছাড়া) ২০ই সেপ্টেম্বর, ২০২৪ মধ্যে পরিশোধ করুন। বিস্তারিত https://student.ulab.edu.bd/ লগইন করুন। (ULAB)",Bengali,"প্রিয় শিক্ষার্থী, আপনার টিউশন ফি আজ পর্যন্ত ২২,৯০০.০০ টাকা বকেয়া আছে। (পূর্বের লেট ফাইন ও বকেয়াসহ) চলতি মাসের টিউশন ফি (জরিমানা ছাড়া) ২০ই সেপ্টেম্বর, ২০২৪ মধ্যে পরিশোধ করুন। বিস্তারিত [URL] লগইন করুন। (ULAB)",True,False
normal,Kalke Adhika school er show program e perform korse. Sobai appreciate korlo ar clap korlo.,Banglish,Kalke Adhika school er show program e perform korse. Sobai appreciate korlo ar clap korlo.,False,False
normal,"Tawhid means all prayers, all weeping, all appeals for help, all hopes and prayers for the arrival of all good and prevention of all harm must be directed to no one else but only Allah. - [Imam Muhammad Ali Ash-Shawkani (Al Durr Al-Nadid)]",English,"Tawhid means all prayers, all weeping, all appeals for help, all hopes and prayers for the arrival of all good and prevention of all harm must be directed to no one else but only Allah. - [Imam Muhammad Ali Ash-Shawkani (Al Durr Al-Nadid)]",False,False
normal,"Everything will be fine, I know.",English,"Everything will be fine, I know.",False,False
normal,আপনি কি market যাবেন? I can join আপনার সাথে।,CodeMix,আপনি কি market যাবেন? I can join আপনার সাথে।,False,False
normal,Thanks for taking care of the plants while I was away. They look healthier than before!,English,Thanks for taking care of the plants while I was away. They look healthier than before!,False,False
normal,না বললে জানতামই না,Bengali,না বললে জানতামই না,False,False
normal,kemon acho tumi? ami thik achi. tumi ki notun kore?,Banglish,kemon acho tumi? ami thik achi. tumi ki notun kore?,False,False
normal,What’s happening? সব আমাকে বল।,CodeMix,What’s happening? সব আমাকে বল।,False,False
normal,Congratulations on your new job! Well deserved after all your hard work and dedication.,English,Congratulations on your new job! Well deserved after all your hard work and dedication.,False,False
normal,The weather is perfect for drying clothes outside. Finally some sunshine after days of rain!,English,The weather is perfect for drying clothes outside. Finally some sunshine after days of rain!,False,False
normal,"খালা, আজ আপনার ছেলের বিয়ের দাওয়াত। কয়টায় যেতে হবে?",Bengali,"খালা, আজ আপনার ছেলের বিয়ের দাওয়াত। কয়টায় যেতে হবে?",False,False
normal,কাল রাতে নতুন সিনেমা দেখলাম। গল্পটা দারুণ ছিল। আবার দেখতে ইচ্ছে করছে।,Bengali,কাল রাতে নতুন সিনেমা দেখলাম। গল্পটা দারুণ ছিল। আবার দেখতে ইচ্ছে করছে।,False,False
normal,What will you cook today?,English,What will you cook today?,False,False
normal,Tumi ki shohore jachcho?,Banglish,Tumi ki shohore jachcho?,False,False
normal,I want to spend the main time of my life with you.,English,I want to spend the main time of my life with you.,False,False
normal,"Ajke raat e power cut hobe, generator ready kore rakho.",Banglish,"Ajke raat e power cut hobe, generator ready kore rakho.",False,False
normal,Ami amar poribar er shonge ekta notun shomoy palon korte chai.,Banglish,Ami amar poribar er shonge ekta notun shomoy palon korte chai.,False,False
normal,"Patience ধরো, সব ঠিক হয়ে যাবে।",CodeMix,"Patience ধরো, সব ঠিক হয়ে যাবে।",False,False
normal,আপনি কেমন আছেন? I was thinking about yesterday’s meeting।,CodeMix,আপনি কেমন আছেন? I was thinking about yesterday’s meeting।,False,False
normal,তুমি কি বাসে যাচ্ছো?,Bengali,তুমি কি বাসে যাচ্ছো?,False,False
normal,০১৬৭২৫৭৩৮৫৭ নাম্বারে বিকাশ করুন।,Bengali,[PHONE] নাম্বারে বিকাশ করুন।,False,True
normal,"Tumi shoktishali, tumi parbe.",Banglish,"Tumi shoktishali, tumi parbe.",False,False
normal,আমাকে কল দিন ০১৭২৪৩৮৩৯৮৭ এই নাম্বারে,Bengali,আমাকে কল দিন [PHONE] এই নাম্বারে,False,True
normal,কি খাবে? আজ meat রান্না হচ্ছে। তুমি?,CodeMix,কি খাবে? আজ meat রান্না হচ্ছে। তুমি?,False,False
normal,Amar ekta shomoshya ache.,Banglish,Amar ekta shomoshya ache.,False,False
normal,শাওন বলছে শনিবার একটা ক্রিকেট ম্যাচ হবে। আমরা সবাই খেলতে যাচ্ছি। তুমি আসবে তো?,Bengali,শাওন বলছে শনিবার একটা ক্রিকেট ম্যাচ হবে। আমরা সবাই খেলতে যাচ্ছি। তুমি আসবে তো?,False,False
normal,"কখনো অন্যায়, অত্যাচারের জন্য নিজের আওয়াজকে রুখে দিও সত্য ও ন্যায়ের কথা বলতে।",Bengali,"কখনো অন্যায়, অত্যাচারের জন্য নিজের আওয়াজকে রুখে দিও সত্য ও ন্যায়ের কথা বলতে।",False,False
normal,Amar ki korte hobe bolo.,Banglish,Amar ki korte hobe bolo.,False,False
normal,টাকাটা bKash বা Rocket এ পাঠান – number: 017291828181,CodeMix,টাকাটা bKash বা Rocket এ পাঠান – number: [PHONE],False,True
normal,শুভ Bijaya Dashami!,CodeMix,শুভ Bijaya Dashami!,False,False
normal,আজকের দুপুরে বড় বৃষ্টি হচ্ছে।,Bengali,আজকের দুপুরে বড় বৃষ্টি হচ্ছে।,False,False
normal,01827382739 এই number-এ দ্রুত money পাঠাও।,CodeMix,[PHONE] এই number-এ দ্রুত money পাঠাও।,False,True
normal,০১৬৭২৫৭৩৮৭৩ number-এ quickly bKash করুন।,CodeMix,[PHONE] number-এ quickly bKash করুন।,False,True
normal,What is your favorite color?,English,What is your favorite color?,False,False
normal,Tomar jonno ekta bhalo din!,Banglish,Tomar jonno ekta bhalo din!,False,False
normal,"This is Salim's number, call him when you come 01738838838",English,"This is Salim's number, call him when you come [PHONE]",False,True
normal,তুমি কি রবিবারে ফ্রি আছো? কফিশপে বসে কিছু সময় কাটাতে চাই।,Bengali,তুমি কি রবিবারে ফ্রি আছো? কফিশপে বসে কিছু সময় কাটাতে চাই।,False,False
normal,আপনি কেমন আছেন? I was thinking about yesterday’s class।,CodeMix,আপনি কেমন আছেন? I was thinking about yesterday’s class।,False,False
normal,আশা করি তোমার দিনটি ভালো কাটুক!,Bengali,আশা করি তোমার দিনটি ভালো কাটুক!,False,False
normal,Mama bari giyechili kalke? Shobai kemon ache?,Banglish,Mama bari giyechili kalke? Shobai kemon ache?,False,False
normal,আজ সকালে বিদ্যুৎ ছিল না। সবকিছু গরম ও অস্বস্তিকর লাগছিল।,Bengali,আজ সকালে বিদ্যুৎ ছিল না। সবকিছু গরম ও অস্বস্তিকর লাগছিল।,False,False
normal,"নানি, আপনার জন্য ওষুধ এনেছি। নিয়মিত খাবেন।",Bengali,"নানি, আপনার জন্য ওষুধ এনেছি। নিয়মিত খাবেন।",False,False
normal,তুমি কি পরিবারের সাথে আছো?,Bengali,তুমি কি পরিবারের সাথে আছো?,False,False
normal,Ajke office e ekta new colleague eshechhe. Sobai sathe friendly behave korche. Amar bhalo laglo.,Banglish,Ajke office e ekta new colleague eshechhe. Sobai sathe friendly behave korche. Amar bhalo laglo.,False,False
normal,01827283747 number e bKash korun.,Banglish,[PHONE] number e bKash korun.,False,True
normal,Ajke ki ranna korbe?,Banglish,Ajke ki ranna korbe?,False,False
normal,"তুমি alone নও, I'm here।",CodeMix,"তুমি alone নও, I'm here।",False,False
normal,০১৮২৭২৮৩৭৪৭ নাম্বারে বিকাশ করুন।,Bengali,[PHONE] নাম্বারে বিকাশ করুন।,False,True
normal,"Apnar pawna 800/- TK, druto porishodh korun.",Banglish,"Apnar pawna 800/- TK, druto porishodh korun.",False,False
normal,Kalke family shobai sathe boshe dinner korlam. Maa boro table e boro ranna korse. Sobai golpo korte korte khawa dawa holo. Khub moja laglo.,Banglish,Kalke family shobai sathe boshe dinner korlam. Maa boro table e boro ranna korse. Sobai golpo korte korte khawa dawa holo. Khub moja laglo.,False,False
normal,"Priyo shikkharthi, apnar tuition fee aj porjonto 32,450.00 taka bokeya ache. (Purber late fine o bokeyashoho) Cholti masher tuition fee (jorimana chara) 10i September, 2024 modhye porishodh korun. Bistarito https://student.iubat.edu.bd/ login korun. (IUBAT)",Banglish,"Priyo shikkharthi, apnar tuition fee aj porjonto 32,450.00 taka bokeya ache. (Purber late fine o bokeyashoho) Cholti masher tuition fee (jorimana chara) 10i September, 2024 modhye porishodh korun. Bistarito [URL] login korun. (IUBAT)",True,False
normal,Bhalobasha khub dami jinish. Jotno kore rakhte hoy. Karon bhalobasha ekbar hariye gele jibne ar kono din fire paowa jay na।,Banglish,Bhalobasha khub dami jinish. Jotno kore rakhte hoy. Karon bhalobasha ekbar hariye gele jibne ar kono din fire paowa jay na।,False,False
normal,"Aj tomar kache ashte parbo na? Hyan, ami ekhane royechi. Apni ki chan?",Banglish,"Aj tomar kache ashte parbo na? Hyan, ami ekhane royechi. Apni ki chan?",False,False
normal,"০১৮২৭২৮৩৮৭৩ এই নাম্বারে কল করুন, জরুরি।",Bengali,"[PHONE] এই নাম্বারে কল করুন, জরুরি।",False,True
normal,এটি IQ test part-এর একটি অংশ।,CodeMix,এটি IQ test part-এর একটি অংশ।,False,False
normal,আমি আমার পরিবারের সঙ্গে একটি নতুন সময় পালন করতে চাই।,Bengali,আমি আমার পরিবারের সঙ্গে একটি নতুন সময় পালন করতে চাই।,False,False
normal,"Bhai, 
Azhar bhai apnar shathe dekha korte bollo. M. Phil er Synopsis niye ",Banglish,"Bhai, Azhar bhai apnar shathe dekha korte bollo. M. Phil er Synopsis niye",False,False
normal,"বাবা, আমার এক্সামের রেজাল্ট ভালো হয়েছে। A+ পেয়েছি।",Bengali,"বাবা, আমার এক্সামের রেজাল্ট ভালো হয়েছে। A+ পেয়েছি।",False,False
normal,Weekend e cinema hall e chhoto ekta adventure movie dekha plan. Sobai ready thakbe?,Banglish,Weekend e cinema hall e chhoto ekta adventure movie dekha plan. Sobai ready thakbe?,False,False
normal,"তুমি parbe, I know।",CodeMix,"তুমি parbe, I know।",False,False
normal,০১৭২৮২৯১৭৬৫ এই number-এ rocket-এ ৫০০ টাকা দাও।,CodeMix,[PHONE] এই number-এ rocket-এ ৫০০ টাকা দাও।,False,True
normal,shuvo Pohela Boishakh er preeti o shubhechha!,Banglish,shuvo Pohela Boishakh er preeti o shubhechha!,False,False
normal,"প্রিয় আম্মু, আমি এতক্ষণ হাসপাতালে ছিলাম বাবার সাথে। ডাক্তার বলেছেন অপারেশন খুবই সফল হয়েছে এবং বাবার অবস্থা স্থিতিশীল। আর কোন জটিলতা নেই এবং আগামী সপ্তাহেই বাবাকে ছেড়ে দেওয়া হবে। তবে কিছুদিন বিশ্রামে থাকতে হবে এবং ভারী কাজকর্ম করা যাবে না। আপনি চিন্তা করবেন না, আমি এখানেই থাকবো যতদিন প্রয়োজন। আর হ্যাঁ, বাবা আপনাকে খুব মিস করছেন, তিনি বলেছেন আপনি যেন তাড়াতাড়ি এসে তার সাথে দেখা করেন।",Bengali,"প্রিয় আম্মু, আমি এতক্ষণ হাসপাতালে ছিলাম বাবার সাথে। ডাক্তার বলেছেন অপারেশন খুবই সফল হয়েছে এবং বাবার অবস্থা স্থিতিশীল। আর কোন জটিলতা নেই এবং আগামী সপ্তাহেই বাবাকে ছেড়ে দেওয়া হবে। তবে কিছুদিন বিশ্রামে থাকতে হবে এবং ভারী কাজকর্ম করা যাবে না। আপনি চিন্তা করবেন না, আমি এখানেই থাকবো যতদিন প্রয়োজন। আর হ্যাঁ, বাবা আপনাকে খুব মিস করছেন, তিনি বলেছেন আপনি যেন তাড়াতাড়ি এসে তার সাথে দেখা করেন।",False,False
normal,You need to get into the habit of exercising.,English,You need to get into the habit of exercising.,False,False
normal,Ajker class kemon holo?,Banglish,Ajker class kemon holo?,False,False
normal,আজকের পরিকল্পনা কি?,Bengali,আজকের পরিকল্পনা কি?,False,False
normal,"কালকে holiday announced, so we can relax.",CodeMix,"কালকে holiday announced, so we can relax.",False,False
normal,"Sorry, আমি meeting-এ পরে phone করবো।",CodeMix,"Sorry, আমি meeting-এ পরে phone করবো।",False,False
normal,"TK 1000/- has been paid from your account, call to complain.",English,"TK 1000/- has been paid from your account, call to complain.",False,False
normal,আমাদের কলেজে আগামী সপ্তাহে সাংস্কৃতিক অনুষ্ঠান হবে। তুমি আসবে তো?,Bengali,আমাদের কলেজে আগামী সপ্তাহে সাংস্কৃতিক অনুষ্ঠান হবে। তুমি আসবে তো?,False,False
normal,শুভ নভেম্বর!,Bengali,শুভ নভেম্বর!,False,False
normal,"Exam er stress barse din din, amar raat din study korte hochhe. Tui kemon preparation korchis? Amader plan kora uchit ek sathe study korar.",Banglish,"Exam er stress barse din din, amar raat din study korte hochhe. Tui kemon preparation korchis? Amader plan kora uchit ek sathe study korar.",False,False
normal,আজকে দুপুরে মোবাইলের চার্জ শেষ হয়ে গিয়েছিলো। একেবারে অফলাইনে ছিলাম।,Bengali,আজকে দুপুরে মোবাইলের চার্জ শেষ হয়ে গিয়েছিলো। একেবারে অফলাইনে ছিলাম।,False,False
normal,"আম্মু, আমি অফিস থেকে সবজি কিনে নিয়ে আসবো। লিস্ট পাঠান।",Bengali,"আম্মু, আমি অফিস থেকে সবজি কিনে নিয়ে আসবো। লিস্ট পাঠান।",False,False
normal,"দুনিয়া অর্জন নয়, দুনিয়া বিমুখীতাতেই রয়েছে দেহ ও মনের প্রশান্তি। - [উমার ইবনুল খাত্তাব (রা)]",Bengali,"দুনিয়া অর্জন নয়, দুনিয়া বিমুখীতাতেই রয়েছে দেহ ও মনের প্রশান্তি। - [উমার ইবনুল খাত্তাব (রা)]",False,False
normal,০১৮২৭৩৮২৯১৮ এই নাম্বারে জরুরি টাকা পাঠান।,Bengali,[PHONE] এই নাম্বারে জরুরি টাকা পাঠান।,False,True
normal,What will you eat? আমি মাছের কারি খাচ্ছি। তুমি?,CodeMix,What will you eat? আমি মাছের কারি খাচ্ছি। তুমি?,False,False
normal,Thanks for the surprise birthday cake! It was such a sweet gesture. You made my day special.,English,Thanks for the surprise birthday cake! It was such a sweet gesture. You made my day special.,False,False
normal,"01827382785 ei number e call korun, TK dorkar.",Banglish,"[PHONE] ei number e call korun, TK dorkar.",False,True
normal,Ki khobor tomar din?,Banglish,Ki khobor tomar din?,False,False
normal,"Kalke jamuna future park e giyechilam. New food court open hoyeche, khub moja kore khawa dawa korlam. Tore sathe next time ek sathe giye explore korte parbo.",Banglish,"Kalke jamuna future park e giyechilam. New food court open hoyeche, khub moja kore khawa dawa korlam. Tore sathe next time ek sathe giye explore korte parbo.",False,False
normal,Shubho bibaho barshiki!,Banglish,Shubho bibaho barshiki!,False,False
normal,আজকে আমি একটি নতুন রেস্টুরেন্টে যাব।,Bengali,আজকে আমি একটি নতুন রেস্টুরেন্টে যাব।,False,False
normal,Khalar bill ta dile upokar hoto dite parteshina ektu shahajjo koro khalar bill ta diya dei,Banglish,Khalar bill ta dile upokar hoto dite parteshina ektu shahajjo koro khalar bill ta diya dei,False,False
normal,কালকের training session cancel হয়েছে। নতুন date পরে জানানো হবে। Please inform all teammates,CodeMix,কালকের training session cancel হয়েছে। নতুন date পরে জানানো হবে। Please inform all teammates,False,False
normal,"চাচা, আজ ইফতারে আমাদের বাসায় আসবেন। আম্মু খুশি হবেন।",Bengali,"চাচা, আজ ইফতারে আমাদের বাসায় আসবেন। আম্মু খুশি হবেন।",False,False
normal,That person is cursed who dies but his bad deeds remain in the world. — [Abu Bakr (Radiyallahu Anhu)],English,That person is cursed who dies but his bad deeds remain in the world. — [Abu Bakr (Radiyallahu Anhu)],False,False
normal,Shubho ratri!,Banglish,Shubho ratri!,False,False
normal,"আপু, বাজার থেকে দুধ আনতে ভুলো না। রাতে পায়েস বানাবো।",Bengali,"আপু, বাজার থেকে দুধ আনতে ভুলো না। রাতে পায়েস বানাবো।",False,False
normal,আমি এই বছরে অনেক বই পড়তে চাই।,Bengali,আমি এই বছরে অনেক বই পড়তে চাই।,False,False
normal,Will you go for a morning walk?,English,Will you go for a morning walk?,False,False
normal,Are you playing sports?,English,Are you playing sports?,False,False
normal,আপনার mama ফোন করেছিল? I didn’t get any message।,CodeMix,আপনার mama ফোন করেছিল? I didn’t get any message।,False,False
normal,আমার জন্য একটু অপেক্ষা করো। I am running late। 40 minutes এর মধ্যে চলে আসছি।,CodeMix,আমার জন্য একটু অপেক্ষা করো। I am running late। 40 minutes এর মধ্যে চলে আসছি।,False,False
normal,"আজ দুপুরে বাজারে গিয়েছিলাম। সবজির দাম একেবারে আকাশছোঁয়া। টমেটো ৯০ টাকা কেজি, পেঁয়াজ ৮০ টাকা। বুঝতে পারছি না এভাবে কতদিন চলবে।",Bengali,"আজ দুপুরে বাজারে গিয়েছিলাম। সবজির দাম একেবারে আকাশছোঁয়া। টমেটো ৯০ টাকা কেজি, পেঁয়াজ ৮০ টাকা। বুঝতে পারছি না এভাবে কতদিন চলবে।",False,False
normal,আজ বিকেলে রাস্তায় হাঁটতে গিয়েছিলাম। বাতাসটা ঠাণ্ডা ও মনোরম ছিল।,Bengali,আজ বিকেলে রাস্তায় হাঁটতে গিয়েছিলাম। বাতাসটা ঠাণ্ডা ও মনোরম ছিল।,False,False
normal,বিদ্যালয়ের book পড়া খুব favorite।,CodeMix,বিদ্যালয়ের book পড়া খুব favorite।,False,False
normal,আজকে dinner এর জন্য কি plan? তুমি কিছু cook করতে চাও নাকি বাইরে order করি? Let me know,CodeMix,আজকে dinner এর জন্য কি plan? তুমি কিছু cook করতে চাও নাকি বাইরে order করি? Let me know,False,False
normal,তুমি কি gym এ যাচ্ছো?,CodeMix,তুমি কি gym এ যাচ্ছো?,False,False
normal,"খালু, আপনার স্বাস্থ্য কেমন? নিয়মিত চেকআপ করাচ্ছেন তো?",Bengali,"খালু, আপনার স্বাস্থ্য কেমন? নিয়মিত চেকআপ করাচ্ছেন তো?",False,False
normal,আমার জন্য একটু অপেক্ষা করো। I am running late। 25 minutes এর মধ্যে চলে আসছি।,CodeMix,আমার জন্য একটু অপেক্ষা করো। I am running late। 25 minutes এর মধ্যে চলে আসছি।,False,False
normal,বাড়ির পাশে একটি host রাখা হয়।,CodeMix,বাড়ির পাশে একটি host রাখা হয়।,False,False
normal,Ha ha ha good joke. Girls are investigators of situations.,English,Ha ha ha good joke. Girls are investigators of situations.,False,False
normal,Ajker rastar jam ekdom unbearable chhilo. Amar office pouchote 2 ghonta laglo. Stress full day.,Banglish,Ajker rastar jam ekdom unbearable chhilo. Amar office pouchote 2 ghonta laglo. Stress full day.,False,False
normal,Ami ekta notun kaj shuru korte chai.,Banglish,Ami ekta notun kaj shuru korte chai.,False,False
normal,Thanks for picking up the kids from school today. Really appreciate your help during busy times.,English,Thanks for picking up the kids from school today. Really appreciate your help during busy times.,False,False
normal,"Kosto peyo na, shob thik hoye jabe.",Banglish,"Kosto peyo na, shob thik hoye jabe.",False,False
normal,শুভ সরস্বতী পূজা!,Bengali,শুভ সরস্বতী পূজা!,False,False
normal,What is your favorite song?,English,What is your favorite song?,False,False
normal,What's new with you?,English,What's new with you?,False,False
normal,আশা করি তোমার সফল হোক!,Bengali,আশা করি তোমার সফল হোক!,False,False
normal,I finally finished that 1000-piece puzzle we started last month.,English,I finally finished that 1000-piece puzzle we started last month.,False,False
normal,০১৮২৭২৮৩৯৬৩ নাম্বারে কল করুন।,Bengali,[PHONE] নাম্বারে কল করুন।,False,True
normal,"বাবা, আমি নতুন জায়গায় ভালো আছি। চিন্তা করবেন না।",Bengali,"বাবা, আমি নতুন জায়গায় ভালো আছি। চিন্তা করবেন না।",False,False
normal,তোমার সকল wish পূরণ হোক!,CodeMix,তোমার সকল wish পূরণ হোক!,False,False
normal,এই যাত্রার জন্য বাড়িতে আসতে চাই।,Bengali,এই যাত্রার জন্য বাড়িতে আসতে চাই।,False,False
normal,Quickly do bKash to number 01672573879.,English,Quickly do bKash to number [PHONE] .,False,True
normal,তোমার পরিশ্রম সার্থক হবে।,Bengali,তোমার পরিশ্রম সার্থক হবে।,False,False
normal,"Tomar pashe achi, kono chinta koro na.",Banglish,"Tomar pashe achi, kono chinta koro na.",False,False
normal,ব্যবসায়ী হওয়া অপরাধ না কিন্তু রাজনৈতিক প্রভাব খাটিয়ে ব্যবসায়ী হওয়া বড় অপরাধ। কারণ এই ব্যবসায়ীদের অর্জিত অর্থের বেশিরভাগই আসে সাধারণ মানুষের রক্তচোষা টাকা থেকে। — রেদোয়ান মাসুদ,Bengali,ব্যবসায়ী হওয়া অপরাধ না কিন্তু রাজনৈতিক প্রভাব খাটিয়ে ব্যবসায়ী হওয়া বড় অপরাধ। কারণ এই ব্যবসায়ীদের অর্জিত অর্থের বেশিরভাগই আসে সাধারণ মানুষের রক্তচোষা টাকা থেকে। — রেদোয়ান মাসুদ,False,False
normal,How are you friends?,English,How are you friends?,False,False
normal,kemon achhen apni?,Banglish,kemon achhen apni?,False,False
normal,Can you send me the photos from last night? আমি ছবি তুলতে ভুলে গিয়েছিলাম।,CodeMix,Can you send me the photos from last night? আমি ছবি তুলতে ভুলে গিয়েছিলাম।,False,False
normal,Congratulations on your new job! Let's celebrate this weekend. Dinner is on me!,English,Congratulations on your new job! Let's celebrate this weekend. Dinner is on me!,False,False
normal,"Priyo shikkharthi, apnar tuition fee aj porjonto 27,950.00 taka bokeya ache. (Purber late fine o bokeya shoho) cholti masher tuition fee (jorimana chara) 22i September, 2024 moddhe porishod korun. Bistarito https://student.northsouth.edu.bd/ login korun. (North South)",Banglish,"Priyo shikkharthi, apnar tuition fee aj porjonto 27,950.00 taka bokeya ache. (Purber late fine o bokeya shoho) cholti masher tuition fee (jorimana chara) 22i September, 2024 moddhe porishod korun. Bistarito [URL] login korun. (North South)",True,False
normal,Send bKash to 01827283747.,English,Send bKash to [PHONE] .,False,True
normal,Dinner এ কি plan? আমার অনেক biriyani খেতে ইচ্ছে করছে from Old Dhaka।,CodeMix,Dinner এ কি plan? আমার অনেক biriyani খেতে ইচ্ছে করছে from Old Dhaka।,False,False
normal,Tomader din kemon katche?,Banglish,Tomader din kemon katche?,False,False
normal,তুমি কি museum-এ যাচ্ছো?,CodeMix,তুমি কি museum-এ যাচ্ছো?,False,False
normal,"Ajke chhoto bhai amar sathe football khelte giye, amazing goal korlo. Sobai cheer kore.",Banglish,"Ajke chhoto bhai amar sathe football khelte giye, amazing goal korlo. Sobai cheer kore.",False,False
normal,Kal ki korcho?,Banglish,Kal ki korcho?,False,False
normal,তোমার দিন কেমন চলছে?,Bengali,তোমার দিন কেমন চলছে?,False,False
normal,আজ রাতে সবাই মিলে ডিনারের প্ল্যান করেছি। অনেকদিন হলো একসাথে বসে গল্প করা হয়নি। চাইলে তুমিও চলে আসতে পারো।,Bengali,আজ রাতে সবাই মিলে ডিনারের প্ল্যান করেছি। অনেকদিন হলো একসাথে বসে গল্প করা হয়নি। চাইলে তুমিও চলে আসতে পারো।,False,False
normal,"Peace of body and mind lies not in worldly achievement, but in worldly detachment. - [Umar Ibn Al-Khattab (RA)]",English,"Peace of body and mind lies not in worldly achievement, but in worldly detachment. - [Umar Ibn Al-Khattab (RA)]",False,False
normal,"What's up, hello?",English,"What's up, hello?",False,False
normal,Tomar posha prani kemon ache?,Banglish,Tomar posha prani kemon ache?,False,False
normal,"Ekhon train e, network weak, message late pele sorry.",Banglish,"Ekhon train e, network weak, message late pele sorry.",False,False
normal,"Train er ticket kete rakhchi, Chittagong jabo Sunday te.",Banglish,"Train er ticket kete rakhchi, Chittagong jabo Sunday te.",False,False
normal,shobcheye shundor poribarik kajer jonno ami somoy dite chai.,Banglish,shobcheye shundor poribarik kajer jonno ami somoy dite chai.,False,False
normal,"Hi, ki tumi?",Banglish,"Hi, ki tumi?",False,False
normal,I want to read many books this year.,English,I want to read many books this year.,False,False
normal,"আপনার মেয়ে হাসপাতালে, জলদি টাকা পাঠান ০১৮২৮১৭৩৯১২।",Bengali,"আপনার মেয়ে হাসপাতালে, জলদি টাকা পাঠান [PHONE] ।",False,True
normal,The presentation went really well today. The client seemed very impressed with our proposal.,English,The presentation went really well today. The client seemed very impressed with our proposal.,False,False
normal,Thanks for listening when I needed someone to talk to. Your friendship means everything to me.,English,Thanks for listening when I needed someone to talk to. Your friendship means everything to me.,False,False
normal,০১৬৭২৫৬৩৭৪১ এই নাম্বারে টাকা পাঠা।,Bengali,[PHONE] এই নাম্বারে টাকা পাঠা।,False,True
normal,The weather forecast shows thunderstorms. Better cancel the outdoor barbecue and plan something indoors instead.,English,The weather forecast shows thunderstorms. Better cancel the outdoor barbecue and plan something indoors instead.,False,False
normal,Shuvo shondhya!,Banglish,Shuvo shondhya!,False,False
normal,আজ কেমন লাগছে তোমাকে? ঠিক আছি। আপনার কেমন লাগছে?,Bengali,আজ কেমন লাগছে তোমাকে? ঠিক আছি। আপনার কেমন লাগছে?,False,False
normal,Ami ekhane.,Banglish,Ami ekhane.,False,False
normal,Let's go on a trip next week। আমরা কোথায় যাবো?,CodeMix,Let's go on a trip next week। আমরা কোথায় যাবো?,False,False
normal,Tumi ki tram-e jachcho?,Banglish,Tumi ki tram-e jachcho?,False,False
normal,I can't believe how quickly the kids are growing up these days.,English,I can't believe how quickly the kids are growing up these days.,False,False
normal,"হ্যাঁ, আমাদের সময় লাগছিল",Bengali,"হ্যাঁ, আমাদের সময় লাগছিল",False,False
normal,"ধৈর্য ধরো, সব ঠিক হয়ে যাবে।",Bengali,"ধৈর্য ধরো, সব ঠিক হয়ে যাবে।",False,False
normal,"Hi Arif, library study session কাল হবে। তুমি join করছো কি? Let’s meet around ৫ pm এবং notes share করি",CodeMix,"Hi Arif, library study session কাল হবে। তুমি join করছো কি? Let’s meet around ৫ pm এবং notes share করি",False,False
normal,What's new?,English,What's new?,False,False
normal,"আমি ঠিক আছি, আপনি কেমন আছেন?",Bengali,"আমি ঠিক আছি, আপনি কেমন আছেন?",False,False
normal,আপনার গাড়ির সার্ভিসিং-এর সময়সীমা শেষ হয়ে গেছে। দ্রুত যোগাযোগ করুন ০১৮৭৬৫৪৩২১।,Bengali,আপনার গাড়ির সার্ভিসিং-এর সময়সীমা শেষ হয়ে গেছে। দ্রুত যোগাযোগ করুন [PHONE] ।,False,True
normal,"Mama, apnar swasthyo kemon? Doctor er kache giechen?",Banglish,"Mama, apnar swasthyo kemon? Doctor er kache giechen?",False,False
normal,Send urgent money to this number 01738273828.,English,Send urgent money to this number [PHONE] .,False,True
normal,আজকের your day কেমন কাটছে?,CodeMix,আজকের your day কেমন কাটছে?,False,False
normal,Tumi ki restaurant e jaccho?,Banglish,Tumi ki restaurant e jaccho?,False,False
normal,"Hi Rafiq, কালকের meeting time confirm করেছো কি? আমি planning করতে চাই, so kindly reply as soon as possible",CodeMix,"Hi Rafiq, কালকের meeting time confirm করেছো কি? আমি planning করতে চাই, so kindly reply as soon as possible",False,False
normal,"Ami class theke just ber hoyechi, tumi kothay aso?",Banglish,"Ami class theke just ber hoyechi, tumi kothay aso?",False,False
normal,"Hi Arif, কালকে library এ study session হবে। তুমি আসছো কি? Let’s meet around ৫ pm and discuss notes",CodeMix,"Hi Arif, কালকে library এ study session হবে। তুমি আসছো কি? Let’s meet around ৫ pm and discuss notes",False,False
normal,Kemon cholchhe tomar din?,Banglish,Kemon cholchhe tomar din?,False,False
normal,তুমি কি university-তে যাচ্ছো?,CodeMix,তুমি কি university-তে যাচ্ছো?,False,False
normal,আপনার ভাই কি ঠিক আছে? I didn’t hear from him today।,CodeMix,আপনার ভাই কি ঠিক আছে? I didn’t hear from him today।,False,False
normal,"মামা, আগামীকাল আমাদের বাসায় আসবেন? খিচুড়ি রান্না করবো।",Bengali,"মামা, আগামীকাল আমাদের বাসায় আসবেন? খিচুড়ি রান্না করবো।",False,False
normal,"No time, send money quickly, bKash 01937382893.",English,"No time, send money quickly, bKash [PHONE] .",False,True
normal,তুমি কি my message পেয়েছ? I sent it earlier.,CodeMix,তুমি কি my message পেয়েছ? I sent it earlier.,False,False
normal,Brishti na thakle khub gorom hoy.,Banglish,Brishti na thakle khub gorom hoy.,False,False
normal,"কাল রাতে নতুন সিনেমাটা দেখলাম। গল্পটা দারুণ ছিল, একেবারে মন ছুঁয়ে গেছে। আবার দেখতে ইচ্ছে করছে।",Bengali,"কাল রাতে নতুন সিনেমাটা দেখলাম। গল্পটা দারুণ ছিল, একেবারে মন ছুঁয়ে গেছে। আবার দেখতে ইচ্ছে করছে।",False,False
normal,Ami e byapare ashabadi je protibad lokkho moteo abar protibad deke ana noy. Boron protibadar lokkho holo notun kichu ene poribortom shadhon kora. — De Re Makeshon,Banglish,Ami e byapare ashabadi je protibad lokkho moteo abar protibad deke ana noy. Boron protibadar lokkho holo notun kichu ene poribortom shadhon kora. — De Re Makeshon,False,False
normal,Adhika notun ekta gaan shikhse school e. Bari eshe pura family ke shunalo. Sobai clap kore khushi hoilo.,Banglish,Adhika notun ekta gaan shikhse school e. Bari eshe pura family ke shunalo. Sobai clap kore khushi hoilo.,False,False
normal,Thanks for the recipe! I tried making it today and it turned out absolutely delicious.,English,Thanks for the recipe! I tried making it today and it turned out absolutely delicious.,False,False
normal,Adhika ajke school e gaan shikhse. Bari eshe puro family ke shunalo. Sobai khushi hoilo.,Banglish,Adhika ajke school e gaan shikhse. Bari eshe puro family ke shunalo. Sobai khushi hoilo.,False,False
normal,"মা, market থেকে কিছু vegetables আনতে হবে। I will pay cash, তুমি কি fruits ও আনবে?",CodeMix,"মা, market থেকে কিছু vegetables আনতে হবে। I will pay cash, তুমি কি fruits ও আনবে?",False,False
normal,তোমার সাথে দেখা করতে চাই। Can we meet on Tuesday?,CodeMix,তোমার সাথে দেখা করতে চাই। Can we meet on Tuesday?,False,False
normal,Electricity bill has been applied.,English,Electricity bill has been applied.,False,False
normal,Ami ekhon ki bolte pari na.,Banglish,Ami ekhon ki bolte pari na.,False,False
normal,"Ajke shokale khub rush chilo, ami metro te onek deri kore class e pochhachi. Tumi ki already campus e eshe giyecho naki ekhono rastay?",Banglish,"Ajke shokale khub rush chilo, ami metro te onek deri kore class e pochhachi. Tumi ki already campus e eshe giyecho naki ekhono rastay?",False,False
normal,There's a lot of peace at home.,English,There's a lot of peace at home.,False,False
normal,"Keep courage, success awaits you.",English,"Keep courage, success awaits you.",False,False
normal,tumi ki party te jaccho?,Banglish,tumi ki party te jaccho?,False,False
normal,"Exam er pressure khub barse, amar din raat study korte hochhe. Kintu amar mon hocche kisu relax korte chai. Tor preparation kemon cholche?",Banglish,"Exam er pressure khub barse, amar din raat study korte hochhe. Kintu amar mon hocche kisu relax korte chai. Tor preparation kemon cholche?",False,False
normal,আমাকে জরুরি কল দিন ০১৭২৪৮৩৯৮৫৬ এই নাম্বারে।,Bengali,আমাকে জরুরি কল দিন [PHONE] এই নাম্বারে।,False,True
normal,Ei koshtota o kete jabe.,Banglish,Ei koshtota o kete jabe.,False,False
normal,Aajke raat e cricket match dekbi? India vs Bangladesh!,Banglish,Aajke raat e cricket match dekbi? India vs Bangladesh!,False,False
normal,Hope the medical checkup results are all normal. I'm sure everything will be fine.,English,Hope the medical checkup results are all normal. I'm sure everything will be fine.,False,False
normal,আজকে কি free আছো? আমার তোমার সাথে কথা আছে about our team project।,CodeMix,আজকে কি free আছো? আমার তোমার সাথে কথা আছে about our team project।,False,False
normal,কাল রাতে শরীরটা ভালো লাগছিলো না। তাই হাসপাতালে গিয়েছিলাম। এখন একটু ভালো আছি।,Bengali,কাল রাতে শরীরটা ভালো লাগছিলো না। তাই হাসপাতালে গিয়েছিলাম। এখন একটু ভালো আছি।,False,False
normal,আমি একটি প্রতিষ্ঠানের পরিচালক হিসাবে পরিচালক করতে চাই।,Bengali,আমি একটি প্রতিষ্ঠানের পরিচালক হিসাবে পরিচালক করতে চাই।,False,False
normal,কালকে rain হওয়ার chance আছে। Should we reschedule our plan?,CodeMix,কালকে rain হওয়ার chance আছে। Should we reschedule our plan?,False,False
normal,"Everything will be fine, have courage.",English,"Everything will be fine, have courage.",False,False
normal,Happy marriage anniversary!,CodeMix,Happy marriage anniversary!,False,False
normal,Tumi amake ki bolte chao?,Banglish,Tumi amake ki bolte chao?,False,False
normal,তুমি কি রবিবার ফ্রি আছো? আমরা কনসার্টে যাচ্ছি। চাইলে তুমি আসো।,Bengali,তুমি কি রবিবার ফ্রি আছো? আমরা কনসার্টে যাচ্ছি। চাইলে তুমি আসো।,False,False
normal,"I am optimistic that the goal of protest is not to bring about protest again. Rather, the goal of protest is to bring about change by bringing something new. — D. Ray Makeson",English,"I am optimistic that the goal of protest is not to bring about protest again. Rather, the goal of protest is to bring about change by bringing something new. — D. Ray Makeson",False,False
normal,আজ সকালে অফিসের মিটিংয়ে অনেক গুরুত্বপূর্ণ সিদ্ধান্ত নেওয়া হয়েছে।,Bengali,আজ সকালে অফিসের মিটিংয়ে অনেক গুরুত্বপূর্ণ সিদ্ধান্ত নেওয়া হয়েছে।,False,False
normal,Ghumiye porechen? Ami ekhono kaj korchi office e.,Banglish,Ghumiye porechen? Ami ekhono kaj korchi office e.,False,False
normal,খালার বিল তা দিলে উপকার হইতো দিতে পারতেছিনা একটু সাহায্য করো খালার বিল তা দিয়া দেই,Bengali,খালার বিল তা দিলে উপকার হইতো দিতে পারতেছিনা একটু সাহায্য করো খালার বিল তা দিয়া দেই,False,False
normal,Hi!,English,Hi!,False,False
normal,শুভ বিবাহ বার্ষিকী!,Bengali,শুভ বিবাহ বার্ষিকী!,False,False
normal,Kemon jeno tomar time কাটছে?,CodeMix,Kemon jeno tomar time কাটছে?,False,False
normal,আমার জন্য any new news আছে?,CodeMix,আমার জন্য any new news আছে?,False,False
normal,The garden looks beautiful after all your hard work. Those flowers are absolutely gorgeous!,English,The garden looks beautiful after all your hard work. Those flowers are absolutely gorgeous!,False,False
normal,আপনার mama phone করেছিল? I didn’t get any message।,CodeMix,আপনার mama phone করেছিল? I didn’t get any message।,False,False
normal,"আপনার payment pending রয়েছে, ০১৭২৮২৭৩৮১৯ TK পাঠান।",CodeMix,"আপনার payment pending রয়েছে, [PHONE] TK পাঠান।",False,True
normal,Shanibar family sathe Old Dhaka te biryani khete jabo. Tui ashle aro moja hobe.,Banglish,Shanibar family sathe Old Dhaka te biryani khete jabo. Tui ashle aro moja hobe.,False,False
normal,"Hello, what are you doing?",English,"Hello, what are you doing?",False,False
normal,আপনার day কেমন কাটছে?,CodeMix,আপনার day কেমন কাটছে?,False,False
normal,Tumi ki cinema dekhcho?,Banglish,Tumi ki cinema dekhcho?,False,False
normal,আমি কি করতে পারি?,Bengali,আমি কি করতে পারি?,False,False
normal,তুমি কি গাড়ি চালাচ্ছো?,Bengali,তুমি কি গাড়ি চালাচ্ছো?,False,False
normal,I seem to be very sad.,English,I seem to be very sad.,False,False
normal,তুমি কি office-এ যাচ্ছো?,CodeMix,তুমি কি office-এ যাচ্ছো?,False,False
normal,মেসেঞ্জার গ্রুপে পোল দিলে তো হয়। সবাই কি নেই ওই গ্রুপে?,Bengali,মেসেঞ্জার গ্রুপে পোল দিলে তো হয়। সবাই কি নেই ওই গ্রুপে?,False,False
normal,What is your favorite book? Cyclopedia. And you?,English,What is your favorite book? Cyclopedia. And you?,False,False
normal,What did you do last night?,English,What did you do last night?,False,False
normal,Ajker brishtite rastay onek jam chilo. University pouchhote amar 2 ghonta lege gelo. Class miss hoye gelo. Amar matha kharap hoye jacchilo.,Banglish,Ajker brishtite rastay onek jam chilo. University pouchhote amar 2 ghonta lege gelo. Class miss hoye gelo. Amar matha kharap hoye jacchilo.,False,False
normal,Amar numbere 01736637387 flexiload kore dao 500 taka,Banglish,Amar numbere [PHONE] flexiload kore dao 500 taka,False,True
normal,"Maa boleche bazar theke shutki ar mustard oil niye aste hobe. Tumi jodi free thako, amra ek sathe jete pari, karon amar ekla jete mon chay na.",Banglish,"Maa boleche bazar theke shutki ar mustard oil niye aste hobe. Tumi jodi free thako, amra ek sathe jete pari, karon amar ekla jete mon chay na.",False,False
normal,কঠোর পরিশ্রমই সাফল্যের পথ।,Bengali,কঠোর পরিশ্রমই সাফল্যের পথ।,False,False
normal,আমি কালকে লাইব্রেরি থেকে 'মেঘনাদবধ কাব্য' এনেছি। পড়া শুরু করবো রাতে।,Bengali,আমি কালকে লাইব্রেরি থেকে 'মেঘনাদবধ কাব্য' এনেছি। পড়া শুরু করবো রাতে।,False,False
normal,তোমার এখন কি work হচ্ছে?,CodeMix,তোমার এখন কি work হচ্ছে?,False,False
normal,Inaya amar sathe cartoon dekhe khub moja korse. She notun gaan shikhse ar sobai ke shunalo.,Banglish,Inaya amar sathe cartoon dekhe khub moja korse. She notun gaan shikhse ar sobai ke shunalo.,False,False
normal,আমার প্রিয় মানুষ যারা জীবন নিয়ে আমার পরিবারে সমস্যা আছে সেগুলোকে আমি সমাধান করতে চাই।,Bengali,আমার প্রিয় মানুষ যারা জীবন নিয়ে আমার পরিবারে সমস্যা আছে সেগুলোকে আমি সমাধান করতে চাই।,False,False
normal,কাল রাতে কি করেছো?,Bengali,কাল রাতে কি করেছো?,False,False
normal,"আজকে weather nice, should we go out?",CodeMix,"আজকে weather nice, should we go out?",False,False
normal,Tumi ki bishshobiddaloyey jacho?,Banglish,Tumi ki bishshobiddaloyey jacho?,False,False
normal,"Love is a very precious thing. It needs to be taken care of. Because once love is lost, it can never be found again in life.",English,"Love is a very precious thing. It needs to be taken care of. Because once love is lost, it can never be found again in life.",False,False
normal,Thanks for taking care of my plants while I was away. They look healthier than before!,English,Thanks for taking care of my plants while I was away. They look healthier than before!,False,False
normal,Ajke class test easy chhilo. Sob question familiar laglo. Matha relax hoilo.,Banglish,Ajke class test easy chhilo. Sob question familiar laglo. Matha relax hoilo.,False,False
normal,কাল বিকেলে শাহবাগে বইমেলা ঘুরতে যাবো। তুমি কি সাথে যেতে পারবে?,Bengali,কাল বিকেলে শাহবাগে বইমেলা ঘুরতে যাবো। তুমি কি সাথে যেতে পারবে?,False,False
normal,"Tumi eka noy, amra achi tomar pashe.",Banglish,"Tumi eka noy, amra achi tomar pashe.",False,False
normal,তোমার একটা কথা বলো। তোমার কথা good লাগে।,CodeMix,তোমার একটা কথা বলো। তোমার কথা good লাগে।,False,False
normal,"Kalke family dinner chhilo. Sobai mile boro table e khawa dawa kore golpo korlam. Maa khub happy chhilo, ami o khushi.",Banglish,"Kalke family dinner chhilo. Sobai mile boro table e khawa dawa kore golpo korlam. Maa khub happy chhilo, ami o khushi.",False,False
normal,"Call this number 01873827384, urgent.",English,"Call this number [PHONE] , urgent.",False,True
normal,Recharge my number 01736637387 with TK500 flexiload,English,Recharge my number [PHONE] with TK500 flexiload,False,True
normal,"Hi, ami ekhane.",Banglish,"Hi, ami ekhane.",False,False
normal,আজকে dinner এর জন্য কি plan? তুমি কিছু cook করতে চাও নাকি বাইরে order করি? Let me know।,CodeMix,আজকে dinner এর জন্য কি plan? তুমি কিছু cook করতে চাও নাকি বাইরে order করি? Let me know।,False,False
normal,তুমি কি কাল সকালে ফ্রি আছো? হাঁটতে যেতে চাই।,Bengali,তুমি কি কাল সকালে ফ্রি আছো? হাঁটতে যেতে চাই।,False,False
normal,The weather is so nice today. Perfect for a walk in Ramna Park. Want to join?,English,The weather is so nice today. Perfect for a walk in Ramna Park. Want to join?,False,False
normal,আমাকে urgent call দিন ০১৭২৪৮৩৯৮৫৬ এই number-এ।,CodeMix,আমাকে urgent call দিন [PHONE] এই number-এ।,False,True
normal,"Hi Shumi, তুমি কেমন আছো? আজকে coffee খেতে আসো না? আমাদের অনেক কথা catch up করতে হবে।",CodeMix,"Hi Shumi, তুমি কেমন আছো? আজকে coffee খেতে আসো না? আমাদের অনেক কথা catch up করতে হবে।",False,False
normal,"I can leave a special place in my house, that is for buttons.",English,"I can leave a special place in my house, that is for buttons.",False,False
normal,শুভ দুর্গাপূজা!,Bengali,শুভ দুর্গাপূজা!,False,False
normal,Tomar bhai bon kemon ache?,Banglish,Tomar bhai bon kemon ache?,False,False
normal,তুমি family-এর সাথে আছ?,CodeMix,তুমি family-এর সাথে আছ?,False,False
normal,"Ajke maa ranna ektu experiment korechilo, special biryani. Sobai khub enjoy korlo.",Banglish,"Ajke maa ranna ektu experiment korechilo, special biryani. Sobai khub enjoy korlo.",False,False
normal,Thanks for the delicious dinner yesterday! The fish curry was perfectly spiced and aromatic.,English,Thanks for the delicious dinner yesterday! The fish curry was perfectly spiced and aromatic.,False,False
normal,"Send TK 2000/- to this number 01739838883, bKash Rocket or Nagad",English,"Send TK 2000/- to this number [PHONE] , bKash Rocket or Nagad",False,True
normal,"eta Rakib-er namber, 01763839854 call dis.",Banglish,"eta Rakib-er namber, [PHONE] call dis.",False,True
normal,পাখিরা tree-তে very beautiful গান গায়।,CodeMix,পাখিরা tree-তে very beautiful গান গায়।,False,False
normal,Tomar shahos oshadharon.,Banglish,Tomar shahos oshadharon.,False,False
normal,I hope you succeed!,English,I hope you succeed!,False,False
normal,তুমি কি রবিবার সকালে সময় পাবে? আমরা সবাই ঠিক করেছি মিরপুর বোটানিক্যাল গার্ডেনে ঘুরতে যাবো। চাইলে তুমি আমাদের সাথে যোগ দিতে পারো।,Bengali,তুমি কি রবিবার সকালে সময় পাবে? আমরা সবাই ঠিক করেছি মিরপুর বোটানিক্যাল গার্ডেনে ঘুরতে যাবো। চাইলে তুমি আমাদের সাথে যোগ দিতে পারো।,False,False
normal,"খালা, আপনি কি free থাকবেন? I need to discuss something.",CodeMix,"খালা, আপনি কি free থাকবেন? I need to discuss something.",False,False
normal,Shuvo noboborsher abhinondon!,Banglish,Shuvo noboborsher abhinondon!,False,False
normal,তোমার favorite festival কি?,CodeMix,তোমার favorite festival কি?,False,False
normal,"Emergency, 01672572938 number-এ Bkash করুন।",CodeMix,"Emergency, [PHONE] number-এ Bkash করুন।",False,True
normal,"1500/- taka has been deducted from your account, call for details.",English,"1500/- taka has been deducted from your account, call for details.",False,False
normal,"Hi, how are things?",English,"Hi, how are things?",False,False
normal,Ei ja kon onno jonno etir jonno na keno sheti bishesh holo tai ami eti bolte chai.,Banglish,Ei ja kon onno jonno etir jonno na keno sheti bishesh holo tai ami eti bolte chai.,False,False
normal,০১৭২৯১৭৩৮৯২ numberে Rocket-এ টাকা send করো।,CodeMix,[PHONE] numberে Rocket-এ টাকা send করো।,False,True
normal,"আপনার electricity bill বাকি আছে ৭২০০/- টাকা, urgent।",CodeMix,"আপনার electricity bill বাকি আছে ৭২০০/- টাকা, urgent।",False,False
normal,How is your day going today?,English,How is your day going today?,False,False
normal,"আজ সকালে হাঁটতে বের হয়েছিলাম। বাতাসটা ঠাণ্ডা ছিল, মনে হচ্ছিলো ভীষণ প্রশান্তি। সারাদিন কাজের আগে একটু এনার্জি পেয়ে গেলাম।",Bengali,"আজ সকালে হাঁটতে বের হয়েছিলাম। বাতাসটা ঠাণ্ডা ছিল, মনে হচ্ছিলো ভীষণ প্রশান্তি। সারাদিন কাজের আগে একটু এনার্জি পেয়ে গেলাম।",False,False
normal,Tumi ki boier dokane jachcho?,Banglish,Tumi ki boier dokane jachcho?,False,False
normal,"আমার একাউন্টে ৫০ হাজার টাকা আছে , এই ০১৭৩৮৮৩৮৮৪ নাম্বারে খোলা দেখো চ্যাক করে।",Bengali,"আমার একাউন্টে ৫০ হাজার টাকা আছে , এই [PHONE] নাম্বারে খোলা দেখো চ্যাক করে।",False,True
normal,আজ সকালে হালকা ব্যায়াম করলাম। শরীরটা ফ্রেশ লাগছে।,Bengali,আজ সকালে হালকা ব্যায়াম করলাম। শরীরটা ফ্রেশ লাগছে।,False,False
normal,"Shob thik hoye jabe, chinta koro na.",Banglish,"Shob thik hoye jabe, chinta koro na.",False,False
normal,কালকে bad weather forecast আছে। Should we change our plan?,CodeMix,কালকে bad weather forecast আছে। Should we change our plan?,False,False
normal,Hope your life is prosperous!,English,Hope your life is prosperous!,False,False
normal,"আপনার payment বাকি 800/- টাকা, urgent পরিশোধ করুন।",CodeMix,"আপনার payment বাকি 800/- টাকা, urgent পরিশোধ করুন।",False,False
normal,"Tumi parbe, shudhu lege thako.",Banglish,"Tumi parbe, shudhu lege thako.",False,False
normal,"চাচা, তুমি কি town এ যাবে? Can you drop me at the station?",CodeMix,"চাচা, তুমি কি town এ যাবে? Can you drop me at the station?",False,False
normal,"Shukrobar amar sathe friends picnic e jabe. Food, games ar fun activities plan kora ache.",Banglish,"Shukrobar amar sathe friends picnic e jabe. Food, games ar fun activities plan kora ache.",False,False
normal,Congratulations on your graduation! Such a proud moment for you and the entire family.,English,Congratulations on your graduation! Such a proud moment for you and the entire family.,False,False
normal,আজকে কি plan?,CodeMix,আজকে কি plan?,False,False
normal,Are you going to college?,English,Are you going to college?,False,False
normal,শুভ পোহেলা বৈশাখ!,Bengali,শুভ পোহেলা বৈশাখ!,False,False
normal,তুমি কি কনসার্টে যাচ্ছো?,Bengali,তুমি কি কনসার্টে যাচ্ছো?,False,False
normal,তুমি কি আমার email পেয়েছ? I sent the documents yesterday.,CodeMix,তুমি কি আমার email পেয়েছ? I sent the documents yesterday.,False,False
normal,Tumi কি garden এ যাচ্ছো?,CodeMix,Tumi কি garden এ যাচ্ছো?,False,False
normal,Tumi ki bushe jachcho?,Banglish,Tumi ki bushe jachcho?,False,False
normal,Ami praye shoptahe ekbar mathe jay.,Banglish,Ami praye shoptahe ekbar mathe jay.,False,False
normal,Tumi amar message dekhso but reply korso na keno?,Banglish,Tumi amar message dekhso but reply korso na keno?,False,False
normal,তোমার প্রিয় উৎসব কি?,Bengali,তোমার প্রিয় উৎসব কি?,False,False
normal,আজকে বাসে এক ঘন্টা দেরি হলো। ঢাকা শহরের জ্যামের কোনো সমাধান নেই।,Bengali,আজকে বাসে এক ঘন্টা দেরি হলো। ঢাকা শহরের জ্যামের কোনো সমাধান নেই।,False,False
normal,আজ bike ride করতে যাই? Weather খুব সুন্দর। তুমি join করছো কি? Let’s meet at usual spot around ৭ am,CodeMix,আজ bike ride করতে যাই? Weather খুব সুন্দর। তুমি join করছো কি? Let’s meet at usual spot around ৭ am,False,False
normal,কি হচ্ছে সব আমাকে বল।,Bengali,কি হচ্ছে সব আমাকে বল।,False,False
normal,The weather is beautiful today. Perfect for our planned visit to the botanical garden.,English,The weather is beautiful today. Perfect for our planned visit to the botanical garden.,False,False
normal,Tomar priyo gaan konti?,Banglish,Tomar priyo gaan konti?,False,False
normal,"Ajke raat e Balcony te boshe cha kheye, stars dekhe moja laglo. Weather ekdom perfect chhilo.",Banglish,"Ajke raat e Balcony te boshe cha kheye, stars dekhe moja laglo. Weather ekdom perfect chhilo.",False,False
normal,Where are you going?,English,Where are you going?,False,False
normal,Apni ki korte paren?,Banglish,Apni ki korte paren?,False,False
normal,"Cox’s Bazar trip er plan ready. Hotel book kora hoyeche, bus ticket confirm. Khali tui confirm korle group complete hobe. Please joldi decide kor.",Banglish,"Cox’s Bazar trip er plan ready. Hotel book kora hoyeche, bus ticket confirm. Khali tui confirm korle group complete hobe. Please joldi decide kor.",False,False
normal,আমরা শুক্রবার সবাই মিলে গ্রামের বাড়ি যাচ্ছি। অনেকদিন হয়ে গেছে সবাই একসাথে যাওয়া হয়নি। ভাবছি মাছ ধরবো আর আড্ডা দেবো। তুমি আসবে তো আমাদের সাথে?,Bengali,আমরা শুক্রবার সবাই মিলে গ্রামের বাড়ি যাচ্ছি। অনেকদিন হয়ে গেছে সবাই একসাথে যাওয়া হয়নি। ভাবছি মাছ ধরবো আর আড্ডা দেবো। তুমি আসবে তো আমাদের সাথে?,False,False
normal,A favorite love scene is believed to be on the side of the guest bird.,English,A favorite love scene is believed to be on the side of the guest bird.,False,False
normal,"When you see that your heart is not present during prayer, understand that this is due to weakness of faith. Work hard to strengthen your faith. -[Imam Ibn Qudamah al-Maqdisi (Rah.)]",English,"When you see that your heart is not present during prayer, understand that this is due to weakness of faith. Work hard to strengthen your faith. -[Imam Ibn Qudamah al-Maqdisi (Rah.)]",False,False
normal,"Hi, কেমন কাটছে day-টি?",CodeMix,"Hi, কেমন কাটছে day-টি?",False,False
normal,"সবকিছু okay হবে, আমি জানি।",CodeMix,"সবকিছু okay হবে, আমি জানি।",False,False
normal,"প্রিয় বন্ধু রহিম, তোমার গতকালের ফোনের পর থেকেই তোমার চাকরির ইন্টারভিউর কথা ভাবছি। জানি যে তুমি অনেক প্রস্তুতি নিয়েছো এবং তোমার যোগ্যতা সম্পর্কে আমার কোন সন্দেহ নেই। আগামীকাল সকাল ১০টার ইন্টারভিউতে অবশ্যই ভালো করবে। রাতে তাড়াতাড়ি ঘুমিয়ে যেও এবং সকালে ভালো নাশতা করে যেও। আল্লাহর কাছে তোমার জন্য দোয়া করছি। সফল হওয়ার পর খবর দিও।",Bengali,"প্রিয় বন্ধু রহিম, তোমার গতকালের ফোনের পর থেকেই তোমার চাকরির ইন্টারভিউর কথা ভাবছি। জানি যে তুমি অনেক প্রস্তুতি নিয়েছো এবং তোমার যোগ্যতা সম্পর্কে আমার কোন সন্দেহ নেই। আগামীকাল সকাল ১০টার ইন্টারভিউতে অবশ্যই ভালো করবে। রাতে তাড়াতাড়ি ঘুমিয়ে যেও এবং সকালে ভালো নাশতা করে যেও। আল্লাহর কাছে তোমার জন্য দোয়া করছি। সফল হওয়ার পর খবর দিও।",False,False
normal,Ei time টাও কেটে যাবে।,CodeMix,Ei time টাও কেটে যাবে।,False,False
normal,Assalamu Alaikum.,English,Assalamu Alaikum.,False,False
normal,"Ami r Adhika park e ghurte giyechilam, roller slide e o khub moja korse. Tore dekhale tumi o enjoy korta.",Banglish,"Ami r Adhika park e ghurte giyechilam, roller slide e o khub moja korse. Tore dekhale tumi o enjoy korta.",False,False
normal,আমাদের কলেজে আগামী মাসে বার্ষিক অনুষ্ঠান হবে। সবাই প্রস্তুতি নিচ্ছে।,Bengali,আমাদের কলেজে আগামী মাসে বার্ষিক অনুষ্ঠান হবে। সবাই প্রস্তুতি নিচ্ছে।,False,False
normal,Allegiance to injustice can become an obstacle in the path of honor. — Collected,English,Allegiance to injustice can become an obstacle in the path of honor. — Collected,False,False
normal,Happy Lakshmi Puja!,English,Happy Lakshmi Puja!,False,False
normal,"Dhoirjo dhoro, shob thik hoye jabe.",Banglish,"Dhoirjo dhoro, shob thik hoye jabe.",False,False
normal,tumi ki khela dekhcho?,Banglish,tumi ki khela dekhcho?,False,False
normal,01729173862 number e rocket e taka pathan.,Banglish,[PHONE] number e rocket e taka pathan.,False,True
normal,"তোমার পাশে আছি, কোনো চিন্তা কোরো না।",Bengali,"তোমার পাশে আছি, কোনো চিন্তা কোরো না।",False,False
normal,Are you cooking?,English,Are you cooking?,False,False
normal,01927382894 number-এ call করুন।,CodeMix,[PHONE] number-এ call করুন।,False,True
normal,আমি আগামী সপ্তাহে চট্টগ্রাম যাচ্ছি অফিসের কাজে। তোমার কোনো প্রয়োজন থাকলে বলে দিও।,Bengali,আমি আগামী সপ্তাহে চট্টগ্রাম যাচ্ছি অফিসের কাজে। তোমার কোনো প্রয়োজন থাকলে বলে দিও।,False,False
normal,কালকে কি আমাদের exam আছে? I need to prepare tonight.,CodeMix,কালকে কি আমাদের exam আছে? I need to prepare tonight.,False,False
normal,তোমার পাশে a guardian আছে। Thank you।,CodeMix,তোমার পাশে a guardian আছে। Thank you।,False,False
normal,Your due amount of 5000TK needs immediate payment.,English,Your due amount of 5000TK needs immediate payment.,False,False
normal,আমি একটি বার্তা পাচ্ছি এই যা কোন আপনি হল এই যা পেলাম এই যা সমাধান দেয় এই যা অন্য একটি সমাধান দেয়।,Bengali,আমি একটি বার্তা পাচ্ছি এই যা কোন আপনি হল এই যা পেলাম এই যা সমাধান দেয় এই যা অন্য একটি সমাধান দেয়।,False,False
normal,তুমি কি transport catch করতে পেরেছ? Let me know when you reach.,CodeMix,তুমি কি transport catch করতে পেরেছ? Let me know when you reach.,False,False
normal,01729172964 number-এ Rocket-এ টাকা পাঠান।,CodeMix,[PHONE] number-এ Rocket-এ টাকা পাঠান।,False,True
normal,নতুন রেস্টুরেন্টটা ট্রাই করেছো?,Bengali,নতুন রেস্টুরেন্টটা ট্রাই করেছো?,False,False
normal,Ami sokale ekta coffee kheyechi.,Banglish,Ami sokale ekta coffee kheyechi.,False,False
normal,মা বলেছে শুক্রবার সবাই মিলে গ্রামের বাড়ি যেতে হবে। তুমি কি সাথে যাচ্ছো? একটু আগে সিদ্ধান্ত জানাও।,Bengali,মা বলেছে শুক্রবার সবাই মিলে গ্রামের বাড়ি যেতে হবে। তুমি কি সাথে যাচ্ছো? একটু আগে সিদ্ধান্ত জানাও।,False,False
normal,Shokale hate jabe?,Banglish,Shokale hate jabe?,False,False
normal,"(কষ্ট নেবে কষ্ট হরেক রকম pain আছে কষ্ট নেবে কষ্ট ! Red কষ্ট blue কষ্ট কাঁচা yellow রঙের কষ্ট পাথর চাপা green grass-এর white কষ্ট, light-এর মাঝে black-এর কষ্ট 'multi-color' কষ্ট আছে কষ্ট নেবে কষ্ট। -Helal Hafiz",CodeMix,"(কষ্ট নেবে কষ্ট হরেক রকম pain আছে কষ্ট নেবে কষ্ট ! Red কষ্ট blue কষ্ট কাঁচা yellow রঙের কষ্ট পাথর চাপা green grass-এর white কষ্ট, light-এর মাঝে black-এর কষ্ট 'multi-color' কষ্ট আছে কষ্ট নেবে কষ্ট। -Helal Hafiz",False,False
normal,Kalke amader family sobai ek sathe Bashundhara City te shopping korte giyechilam. Onno rokom moja holo. Tore sathe next time plan korte hobe.,Banglish,Kalke amader family sobai ek sathe Bashundhara City te shopping korte giyechilam. Onno rokom moja holo. Tore sathe next time plan korte hobe.,False,False
normal,ami ekTi bishesh lok hishebe porichito kore ekTi mohan ebong byaparTi er moddhe ekTa shomadhan deowa hoy.,Banglish,ami ekTi bishesh lok hishebe porichito kore ekTi mohan ebong byaparTi er moddhe ekTa shomadhan deowa hoy.,False,False
normal,01729173849 এই number-এ call করুন।,CodeMix,[PHONE] এই number-এ call করুন।,False,True
normal,Ki khobor tomader?,Banglish,Ki khobor tomader?,False,False
normal,Chotto break নিতে চাই। তুমি চাইলে আসো।,CodeMix,Chotto break নিতে চাই। তুমি চাইলে আসো।,False,False
normal,Happy Durga Puja!,English,Happy Durga Puja!,False,False
normal,"দুঃখিত, আমি মিটিংয়ে পরে ফোন করবো।",Bengali,"দুঃখিত, আমি মিটিংয়ে পরে ফোন করবো।",False,False
normal,আজকে dinner জন্য কি plan? তুমি cook করতে চাও নাকি বাইরে order করি? Let me know before ৭ pm and coordinate,CodeMix,আজকে dinner জন্য কি plan? তুমি cook করতে চাও নাকি বাইরে order করি? Let me know before ৭ pm and coordinate,False,False
normal,"প্রিয় শিক্ষার্থী, আপনার টিউশন ফি আজ পর্যন্ত ৩২,৪৫০.০০ টাকা বকেয়া আছে। (পূর্বের লেট ফাইন ও বকেয়াসহ) চলতি মাসের টিউশন ফি (জরিমানা ছাড়া) ১০ই সেপ্টেম্বর, ২০২৪ মধ্যে পরিশোধ করুন। বিস্তারিত https://student.iubat.edu.bd/ লগইন করুন। (IUBAT)",Bengali,"প্রিয় শিক্ষার্থী, আপনার টিউশন ফি আজ পর্যন্ত ৩২,৪৫০.০০ টাকা বকেয়া আছে। (পূর্বের লেট ফাইন ও বকেয়াসহ) চলতি মাসের টিউশন ফি (জরিমানা ছাড়া) ১০ই সেপ্টেম্বর, ২০২৪ মধ্যে পরিশোধ করুন। বিস্তারিত [URL] লগইন করুন। (IUBAT)",True,False
normal,"আপনার account থেকে ১৫০০/- টাকা কাটা হয়েছে, বিস্তারিত জানতে call করুন।",CodeMix,"আপনার account থেকে ১৫০০/- টাকা কাটা হয়েছে, বিস্তারিত জানতে call করুন।",False,False
normal,Shuvo Pohela Boishakh!,CodeMix,Shuvo Pohela Boishakh!,False,False
normal,I was introduced as a special person and given a solution with greatness and importance.,English,I was introduced as a special person and given a solution with greatness and importance.,False,False
normal,"Kal ratre ghumate pari ni, continuous cough e.",Banglish,"Kal ratre ghumate pari ni, continuous cough e.",False,False
normal,আমি কিছু বলতে পারছি না।,CodeMix,আমি কিছু বলতে পারছি না।,False,False
normal,শুভ ঈদ-উল-ফিতর!,Bengali,শুভ ঈদ-উল-ফিতর!,False,False
normal,"আন্টি, আপনার পরিবারের সবাই ভালো আছেন? অনেক দিন দেখা নেই।",Bengali,"আন্টি, আপনার পরিবারের সবাই ভালো আছেন? অনেক দিন দেখা নেই।",False,False
normal,Bondhura kemon achho?,Banglish,Bondhura kemon achho?,False,False
normal,"Jokhon tumi dekhbe, namaj-er moddhe tomar ontoro uposhthito thakche na, tokhon bujhe nebe, eta iman-er durbolatar karon. Kathor porishrom koro nijer iman-ke mojbut korar jonno. - [Imam Ibnu Kudamah Al Makdishi (Rah.)]",Banglish,"Jokhon tumi dekhbe, namaj-er moddhe tomar ontoro uposhthito thakche na, tokhon bujhe nebe, eta iman-er durbolatar karon. Kathor porishrom koro nijer iman-ke mojbut korar jonno. - [Imam Ibnu Kudamah Al Makdishi (Rah.)]",False,False
normal,"আজকে road repair করা হচ্ছে, I will be late by 15 minutes.",CodeMix,"আজকে road repair করা হচ্ছে, I will be late by 15 minutes.",False,False
normal,I want to do business with a new organization.,English,I want to do business with a new organization.,False,False
normal,০১৯২৭২৮২৮৯৩ এই নাম্বারে দ্রুত টাকা পাঠাও।,Bengali,[PHONE] এই নাম্বারে দ্রুত টাকা পাঠাও।,False,True
normal,আজ কি করব?,Bengali,আজ কি করব?,False,False
normal,Tumi ki kheladhula korcho?,Banglish,Tumi ki kheladhula korcho?,False,False
normal,Where are you?,English,Where are you?,False,False
normal,আজকে অফিসে প্রচুর কাজ ছিল। বস বারবার রিপোর্ট চাইছিলেন। তবে টিমওয়ার্ক ভালো হওয়ায় শেষ করতে পেরেছি।,Bengali,আজকে অফিসে প্রচুর কাজ ছিল। বস বারবার রিপোর্ট চাইছিলেন। তবে টিমওয়ার্ক ভালো হওয়ায় শেষ করতে পেরেছি।,False,False
normal,Tumi ki shopping mall e jaccho?,Banglish,Tumi ki shopping mall e jaccho?,False,False
normal,Kalke amar ekjon old friend rastay dekha hoye gelo. Onar sathe boshe ek cup cha kheye onek purono golpo holo. Amar din ta special hoye gelo.,Banglish,Kalke amar ekjon old friend rastay dekha hoye gelo. Onar sathe boshe ek cup cha kheye onek purono golpo holo. Amar din ta special hoye gelo.,False,False
normal,শাওন বলছিলো আগামী সপ্তাহে একটা ছোট্ট ট্রিপে যাবে। তুমি কি যাবে আমাদের সাথে?,Bengali,শাওন বলছিলো আগামী সপ্তাহে একটা ছোট্ট ট্রিপে যাবে। তুমি কি যাবে আমাদের সাথে?,False,False
normal,আজ কি সিনেমা দেখবে?,Bengali,আজ কি সিনেমা দেখবে?,False,False
normal,01672572938 number-e bKash korun.,Banglish,[PHONE] number-e bKash korun.,False,True
normal,০১৬৭২৫৭৩৮৪৮ নাম্বারে কল করুন।,Bengali,[PHONE] নাম্বারে কল করুন।,False,True
normal,আজকে কি free আছো? আমার তোমার সাথে কথা আছে about our project.,CodeMix,আজকে কি free আছো? আমার তোমার সাথে কথা আছে about our project.,False,False
normal,"নানা, আজ আপনার ঔষধ খাওয়ার সময়। রিমাইন্ডার দিলাম।",Bengali,"নানা, আজ আপনার ঔষধ খাওয়ার সময়। রিমাইন্ডার দিলাম।",False,False
normal,"Amar mobile er charger kharap hoye geche, tai pura din khub problematic laglo. Kalke ekta new charger kinbo. Tui jodi free thakish, sathe chalish.",Banglish,"Amar mobile er charger kharap hoye geche, tai pura din khub problematic laglo. Kalke ekta new charger kinbo. Tui jodi free thakish, sathe chalish.",False,False
normal,"Hi Arif, library study session কাল হবে। তুমি join করছো কি? Let’s meet around ৬ pm এবং notes share করি",CodeMix,"Hi Arif, library study session কাল হবে। তুমি join করছো কি? Let’s meet around ৬ pm এবং notes share করি",False,False
normal,"প্রিয় বোন সুমি, তোমার পরীক্ষার ফলাফল নিয়ে আমি খুবই গর্বিত। এইচএসসিতে গোল্ডেন A+ পাওয়া সত্যিই একটা বড় ব্যাপার এবং আমি জানি তুমি কতটা কঠোর পরিশ্রম করেছো গত দুই বছর। এখন বিশ্ববিদ্যালয় ভর্তির প্রস্তুতি নেওয়ার সময় এসেছে। ঢাকা বিশ্ববিদ্যালয়ে ইংরেজি বিভাগে তোমার চান্স অনেক ভালো, তবে প্রস্তুতি নিতে হবে ভালোভাবে। আগামী সপ্তাহে ঢাকায় এলে তোমার জন্য কোচিং এর ব্যবস্থা করে দেবো।",Bengali,"প্রিয় বোন সুমি, তোমার পরীক্ষার ফলাফল নিয়ে আমি খুবই গর্বিত। এইচএসসিতে গোল্ডেন A+ পাওয়া সত্যিই একটা বড় ব্যাপার এবং আমি জানি তুমি কতটা কঠোর পরিশ্রম করেছো গত দুই বছর। এখন বিশ্ববিদ্যালয় ভর্তির প্রস্তুতি নেওয়ার সময় এসেছে। ঢাকা বিশ্ববিদ্যালয়ে ইংরেজি বিভাগে তোমার চান্স অনেক ভালো, তবে প্রস্তুতি নিতে হবে ভালোভাবে। আগামী সপ্তাহে ঢাকায় এলে তোমার জন্য কোচিং এর ব্যবস্থা করে দেবো।",False,False
normal,What will you eat? Meat curry is being cooked today. You?,English,What will you eat? Meat curry is being cooked today. You?,False,False
normal,"কি খবর, hi?",CodeMix,"কি খবর, hi?",False,False
normal,"আপনার একাউন্ট থেকে ১০০০/- টাকা প্রদান করা হয়েছে, অভিযোগ করতে কল করুন।",Bengali,"আপনার একাউন্ট থেকে ১০০০/- টাকা প্রদান করা হয়েছে, অভিযোগ করতে কল করুন।",False,False
normal,তুমি কি terminal এ পৌঁছেছ? Let me know when you arrive.,CodeMix,তুমি কি terminal এ পৌঁছেছ? Let me know when you arrive.,False,False
normal,Apni kemon achen?,Banglish,Apni kemon achen?,False,False
normal,Will you watch a movie today?,English,Will you watch a movie today?,False,False
normal,Kalke stadium e cricket match dekhlam. Bangladesh last over e win korlo. Crowd pura cheer korlo.,Banglish,Kalke stadium e cricket match dekhlam. Bangladesh last over e win korlo. Crowd pura cheer korlo.,False,False
normal,"Hi Rafiq, কালকের meeting time confirm করেছো কি? আমি prepare করতে চাই, so kindly reply as soon as possible",CodeMix,"Hi Rafiq, কালকের meeting time confirm করেছো কি? আমি prepare করতে চাই, so kindly reply as soon as possible",False,False
normal,What are you reading today?,English,What are you reading today?,False,False
normal,"আপনার due 6000/- টাকা, দ্রুত payment করুন।",CodeMix,"আপনার due 6000/- টাকা, দ্রুত payment করুন।",False,False
normal,শুভ পয়লা বৈশাখের প্রীতি ও শুভেচ্ছা!,Bengali,শুভ পয়লা বৈশাখের প্রীতি ও শুভেচ্ছা!,False,False
normal,What do you want to tell me?,English,What do you want to tell me?,False,False
normal,বৃষ্টি না থাকলে খুব গরম হয়।,Bengali,বৃষ্টি না থাকলে খুব গরম হয়।,False,False
normal,তুমি কি সিনেমা দেখছো?,Bengali,তুমি কি সিনেমা দেখছো?,False,False
normal,শুভ জন্মদিন!,Bengali,শুভ জন্মদিন!,False,False
normal,এই যা আমি একটি সমাধান দেওয়া হয় যে সমাধান দিতে হবে।,Bengali,এই যা আমি একটি সমাধান দেওয়া হয় যে সমাধান দিতে হবে।,False,False
normal,"Time কম তাড়াতাড়ি টাকা send করো, আমি leave হয়ে যাবো, আমার Bkash 01728288292",CodeMix,"Time কম তাড়াতাড়ি টাকা send করো, আমি leave হয়ে যাবো, আমার Bkash [PHONE]",False,True
normal,"এই number-এ 2000/- টাকা send করো 01739838883, Bkash Rocket বা Nagad-এ",CodeMix,"এই number-এ 2000/- টাকা send করো [PHONE] , Bkash Rocket বা Nagad-এ",False,True
normal,Kothor porishrom i shafollatar chabikathi.,Banglish,Kothor porishrom i shafollatar chabikathi.,False,False
normal,"Dinner time e amake wait korte hobe kina janina, karon office e abar overtime diche. Tumi jodi thako tahole amar jonno kichu ranna kore rakhba.",Banglish,"Dinner time e amake wait korte hobe kina janina, karon office e abar overtime diche. Tumi jodi thako tahole amar jonno kichu ranna kore rakhba.",False,False
normal,Are you going to the bookstore?,English,Are you going to the bookstore?,False,False
normal,তুমি কি গান শুনছো?,Bengali,তুমি কি গান শুনছো?,False,False
normal,"Hi Rafiq, meeting time কাল confirm করেছো কি? আমি ready করতে চাই, so kindly reply as soon as possible",CodeMix,"Hi Rafiq, meeting time কাল confirm করেছো কি? আমি ready করতে চাই, so kindly reply as soon as possible",False,False
normal,Ajkey ami ekta notun restaurant-e jabo.,Banglish,Ajkey ami ekta notun restaurant-e jabo.,False,False
normal,"আপনার একাউন্ট থেকে ২০০০/- টাকা কাটা হয়েছে, বিস্তারিত জানতে কল করুন।",Bengali,"আপনার একাউন্ট থেকে ২০০০/- টাকা কাটা হয়েছে, বিস্তারিত জানতে কল করুন।",False,False
normal,"আমি ভালো আছি, আপনি কেমন আছেন?",Bengali,"আমি ভালো আছি, আপনি কেমন আছেন?",False,False
normal,Raysha school এ যাবে কি? I will drop her।,CodeMix,Raysha school এ যাবে কি? I will drop her।,False,False
normal,তুমি কি theatre-এ যাচ্ছো?,CodeMix,তুমি কি theatre-এ যাচ্ছো?,False,False
normal,"Call this number 01672592871, I need money.",English,"Call this number [PHONE] , I need money.",False,True
normal,"Inaya ajke school e onek moja koreche, new rhymes shikhe abar amader ke geye shunacche. Tui next time ashbi tahole o tomar sathe o gaan gabo.",Banglish,"Inaya ajke school e onek moja koreche, new rhymes shikhe abar amader ke geye shunacche. Tui next time ashbi tahole o tomar sathe o gaan gabo.",False,False
normal,"Don't be sad, everything will be fine.",English,"Don't be sad, everything will be fine.",False,False
normal,"তোমারি eyes-ই courtyard-এ, এখনো কি তেমনি করে ছড়ায় light? এখনো কি star-এর দিকে চেয়ে থাকো আন মনে? তুমি কি আমায় আগের মত love করো ভাল?",CodeMix,"তোমারি eyes-ই courtyard-এ, এখনো কি তেমনি করে ছড়ায় light? এখনো কি star-এর দিকে চেয়ে থাকো আন মনে? তুমি কি আমায় আগের মত love করো ভাল?",False,False
normal,কাজটা কি শেষ হয়েছে? I need to submit it by tomorrow।,CodeMix,কাজটা কি শেষ হয়েছে? I need to submit it by tomorrow।,False,False
normal,Thanks for the delicious homemade sweets! They were perfectly made and brought back childhood memories.,English,Thanks for the delicious homemade sweets! They were perfectly made and brought back childhood memories.,False,False
normal,Messenger group-e poll diley to hoy. Shobai ki nei oi group-e?,Banglish,Messenger group-e poll diley to hoy. Shobai ki nei oi group-e?,False,False
normal,আমার জন্য একটু অপেক্ষা করো। I am running late। 20 minutes এর মধ্যে চলে আসছি।,CodeMix,আমার জন্য একটু অপেক্ষা করো। I am running late। 20 minutes এর মধ্যে চলে আসছি।,False,False
normal,I need to read a story.,English,I need to read a story.,False,False
normal,Shubho Kolkatar Kolyan Mela!,Banglish,Shubho Kolkatar Kolyan Mela!,False,False
normal,Happy birthday! Hope you have a wonderful day filled with joy.,English,Happy birthday! Hope you have a wonderful day filled with joy.,False,False
normal,কালকে class এ আসবা তো? Let’s go together from বাসা।,CodeMix,কালকে class এ আসবা তো? Let’s go together from বাসা।,False,False
normal,"বোন, আগামীকাল আমাদের পিকনিক। তুমি কি নিয়ে আসবে?",Bengali,"বোন, আগামীকাল আমাদের পিকনিক। তুমি কি নিয়ে আসবে?",False,False
normal,Good morning! The sunrise looks beautiful today. Perfect weather for our morning walk together.,English,Good morning! The sunrise looks beautiful today. Perfect weather for our morning walk together.,False,False
normal,আজ দুপুরে হঠাৎ বন্ধুর ফোন পেলাম। অনেকদিন পর কথা হলো। জীবনের অনেক নতুন খবর শেয়ার করলো।,Bengali,আজ দুপুরে হঠাৎ বন্ধুর ফোন পেলাম। অনেকদিন পর কথা হলো। জীবনের অনেক নতুন খবর শেয়ার করলো।,False,False
normal,Shubho November!,Banglish,Shubho November!,False,False
normal,আজ সকালে হঠাৎ প্রচুর বৃষ্টি হলো। রাস্তাঘাট ভিজে গেছে। মনে হচ্ছে আজ কোথাও যাওয়া যাবে না।,Bengali,আজ সকালে হঠাৎ প্রচুর বৃষ্টি হলো। রাস্তাঘাট ভিজে গেছে। মনে হচ্ছে আজ কোথাও যাওয়া যাবে না।,False,False
normal,"আজকে দুপুরে কাবাব খেতে খেতে মনে পড়লো, তুমি গত বছর বলেছিলে এই রেস্টুরেন্টে যেও। সত্যিই দারুণ লেগেছে।",Bengali,"আজকে দুপুরে কাবাব খেতে খেতে মনে পড়লো, তুমি গত বছর বলেছিলে এই রেস্টুরেন্টে যেও। সত্যিই দারুণ লেগেছে।",False,False
normal,০১৭২৯১৭৩৮৯২ নাম্বারে রকেটে টাকা পাঠাও।,Bengali,[PHONE] নাম্বারে রকেটে টাকা পাঠাও।,False,True
normal,01672573857 number-e bKash korun.,Banglish,[PHONE] number-e bKash korun.,False,True
normal,"০১৬৭২৫৮৩৭৮৯ number-এ call করুন, আমার টাকা দরকার।",CodeMix,"[PHONE] number-এ call করুন, আমার টাকা দরকার।",False,True
normal,শুভ সন্ধ্যা!,Bengali,শুভ সন্ধ্যা!,False,False
normal,আজকে Sunday। Let’s plan something fun আজ।,CodeMix,আজকে Sunday। Let’s plan something fun আজ।,False,False
normal,তুমি কি সুইমিং করছো?,Bengali,তুমি কি সুইমিং করছো?,False,False
normal,I can say that I am in my own love.,English,I can say that I am in my own love.,False,False
normal,আজ dinner জন্য কি plan? তুমি cook করতে চাও নাকি outside order করি? Let me know before ৮ pm,CodeMix,আজ dinner জন্য কি plan? তুমি cook করতে চাও নাকি outside order করি? Let me know before ৮ pm,False,False
normal,Happy Maha Ashtami!,English,Happy Maha Ashtami!,False,False
normal,Kalke amar school er old friend sathe rastay dekha hoye gelo. Onar sathe boshe ek cup cha kheye onek purono golpo kora holo. Amar mon khushi hoye gelo.,Banglish,Kalke amar school er old friend sathe rastay dekha hoye gelo. Onar sathe boshe ek cup cha kheye onek purono golpo kora holo. Amar mon khushi hoye gelo.,False,False
normal,tumi ki amar kache aste chao?,Banglish,tumi ki amar kache aste chao?,False,False
normal,Tumi ekhon busy naki? Ektu kotha ache.,Banglish,Tumi ekhon busy naki? Ektu kotha ache.,False,False
normal,I'm going to hang out with my year-round friends.,English,I'm going to hang out with my year-round friends.,False,False
normal,oti druto bidyut bill ar khalar bill dile khubui upokrito hoitam. khala bar bar bolteche. ektu tora gurutto shathe dekho. khub upokar hoy.,Banglish,oti druto bidyut bill ar khalar bill dile khubui upokrito hoitam. khala bar bar bolteche. ektu tora gurutto shathe dekho. khub upokar hoy.,False,False
normal,"০১৮৭৩৮২৭৩৮৪ এই number-এ call করুন, urgent।",CodeMix,"[PHONE] এই number-এ call করুন, urgent।",False,True
normal,"ওহ, আমি সিরিজগুলো দেখতে শুরু করেছি, কিন্তু এখন খেলাধুলা আর ঘুরাঘুরি ছাড়া সময় পাচ্ছি না। মি. রোবট সিজন ২ শুরু করেছি, হ্যাকিং নিয়ে, বেশ রিয়েলিস্টিক। তবে কাজের মধ্যে বিরতি দেওয়া কঠিন।",Bengali,"ওহ, আমি সিরিজগুলো দেখতে শুরু করেছি, কিন্তু এখন খেলাধুলা আর ঘুরাঘুরি ছাড়া সময় পাচ্ছি না। মি. রোবট সিজন ২ শুরু করেছি, হ্যাকিং নিয়ে, বেশ রিয়েলিস্টিক। তবে কাজের মধ্যে বিরতি দেওয়া কঠিন।",False,False
normal,Reminder: Our cousin's wedding is next week. Have you bought the gift yet?,English,Reminder: Our cousin's wedding is next week. Have you bought the gift yet?,False,False
normal,The movie was hilarious! Thanks for suggesting it. We should have more movie nights like this.,English,The movie was hilarious! Thanks for suggesting it. We should have more movie nights like this.,False,False
normal,আজ সকালে জ্যামে এক ঘণ্টা আটকে ছিলাম। অফিস পৌঁছাতে অনেক দেরি হলো। ঢাকা শহরের এই ট্রাফিক সমস্যা আর কতদিন চলবে কে জানে।,Bengali,আজ সকালে জ্যামে এক ঘণ্টা আটকে ছিলাম। অফিস পৌঁছাতে অনেক দেরি হলো। ঢাকা শহরের এই ট্রাফিক সমস্যা আর কতদিন চলবে কে জানে।,False,False
normal,আমার জন্য একটু অপেক্ষা করো। I am running late। 35 minutes এর মধ্যে চলে আসছি।,CodeMix,আমার জন্য একটু অপেক্ষা করো। I am running late। 35 minutes এর মধ্যে চলে আসছি।,False,False
normal,"আম্মু, আমি বাজার করে আসছি। কিছু দরকার হলে ফোন করবেন।",Bengali,"আম্মু, আমি বাজার করে আসছি। কিছু দরকার হলে ফোন করবেন।",False,False
normal,আজকের plan কি?,CodeMix,আজকের plan কি?,False,False
normal,"Call 01827382785, টাকা দরকার।",CodeMix,"Call [PHONE] , টাকা দরকার।",False,True
normal,"I have TK 50,000 in my account, check if it is open in this number: 0173883884",English,"I have TK 50,000 in my account, check if it is open in this number: [PHONE]",False,True
normal,আজ সকালে হাঁটতে বের হলাম। ঠাণ্ডা বাতাসে মন ফ্রেশ হলো।,Bengali,আজ সকালে হাঁটতে বের হলাম। ঠাণ্ডা বাতাসে মন ফ্রেশ হলো।,False,False
normal,তুমি কি cooking করছো?,CodeMix,তুমি কি cooking করছো?,False,False
normal,"দুনিয়া achievement নয়, দুনিয়া বিমুখীতাতেই রয়েছে body ও mind-এর প্রশান্তি। - [উমার ইবনুল খাত্তাব (রা)]",CodeMix,"দুনিয়া achievement নয়, দুনিয়া বিমুখীতাতেই রয়েছে body ও mind-এর প্রশান্তি। - [উমার ইবনুল খাত্তাব (রা)]",False,False
normal,"Ki khobor, kemon acho?",Banglish,"Ki khobor, kemon acho?",False,False
normal,Dad is near home today.,English,Dad is near home today.,False,False
normal,শুভ Valentine's Day!,CodeMix,শুভ Valentine's Day!,False,False
normal,"০১৮২৭২৮৩৮৯২ এই নাম্বারে কল করুন, জরুরি।",Bengali,"[PHONE] এই নাম্বারে কল করুন, জরুরি।",False,True
normal,Ekhane obosthan korte chao?,Banglish,Ekhane obosthan korte chao?,False,False
normal,Mejban পাখি পক্ষে প্রিয় প্রেমের এক scene বিশ্বাস করা হয়।,CodeMix,Mejban পাখি পক্ষে প্রিয় প্রেমের এক scene বিশ্বাস করা হয়।,False,False
normal,Congratulations on your new house! It looks beautiful and spacious. Perfect for your growing family!,English,Congratulations on your new house! It looks beautiful and spacious. Perfect for your growing family!,False,False
normal,01927289372 ei number e call korun.,Banglish,[PHONE] ei number e call korun.,False,True
normal,"You are not alone, we are by your side.",English,"You are not alone, we are by your side.",False,False
normal,আজকে মা পায়েস বানিয়েছে। চাইলে তুমি এসে খেয়ে যেতে পারো।,Bengali,আজকে মা পায়েস বানিয়েছে। চাইলে তুমি এসে খেয়ে যেতে পারো।,False,False
normal,এই holy month-এ তোমার সবকিছু ভালো হোক!,CodeMix,এই holy month-এ তোমার সবকিছু ভালো হোক!,False,False
normal,Weekend-এ friends-দের সঙ্গে picnic-এ যাব।,CodeMix,Weekend-এ friends-দের সঙ্গে picnic-এ যাব।,False,False
normal,"Hello, ki korcho?",Banglish,"Hello, ki korcho?",False,False
normal,Shubho Boishakhi!,Banglish,Shubho Boishakhi!,False,False
normal,তুমি কি নতুন গানটা শুনেছো? সত্যিই দারুণ লেগেছে।,Bengali,তুমি কি নতুন গানটা শুনেছো? সত্যিই দারুণ লেগেছে।,False,False
normal,Send money via Rocket to this number: 01738293765,English,Send money via Rocket to this number: [PHONE],False,True
normal,"Cricket match ta dekhlam, Bangladesh khub bhalo khelche.",Banglish,"Cricket match ta dekhlam, Bangladesh khub bhalo khelche.",False,False
normal,"ভাই, তুমি কি কালকে college যাবে? Let's go together, আমার class আছে।",CodeMix,"ভাই, তুমি কি কালকে college যাবে? Let's go together, আমার class আছে।",False,False
normal,"কালকে problem হওয়ায় program cancel, so we can do something else.",CodeMix,"কালকে problem হওয়ায় program cancel, so we can do something else.",False,False
normal,"আপনার account থেকে ২০০০/- টাকা cut হয়েছে, details জানতে call করুন।",CodeMix,"আপনার account থেকে ২০০০/- টাকা cut হয়েছে, details জানতে call করুন।",False,False
normal,"তুমি নিজের উপর বিশ্বাস রাখো, সব কিছু সম্ভব।",Bengali,"তুমি নিজের উপর বিশ্বাস রাখো, সব কিছু সম্ভব।",False,False
normal,Ajke bazar theke notun shobji kinlam. Khub fresh chhilo. Maa khushi hoye onek ranna korte bollo.,Banglish,Ajke bazar theke notun shobji kinlam. Khub fresh chhilo. Maa khushi hoye onek ranna korte bollo.,False,False
normal,"Ajker class er moddhe group project discussion chilo. Amar group khub active chilo, amra sobai ek sathe valo kach korlam.",Banglish,"Ajker class er moddhe group project discussion chilo. Amar group khub active chilo, amra sobai ek sathe valo kach korlam.",False,False
normal,"তোমার capability unlimited, সামনে এগিয়ে যাও।",CodeMix,"তোমার capability unlimited, সামনে এগিয়ে যাও।",False,False
normal,"আব্বু, আজ বৃষ্টি হচ্ছে। আপনি ছাতা নিয়ে বের হবেন।",Bengali,"আব্বু, আজ বৃষ্টি হচ্ছে। আপনি ছাতা নিয়ে বের হবেন।",False,False
normal,"Dear student, your tuition fee of 22,900.00TK is pending (including previous late fees). Pay current month's tuition (without fine) by 20 September 2024. Details: https://student.ulab.edu.bd/ (ULAB)",English,"Dear student, your tuition fee of 22,900.00TK is pending (including previous late fees). Pay current month's tuition (without fine) by 20 September 2024. Details: [URL] (ULAB)",True,False
normal,আমি এখন কি বলতে পারি না।,Bengali,আমি এখন কি বলতে পারি না।,False,False
normal,Thanks for helping me move furniture yesterday. Couldn't have managed without your support.,English,Thanks for helping me move furniture yesterday. Couldn't have managed without your support.,False,False
normal,"Ajke raat e Inaya amar sathe story share korse, sobai hashilo. Fun evening chhilo.",Banglish,"Ajke raat e Inaya amar sathe story share korse, sobai hashilo. Fun evening chhilo.",False,False
normal,Are you going to the office?,English,Are you going to the office?,False,False
normal,আমি যেন খুব দুঃখিত হইছি।,Bengali,আমি যেন খুব দুঃখিত হইছি।,False,False
normal,আজ অফিস থেকে তাড়াতাড়ি বের হলাম। তাই ভাবলাম তোমার সাথে দেখা করে যাই।,Bengali,আজ অফিস থেকে তাড়াতাড়ি বের হলাম। তাই ভাবলাম তোমার সাথে দেখা করে যাই।,False,False
normal,I am not for my side.,English,I am not for my side.,False,False
normal,"গত সপ্তাহে নতুন একটা বই কিনেছিলাম। নামটা দারুণ ইন্টারেস্টিং, পড়া শুরু করতেই গল্পে ডুবে গেছি। কালকে শেষ করার চেষ্টা করবো।",Bengali,"গত সপ্তাহে নতুন একটা বই কিনেছিলাম। নামটা দারুণ ইন্টারেস্টিং, পড়া শুরু করতেই গল্পে ডুবে গেছি। কালকে শেষ করার চেষ্টা করবো।",False,False
normal,"01927283765 ei number e bKash korun, druto.",Banglish,"[PHONE] ei number e bKash korun, druto.",False,True
normal,কেমন আছে আপনার দিনটি?,Bengali,কেমন আছে আপনার দিনটি?,False,False
normal,আজকে কি তুমi swimming যাবে? Let's go together in the afternoon.,CodeMix,আজকে কি তুমi swimming যাবে? Let's go together in the afternoon.,False,False
normal,"জরুরি, ০১৯৩৭২৮৩৮৯৪ এই নাম্বারে রকেটে টাকা পাঠান।",Bengali,"জরুরি, [PHONE] এই নাম্বারে রকেটে টাকা পাঠান।",False,True
normal,"তুমি কি প্রিয় বই পড়ছো? হ্যাঁ, বিখ্যাত বই পড়ি।",Bengali,"তুমি কি প্রিয় বই পড়ছো? হ্যাঁ, বিখ্যাত বই পড়ি।",False,False
normal,তুমি কি রবিবার ফ্রি আছো? আমরা কয়েকজন মিলে কনসার্টে যাচ্ছি। চাইলে তোমিও আমাদের সাথে যেতে পারো।,Bengali,তুমি কি রবিবার ফ্রি আছো? আমরা কয়েকজন মিলে কনসার্টে যাচ্ছি। চাইলে তোমিও আমাদের সাথে যেতে পারো।,False,False
normal,"I started reading the book, finding it very interesting.",English,"I started reading the book, finding it very interesting.",False,False
normal,Dinner কোথায় খাবো? I feel like having Chinese food আজ।,CodeMix,Dinner কোথায় খাবো? I feel like having Chinese food আজ।,False,False
normal,Happy November!,English,Happy November!,False,False
normal,"Mom, I'll be late for dinner tonight. Meeting is running longer than expected.",English,"Mom, I'll be late for dinner tonight. Meeting is running longer than expected.",False,False
normal,Your talent is extraordinary.,English,Your talent is extraordinary.,False,False
normal,আজ সকালে হালকা ব্যায়াম করলাম। শরীরটা ফ্রেশ লাগছে। প্রতিদিন নিয়মিত করলে আরও ভালো লাগবে।,Bengali,আজ সকালে হালকা ব্যায়াম করলাম। শরীরটা ফ্রেশ লাগছে। প্রতিদিন নিয়মিত করলে আরও ভালো লাগবে।,False,False
normal,Ki khabe? Machher curry. Tumi ki pochhondo koro?,Banglish,Ki khabe? Machher curry. Tumi ki pochhondo koro?,False,False
normal,01672573879 number-e druto bKash korun.,Banglish,[PHONE] number-e druto bKash korun.,False,True
normal,Ei shomoyto o kete jabe.,Banglish,Ei shomoyto o kete jabe.,False,False
normal,"Ajker din ta pura chill, internet e browsing ar music sunte sunte time katlo.",Banglish,"Ajker din ta pura chill, internet e browsing ar music sunte sunte time katlo.",False,False
normal,আপনার জন্য একটি গল্প আছে?,Bengali,আপনার জন্য একটি গল্প আছে?,False,False
normal,Send 500 TK to this number 01927283871 via Rocket.,English,Send 500 TK to this number [PHONE] via Rocket.,False,True
normal,Attobisshash niye shamne egiye jao.,Banglish,Attobisshash niye shamne egiye jao.,False,False
normal,"আসক্তের মতো ভালবাসবেন না, ধ্বংসাত্মকভাবে কাউকে ঘৃণা করবেন না। - [উমার ইবনুল খাত্তাব ( রাঃ)]",CodeMix,"আসক্তের মতো ভালবাসবেন না, ধ্বংসাত্মকভাবে কাউকে ঘৃণা করবেন না। - [উমার ইবনুল খাত্তাব ( রাঃ)]",False,False
normal,byabasahi howa oporadh na kintu rajnitik probhab khatiye byabasahi howa boro oporadh. karon ei byabasahider orjito taker beshirbhag e ashe shadharon manush er roktoshoha taka theke. — Redowan Masud,Banglish,byabasahi howa oporadh na kintu rajnitik probhab khatiye byabasahi howa boro oporadh. karon ei byabasahider orjito taker beshirbhag e ashe shadharon manush er roktoshoha taka theke. — Redowan Masud,False,False
normal,Are you going to the meeting?,English,Are you going to the meeting?,False,False
normal,তুমি কি cinema hall এ যাচ্ছো?,CodeMix,তুমি কি cinema hall এ যাচ্ছো?,False,False
normal,"Oh, ami series gulo dekhte shuru korechi, kintu ekhon kheladhula ar ghuraghuri chhara shomoy pachhi na. Mr. Robot season 2 shuru korechi, hacking niye, besh realistic. Tobe kajer moddhe birotidewa kothin.",Banglish,"Oh, ami series gulo dekhte shuru korechi, kintu ekhon kheladhula ar ghuraghuri chhara shomoy pachhi na. Mr. Robot season 2 shuru korechi, hacking niye, besh realistic. Tobe kajer moddhe birotidewa kothin.",False,False
normal,Are you watching movies?,English,Are you watching movies?,False,False
normal,"মামি, আপনার রান্নার রেসিপিটা পাঠাবেন? খুব ভালো লেগেছিল।",Bengali,"মামি, আপনার রান্নার রেসিপিটা পাঠাবেন? খুব ভালো লেগেছিল।",False,False
normal,"আপনার account থেকে 1000/- টাকা payment করা হয়েছে, complaint করতে call করুন।",CodeMix,"আপনার account থেকে 1000/- টাকা payment করা হয়েছে, complaint করতে call করুন।",False,False
normal,"Never hurt someone you love out of anger. Don't ignore loved ones in anger, or you may lose life's most precious thing - the person you love.",English,"Never hurt someone you love out of anger. Don't ignore loved ones in anger, or you may lose life's most precious thing - the person you love.",False,False
normal,"ফারহান, তোমার project report finished? I need to submit mine tomorrow.",CodeMix,"ফারহান, তোমার project report finished? I need to submit mine tomorrow.",False,False
normal,"ki khobor, hello?",Banglish,"ki khobor, hello?",False,False
normal," তারা আমাদের ভাই-বোনদের মৃত্যুর ভয় দেখিয়ে দমিয়ে রাখতে চায়, অথচ আমাদের পেছনে রয়েছে বদর, খন্দক, তাবুকের মতো শত শত স্মৃতি। - [কবি আল মাহমুদ]",Bengali,"তারা আমাদের ভাই-বোনদের মৃত্যুর ভয় দেখিয়ে দমিয়ে রাখতে চায়, অথচ আমাদের পেছনে রয়েছে বদর, খন্দক, তাবুকের মতো শত শত স্মৃতি। - [কবি আল মাহমুদ]",False,False
normal,Hope you're enjoying your vacation in Sylhet! The tea gardens must look absolutely breathtaking right now.,English,Hope you're enjoying your vacation in Sylhet! The tea gardens must look absolutely breathtaking right now.,False,False
normal,আমার শরীরটা আজকে খুব খারাপ লাগছে। মাথা ব্যথা আর জ্বর এসেছে। মনে হচ্ছে কাল অফিসে যেতে পারবো না।,Bengali,আমার শরীরটা আজকে খুব খারাপ লাগছে। মাথা ব্যথা আর জ্বর এসেছে। মনে হচ্ছে কাল অফিসে যেতে পারবো না।,False,False
normal,01729173862 এই number এ Rocket এ টাকা পাঠান।,CodeMix,[PHONE] এই number এ Rocket এ টাকা পাঠান।,False,True
normal,আমি যে ব্যাপারটি অনেক দুঃখ পেয়েছি সেটি হল বাসায় থাকা।,CodeMix,আমি যে ব্যাপারটি অনেক দুঃখ পেয়েছি সেটি হল বাসায় থাকা।,False,False
normal,"Power is like sunlight, some get enlightened by it and some get burned and destroyed.",English,"Power is like sunlight, some get enlightened by it and some get burned and destroyed.",False,False
normal,Are you going to the garden?,English,Are you going to the garden?,False,False
normal,"আমার account এ 50 হাজার taka আছে , এই 01738838884 number এ খোলা দেখো check করে।",CodeMix,"আমার account এ 50 হাজার taka আছে , এই [PHONE] number এ খোলা দেখো check করে।",False,True
normal,০১৭৩৮২৯৩৭৬৫ এই number-এ Rocket-এ money পাঠান।,CodeMix,[PHONE] এই number-এ Rocket-এ money পাঠান।,False,True
normal,পরশু কি তুমি free থাকবে? We need to finalize the tour package.,CodeMix,পরশু কি তুমি free থাকবে? We need to finalize the tour package.,False,False
normal,Call number 01827283963.,English,Call number [PHONE] .,False,True
normal,The new coffee shop near the university has excellent cappuccino.,English,The new coffee shop near the university has excellent cappuccino.,False,False
normal,The surprise baby shower was perfect! Everyone loved the decorations and games. Can't wait to meet the little one!,English,The surprise baby shower was perfect! Everyone loved the decorations and games. Can't wait to meet the little one!,False,False
normal,"Apnar account theke 3000/- taka kata hoyeche, call korun.",Banglish,"Apnar account theke 3000/- taka kata hoyeche, call korun.",False,False
normal,কেমন আছো?,Bengali,কেমন আছো?,False,False
normal,আজ সকালে নতুন কফি শপে বসে কাজ করেছি। শান্ত পরিবেশ ছিল।,Bengali,আজ সকালে নতুন কফি শপে বসে কাজ করেছি। শান্ত পরিবেশ ছিল।,False,False
normal,"Dear student, your tuition fee is TK 24,500.00 due till today. (Including previous late fine and dues) Pay current month's tuition fee (without penalty) by September 30, 2024. For details login https://student.iba-du.edu.bd/. (IBA)",English,"Dear student, your tuition fee is TK 24,500.00 due till today. (Including previous late fine and dues) Pay current month's tuition fee (without penalty) by September 30, 2024. For details login [URL] (IBA)",True,False
normal,আমার জন্য কোনো নতুন খবর আছে?,Bengali,আমার জন্য কোনো নতুন খবর আছে?,False,False
normal,বিদ্যালয়ের বই পড়া খুব পছন্দ।,Bengali,বিদ্যালয়ের বই পড়া খুব পছন্দ।,False,False
normal,"Hyan, boshe thakle shomoy katano kothin hoy. Ami YouTube-eo dekhechi, abar Dark series-eo chilo.",Banglish,"Hyan, boshe thakle shomoy katano kothin hoy. Ami YouTube-eo dekhechi, abar Dark series-eo chilo.",False,False
normal,tumi ki trene jaccho?,Banglish,tumi ki trene jaccho?,False,False
normal,তুমি কি village-এ যাচ্ছো?,CodeMix,তুমি কি village-এ যাচ্ছো?,False,False
normal,"সবকিছু ঠিকঠাক হবে, আমি জানি।",Bengali,"সবকিছু ঠিকঠাক হবে, আমি জানি।",False,False
normal,What are you doing in the afternoon?,English,What are you doing in the afternoon?,False,False
normal,"আপনার প্যাকেজের ডেলিভারি আজ হবে, ০১৯৮৭৬৫৪৩২১ এই নাম্বারে কল করুন আরও তথ্যের জন্য।",Bengali,"আপনার প্যাকেজের ডেলিভারি আজ হবে, [PHONE] এই নাম্বারে কল করুন আরও তথ্যের জন্য।",False,True
normal,Thanks for helping me move yesterday. Couldn't have done it without your support and friendship.,English,Thanks for helping me move yesterday. Couldn't have done it without your support and friendship.,False,False
normal,Kalke Sadiqa class e ekta natok koreche. She dialogue pura confident vabe bolse. Teacher appreciate kore clap dilo.,Banglish,Kalke Sadiqa class e ekta natok koreche. She dialogue pura confident vabe bolse. Teacher appreciate kore clap dilo.,False,False
normal,"Tawhid হলো সমস্ত prayer, সমস্ত crying, help চেয়ে সমস্ত request, সমস্ত hope এবং সকল benefit-এর arrival ও সকল damage prevention-এর জন্য prayer অন্য কেউ নয় বরং কেবলই Allah-র purpose-এ হতে হবে। - [Imam Muhammad Ali Ash-Shawkani (Al Dur Al-Nadid)]",CodeMix,"Tawhid হলো সমস্ত prayer, সমস্ত crying, help চেয়ে সমস্ত request, সমস্ত hope এবং সকল benefit-এর arrival ও সকল damage prevention-এর জন্য prayer অন্য কেউ নয় বরং কেবলই Allah-র purpose-এ হতে হবে। - [Imam Muhammad Ali Ash-Shawkani (Al Dur Al-Nadid)]",False,False
normal,Kalke adda e shobai aslo kintu tui ashte parli na. Tor absence onek miss kora gelo. Next time please ekta din free rakhi sobai jeno thakte pare.,Banglish,Kalke adda e shobai aslo kintu tui ashte parli na. Tor absence onek miss kora gelo. Next time please ekta din free rakhi sobai jeno thakte pare.,False,False
normal,Eid Mubarak!,English,Eid Mubarak!,False,False
normal,Movieটা কেমন ছিল? আমি শুনেছি এটা must-watch।,CodeMix,Movieটা কেমন ছিল? আমি শুনেছি এটা must-watch।,False,False
normal,"Hi Arif, কালকে football খেলা হবে। তুমি আসছো কি? আমরা early morning মিলব usual place এ।",CodeMix,"Hi Arif, কালকে football খেলা হবে। তুমি আসছো কি? আমরা early morning মিলব usual place এ।",False,False
normal,"Hi, kemon katche din ta?",Banglish,"Hi, kemon katche din ta?",False,False
normal,"Train e uthe gelam, 2 ghonta por Sylhet pochabo.",Banglish,"Train e uthe gelam, 2 ghonta por Sylhet pochabo.",False,False
normal,"Tumi eka nou, amra achi.",Banglish,"Tumi eka nou, amra achi.",False,False
normal,Love খুব expensive জিনিস। যত্ন করে রাখতে হয়। কারন love একবার হারিয়ে গেলে life-এ আর কোনো দিন ফিরে পাওয়া যায় না।,CodeMix,Love খুব expensive জিনিস। যত্ন করে রাখতে হয়। কারন love একবার হারিয়ে গেলে life-এ আর কোনো দিন ফিরে পাওয়া যায় না।,False,False
normal,"এটা Rakib এর number, 01763839854 call দিস।",CodeMix,"এটা Rakib এর number, [PHONE] call দিস।",False,True
normal,"Inaya ajke notun ekta poem shikhlo, 'Twinkle Twinkle' abar abar geye amader bore kore dilo. Tobe maja laglo dekhe she ekhon English shikheche bhalo vabe.",Banglish,"Inaya ajke notun ekta poem shikhlo, 'Twinkle Twinkle' abar abar geye amader bore kore dilo. Tobe maja laglo dekhe she ekhon English shikheche bhalo vabe.",False,False
normal,আমি কি তোমার কাছে কিছু বলতে পারি?,Bengali,আমি কি তোমার কাছে কিছু বলতে পারি?,False,False
normal,"This is what makes it special for whatever other reason, so I want to say this.",English,"This is what makes it special for whatever other reason, so I want to say this.",False,False
normal,Emergency ০১৭৩৮২৮৭৩৬৫ নাম্বারে টাকা পাঠান।,CodeMix,Emergency [PHONE] নাম্বারে টাকা পাঠান।,False,True
normal,পরশু কি তুমি free থাকবে? I want to show you the new apartment.,CodeMix,পরশু কি তুমি free থাকবে? I want to show you the new apartment.,False,False
normal,"০১৮২৭২৮৩৮৯২ এই number-এ call করুন, emergency।",CodeMix,"[PHONE] এই number-এ call করুন, emergency।",False,True
normal,আজ বিকেলে এক কাপ কফি খেতে খেতে পুরোনো দিনের কথা মনে পড়ছিল।,Bengali,আজ বিকেলে এক কাপ কফি খেতে খেতে পুরোনো দিনের কথা মনে পড়ছিল।,False,False
normal,Thanks for the book recommendation! I finished it last night and loved every page of it.,English,Thanks for the book recommendation! I finished it last night and loved every page of it.,False,False
normal,I won't go to any work today.,English,I won't go to any work today.,False,False
normal,"Everything ঠিক হয়ে যাবে, worry করো না।",CodeMix,"Everything ঠিক হয়ে যাবে, worry করো না।",False,False
normal,It would be helpful if aunt's bill was paid  can't pay it  please help and pay aunt's bill,English,It would be helpful if aunt's bill was paid can't pay it please help and pay aunt's bill,False,False
normal,কালকের training session cancel হয়েছে। নতুন date পরে জানানো হবে। Please inform all teammates এবং reschedule করা দরকার,CodeMix,কালকের training session cancel হয়েছে। নতুন date পরে জানানো হবে। Please inform all teammates এবং reschedule করা দরকার,False,False
normal,Good morning! Don't forget about our lunch meeting at 2 PM today at the usual place.,English,Good morning! Don't forget about our lunch meeting at 2 PM today at the usual place.,False,False
normal,"Hello, কেমন আছো?",CodeMix,"Hello, কেমন আছো?",False,False
normal,০১৮২৭৩৮২৯১৮ এই number-এ urgent money পাঠান।,CodeMix,[PHONE] এই number-এ urgent money পাঠান।,False,True
normal,Tumi ki gram-e jachcho?,Banglish,Tumi ki gram-e jachcho?,False,False
normal,আমি প্রায় সপ্তাহে একবার মাঠে যায়।,Bengali,আমি প্রায় সপ্তাহে একবার মাঠে যায়।,False,False
normal,"হাই, কেমন আছো?",Bengali,"হাই, কেমন আছো?",False,False
normal,তোমার day কেমন চলছে?,CodeMix,তোমার day কেমন চলছে?,False,False
normal,Ajker rastar jam dekhe matha gorom hoye jacchilo. Metro niye jawar karone ektu bacha gelo. Bus e thakle aro deri hoto.,Banglish,Ajker rastar jam dekhe matha gorom hoye jacchilo. Metro niye jawar karone ektu bacha gelo. Bus e thakle aro deri hoto.,False,False
normal,কাল রাতে বাংলাদেশ আর ভারতের খেলা দেখলাম। ম্যাচটা একেবারে শেষ পর্যন্ত উত্তেজনাপূর্ণ ছিল। বন্ধুদের সাথে দারুণ সময় কাটলো।,Bengali,কাল রাতে বাংলাদেশ আর ভারতের খেলা দেখলাম। ম্যাচটা একেবারে শেষ পর্যন্ত উত্তেজনাপূর্ণ ছিল। বন্ধুদের সাথে দারুণ সময় কাটলো।,False,False
normal,Can you get me a tea?,English,Can you get me a tea?,False,False
normal,tumi ki gari chalaccho?,Banglish,tumi ki gari chalaccho?,False,False
normal,শুভ কার্তিক পূর্ণিমা!,Bengali,শুভ কার্তিক পূর্ণিমা!,False,False
normal,"Sorry, I'm in a meeting, will call later.",English,"Sorry, I'm in a meeting, will call later.",False,False
normal,ki korbe tumi?,Banglish,ki korbe tumi?,False,False
normal,আমি একটি বাংলা ছোট গল্প পড়তে চাই।,Bengali,আমি একটি বাংলা ছোট গল্প পড়তে চাই।,False,False
normal,Ei ja ami je onek shomoy pelam sheti hol somadhhan ebong mulyo hol ekti mahan ebong ekti jonopri,Banglish,Ei ja ami je onek shomoy pelam sheti hol somadhhan ebong mulyo hol ekti mahan ebong ekti jonopri,False,False
normal,আমি একটি story পড়তে হবে।,CodeMix,আমি একটি story পড়তে হবে।,False,False
normal,kemon katchhe din ta?,Banglish,kemon katchhe din ta?,False,False
normal,"Raysha painting korte giye floor e mess kore dile, kintu she khub cute lagse. Sobai hashilo.",Banglish,"Raysha painting korte giye floor e mess kore dile, kintu she khub cute lagse. Sobai hashilo.",False,False
normal,I'm volunteering at the local orphanage this weekend. Very rewarding experience.,English,I'm volunteering at the local orphanage this weekend. Very rewarding experience.,False,False
normal,তুমি কি bus catch করতে পেরেছ? Let me know when you reach Mohakhali.,CodeMix,তুমি কি bus catch করতে পেরেছ? Let me know when you reach Mohakhali.,False,False
normal,"০১৬৭২৫৯২৮৯৭ এই number-এ call করুন, আমার টাকা দরকার।",CodeMix,"[PHONE] এই number-এ call করুন, আমার টাকা দরকার।",False,True
normal,Barir pashe ekti mejban rakha hoy.,Banglish,Barir pashe ekti mejban rakha hoy.,False,False
normal,Lunch এ কোথায় যাব? I feel like having pizza আজ।,CodeMix,Lunch এ কোথায় যাব? I feel like having pizza আজ।,False,False
normal,Tomar family te shobai bhalo ache? Khoj khobor nio na keno?,Banglish,Tomar family te shobai bhalo ache? Khoj khobor nio na keno?,False,False
normal,কালকে class এ আসবে? আমরা বাসা থেকে একসাথে যাই। After class coffee খেতে যেতে পারি এবং discuss some notes,CodeMix,কালকে class এ আসবে? আমরা বাসা থেকে একসাথে যাই। After class coffee খেতে যেতে পারি এবং discuss some notes,False,False
normal,Can I tell you something?,English,Can I tell you something?,False,False
normal,"Tumi onek shoktishali, sahos rekho.",Banglish,"Tumi onek shoktishali, sahos rekho.",False,False
normal,Ajker din ta purota brishtir modhye katlam. Office pouchhote amar 2 ghonta lege gelo jam er karone. Ekdom exhausted hoye giyechi. Tore mone hochhe tumi abar gari niye jachho?,Banglish,Ajker din ta purota brishtir modhye katlam. Office pouchhote amar 2 ghonta lege gelo jam er karone. Ekdom exhausted hoye giyechi. Tore mone hochhe tumi abar gari niye jachho?,False,False
normal,আমি অনেক সময় মিলার মধ্যে পান তা হল আমি একটি মহান এবং আমি অন্য ব্যপারের মধ্যে আমার প্রেমের অমন্ত্রণ দিতে পারি।,Bengali,আমি অনেক সময় মিলার মধ্যে পান তা হল আমি একটি মহান এবং আমি অন্য ব্যপারের মধ্যে আমার প্রেমের অমন্ত্রণ দিতে পারি।,False,False
normal,Shubho Bhalobasha Dibosh!,Banglish,Shubho Bhalobasha Dibosh!,False,False
normal,What will you eat today? Fish curry. What do you like?,English,What will you eat today? Fish curry. What do you like?,False,False
normal,Bidyuter chalar proyog kora hoy.,Banglish,Bidyuter chalar proyog kora hoy.,False,False
normal,Congratulations on your engagement! So happy for both of you. When is the wedding planned?,English,Congratulations on your engagement! So happy for both of you. When is the wedding planned?,False,False
normal,"তুমি যা করতে পারো, তা অসাধারণ।",Bengali,"তুমি যা করতে পারো, তা অসাধারণ।",False,False
normal,"আমি আজকে নতুন ফোন কিনেছি, Samsung Galaxy A15। দামটা একটু বেশি হয়েছে, কিন্তু ক্যামেরা একদম অসাধারণ!",Bengali,"আমি আজকে নতুন ফোন কিনেছি, Samsung Galaxy A15। দামটা একটু বেশি হয়েছে, কিন্তু ক্যামেরা একদম অসাধারণ!",False,False
normal,Subornia sandhya!,Banglish,Subornia sandhya!,False,False
normal,Asha kori tomar shomosto ichcha puron hok!,Banglish,Asha kori tomar shomosto ichcha puron hok!,False,False
normal,"ভাই, তুমি কি airport এ যাবে? Can you drop me on your way?",CodeMix,"ভাই, তুমি কি airport এ যাবে? Can you drop me on your way?",False,False
normal,আম্মা বলছে তুমি অনেকদিন বাসায় আসোনি। এবার একদিন দেখা করে যেও।,Bengali,আম্মা বলছে তুমি অনেকদিন বাসায় আসোনি। এবার একদিন দেখা করে যেও।,False,False
normal,সকালে হাঁটতে যাবে?,Bengali,সকালে হাঁটতে যাবে?,False,False
normal,"হ্যাঁ, আমাদের time লাগছিল।",CodeMix,"হ্যাঁ, আমাদের time লাগছিল।",False,False
normal,"Sister, can you help me with my math homework after school?",English,"Sister, can you help me with my math homework after school?",False,False
normal,Dinner এ কোথায় যাব? I feel like having Chinese food আজ।,CodeMix,Dinner এ কোথায় যাব? I feel like having Chinese food আজ।,False,False
normal,সকালে bus-এ ভিড় লাগছে।,CodeMix,সকালে bus-এ ভিড় লাগছে।,False,False
normal,"Shomoy nai, 01729182893 ei number e bKash korun.",Banglish,"Shomoy nai, [PHONE] ei number e bKash korun.",False,True
normal,পরশু কি তুমি free থাকবে? We need to meet.,CodeMix,পরশু কি তুমি free থাকবে? We need to meet.,False,False
normal,তুমি কি আজ বিকেলে ক্রিকেট ম্যাচ দেখবে? বাংলাদেশ খেলছে পাকিস্তানের সাথে।,Bengali,তুমি কি আজ বিকেলে ক্রিকেট ম্যাচ দেখবে? বাংলাদেশ খেলছে পাকিস্তানের সাথে।,False,False
normal," আসক্তের মতো ভালবাসবেন না, ধ্বংসাত্মকভাবে কাউকে ঘৃণা করবেন না। - [উমার ইবনুল খাত্তাব ( রাঃ)]",Bengali,"আসক্তের মতো ভালবাসবেন না, ধ্বংসাত্মকভাবে কাউকে ঘৃণা করবেন না। - [উমার ইবনুল খাত্তাব ( রাঃ)]",False,False
normal,শুভ Boishakhi!,CodeMix,শুভ Boishakhi!,False,False
normal,01873828174 এই number এ taka পাঠান।,CodeMix,[PHONE] এই number এ taka পাঠান।,False,True
normal,কালকে কি আমাদের viva exam আছে? I need to prepare tonight.,CodeMix,কালকে কি আমাদের viva exam আছে? I need to prepare tonight.,False,False
normal,"Don't be like you, let me be like a star.",English,"Don't be like you, let me be like a star.",False,False
normal,"Ajke cricket match chilo Bangladesh vs Pakistan. Last over porjonto pura excitement thaklo. Jodio Bangladesh hara gelo, crowd er energy onek bhalo chhilo.",Banglish,"Ajke cricket match chilo Bangladesh vs Pakistan. Last over porjonto pura excitement thaklo. Jodio Bangladesh hara gelo, crowd er energy onek bhalo chhilo.",False,False
normal,আজ bike ride করতে যাই? Weather খুব সুন্দর। তুমি join করছো কি? Let’s meet at usual spot।,CodeMix,আজ bike ride করতে যাই? Weather খুব সুন্দর। তুমি join করছো কি? Let’s meet at usual spot।,False,False
normal,শুভ বৈশাখী!,Bengali,শুভ বৈশাখী!,False,False
normal,"দাদু, আপনার ওষুধ খাওয়ার সময় হয়েছে। ভুলে যাবেন না।",Bengali,"দাদু, আপনার ওষুধ খাওয়ার সময় হয়েছে। ভুলে যাবেন না।",False,False
normal,"Ajker office meeting onek lamba holo, manager onek boro plan niye discussion korlo. Amar matha ektu ghure jacchilo, but ekdom bhalo experience holo.",Banglish,"Ajker office meeting onek lamba holo, manager onek boro plan niye discussion korlo. Amar matha ektu ghure jacchilo, but ekdom bhalo experience holo.",False,False
normal,01927283792 ei namber-e Rocket-e taka pathan.,Banglish,[PHONE] ei namber-e Rocket-e taka pathan.,False,True
normal,The concert last night was incredible. You should have come!,English,The concert last night was incredible. You should have come!,False,False
normal,What to eat? Fish curry. What do you like?,English,What to eat? Fish curry. What do you like?,False,False
normal,01672583987 number-e taka pathao.,Banglish,[PHONE] number-e taka pathao.,False,True
normal,Good luck with your presentation tomorrow. You're well prepared and will definitely impress them.,English,Good luck with your presentation tomorrow. You're well prepared and will definitely impress them.,False,False
normal,"Dear student, your tuition fee outstanding till today is 30,450.00 taka. (Including previous late fine and arrears) Pay current month's tuition fee (without fine) by September 18, 2024. For details login https://student.daffodil.edu.bd/ (Daffodil)",English,"Dear student, your tuition fee outstanding till today is 30,450.00 taka. (Including previous late fine and arrears) Pay current month's tuition fee (without fine) by September 18, 2024. For details login [URL] (Daffodil)",True,False
normal,What's the plan today?,English,What's the plan today?,False,False
normal,"Yes, বসে থাকলে time pass করা difficult হয়। আমি YouTube-ও দেখেছি, আবার dark series-এও ছিল।",CodeMix,"Yes, বসে থাকলে time pass করা difficult হয়। আমি YouTube-ও দেখেছি, আবার dark series-এও ছিল।",False,False
normal,Hope your visa interview goes smoothly tomorrow. You have all documents ready perfectly.,English,Hope your visa interview goes smoothly tomorrow. You have all documents ready perfectly.,False,False
normal,তুমি কি মিউজিয়ামে যাচ্ছো?,Bengali,তুমি কি মিউজিয়ামে যাচ্ছো?,False,False
normal,"Hello, কেমন আছেন আপনি?",CodeMix,"Hello, কেমন আছেন আপনি?",False,False
normal,পরের সপ্তাহে কক্সবাজার যাওয়ার প্ল্যান করছি। সমুদ্র দেখতে উত্তেজনা আছে।,Bengali,পরের সপ্তাহে কক্সবাজার যাওয়ার প্ল্যান করছি। সমুদ্র দেখতে উত্তেজনা আছে।,False,False
normal,Happy Pohela Boishakh এর শুভেচ্ছা!,CodeMix,Happy Pohela Boishakh এর শুভেচ্ছা!,False,False
normal,Ajker apnar din kemon katche?,Banglish,Ajker apnar din kemon katche?,False,False
normal,"Dukkito, amar roommate ra onek shomoy nilo, ekhon jete pari?",Banglish,"Dukkito, amar roommate ra onek shomoy nilo, ekhon jete pari?",False,False
normal,"Takar kotha bolle i she uthe chole jay, ami or kache 3 lakh taka pai",Banglish,"Takar kotha bolle i she uthe chole jay, ami or kache 3 lakh taka pai",False,False
normal,শুভ Saraswati Puja!,CodeMix,শুভ Saraswati Puja!,False,False
normal,Ajker weather report kemon? Brishti hobe naki?,Banglish,Ajker weather report kemon? Brishti hobe naki?,False,False
normal,"আমি ঠিক আছি, ধন্যবাদ।",Bengali,"আমি ঠিক আছি, ধন্যবাদ।",False,False
normal,Ami ekti notun protishthaaner beboshay korte chai.,Banglish,Ami ekti notun protishthaaner beboshay korte chai.,False,False
normal,Are you going to school?,English,Are you going to school?,False,False
normal,"তুমি যা করতে পারো, তা extraordinary।",CodeMix,"তুমি যা করতে পারো, তা extraordinary।",False,False
normal,Send money to this number 01927283987 via Rocket.,English,Send money to this number [PHONE] via Rocket.,False,True
normal,"তোমার আগে কোনো বই পড়েছি? হ্যাঁ, অনেক বই পড়েছি। তুমি কি?",Bengali,"তোমার আগে কোনো বই পড়েছি? হ্যাঁ, অনেক বই পড়েছি। তুমি কি?",False,False
normal,Ekta golpo bolo. Ekbare.,Banglish,Ekta golpo bolo. Ekbare.,False,False
normal,Congratulations on your son's graduation! Such a proud moment for the whole family. Well deserved success!,English,Congratulations on your son's graduation! Such a proud moment for the whole family. Well deserved success!,False,False
normal,"মামা, Eid gift জন্য কিছু buy করতে হবে। Shall we go together to Jamuna Future Park? Enjoy shopping এবং choose gifts wisely",CodeMix,"মামা, Eid gift জন্য কিছু buy করতে হবে। Shall we go together to Jamuna Future Park? Enjoy shopping এবং choose gifts wisely",False,False
normal,"If you pay the electricity bill and aunt's bill quickly, I would benefit a lot. Aunt keeps saying. Please take it seriously. It would be very helpful.",English,"If you pay the electricity bill and aunt's bill quickly, I would benefit a lot. Aunt keeps saying. Please take it seriously. It would be very helpful.",False,False
normal,কালকের training session cancel হয়েছে। নতুন date পরে জানানো হবে। Please inform all teammates।,CodeMix,কালকের training session cancel হয়েছে। নতুন date পরে জানানো হবে। Please inform all teammates।,False,False
normal,Shubho probhat!,Banglish,Shubho probhat!,False,False
normal,"নানা, আপনার ঔষধের সময় হয়েছে। খেতে ভুলবেন না।",Bengali,"নানা, আপনার ঔষধের সময় হয়েছে। খেতে ভুলবেন না।",False,False
normal,"কখনো মনে হয় সব যে ডিস্ট্রাক্শন,  এই মোবাইল ইন্টারনেট  এই অনলাইন দুনিয়া, সবাই এমন ভাবে ভিতরে ঢুকসে যে এসব ছাড়া সিঙ্গেল একটা ডে স্পেন্ড করা কঠিন",Bengali,"কখনো মনে হয় সব যে ডিস্ট্রাক্শন, এই মোবাইল ইন্টারনেট এই অনলাইন দুনিয়া, সবাই এমন ভাবে ভিতরে ঢুকসে যে এসব ছাড়া সিঙ্গেল একটা ডে স্পেন্ড করা কঠিন",False,False
normal,আজকে কি করছ?,CodeMix,আজকে কি করছ?,False,False
normal,"If you resort to injustice for success, remember you are not successful. — Thomas Carlyle",English,"If you resort to injustice for success, remember you are not successful. — Thomas Carlyle",False,False
normal,asha kori tomar jibon shomriddho hok!,Banglish,asha kori tomar jibon shomriddho hok!,False,False
normal,"সাহস রেখো, সাফল্য তোমার অপেক্ষায়।",Bengali,"সাহস রেখো, সাফল্য তোমার অপেক্ষায়।",False,False
normal,আজকে কি ক্লাস আছে? I am confused about the schedule।,CodeMix,আজকে কি ক্লাস আছে? I am confused about the schedule।,False,False
normal,০১৭২৯১৭২৯৪৯ এই number-এ Rocket-এ money পাঠান।,CodeMix,[PHONE] এই number-এ Rocket-এ money পাঠান।,False,True
normal,The cricket match was thrilling! Bangladesh played exceptionally well. What a fantastic victory celebration!,English,The cricket match was thrilling! Bangladesh played exceptionally well. What a fantastic victory celebration!,False,False
normal,Kani chhoto ekta chobi ankse ar fridge e lagalo. Khub cute lagse.,Banglish,Kani chhoto ekta chobi ankse ar fridge e lagalo. Khub cute lagse.,False,False
normal,শুভ অক্টোবর!,Bengali,শুভ অক্টোবর!,False,False
normal,শুভ হোলি!,Bengali,শুভ হোলি!,False,False
normal,"প্রিয় দাদু, আমি এইমাত্র ডাক্তারের কাছ থেকে ফিরে এলাম এবং আপনার রিপোর্টের ব্যাপারে ভালো খবর পেয়েছি। ডাঃ করিম সাহেব বলেছেন যে আপনার সুগারের মাত্রা এখন নিয়ন্ত্রণে আছে এবং ব্লাড প্রেসারও স্বাভাবিক। তবে তিনি বলেছেন নিয়মিত হাঁটাচলা করতে এবং লবণ কম খেতে। আমি আগামী সপ্তাহে আবার আপনার সাথে ডাক্তারের কাছে যাবো এবং তার পরামর্শ অনুযায়ী আপনার ডায়েট চার্ট তৈরি করবো। আপনি চিন্তা করবেন না, সব ঠিক হয়ে যাবে।",Bengali,"প্রিয় দাদু, আমি এইমাত্র ডাক্তারের কাছ থেকে ফিরে এলাম এবং আপনার রিপোর্টের ব্যাপারে ভালো খবর পেয়েছি। ডাঃ করিম সাহেব বলেছেন যে আপনার সুগারের মাত্রা এখন নিয়ন্ত্রণে আছে এবং ব্লাড প্রেসারও স্বাভাবিক। তবে তিনি বলেছেন নিয়মিত হাঁটাচলা করতে এবং লবণ কম খেতে। আমি আগামী সপ্তাহে আবার আপনার সাথে ডাক্তারের কাছে যাবো এবং তার পরামর্শ অনুযায়ী আপনার ডায়েট চার্ট তৈরি করবো। আপনি চিন্তা করবেন না, সব ঠিক হয়ে যাবে।",False,False
normal,"সব কিছু ঠিক হয়ে যাবে, ধৈর্য ধরো।",Bengali,"সব কিছু ঠিক হয়ে যাবে, ধৈর্য ধরো।",False,False
normal,ভালো সময় আবার আসবে।,Bengali,ভালো সময় আবার আসবে।,False,False
normal,"Hello, kemon achen?",Banglish,"Hello, kemon achen?",False,False
normal,What will we do tomorrow?,English,What will we do tomorrow?,False,False
normal,The surprise party was perfect! Everyone had such a wonderful time celebrating with you.,English,The surprise party was perfect! Everyone had such a wonderful time celebrating with you.,False,False
normal,Electricity এর bill এর payment করা হয়।,CodeMix,Electricity এর bill এর payment করা হয়।,False,False
normal,Good luck with your presentation tomorrow! You've worked hard and I know you'll do excellently.,English,Good luck with your presentation tomorrow! You've worked hard and I know you'll do excellently.,False,False
normal,Ajker meeting kemon chhilo?,Banglish,Ajker meeting kemon chhilo?,False,False
normal,Good morning! The sunrise over Dhanmondi Lake looks absolutely stunning today. Nature's perfect artwork.,English,Good morning! The sunrise over Dhanmondi Lake looks absolutely stunning today. Nature's perfect artwork.,False,False
normal,Urgent TK পাঠাও এই নাম্বারে: ০১৭৩৮২৭৩৮২৮,CodeMix,Urgent TK পাঠাও এই নাম্বারে: [PHONE],False,True
normal,Sorry I'm running late. Traffic is terrible on Mirpur Road. Will be there in 20 minutes.,English,Sorry I'm running late. Traffic is terrible on Mirpur Road. Will be there in 20 minutes.,False,False
normal,Shuprobhat!,Banglish,Shuprobhat!,False,False
normal,"Tumi onek strong, you can do it.",CodeMix,"Tumi onek strong, you can do it.",False,False
normal,"আজ Sunday, chill করার mood আছে। Coffee shop এ যাই কি? Weather sunny এবং mood perfect",CodeMix,"আজ Sunday, chill করার mood আছে। Coffee shop এ যাই কি? Weather sunny এবং mood perfect",False,False
normal,তুমি কি কলেজে যাচ্ছো?,Bengali,তুমি কি কলেজে যাচ্ছো?,False,False
normal,The concert was absolutely incredible! The singer's voice gave me goosebumps throughout.,English,The concert was absolutely incredible! The singer's voice gave me goosebumps throughout.,False,False
normal,আজ দুপুরে দারুণ একটা সিনেমা দেখলাম। তোমাকে অবশ্যই রিকমেন্ড করবো।,Bengali,আজ দুপুরে দারুণ একটা সিনেমা দেখলাম। তোমাকে অবশ্যই রিকমেন্ড করবো।,False,False
normal,"হাই, আমি এখানে।",Bengali,"হাই, আমি এখানে।",False,False
normal,Send bKash quickly to number 01672573873.,English,Send bKash quickly to number [PHONE] .,False,True
normal,"In the courtyard of your eyes, does light still spread like that? Do you still look at the stars with an absent mind? Do you still love me like before?",English,"In the courtyard of your eyes, does light still spread like that? Do you still look at the stars with an absent mind? Do you still love me like before?",False,False
normal,আজকে dinner এ কি রান্না করবে?,CodeMix,আজকে dinner এ কি রান্না করবে?,False,False
normal,"তুমি একা নও, আমরা আছি তোমার পাশে।",Bengali,"তুমি একা নও, আমরা আছি তোমার পাশে।",False,False
normal,০১৭২৮২৯১৭৬৫ এই নাম্বারে রকেটে ৫০০ টাকা দাও।,Bengali,[PHONE] এই নাম্বারে রকেটে ৫০০ টাকা দাও।,False,True
normal,Ki khabe? Aj mangshor ranna hocche. Tumi?,Banglish,Ki khabe? Aj mangshor ranna hocche. Tumi?,False,False
normal,ভাইয়া ভর্তির জন্য কি বাবার আয়ের সনদ দিতেই হয়??  বলবেন একটু,Bengali,ভাইয়া ভর্তির জন্য কি বাবার আয়ের সনদ দিতেই হয়?? বলবেন একটু,False,False
normal,Ami amar jiboner prodhan amader songe shomoy katate chai.,Banglish,Ami amar jiboner prodhan amader songe shomoy katate chai.,False,False
normal,"তুমি অসাধারণ, নিজের উপর বিশ্বাস রাখো।",Bengali,"তুমি অসাধারণ, নিজের উপর বিশ্বাস রাখো।",False,False
normal,"মা, আমি market থেকে returning, আপনার জন্য কি নিয়ে আসব? Let me know.",CodeMix,"মা, আমি market থেকে returning, আপনার জন্য কি নিয়ে আসব? Let me know.",False,False
normal,"Your payment is pending 800/- taka, pay quickly.",English,"Your payment is pending 800/- taka, pay quickly.",False,False
normal,I wish I could tell you something.,English,I wish I could tell you something.,False,False
normal,"Ami bhalo achi, apni kemon achen?",Banglish,"Ami bhalo achi, apni kemon achen?",False,False
normal,০১৬৭২৫৮৩৯৮৭ number-এ টাকা পাঠাও।,CodeMix,[PHONE] number-এ টাকা পাঠাও।,False,True
normal,"Hello, what's up?",English,"Hello, what's up?",False,False
normal,"Oh, I started watching series, but now I don't have time except for sports and wandering. Started Mr. Robot season 2, about hacking, quite realistic. But it's hard to take breaks from work.",English,"Oh, I started watching series, but now I don't have time except for sports and wandering. Started Mr. Robot season 2, about hacking, quite realistic. But it's hard to take breaks from work.",False,False
normal,"হ্যালো, আপনি কি করছেন?",Bengali,"হ্যালো, আপনি কি করছেন?",False,False
normal,What you can do is amazing.,English,What you can do is amazing.,False,False
normal,"কষ্ট পেয়ো না, আমি তোমার সাথে আছি।",Bengali,"কষ্ট পেয়ো না, আমি তোমার সাথে আছি।",False,False
normal,The sunrise from our rooftop was absolutely breathtaking today.,English,The sunrise from our rooftop was absolutely breathtaking today.,False,False
normal,তোমার একটা কথা বলো। তোমার কথা ভালো লাগে।,Bengali,তোমার একটা কথা বলো। তোমার কথা ভালো লাগে।,False,False
normal,কালকের training session reschedule হয়েছে। নতুন date পরে 알려বো। Please inform all teammates এবং adjust করুন accordingly,CodeMix,কালকের training session reschedule হয়েছে। নতুন date পরে 알려বো। Please inform all teammates এবং adjust করুন accordingly,False,False
normal,Bikele ki korcho?,Banglish,Bikele ki korcho?,False,False
normal,Kal eksathe movie dekhte jabo? Cineplex e Charlie's Angels cholche.,Banglish,Kal eksathe movie dekhte jabo? Cineplex e Charlie's Angels cholche.,False,False
normal,তোমার কি বাস্তব ভালো লাগছে? আমি আমার বাসায় অল্প সময় দেওয়া ভালো লাগে।,Bengali,তোমার কি বাস্তব ভালো লাগছে? আমি আমার বাসায় অল্প সময় দেওয়া ভালো লাগে।,False,False
normal,Dupure ekta brown korte giyechi.,Banglish,Dupure ekta brown korte giyechi.,False,False
normal,"Ami thik achi, apni kemon achen?",Banglish,"Ami thik achi, apni kemon achen?",False,False
normal,কেমন আছে তোমার family?,CodeMix,কেমন আছে তোমার family?,False,False
normal,তুমি কি বাগানে যাচ্ছো?,Bengali,তুমি কি বাগানে যাচ্ছো?,False,False
normal,"ভাই, আজ বিকেলে খেলতে যাবে? নতুন ক্রিকেট ব্যাট কিনেছি।",Bengali,"ভাই, আজ বিকেলে খেলতে যাবে? নতুন ক্রিকেট ব্যাট কিনেছি।",False,False
normal,তুমি কি খেলা দেখছো?,Bengali,তুমি কি খেলা দেখছো?,False,False
normal,"Hya, amader shomoy lagchhilo",Banglish,"Hya, amader shomoy lagchhilo",False,False
normal,Are you driving?,English,Are you driving?,False,False
normal,ami shastho mone hoy ebong amar shorir bhalo mone hoy.,Banglish,ami shastho mone hoy ebong amar shorir bhalo mone hoy.,False,False
normal,aj ki korle shomoy gojbe?,Banglish,aj ki korle shomoy gojbe?,False,False
normal,"Ektu pore tomar ke call korbo, ekhono meeting e boshe asi. Amar presentation cholche tai kisu bolte parbo na ekhon.",Banglish,"Ektu pore tomar ke call korbo, ekhono meeting e boshe asi. Amar presentation cholche tai kisu bolte parbo na ekhon.",False,False
normal,"Ajke university te puro din assignment niye matha ghurlo. Sir ekdom unexpected group project diye dilen. Kichu bujhte parchi na, tui ki already kaj shuru korchis?",Banglish,"Ajke university te puro din assignment niye matha ghurlo. Sir ekdom unexpected group project diye dilen. Kichu bujhte parchi na, tui ki already kaj shuru korchis?",False,False
normal,I can't be with you today. I am by your side.,English,I can't be with you today. I am by your side.,False,False
normal,Happy Saraswati Puja!,English,Happy Saraswati Puja!,False,False
normal,Happy Ashura!,English,Happy Ashura!,False,False
normal,Tumi ki meeting-e jachcho?,Banglish,Tumi ki meeting-e jachcho?,False,False
normal,How are you feeling today? I'm fine. How about you?,English,How are you feeling today? I'm fine. How about you?,False,False
normal,০১৯২৭২৮৩৯৮৭ এই number-এ Rocket-এ টাকা send করুন।,CodeMix,[PHONE] এই number-এ Rocket-এ টাকা send করুন।,False,True
normal,"Ei 01782973783 number-e call back kor, amar taka nai",Banglish,"Ei [PHONE] number-e call back kor, amar taka nai",False,True
normal,Do you have a story for you?,English,Do you have a story for you?,False,False
normal,Kemon cholche tomar din ta?,Banglish,Kemon cholche tomar din ta?,False,False
normal,Bondhu ekhon ki korcho? Bore lagche khub.,Banglish,Bondhu ekhon ki korcho? Bore lagche khub.,False,False
normal,01827382739 ei number e druto taka pathao.,Banglish,[PHONE] ei number e druto taka pathao.,False,True
normal,"What's up, hi?",English,"What's up, hi?",False,False
normal,The surprise birthday celebration was perfect! Everyone loved the decorations and cake. Great job organizing!,English,The surprise birthday celebration was perfect! Everyone loved the decorations and cake. Great job organizing!,False,False
normal,"Shuvo ratri, bhalo theko!",Banglish,"Shuvo ratri, bhalo theko!",False,False
normal,Happy নভেম্বর!,CodeMix,Happy নভেম্বর!,False,False
normal,How was today's meeting?,English,How was today's meeting?,False,False
normal,"Call this number 01827283892, urgent.",English,"Call this number [PHONE] , urgent.",False,True
normal,"ভাইয়া, আজ আপনার সাথে দেখা করতে পারবো না। কাল আসবো।",Bengali,"ভাইয়া, আজ আপনার সাথে দেখা করতে পারবো না। কাল আসবো।",False,False
normal,"কি news, কেমন আছো?",CodeMix,"কি news, কেমন আছো?",False,False
normal,Hope your son's school admission process goes smoothly. He's a bright student.,English,Hope your son's school admission process goes smoothly. He's a bright student.,False,False
normal,01729172949 ei number e rocket e taka pathan.,Banglish,[PHONE] ei number e rocket e taka pathan.,False,True
normal,"Shomoy nai, taratari taka pathao, bikash 01937382893.",Banglish,"Shomoy nai, taratari taka pathao, bikash [PHONE] .",False,True
normal,01927282893 এই number-এ দ্রুত টাকা পাঠাও।,CodeMix,[PHONE] এই number-এ দ্রুত টাকা পাঠাও।,False,True
normal,"Hello, how are you?",English,"Hello, how are you?",False,False
normal,আজ Sunday chill করার ইচ্ছে আছে। Movie দেখতে যাবো কি? Weather perfect এবং mood great,CodeMix,আজ Sunday chill করার ইচ্ছে আছে। Movie দেখতে যাবো কি? Weather perfect এবং mood great,False,False
normal,তুমি কোথায় আছো?,Bengali,তুমি কোথায় আছো?,False,False
normal,Are you watching a game?,English,Are you watching a game?,False,False
normal,Hope your day goes well!,English,Hope your day goes well!,False,False
normal,"shob kichu thik hoye jabe, shash rekho.",Banglish,"shob kichu thik hoye jabe, shash rekho.",False,False
normal,Hey! Are you free this evening? Want to grab some coffee at the new place in Gulshan?,English,Hey! Are you free this evening? Want to grab some coffee at the new place in Gulshan?,False,False
normal,"Yes, it's hard to pass time sitting idle. I've seen it on YouTube too, and it was also in Dark series.",English,"Yes, it's hard to pass time sitting idle. I've seen it on YouTube too, and it was also in Dark series.",False,False
normal,Happy Kolkata Kalyan Fair!,English,Happy Kolkata Kalyan Fair!,False,False
normal,হাসানের নাম্বারে টাকা পাঠিয়ে তারপর আসো।,CodeMix,হাসানের নাম্বারে টাকা পাঠিয়ে তারপর আসো।,False,False
normal,"আপনার একাউন্ট থেকে ১৫০০/- টাকা কাটা হয়েছে, বিস্তারিত জানতে কল করুন।",Bengali,"আপনার একাউন্ট থেকে ১৫০০/- টাকা কাটা হয়েছে, বিস্তারিত জানতে কল করুন।",False,False
normal,"Ami thik achi, dhonnobad.",Banglish,"Ami thik achi, dhonnobad.",False,False
normal,Kalke stadium e cricket match dekhlam. Bangladesh last over e win korlo. Pure crowd cheer korse.,Banglish,Kalke stadium e cricket match dekhlam. Bangladesh last over e win korlo. Pure crowd cheer korse.,False,False
normal,"আজ বিকেলে শাহবাগে বইমেলায় গিয়েছিলাম। প্রচুর ভিড় ছিল কিন্তু বইয়ের কালেকশন অসাধারণ। আমি তিনটা উপন্যাস কিনেছি, চাইলে তোমাকে ধার দিতে পারি।",Bengali,"আজ বিকেলে শাহবাগে বইমেলায় গিয়েছিলাম। প্রচুর ভিড় ছিল কিন্তু বইয়ের কালেকশন অসাধারণ। আমি তিনটা উপন্যাস কিনেছি, চাইলে তোমাকে ধার দিতে পারি।",False,False
normal,Send your owed money quickly to 01728272938.,English,Send your owed money quickly to [PHONE] .,False,True
normal,০১৭২৯১৭২৯৬৪ নাম্বারে রকেটে টাকা পাঠান।,Bengali,[PHONE] নাম্বারে রকেটে টাকা পাঠান।,False,True
normal,Where is your favorite place?,English,Where is your favorite place?,False,False
normal,দুপুরে একটি ব্রাউন করতে গিয়েছি।,Bengali,দুপুরে একটি ব্রাউন করতে গিয়েছি।,False,False
normal,I am not feeling well today। আজকের class এর notes গুলো কি আমাকে send করতে পারবে?,CodeMix,I am not feeling well today। আজকের class এর notes গুলো কি আমাকে send করতে পারবে?,False,False
normal,Thanks for the thoughtful gift! It's exactly what I needed. You always know how to make me happy.,English,Thanks for the thoughtful gift! It's exactly what I needed. You always know how to make me happy.,False,False
normal,Raysha আজ play করবে garden এ। Want to join with us?,CodeMix,Raysha আজ play করবে garden এ। Want to join with us?,False,False
normal,I bought some fresh hilsa fish from Kawran Bazar this morning.,English,I bought some fresh hilsa fish from Kawran Bazar this morning.,False,False
normal,আজ cinema যেতে ইচ্ছে আছে। তুমি আসছো কি? Let’s buy tickets online।,CodeMix,আজ cinema যেতে ইচ্ছে আছে। তুমি আসছো কি? Let’s buy tickets online।,False,False
normal,"ASAP বিদ্যুৎ বিল আর খালার বিল দিলে অনেক উপকার হতো। খালা বারবার বলছে, importance দিয়ে দেখ।",CodeMix,"ASAP বিদ্যুৎ বিল আর খালার বিল দিলে অনেক উপকার হতো। খালা বারবার বলছে, importance দিয়ে দেখ।",False,False
normal,What a very good question!,English,What a very good question!,False,False
normal,"Jururi, 01937283894 ei number e rocket e taka pathan.",Banglish,"Jururi, [PHONE] ei number e rocket e taka pathan.",False,True
normal,তুমি কি সিনেমার টিকিট কিনছো?,Bengali,তুমি কি সিনেমার টিকিট কিনছো?,False,False
normal,"সব ঠিক হয়ে যাবে, courage রেখো।",CodeMix,"সব ঠিক হয়ে যাবে, courage রেখো।",False,False
normal,আমরা কাল রাতে একসাথে ডিনার করেছিলাম। অনেকদিন পর আড্ডা দিতে ভালো লেগেছে।,Bengali,আমরা কাল রাতে একসাথে ডিনার করেছিলাম। অনেকদিন পর আড্ডা দিতে ভালো লেগেছে।,False,False
normal,"আপা, তোমার pen drive টা দিতে পারবে? আমার presentation save করতে হবে।",CodeMix,"আপা, তোমার pen drive টা দিতে পারবে? আমার presentation save করতে হবে।",False,False
normal,Thanks for the amazing vacation photos! The sunset shots are absolutely breathtaking. Professional quality work!,English,Thanks for the amazing vacation photos! The sunset shots are absolutely breathtaking. Professional quality work!,False,False
normal,Mom called earlier. She wants to know if you're coming for dinner on Friday.,English,Mom called earlier. She wants to know if you're coming for dinner on Friday.,False,False
normal,আজ রাতে ক্রিকেট ম্যাচ আছে বাংলাদেশ বনাম ভারত। সবাই একসাথে ক্যাফেতে বসে দেখব কেমন হয়?,Bengali,আজ রাতে ক্রিকেট ম্যাচ আছে বাংলাদেশ বনাম ভারত। সবাই একসাথে ক্যাফেতে বসে দেখব কেমন হয়?,False,False
normal,"Kosto peyo na, ami tomar sathe achhi.",Banglish,"Kosto peyo na, ami tomar sathe achhi.",False,False
normal,The garden looks beautiful with all the new flowers blooming. Spring has definitely arrived here!,English,The garden looks beautiful with all the new flowers blooming. Spring has definitely arrived here!,False,False
normal,I often find time in the miller that I am great and I can invite my love in other matters.,English,I often find time in the miller that I am great and I can invite my love in other matters.,False,False
normal,"Hi, kemon acho?",Banglish,"Hi, kemon acho?",False,False
normal,বাড়িতে একটি নতুন গাড়ি আসছে।,Bengali,বাড়িতে একটি নতুন গাড়ি আসছে।,False,False
normal,"Can't come to you today? Yes, I'm here. What do you want?",English,"Can't come to you today? Yes, I'm here. What do you want?",False,False
normal,তুমি সবসময় সেরা।,Bengali,তুমি সবসময় সেরা।,False,False
normal,আজকে evening এ movie দেখতে যাবে। Are you coming?,CodeMix,আজকে evening এ movie দেখতে যাবে। Are you coming?,False,False
normal,"আম্মু, আমার পরীক্ষার রেজাল্ট কাল বের হবে। দোয়া করবেন।",Bengali,"আম্মু, আমার পরীক্ষার রেজাল্ট কাল বের হবে। দোয়া করবেন।",False,False
normal,আজকে সারাদিন মাথা ব্যথা করছে। হয়তো ঘুম কম হয়েছে। ভাবছি দ্রুত শুয়ে পড়বো।,Bengali,আজকে সারাদিন মাথা ব্যথা করছে। হয়তো ঘুম কম হয়েছে। ভাবছি দ্রুত শুয়ে পড়বো।,False,False
normal,বাবা আজ home-এর পাশে রয়েছেন।,CodeMix,বাবা আজ home-এর পাশে রয়েছেন।,False,False
normal,Dinner এ কি plan? আমার অনেক biriyani খেতে ইচ্ছে করছে from old Dhaka.,CodeMix,Dinner এ কি plan? আমার অনেক biriyani খেতে ইচ্ছে করছে from old Dhaka.,False,False
normal,Kalke amar old friend sathe rastay dekha holo. Ek cup cha kheye purono golpo korte korte moja holo.,Banglish,Kalke amar old friend sathe rastay dekha holo. Ek cup cha kheye purono golpo korte korte moja holo.,False,False
normal,"আপনার package এর delivery আজ হবে, ০১৯৮৭৬৫৪৩২১ এই নাম্বারে call করুন more info এর জন্য।",CodeMix,"আপনার package এর delivery আজ হবে, [PHONE] এই নাম্বারে call করুন more info এর জন্য।",False,True
normal,শুভ সপ্তাহের প্রথম দিন!,Bengali,শুভ সপ্তাহের প্রথম দিন!,False,False
normal,"Apnar meye hospital e, joldi taka pathan 01828173912.",Banglish,"Apnar meye hospital e, joldi taka pathan [PHONE] .",False,True
normal,তুমি সবসময় best।,CodeMix,তুমি সবসময় best।,False,False
normal,আজকে অফিসে প্রচুর কাজ ছিল। বস বারবার রিপোর্ট চাইছিলেন। তবে টিমওয়ার্ক ভালো হওয়ায় সময়মতো শেষ করতে পেরেছি।,Bengali,আজকে অফিসে প্রচুর কাজ ছিল। বস বারবার রিপোর্ট চাইছিলেন। তবে টিমওয়ার্ক ভালো হওয়ায় সময়মতো শেষ করতে পেরেছি।,False,False
normal,তোমার প্রিয় বই কোনটি? সাইকেলোপেডিয়া। তুমি?,Bengali,তোমার প্রিয় বই কোনটি? সাইকেলোপেডিয়া। তুমি?,False,False
normal,"Dear student, আপনার tuition fee আজ পর্যন্ত 24,500.00 টাকা due আছে। (Previous late fine ও due-সহ) Current month-এর tuition fee (fine ছাড়া) 30th September, 2024 মধ্যে pay করুন। Details https://student.iba-du.edu.bd/ login করুন। (IBA)",CodeMix,"Dear student, আপনার tuition fee আজ পর্যন্ত 24,500.00 টাকা due আছে। (Previous late fine ও due-সহ) Current month-এর tuition fee (fine ছাড়া) 30th September, 2024 মধ্যে pay করুন। Details [URL] login করুন। (IBA)",True,False
normal,Good luck with your visa interview tomorrow! You've prepared all documents well. Everything will be fine.,English,Good luck with your visa interview tomorrow! You've prepared all documents well. Everything will be fine.,False,False
normal,Send money to number 01672583987.,English,Send money to number [PHONE] .,False,True
normal,আমি healthy মনে হয় এবং আমার body ভালো মনে হয়।,CodeMix,আমি healthy মনে হয় এবং আমার body ভালো মনে হয়।,False,False
normal,"ভাই, তুমি কি কালকে doctor's appointment এ যাবে? Can you pick me up on the way?",CodeMix,"ভাই, তুমি কি কালকে doctor's appointment এ যাবে? Can you pick me up on the way?",False,False
normal,"মামি, আপনার রেসিপি অনুযায়ী রান্না করেছি। খুব ভালো হয়েছে।",Bengali,"মামি, আপনার রেসিপি অনুযায়ী রান্না করেছি। খুব ভালো হয়েছে।",False,False
normal,"Ami bhalo achhi, dhonnobad.",Banglish,"Ami bhalo achhi, dhonnobad.",False,False
normal,"খালা, আপনার কেমন আছেন? গতকাল মামার সাথে কথা বলেছি, তিনি বলেছেন আপনার স্বাস্থ্য অনেক ভালো হয়ে গেছে এবং ডাক্তার আপনাকে স্বাভাবিক খাবার খেতে বলেছেন। এটা শুনে আমি খুবই খুশি হয়েছি কারণ গত কয়েক মাস আমরা সবাই চিন্তিত ছিলাম। আগামী শুক্রবার আমার ছুটি আছে, তাই ভাবছি আপনাদের বাসায় যাবো এবং একসাথে বসে গল্প করবো। আর হ্যাঁ, আপনার জন্য ঢাকা থেকে বিশেষ মিষ্টি নিয়ে আসবো।",Bengali,"খালা, আপনার কেমন আছেন? গতকাল মামার সাথে কথা বলেছি, তিনি বলেছেন আপনার স্বাস্থ্য অনেক ভালো হয়ে গেছে এবং ডাক্তার আপনাকে স্বাভাবিক খাবার খেতে বলেছেন। এটা শুনে আমি খুবই খুশি হয়েছি কারণ গত কয়েক মাস আমরা সবাই চিন্তিত ছিলাম। আগামী শুক্রবার আমার ছুটি আছে, তাই ভাবছি আপনাদের বাসায় যাবো এবং একসাথে বসে গল্প করবো। আর হ্যাঁ, আপনার জন্য ঢাকা থেকে বিশেষ মিষ্টি নিয়ে আসবো।",False,False
normal,"Hi Rumi, coffee খেতে আসছো আজ? Weather খুব nice, এবং অনেক gossip আছে।",CodeMix,"Hi Rumi, coffee খেতে আসছো আজ? Weather খুব nice, এবং অনেক gossip আছে।",False,False
normal,Ami ki tomar kache kichu bolte pari?,Banglish,Ami ki tomar kache kichu bolte pari?,False,False
normal,Ajke flat e load shedding holo 2 ghonta. Sobai roof e boshe adda marlo. Hawa enjoy korlam.,Banglish,Ajke flat e load shedding holo 2 ghonta. Sobai roof e boshe adda marlo. Hawa enjoy korlam.,False,False
normal,Hope your exam results are excellent tomorrow! You studied hard and deserve success. Fingers crossed!,English,Hope your exam results are excellent tomorrow! You studied hard and deserve success. Fingers crossed!,False,False
normal,Good morning! Hope you slept well after yesterday's long journey. Rest today and recover your energy.,English,Good morning! Hope you slept well after yesterday's long journey. Rest today and recover your energy.,False,False
normal,"I'm with you, don't worry about anything.",English,"I'm with you, don't worry about anything.",False,False
normal,তুমি amake ki bolte chao?,CodeMix,তুমি amake ki bolte chao?,False,False
normal,Send 500 taka via Rocket to this number 01728291765.,English,Send 500 taka via Rocket to this number [PHONE] .,False,True
normal,আজকে dinner এর জন্য কি plan? তুমি cook করতে চাও নাকি বাইরে order করি? Let me know before ৮ pm,CodeMix,আজকে dinner এর জন্য কি plan? তুমি cook করতে চাও নাকি বাইরে order করি? Let me know before ৮ pm,False,False
normal,আমি একটি প্রতিষ্ঠানের সঙ্গে যে মূল্য আছে তার দৃশ্যটি অন্যদিকের সাথে একটি দৃশ্য আছে।,Bengali,আমি একটি প্রতিষ্ঠানের সঙ্গে যে মূল্য আছে তার দৃশ্যটি অন্যদিকের সাথে একটি দৃশ্য আছে।,False,False
normal,কাল রাতে বাংলাদেশ আর পাকিস্তানের খেলা দেখেছো? ম্যাচটা একেবারে শেষ পর্যন্ত উত্তেজনাপূর্ণ ছিল। সবাই ক্যাফেতে বসে দারুণ আনন্দ করেছি।,Bengali,কাল রাতে বাংলাদেশ আর পাকিস্তানের খেলা দেখেছো? ম্যাচটা একেবারে শেষ পর্যন্ত উত্তেজনাপূর্ণ ছিল। সবাই ক্যাফেতে বসে দারুণ আনন্দ করেছি।,False,False
normal,Weekend e amader plan kora uchit ekta movie dekha. Sobai ek sathe jodi jai taile aro moja hobe. Tui ki free thakbi?,Banglish,Weekend e amader plan kora uchit ekta movie dekha. Sobai ek sathe jodi jai taile aro moja hobe. Tui ki free thakbi?,False,False
normal,"কালকে holiday declare করা হয়েছে, so we can sleep late.",CodeMix,"কালকে holiday declare করা হয়েছে, so we can sleep late.",False,False
normal,I feel healthy and my body seems fine.,English,I feel healthy and my body seems fine.,False,False
normal,Apnar meyer result kemon hoyeche? Khub tension korchilam.,Banglish,Apnar meyer result kemon hoyeche? Khub tension korchilam.,False,False
normal,Rain না থাকলে খুব গরম হয়।,CodeMix,Rain না থাকলে খুব গরম হয়।,False,False
normal,"০১৮৭৩৮২৮১৯৩ number এ bKash করুন, hurry করুন।",CodeMix,"[PHONE] number এ bKash করুন, hurry করুন।",False,True
normal,Good evening!,English,Good evening!,False,False
normal,"Hello, kemon achen apni?",Banglish,"Hello, kemon achen apni?",False,False
normal,০১৬৭২৫৭৩৮৭৯ number-এ দ্রুত bKash করুন।,CodeMix,[PHONE] number-এ দ্রুত bKash করুন।,False,True
normal,০১৮২৭২৮৩৯৫১ নাম্বারে কল করুন।,Bengali,[PHONE] নাম্বারে কল করুন।,False,True
normal,Shuvo Holi!,Banglish,Shuvo Holi!,False,False
normal,Happy first day of the week!,English,Happy first day of the week!,False,False
normal,"Ajker din ta purata ghore boshe TV dekhte katlam. Ekta old Bangla cinema chilo BTV te, maja lagse. Tui ki ajke kono TV show dekhechho?",Banglish,"Ajker din ta purata ghore boshe TV dekhte katlam. Ekta old Bangla cinema chilo BTV te, maja lagse. Tui ki ajke kono TV show dekhechho?",False,False
normal,আজকে dinner এর জন্য কি plan? তুমি কিছু cook করতে চাও নাকি বাইরে order করি? Let me know before ৭ pm,CodeMix,আজকে dinner এর জন্য কি plan? তুমি কিছু cook করতে চাও নাকি বাইরে order করি? Let me know before ৭ pm,False,False
normal,Hope your mother's surgery went well today. Sending prayers and positive thoughts for speedy recovery.,English,Hope your mother's surgery went well today. Sending prayers and positive thoughts for speedy recovery.,False,False
normal,"Hello, kemon acho?",Banglish,"Hello, kemon acho?",False,False
normal,গতকাল রাতে সবাই মিলে ফুটবল খেলতে গিয়েছিলাম। অনেকদিন পর খেলাটা দারুণ উপভোগ করেছি। শরীরটা ভালোভাবে ঝালিয়ে নেওয়া হলো।,Bengali,গতকাল রাতে সবাই মিলে ফুটবল খেলতে গিয়েছিলাম। অনেকদিন পর খেলাটা দারুণ উপভোগ করেছি। শরীরটা ভালোভাবে ঝালিয়ে নেওয়া হলো।,False,False
normal,"Hi, কি খবর?",CodeMix,"Hi, কি খবর?",False,False
normal,আজ lunch কোথায় খাওয়া যায়? Any idea? আমরা দুইটা restaurant check করতে পারি।,CodeMix,আজ lunch কোথায় খাওয়া যায়? Any idea? আমরা দুইটা restaurant check করতে পারি।,False,False
normal,Weekend e amader plan holo movie night. Sobai mile popcorn banabo ar horror movie dekbo.,Banglish,Weekend e amader plan holo movie night. Sobai mile popcorn banabo ar horror movie dekbo.,False,False
normal,How is your day?,English,How is your day?,False,False
normal,"আপনার পাওনা ৬০০০/- টাকা, দ্রুত পরিশোধ করুন।",Bengali,"আপনার পাওনা ৬০০০/- টাকা, দ্রুত পরিশোধ করুন।",False,False
normal,Do I have any new updates?,English,Do I have any new updates?,False,False
normal,Exercise করতে habit করতে হবে।,CodeMix,Exercise করতে habit করতে হবে।,False,False
normal,"Tumi parbe, ami jani.",Banglish,"Tumi parbe, ami jani.",False,False
normal,Raysha ajke onek moja kore mathay rong tullo diye khelar modhye boshe chilo. Khub cute lagchilo. Tore ek din dekhabo.,Banglish,Raysha ajke onek moja kore mathay rong tullo diye khelar modhye boshe chilo. Khub cute lagchilo. Tore ek din dekhabo.,False,False
normal,Where are you? আমি 30 minutes ধরে তোমার জন্য wait করছি।,CodeMix,Where are you? আমি 30 minutes ধরে তোমার জন্য wait করছি।,False,False
normal,আপনি কেমন অনুভব করছেন? My day was tiring।,CodeMix,আপনি কেমন অনুভব করছেন? My day was tiring।,False,False
normal,Have you tried the new restaurant?,English,Have you tried the new restaurant?,False,False
normal,"বেশি চিন্তা করব না, সব ঠিক হবে।",Bengali,"বেশি চিন্তা করব না, সব ঠিক হবে।",False,False
normal,তুমি কি meeting-এ যাচ্ছো?,CodeMix,তুমি কি meeting-এ যাচ্ছো?,False,False
normal,"আজ দুপুরে বাজারে গিয়ে মাছ কিনলাম। ইলিশ অনেক দামি হয়ে গেছে, তবে ছোট মাছগুলোর দাম মোটামুটি। রান্না করে সবাই মিলে খাওয়ার প্ল্যান করছি।",Bengali,"আজ দুপুরে বাজারে গিয়ে মাছ কিনলাম। ইলিশ অনেক দামি হয়ে গেছে, তবে ছোট মাছগুলোর দাম মোটামুটি। রান্না করে সবাই মিলে খাওয়ার প্ল্যান করছি।",False,False
normal,তুমি কি বই পড়ছো?,Bengali,তুমি কি বই পড়ছো?,False,False
normal,"মামা, Eid gift এর জন্য কিছু buy করতে হবে। Shall we go together to Jamuna Future Park? Enjoy shopping এবং choose gifts wisely",CodeMix,"মামা, Eid gift এর জন্য কিছু buy করতে হবে। Shall we go together to Jamuna Future Park? Enjoy shopping এবং choose gifts wisely",False,False
normal,I want to read a Bengali short story.,English,I want to read a Bengali short story.,False,False
normal,"বেশি tension করব না, সব ঠিক হবে।",CodeMix,"বেশি tension করব না, সব ঠিক হবে।",False,False
normal,"ভাই, তোমার গাড়ি ধার দিবে? আমার জরুরি কাজ আছে।",Bengali,"ভাই, তোমার গাড়ি ধার দিবে? আমার জরুরি কাজ আছে।",False,False
normal,"চাচী, আজ বিকেলে আপনার সাথে দেখা করতে যাবো।",Bengali,"চাচী, আজ বিকেলে আপনার সাথে দেখা করতে যাবো।",False,False
normal,Ajker dupure boro brishti hochche.,Banglish,Ajker dupure boro brishti hochche.,False,False
normal,তুমি কি ট্রামে যাচ্ছো?,Bengali,তুমি কি ট্রামে যাচ্ছো?,False,False
normal,Happy October!,English,Happy October!,False,False
normal,The monsoon rains are both a blessing and a curse this year.,English,The monsoon rains are both a blessing and a curse this year.,False,False
normal,kothor porishromoi shofolir path.,Banglish,kothor porishromoi shofolir path.,False,False
normal,I can't say anything now.,English,I can't say anything now.,False,False
normal,Ajke amar maa’r birthday. Chhotto ekta cake kine ashlam ar family mile celebrate korlam. Maa khub happy hoilo. Picture pore pathabo.,Banglish,Ajke amar maa’r birthday. Chhotto ekta cake kine ashlam ar family mile celebrate korlam. Maa khub happy hoilo. Picture pore pathabo.,False,False
normal,01738273828 ei number-e joruri TK pathan.,Banglish,[PHONE] ei number-e joruri TK pathan.,False,True
normal,Ami je byapar ta onek dukkho peyechi sheta hol bashay thaka.,Banglish,Ami je byapar ta onek dukkho peyechi sheta hol bashay thaka.,False,False
normal,"You are awesome, নিজের উপর বিশ্বাস রাখো।",CodeMix,"You are awesome, নিজের উপর বিশ্বাস রাখো।",False,False
normal,"Hi, how are you?",English,"Hi, how are you?",False,False
normal,"আমি আজকে খুব ব্যস্ত ছিলাম অফিসে। বস হঠাৎ মিটিং ডেকেছিল। কাল দেখা করি, কফি খেতে যাই।",Bengali,"আমি আজকে খুব ব্যস্ত ছিলাম অফিসে। বস হঠাৎ মিটিং ডেকেছিল। কাল দেখা করি, কফি খেতে যাই।",False,False
normal,"Call this number 01672592897, I need money.",English,"Call this number [PHONE] , I need money.",False,True
normal,Hey! What's up? অনেকদিন পর তোমার সাথে কথা হলো।,CodeMix,Hey! What's up? অনেকদিন পর তোমার সাথে কথা হলো।,False,False
normal,Inaya amar sathe ludo kheltese. Ami jete jete she suddenly win kore gelo. Amar khub moja laglo.,Banglish,Inaya amar sathe ludo kheltese. Ami jete jete she suddenly win kore gelo. Amar khub moja laglo.,False,False
normal,"Today is a special day, I am sitting at home.",English,"Today is a special day, I am sitting at home.",False,False
normal,"হ্যালো, কেমন আছো?",Bengali,"হ্যালো, কেমন আছো?",False,False
normal,Kani ajke school e spelling competition e second place paishe. O onek excited chilo. Tore sathe news ta share korte holo.,Banglish,Kani ajke school e spelling competition e second place paishe. O onek excited chilo. Tore sathe news ta share korte holo.,False,False
normal,"আজ সন্ধ্যায় নিউ মার্কেটে ঘুরতে গিয়েছিলাম। নতুন জামাকাপড় দেখলাম। দাম একটু বেশি, কিন্তু ডিজাইনগুলো সুন্দর। ভাবছি একদিন তোমার সাথে গিয়ে কিনবো।",Bengali,"আজ সন্ধ্যায় নিউ মার্কেটে ঘুরতে গিয়েছিলাম। নতুন জামাকাপড় দেখলাম। দাম একটু বেশি, কিন্তু ডিজাইনগুলো সুন্দর। ভাবছি একদিন তোমার সাথে গিয়ে কিনবো।",False,False
normal,আজকে আমি একটি নতুন restaurant-এ যাব।,CodeMix,আজকে আমি একটি নতুন restaurant-এ যাব।,False,False
normal,তুমি কি শপিংয়ে গেছো?,Bengali,তুমি কি শপিংয়ে গেছো?,False,False
normal,শুভ Ashura!,CodeMix,শুভ Ashura!,False,False
normal,"Hello, কি করছো?",CodeMix,"Hello, কি করছো?",False,False
normal,Happy Pohela Falgun!,English,Happy Pohela Falgun!,False,False
normal,Tomar basha kototuku dure?,Banglish,Tomar basha kototuku dure?,False,False
normal,What are you doing today?,English,What are you doing today?,False,False
normal,Your car servicing deadline has expired. Contact quickly 01876543321.,English,Your car servicing deadline has expired. Contact quickly [PHONE] .,False,True
normal,আজকে সারাদিন মাথা ব্যথা করছে। হয়তো ঘুম কম হয়েছে। ভাবছি একটু তাড়াতাড়ি শুয়ে পড়বো।,Bengali,আজকে সারাদিন মাথা ব্যথা করছে। হয়তো ঘুম কম হয়েছে। ভাবছি একটু তাড়াতাড়ি শুয়ে পড়বো।,False,False
normal,"মামা, Eid gift জন্য কিছু buy করতে হবে। Shall we go together to Bashundhara Shopping Mall? Enjoy shopping",CodeMix,"মামা, Eid gift জন্য কিছু buy করতে হবে। Shall we go together to Bashundhara Shopping Mall? Enjoy shopping",False,False
normal,shuvo Romzaner rohomer mash!,Banglish,shuvo Romzaner rohomer mash!,False,False
normal,অন্যায়ের প্রতি loyalty respect এর পথে barrier হয়ে দাড়াতে পারে। — সংগৃহীত,CodeMix,অন্যায়ের প্রতি loyalty respect এর পথে barrier হয়ে দাড়াতে পারে। — সংগৃহীত,False,False
normal,Happy Mother's Day! You're the most wonderful mom anyone could ask for.,English,Happy Mother's Day! You're the most wonderful mom anyone could ask for.,False,False
normal,01672573857 number-এ bKash করুন।,CodeMix,[PHONE] number-এ bKash করুন।,False,True
normal,আমার favourite মানুষ যারা life নিয়ে আমার family-তে problem আছে সেগুলোকে আমি solve করতে চাই।,CodeMix,আমার favourite মানুষ যারা life নিয়ে আমার family-তে problem আছে সেগুলোকে আমি solve করতে চাই।,False,False
normal,Shubho jonmodin ovinondone!,Banglish,Shubho jonmodin ovinondone!,False,False
normal,Maa ajke khub moja kore khichuri ranna korse. Brishtir modhye oi khichuri khete onek moja laglo. Tor kache ki brishtir din mane khete khawa special dish er shathe?,Banglish,Maa ajke khub moja kore khichuri ranna korse. Brishtir modhye oi khichuri khete onek moja laglo. Tor kache ki brishtir din mane khete khawa special dish er shathe?,False,False
normal,"Your package delivery will be today, call 01987654321 for more info.",English,"Your package delivery will be today, call [PHONE] for more info.",False,True
normal,Bondhu school er reunion e jabe? 15 years pore dekha hobe.,Banglish,Bondhu school er reunion e jabe? 15 years pore dekha hobe.,False,False
normal,সন্ধ্যায় বন্ধুরা নিয়ে ক্যাফেতে আড্ডা দিলাম। অনেকদিন পর একসাথে বসে গল্প করলাম। হাসি-মজায় সময়টা দুর্দান্ত কেটেছে।,Bengali,সন্ধ্যায় বন্ধুরা নিয়ে ক্যাফেতে আড্ডা দিলাম। অনেকদিন পর একসাথে বসে গল্প করলাম। হাসি-মজায় সময়টা দুর্দান্ত কেটেছে।,False,False
normal,"Hi, how is your day going?",English,"Hi, how is your day going?",False,False
normal,Hope তোমার জীবন becomes সমৃদ্ধ!,CodeMix,Hope তোমার জীবন becomes সমৃদ্ধ!,False,False
normal,তুমি কি গ্রামে যাচ্ছো?,Bengali,তুমি কি গ্রামে যাচ্ছো?,False,False
normal,"তুমি পারবে, শুধু লেগে থাকো।",Bengali,"তুমি পারবে, শুধু লেগে থাকো।",False,False
normal,"ভাই, 
আযহার ভাই আপনার সাথে দেখা করতে বললো। এম. ফিল এর Synopsis নিয়ে ",Bengali,"ভাই, আযহার ভাই আপনার সাথে দেখা করতে বললো। এম. ফিল এর Synopsis নিয়ে",False,False
normal,"Call this number 01827283873, urgent.",English,"Call this number [PHONE] , urgent.",False,True
normal,ki khobor tomar?,Banglish,ki khobor tomar?,False,False
normal,Kani ajke school er debate competition e participate korse. O boro confidence diye kotha bollo ar judges appreciate korlo. Sobai clapping korlo.,Banglish,Kani ajke school er debate competition e participate korse. O boro confidence diye kotha bollo ar judges appreciate korlo. Sobai clapping korlo.,False,False
normal,কি খাবে আজ? মাছের কারি। তুমি কি পছন্দ করো?,Bengali,কি খাবে আজ? মাছের কারি। তুমি কি পছন্দ করো?,False,False
normal,Tomar din kemon geche?,Banglish,Tomar din kemon geche?,False,False
normal,০১৯৭২৭৭১৭১৪ আমার এই নাম্বারে টাকা পাঠা,Bengali,[PHONE] আমার এই নাম্বারে টাকা পাঠা,False,True
normal,"What's the news, how are you?",English,"What's the news, how are you?",False,False
normal,রাতে কি খাবে?,Bengali,রাতে কি খাবে?,False,False
normal,এই যা আমি যে অনেক সময় পেলাম সেটি হল সমাধান এবং মূল্য হল একটি মহান এবং একটি জনপ্রি,Bengali,এই যা আমি যে অনেক সময় পেলাম সেটি হল সমাধান এবং মূল্য হল একটি মহান এবং একটি জনপ্রি,False,False
normal,"01672592897 ei number e call korun, amar taka dorkar.",Banglish,"[PHONE] ei number e call korun, amar taka dorkar.",False,True
normal,"হ্যালো, কেমন আছেন?",Bengali,"হ্যালো, কেমন আছেন?",False,False
normal,Happy birthday!,English,Happy birthday!,False,False
normal,"01672592871 ei number e call korun, amar taka dorkar.",Banglish,"[PHONE] ei number e call korun, amar taka dorkar.",False,True
normal,"বন্ধু, তোমার নতুন চাকরি কেমন লাগছে? বস ভালো তো?",Bengali,"বন্ধু, তোমার নতুন চাকরি কেমন লাগছে? বস ভালো তো?",False,False
normal,"Ajke bazar theke notun shobji kinlam. Khub fresh chhilo, maa onek ranna korte chay. Dinner e moja lagbe.",Banglish,"Ajke bazar theke notun shobji kinlam. Khub fresh chhilo, maa onek ranna korte chay. Dinner e moja lagbe.",False,False
normal,আপনি কেমন আছেন? I was thinking about yesterday’s meeting.,CodeMix,আপনি কেমন আছেন? I was thinking about yesterday’s meeting.,False,False
normal,Good morning! How did you sleep last night? Hope today brings you joy and success.,English,Good morning! How did you sleep last night? Hope today brings you joy and success.,False,False
normal,Are you going by tram?,English,Are you going by tram?,False,False
normal,আজ afternoon এ আমি school এ গিয়েছিলাম।,CodeMix,আজ afternoon এ আমি school এ গিয়েছিলাম।,False,False
normal,আজ সকালে বাসায় বিদ্যুৎ ছিল না। সবকিছু গরম আর অস্বস্তিকর লাগছিলো। বিদ্যুৎ আসার পর মনে হলো স্বস্তি পেয়েছি।,Bengali,আজ সকালে বাসায় বিদ্যুৎ ছিল না। সবকিছু গরম আর অস্বস্তিকর লাগছিলো। বিদ্যুৎ আসার পর মনে হলো স্বস্তি পেয়েছি।,False,False
normal,"প্রিয় customer আপনার কাছে Palli Bidyut Jamalpur branch-এর পাওনা রয়েছে ৫০৩৮/- টাকা, জলদি পাওনা payment না করলে electricity line disconnect করা হবে।",CodeMix,"প্রিয় customer আপনার কাছে Palli Bidyut Jamalpur branch-এর পাওনা রয়েছে ৫০৩৮/- টাকা, জলদি পাওনা payment না করলে electricity line disconnect করা হবে।",False,False
normal,আমি যেন your কাছে কিছু বলতে পারি।,CodeMix,আমি যেন your কাছে কিছু বলতে পারি।,False,False
normal,Thanks for being such a reliable friend through good times and bad. Your friendship means everything!,English,Thanks for being such a reliable friend through good times and bad. Your friendship means everything!,False,False
normal,বাবা আজ বাড়ির পাশে রয়েছেন।,Bengali,বাবা আজ বাড়ির পাশে রয়েছেন।,False,False
normal,Are you going to the mountains?,English,Are you going to the mountains?,False,False
normal,"যখন তুমি দেখবে, namaz-এর মধ্যে তোমার অন্তর উপস্থিত থাকছে না, তখন বুঝে নেবে, এটা iman-এর দূর্বলতার কারণ। কঠোর পরিশ্রম করো নিজের iman-কে মজবুত করার জন্য। -[ইমাম ইবনু কুদামাহ আল মাকদিসি (রহ.)]",CodeMix,"যখন তুমি দেখবে, namaz-এর মধ্যে তোমার অন্তর উপস্থিত থাকছে না, তখন বুঝে নেবে, এটা iman-এর দূর্বলতার কারণ। কঠোর পরিশ্রম করো নিজের iman-কে মজবুত করার জন্য। -[ইমাম ইবনু কুদামাহ আল মাকদিসি (রহ.)]",False,False
normal,Thanks for the movie recommendation! We watched it last night and loved every minute of it.,English,Thanks for the movie recommendation! We watched it last night and loved every minute of it.,False,False
normal,Hard work-ই success এর key।,CodeMix,Hard work-ই success এর key।,False,False
normal,The classical music concert at the national theater was simply magnificent.,English,The classical music concert at the national theater was simply magnificent.,False,False
normal,"মেয়ে, খাওয়া দাওয়া করেছো তো? ঠিক সময়ে খেয়ো।",Bengali,"মেয়ে, খাওয়া দাওয়া করেছো তো? ঠিক সময়ে খেয়ো।",False,False
normal,Tomar lokkhe pouchaite dhairjo dhoro.,Banglish,Tomar lokkhe pouchaite dhairjo dhoro.,False,False
normal,"Ami busy ছিলাম আজ, but tomorrow free আছি। Shall we meet?",CodeMix,"Ami busy ছিলাম আজ, but tomorrow free আছি। Shall we meet?",False,False
normal,০১৮৭৩৮২৮১৭৪ এই নাম্বারে টাকা পাঠান।,Bengali,[PHONE] এই নাম্বারে টাকা পাঠান।,False,True
normal,আশা করি তোমার successful হোক!,CodeMix,আশা করি তোমার successful হোক!,False,False
normal,How's your day going today?,English,How's your day going today?,False,False
normal,Kothay jachho?,Banglish,Kothay jachho?,False,False
normal,Ajke cricket kheltam park e. Chhoto bhai ekta amazing goal korlo. Sobai cheer kore boro moja holo.,Banglish,Ajke cricket kheltam park e. Chhoto bhai ekta amazing goal korlo. Sobai cheer kore boro moja holo.,False,False
normal,Looking forward to our family reunion next week. It's been ages since we all met!,English,Looking forward to our family reunion next week. It's been ages since we all met!,False,False
normal, যে বিষয়ে মনে খটকা লাগে সে বিষয়টা যতোটা সম্ভব এড়িয়ে চলুন। – [ড. বিলাল ফিলিপ্স],Bengali,যে বিষয়ে মনে খটকা লাগে সে বিষয়টা যতোটা সম্ভব এড়িয়ে চলুন। – [ড. বিলাল ফিলিপ্স],False,False
normal,তোমার জন্য a good day!,CodeMix,তোমার জন্য a good day!,False,False
normal,শুভ Pohela Falgun!,CodeMix,শুভ Pohela Falgun!,False,False
normal,Urgently send money to 01738287365.,English,Urgently send money to [PHONE] .,False,True
normal,আমার নতুন ল্যাপটপটা বেশ দ্রুত কাজ করছে। মনে হচ্ছে এবার পড়াশোনা আরও সহজ হবে।,Bengali,আমার নতুন ল্যাপটপটা বেশ দ্রুত কাজ করছে। মনে হচ্ছে এবার পড়াশোনা আরও সহজ হবে।,False,False
normal,"আব্বু, আমি ঢাকায় পৌঁছে গেছি। হোটেলে চেক ইন করলাম।",Bengali,"আব্বু, আমি ঢাকায় পৌঁছে গেছি। হোটেলে চেক ইন করলাম।",False,False
normal,০১৮২৭২৮৩৭৪৭ numberএ bKash করুন।,CodeMix,[PHONE] numberএ bKash করুন।,False,True
normal,আজকে আবহাওয়াটা অনেক সুন্দর। Let's go out for a walk।,CodeMix,আজকে আবহাওয়াটা অনেক সুন্দর। Let's go out for a walk।,False,False
normal,"এমন দু’টি নিয়ামত আছে, যে দু’টোতে অধিকাংশ মানুষ ক্ষতিগ্রস্ত। তা হচ্ছে, সুস্থতা আর অবসর। - [মুহাম্মাদ (সা)]",Bengali,"এমন দু’টি নিয়ামত আছে, যে দু’টোতে অধিকাংশ মানুষ ক্ষতিগ্রস্ত। তা হচ্ছে, সুস্থতা আর অবসর। - [মুহাম্মাদ (সা)]",False,False
normal,"Ki khobor, hi?",Banglish,"Ki khobor, hi?",False,False
normal,Maa bolse agami shoptaho chhoto dawath hobe bari te. Sobai ke invite korte bolse. Tui jodi free thakish please esho.,Banglish,Maa bolse agami shoptaho chhoto dawath hobe bari te. Sobai ke invite korte bolse. Tui jodi free thakish please esho.,False,False
normal,"চাচী, আজ আপনার সাথে অনেক ভালো সময় কাটলো। ধন্যবাদ।",Bengali,"চাচী, আজ আপনার সাথে অনেক ভালো সময় কাটলো। ধন্যবাদ।",False,False
normal,I'm grateful for all the wonderful friendships I've made over the years.,English,I'm grateful for all the wonderful friendships I've made over the years.,False,False
normal,"০১৬৭২৫৯২৮৭১ এই নাম্বারে কল করুন, আমার টাকা দরকার।",Bengali,"[PHONE] এই নাম্বারে কল করুন, আমার টাকা দরকার।",False,True
normal,"তুমি অনেক শক্তিশালী, সাহস রেখো।",Bengali,"তুমি অনেক শক্তিশালী, সাহস রেখো।",False,False
normal,Online-এ election কিভাবে করা যাবে,CodeMix,Online-এ election কিভাবে করা যাবে,False,False
normal,আমার number এ ০১৭৩৬৬৩৭৩৮৭ flexiload করে দাও ৫০০ TK,CodeMix,আমার number এ [PHONE] flexiload করে দাও ৫০০ TK,False,True
normal,"Ami boi-ta porte shuru korlam, khub mojar lagche.",Banglish,"Ami boi-ta porte shuru korlam, khub mojar lagche.",False,False
normal,০১৮২৭৩৮২৭৩৯ এই নাম্বারে দ্রুত টাকা পাঠাও।,Bengali,[PHONE] এই নাম্বারে দ্রুত টাকা পাঠাও।,False,True
normal,আজকের মিটিং কেমন ছিল?,Bengali,আজকের মিটিং কেমন ছিল?,False,False
normal,তুমি কি cinema ticket কিনছো?,CodeMix,তুমি কি cinema ticket কিনছো?,False,False
normal,Tumi ki gaan shuncho?,Banglish,Tumi ki gaan shuncho?,False,False
normal,Kani ajke debate competition e participate korse. Sobai admire korlo tar confidence. Teacher o khub happy hoilo.,Banglish,Kani ajke debate competition e participate korse. Sobai admire korlo tar confidence. Teacher o khub happy hoilo.,False,False
normal,শুভ অসুস্থ্য দিনের শুভেচ্ছা!,Bengali,শুভ অসুস্থ্য দিনের শুভেচ্ছা!,False,False
normal,জরুরি ভিত্তিতে ০১৭৩৮২৮৭৩৬৫ নাম্বারে টাকা পাঠান।,Bengali,জরুরি ভিত্তিতে [PHONE] নাম্বারে টাকা পাঠান।,False,True
normal,আজ বিকেলে জ্যামে এক ঘণ্টা বসে ছিলাম। ঢাকার রাস্তার অবস্থা আরও খারাপ হচ্ছে।,Bengali,আজ বিকেলে জ্যামে এক ঘণ্টা বসে ছিলাম। ঢাকার রাস্তার অবস্থা আরও খারাপ হচ্ছে।,False,False
normal,"Priyo shikkharthi, apnar tuition fee aj porjonto 30,450.00 taka bokeya ache. (Purbobor late fine o bokeyashoho) cholti maser tuition fee (jorimana chhada) 18i September, 2024 moddhe porishod korun. Bistarito https://student.daffodil.edu.bd/ login korun. (Daffodil)",Banglish,"Priyo shikkharthi, apnar tuition fee aj porjonto 30,450.00 taka bokeya ache. (Purbobor late fine o bokeyashoho) cholti maser tuition fee (jorimana chhada) 18i September, 2024 moddhe porishod korun. Bistarito [URL] login korun. (Daffodil)",True,False
normal,Send money to this number 01672563741.,English,Send money to this number [PHONE] .,False,True
normal,Hope you're enjoying your vacation in Chittagong! The Hill Tracts must look stunning this season.,English,Hope you're enjoying your vacation in Chittagong! The Hill Tracts must look stunning this season.,False,False
normal,শুভ Diwali!,CodeMix,শুভ Diwali!,False,False
normal,What will you do?,English,What will you do?,False,False
normal,Ami ekta protishthaner porichalok hishabe porichalon korte chai.,Banglish,Ami ekta protishthaner porichalok hishabe porichalon korte chai.,False,False
normal,"Amar account e 50 hajar taka ache, ei 01738838884 number e khola dekho check kore.",Banglish,"Amar account e 50 hajar taka ache, ei [PHONE] number e khola dekho check kore.",False,True
normal,"আসসালামু আলাইকুম মামা, আশা করি আপনি ভালো আছেন। আমি গতকাল ঢাকা থেকে কুমিল্লা এসেছি এবং আজ সকাল থেকেই আপনাদের সাথে দেখা করার জন্য অপেক্ষা করছি। আম্মু বলেছেন আপনার স্বাস্থ্যের অবস্থা ভালো নেই এবং ডাক্তার নিয়মিত ওষুধ খেতে বলেছেন। আজ বিকেলে যদি সুবিধা হয় তাহলে আমি আপনার বাসায় আসবো এবং প্রয়োজনীয় ওষুধপত্র নিয়ে আসবো।",Bengali,"আসসালামু আলাইকুম মামা, আশা করি আপনি ভালো আছেন। আমি গতকাল ঢাকা থেকে কুমিল্লা এসেছি এবং আজ সকাল থেকেই আপনাদের সাথে দেখা করার জন্য অপেক্ষা করছি। আম্মু বলেছেন আপনার স্বাস্থ্যের অবস্থা ভালো নেই এবং ডাক্তার নিয়মিত ওষুধ খেতে বলেছেন। আজ বিকেলে যদি সুবিধা হয় তাহলে আমি আপনার বাসায় আসবো এবং প্রয়োজনীয় ওষুধপত্র নিয়ে আসবো।",False,False
normal,"Apnar account theke 1500/- taka kata hoyeche, bistarito jante call korun.",Banglish,"Apnar account theke 1500/- taka kata hoyeche, bistarito jante call korun.",False,False
normal,The surprise farewell party was perfect! Everyone will miss you. Stay in touch and visit often.,English,The surprise farewell party was perfect! Everyone will miss you. Stay in touch and visit often.,False,False
normal,"০১৯২৭২৮৩৭৬৫ এই নাম্বারে বিকাশ করুন, দ্রুত।",Bengali,"[PHONE] এই নাম্বারে বিকাশ করুন, দ্রুত।",False,True
normal,"আপা, আজ রান্না কি? আমি একটু দেরি করে আসবো।",Bengali,"আপা, আজ রান্না কি? আমি একটু দেরি করে আসবো।",False,False
normal,Give money to Mithu bhai's number then come.,English,Give money to Mithu bhai's number then come.,False,False
normal,Thanks for helping me with the assignment yesterday. I really appreciate it!,English,Thanks for helping me with the assignment yesterday. I really appreciate it!,False,False
normal,Happy birthday congratulations!,English,Happy birthday congratulations!,False,False
normal,Thanks for picking up groceries on your way home. Really appreciate your thoughtfulness always.,English,Thanks for picking up groceries on your way home. Really appreciate your thoughtfulness always.,False,False
normal,Good morning! The sunrise over the river looks absolutely breathtaking today. Nature's perfect beauty.,English,Good morning! The sunrise over the river looks absolutely breathtaking today. Nature's perfect beauty.,False,False
normal,The homemade pizza last night was incredible! Perfect crust and toppings. You should teach cooking classes!,English,The homemade pizza last night was incredible! Perfect crust and toppings. You should teach cooking classes!,False,False
normal,Going on a picnic with friends this weekend.,English,Going on a picnic with friends this weekend.,False,False
normal,Aj university te class ache? Naki bondho?,Banglish,Aj university te class ache? Naki bondho?,False,False
normal,০১৯২৭২৮৩৯৮৭ এই নাম্বারে রকেটে টাকা পাঠান।,Bengali,[PHONE] এই নাম্বারে রকেটে টাকা পাঠান।,False,True
normal,আজকে কি করছো?,Bengali,আজকে কি করছো?,False,False
normal,"Hi Shumi, তুমি কেমন আছো? আজকে coffee খেতে আসো না? অনেক কিছু catch up করতে হবে",CodeMix,"Hi Shumi, তুমি কেমন আছো? আজকে coffee খেতে আসো না? অনেক কিছু catch up করতে হবে",False,False
normal,Ami jeno kichhu bolte pari na.,Banglish,Ami jeno kichhu bolte pari na.,False,False
normal,"Hi Shumi, তুমি কেমন আছো? আজকে coffee খেতে আসো না? অনেক gossip share করতে হবে, তাই time fix করি",CodeMix,"Hi Shumi, তুমি কেমন আছো? আজকে coffee খেতে আসো না? অনেক gossip share করতে হবে, তাই time fix করি",False,False
normal,"এমন দু'টি blessing আছে, যে দু'টোতে majority মানুষ loss-গ্রস্ত। তা হচ্ছে, health আর leisure। - [Muhammad (SA)]",CodeMix,"এমন দু'টি blessing আছে, যে দু'টোতে majority মানুষ loss-গ্রস্ত। তা হচ্ছে, health আর leisure। - [Muhammad (SA)]",False,False
normal,Baba apni medicine ta niyechen? Vule jan na please.,Banglish,Baba apni medicine ta niyechen? Vule jan na please.,False,False
normal,"You are not alone, we are all with you.",English,"You are not alone, we are all with you.",False,False
normal,এই পবিত্র মাসে তোমার সবকিছু ভালো হোক!,Bengali,এই পবিত্র মাসে তোমার সবকিছু ভালো হোক!,False,False
normal,"Kazi office e late hobe, dinner amar jonno rekhe dio.",Banglish,"Kazi office e late hobe, dinner amar jonno rekhe dio.",False,False
normal,Ajker weather কেমন? Perfect day for picnic আজ।,CodeMix,Ajker weather কেমন? Perfect day for picnic আজ।,False,False
normal,আমি সকালে বাজারে যাচ্ছি।,Bengali,আমি সকালে বাজারে যাচ্ছি।,False,False
normal,হাই!,Bengali,হাই!,False,False
normal,Kani ajke school e drawing competition e prize paishe!,Banglish,Kani ajke school e drawing competition e prize paishe!,False,False
normal,"টাকার কথা বললেই সে উঠে চলে যায়, আমি ওর কাছে ৩ লাখ টাকা পাই",Bengali,"টাকার কথা বললেই সে উঠে চলে যায়, আমি ওর কাছে ৩ লাখ টাকা পাই",False,False
normal,কাজ how চলছে?,CodeMix,কাজ how চলছে?,False,False
normal,Shuvo Deepavali!,Banglish,Shuvo Deepavali!,False,False
normal,Amar jonno kono notun khobor achhe?,Banglish,Amar jonno kono notun khobor achhe?,False,False
normal,আমি ভুল মনে হয় এবং আমি এটি সমাধান করতে চাই।,Bengali,আমি ভুল মনে হয় এবং আমি এটি সমাধান করতে চাই।,False,False
normal,01927382894 number e call korun.,Banglish,[PHONE] number e call korun.,False,True
normal,Tumi ki theater e jachho?,Banglish,Tumi ki theater e jachho?,False,False
normal,তোমার সাথে দেখা করতে চাই। Can we meet on Thursday?,CodeMix,তোমার সাথে দেখা করতে চাই। Can we meet on Thursday?,False,False
normal,তুমি কি পার্টিতে যাচ্ছো?,Bengali,তুমি কি পার্টিতে যাচ্ছো?,False,False
normal,Ajke cinema dekhbe?,Banglish,Ajke cinema dekhbe?,False,False
normal,Tomar priyo khabar ki?,Banglish,Tomar priyo khabar ki?,False,False
normal,আমি এ ব্যাপারে আশাবাদী যে প্রতিবাদ লক্ষ্য মোটেও আবার প্রতিবাদ ডেকে আনা নয়। বরং প্রতিবাদের লক্ষ্য হলো নতুন কিছু এনে পরিবর্তন সাধন করা। — ডে রে ম্যাকেসন,Bengali,আমি এ ব্যাপারে আশাবাদী যে প্রতিবাদ লক্ষ্য মোটেও আবার প্রতিবাদ ডেকে আনা নয়। বরং প্রতিবাদের লক্ষ্য হলো নতুন কিছু এনে পরিবর্তন সাধন করা। — ডে রে ম্যাকেসন,False,False
normal,"Everything will be fine, don't worry.",English,"Everything will be fine, don't worry.",False,False
normal,May everything be good for you in this holy month!,English,May everything be good for you in this holy month!,False,False
normal,"Kokhono onnoay, ottyachar er jonno nijer awaajke rukhe dio shotyo o nyayer kotha bolte.",Banglish,"Kokhono onnoay, ottyachar er jonno nijer awaajke rukhe dio shotyo o nyayer kotha bolte.",False,False
normal,"আমি বইটি পড়তে শুরু করলাম, খুব মজার লাগছে।",Bengali,"আমি বইটি পড়তে শুরু করলাম, খুব মজার লাগছে।",False,False
normal,পাখিরা গাছে খুব সুন্দর গান গায়।,Bengali,পাখিরা গাছে খুব সুন্দর গান গায়।,False,False
normal,The homemade biryani smells incredible from here! Can't wait for dinner tonight.,English,The homemade biryani smells incredible from here! Can't wait for dinner tonight.,False,False
normal,"Ami notun ekta phone kinechi ajke, camera quality khub bhalo. Next time dekha hole tor ke kichu portrait tule debo.",Banglish,"Ami notun ekta phone kinechi ajke, camera quality khub bhalo. Next time dekha hole tor ke kichu portrait tule debo.",False,False
normal,Ajker cricket match ta heart-breaking chilo. Bangladesh almost jite giye last over e hara gelo. Sobai disappointed but crowd ta khub support korse. Tor mone hoy ki team er performance improve hocche?,Banglish,Ajker cricket match ta heart-breaking chilo. Bangladesh almost jite giye last over e hara gelo. Sobai disappointed but crowd ta khub support korse. Tor mone hoy ki team er performance improve hocche?,False,False
normal,"koshto peyo na, ami achhi tomar pashe.",Banglish,"koshto peyo na, ami achhi tomar pashe.",False,False
normal,"চাচী, আপনার মেয়ের বিবাহের প্রস্তুতি কেমন? কিছু সাহায্য লাগবে?",Bengali,"চাচী, আপনার মেয়ের বিবাহের প্রস্তুতি কেমন? কিছু সাহায্য লাগবে?",False,False
normal,"আপনার মতো হোক না, আমি যেন তারামুল।",Bengali,"আপনার মতো হোক না, আমি যেন তারামুল।",False,False
normal,Most beautiful family কাজের জন্য আমি সময় দিতে চাই।,CodeMix,Most beautiful family কাজের জন্য আমি সময় দিতে চাই।,False,False
normal,Tumi ki cafe te jacho?,Banglish,Tumi ki cafe te jacho?,False,False
normal,আশা করি তোমার সব ইচ্ছা পূরণ হবে!,CodeMix,আশা করি তোমার সব ইচ্ছা পূরণ হবে!,False,False
normal,01827281739 ei number e rocket e 500 taka dao.,Banglish,[PHONE] ei number e rocket e 500 taka dao.,False,True
normal,"Aj bishesh din, ami barite bose achi.",Banglish,"Aj bishesh din, ami barite bose achi.",False,False
normal,"Kalke amader family dinner chilo, sobai ek sathe boshe boro table e khawa dawa kore onek moja korlam. Maa, baba, ar chhoto ra sobai present chhilo. Old memories gulo abar mone holo.",Banglish,"Kalke amader family dinner chilo, sobai ek sathe boshe boro table e khawa dawa kore onek moja korlam. Maa, baba, ar chhoto ra sobai present chhilo. Old memories gulo abar mone holo.",False,False
normal,"Hello, কি খবর?",CodeMix,"Hello, কি খবর?",False,False
normal,শুভ Maha Ashtami!,CodeMix,শুভ Maha Ashtami!,False,False
normal,Are you thinking?,English,Are you thinking?,False,False
normal,তুমি কি জিমে যাচ্ছো?,Bengali,তুমি কি জিমে যাচ্ছো?,False,False
normal,Raysha আজ garden এ খেলবে। Want to join her?,CodeMix,Raysha আজ garden এ খেলবে। Want to join her?,False,False
normal,You can create polls in the messenger group. Isn't everyone in that group?,English,You can create polls in the messenger group. Isn't everyone in that group?,False,False
normal,"Apnar bidyut bill baki 950/- taka, joldi porishod korun.",Banglish,"Apnar bidyut bill baki 950/- taka, joldi porishod korun.",False,False
normal,আজকে class এ আসবা তো? Let’s go together বাসা থেকে।,CodeMix,আজকে class এ আসবা তো? Let’s go together বাসা থেকে।,False,False
normal,What I have received a lot of sadness and reasons is that I want to say again about special time.,English,What I have received a lot of sadness and reasons is that I want to say again about special time.,False,False
normal,তোমার talent অসাধারণ।,CodeMix,তোমার talent অসাধারণ।,False,False
normal,Ami ekta Bangla choto golpo porte chai.,Banglish,Ami ekta Bangla choto golpo porte chai.,False,False
normal,"Shukrobar bazar e giye onek taka khoroch hoilo. Shobji, machh, mangsho kinte hoilo. Sob fresh chhilo.",Banglish,"Shukrobar bazar e giye onek taka khoroch hoilo. Shobji, machh, mangsho kinte hoilo. Sob fresh chhilo.",False,False
normal,Ajke ki plan?,Banglish,Ajke ki plan?,False,False
normal,"You are amazing, have faith in yourself.",English,"You are amazing, have faith in yourself.",False,False
normal,I want to tell you a story.,English,I want to tell you a story.,False,False
normal,"Ma tomake khoje, phone ta receive koro na keno?",Banglish,"Ma tomake khoje, phone ta receive koro na keno?",False,False
normal,Aajke Inaya khub roddure khelte giye jole geche.,Banglish,Aajke Inaya khub roddure khelte giye jole geche.,False,False
normal,আমি আমার pair এর জন্য না।,CodeMix,আমি আমার pair এর জন্য না।,False,False
normal,The movie we watched yesterday was really thought-provoking.,English,The movie we watched yesterday was really thought-provoking.,False,False
normal,Hope your medical checkup goes well tomorrow. I'm sure everything will be fine. Take care!,English,Hope your medical checkup goes well tomorrow. I'm sure everything will be fine. Take care!,False,False
normal,"এটা রাকিবের নাম্বার, ০১৭৬৩৮৩৯৮৫৪ কল দিস।",Bengali,"এটা রাকিবের নাম্বার, [PHONE] কল দিস।",False,True
normal,সকাল থেকে বিদ্যুৎ নেই। ফোনও চার্জ শেষ হয়ে আসছে। তুমি কি পাওয়ার ব্যাংক আনতে পারবে?,Bengali,সকাল থেকে বিদ্যুৎ নেই। ফোনও চার্জ শেষ হয়ে আসছে। তুমি কি পাওয়ার ব্যাংক আনতে পারবে?,False,False
normal,Ajke amader flat e load shedding holo 2 ghonta. Sobai roof e boshe adda marlam. Hawa enjoy korlam.,Banglish,Ajke amader flat e load shedding holo 2 ghonta. Sobai roof e boshe adda marlam. Hawa enjoy korlam.,False,False
normal,Ajkey kono kajey jabo na.,Banglish,Ajkey kono kajey jabo na.,False,False
normal,01827283962 nambare call korun.,Banglish,[PHONE] nambare call korun.,False,True
normal,Tomar ki bastob bhalo lagche? Ami amar basay alpo somoy deowa bhalo lage.,Banglish,Tomar ki bastob bhalo lagche? Ami amar basay alpo somoy deowa bhalo lage.,False,False
normal,মিঠু ভাইয়ের নাম্বারে টাকা দিয়ে তারপর আসিস।,Bengali,মিঠু ভাইয়ের নাম্বারে টাকা দিয়ে তারপর আসিস।,False,False
normal,"আজ দুপুরে বাজারে গিয়ে মাছ কিনলাম। ইলিশ অনেক দামি, তবে ছোট মাছের দাম ঠিক আছে।",Bengali,"আজ দুপুরে বাজারে গিয়ে মাছ কিনলাম। ইলিশ অনেক দামি, তবে ছোট মাছের দাম ঠিক আছে।",False,False
normal,Send money via Rocket to this number 01729172949.,English,Send money via Rocket to this number [PHONE] .,False,True
normal,The traffic was horrible today. Took me 2 hours to reach home.,English,The traffic was horrible today. Took me 2 hours to reach home.,False,False
normal,Aj ki korbo?,Banglish,Aj ki korbo?,False,False
normal,Ajke amar ekjon old school friend eshechilo bari te. O sathe dekha hoye onek moja holo. Sobai kotha bolchilam old memories niye.,Banglish,Ajke amar ekjon old school friend eshechilo bari te. O sathe dekha hoye onek moja holo. Sobai kotha bolchilam old memories niye.,False,False
normal,"Send money quickly as time is short, I will leave, my bKash 01728288292",English,"Send money quickly as time is short, I will leave, my bKash [PHONE]",False,True
normal,Exam er stress khub beshi hocche ajke kalke. Amar matha thik moto kaj korte chay na. Tore preparation kemon cholche?,Banglish,Exam er stress khub beshi hocche ajke kalke. Amar matha thik moto kaj korte chay na. Tore preparation kemon cholche?,False,False
normal,আপনার car-এর servicing-এর time limit শেষ হয়ে গেছে। দ্রুত contact করুন 01876543321।,CodeMix,আপনার car-এর servicing-এর time limit শেষ হয়ে গেছে। দ্রুত contact করুন [PHONE] ।,False,True
normal,"Hi, ki khobor?",Banglish,"Hi, ki khobor?",False,False
promo,ট্রাভেল প্যাকেজে অফার! কক্সবাজার ট্যুরে ৩০% ছাড়।,Bengali,ট্রাভেল প্যাকেজে অফার! কক্সবাজার ট্যুরে ৩০% ছাড়।,False,False
promo,২০০TK সেইই cashback! নাও ৬০GB+১০০০min@৬৯৯TK ৩০দিন: cutt.ly/aAhiAsI,CodeMix,২০০TK সেইই cashback! নাও ৬০GB+১০০০min@৬৯৯TK ৩০দিন: cutt.ly/aAhiAsI,False,False
promo,Mega sale on electronics! 10-50% discount on all products. Visit today.,English,Mega sale on electronics! 10-50% discount on all products. Visit today.,False,False
promo,Vision factory outlet! appliances 45% off. Uttara showroom!,English,Vision factory outlet! appliances 45% off. Uttara showroom!,False,False
promo,bonus shoho 8GB-120Taka-30din. nite dial *121*5072# or https://mygp.li/mo,Banglish,bonus shoho 8GB-120Taka-30din. nite dial *121*5072# or [URL],True,False
promo,Sheikh Hasina sarkar-er safollo: Bigoto 14 bochore 1441 km bandh nirman-er fole deshbapi 4.43 lokho hector elakay bonna niyontron o nishkashon subidhar somprosaron ghotche.,Banglish,Sheikh Hasina sarkar-er safollo: Bigoto 14 bochore 1441 km bandh nirman-er fole deshbapi 4.43 lokho hector elakay bonna niyontron o nishkashon subidhar somprosaron ghotche.,False,False
promo,"শীতের special discount at Westecs! সব laptops এ 15% off + free bag. Hurry, offer valid মাস শেষে।",CodeMix,"শীতের special discount at Westecs! সব laptops এ 15% off + free bag. Hurry, offer valid মাস শেষে।",False,False
promo,<#> আপনার মাইজিপি পিন (code) হচ্ছে: 7433. ভেরিফাই করতে এই পিনটি ব্যবহার করুন. অপব্যবহার ঠেকাতে এই পিনটি ফরওয়ার্ড অথবা কারো সাথে শেয়ার করবেন না FyXTPoy9ZDa,Bengali,<#> আপনার মাইজিপি পিন (code) হচ্ছে: 7433. ভেরিফাই করতে এই পিনটি ব্যবহার করুন. অপব্যবহার ঠেকাতে এই পিনটি ফরওয়ার্ড অথবা কারো সাথে শেয়ার করবেন না FyXTPoy9ZDa,False,False
promo,Notun lifestyle product e 25% discount! Stock shesh howar age sujog nin.,Banglish,Notun lifestyle product e 25% discount! Stock shesh howar age sujog nin.,False,False
promo,"Pro-level TK100 cashback e 35GB+500mi.@TK399,30din cutt.ly/2wQlYv6U",Banglish,"Pro-level TK100 cashback e 35GB+500mi.@TK399,30din cutt.ly/2wQlYv6U",False,False
promo,বোনাস সহ ৩জিবি-৬০টাকা-৩দিন। ডায়াল *১২১*৫৬৯৯# বা https://mygp.li/mo,Bengali,বোনাস সহ ৩জিবি-৬০টাকা-৩দিন। ডায়াল *১২১*৫৬৯৯# বা [URL],True,False
promo,Only TK97 for 30 days World Cup Cricket + 1GB data: cutt.ly/YwmtpRRj,English,Only TK97 for 30 days World Cup Cricket + 1GB data: cutt.ly/YwmtpRRj,False,False
promo,Shohoz Travel Carnival: Dhaka to Cox’s Bazar bus tickets flat 20% discount till 30th Sept. Use promo code CB20. Travel easy and save taka.,Banglish,Shohoz Travel Carnival: Dhaka to Cox’s Bazar bus tickets flat 20% discount till 30th Sept. Use promo code CB20. Travel easy and save taka.,False,False
promo,Lotto food court grand opening! All items buy 1 get 1 free today only. Bashundhara City mall!,English,Lotto food court grand opening! All items buy 1 get 1 free today only. Bashundhara City mall!,False,False
promo,"Today only! 40GB (bonus সহ) TK500, valid 30 days. Dial *121*5049# or visit mygp.li/mo",CodeMix,"Today only! 40GB (bonus সহ) TK500, valid 30 days. Dial *121*5049# or visit mygp.li/mo",False,False
promo,"১৮০৳ ক্যাশব্যাক শেষ দিন,নাও ৬১জিবি+১০০০মি@৳৭১৯,৩০দিন: cutt.ly/wwE5YMXC",Bengali,"১৮০৳ ক্যাশব্যাক শেষ দিন,নাও ৬১জিবি+১০০০মি@৳৭১৯,৩০দিন: cutt.ly/wwE5YMXC",False,False
promo,"January-24
Recharge:0TK
Khoroch:
Data:0TK
Voice:23TK
Onnanno:1TK",Banglish,January-24 Recharge:0TK Khoroch: Data:0TK Voice:23TK Onnanno:1TK,False,False
promo,Sheikh Hasina sarkarer safollo: 2006 shale sarkari website chhilo matro 98ti. 2023 shale ta bere darieche 52 hajar 200ti.,Banglish,Sheikh Hasina sarkarer safollo: 2006 shale sarkari website chhilo matro 98ti. 2023 shale ta bere darieche 52 hajar 200ti.,False,False
promo,GP STAR গ্রাহকরা এখন পাচ্ছেন ৫০০ টাকার শপিং ভাউচার সম্পূর্ণ ফ্রি! Daraz এ ব্যবহার করতে পারবেন। বিস্তারিত জানতে *121*888#।,Bengali,GP STAR গ্রাহকরা এখন পাচ্ছেন ৫০০ টাকার শপিং ভাউচার সম্পূর্ণ ফ্রি! Daraz এ ব্যবহার করতে পারবেন। বিস্তারিত জানতে *121*888#।,False,False
promo,Special discount for new customers. Register today.,English,Special discount for new customers. Register today.,False,False
promo,"Insurance is the arrangement to reduce unwanted/accidental damage to your life, health, and property. Get insured, stay risk-free  - Insurance Development and Regulatory Authority.",English,"Insurance is the arrangement to reduce unwanted/accidental damage to your life, health, and property. Get insured, stay risk-free - Insurance Development and Regulatory Authority.",False,False
promo,আমাদের নতুন product line থেকে যেকোনো item কিনলে ৳750 cashback পাবেন। This offer is only for this week।,CodeMix,আমাদের নতুন product line থেকে যেকোনো item কিনলে ৳750 cashback পাবেন। This offer is only for this week।,False,False
promo,"আজ 15 March World Consumer Rights Day। Day-এর theme- 'Smart Bangladesh গড়ি, consumer-এর স্বার্থে artificial intelligence ব্যবহার করি'। National Consumer Rights Protection Department, Commerce Ministry।",CodeMix,"আজ 15 March World Consumer Rights Day। Day-এর theme- 'Smart Bangladesh গড়ি, consumer-এর স্বার্থে artificial intelligence ব্যবহার করি'। National Consumer Rights Protection Department, Commerce Ministry।",False,False
promo,"Eid কেনাকাটা হোক Diamond World-এর সাথে, উপভোগ করুন diamond গহনায় ২৫%ছাড় ও gold-এর আকর্ষণীয় collection। visit:qrco.de/beuAOs, ০১৭১৩১৯৯২৭০",CodeMix,"Eid কেনাকাটা হোক Diamond World-এর সাথে, উপভোগ করুন diamond গহনায় ২৫%ছাড় ও gold-এর আকর্ষণীয় collection। visit:qrco.de/beuAOs, [PHONE]",False,True
promo,"130Tkay 150min(30din) sathe bonus, nite *121*5205# https://mygp.li/a0",Banglish,"130Tkay 150min(30din) sathe bonus, nite *121*5205# [URL]",True,False
promo,Get 1000TK bonus when you deposit 5000TK in bKash! Avail this offer today.,English,Get 1000TK bonus when you deposit 5000TK in bKash! Avail this offer today.,False,False
promo,"Nagad recharge করুন ২০০ TK এ এবং ২০ TK extra credit পান। Hurry, offer valid today only।",CodeMix,"Nagad recharge করুন ২০০ TK এ এবং ২০ TK extra credit পান। Hurry, offer valid today only।",False,False
promo,"40TK cashback! 46GB @458TK, 30 days, get it now: cutt.ly/GwWYCCfJ",English,"40TK cashback! 46GB @458TK, 30 days, get it now: cutt.ly/GwWYCCfJ",False,False
promo,"25 TK cashback! Now get more data – 50GB @ 473 TK, 30 days: cutt.ly/zwTmxzpd",CodeMix,"25 TK cashback! Now get more data – 50GB @ 473 TK, 30 days: cutt.ly/zwTmxzpd",False,False
promo,Dutch-Bangla Bank SME loan! Small business funding up to 50 lakh at competitive rates. Apply today!,English,Dutch-Bangla Bank SME loan! Small business funding up to 50 lakh at competitive rates. Apply today!,False,False
promo,"Bkash + Pathao Ride: Pay via bkash and enjoy 30% cashback up to 60TK per ride. Validity 7 days. Promo code: RIDE30. Travel cheap, travel safe.",Banglish,"Bkash + Pathao Ride: Pay via bkash and enjoy 30% cashback up to 60TK per ride. Validity 7 days. Promo code: RIDE30. Travel cheap, travel safe.",False,False
promo,Nagad app payment করলে instant cashback পাবেন। Use code: CASHBACK30,CodeMix,Nagad app payment করলে instant cashback পাবেন। Use code: CASHBACK30,False,False
promo,"TK40 cashback! 31GB+450min.@459TK 30 days, get it: cutt.ly/0wO6Jggn",English,"TK40 cashback! 31GB+450min.@459TK 30 days, get it: cutt.ly/0wO6Jggn",False,False
promo,বোনাস সহ ২জিবি-৪০টাকা-৭দিন। ডায়াল *১২১*৫০৩৭# বা mygp.li/mo,Bengali,বোনাস সহ ২জিবি-৪০টাকা-৭দিন। ডায়াল *১২১*৫০৩৭# বা mygp.li/mo,False,False
promo,Pathao ride এ ২০% discount আজ। Book করুন online!,CodeMix,Pathao ride এ ২০% discount আজ। Book করুন online!,False,False
promo,"Daraz Fashion Fest: Saree, panjabi, and shirts up to 65% discount. Extra voucher available in app. Offer valid for 3 days.",Banglish,"Daraz Fashion Fest: Saree, panjabi, and shirts up to 65% discount. Extra voucher available in app. Offer valid for 3 days.",False,False
promo,Flash Sale! 50% off on all electronics at Daraz. Use code FLASH50. Valid till midnight!,English,Flash Sale! 50% off on all electronics at Daraz. Use code FLASH50. Valid till midnight!,False,False
promo,Daraz Mall এ শপিং করলে এখনই ২০০ টাকা ডিসকাউন্ট ভাউচার ফ্রি। কেবল নতুন ইউজারদের জন্য প্রযোজ্য।,Bengali,Daraz Mall এ শপিং করলে এখনই ২০০ টাকা ডিসকাউন্ট ভাউচার ফ্রি। কেবল নতুন ইউজারদের জন্য প্রযোজ্য।,False,False
promo,"Pro-level TK১০০ cashback এ ৩৫GB+৫০০মি.\@TK৩৯৯, ৩০দিন cutt.ly/2wQlYv6U",CodeMix,"Pro-level TK১০০ cashback এ ৩৫GB+৫০০মি.\@TK৩৯৯, ৩০দিন cutt.ly/2wQlYv6U",False,False
promo,"TK200 cashback! 60GB+1000 minutes @699TK 30 days, take it- cutt.ly/aAhiAsI",English,"TK200 cashback! 60GB+1000 minutes @699TK 30 days, take it- cutt.ly/aAhiAsI",False,False
promo,Dekko ceramic tiles mega discount! All bathroom and kitchen tiles 35% off. Free installation service!,English,Dekko ceramic tiles mega discount! All bathroom and kitchen tiles 35% off. Free installation service!,False,False
promo,Robi 4.5G unlimited internet + calls package! Only 599 TK for 30 days. Activate: *8444*599#,English,Robi 4.5G unlimited internet + calls package! Only 599 TK for 30 days. Activate: *8444*599#,False,False
promo,১০ বছর আগে আজকের দিনেই শুরু হয়েছিল Grameenphone এর সাথে আপনার journey. Let's hope for brighter days ahead!,CodeMix,১০ বছর আগে আজকের দিনেই শুরু হয়েছিল Grameenphone এর সাথে আপনার journey. Let's hope for brighter days ahead!,False,False
promo,"Call duration 00:00:44, charged 0.92 TK, remaining balance is 0.41 TK",English,"Call duration 00:00:44, charged 0.92 TK, remaining balance is 0.41 TK",False,False
promo,"More chatting+internetting, get 5GB+150min@TK159, 7 days cutt.ly/owEyhCVt",English,"More chatting+internetting, get 5GB+150min@TK159, 7 days cutt.ly/owEyhCVt",False,False
promo,GP App দিয়ে প্রথমবার রিচার্জ করলে ২০ টাকা বোনাস।,Bengali,GP App দিয়ে প্রথমবার রিচার্জ করলে ২০ টাকা বোনাস।,False,False
promo,Banglalink offers 25GB at 250TK for 30 days. Don't miss out!,English,Banglalink offers 25GB at 250TK for 30 days. Don't miss out!,False,False
promo,"double century cashback TK200!61GB+1000mi@TK699,30din cutt.ly/FwQhpKHc",Banglish,"double century cashback TK200!61GB+1000mi@TK699,30din cutt.ly/FwQhpKHc",False,False
promo,Best offer! Bonus সহ 5GB-৫০টাকা-3দিন। Dial *১২১*৫৬৫০# বা mygp.li/my,CodeMix,Best offer! Bonus সহ 5GB-৫০টাকা-3দিন। Dial *১২১*৫৬৫০# বা mygp.li/my,False,False
promo,"Lee Cooper-e
shokol shirt, jeans, gabardin
flat 50% chhad
Shopper",Banglish,"Lee Cooper-e shokol shirt, jeans, gabardin flat 50% chhad Shopper",False,False
promo,নতুন ফ্যাশন কালেকশন! শার্ট ও প্যান্টে কম্বো অফার ৪৯৯ টাকা।,Bengali,নতুন ফ্যাশন কালেকশন! শার্ট ও প্যান্টে কম্বো অফার ৪৯৯ টাকা।,False,False
promo,পার্টি সাপ্লাইতে অফার! ডেকোরেশন আইটেমে ৪০% ছাড়।,Bengali,পার্টি সাপ্লাইতে অফার! ডেকোরেশন আইটেমে ৪০% ছাড়।,False,False
promo,"Mega cashback 250TK! Nao-60GB+1600mi.@749TK, 30din: cutt.ly/yeqcP3pE",Banglish,"Mega cashback 250TK! Nao-60GB+1600mi.@749TK, 30din: cutt.ly/yeqcP3pE",False,False
promo,Uber rides 50% cheaper this Friday! Use code FRIDAY50 for savings.,English,Uber rides 50% cheaper this Friday! Use code FRIDAY50 for savings.,False,False
promo,"GP Talktime Boost: Recharge 199TK and get 500 mins free calls, validity 30 days. Dial *121*199# now.",Banglish,"GP Talktime Boost: Recharge 199TK and get 500 mins free calls, validity 30 days. Dial *121*199# now.",False,False
promo,New customers-এর জন্য special discount। Register today।,CodeMix,New customers-এর জন্য special discount। Register today।,False,False
promo,"Pro-level আড্ডা+interneting-১০GB+২৫০min@২৫৮৳,৩০দিন cutt.ly/wwCctHGF",CodeMix,"Pro-level আড্ডা+interneting-১০GB+২৫০min@২৫৮৳,৩০দিন cutt.ly/wwCctHGF",False,False
promo,"১০০৳ ক্যাশব্যাকে ৩১জিবি+৪৫০মি.@৩৯৯৳,৩০দিন, নিয়ে নাও: cutt.ly/2wQlYv6U",Bengali,"১০০৳ ক্যাশব্যাকে ৩১জিবি+৪৫০মি.@৩৯৯৳,৩০দিন, নিয়ে নাও: cutt.ly/2wQlYv6U",False,False
promo,Aj o kal Mens World er shob shakhay flat 50% discount cutt.ly/fmw,Banglish,Aj o kal Mens World er shob shakhay flat 50% discount cutt.ly/fmw,False,False
promo,"City Group job fair! 1000+ positions in textile, pharmacy, banking. Apply: citygroup-jobs.bd!",English,"City Group job fair! 1000+ positions in textile, pharmacy, banking. Apply: [URL]",True,False
promo,"Special deal for you! 10GB+250 minutes @TK250, 30 days: cutt.ly/Lwg2MRlr",English,"Special deal for you! 10GB+250 minutes @TK250, 30 days: cutt.ly/Lwg2MRlr",False,False
promo,BRAC Bank card holders ২০% cashback পান electronics shopping এ। Apply now এবং instant reward points enjoy করুন,CodeMix,BRAC Bank card holders ২০% cashback পান electronics shopping এ। Apply now এবং instant reward points enjoy করুন,False,False
promo,"৳৩৫ ক্যাশব্যাকে এবার আরো বেশি ডাটা ৫০জিবি@৳৪৬৩, ৩০দিন cutt.ly/HwOETkke",Bengali,"৳৩৫ ক্যাশব্যাকে এবার আরো বেশি ডাটা ৫০জিবি@৳৪৬৩, ৩০দিন cutt.ly/HwOETkke",False,False
promo,"নতুন ডিলে লেভেলআপ ইন্টারনেটিং ২৫জিবি+৪০০মি@৳৩৯৭,৩০দিন cutt.ly/oeeJSDbP",Bengali,"নতুন ডিলে লেভেলআপ ইন্টারনেটিং ২৫জিবি+৪০০মি@৳৩৯৭,৩০দিন cutt.ly/oeeJSDbP",False,False
promo,"Happy New Year - ২০২৪
Smart banking service-এ সোনালী ব্যাংক
Always আপনার পাশে
Md. Afzal Karim
CEO & MD",CodeMix,Happy New Year - ২০২৪ Smart banking service-এ সোনালী ব্যাংক Always আপনার পাশে Md. Afzal Karim CEO & MD,False,False
promo,Use 5GB data in April and get lowest call rate in May- cutt.ly/0AA4sic,English,Use 5GB data in April and get lowest call rate in May- cutt.ly/0AA4sic,False,False
promo,রবি কাস্টমারদের জন্য সুপার অফার: ৩ মাসের YouTube Premium সাবস্ক্রিপশন ফ্রি। সক্রিয় করুন *888#।,Bengali,রবি কাস্টমারদের জন্য সুপার অফার: ৩ মাসের YouTube Premium সাবস্ক্রিপশন ফ্রি। সক্রিয় করুন *888#।,False,False
promo,"Success of Sheikh Hasina's government: 
Farmer-friendly government reduced fertilizer prices—TSP from TK 80 to 27, DAP from TK 90 to 21, and MOP from TK 70 to 20.",English,"Success of Sheikh Hasina's government: Farmer-friendly government reduced fertilizer prices—TSP from TK 80 to 27, DAP from TK 90 to 21, and MOP from TK 70 to 20.",False,False
promo,"Partex furniture Eid special! Bedroom sets starting 35000 TK. Visit Elephant Road, New Market showrooms!",English,"Partex furniture Eid special! Bedroom sets starting 35000 TK. Visit Elephant Road, New Market showrooms!",False,False
promo,Green Delta Insurance health policy! Family coverage 5 lakh at 8000 TK annually. Secure your future!,English,Green Delta Insurance health policy! Family coverage 5 lakh at 8000 TK annually. Secure your future!,False,False
promo,"27 minutes for only 19 taka, validity 5 days; dial *121*5080#",English,"27 minutes for only 19 taka, validity 5 days; dial *121*5080#",False,False
promo,"GP YouTube Pack: 20GB only 249TK, validity 30 days. Dial *121*249# now.",Banglish,"GP YouTube Pack: 20GB only 249TK, validity 30 days. Dial *121*249# now.",False,False
promo,Gazi Tyres special offer! All car tyres 25% discount with free wheel alignment. Call 01711998877!,English,Gazi Tyres special offer! All car tyres 25% discount with free wheel alignment. Call [PHONE] !,False,True
promo,টেলিটক নতুন সিম! প্রথম রিচার্জে বোনাস ১০০% পর্যন্ত। কাছের রিটেইলার থেকে নিন।,Bengali,টেলিটক নতুন সিম! প্রথম রিচার্জে বোনাস ১০০% পর্যন্ত। কাছের রিটেইলার থেকে নিন।,False,False
promo,City Bank app ব্যবহার করে pay করুন এবং instant ৫% cashback পান। Download now এবং enjoy seamless payment।,CodeMix,City Bank app ব্যবহার করে pay করুন এবং instant ৫% cashback পান। Download now এবং enjoy seamless payment।,False,False
promo,Bonus সহ 4GB-৬৬টাকা-7দিন।Dial *১২১*৫০৪৭# বা https://mygp.li/mo,CodeMix,Bonus সহ 4GB-৬৬টাকা-7দিন।Dial *১২১*৫০৪৭# বা [URL],True,False
promo,"১৮০৳ Cashback-এ best offer ৬১GB+১০০০min@৳৭১৯, ৩০দিন: cutt.ly/wwE5YMXC",CodeMix,"১৮০৳ Cashback-এ best offer ৬১GB+১০০০min@৳৭১৯, ৩০দিন: cutt.ly/wwE5YMXC",False,False
promo,আগামী 13 October 2023 দেশব্যাপী release পাচ্ছে জাতির পিতা বঙ্গবন্ধু শেখ মুজিবুর রহমান এঁর জীবনীর উপর নির্মিত biopic film 'মুজিব-একটি জাতির রূপকার'। চলে আসুন আপনার nearest cinema hall-এ।,CodeMix,আগামী 13 October 2023 দেশব্যাপী release পাচ্ছে জাতির পিতা বঙ্গবন্ধু শেখ মুজিবুর রহমান এঁর জীবনীর উপর নির্মিত biopic film 'মুজিব-একটি জাতির রূপকার'। চলে আসুন আপনার nearest cinema hall-এ।,False,False
promo,Banglalink 30GB internet + 500 minutes for 30 days only 399 TK! Get it now: *5000*399#,English,Banglalink 30GB internet + 500 minutes for 30 days only 399 TK! Get it now: *5000*399#,False,False
promo,"Pran RFL plastic chair and table set! Durable quality, special price 2800 TK. All showrooms available!",English,"Pran RFL plastic chair and table set! Durable quality, special price 2800 TK. All showrooms available!",False,False
promo,"দারাজের মেগা ১১.১১ সেল এখনই শুরু! এই বিশেষ দিনে আমরা নিয়ে এসেছি অবিশ্বাস্য সব অফার - ইলেকট্রনিক্সে ৭০% পর্যন্ত ছাড়, ফ্যাশনে ৬০% ছাড়, হোম অ্যান্ড লিভিংয়ে ৫৫% ছাড়। বিশেষ ফ্ল্যাশ সেলে স্মার্টফোন ৯৯৯ টাকা থেকে শুরু! প্রতি ঘন্টায় নতুন নতুন ডিল। ফ্রি শিপিং এবং ক্যাশ অন ডেলিভারি সুবিধা। এখনই daraz.com.bd তে ভিজিট করুন অথবা ডারাজ অ্যাপ ডাউনলোড করুন।",Bengali,"দারাজের মেগা ১১.১১ সেল এখনই শুরু! এই বিশেষ দিনে আমরা নিয়ে এসেছি অবিশ্বাস্য সব অফার - ইলেকট্রনিক্সে ৭০% পর্যন্ত ছাড়, ফ্যাশনে ৬০% ছাড়, হোম অ্যান্ড লিভিংয়ে ৫৫% ছাড়। বিশেষ ফ্ল্যাশ সেলে স্মার্টফোন ৯৯৯ টাকা থেকে শুরু! প্রতি ঘন্টায় নতুন নতুন ডিল। ফ্রি শিপিং এবং ক্যাশ অন ডেলিভারি সুবিধা। এখনই [URL] তে ভিজিট করুন অথবা ডারাজ অ্যাপ ডাউনলোড করুন।",True,False
promo,Ajker special offer: Pathao ride এ ২৫% discount। Book করুন এখন!,CodeMix,Ajker special offer: Pathao ride এ ২৫% discount। Book করুন এখন!,False,False
promo,"ক্যাশব্যাকে সেঞ্চুরি ৳১০০! ২৬জিবি+৫০০মি. @৳৩৯৯,৩০দিন: cutt.ly/mwmJFpRa",Bengali,"ক্যাশব্যাকে সেঞ্চুরি ৳১০০! ২৬জিবি+৫০০মি. @৳৩৯৯,৩০দিন: cutt.ly/mwmJFpRa",False,False
promo,Register for Universal Pension Scheme; contribute to building an advanced and welfare state - National Pension Authority.,English,Register for Universal Pension Scheme; contribute to building an advanced and welfare state - National Pension Authority.,False,False
promo,"Bangladesh noubahinite sorasori commissioned officer pade niyog cholche. 
Visit korun: www.joinnavy.navy.mil.bd",Banglish,Bangladesh noubahinite sorasori commissioned officer pade niyog cholche. Visit korun: [URL],True,False
promo,"Daraz Electronics Week: Mobile, TV, fridge up to 60% discount. EMI option up to 12 months. Free delivery for Dhaka orders. Shop daraz.com.bd now.",Banglish,"Daraz Electronics Week: Mobile, TV, fridge up to 60% discount. EMI option up to 12 months. Free delivery for Dhaka orders. Shop [URL] now.",True,False
promo,KFC bucket feast for family! 8 pieces chicken + sides just 1299 TK. Order now: 16427,English,KFC bucket feast for family! 8 pieces chicken + sides just 1299 TK. Order now: 16427,False,False
promo,"৩০জিবি@৩৮৯৳,৩০দিন pack কিনে পাও ""Dunki"" movie ticket: cutt.ly/SwFqDlAs",CodeMix,"৩০জিবি@৩৮৯৳,৩০দিন pack কিনে পাও ""Dunki"" movie ticket: cutt.ly/SwFqDlAs",False,False
promo,"Daraz Mega Sale শুরু হয়েছে! ফ্যাশন, ইলেকট্রনিক্স আর হোম প্রোডাক্টে ৫০% পর্যন্ত ডিসকাউন্ট। কোড: BIGSALE50 ব্যবহার করুন। সীমিত সময়ের জন্য।",Bengali,"Daraz Mega Sale শুরু হয়েছে! ফ্যাশন, ইলেকট্রনিক্স আর হোম প্রোডাক্টে ৫০% পর্যন্ত ডিসকাউন্ট। কোড: BIGSALE50 ব্যবহার করুন। সীমিত সময়ের জন্য।",False,False
promo,Robi eShop থেকে স্মার্টফোন কিনলে পাচ্ছেন ফ্রি পাওয়ারব্যাংক। অফার স্টক শেষ না হওয়া পর্যন্ত চলবে। এখনই অর্ডার করুন।,Bengali,Robi eShop থেকে স্মার্টফোন কিনলে পাচ্ছেন ফ্রি পাওয়ারব্যাংক। অফার স্টক শেষ না হওয়া পর্যন্ত চলবে। এখনই অর্ডার করুন।,False,False
promo,"আজই last day! ৪০GB(bonus-সহ)৫০০টাকা ৩০দিন।Dial *১২১*৫০৪৯#, mygp.li/mo",CodeMix,"আজই last day! ৪০GB(bonus-সহ)৫০০টাকা ৩০দিন।Dial *১২১*৫০৪৯#, mygp.li/mo",False,False
promo,"May-24
Recharge: 0TK
Khoroch:
Data: 287TK
Voice: 101TK
Onnanno: 0TK",Banglish,May-24 Recharge: 0TK Khoroch: Data: 287TK Voice: 101TK Onnanno: 0TK,False,False
promo,"Nagad app recharge ৫০০ TK এবং ৫০ TK extra credit পান। Limited offer, recharge today to secure bonus",CodeMix,"Nagad app recharge ৫০০ TK এবং ৫০ TK extra credit পান। Limited offer, recharge today to secure bonus",False,False
promo,Offers galore! Buy now at 20% off on your favorite clothes. Only for today!,English,Offers galore! Buy now at 20% off on your favorite clothes. Only for today!,False,False
promo,“দ্বাদশ জাতীয় সংসদ নির্বাচনে অংশগ্রহণে ইচ্ছুক প্রার্থীগণ প্রচলিত পদ্ধতির পাশাপাশি অনলাইনেও মনোনয়নপত্র দাখিল করতে পারবেন। অনলাইনে মনোনয়ন দাখিল করতে কমিশনের ওয়েবসাইট www.ecs.gov.bd-এ প্রবেশ করুন”-ইসি,Bengali,“দ্বাদশ জাতীয় সংসদ নির্বাচনে অংশগ্রহণে ইচ্ছুক প্রার্থীগণ প্রচলিত পদ্ধতির পাশাপাশি অনলাইনেও মনোনয়নপত্র দাখিল করতে পারবেন। অনলাইনে মনোনয়ন দাখিল করতে কমিশনের ওয়েবসাইট [URL] প্রবেশ করুন”-ইসি,True,False
promo,GP STAR গ্রাহকদের জন্য ১০০০ টাকা শপিং ভাউচার ফ্রি! জানতে *121*888# ডায়াল করুন।,Bengali,GP STAR গ্রাহকদের জন্য ১০০০ টাকা শপিং ভাউচার ফ্রি! জানতে *121*888# ডায়াল করুন।,False,False
promo,"80 minutes for only 59 taka (5 days), dial *121*4205#",English,"80 minutes for only 59 taka (5 days), dial *121*4205#",False,False
promo,"Exclusive offer for new MyGP SIM: 2GB internet for only TK17, valid for 7 days (once per month). Visit https://mygp.li/ga",English,"Exclusive offer for new MyGP SIM: 2GB internet for only TK17, valid for 7 days (once per month). Visit [URL]",True,False
promo,Unimart fresh fest: Fruits and vegetables e 20% discount till 12th Sept. Home delivery available instantly. Shop online at unimart.com.bd.,Banglish,Unimart fresh fest: Fruits and vegetables e 20% discount till 12th Sept. Home delivery available instantly. Shop online at [URL],True,False
promo,Walton smartphone কিনলে free gift পাবেন। Order করুন online আজই!,CodeMix,Walton smartphone কিনলে free gift পাবেন। Order করুন online আজই!,False,False
promo,Confidence Cement ready-mix concrete! All grades available with on-time delivery. Strong foundations guaranteed!,English,Confidence Cement ready-mix concrete! All grades available with on-time delivery. Strong foundations guaranteed!,False,False
promo,"Chaldal app festival: Order groceries worth 700TK and enjoy free delivery across Dhaka. Plus, paben 10% cashback using Bkash. Offer valid ajker din porjonto.",Banglish,"Chaldal app festival: Order groceries worth 700TK and enjoy free delivery across Dhaka. Plus, paben 10% cashback using Bkash. Offer valid ajker din porjonto.",False,False
promo,"Buy 1 Get 1 free at Aarong! এই অফারটি valid 10th October পর্যন্ত। Don't miss out, সুযোগ হাতছাড়া করবেন না!",CodeMix,"Buy 1 Get 1 free at Aarong! এই অফারটি valid 10th October পর্যন্ত। Don't miss out, সুযোগ হাতছাড়া করবেন না!",False,False
promo,"Shop for Durga Puja with 25% discount, until October 25. 01713199270",English,"Shop for Durga Puja with 25% discount, until October 25. [PHONE]",False,True
promo,"Double century cashback TK 200! 61GB+1000min\@TK699, 30 days cutt.ly/FwQhpKHc",English,"Double century cashback TK 200! 61GB+1000min\@TK699, 30 days cutt.ly/FwQhpKHc",False,False
promo,BRAC Bank credit card holders জন্য ১৫% cashback on electronics। Apply now এবং instant reward points পান,CodeMix,BRAC Bank credit card holders জন্য ১৫% cashback on electronics। Apply now এবং instant reward points পান,False,False
promo,"40 TK cashback! 46GB @ 458 TK, 30 দিন – grab now: cutt.ly/GwWYCCfJ",CodeMix,"40 TK cashback! 46GB @ 458 TK, 30 দিন – grab now: cutt.ly/GwWYCCfJ",False,False
promo,May mash e 5GB er beshi byabohar kore pao 45p/min callrate- cutt.ly/0AA4sic,Banglish,May mash e 5GB er beshi byabohar kore pao 45p/min callrate- cutt.ly/0AA4sic,False,False
promo,"Sheikh Hasina government-এর success:
2006 সালে Rural Social Service program-এর আওতায় interest-free micro credit assistance প্রাপ্ত জনগোষ্ঠীর সংখ্যা ছিল 21 lakh 77 thousand। Current government-এর সময়ে তা দাঁড়িয়েছে 34 lakh 90 thousand।",CodeMix,Sheikh Hasina government-এর success: 2006 সালে Rural Social Service program-এর আওতায় interest-free micro credit assistance প্রাপ্ত জনগোষ্ঠীর সংখ্যা ছিল 21 lakh 77 thousand। Current government-এর সময়ে তা দাঁড়িয়েছে 34 lakh 90 thousand।,False,False
promo,অনলাইন কোর্সে বিশেষ ছাড়! ওয়েব ডিজাইনে ৭৫% পর্যন্ত কমতি।,Bengali,অনলাইন কোর্সে বিশেষ ছাড়! ওয়েব ডিজাইনে ৭৫% পর্যন্ত কমতি।,False,False
promo,আপনার ফেভারিট ব্র্যান্ডের উপর ৩০% পর্যন্ত ছাড়! অফার সীমিত সময়ের জন্য।,Bengali,আপনার ফেভারিট ব্র্যান্ডের উপর ৩০% পর্যন্ত ছাড়! অফার সীমিত সময়ের জন্য।,False,False
promo,Shohoz Parcel: First 2 parcels up to 3kg free delivery. Promo code FREE2. Offer valid till month end.,Banglish,Shohoz Parcel: First 2 parcels up to 3kg free delivery. Promo code FREE2. Offer valid till month end.,False,False
promo,"Get Fagun's humming deal- 13GB@113TK, 3 days: cutt.ly/0wVxZ5vA",English,"Get Fagun's humming deal- 13GB@113TK, 3 days: cutt.ly/0wVxZ5vA",False,False
promo,Offer: সব grocery-তে 10% cashback। শুধু today এর জন্য।,CodeMix,Offer: সব grocery-তে 10% cashback। শুধু today এর জন্য।,False,False
promo,Shohoz Food App-এ আজ সব অর্ডারে ২০% ছাড়। কোড: SHOHOZ20 ব্যবহার করুন।,Bengali,Shohoz Food App-এ আজ সব অর্ডারে ২০% ছাড়। কোড: SHOHOZ20 ব্যবহার করুন।,False,False
promo,Lotto today only offer on specific products buy 1 get 1 free Shop,English,Lotto today only offer on specific products buy 1 get 1 free Shop,False,False
promo,"Ajei shesh din! 40GB(bonus shoho) 500 taka 30din. Dial *121*5049#, mygp.li/mo",Banglish,"Ajei shesh din! 40GB(bonus shoho) 500 taka 30din. Dial *121*5049#, mygp.li/mo",False,False
promo,Polar ice cream parlour triple scoop sundae special 199TK only!,English,Polar ice cream parlour triple scoop sundae special 199TK only!,False,False
promo,"সর্বকালের greatest বাঙালি জাতির পিতা বঙ্গবন্ধু শেখ মুজিবুর রহমান-এর ৪৭তম shahadat anniversary-তে deep respect""-ডাক ও টেলিযোগাযোগ বিভাগ।",CodeMix,"সর্বকালের greatest বাঙালি জাতির পিতা বঙ্গবন্ধু শেখ মুজিবুর রহমান-এর ৪৭তম shahadat anniversary-তে deep respect""-ডাক ও টেলিযোগাযোগ বিভাগ।",False,False
promo,Burger King flame grilled burgers buy 1 get 1 free today only!,English,Burger King flame grilled burgers buy 1 get 1 free today only!,False,False
promo,নতুন গ্রাহকদের জন্য স্পেশাল অফার! আমাদের সার্ভিসে ৩০% ছাড়।,Bengali,নতুন গ্রাহকদের জন্য স্পেশাল অফার! আমাদের সার্ভিসে ৩০% ছাড়।,False,False
promo,New season এ সব clothes এ 25% discount। Today ই shopping করুন।,CodeMix,New season এ সব clothes এ 25% discount। Today ই shopping করুন।,False,False
promo,"Pro-level TK100 cashback 35GB+500min@TK399,30 days cutt.ly/2wQlYv6U",English,"Pro-level TK100 cashback 35GB+500min@TK399,30 days cutt.ly/2wQlYv6U",False,False
promo,"Pickaboo electronics festival: Smartphones, laptops massive discounts!",English,"Pickaboo electronics festival: Smartphones, laptops massive discounts!",False,False
promo,"1GB (0.2GB+ 0.8GB Bonus) internet shofol bhabe chalu hoyeche. Moto mulyo 19TK, meyad 7 din. Internet balance jante mygp.li/check click korun othoba *121*1*4# dial korun.",Banglish,"1GB (0.2GB+ 0.8GB Bonus) internet shofol bhabe chalu hoyeche. Moto mulyo 19TK, meyad 7 din. Internet balance jante mygp.li/check click korun othoba *121*1*4# dial korun.",False,False
promo,"Internetting-য়ে pocket saving, নাও ১০জিবি@৳১৫৮,৭দিন: cutt.ly/FwUC6vhp",CodeMix,"Internetting-য়ে pocket saving, নাও ১০জিবি@৳১৫৮,৭দিন: cutt.ly/FwUC6vhp",False,False
promo,"Build a house on bounded ready plot and earn now, per katha 4.5 lakh
01894841736",English,"Build a house on bounded ready plot and earn now, per katha 4.5 lakh [PHONE]",False,True
promo,বাংলাদেশ নৌবাহিনীতে অফিসার ক্যাডেট পদে নিয়োগ চলছে । ভিজিট করুন: www.joinnavy.navy.mil.bd,Bengali,বাংলাদেশ নৌবাহিনীতে অফিসার ক্যাডেট পদে নিয়োগ চলছে । ভিজিট করুন: [URL],True,False
promo,Daraz 11.11 sale! Upto 80% off on mobiles. Free shipping. Shop now: daraz.com.bd,Banglish,Daraz 11.11 sale! Upto 80% off on mobiles. Free shipping. Shop now: [URL],True,False
promo,Shohoz Bike rides: First 5 rides 40% discount new users jonne. Promo code BIKE40. Offer till 25th Sept.,Banglish,Shohoz Bike rides: First 5 rides 40% discount new users jonne. Promo code BIKE40. Offer till 25th Sept.,False,False
promo,"সপ্তাহজুড়ে pro-level internet, নাও ২৫GB@২১৯TK: cutt.ly/2wEyml8b",CodeMix,"সপ্তাহজুড়ে pro-level internet, নাও ২৫GB@২১৯TK: cutt.ly/2wEyml8b",False,False
promo,৭৯ paisa per minute ১৫ days duration-এর call rate offer-টি নিতে ১১৯ TK recharge করুন। ,CodeMix,৭৯ paisa per minute ১৫ days duration-এর call rate offer-টি নিতে ১১৯ TK recharge করুন।,False,False
promo,"Koro fullon interneting! Nao 10GB@200TK, 30din: cutt.ly/GwYJBDuV",Banglish,"Koro fullon interneting! Nao 10GB@200TK, 30din: cutt.ly/GwYJBDuV",False,False
promo,Yellow Taxi app users get 30% off on all rides this month!,English,Yellow Taxi app users get 30% off on all rides this month!,False,False
promo,"Invest in 'Navana Highland', a planned city adjacent to Asian Highway in Purbachal. High and red soil. Installment facility available – 01708466471",English,"Invest in 'Navana Highland', a planned city adjacent to Asian Highway in Purbachal. High and red soil. Installment facility available – [PHONE]",False,True
promo,"GP binge internet: 50GB pack only 599TK for 30 days. Ideal for students, gaming, and heavy users. Activate ekhuni *121*599# e. Limited time only.",Banglish,"GP binge internet: 50GB pack only 599TK for 30 days. Ideal for students, gaming, and heavy users. Activate ekhuni *121*599# e. Limited time only.",False,False
promo,"shudhumatro MyGP-te notun SIM-er offer ekhon 2GB internet matro 17TK-te, meyad 7din (mas-e shorbhochcho ekbar). visit korun https://mygp.li/ga",Banglish,"shudhumatro MyGP-te notun SIM-er offer ekhon 2GB internet matro 17TK-te, meyad 7din (mas-e shorbhochcho ekbar). visit korun [URL]",True,False
promo,Robi app recharge করলে ১৫% extra credit। Hurry up!,CodeMix,Robi app recharge করলে ১৫% extra credit। Hurry up!,False,False
promo,Chaldal fest: Grocery order 2000TK+ and get 350TK cashback using bkash. Free delivery within Dhaka same day. Order now.,Banglish,Chaldal fest: Grocery order 2000TK+ and get 350TK cashback using bkash. Free delivery within Dhaka same day. Order now.,False,False
promo,Pizza Hut buy 1 get 1 free on all medium pizzas! Dine-in or takeaway. Offer valid today only!,English,Pizza Hut buy 1 get 1 free on all medium pizzas! Dine-in or takeaway. Offer valid today only!,False,False
promo,ফ্রি হোম ডেলিভারি! ৫০০ টাকার উপর সব মেডিসিনে। অনলাইন ফার্মেসি।,Bengali,ফ্রি হোম ডেলিভারি! ৫০০ টাকার উপর সব মেডিসিনে। অনলাইন ফার্মেসি।,False,False
promo,"Interneting-এ pocket saving, নাও ২GB@৳৬৯, ৭দিন: cutt.ly/CwUPKGTR",CodeMix,"Interneting-এ pocket saving, নাও ২GB@৳৬৯, ৭দিন: cutt.ly/CwUPKGTR",False,False
promo,"TK200 cashback only for today- 61GB+1000min@TK699,30 days: cutt.ly/FwQhpKHc",English,"TK200 cashback only for today- 61GB+1000min@TK699,30 days: cutt.ly/FwQhpKHc",False,False
promo,"New summer collection launch: সব clothes এ ২০% discount। Limited stock available, so online order করুন এখনই এবং free delivery পান।",CodeMix,"New summer collection launch: সব clothes এ ২০% discount। Limited stock available, so online order করুন এখনই এবং free delivery পান।",False,False
promo,"20% off on home decor items. Limited stock, don't delay.",English,"20% off on home decor items. Limited stock, don't delay.",False,False
promo,Pathao Food-এ সপ্তাহজুড়ে সব অর্ডারে ফ্রি ডেলিভারি।,Bengali,Pathao Food-এ সপ্তাহজুড়ে সব অর্ডারে ফ্রি ডেলিভারি।,False,False
promo,Daraz ১১.১১-তে cash-এ ১৫% পর্যন্ত cashback + free delivery। https://click.daraz.com.bd/e/_CUeCuf Terms apply,CodeMix,Daraz ১১.১১-তে cash-এ ১৫% পর্যন্ত cashback + free delivery। [URL] Terms apply,True,False
promo,"Notun deal e levelup interneting 25GB+400mi@TK397,30din cutt.ly/oeeJSDbP",Banglish,"Notun deal e levelup interneting 25GB+400mi@TK397,30din cutt.ly/oeeJSDbP",False,False
promo,"Now more data with TK 25 cashback! 50GB@TK 473, 30 days: cutt.ly/zwTmxzpd",English,"Now more data with TK 25 cashback! 50GB@TK 473, 30 days: cutt.ly/zwTmxzpd",False,False
promo,8GB (with bonus) for 123TK valid 15 days. Dial *121*5548# or mygp.li/mo,English,8GB (with bonus) for 123TK valid 15 days. Dial *121*5548# or mygp.li/mo,False,False
promo,GP bondho SIM blast: Reactivate SIM with only 29TK recharge and instantly get 6GB internet + 100 mins free. Amar GP app e activate korun today. Limited time offer.,Banglish,GP bondho SIM blast: Reactivate SIM with only 29TK recharge and instantly get 6GB internet + 100 mins free. Amar GP app e activate korun today. Limited time offer.,False,False
promo,"TK399 te TK499 er offer! Nao 31GB+450mi., 30din: cutt.ly/2wQlYv6U",Banglish,"TK399 te TK499 er offer! Nao 31GB+450mi., 30din: cutt.ly/2wQlYv6U",False,False
promo,নতুন কাস্টমারদের জন্য বিশেষ ডিসকাউন্ট। আজই রেজিস্টার করুন।,Bengali,নতুন কাস্টমারদের জন্য বিশেষ ডিসকাউন্ট। আজই রেজিস্টার করুন।,False,False
promo,Pathao Food saver: Order 400TK+ and get flat 35% discount with code FOOD35. Offer valid for dinner hours.,Banglish,Pathao Food saver: Order 400TK+ and get flat 35% discount with code FOOD35. Offer valid for dinner hours.,False,False
promo,"৮০TK cashback-এ extra data ৩০GB@৩১৯TK, ৩০days cutt.ly/aw59tNYD",CodeMix,"৮০TK cashback-এ extra data ৩০GB@৩১৯TK, ৩০days cutt.ly/aw59tNYD",False,False
promo,Shohoz অ্যাপে আজ টিকিট কিনলে ১০% ছাড়! কোড ব্যবহার করুন: TRAVEL10 এবং নিরাপদ ভ্রমণ উপভোগ করুন।,Bengali,Shohoz অ্যাপে আজ টিকিট কিনলে ১০% ছাড়! কোড ব্যবহার করুন: TRAVEL10 এবং নিরাপদ ভ্রমণ উপভোগ করুন।,False,False
promo,"150Tk cashback e nao data mixer 80GB@699Tk,30din: cutt.ly/lwMwLrfw",Banglish,"150Tk cashback e nao data mixer 80GB@699Tk,30din: cutt.ly/lwMwLrfw",False,False
promo,100৳ cashback শেষ day! 31GB+450min.@ 399৳ 30দিন: cutt.ly/2wQlYv6U,CodeMix,100৳ cashback শেষ day! 31GB+450min.@ 399৳ 30দিন: cutt.ly/2wQlYv6U,False,False
promo,BTRC-র database-এ handset-টি নিবন্ধিত নয়। handset-টি automatically registration হবে।,CodeMix,BTRC-র database-এ handset-টি নিবন্ধিত নয়। handset-টি automatically registration হবে।,False,False
promo,"Call duration 00:00:44, charged 0.92 Taka, remaining balance is   0.41  Taka",Bengali,"Call duration 00:00:44, charged 0.92 Taka, remaining balance is 0.41 Taka",False,False
promo,electronics ponno kinlei free shipping! offer shesh howar age kenakata korun.,Banglish,electronics ponno kinlei free shipping! offer shesh howar age kenakata korun.,False,False
promo,"Durga pujay kenakata korun 25% chhar-e, 25 October porjonto. 01713199270",Banglish,"Durga pujay kenakata korun 25% chhar-e, 25 October porjonto. [PHONE]",False,True
promo,GP Music App সাবস্ক্রিপশন প্রথম মাস ফ্রি। সক্রিয় করতে *121*99#।,Bengali,GP Music App সাবস্ক্রিপশন প্রথম মাস ফ্রি। সক্রিয় করতে *121*99#।,False,False
promo,Robi app recharge করলে ১৫% extra credit। Don’t miss!,CodeMix,Robi app recharge করলে ১৫% extra credit। Don’t miss!,False,False
promo,অনলাইন শপিংয়ে প্রথম অর্ডারে ২০% ছাড়! কুপন কোড: FIRST20,Bengali,অনলাইন শপিংয়ে প্রথম অর্ডারে ২০% ছাড়! কুপন কোড: FIRST20,False,False
promo,"Golden Harvest food products fair! Rice, oil, spices 22% discount. Quality nutrition for families!",English,"Golden Harvest food products fair! Rice, oil, spices 22% discount. Quality nutrition for families!",False,False
promo,"To prevent thalassemia disease, get blood tests done before marriage. No marriage between patient & carrier or carrier & carrier - Bangladesh Thalassemia Society.",English,"To prevent thalassemia disease, get blood tests done before marriage. No marriage between patient & carrier or carrier & carrier - Bangladesh Thalassemia Society.",False,False
promo,"১৩০TK-এ ১৫০min(৩০days) সাথে bonus,নিতে*১২১*৫২০৫#  https://mygp.li/a0",CodeMix,"১৩০TK-এ ১৫০min(৩০days) সাথে bonus,নিতে*১২১*৫২০৫# [URL]",True,False
promo,"‘করবো বীমা, গড়বো দেশ
স্মার্ট হবে বাংলাদেশ।’ বীমা উন্নয়ন ও নিয়ন্ত্রণ কর্তৃপক্ষ এবং আর্থিক প্রতিষ্ঠান বিভাগ অর্থ মন্ত্রণালয়।",Bengali,"‘করবো বীমা, গড়বো দেশ স্মার্ট হবে বাংলাদেশ।’ বীমা উন্নয়ন ও নিয়ন্ত্রণ কর্তৃপক্ষ এবং আর্থিক প্রতিষ্ঠান বিভাগ অর্থ মন্ত্রণালয়।",False,False
promo,Regal furniture showroom grand opening! All items 45% discount first week.,Banglish,Regal furniture showroom grand opening! All items 45% discount first week.,False,False
promo,Bonus soho 4GB-66taka-7din.Dial *121*5047# ba https://mygp.li/mo,Banglish,Bonus soho 4GB-66taka-7din.Dial *121*5047# ba [URL],True,False
promo,"পূর্বাচলের এশিয়ান হাইওয়ে সংলগ্ন পরিকল্পিত শহর ""নাভানা হাইল্যন্ডে"" এ বিনিয়োগ করুন।উঁচু ও লাল মাটি।রয়েছে কিস্তির সুবিধা – ০১৭০৮৪৬৬৪৭১",Bengali,"পূর্বাচলের এশিয়ান হাইওয়ে সংলগ্ন পরিকল্পিত শহর ""নাভানা হাইল্যন্ডে"" এ বিনিয়োগ করুন।উঁচু ও লাল মাটি।রয়েছে কিস্তির সুবিধা – [PHONE]",False,True
promo,Evaly Mega Carnival: Home decor and furniture up to 65% discount. EMI option available. Order today and save big.,Banglish,Evaly Mega Carnival: Home decor and furniture up to 65% discount. EMI option available. Order today and save big.,False,False
promo,City Bank app pay করুন এবং instant cashback ১৫% পান। Download now এবং enjoy hassle-free secure transactions,CodeMix,City Bank app pay করুন এবং instant cashback ১৫% পান। Download now এবং enjoy hassle-free secure transactions,False,False
promo,Bata footwear clearance sale! Flat 40% discount on men’s and women’s shoes. Eid collection available. Visit any Bata outlet across Bangladesh.,Banglish,Bata footwear clearance sale! Flat 40% discount on men’s and women’s shoes. Eid collection available. Visit any Bata outlet across Bangladesh.,False,False
promo,Fitness equipment e 15% discount! Ajii order korun.,Banglish,Fitness equipment e 15% discount! Ajii order korun.,False,False
promo,Bkash + Shohoz ride promo: Pay with bkash for Shohoz ride and get 25% cashback instantly. Maximum cashback 50TK per ride. Code: BK25.,Banglish,Bkash + Shohoz ride promo: Pay with bkash for Shohoz ride and get 25% cashback instantly. Maximum cashback 50TK per ride. Code: BK25.,False,False
promo,GP এ ১০০ MB free data আজকে শুধুমাত্র। Activate করুন এখনই!,CodeMix,GP এ ১০০ MB free data আজকে শুধুমাত্র। Activate করুন এখনই!,False,False
promo,100TK cashback shesh din! 31GB+450mi.@399TK 30din: cutt.ly/2wQlYv6U,Banglish,100TK cashback shesh din! 31GB+450mi.@399TK 30din: cutt.ly/2wQlYv6U,False,False
promo,"Pocket saving for internet, take 2GB@TK69, 7 days: cutt.ly/CwUPKGTR",English,"Pocket saving for internet, take 2GB@TK69, 7 days: cutt.ly/CwUPKGTR",False,False
promo,Airtel postpaid user এর জন্য ২৫% discount offer চলছে। Don’t miss!,CodeMix,Airtel postpaid user এর জন্য ২৫% discount offer চলছে। Don’t miss!,False,False
promo,Pran juice festival! Buy 3 bottles get 1 free. Available at all superstores.,Banglish,Pran juice festival! Buy 3 bottles get 1 free. Available at all superstores.,False,False
promo,"ফুলঅন আড্ডা+ইন্টারনেটিং করতে ৬১জিবি+১০০০মি@৳৮৯৯,৩০দিন cutt.ly/LwEXIUPL",Bengali,"ফুলঅন আড্ডা+ইন্টারনেটিং করতে ৬১জিবি+১০০০মি@৳৮৯৯,৩০দিন cutt.ly/LwEXIUPL",False,False
promo,"৪৫৳ ক্যাশব্যাক! ৪৬জিবি @ ৪৫৩৳, ৩০দিন, নিয়ে নাও এখনই: cutt.ly/4wQzxdl1",Bengali,"৪৫৳ ক্যাশব্যাক! ৪৬জিবি @ ৪৫৩৳, ৩০দিন, নিয়ে নাও এখনই: cutt.ly/4wQzxdl1",False,False
promo,"বেশি বেশি chat+internet,নাও 5GB+150min@৳১৫৯,7দিন cutt.ly/owEyhCVt",CodeMix,"বেশি বেশি chat+internet,নাও 5GB+150min@৳১৫৯,7দিন cutt.ly/owEyhCVt",False,False
promo,Bonus soho 7GB-130Tk-30din. Nite dial *121*5469# othoba visit mygp.li/mo,Banglish,Bonus soho 7GB-130Tk-30din. Nite dial *121*5469# othoba visit mygp.li/mo,False,False
promo,"Evaly Furniture Sale: Sofa set, bed, dining table up to 50% discount. EMI available. Shop before stock ends.",Banglish,"Evaly Furniture Sale: Sofa set, bed, dining table up to 50% discount. EMI available. Shop before stock ends.",False,False
promo,"New Market clothing stores winter collection: Sweaters, shawls, blankets discounts!",English,"New Market clothing stores winter collection: Sweaters, shawls, blankets discounts!",False,False
promo,"100TK cashback! 31GB+450min.@399TK 30din, niye nao: cutt.ly/2wQlYv6U",Banglish,"100TK cashback! 31GB+450min.@399TK 30din, niye nao: cutt.ly/2wQlYv6U",False,False
promo,Pathao Food delight: Dinner orders above 500TK get 40% discount. Promo code FOOD40. Offer time: 6PM–10PM daily.,Banglish,Pathao Food delight: Dinner orders above 500TK get 40% discount. Promo code FOOD40. Offer time: 6PM–10PM daily.,False,False
promo,Pathao Food এখন সব অর্ডারে ফ্রি ডেলিভারি দিচ্ছে। বন্ধুদের নিয়ে আড্ডা হোক ঝামেলাহীন। অফার শুধুমাত্র এই সপ্তাহের জন্য।,Bengali,Pathao Food এখন সব অর্ডারে ফ্রি ডেলিভারি দিচ্ছে। বন্ধুদের নিয়ে আড্ডা হোক ঝামেলাহীন। অফার শুধুমাত্র এই সপ্তাহের জন্য।,False,False
promo,"40 TK cashback! 46GB@458TK, 30din, nie nao ekhoni: cutt.ly/GwWYCCfJ",Banglish,"40 TK cashback! 46GB@458TK, 30din, nie nao ekhoni: cutt.ly/GwWYCCfJ",False,False
promo,"Purbachal 30no sector shonglonno bhorat choloman plot! Katha 1.6lakkho
01894841736",Banglish,Purbachal 30no sector shonglonno bhorat choloman plot! Katha 1.6lakkho [PHONE],False,True
promo,"মে-২৪
রিচার্জ:0৳
খরচ:
ডেটা:287৳
ভয়েস:101৳
অন্যান্য:0৳",Bengali,মে-২৪ রিচার্জ:0৳ খরচ: ডেটা:287৳ ভয়েস:101৳ অন্যান্য:0৳,False,False
promo,Christmas greetings. Get 25% discount till December 31. 01713199270,English,Christmas greetings. Get 25% discount till December 31. [PHONE],False,True
promo,গ্রীষ্মের special offer from Banglalink! এখন recharge করুন TK 99 এবং পাচ্ছেন 10GB data for 7 days.,CodeMix,গ্রীষ্মের special offer from Banglalink! এখন recharge করুন TK 99 এবং পাচ্ছেন 10GB data for 7 days.,False,False
promo,"২০০৳ ক্যাশব্যাক!৬০জিবি+১০০০মিনিট @৬৯৯৳ ৩০দিন,নিয়ে নাও- cutt.ly/aAhiAsI
",Bengali,"২০০৳ ক্যাশব্যাক!৬০জিবি+১০০০মিনিট @৬৯৯৳ ৩০দিন,নিয়ে নাও- cutt.ly/aAhiAsI",False,False
promo,"GP new offer: Recharge ২০০ TK এবং ১ GB extra data পান। Limited time, তাই আজই recharge করুন।",CodeMix,"GP new offer: Recharge ২০০ TK এবং ১ GB extra data পান। Limited time, তাই আজই recharge করুন।",False,False
promo,Offer এর ছড়াছড়ি! এখনই কিনুন ২০% discount এ আপনার পছন্দের পোশাক। শুধু আজকের জন্য!,CodeMix,Offer এর ছড়াছড়ি! এখনই কিনুন ২০% discount এ আপনার পছন্দের পোশাক। শুধু আজকের জন্য!,False,False
promo,Filled ongoing plots adjacent to Purbachal 30th sector! 1.6 lakh per katha 01894841736,English,Filled ongoing plots adjacent to Purbachal 30th sector! 1.6 lakh per katha [PHONE],False,True
promo,"System er unnoyoner jonno 8 May rat 11:59 theke 9 May shokal 6ta porjonto Nagad, Upay, SSL Commerz shoho kichu digital channel diye mobile recharge bondho thakbe. tobe ei shomoy myGP app theke recharge kora jabe.",Banglish,"System er unnoyoner jonno 8 May rat 11:59 theke 9 May shokal 6ta porjonto Nagad, Upay, SSL Commerz shoho kichu digital channel diye mobile recharge bondho thakbe. tobe ei shomoy myGP app theke recharge kora jabe.",False,False
promo,Standard Chartered priority banking! Exclusive services for deposits above 10 lakh. Apply: 16203!,English,Standard Chartered priority banking! Exclusive services for deposits above 10 lakh. Apply: 16203!,False,False
promo,Navana Real Estate apartment booking! 2% discount on booking amount. Dream home in Gulshan available!,English,Navana Real Estate apartment booking! 2% discount on booking amount. Dream home in Gulshan available!,False,False
promo,‘শেখ হাসিনা ইয়ুথ ভলান্টিয়ার অ্যাওয়ার্ড-২০২৪’ প্রদানের লক্ষ্যে ১৮-৪৫ বছরের যুবদের নিকট হতে দরখাস্ত আহবান করা হয়েছে। এ বিষয়ে সকল তথ্য যুব ও ক্রীড়া মন্ত্রণালয়ের ওয়েবসাইটে www.moysports.gov.bd পাওয়া যাবে।,Bengali,‘শেখ হাসিনা ইয়ুথ ভলান্টিয়ার অ্যাওয়ার্ড-২০২৪’ প্রদানের লক্ষ্যে ১৮-৪৫ বছরের যুবদের নিকট হতে দরখাস্ত আহবান করা হয়েছে। এ বিষয়ে সকল তথ্য যুব ও ক্রীড়া মন্ত্রণালয়ের ওয়েবসাইটে [URL] পাওয়া যাবে।,True,False
promo,"Human Rights Day-2023
This year's theme is Freedom, Equality and Justice for All. National Human Rights Commission.",English,"Human Rights Day-2023 This year's theme is Freedom, Equality and Justice for All. National Human Rights Commission.",False,False
promo,"Partex Star Technologies computer fair! Laptops, desktops 25% off with 3 year warranty. Tech solutions!",English,"Partex Star Technologies computer fair! Laptops, desktops 25% off with 3 year warranty. Tech solutions!",False,False
promo,Daraz Mall থেকে আসল প্রোডাক্টে ১৫% ডিসকাউন্ট। অফার চলবে ৩ দিন।,Bengali,Daraz Mall থেকে আসল প্রোডাক্টে ১৫% ডিসকাউন্ট। অফার চলবে ৩ দিন।,False,False
promo,"প্রো-লেভেল ৳১০০ ক্যাশব্যাকে ৩৫জিবি+৫০০মি.@৳৩৯৯, ৩০দিন cutt.ly/2wQlYv6U",Bengali,"প্রো-লেভেল ৳১০০ ক্যাশব্যাকে ৩৫জিবি+৫০০মি.@৳৩৯৯, ৩০দিন cutt.ly/2wQlYv6U",False,False
promo,"TK50 chill cashback 31GB+450mi.@TK449 30 days, get: cutt.ly/KwMwLOgt",English,"TK50 chill cashback 31GB+450mi.@TK449 30 days, get: cutt.ly/KwMwLOgt",False,False
promo,"Hatil furniture anniversary sale! Bedroom, dining set special price. EMI available.",Banglish,"Hatil furniture anniversary sale! Bedroom, dining set special price. EMI available.",False,False
promo,26 January 2024 international customs dibosh udjaponito hocche. Ebarer protipadok bishoy ''mile nobin-purono ongshijon/customs korbe lokkho orjon''. Jatio rajsho board,Banglish,26 January 2024 international customs dibosh udjaponito hocche. Ebarer protipadok bishoy ''mile nobin-purono ongshijon/customs korbe lokkho orjon''. Jatio rajsho board,False,False
promo,"লোটো লি কুপারে
নগদ পেমেন্টে BMW জেতার সুযোগ
বিকাশে ১০% ক্যাশব্যাক
শপ্র",Bengali,লোটো লি কুপারে নগদ পেমেন্টে BMW জেতার সুযোগ বিকাশে ১০% ক্যাশব্যাক শপ্র,False,False
promo,Olimpia fitness gym membership 6 months free! Registration fee 2000TK only.,Banglish,Olimpia fitness gym membership 6 months free! Registration fee 2000TK only.,False,False
promo,"বেবি প্রোডাক্টে স্পেশাল ডিসকাউন্ট! ডায়াপার, ফুডে ৩০% ছাড়।",Bengali,"বেবি প্রোডাক্টে স্পেশাল ডিসকাউন্ট! ডায়াপার, ফুডে ৩০% ছাড়।",False,False
promo,বোনাস সহ ৭জিবি-১৩০টাকা-৩০দিন। নিতে ডায়াল *১২১*৫৪৬৯# বা ভিজিট mygp.li/mo,Bengali,বোনাস সহ ৭জিবি-১৩০টাকা-৩০দিন। নিতে ডায়াল *১২১*৫৪৬৯# বা ভিজিট mygp.li/mo,False,False
promo,"৫০৳ ক্যাশব্যাকে নাও ডাটা মিক্সার ৪০জিবি@৳২৪৮, ৭দিন: 
 cutt.ly/WwZsAgMK",Bengali,"৫০৳ ক্যাশব্যাকে নাও ডাটা মিক্সার ৪০জিবি@৳২৪৮, ৭দিন: cutt.ly/WwZsAgMK",False,False
promo,Today and tomorrow flat 50% discount at all Mens World branches cutt.ly/fmw,English,Today and tomorrow flat 50% discount at all Mens World branches cutt.ly/fmw,False,False
promo,Olympic Industries biscuit factory sale! All varieties 30% discount. Perfect snacks for every occasion!,English,Olympic Industries biscuit factory sale! All varieties 30% discount. Perfect snacks for every occasion!,False,False
promo,"Candidates interested in participating in the twelfth national parliament election can submit nomination papers online as well as through conventional methods. To submit nominations online, enter the commission's website www.ecs.gov.bd-EC",CodeMix,"Candidates interested in participating in the twelfth national parliament election can submit nomination papers online as well as through conventional methods. To submit nominations online, enter the commission's website [URL]",True,False
promo,200TK same cashback! Get 60GB+1000minutes@699TK 30days: cutt.ly/aAhiAsI,English,200TK same cashback! Get 60GB+1000minutes@699TK 30days: cutt.ly/aAhiAsI,False,False
promo,"Biman Bangladesh Air: Dhaka to Sylhet round trip only 2999TK. Limited seats, book online now.",Banglish,"Biman Bangladesh Air: Dhaka to Sylhet round trip only 2999TK. Limited seats, book online now.",False,False
promo,"দৃষ্টিনন্দন স্থাপত্যকলায় অনন্য, ডায়মন্ড ওয়ার্ল্ডের ""দ্য সিগনেচার"" শোরুমের উদ্বোধন হচ্ছে আজ বিকেল ৪টায়। আপনার সপরিবারে উপস্থিতি ও দোয়া আমাদের একান্ত কাম্য। প্রয়োজনে: ০১৭১৩১৯৯২৭০",Bengali,"দৃষ্টিনন্দন স্থাপত্যকলায় অনন্য, ডায়মন্ড ওয়ার্ল্ডের ""দ্য সিগনেচার"" শোরুমের উদ্বোধন হচ্ছে আজ বিকেল ৪টায়। আপনার সপরিবারে উপস্থিতি ও দোয়া আমাদের একান্ত কাম্য। প্রয়োজনে: [PHONE]",False,True
promo,"Happy New Year 2024. Sonali Bank is always with you in smart banking services. Md. Afzal Karim, CEO & MD",English,"Happy New Year 2024. Sonali Bank is always with you in smart banking services. Md. Afzal Karim, CEO & MD",False,False
promo,Shohoz Train Ticket: Online booking fee 0TK this week. Book now at shohoz.com.,Banglish,Shohoz Train Ticket: Online booking fee 0TK this week. Book now at [URL],True,False
promo,shob cosmetics-e 10% chhar. offer-ti simito shomoyer jonno.,Banglish,shob cosmetics-e 10% chhar. offer-ti simito shomoyer jonno.,False,False
promo,"মহান বিজয় দিবসে সবাইকে জানাই শুভেচ্ছা।  
দিলীপ কুমার আগরওয়ালা",Bengali,মহান বিজয় দিবসে সবাইকে জানাই শুভেচ্ছা। দিলীপ কুমার আগরওয়ালা,False,False
promo,Only today ৳১০০ cashback! ৫০GB @৳৩৯৮ ৩০days: cutt.ly/hwltB5hC,CodeMix,Only today ৳১০০ cashback! ৫০GB @৳৩৯৮ ৩০days: cutt.ly/hwltB5hC,False,False
promo,"২০০minute (৩০দিন) ১৭৪ টাকা, Dial *১২১*৪৪১০# বা https://mygp.li/v1",CodeMix,"২০০minute (৩০দিন) ১৭৪ টাকা, Dial *১২১*৪৪১০# বা [URL]",True,False
promo,"Nagad mobile recharge করুন এবং ১০% extra credit পান। Offer valid for first ৫০০ users only, recharge now using app or USSD code।",CodeMix,"Nagad mobile recharge করুন এবং ১০% extra credit পান। Offer valid for first ৫০০ users only, recharge now using app or USSD code।",False,False
promo,Shohoz Food-এ ২০০ টাকার অর্ডারে ৫০ টাকা ছাড়! কোড: YUMMY50 ব্যবহার করুন। এখনই অর্ডার করুন।,Bengali,Shohoz Food-এ ২০০ টাকার অর্ডারে ৫০ টাকা ছাড়! কোড: YUMMY50 ব্যবহার করুন। এখনই অর্ডার করুন।,False,False
promo,মাত্র TK 97 30 days World Cup cricket + 1GB data নিতে: cutt.ly/YwmtpRRj,CodeMix,মাত্র TK 97 30 days World Cup cricket + 1GB data নিতে: cutt.ly/YwmtpRRj,False,False
promo,"Today bring 500 taka from bank to bKash and get 10 taka cashback, 1 time! TCA",English,"Today bring 500 taka from bank to bKash and get 10 taka cashback, 1 time! TCA",False,False
promo,"Today is the last day! 40GB(with bonus)TK500 30days. Dial *121*5049#, mygp.li/mo",English,"Today is the last day! 40GB(with bonus)TK500 30days. Dial *121*5049#, mygp.li/mo",False,False
promo,Nagad payment করলে instant cashback পাবেন। Use code: CASHBACK15,CodeMix,Nagad payment করলে instant cashback পাবেন। Use code: CASHBACK15,False,False
promo,Balance shesh? 200taka porjonto GP emergency balance nite *9#,Banglish,Balance shesh? 200taka porjonto GP emergency balance nite *9#,False,False
promo,Bashundhara City shopping festival! Win gold jewelry with purchases above 5000 TK this weekend!,English,Bashundhara City shopping festival! Win gold jewelry with purchases above 5000 TK this weekend!,False,False
promo,ফ্ল্যাট ১৫% ডিসকাউন্ট সব শপিংয়ে। কোড: DISCOUNT15.,Bengali,ফ্ল্যাট ১৫% ডিসকাউন্ট সব শপিংয়ে। কোড: DISCOUNT15.,False,False
promo,"বাউন্ডারিকৃত রেডি প্লট এখনই বাড়ি করে আয় করুন, কাঠা ৪.৫লক্ষ
01894841736",Bengali,"বাউন্ডারিকৃত রেডি প্লট এখনই বাড়ি করে আয় করুন, কাঠা ৪.৫লক্ষ [PHONE]",False,True
promo,1 deal-ei shoptar shob internetinging- nao 10GB@TK158: cutt.ly/FwUC6vhp,Banglish,1 deal-ei shoptar shob internetinging- nao 10GB@TK158: cutt.ly/FwUC6vhp,False,False
promo,Up to 90% discount on all books at Rokomari.com। ৳1000 এর উপরের orders এর জন্য free home delivery।,CodeMix,Up to 90% discount on all books at [URL] ৳1000 এর উপরের orders এর জন্য free home delivery।,True,False
promo,"18 May International Museum Day. This year's theme: ""Museums, Sustainability and Prosperity"". You are cordially invited to the day-long program of Bangladesh National Museum on this occasion.",English,"18 May International Museum Day. This year's theme: ""Museums, Sustainability and Prosperity"". You are cordially invited to the day-long program of Bangladesh National Museum on this occasion.",False,False
promo,"রবির মেগা ইন্টারনেট প্যাক – ২০জিবি মাত্র ১৯৯ টাকা, ৩০ দিনের জন্য। মিস করবেন না! *123*0199# ডায়াল করুন।",Bengali,"রবির মেগা ইন্টারনেট প্যাক – ২০জিবি মাত্র ১৯৯ টাকা, ৩০ দিনের জন্য। মিস করবেন না! *123*0199# ডায়াল করুন।",False,False
promo,GP internet pack আজ থেকে ৭ দিন limited offer। Activate করুন online এখনই!,CodeMix,GP internet pack আজ থেকে ৭ দিন limited offer। Activate করুন online এখনই!,False,False
promo,"May-২৪
Recharge:0৳
খরচ:
Data:287৳
Voice:101৳
অন্যান্য:0৳",CodeMix,May-২৪ Recharge:0৳ খরচ: Data:287৳ Voice:101৳ অন্যান্য:0৳,False,False
promo,Robi গ্রাহকরা ২০০ টাকা রিচার্জ করলে ২ জিবি ফ্রি পাবেন। সীমিত সময়ের জন্য।,Bengali,Robi গ্রাহকরা ২০০ টাকা রিচার্জ করলে ২ জিবি ফ্রি পাবেন। সীমিত সময়ের জন্য।,False,False
promo,All DVD-তে ১০% discount। Limited time offer।,CodeMix,All DVD-তে ১০% discount। Limited time offer।,False,False
promo,"Shohoz bus ticket booking e 15% discount across Bangladesh. Use code: RIDE15. Valid till 30th Sept. Book tickets from Dhaka to Chittagong, Sylhet, Khulna and more with Shohoz app.",Banglish,"Shohoz bus ticket booking e 15% discount across Bangladesh. Use code: RIDE15. Valid till 30th Sept. Book tickets from Dhaka to Chittagong, Sylhet, Khulna and more with Shohoz app.",False,False
promo,মাসিক গ্রোসারি কিনুন। সব পণ্যে ২০% পর্যন্ত ছাড়। আজই অর্ডার।,Bengali,মাসিক গ্রোসারি কিনুন। সব পণ্যে ২০% পর্যন্ত ছাড়। আজই অর্ডার।,False,False
promo,TK 100 cashback last day! 31GB+450min.@TK399 30 days: cutt.ly/2wQlYv6U,English,TK 100 cashback last day! 31GB+450min.@TK399 30 days: cutt.ly/2wQlYv6U,False,False
promo,"Cashback এ century TK100! 55GB @TK398,30 দিন: cutt.ly/hwltB5hC",CodeMix,"Cashback এ century TK100! 55GB @TK398,30 দিন: cutt.ly/hwltB5hC",False,False
promo,Bashundhara job fair! 156 positions available. Salary up to 42000 TK!,English,Bashundhara job fair! 156 positions available. Salary up to 42000 TK!,False,False
promo,"Dekko Isho steel furniture! Office chairs, tables 35% discount. Ergonomic design, 5 year warranty!",English,"Dekko Isho steel furniture! Office chairs, tables 35% discount. Ergonomic design, 5 year warranty!",False,False
promo,বিটিআরসি'র ডাটাবেজে হ্যান্ডসেটটি নিবন্ধিত নয়। হ্যান্ডসেটটি স্বয়ংক্রিয়ভাবে নিবন্ধন করা হবে। ,Bengali,বিটিআরসি'র ডাটাবেজে হ্যান্ডসেটটি নিবন্ধিত নয়। হ্যান্ডসেটটি স্বয়ংক্রিয়ভাবে নিবন্ধন করা হবে।,False,False
promo,"Robi recharge ২০০ TK get ৫০ TK bonus। First ১০০০ users only, hurry up, claim now",CodeMix,"Robi recharge ২০০ TK get ৫০ TK bonus। First ১০০০ users only, hurry up, claim now",False,False
promo,"বাড়ির ডেকোর আইটেমে ২০% ছাড়। স্টক সীমিত, দেরি করবেন না।",Bengali,"বাড়ির ডেকোর আইটেমে ২০% ছাড়। স্টক সীমিত, দেরি করবেন না।",False,False
promo,"২০০৳ ক্যাশব্যাক শুধু আজকের জন্য- ৬১জিবি+১০০০মি@৳৬৯৯,৩০দিন: cutt.ly/FwQhpKHc",Bengali,"২০০৳ ক্যাশব্যাক শুধু আজকের জন্য- ৬১জিবি+১০০০মি@৳৬৯৯,৩০দিন: cutt.ly/FwQhpKHc",False,False
promo,"ক্যাশব্যাকে সেঞ্চুরি ৳১০০! ৫৫জিবি @৳৩৯৮,৩০দিন: cutt.ly/hwltB5hC",Bengali,"ক্যাশব্যাকে সেঞ্চুরি ৳১০০! ৫৫জিবি @৳৩৯৮,৩০দিন: cutt.ly/hwltB5hC",False,False
promo,Square hospital health checkup package! Full body checkup 2500TK only.,Banglish,Square hospital health checkup package! Full body checkup 2500TK only.,False,False
promo,"ডাটা মিক্সারে করো pocket saving, নাও 60GB@TK569, 30days: cutt.ly/HwQzEu9E",CodeMix,"ডাটা মিক্সারে করো pocket saving, নাও 60GB@TK569, 30days: cutt.ly/HwQzEu9E",False,False
promo,"GP special recharge: ২০০ TK এবং ৪ GB extra data। Limited time, recharge আজই এবং enjoy full benefits",CodeMix,"GP special recharge: ২০০ TK এবং ৪ GB extra data। Limited time, recharge আজই এবং enjoy full benefits",False,False
promo,Bkash QR Festival: Spend minimum 500TK using Bkash QR at selected outlets and instantly paben 15% cashback up to 100TK. Offer valid only this week.,Banglish,Bkash QR Festival: Spend minimum 500TK using Bkash QR at selected outlets and instantly paben 15% cashback up to 100TK. Offer valid only this week.,False,False
promo,Summer sale: সব shirts এখন ৩০% discount। Online order করুন এখনই এবং free delivery পান।,CodeMix,Summer sale: সব shirts এখন ৩০% discount। Online order করুন এখনই এবং free delivery পান।,False,False
promo,৳৬০ cashback! ২০জিবি @ ৳২৪৯ ৩০দিন নিয়ে নাও: cutt.ly/Pwlt8cOy,CodeMix,৳৬০ cashback! ২০জিবি @ ৳২৪৯ ৩০দিন নিয়ে নাও: cutt.ly/Pwlt8cOy,False,False
promo,Only today's offer! 40GB (with bonus) 500 TK 30 days. Dial *121*5049# or mygp.li/mo,English,Only today's offer! 40GB (with bonus) 500 TK 30 days. Dial *121*5049# or mygp.li/mo,False,False
promo,উবার বিশেষ ছাড়! প্রথম ১০ রাইডে ৫০% পর্যন্ত ছাড়। প্রোমো কোড: UBER50,Bengali,উবার বিশেষ ছাড়! প্রথম ১০ রাইডে ৫০% পর্যন্ত ছাড়। প্রোমো কোড: UBER50,False,False
promo,সিস্টেমের মান উন্নয়নের জন্য ১১মে রাত ১১:৫৯ থেকে ১২মে সকাল ৮টা পর্যন্ত ফ্লেক্সিলোডের মাধ্যমে মোবাইল রিচার্জ বন্ধ থাকবে। তবে এই সময় মাইজিপি অ্যাপ বা স্ক্রাচ কার্ড দিয়ে রিচার্জ করা যাবে।,Bengali,সিস্টেমের মান উন্নয়নের জন্য ১১মে রাত ১১:৫৯ থেকে ১২মে সকাল ৮টা পর্যন্ত ফ্লেক্সিলোডের মাধ্যমে মোবাইল রিচার্জ বন্ধ থাকবে। তবে এই সময় মাইজিপি অ্যাপ বা স্ক্রাচ কার্ড দিয়ে রিচার্জ করা যাবে।,False,False
promo,Pathao Rides-এ আজ সব রাইডে ২০% ডিসকাউন্ট। কোড: PATHAO20 ব্যবহার করুন। বৈধতা শুধুমাত্র আজকের জন্য। নিরাপদ ভ্রমণের জন্য এখনই বুক করুন।,Bengali,Pathao Rides-এ আজ সব রাইডে ২০% ডিসকাউন্ট। কোড: PATHAO20 ব্যবহার করুন। বৈধতা শুধুমাত্র আজকের জন্য। নিরাপদ ভ্রমণের জন্য এখনই বুক করুন।,False,False
promo,Invest করুন পূর্বাচলের Asian Highway সংলগ্ন planned city 'Navana Highland'-এ। Easy installment available – ০১৭০৮৪৬৬৪৭১,CodeMix,Invest করুন পূর্বাচলের Asian Highway সংলগ্ন planned city 'Navana Highland'-এ। Easy installment available – [PHONE],False,True
promo,"স্পোর্টস আইটেমে মেগা ডিসকাউন্ট! ক্রিকেট, ফুটবল সামগ্রীতে ছাড়।",Bengali,"স্পোর্টস আইটেমে মেগা ডিসকাউন্ট! ক্রিকেট, ফুটবল সামগ্রীতে ছাড়।",False,False
promo,Bangladesh Air Force is recruiting officer cadets for 89 BAF course. Details: https://joinairforce.baf.mil.bd,English,Bangladesh Air Force is recruiting officer cadets for 89 BAF course. Details: [URL],True,False
promo,All week's interneting in 1 deal- get 10GB@TK158: cutt.ly/FwUC6vhp,English,All week's interneting in 1 deal- get 10GB@TK158: cutt.ly/FwUC6vhp,False,False
promo,"Robi Music App সাবস্ক্রিপশন প্রথম মাস মাত্র ৯ টাকা। আপনার প্রিয় গান শুনুন, ডাউনলোড করুন আর বন্ধুদের সাথে শেয়ার করুন। সক্রিয় করতে *888# ডায়াল করুন।",Bengali,"Robi Music App সাবস্ক্রিপশন প্রথম মাস মাত্র ৯ টাকা। আপনার প্রিয় গান শুনুন, ডাউনলোড করুন আর বন্ধুদের সাথে শেয়ার করুন। সক্রিয় করতে *888# ডায়াল করুন।",False,False
promo,"Buy Navana's 3, 5 and 10 katha plots adjacent to Purbachal – 01847-214018",English,"Buy Navana's 3, 5 and 10 katha plots adjacent to Purbachal – [PHONE]",False,True
promo,GP Internet Carnival extended: Recharge 399TK and instantly paben 30GB internet + 250 mins bonus calls. Amar GP app e aro voucher available. Ei super deal valid till 25th Sept.,Banglish,GP Internet Carnival extended: Recharge 399TK and instantly paben 30GB internet + 250 mins bonus calls. Amar GP app e aro voucher available. Ei super deal valid till 25th Sept.,False,False
promo,KFC Tuesday offer: 2 pieces chicken + fries + drink only 299TK!,English,KFC Tuesday offer: 2 pieces chicken + fries + drink only 299TK!,False,False
promo,"গহনায় বিশাল ছাড়! স্বর্ণ, রূপায় ২০% পর্যন্ত কমতি।",Bengali,"গহনায় বিশাল ছাড়! স্বর্ণ, রূপায় ২০% পর্যন্ত কমতি।",False,False
promo,Special offer: All kids clothing-এ ২০% discount।,CodeMix,Special offer: All kids clothing-এ ২০% discount।,False,False
promo,"Banglalink YouTube mega: 30GB YouTube only 299TK, validity 30 days. Dial *222*299# now.",Banglish,"Banglalink YouTube mega: 30GB YouTube only 299TK, validity 30 days. Dial *222*299# now.",False,False
promo,"Double century cashback TK200!61GB+1000min@ TK699, 30din cutt.ly/FwQhpKHc",Banglish,"Double century cashback TK200!61GB+1000min@ TK699, 30din cutt.ly/FwQhpKHc",False,False
promo,Bhromon package e 20% discount! Booking korte ajii jogajog korun.,Banglish,Bhromon package e 20% discount! Booking korte ajii jogajog korun.,False,False
promo,Bonus soho 1GB-30Tk-3din. Dial *121*5215# or https://mygp.li/mo,Banglish,Bonus soho 1GB-30Tk-3din. Dial *121*5215# or [URL],True,False
promo,Shobar pochonder burger niye Burger King ekhon Dhanmondi 27 e. Deri na kore akorshoniyo shob offer upobhog korte chole ashun Burger King e. Home delivery pete call korun 16606,Banglish,Shobar pochonder burger niye Burger King ekhon Dhanmondi 27 e. Deri na kore akorshoniyo shob offer upobhog korte chole ashun Burger King e. Home delivery pete call korun 16606,False,False
promo,বোনাস সহ ২জিবি-৩৫টাকা-৭দিন। ডায়াল *১২১*৫০৩৭# বা mygp.li/mo,Bengali,বোনাস সহ ২জিবি-৩৫টাকা-৭দিন। ডায়াল *১২১*৫০৩৭# বা mygp.li/mo,False,False
promo,"Chat+internet-এ new deal 10GB+250min@২৫৮৳,30দিন cutt.ly/wwCctHGF",CodeMix,"Chat+internet-এ new deal 10GB+250min@২৫৮৳,30দিন cutt.ly/wwCctHGF",False,False
promo,"The biopic film 'Mujib-The Maker of a Nation' based on the life of Father of the Nation Bangabandhu Sheikh Mujibur Rahman will be released nationwide on October 13, 2023. Come to your nearest cinema hall.",English,"The biopic film 'Mujib-The Maker of a Nation' based on the life of Father of the Nation Bangabandhu Sheikh Mujibur Rahman will be released nationwide on October 13, 2023. Come to your nearest cinema hall.",False,False
promo,Shopner Hat এ এখন পাচ্ছেন handmade crafts with amazing discounts. Visit our website for details.,CodeMix,Shopner Hat এ এখন পাচ্ছেন handmade crafts with amazing discounts. Visit our website for details.,False,False
promo,"cashback e century 100TK! 30GB+500min. @399TK,30din: cutt.ly/AwkY4L2C",Banglish,"cashback e century 100TK! 30GB+500min. @399TK,30din: cutt.ly/AwkY4L2C",False,False
promo,Up to 60% discount on all books at Rokomari.com। ৳700 এর উপরের orders এর জন্য free home delivery।,CodeMix,Up to 60% discount on all books at [URL] ৳700 এর উপরের orders এর জন্য free home delivery।,True,False
promo,"TK 150 cashback এ best offer 61GB+1000min@ TK 749, 30 days: cutt.ly/NwYKElsc",CodeMix,"TK 150 cashback এ best offer 61GB+1000min@ TK 749, 30 days: cutt.ly/NwYKElsc",False,False
promo,"ইন্টারনেটিংয়ে পকেট সেভিং, নাও ২জিবি@৳৬৯, ৭দিন: cutt.ly/CwUPKGTR",Bengali,"ইন্টারনেটিংয়ে পকেট সেভিং, নাও ২জিবি@৳৬৯, ৭দিন: cutt.ly/CwUPKGTR",False,False
promo,Up to 80% discount on all books at Rokomari.com। ৳900 এর উপরের orders এর জন্য free home delivery।,CodeMix,Up to 80% discount on all books at [URL] ৳900 এর উপরের orders এর জন্য free home delivery।,True,False
promo,"তোমার জন্য special gift, ৬০পয়সা/minute call rate, নাও: cutt.ly/qwnfrXbV",CodeMix,"তোমার জন্য special gift, ৬০পয়সা/minute call rate, নাও: cutt.ly/qwnfrXbV",False,False
promo,TeleTalk unlimited call + ১ GB internet মাত্র ১৯৯ TK। Activate করুন আজই before offer expires।,CodeMix,TeleTalk unlimited call + ১ GB internet মাত্র ১৯৯ TK। Activate করুন আজই before offer expires।,False,False
promo,Samsung Galaxy S21 only 65000 TK! EMI facility available. Visit Bashundhara City today.,Banglish,Samsung Galaxy S21 only 65000 TK! EMI facility available. Visit Bashundhara City today.,False,False
promo,GP Mega Recharge: 399TK recharge e paben 35GB internet + 200 mins free calls. Offer valid this week. Activate *121*399# now.,Banglish,GP Mega Recharge: 399TK recharge e paben 35GB internet + 200 mins free calls. Offer valid this week. Activate *121*399# now.,False,False
promo,"TK100 cashback! 31GB+450min@TK399 for 30 days, grab it now: cutt.ly/2wQlYv6U",English,"TK100 cashback! 31GB+450min@TK399 for 30 days, grab it now: cutt.ly/2wQlYv6U",False,False
promo,"Robi Internet Boost: 12GB internet pack only 159TK, validity 7 days. Activate now from Robi app.",Banglish,"Robi Internet Boost: 12GB internet pack only 159TK, validity 7 days. Activate now from Robi app.",False,False
promo,"Robi recharge ৫০০ TK এবং ১২০ TK bonus। First ১০০০ users only, hurry up claim today",CodeMix,"Robi recharge ৫০০ TK এবং ১২০ TK bonus। First ১০০০ users only, hurry up claim today",False,False
promo,Dutch-Bangla home loan launched! 0% interest at only 4829 TK. Apply today!,English,Dutch-Bangla home loan launched! 0% interest at only 4829 TK. Apply today!,False,False
promo,ফ্ল্যাট ১০% ছাড় সারা স্টোরে। কোড: FLAT10. শুধুমাত্র অনলাইনে।,Bengali,ফ্ল্যাট ১০% ছাড় সারা স্টোরে। কোড: FLAT10. শুধুমাত্র অনলাইনে।,False,False
promo,"Sheikh Hasina সরকারের success: 
কৃষকবান্ধব government fertilizer এর মূল্য কমিয়ে TSP 80 taka থেকে 27 taka, DAP 90 taka থেকে 21 taka এবং MOP 70 taka থেকে 20 taka করা হয়।",CodeMix,"Sheikh Hasina সরকারের success: কৃষকবান্ধব government fertilizer এর মূল্য কমিয়ে TSP 80 taka থেকে 27 taka, DAP 90 taka থেকে 21 taka এবং MOP 70 taka থেকে 20 taka করা হয়।",False,False
promo,"Daraz Gadget Fair! স্মার্টওয়াচ, হেডফোন ও ট্যাবলেটে ৫০% ছাড়।",Bengali,"Daraz Gadget Fair! স্মার্টওয়াচ, হেডফোন ও ট্যাবলেটে ৫০% ছাড়।",False,False
promo,"৳১০০ cashback-এ prolevel deal-১০০জিবি@৳৬৯৮,৩০দিন cutt.ly/AwQzYxAf",CodeMix,"৳১০০ cashback-এ prolevel deal-১০০জিবি@৳৬৯৮,৩০দিন cutt.ly/AwQzYxAf",False,False
promo,"Save your pocket with Data Mixer, get 10GB@TK249, 30 days: cutt.ly/owARsARN",English,"Save your pocket with Data Mixer, get 10GB@TK249, 30 days: cutt.ly/owARsARN",False,False
promo,"১২৫TK cashback! ৬১GB+১০০০min@৭৭৪TK, ৩০days: cutt.ly/8wBQC0MC",CodeMix,"১২৫TK cashback! ৬১GB+১০০০min@৭৭৪TK, ৩০days: cutt.ly/8wBQC0MC",False,False
promo,"TK 50 cashback এ pro-level data deal 50GB@TK 448,30 days cutt.ly/nwMwL8Y1",CodeMix,"TK 50 cashback এ pro-level data deal 50GB@TK 448,30 days cutt.ly/nwMwL8Y1",False,False
promo,Walton refrigerator 50% discount! Only 3 days left. Visit showroom or call 16263.,Banglish,Walton refrigerator 50% discount! Only 3 days left. Visit showroom or call 16263.,False,False
promo,"April-24
Recharge:0TK
Khoroch:
Data:19TK
Voice:66TK
Onnanno:0TK",Banglish,April-24 Recharge:0TK Khoroch: Data:19TK Voice:66TK Onnanno:0TK,False,False
promo,April-এ 5GB data use করে May মাসে পাবে lowest call rate- cutt.ly/0AA4sic,CodeMix,April-এ 5GB data use করে May মাসে পাবে lowest call rate- cutt.ly/0AA4sic,False,False
promo,Shwapno grocery fest: Buy 5kg rice and get 1kg sugar free. Offer valid across all Shwapno outlets this weekend. Groceries khub easily order korte parben app theke.,Banglish,Shwapno grocery fest: Buy 5kg rice and get 1kg sugar free. Offer valid across all Shwapno outlets this weekend. Groceries khub easily order korte parben app theke.,False,False
promo,"“Mugda, Sobujbag, Shahjahanpur, Khilgaon, Rampura, Motijhil, Paltan, Badda, Hatirjhil thanar e-passport sheba agami 07 May 2023 Khri: theke ancholik passport office, Dhaka Purbo (Aftabnagar) hote dewa hobe”.",Banglish,"“Mugda, Sobujbag, Shahjahanpur, Khilgaon, Rampura, Motijhil, Paltan, Badda, Hatirjhil thanar e-passport sheba agami 07 May 2023 Khri: theke ancholik passport office, Dhaka Purbo (Aftabnagar) hote dewa hobe”.",False,False
promo,Eid উপলক্ষে Daraz এ huge sale! Get up to 70% off on electronics and fashion। এখনই shop করুন!,CodeMix,Eid উপলক্ষে Daraz এ huge sale! Get up to 70% off on electronics and fashion। এখনই shop করুন!,False,False
promo,BTRC'r database-e handset ti nibandhito noy. Handset ti shoyongkriyobhabe nibondhon kora hobe.,Banglish,BTRC'r database-e handset ti nibandhito noy. Handset ti shoyongkriyobhabe nibondhon kora hobe.,False,False
promo,"35GB+800mins-600TK-30days (with bonus), get *121*5262# or mygp.li/a8",English,"35GB+800mins-600TK-30days (with bonus), get *121*5262# or mygp.li/a8",False,False
promo,Robi গ্রাহকদের জন্য ডেটা বোনাস: ২০০ টাকা রিচার্জে ২ জিবি ফ্রি। অফার সীমিত সময়ের জন্য।,Bengali,Robi গ্রাহকদের জন্য ডেটা বোনাস: ২০০ টাকা রিচার্জে ২ জিবি ফ্রি। অফার সীমিত সময়ের জন্য।,False,False
promo,Pathao ride free first 5 trips! Promo code: WELCOME2023,Banglish,Pathao ride free first 5 trips! Promo code: WELCOME2023,False,False
promo,"Double century cashback TK200! 61GB+1000min@TK699, 30 days cutt.ly/FwQhpKHc",English,"Double century cashback TK200! 61GB+1000min@TK699, 30 days cutt.ly/FwQhpKHc",False,False
promo,"Robi গ্রাহকগণ, ১০০ টাকার রিচার্জে পাচ্ছেন ২০ মিনিট কথা বলার বোনাস। অফার শেষ হবে আজ রাতেই।",Bengali,"Robi গ্রাহকগণ, ১০০ টাকার রিচার্জে পাচ্ছেন ২০ মিনিট কথা বলার বোনাস। অফার শেষ হবে আজ রাতেই।",False,False
promo,TK60 cashback! 20GB @ TK249 30 days take it: cutt.ly/Pwlt8cOy,English,TK60 cashback! 20GB @ TK249 30 days take it: cutt.ly/Pwlt8cOy,False,False
promo,"২০০৳ ক্যাশব্যাক!৬০জিবি+১০০০মিনিট @৬৯৯৳ ৩০দিন,নিয়ে নাও- cutt.ly/aAhiAsI",Bengali,"২০০৳ ক্যাশব্যাক!৬০জিবি+১০০০মিনিট @৬৯৯৳ ৩০দিন,নিয়ে নাও- cutt.ly/aAhiAsI",False,False
promo,GP Music App সাবস্ক্রিপশন মাত্র ২০ টাকা প্রতি সপ্তাহে। আপনার প্রিয় গান শুনুন অফলাইনে। সক্রিয় করতে ডায়াল করুন *121*5*1#।,Bengali,GP Music App সাবস্ক্রিপশন মাত্র ২০ টাকা প্রতি সপ্তাহে। আপনার প্রিয় গান শুনুন অফলাইনে। সক্রিয় করতে ডায়াল করুন *121*5*1#।,False,False
promo,"Sheikh Hasina Government's Success:
On the instruction of Hon'ble Prime Minister Sheikh Hasina, the government has built houses with land for 13 lakh homeless families so far. As a result, the fate of about 50 lakh helpless people has changed.",English,"Sheikh Hasina Government's Success: On the instruction of Hon'ble Prime Minister Sheikh Hasina, the government has built houses with land for 13 lakh homeless families so far. As a result, the fate of about 50 lakh helpless people has changed.",False,False
promo,"১৮০৳ ক্যাশব্যাকে সেরা অফার ৬১জিবি+১০০০মি@ ৳৭১৯,৩০দিন: cutt.ly/wwE5YMXC",Bengali,"১৮০৳ ক্যাশব্যাকে সেরা অফার ৬১জিবি+১০০০মি@ ৳৭১৯,৩০দিন: cutt.ly/wwE5YMXC",False,False
promo,"Samsung Galaxy phones starting from 15,000TK at Electronics Bazar!",English,"Samsung Galaxy phones starting from 15,000TK at Electronics Bazar!",False,False
promo,"Mega Summer Sale: সব t-shirts, jeans এবং shoes ২৫% discount। Shop online অথবা nearest store visit করুন",CodeMix,"Mega Summer Sale: সব t-shirts, jeans এবং shoes ২৫% discount। Shop online অথবা nearest store visit করুন",False,False
promo,Walton smart appliance কিনলে gift voucher পাবেন। Order করুন আজই!,CodeMix,Walton smart appliance কিনলে gift voucher পাবেন। Order করুন আজই!,False,False
promo,"৳30 cashback-এ এবার আরো বেশি data 50GB@৳468, 30দিন cutt.ly/QwE5OlXt",CodeMix,"৳30 cashback-এ এবার আরো বেশি data 50GB@৳468, 30দিন cutt.ly/QwE5OlXt",False,False
promo,amader product-e discount cholche. bistarito jante ei namber-e jogajog korun: 01789654321.,Banglish,amader product-e discount cholche. bistarito jante ei namber-e jogajog korun: [PHONE] .,False,True
promo,"Hatil furniture showroom bedroom, dining, living room sets 40% off!",English,"Hatil furniture showroom bedroom, dining, living room sets 40% off!",False,False
promo,Apex Footwear Eid collection! Designer shoes and sandals up to 45% discount. All showrooms open!,English,Apex Footwear Eid collection! Designer shoes and sandals up to 45% discount. All showrooms open!,False,False
promo,"Meghna Group petrochemical products sale! Industrial chemicals, lubricants 20% discount. Quality assured!",English,"Meghna Group petrochemical products sale! Industrial chemicals, lubricants 20% discount. Quality assured!",False,False
promo,"৳৩০ ক্যাশব্যাকে প্রো-লেভেল ডাটা ডিল-২২জিবি@৳১৬৭,৭দিন cutt.ly/7w9OKeZ2",Bengali,"৳৩০ ক্যাশব্যাকে প্রো-লেভেল ডাটা ডিল-২২জিবি@৳১৬৭,৭দিন cutt.ly/7w9OKeZ2",False,False
promo,"TK100 cashback! 30GB+500min @TK399 30 days, get it: cutt.ly/AwkY4L2C",English,"TK100 cashback! 30GB+500min @TK399 30 days, get it: cutt.ly/AwkY4L2C",False,False
promo,"Sheikh Hasina government's success:
২০০৮ সালে mobile handset production ছিল 0%, এখন দেশের ১৫টি factory থেকে demand-এর ৯৭% পূরণ হচ্ছে।",CodeMix,"Sheikh Hasina government's success: ২০০৮ সালে mobile handset production ছিল 0%, এখন দেশের ১৫টি factory থেকে demand-এর ৯৭% পূরণ হচ্ছে।",False,False
promo,PHP Family restaurant buffet! Unlimited Bengali cuisine 599 TK per person. Book table: 01711223344!,English,PHP Family restaurant buffet! Unlimited Bengali cuisine 599 TK per person. Book table: [PHONE] !,False,True
promo,এয়ারটেলে বিশেষ প্যাকেজ! ৩০দিন আনলিমিটেড ইন্টারনেট মাত্র ৫৯৯ টাকা।,Bengali,এয়ারটেলে বিশেষ প্যাকেজ! ৩০দিন আনলিমিটেড ইন্টারনেট মাত্র ৫৯৯ টাকা।,False,False
promo,"Pran Dairy milk products home delivery! Fresh milk, yogurt, cheese delivered daily. Call 16456 now!",English,"Pran Dairy milk products home delivery! Fresh milk, yogurt, cheese delivered daily. Call 16456 now!",False,False
promo,"5GB+150mins 130TK (30days), Dial *121*5205# or https://mygp.li/a0",English,"5GB+150mins 130TK (30days), Dial *121*5205# or [URL]",True,False
promo,"নতুন বছরের মেগা সেল এসেছে বসুন্ধরা সিটি শপিং মলে! জানুয়ারি মাসব্যাপী চলবে এই বিশাল সেল যেখানে ফ্যাশন থেকে ইলেকট্রনিক্স, কসমেটিকস থেকে হোম অ্যাপ্লায়েন্স - সব কিছুতেই পাবেন ৫০-৮০% পর্যন্ত ছাড়। বিশেষ আকর্ষণ হলো উইকএন্ডে ফ্ল্যাশ সেল যেখানে প্রতিদিন ১০০টি আইটেম থাকবে ৯০% ছাড়ে। প্রতিদিন সকাল ১০টা থেকে রাত ১০টা পর্যন্ত খোলা। ৫০০০ টাকার উপরে কেনাকাটায় ফ্রি ভ্যালেট পার্কিং। সাথে থাকছে বিশেষ লটারি - জিতুন গাড়ি, বাইক এবং অন্যান্য আকর্ষণীয় পুরস্কার।",Bengali,"নতুন বছরের মেগা সেল এসেছে বসুন্ধরা সিটি শপিং মলে! জানুয়ারি মাসব্যাপী চলবে এই বিশাল সেল যেখানে ফ্যাশন থেকে ইলেকট্রনিক্স, কসমেটিকস থেকে হোম অ্যাপ্লায়েন্স - সব কিছুতেই পাবেন ৫০-৮০% পর্যন্ত ছাড়। বিশেষ আকর্ষণ হলো উইকএন্ডে ফ্ল্যাশ সেল যেখানে প্রতিদিন ১০০টি আইটেম থাকবে ৯০% ছাড়ে। প্রতিদিন সকাল ১০টা থেকে রাত ১০টা পর্যন্ত খোলা। ৫০০০ টাকার উপরে কেনাকাটায় ফ্রি ভ্যালেট পার্কিং। সাথে থাকছে বিশেষ লটারি - জিতুন গাড়ি, বাইক এবং অন্যান্য আকর্ষণীয় পুরস্কার।",False,False
promo,"ইন্টারনেটিংয়ে পকেট সেভিং, নাও ১০জিবি@৳১৫৮, ৭দিন: cutt.ly/FwUC6vhp",Bengali,"ইন্টারনেটিংয়ে পকেট সেভিং, নাও ১০জিবি@৳১৫৮, ৭দিন: cutt.ly/FwUC6vhp",False,False
promo,"Success of Sheikh Hasina Government:
In 2006, the number of people receiving interest-free micro-credit assistance under the rural social service program was 21 lakh 77 thousand. During the current government, it stands at 34 lakh 90 thousand.",English,"Success of Sheikh Hasina Government: In 2006, the number of people receiving interest-free micro-credit assistance under the rural social service program was 21 lakh 77 thousand. During the current government, it stands at 34 lakh 90 thousand.",False,False
promo,"For system improvement, mobile recharge through digital channels including Nagad, Upay, SSL Commerce will be suspended from 11:59 PM on May 8 to 6 AM on May 9. However, recharge can be done through MyGP app during this time.",English,"For system improvement, mobile recharge through digital channels including Nagad, Upay, SSL Commerce will be suspended from 11:59 PM on May 8 to 6 AM on May 9. However, recharge can be done through MyGP app during this time.",False,False
promo,নতুন লাইফস্টাইল প্রোডাক্টে ২৫% ছাড়! স্টক শেষ হওয়ার আগে সুযোগ নিন।,Bengali,নতুন লাইফস্টাইল প্রোডাক্টে ২৫% ছাড়! স্টক শেষ হওয়ার আগে সুযোগ নিন।,False,False
promo,"GP FlexiPlan-এ আজ সব প্যাক ৩০% ডিসকাউন্ট। নিজের মত করে বানান মিনিট, এসএমএস ও ডেটা। অফার সীমিত।",Bengali,"GP FlexiPlan-এ আজ সব প্যাক ৩০% ডিসকাউন্ট। নিজের মত করে বানান মিনিট, এসএমএস ও ডেটা। অফার সীমিত।",False,False
promo,"সিস্টেমের development এর জন্য ৮মে রাত ১১:৫৯ থেকে ৯মে সকাল ৬টা পর্যন্ত নগদ,উপায়,এসএসএল কমার্স সহ কিছু digital channel দিয়ে মোবাইল recharge বন্ধ থাকবে। তবে এই সময় মাইজিপি app থেকে recharge করা যাবে।",CodeMix,"সিস্টেমের development এর জন্য ৮মে রাত ১১:৫৯ থেকে ৯মে সকাল ৬টা পর্যন্ত নগদ,উপায়,এসএসএল কমার্স সহ কিছু digital channel দিয়ে মোবাইল recharge বন্ধ থাকবে। তবে এই সময় মাইজিপি app থেকে recharge করা যাবে।",False,False
promo,"Singer Plus home appliances rental! Refrigerator, TV, AC monthly rental starting 2500 TK. No down payment!",English,"Singer Plus home appliances rental! Refrigerator, TV, AC monthly rental starting 2500 TK. No down payment!",False,False
promo,"Special gift for you, 60 paisa/minute call rate, take: cutt.ly/qwnfrXbV",English,"Special gift for you, 60 paisa/minute call rate, take: cutt.ly/qwnfrXbV",False,False
promo,"Internetkine-e pocket saving, nao 10GB@TK158,7din: cutt.ly/FwUC6vhp",Banglish,"Internetkine-e pocket saving, nao 10GB@TK158,7din: cutt.ly/FwUC6vhp",False,False
promo,"25 TK cashback e abar o beshi data 50GB@473TK,30din cutt.ly/zwTmxzpd",Banglish,"25 TK cashback e abar o beshi data 50GB@473TK,30din cutt.ly/zwTmxzpd",False,False
promo,সব ডিভিডিতে ১০% ছাড়। অফারটি সীমিত সময়ের জন্য।,Bengali,সব ডিভিডিতে ১০% ছাড়। অফারটি সীমিত সময়ের জন্য।,False,False
promo,Robi app এ special offer: recharge করলে ১৫% extra credit। Hurry!,CodeMix,Robi app এ special offer: recharge করলে ১৫% extra credit। Hurry!,False,False
promo,Bonus offer: 3GB-60TK-3days. Dial *121*5699# or https://mygp.li/mo,English,Bonus offer: 3GB-60TK-3days. Dial *121*5699# or [URL],True,False
promo,DBBL online bill pay করুন এবং loyalty points পান। Register now এবং future bills এ redeem করুন,CodeMix,DBBL online bill pay করুন এবং loyalty points পান। Register now এবং future bills এ redeem করুন,False,False
promo,"আজকের অফার: সব জুয়েলারিতে ১৫% ছাড়। স্টক সীমিত, এখনই কিনুন!",Bengali,"আজকের অফার: সব জুয়েলারিতে ১৫% ছাড়। স্টক সীমিত, এখনই কিনুন!",False,False
promo,ভ্রমণ প্যাকেজে ২০% ছাড়! বুকিং করতে আজই যোগাযোগ করুন।,Bengali,ভ্রমণ প্যাকেজে ২০% ছাড়! বুকিং করতে আজই যোগাযোগ করুন।,False,False
promo,"Computer Source laptop clearance sale: Dell, HP, Lenovo massive discounts!",English,"Computer Source laptop clearance sale: Dell, HP, Lenovo massive discounts!",False,False
promo,"সর্বজনীন pension scheme-এ নিবন্ধন করুন; উন্নত ও কল্যাণ রাষ্ট্র গঠনে অবদান রাখুন-জাতীয় pension কর্তৃপক্ষ।""",CodeMix,"সর্বজনীন pension scheme-এ নিবন্ধন করুন; উন্নত ও কল্যাণ রাষ্ট্র গঠনে অবদান রাখুন-জাতীয় pension কর্তৃপক্ষ।""",False,False
promo,"Shwapno Weekly Saver: Grocery packs e buy 2 get 1 free. Offer valid across all outlets and online orders. Hurry, stock limited!",Banglish,"Shwapno Weekly Saver: Grocery packs e buy 2 get 1 free. Offer valid across all outlets and online orders. Hurry, stock limited!",False,False
promo,Sundarban Courier অনলাইন বুকিং-এ ২০% ছাড়। এখনই চেষ্টা করুন।,Bengali,Sundarban Courier অনলাইন বুকিং-এ ২০% ছাড়। এখনই চেষ্টা করুন।,False,False
promo,Ajkei shesh TK100 cashback! 50GB @TK398 30din: cutt.ly/hwltB5hC,Banglish,Ajkei shesh TK100 cashback! 50GB @TK398 30din: cutt.ly/hwltB5hC,False,False
promo,Buy a new mobile and get 1000 TK cashback! Trade in today.,English,Buy a new mobile and get 1000 TK cashback! Trade in today.,False,False
promo,Lotto Lee Cooper Chance to win BMW with cash payment 10% cashback on Bkash Shop,English,Lotto Lee Cooper Chance to win BMW with cash payment 10% cashback on Bkash Shop,False,False
promo,"Grameenphone Flexiplan-এ আজ সব প্যাকে ২৫% ডিসকাউন্ট। নিজের পছন্দমত মিনিট, এসএমএস ও ডেটা বানান এখনই।",Bengali,"Grameenphone Flexiplan-এ আজ সব প্যাকে ২৫% ডিসকাউন্ট। নিজের পছন্দমত মিনিট, এসএমএস ও ডেটা বানান এখনই।",False,False
promo,"Daraz এ চলছে mega sale! সব products এ huge discounts. আজই shop করুন, offer শেষ হচ্ছে।",CodeMix,"Daraz এ চলছে mega sale! সব products এ huge discounts. আজই shop করুন, offer শেষ হচ্ছে।",False,False
promo,Walton smart appliance কিনলে gift voucher পাবেন TK 800। Order করুন আজই!,CodeMix,Walton smart appliance কিনলে gift voucher পাবেন TK 800। Order করুন আজই!,False,False
promo,Sundarban Courier এখন অনলাইন বুকিং এ ১০% ছাড় দিচ্ছে। আজই চেষ্টা করুন।,Bengali,Sundarban Courier এখন অনলাইন বুকিং এ ১০% ছাড় দিচ্ছে। আজই চেষ্টা করুন।,False,False
promo,Yellow cab flat 50% off on all rides today! Use app code: YELLOW50. Book now and save big!,English,Yellow cab flat 50% off on all rides today! Use app code: YELLOW50. Book now and save big!,False,False
promo,Singer washing machine 20000TK discount! Zero percent EMI. Hotline: 09666777888,Banglish,Singer washing machine 200TK discount! Zero percent EMI. Hotline: [PHONE],False,True
promo,Pizza Hut family feast: Large pizza + garlic bread + drinks 899TK!,English,Pizza Hut family feast: Large pizza + garlic bread + drinks 899TK!,False,False
promo,"১৭ই মে, ২০২৪ বিশ্ব টেলিযোগাযোগ ও তথ্য সংঘ দিবস (WTISD) উপলক্ষ্যে অনলাইন রচনা প্রতিযোগিতা আয়োজন করা হয়েছে। অংশ গ্রহণ করতে ক্লিক করুনঃ https://bit.ly/wtisd24",Bengali,"১৭ই মে, ২০২৪ বিশ্ব টেলিযোগাযোগ ও তথ্য সংঘ দিবস (WTISD) উপলক্ষ্যে অনলাইন রচনা প্রতিযোগিতা আয়োজন করা হয়েছে। অংশ গ্রহণ করতে ক্লিক করুনঃ [URL]",True,False
promo,"TK35 cashback, now even more data 50GB@TK463,30 days cutt.ly/HwOETkke",English,"TK35 cashback, now even more data 50GB@TK463,30 days cutt.ly/HwOETkke",False,False
promo,Smart mobile phone-এ display করে e-driving license ব্যবহার করা যাবে।-BRTA,CodeMix,Smart mobile phone-এ display করে e-driving license ব্যবহার করা যাবে।-BRTA,False,False
promo,Sultan Dines grand opening! buy 1 get 1 free. Uttara. Book now: 01762948371!,English,Sultan Dines grand opening! buy 1 get 1 free. Uttara. Book now: [PHONE] !,False,True
promo,Flat 50% discount on today's grand opening of Dhanmondi branch! 01896001929 cutt.ly/fmw,English,Flat 50% discount on today's grand opening of Dhanmondi branch! [PHONE] cutt.ly/fmw,False,True
promo,Uber Eats free delivery on all orders above 500 TK! Use code: FREEDEL. Order your favorite food now!,English,Uber Eats free delivery on all orders above 500 TK! Use code: FREEDEL. Order your favorite food now!,False,False
promo,"১৫০৳ ক্যাশব্যাকে নাও ডাটা মিক্সার ৮০জিবি@৳৬৯৯,৩০দিন: cutt.ly/lwMwLrfw",Bengali,"১৫০৳ ক্যাশব্যাকে নাও ডাটা মিক্সার ৮০জিবি@৳৬৯৯,৩০দিন: cutt.ly/lwMwLrfw",False,False
promo,Free delivery on all orders. For limited time.,English,Free delivery on all orders. For limited time.,False,False
promo,"Amar takay amar shetu,Bangladesh er Padma shetu.Ekta shopner ummochon. 25 June manoniyo prodhanmontri shopner Padma shetu shubho udbodhon korben.Chokh rakhun,BTV,shokal 10 tay. Bangladesh shetu kortripokho, shetu bibhag.",Banglish,"Amar takay amar shetu,Bangladesh er Padma shetu.Ekta shopner ummochon. 25 June manoniyo prodhanmontri shopner Padma shetu shubho udbodhon korben.Chokh rakhun,BTV,shokal 10 tay. Bangladesh shetu kortripokho, shetu bibhag.",False,False
promo,"November-২৩
Recharge:0৳
Cost:
Data:38৳
Voice:57৳
Others:0৳",CodeMix,November-২৩ Recharge:0৳ Cost: Data:38৳ Voice:57৳ Others:0৳,False,False
promo,GP Music Fest: Enjoy unlimited Bangla gaan streaming 7 days only 49TK. Dial *121*49# to subscribe.,Banglish,GP Music Fest: Enjoy unlimited Bangla gaan streaming 7 days only 49TK. Dial *121*49# to subscribe.,False,False
promo,"মানবাধিকার দিবস-২০২৩
এবারের theme সবার জন্য freedom, সমতা এবং justice। জাতীয় মানবাধিকার commission।",CodeMix,"মানবাধিকার দিবস-২০২৩ এবারের theme সবার জন্য freedom, সমতা এবং justice। জাতীয় মানবাধিকার commission।",False,False
promo,Mega furniture sale! 15-30% discount on all products. Visit today.,English,Mega furniture sale! 15-30% discount on all products. Visit today.,False,False
promo,"Burger Lab Dhaka: Double cheese burger + fries combo only 299TK. Order via Foodpanda, free delivery for Gulshan.",Banglish,"Burger Lab Dhaka: Double cheese burger + fries combo only 299TK. Order via Foodpanda, free delivery for Gulshan.",False,False
promo,"আড্ডা+ইন্টারনেটিংয়ে নতুন ডিল ১০জিবি+২৫০মি@২৫৮৳,৩০দিন cutt.ly/wwCctHGF",Bengali,"আড্ডা+ইন্টারনেটিংয়ে নতুন ডিল ১০জিবি+২৫০মি@২৫৮৳,৩০দিন cutt.ly/wwCctHGF",False,False
promo,দারাজে মেগা সেল! সকল পণ্যে ৫০% পর্যন্ত ছাড়। আজই কিনুন!,Bengali,দারাজে মেগা সেল! সকল পণ্যে ৫০% পর্যন্ত ছাড়। আজই কিনুন!,False,False
promo,Easy Bike ride sharing! First 10 rides free for new users. Download app and explore the city!,English,Easy Bike ride sharing! First 10 rides free for new users. Download app and explore the city!,False,False
promo,"১৩০টাকায় ১৫০মিনিট(৩০দিন) সাথে বোনাস,নিতে*১২১*৫২০৫#  https://mygp.li/a0",Bengali,"১৩০টাকায় ১৫০মিনিট(৩০দিন) সাথে বোনাস,নিতে*১২১*৫২০৫# [URL]",True,False
promo,GP Bondho SIM offer! Reactivate kore peye jaan 5GB free data.,Banglish,GP Bondho SIM offer! Reactivate kore peye jaan 5GB free data.,False,False
promo,Balance low? Get up to 200TK GP emergency balance by dialing *9#,English,Balance low? Get up to 200TK GP emergency balance by dialing *9#,False,False
promo,Kacchi Bhai grand opening! 50% off all items. Gulshan. Book now: 01734829576!,English,Kacchi Bhai grand opening! 50% off all items. Gulshan. Book now: [PHONE] !,False,True
promo,Restaurant-এ খাওয়ার উপর ১৫% ছাড়! offer-টি সীমিত সময়ের জন্য। আজই আসুন!,CodeMix,Restaurant-এ খাওয়ার উপর ১৫% ছাড়! offer-টি সীমিত সময়ের জন্য। আজই আসুন!,False,False
promo,"Grammenphone এর minute offer এখন আরো attractive! ২৭ minute ২৪ hours, নিতে recharge বা bKash করুন ১৯ TK।",CodeMix,"Grammenphone এর minute offer এখন আরো attractive! ২৭ minute ২৪ hours, নিতে recharge বা bKash করুন ১৯ TK।",False,False
promo,GP bondho SIM campaign: Reactivate your GP bondho SIM and get 7GB free data instantly. Just recharge 48TK to enjoy this exciting offer.,Banglish,GP bondho SIM campaign: Reactivate your GP bondho SIM and get 7GB free data instantly. Just recharge 48TK to enjoy this exciting offer.,False,False
promo,Robi থেকে exclusive offer! Recharge করুন TK 100 এবং পাবেন extra talktime. আজই activate করুন।,CodeMix,Robi থেকে exclusive offer! Recharge করুন TK 100 এবং পাবেন extra talktime. আজই activate করুন।,False,False
promo,"125Tk cashback e shorbo offer 61GB+1000min@774Tk, 30din: cutt.ly/8wBQC0MC",Banglish,"125Tk cashback e shorbo offer 61GB+1000min@774Tk, 30din: cutt.ly/8wBQC0MC",False,False
promo,Shob bachchader khelonay 20% discount. aaj e kinun!,Banglish,Shob bachchader khelonay 20% discount. aaj e kinun!,False,False
promo,Bata shoe festival! All footwear 40% off. Additional 10% discount with mobile banking payment!,English,Bata shoe festival! All footwear 40% off. Additional 10% discount with mobile banking payment!,False,False
promo,Uber Eats: First order discount 60% up to 200TK. Use code UBEREATS60. Valid till 10 Sept.,Banglish,Uber Eats: First order discount 60% up to 200TK. Use code UBEREATS60. Valid till 10 Sept.,False,False
promo,"Grameenphone er minute offer ekhon aro akorshonio! 27 minute 24 ghonta, nite recharge ba bikash korun 19 taka.",Banglish,"Grameenphone er minute offer ekhon aro akorshonio! 27 minute 24 ghonta, nite recharge ba bikash korun 19 taka.",False,False
promo,"Century in cashback TK 100! 55GB @TK 398, 30 days: cutt.ly/hwltB5hC",English,"Century in cashback TK 100! 55GB @TK 398, 30 days: cutt.ly/hwltB5hC",False,False
promo,"তোমার জন্য special deal 4GB+80min@87৳, 7দিন: cutt.ly/Iw0edGlt",CodeMix,"তোমার জন্য special deal 4GB+80min@87৳, 7দিন: cutt.ly/Iw0edGlt",False,False
promo,"Passport o visa shongkranto tothyo pete passport batayane desh theke 16445 number e o bidesh theke 09666716445 number e phone korun. 
Passport o visa pete shorkar kortrrik nirdhharito fee byotit kono ortho lendenkarok korben na.",Banglish,Passport o visa shongkranto tothyo pete passport batayane desh theke 16445 number e o bidesh theke [PHONE] number e phone korun. Passport o visa pete shorkar kortrrik nirdhharito fee byotit kono ortho lendenkarok korben na.,False,True
promo,"Purbachal shonglognno Navana'r 3,5 o 10 kathar plot kinun – 01847-214019",Banglish,"Purbachal shonglognno Navana'r 3,5 o 10 kathar plot kinun – [PHONE]",False,True
promo,GP exclusive offer: Unlimited YouTube pack 89TK only for 7 days! Amar GP app theke activate korun or dial *121*89#. Video streaming unlimited enjoy korun. Ei offer shesh hoye jabe 7th Sept e.,Banglish,GP exclusive offer: Unlimited YouTube pack 89TK only for 7 days! Amar GP app theke activate korun or dial *121*89#. Video streaming unlimited enjoy korun. Ei offer shesh hoye jabe 7th Sept e.,False,False
promo,McDonald's McAloo Tikki burger combo meal just 249TK this week!,English,McDonald's McAloo Tikki burger combo meal just 249TK this week!,False,False
promo,Boro discount! Shiter poshake 30% chhar. Ajei visit korun amader store-e!,Banglish,Boro discount! Shiter poshake 30% chhar. Ajei visit korun amader store-e!,False,False
promo,"Applications are being invited online for the 'Sheikh Russel Award' from Bangladeshi children under 18 years and related institutions. Application deadline is May 20, 2023. Details: www.award.sheikhrussel.gov.bd",English,"Applications are being invited online for the 'Sheikh Russel Award' from Bangladeshi children under 18 years and related institutions. Application deadline is May 20, 2023. Details: [URL]",True,False
promo,Online shopping e 25% cashback! Code: SHOP25. Deri na kore ekhonii shopping korun.,Banglish,Online shopping e 25% cashback! Code: SHOP25. Deri na kore ekhonii shopping korun.,False,False
promo,79 poisha proti minute 15din mayader call rate offer ti nite 119 taka recharge korun.,Banglish,79 poisha proti minute 15din mayader call rate offer ti nite 119 taka recharge korun.,False,False
promo,"ক্যাশব্যাকে সেঞ্চুরি ৳১০০! ৩০জিবি+৫০০মি. @৳৩৯৯,৩০দিন: cutt.ly/AwkY4L2C",Bengali,"ক্যাশব্যাকে সেঞ্চুরি ৳১০০! ৩০জিবি+৫০০মি. @৳৩৯৯,৩০দিন: cutt.ly/AwkY4L2C",False,False
promo,Pathao Rides: This week 50% discount up to 80TK on first 3 bike rides. Use promo code BIKE50 now.,Banglish,Pathao Rides: This week 50% discount up to 80TK on first 3 bike rides. Use promo code BIKE50 now.,False,False
promo,15% discount on fitness equipment! Order today.,English,15% discount on fitness equipment! Order today.,False,False
promo,bKash app এ skitto deals এ ৩০TK পর্যন্ত cashback cutt.ly/8HBaVWF,CodeMix,bKash app এ skitto deals এ ৩০TK পর্যন্ত cashback cutt.ly/8HBaVWF,False,False
promo,নতুন mobile কিনুন এবং ১০০০ TK cashback পান! আজই trade-in করুন।,CodeMix,নতুন mobile কিনুন এবং ১০০০ TK cashback পান! আজই trade-in করুন।,False,False
promo,"November-23
Recharge:0TK
Khoroch:
Data:38TK
Voice:57TK
Onnanno:0TK",Banglish,November-23 Recharge:0TK Khoroch: Data:38TK Voice:57TK Onnanno:0TK,False,False
promo,"June 5 World Environment Day 2023. This year's theme: Let's all join in solving plastic pollution. This year's slogan: Let's all pledge together, plastic pollution will stop. - Ministry of Environment, Forest and Climate Change.",English,"June 5 World Environment Day 2023. This year's theme: Let's all join in solving plastic pollution. This year's slogan: Let's all pledge together, plastic pollution will stop. - Ministry of Environment, Forest and Climate Change.",False,False
promo,Best offer! 5GB with bonus-50 taka-3 days. Dial *121*5650# or mygp.li/my,English,Best offer! 5GB with bonus-50 taka-3 days. Dial *121*5650# or mygp.li/my,False,False
promo,"Akij Food beverage factory outlet! Soft drinks, snacks 40% off. Perfect for parties and events!",English,"Akij Food beverage factory outlet! Soft drinks, snacks 40% off. Perfect for parties and events!",False,False
promo,"TK২০০ cashback শুধুমাত্র আজকের জন্য- ৬১GB+১০০০মি@TK৬৯৯,৩০দিন: cutt.ly/FwQhpKHc",CodeMix,"TK২০০ cashback শুধুমাত্র আজকের জন্য- ৬১GB+১০০০মি@TK৬৯৯,৩০দিন: cutt.ly/FwQhpKHc",False,False
promo,Notun client der jonno special offer! Amader service e 20% chhar.,Banglish,Notun client der jonno special offer! Amader service e 20% chhar.,False,False
promo,"Banglalink গ্রাহক, ১০০ টাকার রিচার্জে ২৫ মিনিট ফ্রি।",Bengali,"Banglalink গ্রাহক, ১০০ টাকার রিচার্জে ২৫ মিনিট ফ্রি।",False,False
promo,"Robi Music Pack মাত্র ২৫ টাকা, বৈধতা ৭ দিন। সক্রিয় করতে *123*25#।",Bengali,"Robi Music Pack মাত্র ২৫ টাকা, বৈধতা ৭ দিন। সক্রিয় করতে *123*25#।",False,False
promo,Airtel user এর জন্য special discount offer চলছে। Avail করুন online!,CodeMix,Airtel user এর জন্য special discount offer চলছে। Avail করুন online!,False,False
promo,Yellow summer sale! All accessories up to 35% discount. Limited time!,English,Yellow summer sale! All accessories up to 35% discount. Limited time!,False,False
promo,Robi eShop-এ মোবাইল কিনলে সঙ্গে পাচ্ছেন ফ্রি ইয়ারফোন। অফার সীমিত স্টকে।,Bengali,Robi eShop-এ মোবাইল কিনলে সঙ্গে পাচ্ছেন ফ্রি ইয়ারফোন। অফার সীমিত স্টকে।,False,False
promo,শপে বিশেষ ছাড়! জুতা ও ব্যাগে ৪০% পর্যন্ত কমতি। সীমিত সময়।,Bengali,শপে বিশেষ ছাড়! জুতা ও ব্যাগে ৪০% পর্যন্ত কমতি। সীমিত সময়।,False,False
promo,Buy 2 get 1 free on all Kazi Nazrul items at Aarong this weekend only!,English,Buy 2 get 1 free on all Kazi Nazrul items at Aarong this weekend only!,False,False
promo,Chaldal Grocery: Order 1200TK+ get 200TK cashback using Nagad. Free home delivery within Dhaka same day.,Banglish,Chaldal Grocery: Order 1200TK+ get 200TK cashback using Nagad. Free home delivery within Dhaka same day.,False,False
promo,Fresh fish and meat home delivery! Kazi Farms Kitchen delivers in 3 hours. Order: 09666701010,English,Fresh fish and meat home delivery! Kazi Farms Kitchen delivers in 3 hours. Order: [PHONE],False,True
promo,"স্পেশাল ডিল শেষ দিন,৩০জিবি @৩০০৳,৩০দিন! আজই নাও- cutt.ly/jwkuSC76",Bengali,"স্পেশাল ডিল শেষ দিন,৩০জিবি @৩০০৳,৩০দিন! আজই নাও- cutt.ly/jwkuSC76",False,False
promo,Up to 30% discount on your favorite brand! Offer for a limited time only.,English,Up to 30% discount on your favorite brand! Offer for a limited time only.,False,False
promo,"সিস্টেমের উন্নয়নের জন্য ৮মে রাত ১১:৫৯ থেকে ৯মে সকাল ৬টা পর্যন্ত নগদ,উপায়,এসএসএল কমার্স সহ কিছু ডিজিটাল চ্যানেল দিয়ে মোবাইল রিচার্জ বন্ধ থাকবে। তবে এই সময় মাইজিপি অ্যাপ থেকে রিচার্জ করা যাবে।",Bengali,"সিস্টেমের উন্নয়নের জন্য ৮মে রাত ১১:৫৯ থেকে ৯মে সকাল ৬টা পর্যন্ত নগদ,উপায়,এসএসএল কমার্স সহ কিছু ডিজিটাল চ্যানেল দিয়ে মোবাইল রিচার্জ বন্ধ থাকবে। তবে এই সময় মাইজিপি অ্যাপ থেকে রিচার্জ করা যাবে।",False,False
promo,"তোমার জন্য স্পেশাল ডিল!১০জিবি+২৫০মিনিট @৳২৫০,৩০দিনঃ cutt.ly/Lwg2MRlr",Bengali,"তোমার জন্য স্পেশাল ডিল!১০জিবি+২৫০মিনিট @৳২৫০,৩০দিনঃ cutt.ly/Lwg2MRlr",False,False
promo,10% discount on all DVDs. Limited time offer.,English,10% discount on all DVDs. Limited time offer.,False,False
promo,Robi customers enjoy 30 days unlimited internet at 399TK! Limited time offer.,English,Robi customers enjoy 30 days unlimited internet at 399TK! Limited time offer.,False,False
promo,"Cashback e Century TK100! 26GB+500min. @TK399,30din: cutt.ly/mwmJFpRa",Banglish,"Cashback e Century TK100! 26GB+500min. @TK399,30din: cutt.ly/mwmJFpRa",False,False
promo,Citycell এ top-up করলে ১০% extra bonus পাবেন। Don’t wait!,CodeMix,Citycell এ top-up করলে ১০% extra bonus পাবেন। Don’t wait!,False,False
promo,সবার favourite burger নিয়ে Burger King এখন Dhanmondi 27-এ। দেরি না করে attractive সব offer উপভোগ করতে চলে আসুন Burger King-এ। Home delivery পেতে call করুন 16606,CodeMix,সবার favourite burger নিয়ে Burger King এখন Dhanmondi 27-এ। দেরি না করে attractive সব offer উপভোগ করতে চলে আসুন Burger King-এ। Home delivery পেতে call করুন 16606,False,False
promo,Home appliance er upor 25% porjonto char! Offer shesh howar age sujog nin.,Banglish,Home appliance er upor 25% porjonto char! Offer shesh howar age sujog nin.,False,False
promo,"পূর্বাচল ৩০নং সেক্টর সংলগ্ন ভরাট চলমান প্লট! কাঠা ১.৬লক্ষ
01894841736",Bengali,পূর্বাচল ৩০নং সেক্টর সংলগ্ন ভরাট চলমান প্লট! কাঠা ১.৬লক্ষ [PHONE],False,True
promo,488.23MB oboshishto. Upobhog korun PayGo (6.6625Tk porjonto 5MB er jonno)| Balance jante chaile *121*1*4#| Nirdishtho packe 10% internet bonus pete visit korun mygp.li/bonus,Banglish,488.23MB oboshishto. Upobhog korun PayGo (6.6625Tk porjonto 5MB er jonno)| Balance jante chaile *121*1*4#| Nirdishtho packe 10% internet bonus pete visit korun mygp.li/bonus,False,False
promo,Borodiner shubhechha. Thakche 25% chhad 31 December porjonto. 01713199270,Banglish,Borodiner shubhechha. Thakche 25% chhad 31 December porjonto. [PHONE],False,True
promo,Online shopping-এ ২০% discount! Use code now।,CodeMix,Online shopping-এ ২০% discount! Use code now।,False,False
promo,"ফুলঅন ইন্টারনেটিংয়ে পকেট সেভিং,নাও ২জিবি@৳৬৯,৭ দিন- cutt.ly/CwUPKGTR",Bengali,"ফুলঅন ইন্টারনেটিংয়ে পকেট সেভিং,নাও ২জিবি@৳৬৯,৭ দিন- cutt.ly/CwUPKGTR",False,False
promo,Unimart online shopping fest: Fruits and vegetables e 20% discount till 18th Sept. Delivery across Dhaka free. Shop online today.,Banglish,Unimart online shopping fest: Fruits and vegetables e 20% discount till 18th Sept. Delivery across Dhaka free. Shop online today.,False,False
promo,"৳১০০ ক্যাশব্যাকে প্রোলেভেল ডিল-১০০জিবি@৳৬৯৮,৩০দিন cutt.ly/AwQzYxAf",Bengali,"৳১০০ ক্যাশব্যাকে প্রোলেভেল ডিল-১০০জিবি@৳৬৯৮,৩০দিন cutt.ly/AwQzYxAf",False,False
promo,"May-24
Recharge: 0TK
Expenses:
Data: 287TK
Voice: 101TK
Others: 0TK",English,May-24 Recharge: 0TK Expenses: Data: 287TK Voice: 101TK Others: 0TK,False,False
promo,"Bashundhara LP gas connection! Home delivery, safety guaranteed. Call 16108.",Banglish,"Bashundhara LP gas connection! Home delivery, safety guaranteed. Call 16108.",False,False
promo,ঈদ উপলক্ষে দারাজে huge sale চলছে! Get up to 70% off on electronics and fashion। এখনই shop করুন!,CodeMix,ঈদ উপলক্ষে দারাজে huge sale চলছে! Get up to 70% off on electronics and fashion। এখনই shop করুন!,False,False
promo,"Othoba.com flash sale! Electronics, fashion, home items up to 75% off. Free delivery nationwide!",English,"[URL] flash sale! Electronics, fashion, home items up to 75% off. Free delivery nationwide!",True,False
promo,"Robi App দিয়ে বিল পরিশোধে ৫% ক্যাশব্যাক, সর্বোচ্চ ১০০ টাকা।",Bengali,"Robi App দিয়ে বিল পরিশোধে ৫% ক্যাশব্যাক, সর্বোচ্চ ১০০ টাকা।",False,False
promo,"১৮ May International Museum Day। এবারের theme : ""Museum, sustainability and prosperity""। এ উপলক্ষে Bangladesh National Museum এর day-long আয়োজনে আপনি স্বাগত।",CodeMix,"১৮ May International Museum Day। এবারের theme : ""Museum, sustainability and prosperity""। এ উপলক্ষে Bangladesh National Museum এর day-long আয়োজনে আপনি স্বাগত।",False,False
promo,Banglalink ultra saver: 1 paisa/sec all operator call rate + 3GB data pack only 98TK. Valid 7 days. Dial *222*98# to activate.,Banglish,Banglalink ultra saver: 1 paisa/sec all operator call rate + 3GB data pack only 98TK. Valid 7 days. Dial *222*98# to activate.,False,False
promo,15% discount on restaurant meals! Offer for limited time. Come today!,English,15% discount on restaurant meals! Offer for limited time. Come today!,False,False
promo,Banglalink গ্রাহকদের জন্য শুক্রবার বিশেষ অফার: ৪ জিবি মাত্র ৭৯ টাকা। বৈধতা ৩ দিন।,Bengali,Banglalink গ্রাহকদের জন্য শুক্রবার বিশেষ অফার: ৪ জিবি মাত্র ৭৯ টাকা। বৈধতা ৩ দিন।,False,False
promo,Citycell recharge এ ১০% extra bonus পাবেন limited time। Don’t wait!,CodeMix,Citycell recharge এ ১০% extra bonus পাবেন limited time। Don’t wait!,False,False
promo,টেলিটক নিয়ে এসেছে দেশের সবচেয়ে সাশ্রয়ী ইন্টারনেট প্যাকেজ! আমাদের বিশেষ 'গ্রামের ইন্টারনেট' অফারে মাত্র ১৯৯ টাকায় পাবেন ১৫ জিবি হাই স্পিড ৪জি ইন্টারনেট যা ব্যবহার করতে পারবেন সম্পূর্ণ ৩০ দিন। এই প্যাকেজের বিশেষত্ব হলো গ্রামীণ এলাকাতেও ভালো স্পিড পাবেন এবং রাত ১২টা থেকে সকাল ৬টা পর্যন্ত ডেটা খরচ হবে অর্ধেক। শুধুমাত্র এই মাসের জন্য এই অফার। *১৫২*১৯৯# ডায়াল করে এখনই কিনুন।,Bengali,টেলিটক নিয়ে এসেছে দেশের সবচেয়ে সাশ্রয়ী ইন্টারনেট প্যাকেজ! আমাদের বিশেষ 'গ্রামের ইন্টারনেট' অফারে মাত্র ১৯৯ টাকায় পাবেন ১৫ জিবি হাই স্পিড ৪জি ইন্টারনেট যা ব্যবহার করতে পারবেন সম্পূর্ণ ৩০ দিন। এই প্যাকেজের বিশেষত্ব হলো গ্রামীণ এলাকাতেও ভালো স্পিড পাবেন এবং রাত ১২টা থেকে সকাল ৬টা পর্যন্ত ডেটা খরচ হবে অর্ধেক। শুধুমাত্র এই মাসের জন্য এই অফার। *১৫২*১৯৯# ডায়াল করে এখনই কিনুন।,False,False
promo,আগামী ১৩ অক্টোবর ২০২৩ দেশব্যাপী মুক্তি পাচ্ছে জাতির পিতা বঙ্গবন্ধু শেখ মুজিবুর রহমান এঁর জীবনীর উপর নির্মিত বায়োপিক চলচ্চিত্র 'মুজিব-একটি জাতির রূপকার'। চলে আসুন আপনার নিকটস্থ প্রেক্ষাগৃহে।,Bengali,আগামী ১৩ অক্টোবর ২০২৩ দেশব্যাপী মুক্তি পাচ্ছে জাতির পিতা বঙ্গবন্ধু শেখ মুজিবুর রহমান এঁর জীবনীর উপর নির্মিত বায়োপিক চলচ্চিত্র 'মুজিব-একটি জাতির রূপকার'। চলে আসুন আপনার নিকটস্থ প্রেক্ষাগৃহে।,False,False
promo,"টয়োটা গাড়িতে স্পেশাল লোন! কম সুদে, সহজ কিস্তি।",Bengali,"টয়োটা গাড়িতে স্পেশাল লোন! কম সুদে, সহজ কিস্তি।",False,False
promo,Furniture-এ mega sale! সব product-এ ১৫-৩০% discount। Visit today।,CodeMix,Furniture-এ mega sale! সব product-এ ১৫-৩০% discount। Visit today।,False,False
promo,"ইন্টারনেটিংয়ে পকেট সেভিং, নাও ১০জিবি@৳১৫৮, ৭দিন: cutt.ly/FwUC6vh",Bengali,"ইন্টারনেটিংয়ে পকেট সেভিং, নাও ১০জিবি@৳১৫৮, ৭দিন: cutt.ly/FwUC6vh",False,False
promo,Karnaphuli Gas distribution connection! New gas line installation 8500 TK. Cook with clean energy!,English,Karnaphuli Gas distribution connection! New gas line installation 8500 TK. Cook with clean energy!,False,False
promo,"Hotel Cox Today: Book 3 nights, pay for 2 + free breakfast. Call 01300011223 to reserve your room.",Banglish,"Hotel Cox Today: Book 3 nights, pay for 2 + free breakfast. Call [PHONE] to reserve your room.",False,True
promo,"৳১০০ ক্যাশব্যাক!৩০জিবি+৬০০মি. @৳৩৯৯,৩০দিন: cutt.ly/AwkY4L2C",Bengali,"৳১০০ ক্যাশব্যাক!৩০জিবি+৬০০মি. @৳৩৯৯,৩০দিন: cutt.ly/AwkY4L2C",False,False
promo,"Sheikh Hasina government-র success:
মাননীয় Prime Minister Sheikh Hasina-র instruction-এ এখন পর্যন্ত ১৩ lakh homeless family-কে land-সহ house construction করে দিয়েছে government। Result-এ fortune changed হয়ে গেছে প্রায় ৫০ lakh helpless মানুষের। 
",CodeMix,Sheikh Hasina government-র success: মাননীয় Prime Minister Sheikh Hasina-র instruction-এ এখন পর্যন্ত ১৩ lakh homeless family-কে land-সহ house construction করে দিয়েছে government। Result-এ fortune changed হয়ে গেছে প্রায় ৫০ lakh helpless মানুষের।,False,False
promo,Bonus সহ 2GB-TK 35-7 days। Dial *121*5037# বা mygp.li/mo,CodeMix,Bonus সহ 2GB-TK 35-7 days। Dial *121*5037# বা mygp.li/mo,False,False
promo,Pathao Rides saver: Daily commute er jonno enjoy 30% discount on 5 rides each week. Promo code: PATH30. Offer valid till end of month.,Banglish,Pathao Rides saver: Daily commute er jonno enjoy 30% discount on 5 rides each week. Promo code: PATH30. Offer valid till end of month.,False,False
promo,150 mins for 130TK (30 days) with bonus. Dial *121*5205# or https://mygp.li/a0,English,150 mins for 130TK (30 days) with bonus. Dial *121*5205# or [URL],True,False
promo,Purbani Hotel wedding packages! Complete arrangements starting 150000 TK. Book hall: 02-9567788!,English,Purbani Hotel wedding packages! Complete arrangements starting 1500 TK. Book hall: [PHONE] !,False,True
promo,"Chaldal grocery delivery! Fresh vegetables, fruits delivered in 2 hours. 100 TK off on first order!",English,"Chaldal grocery delivery! Fresh vegetables, fruits delivered in 2 hours. 100 TK off on first order!",False,False
promo,"ফ্রি হোম ডেলিভারি! বই, স্টেশনারি, গিফটে কোন চার্জ নেই।",Bengali,"ফ্রি হোম ডেলিভারি! বই, স্টেশনারি, গিফটে কোন চার্জ নেই।",False,False
promo,Applications are invited from youth aged 18-45 for the 'Sheikh Hasina Youth Volunteer Award-2024'. All information is available on the Ministry of Youth and Sports website www.moysports.gov.bd.,English,Applications are invited from youth aged 18-45 for the 'Sheikh Hasina Youth Volunteer Award-2024'. All information is available on the Ministry of Youth and Sports website [URL],True,False
promo,<#> আপনার মাইজিপি পিন (code) হচ্ছে: 4283. ভেরিফাই করতে এই পিনটি ব্যবহার করুন. অপব্যবহার ঠেকাতে এই পিনটি ফরওয়ার্ড অথবা কারো সাথে শেয়ার করবেন না FyXTPoy9ZDa,Bengali,<#> আপনার মাইজিপি পিন (code) হচ্ছে: 4283. ভেরিফাই করতে এই পিনটি ব্যবহার করুন. অপব্যবহার ঠেকাতে এই পিনটি ফরওয়ার্ড অথবা কারো সাথে শেয়ার করবেন না FyXTPoy9ZDa,False,False
promo,"Ajei shesh din!5GB+150minute 130taka (30din), dial *121*5205# ba https://mygp.li/a0",Banglish,"Ajei shesh din!5GB+150minute 130taka (30din), dial *121*5205# ba [URL]",True,False
promo,"System upgrade-এর জন্য ৩ October রাত ১২:০১minute থেকে সকাল ৮টা পর্যন্ত,Skitto SIM-র সকল service বন্ধ থাকবে। Details: cutt.ly/TwvBT4wH",CodeMix,"System upgrade-এর জন্য ৩ October রাত ১২:০১minute থেকে সকাল ৮টা পর্যন্ত,Skitto SIM-র সকল service বন্ধ থাকবে। Details: cutt.ly/TwvBT4wH",False,False
promo,বিশেষ অফার! গ্রামীণফোনে ৫০জিবি ডেটা মাত্র ৪৯৯ টাকায়। সীমিত সময়ের জন্য। *২৩৩# ডায়াল করুন।,Bengali,বিশেষ অফার! গ্রামীণফোনে ৫০জিবি ডেটা মাত্র ৪৯৯ টাকায়। সীমিত সময়ের জন্য। *২৩৩# ডায়াল করুন।,False,False
promo,Mensworld now in new form at Bashundhara City Apparel Zone. Level-8 01896001903,English,Mensworld now in new form at Bashundhara City Apparel Zone. Level- [PHONE],False,True
promo,"Arong Mega Sale: Panjabi, kurti, jewellery up to 30% discount. Offer valid in all outlets till 20 Sept.",Banglish,"Arong Mega Sale: Panjabi, kurti, jewellery up to 30% discount. Offer valid in all outlets till 20 Sept.",False,False
promo,Special offer for new customers! 30% discount on our services.,English,Special offer for new customers! 30% discount on our services.,False,False
promo,"200TK cashback! 60GB+1000 minutes @699TK 30 days, take it- cutt.ly/aAhiAsI",English,"200TK cashback! 60GB+1000 minutes @699TK 30 days, take it- cutt.ly/aAhiAsI",False,False
promo,15% discount on digital gadgets! Shop now and get bonus.,English,15% discount on digital gadgets! Shop now and get bonus.,False,False
promo,"Apex shoes Eid collection: Formal, casual, sports shoes 30% discount!",English,"Apex shoes Eid collection: Formal, casual, sports shoes 30% discount!",False,False
promo,"Ajkerdeal mega sale: Electronics, clothing, home items up to 80% off!",English,"Ajkerdeal mega sale: Electronics, clothing, home items up to 80% off!",False,False
promo,"Pickaboo laptop fest: Asus, HP, Dell laptops up to 10,000TK discount. Free backpack included. EMI facility available. Limited stock.",Banglish,"Pickaboo laptop fest: Asus, HP, Dell laptops up to 10,000TK discount. Free backpack included. EMI facility available. Limited stock.",False,False
promo,"Burger King is now at Dhanmondi 27 with everyone's favorite burgers. Don't delay, come to Burger King to enjoy all the attractive offers. Call 16606 for home delivery",English,"Burger King is now at Dhanmondi 27 with everyone's favorite burgers. Don't delay, come to Burger King to enjoy all the attractive offers. Call 16606 for home delivery",False,False
promo,Bashundhara LP Gas cylinder offer! 12kg cylinder with free burner 2200 TK. Safe cooking solution!,English,Bashundhara LP Gas cylinder offer! 12kg cylinder with free burner 2200 TK. Safe cooking solution!,False,False
promo,Shohoz Bike Offer: First 5 rides free up to 60TK each for new users. Promo code BIKEFREE. Valid this month only.,Banglish,Shohoz Bike Offer: First 5 rides free up to 60TK each for new users. Promo code BIKEFREE. Valid this month only.,False,False
promo,"Winter clothing sale! Up to 60% off on jackets, sweaters. Aarong stores nationwide. Limited time!",English,"Winter clothing sale! Up to 60% off on jackets, sweaters. Aarong stores nationwide. Limited time!",False,False
promo,১০০৳ ক্যাশব্যাক শেষ দিন! ৩১জিবি+৪৫০মি.@ ৩৯৯৳ ৩০দিন: cutt.ly/2wQlYv6U,Bengali,১০০৳ ক্যাশব্যাক শেষ দিন! ৩১জিবি+৪৫০মি.@ ৩৯৯৳ ৩০দিন: cutt.ly/2wQlYv6U,False,False
promo,"20GB @309TK 30 days, create your own in data mixer- cutt.ly/HwFKsbAy",English,"20GB @309TK 30 days, create your own in data mixer- cutt.ly/HwFKsbAy",False,False
promo,"স্টেশনারিতে মেগা সেল! কলম, নোটবুক, ব্যাগে ৩৫% ছাড়।",Bengali,"স্টেশনারিতে মেগা সেল! কলম, নোটবুক, ব্যাগে ৩৫% ছাড়।",False,False
promo,পিজা হাটে কম্বো অফার! ২টি পিজা + ২টি কোক = ৭৯৯ টাকা মাত্র।,Bengali,পিজা হাটে কম্বো অফার! ২টি পিজা + ২টি কোক = ৭৯৯ টাকা মাত্র।,False,False
promo,GP amar pack: 2GB + 50 min only 58TK. Dial *121*58#,Banglish,GP amar pack: 2GB + 50 min only 58TK. Dial *121*58#,False,False
promo,অফার: সব গ্রোসারিতে ১০% ক্যাশব্যাক। শুধু আজকের জন্য।,Bengali,অফার: সব গ্রোসারিতে ১০% ক্যাশব্যাক। শুধু আজকের জন্য।,False,False
promo,credit card membership offer! Annual fee only 1847 TK. Benefits: discounts!,English,credit card membership offer! Annual fee only 1847 TK. Benefits: discounts!,False,False
promo,"“E-passport services for Mugda, Shajahanpur, Khilgaon, Rampura, Motijheel, Paltan, Badda, Hatirjil police stations will be provided from the Regional Passport Office, Dhaka East (Aftabnagar) starting from 07 May 2023”.",English,"“E-passport services for Mugda, Shajahanpur, Khilgaon, Rampura, Motijheel, Paltan, Badda, Hatirjil police stations will be provided from the Regional Passport Office, Dhaka East (Aftabnagar) starting from 07 May 2023”.",False,False
promo,সবার পছন্দের বার্গার নিয়ে বার্গার কিং এখন ধানমন্ডি ২৭ এ। দেরি না করে আকর্ষনীয় সব অফার উপভোগ করতে চলে আসুন বার্গার কিং এ। হোম ডেলিভারি পেতে কল করুন ১৬৬০৬,Bengali,সবার পছন্দের বার্গার নিয়ে বার্গার কিং এখন ধানমন্ডি ২৭ এ। দেরি না করে আকর্ষনীয় সব অফার উপভোগ করতে চলে আসুন বার্গার কিং এ। হোম ডেলিভারি পেতে কল করুন ১৬৬০৬,False,False
promo,ফুড পান্ডায় ফ্রি ডেলিভারি! ২৫০ টাকার উপর সব অর্ডারে। আজই অর্ডার করুন।,Bengali,ফুড পান্ডায় ফ্রি ডেলিভারি! ২৫০ টাকার উপর সব অর্ডারে। আজই অর্ডার করুন।,False,False
promo,থ্যালাসেমিয়া রোগ  থেকে বাঁচতে বিয়ের আগে রক্ত পরীক্ষা করিয়ে নিন । রোগী ও বাহক কিংবা বাহকে বাহকে বিয়ে নয়-বাংলাদেশ থ্যালাসেমিয়া সমিতি।,Bengali,থ্যালাসেমিয়া রোগ থেকে বাঁচতে বিয়ের আগে রক্ত পরীক্ষা করিয়ে নিন । রোগী ও বাহক কিংবা বাহকে বাহকে বিয়ে নয়-বাংলাদেশ থ্যালাসেমিয়া সমিতি।,False,False
promo,Daraz App ডাউনলোড করলে নতুন ইউজাররা পাচ্ছেন ২৫০ টাকা ভাউচার।,Bengali,Daraz App ডাউনলোড করলে নতুন ইউজাররা পাচ্ছেন ২৫০ টাকা ভাউচার।,False,False
promo,Unimart discount days: Grocery and fresh items up to 25% discount. Home delivery available across Dhaka. Order online at unimart.com.bd.,Banglish,Unimart discount days: Grocery and fresh items up to 25% discount. Home delivery available across Dhaka. Order online at [URL],True,False
promo,Robi app recharge করলে ২০% extra credit। Don’t miss out!,CodeMix,Robi app recharge করলে ২০% extra credit। Don’t miss out!,False,False
promo,Fresh supermarket organic vegetable sale! All fresh produce 30% discount. Healthy eating starts today!,English,Fresh supermarket organic vegetable sale! All fresh produce 30% discount. Healthy eating starts today!,False,False
promo,Banglalink call rate blast: Enjoy 1 paisa/second to all numbers for 7 days. Just recharge 49TK. Dial *222*49# now.,Banglish,Banglalink call rate blast: Enjoy 1 paisa/second to all numbers for 7 days. Just recharge 49TK. Dial *222*49# now.,False,False
promo,"ইলেকট্রনিক্সে মেগা সেল! TV, ফ্রিজ, AC তে বিশাল ছাড়।",Bengali,"ইলেকট্রনিক্সে মেগা সেল! TV, ফ্রিজ, AC তে বিশাল ছাড়।",False,False
promo,Flat 15% discount shob shopping e. Code: DISCOUNT15.,Banglish,Flat 15% discount shob shopping e. Code: DISCOUNT15.,False,False
promo,"লি কুপার লন্ডনের
উইন্টার কালেকশন
মোকাসিন সু, পোলো শার্ট, জিন্স
জলদি",Bengali,"লি কুপার লন্ডনের উইন্টার কালেকশন মোকাসিন সু, পোলো শার্ট, জিন্স জলদি",False,False
promo,"10% discount on new Samsung phone! Limited stock, buy today!",English,"10% discount on new Samsung phone! Limited stock, buy today!",False,False
promo,"100TK cashback! 31GB+450min @399TK, 30 days, take it: cutt.ly/2wQlYv6U",English,"100TK cashback! 31GB+450min @399TK, 30 days, take it: cutt.ly/2wQlYv6U",False,False
promo,488.23MB অবশিষ্ট। উপভোগ করুন PayGo (6.6625Tk পর্যন্ত 5MB এর জন্য)| ব্যালান্স জানতে চাইলে *121*1*4#| নির্দিষ্ট প্যাকে 10% ইন্টারনেট বোনাস পেতে ভিজিট করুন mygp.li/bonus,Bengali,488.23MB অবশিষ্ট। উপভোগ করুন PayGo (6.6625Tk পর্যন্ত 5MB এর জন্য)| ব্যালান্স জানতে চাইলে *121*1*4#| নির্দিষ্ট প্যাকে 10% ইন্টারনেট বোনাস পেতে ভিজিট করুন mygp.li/bonus,False,False
promo,"Shohoz bus travel discount: Dhaka to Sylhet bus tickets 20% discount with code SYLHET20. Valid till 15th Sept only. Book korar jonno Shohoz app use korun. Safe travel, low cost.",Banglish,"Shohoz bus travel discount: Dhaka to Sylhet bus tickets 20% discount with code SYLHET20. Valid till 15th Sept only. Book korar jonno Shohoz app use korun. Safe travel, low cost.",False,False
promo,Sheikh Hasina government's success: ২০০৬ সালে সরকারি ওয়েবসাইট ছিল মাত্র ৯৮টি। ২০২৩ সালে তা বেড়ে দাঁড়িয়েছে ৫২ হাজার ২০০টি।,CodeMix,Sheikh Hasina government's success: ২০০৬ সালে সরকারি ওয়েবসাইট ছিল মাত্র ৯৮টি। ২০২৩ সালে তা বেড়ে দাঁড়িয়েছে ৫২ হাজার ২০০টি।,False,False
promo,Greetings to all on the great Victory Day. Dilip Kumar Agarwala,English,Greetings to all on the great Victory Day. Dilip Kumar Agarwala,False,False
promo,পূর্বাচল 30নং sector সংলগ্ন ভরাট চলমান plot! কাঠা 1.6 lakh 01894841736,CodeMix,পূর্বাচল 30নং sector সংলগ্ন ভরাট চলমান plot! কাঠা 1.6 lakh [PHONE],False,True
promo,"Fresh Valley dairy products! Pure milk, butter, cheese home delivery. Order: 01711334455 for freshness!",English,"Fresh Valley dairy products! Pure milk, butter, cheese home delivery. Order: [PHONE] for freshness!",False,True
promo,Janata Bank loan special! Up to 12 lakh at 9% interest. Apply now!,English,Janata Bank loan special! Up to 12 lakh at 9% interest. Apply now!,False,False
promo,Ecstasy anniversary sale! All bags up to 40% discount. Today only!,English,Ecstasy anniversary sale! All bags up to 40% discount. Today only!,False,False
promo,"ডাবলসেঞ্চুরি ক্যাশব্যাক ৳২০০!৬১জিবি+১০০০মি@ ৳৬৯৯, ৩০দিন cutt.ly/FwQhpKHc",Bengali,"ডাবলসেঞ্চুরি ক্যাশব্যাক ৳২০০!৬১জিবি+১০০০মি@ ৳৬৯৯, ৩০দিন cutt.ly/FwQhpKHc",False,False
promo,"TK419 এ TK499 এর offer! নাও 35GB+500min, 30days: cutt.ly/4w77ohWY",CodeMix,"TK419 এ TK499 এর offer! নাও 35GB+500min, 30days: cutt.ly/4w77ohWY",False,False
promo,Bangladesh Navy-তে officer cadet পদে নিয়োগ চলছে । visit করুন: www.joinnavy.navy.mil.bd,CodeMix,Bangladesh Navy-তে officer cadet পদে নিয়োগ চলছে । visit করুন: [URL],True,False
promo,10% discount on all cosmetics. This offer is for a limited time.,English,10% discount on all cosmetics. This offer is for a limited time.,False,False
promo,Notun customer der jonno special discount. Ajii register korun.,Banglish,Notun customer der jonno special discount. Ajii register korun.,False,False
promo,"Daraz Fashion Sale: T-shirt, jeans, shoes up to 70% discount. Free delivery for orders above 1000TK. Shop now before stock runs out.",Banglish,"Daraz Fashion Sale: T-shirt, jeans, shoes up to 70% discount. Free delivery for orders above 1000TK. Shop now before stock runs out.",False,False
promo,আজ Dhanmondi branch-এর শুভ opening-এ flat৫০%discount! ০১৮৯৬০০১৯২৯ cutt.ly/fmw,CodeMix,আজ Dhanmondi branch-এর শুভ opening-এ flat৫০%discount! [PHONE] cutt.ly/fmw,False,True
promo,Nagad app এর মাধ্যমে payment করলে cashback ১৫%। Use code: NAGAD15,CodeMix,Nagad app এর মাধ্যমে payment করলে cashback ১৫%। Use code: NAGAD15,False,False
promo,"Mega cashback ২৫০৳! নাও-৬০GB+১৬০০min.@৭৪৯৳, ৩০দিন: cutt.ly/yeqcP3pE",CodeMix,"Mega cashback ২৫০৳! নাও-৬০GB+১৬০০min.@৭৪৯৳, ৩০দিন: cutt.ly/yeqcP3pE",False,False
promo,Robi travel data pack: 20GB roaming internet only 999TK. Dial *123*999# before traveling abroad.,Banglish,Robi travel data pack: 20GB roaming internet only 999TK. Dial *123*999# before traveling abroad.,False,False
promo,Toyota Corolla special discount! Save 300000 TK on new purchase. Book test drive: 09639200200,English,Toyota Corolla special discount! Save 300 TK on new purchase. Book test drive: [PHONE],False,True
promo,বড়দিনের শুভেচ্ছা। থাকছে ২৫% ছাড় ৩১ ডিসেম্বর পর্যন্ত । ০১৭১৩১৯৯২৭০,Bengali,বড়দিনের শুভেচ্ছা। থাকছে ২৫% ছাড় ৩১ ডিসেম্বর পর্যন্ত । [PHONE],False,True
promo,৩০GB (bonus সহ) ৩০০TK ৩০days। Dial *১২১*৫২৫৪# বা mygp.li/mo,CodeMix,৩০GB (bonus সহ) ৩০০TK ৩০days। Dial *১২১*৫২৫৪# বা mygp.li/mo,False,False
promo,"Direct recruitment for commissioned officer positions in Bangladesh Navy is ongoing.
Visit: www.joinnavy.navy.mil.bd",English,Direct recruitment for commissioned officer positions in Bangladesh Navy is ongoing. Visit: [URL],True,False
promo,কুল সব আপডেট মিস না করতে এখনই জয়েন স্কিটো টেলিগ্রাম: cutt.ly/NwJt7qvx,Bengali,কুল সব আপডেট মিস না করতে এখনই জয়েন স্কিটো টেলিগ্রাম: cutt.ly/NwJt7qvx,False,False
promo,"Shwapno grocery mega offer: Weekly shopping e buy 1 get 1 free on fruits and vegetables. Offer across Dhaka outlets. Limited stock, hurry!",Banglish,"Shwapno grocery mega offer: Weekly shopping e buy 1 get 1 free on fruits and vegetables. Offer across Dhaka outlets. Limited stock, hurry!",False,False
promo,Banglalink Data Pack: 25GB internet + 200 mins calls only 199TK. Dial *222*199# to activate now.,Banglish,Banglalink Data Pack: 25GB internet + 200 mins calls only 199TK. Dial *222*199# to activate now.,False,False
promo,"30GB @TK 300, 30 days! Go full-on interneting now: cutt.ly/jwkuSC76",English,"30GB @TK 300, 30 days! Go full-on interneting now: cutt.ly/jwkuSC76",False,False
promo,Fitness equipment-এ ১৫% discount! Order now।,CodeMix,Fitness equipment-এ ১৫% discount! Order now।,False,False
promo,"Tomar jonno special gift, 60poysa/minute callrate, nao: cutt.ly/qwnfrXbV",Banglish,"Tomar jonno special gift, 60poysa/minute callrate, nao: cutt.ly/qwnfrXbV",False,False
promo,"হটশট ক্যাশব্যাক ৳২০! হটস্পট ডিলে ২২জিবি@৳১৭৭, ৭দিন: cutt.ly/pw746B4G",Bengali,"হটশট ক্যাশব্যাক ৳২০! হটস্পট ডিলে ২২জিবি@৳১৭৭, ৭দিন: cutt.ly/pw746B4G",False,False
promo,"Daraz Mega Sale: Fashion, electronics, and lifestyle products up to 75% discount. Flash sale shuru prottek din 12PM e. Free delivery on orders above 1500TK.",Banglish,"Daraz Mega Sale: Fashion, electronics, and lifestyle products up to 75% discount. Flash sale shuru prottek din 12PM e. Free delivery on orders above 1500TK.",False,False
promo,"[Pathao] Delivery charge এখন ৳৩০! 
Pathao Food-এর delivery charge এখন ৳৩০ ফিরে এসেছে।
এখনই order করুন Pathao Food-এ: https://cutt.ly/QNMk4Eg",CodeMix,[Pathao] Delivery charge এখন ৳৩০! Pathao Food-এর delivery charge এখন ৳৩০ ফিরে এসেছে। এখনই order করুন Pathao Food-এ: [URL],True,False
promo,Bonus সহ ১GB-৩০TK-৩দিন। Dial *১২১*৫২১৫# বা https://mygp.li/mo,CodeMix,Bonus সহ ১GB-৩০TK-৩দিন। Dial *১২১*৫২১৫# বা [URL],True,False
promo,GP recharge করুন আজকে এবং extra ২০% bonus পান। Hurry up!,CodeMix,GP recharge করুন আজকে এবং extra ২০% bonus পান। Hurry up!,False,False
promo,"April-২৪
Recharge:0৳
Cost:
Data:19৳
Voice:66৳
Others:0৳",CodeMix,April-২৪ Recharge:0৳ Cost: Data:19৳ Voice:66৳ Others:0৳,False,False
promo,"৪৫TK cashback! ৩১GB+৫০০min.@৪৫৪TK ৩০days, নিয়ে নাও: cutt.ly/qwWTAUku",CodeMix,"৪৫TK cashback! ৩১GB+৫০০min.@৪৫৪TK ৩০days, নিয়ে নাও: cutt.ly/qwWTAUku",False,False
promo,Airtel 5G network launch offer! 50GB high-speed data for 7 days only 99 TK. Don't miss!,English,Airtel 5G network launch offer! 50GB high-speed data for 7 days only 99 TK. Don't miss!,False,False
promo,New Year উপলক্ষে Daraz এ huge sale! Get up to 85% off on electronics and fashion। এখনই shop করুন!,CodeMix,New Year উপলক্ষে Daraz এ huge sale! Get up to 85% off on electronics and fashion। এখনই shop করুন!,False,False
promo,"40TK cashback! 31GB+450min.@459TK 30din, niye nao: cutt.ly/0wO6Jggn",Banglish,"40TK cashback! 31GB+450min.@459TK 30din, niye nao: cutt.ly/0wO6Jggn",False,False
promo,"Double century cashback TK২০০!৬১GB+১০০০মি@TK৬৯৯,৩০দিন cutt.ly/FwQhpKHc",CodeMix,"Double century cashback TK২০০!৬১GB+১০০০মি@TK৬৯৯,৩০দিন cutt.ly/FwQhpKHc",False,False
promo,"২৬ January ২০২৪ International Customs Day theme: ""মিলে নবীন-পুরনো অংশীজন/Customs will achieve targets""। NBR",CodeMix,"২৬ January ২০২৪ International Customs Day theme: ""মিলে নবীন-পুরনো অংশীজন/Customs will achieve targets""। NBR",False,False
promo,"TK30 cashback-e ebar aro beshi data 50GB@TK468, 30din cutt.ly/QwE5OlXt",Banglish,"TK30 cashback-e ebar aro beshi data 50GB@TK468, 30din cutt.ly/QwE5OlXt",False,False
promo,Kay Kraft winter sale! All shoes up to 25% discount. This weekend only!,English,Kay Kraft winter sale! All shoes up to 25% discount. This weekend only!,False,False
promo,Star Cineplex buy 1 ticket get 1 free! Hollywood blockbuster movies.,Banglish,Star Cineplex buy 1 ticket get 1 free! Hollywood blockbuster movies.,False,False
promo,নতুন ফ্যাশন কালেকশনে ২০% ডিসকাউন্ট। আজই আসুন!,Bengali,নতুন ফ্যাশন কালেকশনে ২০% ডিসকাউন্ট। আজই আসুন!,False,False
promo,"Last day today! 5GB+150minutes 130 taka (30 days), dial *121*5205# or https://mygp.li/a0",English,"Last day today! 5GB+150minutes 130 taka (30 days), dial *121*5205# or [URL]",True,False
promo,GP recharge করুন আজকে এবং extra ২৫% bonus পান। Hurry up!,CodeMix,GP recharge করুন আজকে এবং extra ২৫% bonus পান। Hurry up!,False,False
promo,chaldal.com এ গ্রোসারি শপিং করুন। প্রথম অর্ডারে ১৫% ছাড় + ফ্রি ডেলিভারি।,Bengali,[URL] এ গ্রোসারি শপিং করুন। প্রথম অর্ডারে ১৫% ছাড় + ফ্রি ডেলিভারি।,True,False
promo,Big discount! 30% off on winter clothes. Visit our store today!,English,Big discount! 30% off on winter clothes. Visit our store today!,False,False
promo,"Best offer with TK 200 cashback: 61GB+1000min@TK 699, 30 days: cutt.ly/FwQhpKHc",English,"Best offer with TK 200 cashback: 61GB+1000min@TK 699, 30 days: cutt.ly/FwQhpKHc",False,False
promo,Rupali Bank home loan festival! Property financing up to 1 crore at 8% interest. Own your home!,English,Rupali Bank home loan festival! Property financing up to 1 crore at 8% interest. Own your home!,False,False
promo,২০০৳ সেইই ক্যাশব্যাক! নাও ৬০জিবি+১০০০মিনিট@৬৯৯৳ ৩০দিন: cutt.ly/aAhiAsI,Bengali,২০০৳ সেইই ক্যাশব্যাক! নাও ৬০জিবি+১০০০মিনিট@৬৯৯৳ ৩০দিন: cutt.ly/aAhiAsI,False,False
promo,Chaldal app e delivery free ajker din e order korle. Shop smart!,Banglish,Chaldal app e delivery free ajker din e order korle. Shop smart!,False,False
promo,Recruitment is ongoing for Officer Cadet positions in Bangladesh Navy. Visit: www.joinnavy.navy.mil.bd,English,Recruitment is ongoing for Officer Cadet positions in Bangladesh Navy. Visit: [URL],True,False
promo,"Robi ৫০০ TK recharge করুন এবং ১০০ TK extra bonus পান। Offer valid until ১০ Sep 2025, hurry up, first ৫০০ users only!",CodeMix,"Robi ৫০০ TK recharge করুন এবং ১০০ TK extra bonus পান। Offer valid until ১০ Sep 2025, hurry up, first ৫০০ users only!",False,False
promo,বাংলালিংক স্পেশাল: ২৪ ঘন্টা ইন্টারনেট মাত্র ৯ টাকা। *৫০০০# ডায়াল করুন।,Bengali,বাংলালিংক স্পেশাল: ২৪ ঘন্টা ইন্টারনেট মাত্র ৯ টাকা। *৫০০০# ডায়াল করুন।,False,False
promo,"৳৩৫ ক্যাশব্যাকে এবার আরো বেশি ডাটা ৫০জিবি@৳৪৬৩,৩০দিন cutt.ly/HwOETkke",Bengali,"৳৩৫ ক্যাশব্যাকে এবার আরো বেশি ডাটা ৫০জিবি@৳৪৬৩,৩০দিন cutt.ly/HwOETkke",False,False
promo,Bkash er maddhome recharge korle 5% cashback upto 50TK. Limited time offer!,Banglish,Bkash er maddhome recharge korle 5% cashback upto 50TK. Limited time offer!,False,False
promo,"20GB @309TK 30din,mon moto baniye nao Data Mixer e- cutt.ly/HwFKsbAy",Banglish,"20GB @309TK 30din,mon moto baniye nao Data Mixer e- cutt.ly/HwFKsbAy",False,False
promo,Islami Bank personal loan launched! minimal documents at only 7394 TK. Visit branch!,English,Islami Bank personal loan launched! minimal documents at only 7394 TK. Visit branch!,False,False
promo,Shohoz Food অর্ডার করুন আর কোড: YUMMY25 ব্যবহার করে ২৫% ছাড় পান। সর্বোচ্চ ছাড় ২০০ টাকা পর্যন্ত। আজই বন্ধুদের সাথে আড্ডার জন্য অর্ডার দিন।,Bengali,Shohoz Food অর্ডার করুন আর কোড: YUMMY25 ব্যবহার করে ২৫% ছাড় পান। সর্বোচ্চ ছাড় ২০০ টাকা পর্যন্ত। আজই বন্ধুদের সাথে আড্ডার জন্য অর্ডার দিন।,False,False
promo,"Pro-level internet এ pocket saving- 3GB@TK98,7 দিন cutt.ly/9wEyjoLc",CodeMix,"Pro-level internet এ pocket saving- 3GB@TK98,7 দিন cutt.ly/9wEyjoLc",False,False
promo,"Banglalink গ্রাহকগণ, ২০০ টাকার রিচার্জে পাচ্ছেন ১০০ টাকার বোনাস। অফার সীমিত সময়ের জন্য প্রযোজ্য। এখনই নিকটস্থ দোকানে যান।",Bengali,"Banglalink গ্রাহকগণ, ২০০ টাকার রিচার্জে পাচ্ছেন ১০০ টাকার বোনাস। অফার সীমিত সময়ের জন্য প্রযোজ্য। এখনই নিকটস্থ দোকানে যান।",False,False
promo,"TK35 cashback e ebar aro beshi data 50GB@TK463, 30din cutt.ly/HwOETkke",Banglish,"TK35 cashback e ebar aro beshi data 50GB@TK463, 30din cutt.ly/HwOETkke",False,False
promo,"Hatil furniture mega sale! Bedroom, dining, living room sets 40% discount. EMI facility available!",English,"Hatil furniture mega sale! Bedroom, dining, living room sets 40% discount. EMI facility available!",False,False
promo,City Group clothing special offer! 30% off + gift. Order online!,English,City Group clothing special offer! 30% off + gift. Order online!,False,False
promo,"Kazi Food Industries job fair! 500+ vacancies in production, admin, sales. Apply now: 01711887766!",English,"Kazi Food Industries job fair! 500+ vacancies in production, admin, sales. Apply now: [PHONE] !",False,True
promo,"Best offer with TK200 cashback 61GB+1000min@TK699, 30 days: cutt.ly/OwG5T3ub",English,"Best offer with TK200 cashback 61GB+1000min@TK699, 30 days: cutt.ly/OwG5T3ub",False,False
promo,Fresh supermarket organic food festival! All organic products 25% discount. Healthy living starts here!,English,Fresh supermarket organic food festival! All organic products 25% discount. Healthy living starts here!,False,False
promo,Star Kabab special combo meals starting 150TK. Dine-in and takeaway!,English,Star Kabab special combo meals starting 150TK. Dine-in and takeaway!,False,False
promo,"17i May, 2024 Bishho Telijogazog o Totho Shongho Dibosh (WTISD) upolokkhye online rochona protijogita ayojan kora hoyeche. Ongshho grohan korte click korun: https://bit.ly/wtisd24",Banglish,"17i May, 2024 Bishho Telijogazog o Totho Shongho Dibosh (WTISD) upolokkhye online rochona protijogita ayojan kora hoyeche. Ongshho grohan korte click korun: [URL]",True,False
promo,Pickaboo Flash Sale: Samsung Galaxy Buds 25% off. Free EMI. Order now before stock ends.,Banglish,Pickaboo Flash Sale: Samsung Galaxy Buds 25% off. Free EMI. Order now before stock ends.,False,False
promo,"200Tk cashback shesh din! 61GB+1000min@699Tk,30din: cutt.ly/OwG5T3ub",Banglish,"200Tk cashback shesh din! 61GB+1000min@699Tk,30din: cutt.ly/OwG5T3ub",False,False
promo,"Daraz Mega Fest! Shop electronics, fashion, and kitchen items up to 75% discount. Free delivery on orders above 1000TK. Flash deals prottek 2 ghontay. Visit daraz.com.bd and grab the deal now.",Banglish,"Daraz Mega Fest! Shop electronics, fashion, and kitchen items up to 75% discount. Free delivery on orders above 1000TK. Flash deals prottek 2 ghontay. Visit [URL] and grab the deal now.",True,False
promo,বড় ডিসকাউন্ট! শীতের পোশাকে ৩০% ছাড়। আজই ভিজিট করুন আমাদের স্টোরে!,Bengali,বড় ডিসকাউন্ট! শীতের পোশাকে ৩০% ছাড়। আজই ভিজিট করুন আমাদের স্টোরে!,False,False
promo,"Sheikh Hasina সরকারের success: 
২০০৬ সালে social security খাতে allocation ছিল মাত্র ২ হাজার ৫০৫ কোটি টাকা। ২০২৩ সালে বেড়ে দাঁড়িয়েছে ১ lakh ২৬ হাজার ২৭২ কোটি টাকা।",CodeMix,Sheikh Hasina সরকারের success: ২০০৬ সালে social security খাতে allocation ছিল মাত্র ২ হাজার ৫০৫ কোটি টাকা। ২০২৩ সালে বেড়ে দাঁড়িয়েছে ১ lakh ২৬ হাজার ২৭২ কোটি টাকা।,False,False
promo,"20GB @309৳ 30দিন,মন মতো বানিয়ে নাও Data Mixer-এ- cutt.ly/HwFKsbAy",CodeMix,"20GB @309৳ 30দিন,মন মতো বানিয়ে নাও Data Mixer-এ- cutt.ly/HwFKsbAy",False,False
promo,বাংলাদেশ বিমান বাহিনীতে ৮৯ বাফা কোর্সে অফিসার ক্যাডেট নিয়োগ চলছে। বিস্তারিতঃ https://joinairforce.baf.mil.bd,Bengali,বাংলাদেশ বিমান বাহিনীতে ৮৯ বাফা কোর্সে অফিসার ক্যাডেট নিয়োগ চলছে। বিস্তারিতঃ [URL],True,False
promo,কসমেটিকসে বাম্পার অফার! স্কিনকেয়ার প্রোডাক্টে ৪০% ছাড়।,Bengali,কসমেটিকসে বাম্পার অফার! স্কিনকেয়ার প্রোডাক্টে ৪০% ছাড়।,False,False
promo,Today only! 100TK cashback. 50GB @398TK for 30 days: cutt.ly/hwltB5hC,English,Today only! 100TK cashback. 50GB @398TK for 30 days: cutt.ly/hwltB5hC,False,False
promo,Banglalink Student Pack: 6GB data + 200 mins only 149TK. Dial *222*149# to activate.,Banglish,Banglalink Student Pack: 6GB data + 200 mins only 149TK. Dial *222*149# to activate.,False,False
promo,488.23MB অবশিষ্ট। Enjoy করুন PayGo (6.6625Tk পর্যন্ত 5MB এর জন্য)| Balance জানতে চাইলে *121*1*4#| Specific pack-এ 10% internet bonus পেতে visit করুন mygp.li/bonus,CodeMix,488.23MB অবশিষ্ট। Enjoy করুন PayGo (6.6625Tk পর্যন্ত 5MB এর জন্য)| Balance জানতে চাইলে *121*1*4#| Specific pack-এ 10% internet bonus পেতে visit করুন mygp.li/bonus,False,False
promo,"Nagad app recharge ২০০ TK এবং ২৫ TK extra credit পান। Limited offer, recharge today to secure bonus",CodeMix,"Nagad app recharge ২০০ TK এবং ২৫ TK extra credit পান। Limited offer, recharge today to secure bonus",False,False
promo,"৳৩৯৯ তে ৳৪৯৯ এর অফার! নাও ৩১জিবি+৪৫০মি., ৩০দিন: cutt.ly/2wQlYv6U",Bengali,"৳৩৯৯ তে ৳৪৯৯ এর অফার! নাও ৩১জিবি+৪৫০মি., ৩০দিন: cutt.ly/2wQlYv6U",False,False
promo,"Adda+Internet এ নতুন deal 12GB+300min@297TK,30 দিন cutt.ly/Nw0efEst",CodeMix,"Adda+Internet এ নতুন deal 12GB+300min@297TK,30 দিন cutt.ly/Nw0efEst",False,False
promo,বসুন্ধরা সিটিতে গ্র্যান্ড সেল! সব ব্র্যান্ডে ৫০% পর্যন্ত ছাড়।,Bengali,বসুন্ধরা সিটিতে গ্র্যান্ড সেল! সব ব্র্যান্ডে ৫০% পর্যন্ত ছাড়।,False,False
promo,"200TK cashback!60GB+1000minute @699TK 30din,niye nao- cutt.ly/aAhiAsI",Banglish,"200TK cashback!60GB+1000minute @699TK 30din,niye nao- cutt.ly/aAhiAsI",False,False
promo,Pathao App থেকে রাইড বুক করলে আজ ২৫% ডিসকাউন্ট। কোড PATHAO25 ব্যবহার করুন। বৈধ শুধুমাত্র আজকের জন্য।,Bengali,Pathao App থেকে রাইড বুক করলে আজ ২৫% ডিসকাউন্ট। কোড PATHAO25 ব্যবহার করুন। বৈধ শুধুমাত্র আজকের জন্য।,False,False
promo,"ফাগুনের গুনগুন ডিল নাও- ১৩জিবি@১১৩৳, ৩দিন: cutt.ly/0wVxZ5vA",Bengali,"ফাগুনের গুনগুন ডিল নাও- ১৩জিবি@১১৩৳, ৩দিন: cutt.ly/0wVxZ5vA",False,False
promo,Fresh fish market Ramadan special! All sea fish 20% discount. Best quality guaranteed daily!,English,Fresh fish market Ramadan special! All sea fish 20% discount. Best quality guaranteed daily!,False,False
promo,GP Binge pack: Unlimited streaming internet 60GB only 499TK. Validity 15 days. Activate with *121*499# now.,Banglish,GP Binge pack: Unlimited streaming internet 60GB only 499TK. Validity 15 days. Activate with *121*499# now.,False,False
promo,"25% cashback on online shopping! Code: SHOP25. Don't delay, shop now.",English,"25% cashback on online shopping! Code: SHOP25. Don't delay, shop now.",False,False
promo,"Grameenphone FlexiPlan ব্যবহারকারীদের জন্য সুপার অফার: আজ সব বান্ডেল প্যাকে ২৫% ছাড়। মিনিট, এসএমএস আর ডেটা নিজের মত তৈরি করুন। এখনই অ্যাপ চালু করুন।",Bengali,"Grameenphone FlexiPlan ব্যবহারকারীদের জন্য সুপার অফার: আজ সব বান্ডেল প্যাকে ২৫% ছাড়। মিনিট, এসএমএস আর ডেটা নিজের মত তৈরি করুন। এখনই অ্যাপ চালু করুন।",False,False
promo,Meena Bazar super saver: Shop fresh vegetables and fruits worth 1000TK and get flat 200TK discount. Use code MB200. Offer valid across Dhaka branches.,Banglish,Meena Bazar super saver: Shop fresh vegetables and fruits worth 1000TK and get flat 200TK discount. Use code MB200. Offer valid across Dhaka branches.,False,False
promo,Thalassemia rog theke bachte biyer age rokto poriksha koriye nin. Rogi o bahok kingba bahoke bahoke biye noy - Bangladesh Thalassemia Somiti.,Banglish,Thalassemia rog theke bachte biyer age rokto poriksha koriye nin. Rogi o bahok kingba bahoke bahoke biye noy - Bangladesh Thalassemia Somiti.,False,False
promo,"45 TK cashback! 46GB @ 453TK, 30din, nie nao ekhoni: cutt.ly/4wQzxdl1",Banglish,"45 TK cashback! 46GB @ 453TK, 30din, nie nao ekhoni: cutt.ly/4wQzxdl1",False,False
promo,নতুন fashion collection-এ ২০% discount। আজই আসুন!,CodeMix,নতুন fashion collection-এ ২০% discount। আজই আসুন!,False,False
promo,বোনাস সহ ২জিবি-৪৫টাকা-৩দিন। ডায়াল *১২১*৫৫৩৪# বা mygp.li/my,Bengali,বোনাস সহ ২জিবি-৪৫টাকা-৩দিন। ডায়াল *১২১*৫৫৩৪# বা mygp.li/my,False,False
promo,"Lotto League Cup-এ
cash payment-এ BMW জেতার opportunity
Bkash-এ ১০% cashback
Shop",CodeMix,Lotto League Cup-এ cash payment-এ BMW জেতার opportunity Bkash-এ ১০% cashback Shop,False,False
promo,"মোবাইল রিচার্জে বোনাস! যত রিচার্জ তত বোনাস, সর্বোচ্চ ৫০০ টাকা।",Bengali,"মোবাইল রিচার্জে বোনাস! যত রিচার্জ তত বোনাস, সর্বোচ্চ ৫০০ টাকা।",False,False
promo,"27minute মাত্র 19টাকা, validity 5দিন; নিতে dial করুন *121*5080#",CodeMix,"27minute মাত্র 19টাকা, validity 5দিন; নিতে dial করুন *121*5080#",False,False
promo,"মানবাধিকার দিবস-২০২৩
এবারের প্রতিপাদ্য “সবার জন্য স্বাধীনতা, সমতা এবং ন্যায়বিচার”। জাতীয় মানবাধিকার কমিশন।",Bengali,"মানবাধিকার দিবস-২০২৩ এবারের প্রতিপাদ্য “সবার জন্য স্বাধীনতা, সমতা এবং ন্যায়বিচার”। জাতীয় মানবাধিকার কমিশন।",False,False
promo,Bkash app-এ 2 June থেকে 'My Challenge' icon দেখতে না পেলেও Bkash-এর offer enjoy করে cashback পাবেন। Bkash app-এর সাথেই থাকুন।,CodeMix,Bkash app-এ 2 June থেকে 'My Challenge' icon দেখতে না পেলেও Bkash-এর offer enjoy করে cashback পাবেন। Bkash app-এর সাথেই থাকুন।,False,False
promo,"30GB @ 300 TK, 30 days! Full-on internet experience – grab it now: cutt.ly/jwkuSC76",CodeMix,"30GB @ 300 TK, 30 days! Full-on internet experience – grab it now: cutt.ly/jwkuSC76",False,False
promo,এক্সক্লুসিভ সেল! ল্যাপটপ ও কম্পিউটারে ১৮০০০ টাকা পর্যন্ত ছাড়।,Bengali,এক্সক্লুসিভ সেল! ল্যাপটপ ও কম্পিউটারে ১৮০০০ টাকা পর্যন্ত ছাড়।,False,False
promo,Notun grahok der jonno special offer! Amader service e 30% discount.,Banglish,Notun grahok der jonno special offer! Amader service e 30% discount.,False,False
promo,Banglalink music lovers pack: Sudhu 99TK e enjoy unlimited Bangla gaan streaming for 30 days + free caller tune. Activate korte dial *222*99# or BL app use korun. Ei chance miss korben na.,Banglish,Banglalink music lovers pack: Sudhu 99TK e enjoy unlimited Bangla gaan streaming for 30 days + free caller tune. Activate korte dial *222*99# or BL app use korun. Ei chance miss korben na.,False,False
promo,New lifestyle product-এ ২৫% off! Stock শেষ হওয়ার আগে grab করুন।,CodeMix,New lifestyle product-এ ২৫% off! Stock শেষ হওয়ার আগে grab করুন।,False,False
promo,"নির্বাচনি আচরণবিধি মেনে চলুন, 
সুষ্ঠু ও অবাধ নির্বাচনে সহায়তা করুন
- বাংলাদেশ নির্বাচন কমিশন",Bengali,"নির্বাচনি আচরণবিধি মেনে চলুন, সুষ্ঠু ও অবাধ নির্বাচনে সহায়তা করুন - বাংলাদেশ নির্বাচন কমিশন",False,False
promo,"Robi ১০০ TK recharge করলে ২০ TK bonus পান। Offer limited to first ১০০০ users, hurry up!",CodeMix,"Robi ১০০ TK recharge করলে ২০ TK bonus পান। Offer limited to first ১০০০ users, hurry up!",False,False
promo,"আজ ব্যাংক থেকে বিকাশ-এ ৫০০ টাকা আনলেই ১০ টাকা ক্যাশব্যাক, ১ বার! TCA",Bengali,"আজ ব্যাংক থেকে বিকাশ-এ ৫০০ টাকা আনলেই ১০ টাকা ক্যাশব্যাক, ১ বার! TCA",False,False
promo,DBBL online banking ব্যবহার করে bill pay করুন এবং exclusive reward points পান। Register করুন এখনই and enjoy benefits।,CodeMix,DBBL online banking ব্যবহার করে bill pay করুন এবং exclusive reward points পান। Register করুন এখনই and enjoy benefits।,False,False
promo,"Ongoing landfilling plot adjacent to Sector 30, Purbachal! 1.6 lakh per katha
01894841736",English,"Ongoing landfilling plot adjacent to Sector 30, Purbachal! 1.6 lakh per katha [PHONE]",False,True
promo,"Banglalink YouTube Pack: 20GB internet sudhu 249TK, validity 30 days. Dial *222*249# and enjoy unlimited streaming.",Banglish,"Banglalink YouTube Pack: 20GB internet sudhu 249TK, validity 30 days. Dial *222*249# and enjoy unlimited streaming.",False,False
promo,"৪০৳ cashback! ৩১জিবি+৪৫০মি.@৪৫৯৳ ৩০দিন, নিয়ে নাও: cutt.ly/0wO6Jggn",CodeMix,"৪০৳ cashback! ৩১জিবি+৪৫০মি.@৪৫৯৳ ৩০দিন, নিয়ে নাও: cutt.ly/0wO6Jggn",False,False
promo,Cashback পাও upto 99tk! skitto app থেকে chill deal-এ- cutt.ly/aAhiAsI,CodeMix,Cashback পাও upto 99tk! skitto app থেকে chill deal-এ- cutt.ly/aAhiAsI,False,False
promo,"৫০৳ চিল ক্যাশব্যাকে ৩১জিবি+৪৫০মি.@৪৪৯৳ ৩০দিন, নাও: cutt.ly/KwMwLOgt",Bengali,"৫০৳ চিল ক্যাশব্যাকে ৩১জিবি+৪৫০মি.@৪৪৯৳ ৩০দিন, নাও: cutt.ly/KwMwLOgt",False,False
promo,বোনাস সহ ৮জিবি-১২০টাকা-৩০দিন। নিতে ডায়াল *১২১*৫০৭২# বা https://mygp.li/mo,Bengali,বোনাস সহ ৮জিবি-১২০টাকা-৩০দিন। নিতে ডায়াল *১২১*৫০৭২# বা [URL],True,False
promo,ACI spring collection! furniture starting 6729 TK. Visit today!,English,ACI spring collection! furniture starting 6729 TK. Visit today!,False,False
promo,Meena Click Online: Grocery order 1000TK+ get free 1L oil. Offer valid till stocks last.,Banglish,Meena Click Online: Grocery order 1000TK+ get free 1L oil. Offer valid till stocks last.,False,False
promo,City Bank SME business loan! Small business financing up to 2 crore at competitive rates!,English,City Bank SME business loan! Small business financing up to 2 crore at competitive rates!,False,False
promo,Flat 10% discount shara store e. Code: FLAT10. Shudhumatro online e.,Banglish,Flat 10% discount shara store e. Code: FLAT10. Shudhumatro online e.,False,False
promo,"45Tk cashback! 31GB+500min.@454Tk 30din, nie nao: cutt.ly/qwWTAUku",Banglish,"45Tk cashback! 31GB+500min.@454Tk 30din, nie nao: cutt.ly/qwWTAUku",False,False
promo,"Last day for 200TK cashback! 61GB+1000min@699TK,30days: cutt.ly/OwG5T3ub",English,"Last day for 200TK cashback! 61GB+1000min@699TK,30days: cutt.ly/OwG5T3ub",False,False
promo,"“Mugda, Sabujbagh, Shahjahanpur, Khilgaon, Rampura, Motijheel, Paltan, Badda, Hatirjheel থানার e-passport service আগামী ০৭ May ২০২৩ থেকে regional passport office, Dhaka East (Aftabnagar) থেকে দেওয়া হবে""।",CodeMix,"“Mugda, Sabujbagh, Shahjahanpur, Khilgaon, Rampura, Motijheel, Paltan, Badda, Hatirjheel থানার e-passport service আগামী ০৭ May ২০২৩ থেকে regional passport office, Dhaka East (Aftabnagar) থেকে দেওয়া হবে""।",False,False
promo,New summer collection: ২০% discount on all items। Online shop করুন এবং free delivery পান,CodeMix,New summer collection: ২০% discount on all items। Online shop করুন এবং free delivery পান,False,False
promo,Flat 15% discount on all shopping. Code: DISCOUNT15.,English,Flat 15% discount on all shopping. Code: DISCOUNT15.,False,False
promo,"শেখ হাসিনা সরকারের সাফল্য: 
২০০৬ সালে সামাজিক নিরাপত্তা খাতে বরাদ্দ ছিল মাত্র ২ হাজার ৫০৫ কোটি টাকা। ২০২৩ সালে বেড়ে দাঁড়িয়েছে ১ লক্ষ ২৬ হাজার ২৭২ কোটি টাকা।",Bengali,শেখ হাসিনা সরকারের সাফল্য: ২০০৬ সালে সামাজিক নিরাপত্তা খাতে বরাদ্দ ছিল মাত্র ২ হাজার ৫০৫ কোটি টাকা। ২০২৩ সালে বেড়ে দাঁড়িয়েছে ১ লক্ষ ২৬ হাজার ২৭২ কোটি টাকা।,False,False
promo,"Apex Tannery leather goods exhibition! Shoes, bags, wallets up to 45% discount. Dhaka Trade Center!",English,"Apex Tannery leather goods exhibition! Shoes, bags, wallets up to 45% discount. Dhaka Trade Center!",False,False
promo,Pathao Food: Order now and get 40% discount with free delivery!,English,Pathao Food: Order now and get 40% discount with free delivery!,False,False
promo,"Manabadhikar dibosh-2023
Ebarer protipadyo 'Shobar jonno shadhinota, shomota ebong nyaybichar'. Jatiyo manabadhikar komishon.",Banglish,"Manabadhikar dibosh-2023 Ebarer protipadyo 'Shobar jonno shadhinota, shomota ebong nyaybichar'. Jatiyo manabadhikar komishon.",False,False
promo,"৮জিবি(বোনাসসহ) ১২৩টাকা ১৫দিন।ডায়াল *১২১*৫৫৪৮#, mygp.li/mo",Bengali,"৮জিবি(বোনাসসহ) ১২৩টাকা ১৫দিন।ডায়াল *১২১*৫৫৪৮#, mygp.li/mo",False,False
promo,Up to TK30 cashback on skitto deals in bKash app cutt.ly/8HBaVWF,English,Up to TK30 cashback on skitto deals in bKash app cutt.ly/8HBaVWF,False,False
promo,"Internetting-য়ে pocket saving, নাও ১০জিবি@৳১৫৮, ৭দিন: cutt.ly/FwUC6vh",CodeMix,"Internetting-য়ে pocket saving, নাও ১০জিবি@৳১৫৮, ৭দিন: cutt.ly/FwUC6vh",False,False
promo,System এর quality improvement এর জন্য 11 May রাত 11:59 থেকে 12 May সকাল 8টা পর্যন্ত Flexiload এর মাধ্যমে mobile recharge বন্ধ থাকবে। তবে এই time MyGP app বা scratch card দিয়ে recharge করা যাবে।,CodeMix,System এর quality improvement এর জন্য 11 May রাত 11:59 থেকে 12 May সকাল 8টা পর্যন্ত Flexiload এর মাধ্যমে mobile recharge বন্ধ থাকবে। তবে এই time MyGP app বা scratch card দিয়ে recharge করা যাবে।,False,False
promo,GP STAR গ্রাহকরা আজ পাচ্ছেন বিশেষ সুবিধা: ৫০০ টাকার শপিং ভাউচার। ব্যবহার করুন Daraz এ।,Bengali,GP STAR গ্রাহকরা আজ পাচ্ছেন বিশেষ সুবিধা: ৫০০ টাকার শপিং ভাউচার। ব্যবহার করুন Daraz এ।,False,False
promo,"TK30 cashback e pocket saving- 12GB+200mi.@TK169,7din: cutt.ly/Mw59ykAZ",Banglish,"TK30 cashback e pocket saving- 12GB+200mi.@TK169,7din: cutt.ly/Mw59ykAZ",False,False
promo,Robi-তে মাসিক ইন্টারনেট প্যাক ৫০জিবি মাত্র ৪৯৯ টাকা। ডায়াল করুন *123*499#।,Bengali,Robi-তে মাসিক ইন্টারনেট প্যাক ৫০জিবি মাত্র ৪৯৯ টাকা। ডায়াল করুন *123*499#।,False,False
promo,"Sheikh Hasina government's success:
Mobile handset production was 0% in 2008, currently 97% of demand is being met from 15 factories in the country.",English,"Sheikh Hasina government's success: Mobile handset production was 0% in 2008, currently 97% of demand is being met from 15 factories in the country.",False,False
promo,"To get passport and visa related information, call 16445 from the country and 09666716445 from abroad to the passport portal.
Do not transact any money other than government prescribed fees to get passport and visa.",English,"To get passport and visa related information, call 16445 from the country and [PHONE] from abroad to the passport portal. Do not transact any money other than government prescribed fees to get passport and visa.",False,True
promo,"শেখ হাসিনা সরকারের সাফল্য:
বিগত ১৪ বছরে ১৪৪১ কি.মি. বাঁধ নির্মাণের ফলে দেশব্যাপী ৪.৪৩ লক্ষ হেক্টের এলাকায় বন্যা নিয়ন্ত্রণ ও নিষ্কাশন সুবিধার সম্প্রসারণ ঘটেছে।",Bengali,শেখ হাসিনা সরকারের সাফল্য: বিগত ১৪ বছরে ১৪৪১ কি.মি. বাঁধ নির্মাণের ফলে দেশব্যাপী ৪.৪৩ লক্ষ হেক্টের এলাকায় বন্যা নিয়ন্ত্রণ ও নিষ্কাশন সুবিধার সম্প্রসারণ ঘটেছে।,False,False
promo,"TK419 e TK499 er offer! nao 35GB+500min, 30din: cutt.ly/4w77ohWY",Banglish,"TK419 e TK499 er offer! nao 35GB+500min, 30din: cutt.ly/4w77ohWY",False,False
promo,"Summer festival sale: সব clothes, shoes এবং accessories ৩০% discount। Shop online অথবা nearest store visit করুন",CodeMix,"Summer festival sale: সব clothes, shoes এবং accessories ৩০% discount। Shop online অথবা nearest store visit করুন",False,False
promo,"রবির বিপ্লবী নতুন অফার - 'অসীম স্বাধীনতা' প্যাকেজ! মাত্র ৭৯৯ টাকায় পাবেন সম্পূর্ণ ৩০ দিনের জন্য আনলিমিটেড ইন্টারনেট (প্রথম ৩০ জিবি ফুল স্পিড, পরে কমে গেলেও থাকবে), আনলিমিটেড রবি টু রবি কল, অন্যান্য অপারেটরে ৭০০ মিনিট ফ্রি কল এবং ১০০০ SMS। এছাড়াও বোনাস হিসেবে পাবেন বিকাশে ১০০ টাকা ক্যাশব্যাক। এই অফার কেবলমাত্র নতুন গ্রাহকদের জন্য এবং ৩১ অক্টোবর পর্যন্ত বৈধ।",Bengali,"রবির বিপ্লবী নতুন অফার - 'অসীম স্বাধীনতা' প্যাকেজ! মাত্র ৭৯৯ টাকায় পাবেন সম্পূর্ণ ৩০ দিনের জন্য আনলিমিটেড ইন্টারনেট (প্রথম ৩০ জিবি ফুল স্পিড, পরে কমে গেলেও থাকবে), আনলিমিটেড রবি টু রবি কল, অন্যান্য অপারেটরে ৭০০ মিনিট ফ্রি কল এবং ১০০০ SMS। এছাড়াও বোনাস হিসেবে পাবেন বিকাশে ১০০ টাকা ক্যাশব্যাক। এই অফার কেবলমাত্র নতুন গ্রাহকদের জন্য এবং ৩১ অক্টোবর পর্যন্ত বৈধ।",False,False
promo,"'Korbo bima, gorbo desh
Smart hobe Bangladesh.' Bima unnoti o niyontron kortripokkhyo ebong arthik protishtan bibhag ortho montronaloy.",Banglish,"'Korbo bima, gorbo desh Smart hobe Bangladesh.' Bima unnoti o niyontron kortripokkhyo ebong arthik protishtan bibhag ortho montronaloy.",False,False
promo,Meena Bazar mega discount! All grocery items 25% off. Free home delivery above 2000 TK purchase!,English,Meena Bazar mega discount! All grocery items 25% off. Free home delivery above 2000 TK purchase!,False,False
promo,"Robi mega internet saver: Recharge 399TK and get 40GB internet + 300 mins calls, validity 30 days. Dial *123*399# to activate now. Don’t miss this deal.",Banglish,"Robi mega internet saver: Recharge 399TK and get 40GB internet + 300 mins calls, validity 30 days. Dial *123*399# to activate now. Don’t miss this deal.",False,False
promo,"নতুন deal-এ level up interneting 25GB+400min@৳397,30দিন cutt.ly/oeeJSDbP",CodeMix,"নতুন deal-এ level up interneting 25GB+400min@৳397,30দিন cutt.ly/oeeJSDbP",False,False
promo,"২০০৳ cashback!60GB+1000minutes @৬৯৯৳ 30দিন,নিয়ে নাও- cutt.ly/aAhiAsI",CodeMix,"২০০৳ cashback!60GB+1000minutes @৬৯৯৳ 30দিন,নিয়ে নাও- cutt.ly/aAhiAsI",False,False
promo,Purbani Group ready-made garments factory outlet! Designer clothes 40% discount. Fashion at low prices!,English,Purbani Group ready-made garments factory outlet! Designer clothes 40% discount. Fashion at low prices!,False,False
promo,Bonus soho 2GB-45Tk-3din. Dial *121*5534# or mygp.li/my,Banglish,Bonus soho 2GB-45Tk-3din. Dial *121*5534# or mygp.li/my,False,False
promo,"Pro-level adda+interneting-10GB+250mi@258TK,30din cutt.ly/wwCctHGF",Banglish,"Pro-level adda+interneting-10GB+250mi@258TK,30din cutt.ly/wwCctHGF",False,False
promo,Residential plots near Dhaka-Mawa Expressway starting from 2 lakh. 01894939231,English,Residential plots near Dhaka-Mawa Expressway starting from 2 lakh. [PHONE],False,True
promo,"২০০মিনিট (৩০দিন) ১৭৪ টাকা, ডায়াল *১২১*৪৪১০# বা https://mygp.li/v1",Bengali,"২০০মিনিট (৩০দিন) ১৭৪ টাকা, ডায়াল *১২১*৪৪১০# বা [URL]",True,False
promo,Travel package-এ ২০% discount! Booking করতে আজই contact করুন।,CodeMix,Travel package-এ ২০% discount! Booking করতে আজই contact করুন।,False,False
promo,GP 4G data pack আজ special offer। Activate করুন এখনই!,CodeMix,GP 4G data pack আজ special offer। Activate করুন এখনই!,False,False
promo,"ডাটা মিক্সারে করো পকেট সেভিং, নাও ৬০জিবি@ ৳৫৬৯,৩০দিন: cutt.ly/HwQzEu9E",Bengali,"ডাটা মিক্সারে করো পকেট সেভিং, নাও ৬০জিবি@ ৳৫৬৯,৩০দিন: cutt.ly/HwQzEu9E",False,False
promo,"Robi recharge ৫০০ TK এবং ৮০ TK bonus পান। Offer valid first ১০০০ users only, hurry up and claim today",CodeMix,"Robi recharge ৫০০ TK এবং ৮০ TK bonus পান। Offer valid first ১০০০ users only, hurry up and claim today",False,False
promo,"লি কুপারে
সকল শার্ট, জিন্স, গ্যাবারডিন
ফ্ল্যাট ৫০% ছাড়
শপ্র",Bengali,"লি কুপারে সকল শার্ট, জিন্স, গ্যাবারডিন ফ্ল্যাট ৫০% ছাড় শপ্র",False,False
promo,Rupali Bank car loan launched! instant approval at only 5846 TK. Call now!,English,Rupali Bank car loan launched! instant approval at only 5846 TK. Call now!,False,False
promo,"Sheikh Hasina sorkarer safolyo: 
2006 sale samajik niroapotta khate boraddo chilo matro 2 hajar 505 koti taka. 2023 sale bere dariyeche 1 lokkho 26 hajar 272 koti taka.",Banglish,Sheikh Hasina sorkarer safolyo: 2006 sale samajik niroapotta khate boraddo chilo matro 2 hajar 505 koti taka. 2023 sale bere dariyeche 1 lokkho 26 hajar 272 koti taka.,False,False
promo,"TK 419 for TK 499 offer! Get 35GB + 500 MB, 30 days: cutt.ly/4w77ohWY",English,"TK 419 for TK 499 offer! Get 35GB + 500 MB, 30 days: cutt.ly/4w77ohWY",False,False
promo,Join Skitto Telegram now to not miss all cool updates: cutt.ly/NwJt7qvx,English,Join Skitto Telegram now to not miss all cool updates: cutt.ly/NwJt7qvx,False,False
promo,"Call duration 00:02:51, charged 3.6 Taka, remaining balance is   10.94  Taka",Bengali,"Call duration 00:02:51, charged 3.6 Taka, remaining balance is 10.94 Taka",False,False
promo,গ্রামীণফোন মেগা অফার! আনলিমিটেড টক টাইম ৩০দিন মাত্র ৪৯৯ টাকা।,Bengali,গ্রামীণফোন মেগা অফার! আনলিমিটেড টক টাইম ৩০দিন মাত্র ৪৯৯ টাকা।,False,False
promo,Robi special offer! 10GB internet + unlimited call only 99TK. Dial *123*45# akhon. Offer sesh 31st December.,Banglish,Robi special offer! 10GB internet + unlimited call only 99TK. Dial *123*45# akhon. Offer sesh 31st December.,False,False
promo,Grameenphone users! Get 20GB data for just 199TK. Dial *121*3020# now!,English,Grameenphone users! Get 20GB data for just 199TK. Dial *121*3020# now!,False,False
promo,Bangladesh Machine Tools factory outlet! Industrial equipment 30% discount. Productivity solutions available!,English,Bangladesh Machine Tools factory outlet! Industrial equipment 30% discount. Productivity solutions available!,False,False
promo,ধোনির হাতে কি উঠবে ট্রফি? দেখুন আইপিএল ফাইনাল cutt.ly/ywqDAPVv,Bengali,ধোনির হাতে কি উঠবে ট্রফি? দেখুন আইপিএল ফাইনাল cutt.ly/ywqDAPVv,False,False
promo,"80TK cashback! More data 30GB@319TK, 30 days cutt.ly/aw59tNYD",English,"80TK cashback! More data 30GB@319TK, 30 days cutt.ly/aw59tNYD",False,False
promo,Chaldal grocery fest: Shop 1000TK+ and get 150TK cashback using Bkash. Free delivery ajker din er jonno. Shop online easily!,Banglish,Chaldal grocery fest: Shop 1000TK+ and get 150TK cashback using Bkash. Free delivery ajker din er jonno. Shop online easily!,False,False
promo,dwadosh jatio songshod nirbachone ongshogrohone ichchhuk prothigon procholito poddhotir pasapasi onlin-eo mononayonpotro dakhil korte parben. online-e mononayon dakhil korte commission-er website www.ecs.gov.bd-e probesh korun-EC,Banglish,dwadosh jatio songshod nirbachone ongshogrohone ichchhuk prothigon procholito poddhotir pasapasi onlin-eo mononayonpotro dakhil korte parben. online-e mononayon dakhil korte commission-er website [URL] probesh korun-EC,True,False
promo,"৳৩৫ cashback-এ এবার আরো বেশি data ৫০জিবি@৳৪৬৩,৩০দিন cutt.ly/HwOETkke",CodeMix,"৳৩৫ cashback-এ এবার আরো বেশি data ৫০জিবি@৳৪৬৩,৩০দিন cutt.ly/HwOETkke",False,False
promo,Handi grand opening! buffet 599 TK. Gulshan. Book now: 01798352641!,English,Handi grand opening! buffet 599 TK. Gulshan. Book now: [PHONE] !,False,True
promo,"Othoba.com এ electronic shopping করুন এবং পাচ্ছেন free installation on ACs. Today only, shop now!",CodeMix,"[URL] এ electronic shopping করুন এবং পাচ্ছেন free installation on ACs. Today only, shop now!",True,False
promo,Shwapno Eid special! All food items 20% discount + free home delivery on orders above 1000 TK!,English,Shwapno Eid special! All food items 20% discount + free home delivery on orders above 1000 TK!,False,False
promo,"পেট ফুড ও সাপ্লাইতে ছাড়! কুকুর, বিড়ালের খাবারে ২৫% কমতি।",Bengali,"পেট ফুড ও সাপ্লাইতে ছাড়! কুকুর, বিড়ালের খাবারে ২৫% কমতি।",False,False
promo,"Summer collection: সব t-shirts, jeans, এবং shoes ২৫% discount। Shop online অথবা nearest store visit করুন",CodeMix,"Summer collection: সব t-shirts, jeans, এবং shoes ২৫% discount। Shop online অথবা nearest store visit করুন",False,False
promo,"Internetinging-e pocket saving, nao 10GB@TK158, 7din: cutt.ly/FwUC6vh",Banglish,"Internetinging-e pocket saving, nao 10GB@TK158, 7din: cutt.ly/FwUC6vh",False,False
promo,Airtel users get 15GB data + unlimited calls for 299TK. Dial *121*4040#,English,Airtel users get 15GB data + unlimited calls for 299TK. Dial *121*4040#,False,False
promo,"Fagun er gungun deal nao- 13GB@113TK, 3din: cutt.ly/0wVxZ5vA",Banglish,"Fagun er gungun deal nao- 13GB@113TK, 3din: cutt.ly/0wVxZ5vA",False,False
promo,Limited time offer! ৪০GB (bonusসহ) ৫০০TK ৩০days।Dial *১২১*৫০৪৯# বা mygp.li/mo,CodeMix,Limited time offer! ৪০GB (bonusসহ) ৫০০TK ৩০days।Dial *১২১*৫০৪৯# বা mygp.li/mo,False,False
promo,30GB (bonus soho) 300Tk 30din. Dial *121*5254# or mygp.li/mo,Banglish,30GB (bonus soho) 300Tk 30din. Dial *121*5254# or mygp.li/mo,False,False
promo,488.23MB remaining. Enjoy PayGo (5MB for up to 6.6625Tk)| To know balance *121*1*4#| Visit mygp.li/bonus to get 10% internet bonus on specific packs,English,488.23MB remaining. Enjoy PayGo (5MB for up to 6.6625Tk)| To know balance *121*1*4#| Visit mygp.li/bonus to get 10% internet bonus on specific packs,False,False
promo,<#> Apnar MyGP PIN (code) hochche: 7433. Verify korte ei pinati byabohar korun. Opobyabohar thekate ei pinati forward othoba karo sathe share korben na FyXTPoy9ZDa,Banglish,<#> Apnar MyGP PIN (code) hochche: 7433. Verify korte ei pinati byabohar korun. Opobyabohar thekate ei pinati forward othoba karo sathe share korben na FyXTPoy9ZDa,False,False
promo,"আড্ডা+internetting-য়ে নতুন deal ১০জিবি+৩০০মি@২৯৬৳,৩০দিন:cutt.ly/QwFwTH3J",CodeMix,"আড্ডা+internetting-য়ে নতুন deal ১০জিবি+৩০০মি@২৯৬৳,৩০দিন:cutt.ly/QwFwTH3J",False,False
promo,"৳১০০ cashback!৩০জিবি+৬০০মি. @৳৩৯৯,৩০দিন: cutt.ly/AwkY4L2C",CodeMix,"৳১০০ cashback!৩০জিবি+৬০০মি. @৳৩৯৯,৩০দিন: cutt.ly/AwkY4L2C",False,False
promo,GP Binge Mega Pack: 150GB internet only 999TK. Validity 30 days. Dial *121*999# or Amar GP app. Perfect for heavy streamers.,Banglish,GP Binge Mega Pack: 150GB internet only 999TK. Validity 30 days. Dial *121*999# or Amar GP app. Perfect for heavy streamers.,False,False
promo,Dhaka-Mawa Expressway songlogno abasik plot katha nimno 2lakh 01894939231,Banglish,Dhaka-Mawa Expressway songlogno abasik plot katha nimno 2lakh [PHONE],False,True
promo,"Yellow fashion autumn sale: Saree, panjabi, jeans up to 50% discount. Extra 10% off with City Bank card.",Banglish,"Yellow fashion autumn sale: Saree, panjabi, jeans up to 50% discount. Extra 10% off with City Bank card.",False,False
promo,"Cashback-এ century ৳১০০! 26GB+500min. @৳৩৯৯,30দিন: cutt.ly/mwmJFpRa",CodeMix,"Cashback-এ century ৳১০০! 26GB+500min. @৳৩৯৯,30দিন: cutt.ly/mwmJFpRa",False,False
promo,"১৫০৳ ক্যাশব্যাকে সেরা অফার ৬১জিবি+১০০০মি@ ৳৭৪৯, ৩০দিন: cutt.ly/NwYKElsc",Bengali,"১৫০৳ ক্যাশব্যাকে সেরা অফার ৬১জিবি+১০০০মি@ ৳৭৪৯, ৩০দিন: cutt.ly/NwYKElsc",False,False
promo,Banglalink গ্রাহকরা শুক্রবার ৪ জিবি মাত্র ৭৯ টাকায় পাবেন। বৈধতা ৩ দিন।,Bengali,Banglalink গ্রাহকরা শুক্রবার ৪ জিবি মাত্র ৭৯ টাকায় পাবেন। বৈধতা ৩ দিন।,False,False
promo,"এক্সক্লুসিভ ফ্যাশন সেল! জিন্স, টিশার্টে ৫০% পর্যন্ত ছাড়।",Bengali,"এক্সক্লুসিভ ফ্যাশন সেল! জিন্স, টিশার্টে ৫০% পর্যন্ত ছাড়।",False,False
promo,"Data mixer e koro pocket saving, nao 60GB@ TK569,30din: cutt.ly/HwQzEu9E",Banglish,"Data mixer e koro pocket saving, nao 60GB@ TK569,30din: cutt.ly/HwQzEu9E",False,False
promo,Daraz 12.12 mega sale! Up to 80% discount on electronics. Free shipping on orders above 1000 TK!,English,Daraz 12.12 mega sale! Up to 80% discount on electronics. Free shipping on orders above 1000 TK!,False,False
promo,"৳২৫ ক্যাশব্যাকে এবার আরো বেশি ডাটা ৫০জিবি@ ৳৪৭৩, ৩০দিন cutt.ly/zwTmxzpd",Bengali,"৳২৫ ক্যাশব্যাকে এবার আরো বেশি ডাটা ৫০জিবি@ ৳৪৭৩, ৩০দিন cutt.ly/zwTmxzpd",False,False
promo,"Banglalink গ্রাহকদের জন্য ফ্ল্যাশ অফার: ১ জিবি মাত্র ১১ টাকা, বৈধতা ২৪ ঘণ্টা। সক্রিয় করতে *5000*11#।",Bengali,"Banglalink গ্রাহকদের জন্য ফ্ল্যাশ অফার: ১ জিবি মাত্র ১১ টাকা, বৈধতা ২৪ ঘণ্টা। সক্রিয় করতে *5000*11#।",False,False
promo,"Robi গ্রাহকগণ, ২ জিবি ডেটা মাত্র ৪৯ টাকা। বৈধতা ৭ দিন। ডায়াল করুন *123*049#।",Bengali,"Robi গ্রাহকগণ, ২ জিবি ডেটা মাত্র ৪৯ টাকা। বৈধতা ৭ দিন। ডায়াল করুন *123*049#।",False,False
promo,"New restaurant launch offer: Buy ১ get ১ free on all pizzas। Only this weekend, তাই আজই visit করুন এবং enjoy করুন taste",CodeMix,"New restaurant launch offer: Buy ১ get ১ free on all pizzas। Only this weekend, তাই আজই visit করুন এবং enjoy করুন taste",False,False
promo,"অ্যাক্সেসরিজে মেগা সেল! ব্যাগ, বেল্ট, ওয়ালেটে ৩৫% ছাড়।",Bengali,"অ্যাক্সেসরিজে মেগা সেল! ব্যাগ, বেল্ট, ওয়ালেটে ৩৫% ছাড়।",False,False
promo,পাঠাও রাইডে ৩০% ছাড়! আজকের জন্য সর্বোচ্চ ১০০ টাকা পর্যন্ত।,Bengali,পাঠাও রাইডে ৩০% ছাড়! আজকের জন্য সর্বোচ্চ ১০০ টাকা পর্যন্ত।,False,False
promo,GP-তে রবিবার স্পেশাল অফার: ৫ জিবি মাত্র ১০০ টাকা। ডায়াল করুন *121*100#।,Bengali,GP-তে রবিবার স্পেশাল অফার: ৫ জিবি মাত্র ১০০ টাকা। ডায়াল করুন *121*100#।,False,False
promo,Khaas Food Organic Offer: Deshi honey 20% discount. Delivery nationwide. Order at khaasfood.com.,Banglish,Khaas Food Organic Offer: Deshi honey 20% discount. Delivery nationwide. Order at [URL],True,False
promo,Bashundhara Group job circular! Apply today. Salary upto 1 lakh. careers.bashundhara.com,Banglish,Bashundhara Group job circular! Apply today. Salary upto 1 lakh. [URL],True,False
promo,"Flat 50% off at Lee Cooper
All shirts, jeans, gabardine
Today & tomorrow
Shop",English,"Flat 50% off at Lee Cooper All shirts, jeans, gabardine Today & tomorrow Shop",False,False
promo,"Shwapno grocery blast: Buy 3kg rice and get 1kg dal free. Offer valid nationwide stores. Hurry, stock shesh hobar age.",Banglish,"Shwapno grocery blast: Buy 3kg rice and get 1kg dal free. Offer valid nationwide stores. Hurry, stock shesh hobar age.",False,False
promo,"Robi recharge ৫০০ TK এবং ১০০ TK bonus পান। Offer valid first ১০০০ users only, hurry up and claim today",CodeMix,"Robi recharge ৫০০ TK এবং ১০০ TK bonus পান। Offer valid first ১০০০ users only, hurry up and claim today",False,False
promo,200TK sei cashback! nao 60GB+1000minute@699TK 30din: cutt.ly/aAhiAsI,Banglish,200TK sei cashback! nao 60GB+1000minute@699TK 30din: cutt.ly/aAhiAsI,False,False
promo,অনলাইনে কোর্স করুন! IT স্কিল ডেভেলপমেন্টে ৬০% ছাড়। এনরোল করুন।,Bengali,অনলাইনে কোর্স করুন! IT স্কিল ডেভেলপমেন্টে ৬০% ছাড়। এনরোল করুন।,False,False
promo,"Arong Fashion Festival: Panjabi, kurti, and scarves up to 40% off. Extra 5% off with bKash payment.",Banglish,"Arong Fashion Festival: Panjabi, kurti, and scarves up to 40% off. Extra 5% off with bKash payment.",False,False
promo,"TK30 cashback! 31GB+450min@TK469 for 30 days, grab it now: cutt.ly/hwTmxGd8",English,"TK30 cashback! 31GB+450min@TK469 for 30 days, grab it now: cutt.ly/hwTmxGd8",False,False
promo,20% discount on travel packages! Contact today for booking.,English,20% discount on travel packages! Contact today for booking.,False,False
promo,"৪০৳ ক্যাশব্যাক! ৪৬জিবি @৪৫৮৳, ৩০দিন, নিয়ে নাও এখনই: cutt.ly/GwWYCCfJ",Bengali,"৪০৳ ক্যাশব্যাক! ৪৬জিবি @৪৫৮৳, ৩০দিন, নিয়ে নাও এখনই: cutt.ly/GwWYCCfJ",False,False
promo,"Transcom Digital phone accessories mega sale: Cases, chargers, earphones!",English,"Transcom Digital phone accessories mega sale: Cases, chargers, earphones!",False,False
promo,Shopping mall এ sale শুরু হয়েছে! সব products এ additional benefits. Don't miss out.,CodeMix,Shopping mall এ sale শুরু হয়েছে! সব products এ additional benefits. Don't miss out.,False,False
promo,"৳৩০ ক্যাশব্যাকে পকেট সেভিং- ১২জিবি+২০০মি.@৳১৬৯,৭দিন: cutt.ly/Mw59ykAZ",Bengali,"৳৩০ ক্যাশব্যাকে পকেট সেভিং- ১২জিবি+২০০মি.@৳১৬৯,৭দিন: cutt.ly/Mw59ykAZ",False,False
promo,Robi eShop থেকে ল্যাপটপ কিনলে ফ্রি ব্যাগ ও মাউস। সীমিত সময়ের অফার।,Bengali,Robi eShop থেকে ল্যাপটপ কিনলে ফ্রি ব্যাগ ও মাউস। সীমিত সময়ের অফার।,False,False
promo,car loan membership offer! Annual fee only 2753 TK. Benefits: priority support!,English,car loan membership offer! Annual fee only 2753 TK. Benefits: priority support!,False,False
promo,May 05 International Midwife Day. This year's theme - From evidence to reality: All midwives together.,English,May 05 International Midwife Day. This year's theme - From evidence to reality: All midwives together.,False,False
promo,"Hotshot 20TK cashback! Hotspot deal 22GB@177TK, 7 days: cutt.ly/pw746B4G",English,"Hotshot 20TK cashback! Hotspot deal 22GB@177TK, 7 days: cutt.ly/pw746B4G",False,False
promo,"Double century cashback ৳200!61GB+1000min@৳699, 30দিন cutt.ly/FwQhpKHc",CodeMix,"Double century cashback ৳200!61GB+1000min@৳699, 30দিন cutt.ly/FwQhpKHc",False,False
promo,"৳200 super cashback-এ নাও 61GB+1000min@৳699, 30দিন: cutt.ly/OwG5T3ub",CodeMix,"৳200 super cashback-এ নাও 61GB+1000min@৳699, 30দিন: cutt.ly/OwG5T3ub",False,False
promo,আজকেই শেষ ৳১০০ ক্যাশব্যাক! ৫০জিবি @৳৩৯৮ ৩০দিন: cutt.ly/hwltB5hC,Bengali,আজকেই শেষ ৳১০০ ক্যাশব্যাক! ৫০জিবি @৳৩৯৮ ৩০দিন: cutt.ly/hwltB5hC,False,False
promo,Shob DVD te 10% discount. Offer ti simit somoyer jonno.,Banglish,Shob DVD te 10% discount. Offer ti simit somoyer jonno.,False,False
promo,Big discount! Winter clothes-এ 30% discount। আজই visit করুন আমাদের store-এ!,CodeMix,Big discount! Winter clothes-এ 30% discount। আজই visit করুন আমাদের store-এ!,False,False
promo,"1GB (0.2GB+ 0.8GB Bonus) ইন্টারনেট সফলভাবে চালু হয়েছে। মোট মূল্য 19TK, মেয়াদ 7 দিন। ইন্টারনেট ব্যালেন্স জানতে mygp.li/check ক্লিক করুন অথবা *121*1*4# ডায়াল করুন।",Bengali,"1GB (0.2GB+ 0.8GB Bonus) ইন্টারনেট সফলভাবে চালু হয়েছে। মোট মূল্য 19TK, মেয়াদ 7 দিন। ইন্টারনেট ব্যালেন্স জানতে mygp.li/check ক্লিক করুন অথবা *121*1*4# ডায়াল করুন।",False,False
promo,"18 May Antorjatik Jadughar Dibosh. ebarer protipaddho : ""Jadughar, sthayitto o shomriddhi"". e upolokkhe Bangladesh Jatiyo Jadughar er dinbyapi aayojone apni sadore amontrito.",Banglish,"18 May Antorjatik Jadughar Dibosh. ebarer protipaddho : ""Jadughar, sthayitto o shomriddhi"". e upolokkhe Bangladesh Jatiyo Jadughar er dinbyapi aayojone apni sadore amontrito.",False,False
promo,New offer! Grameenphone recharge এ 20% extra bonus আজই নিন। Hurry up!,CodeMix,New offer! Grameenphone recharge এ 20% extra bonus আজই নিন। Hurry up!,False,False
promo,Men’s World Bashundhara City new branch opening – flat 30% off! cutt.ly/fmw,English,Men’s World Bashundhara City new branch opening – flat 30% off! cutt.ly/fmw,False,False
promo,রবিতে নতুন প্যাকেজ! ৩০ দিনের জন্য আনলিমিটেড কল মাত্র ২৯৯ টাকা। *১২৩*৩*৪# ডায়াল করুন।,Bengali,রবিতে নতুন প্যাকেজ! ৩০ দিনের জন্য আনলিমিটেড কল মাত্র ২৯৯ টাকা। *১২৩*৩*৪# ডায়াল করুন।,False,False
promo,Jamuna Future Park এ Puja Sale শুরু হয়েছে! সব sarees এ additional 20% cashback. Don't miss.,CodeMix,Jamuna Future Park এ Puja Sale শুরু হয়েছে! সব sarees এ additional 20% cashback. Don't miss.,False,False
promo,Guardian Life Insurance special premium! Health insurance with 10 lakh coverage just 5000 TK yearly!,English,Guardian Life Insurance special premium! Health insurance with 10 lakh coverage just 5000 TK yearly!,False,False
promo,"TK35 cashback-e ebar aro beshi data 50GB@TK463,30din cutt.ly/HwOETkke",Banglish,"TK35 cashback-e ebar aro beshi data 50GB@TK463,30din cutt.ly/HwOETkke",False,False
promo,Daraz Mall থেকে যেকোনো মোবাইল কিনলে পাচ্ছেন ১২ মাসের ওয়ারেন্টি আর সাথে ফ্রি ডেলিভারি। অফার সীমিত সময়ের জন্য। আজই মোবাইল অর্ডার করুন।,Bengali,Daraz Mall থেকে যেকোনো মোবাইল কিনলে পাচ্ছেন ১২ মাসের ওয়ারেন্টি আর সাথে ফ্রি ডেলিভারি। অফার সীমিত সময়ের জন্য। আজই মোবাইল অর্ডার করুন।,False,False
promo,Thalassemia disease থেকে বাঁচতে বিয়ের আগে blood test করিয়ে নিন । Patient ও carrier কিংবা carrier-এ carrier-এ বিয়ে নয়-Bangladesh Thalassemia Society।,CodeMix,Thalassemia disease থেকে বাঁচতে বিয়ের আগে blood test করিয়ে নিন । Patient ও carrier কিংবা carrier-এ carrier-এ বিয়ে নয়-Bangladesh Thalassemia Society।,False,False
promo,"“স্বাস্থ্য, পুষ্টি ও সমৃদ্ধি চাই, নিরাপদ খাদ্যের বিকল্প নাই”। ০২ ফেব্রুয়ারি জাতীয় নিরাপদ খাদ্য দিবস ২০২৪ সফল হোক। বাংলাদেশ নিরাপদ খাদ্য কর্তৃপক্ষ, খাদ্য মন্ত্রণালয়।",Bengali,"“স্বাস্থ্য, পুষ্টি ও সমৃদ্ধি চাই, নিরাপদ খাদ্যের বিকল্প নাই”। ০২ ফেব্রুয়ারি জাতীয় নিরাপদ খাদ্য দিবস ২০২৪ সফল হোক। বাংলাদেশ নিরাপদ খাদ্য কর্তৃপক্ষ, খাদ্য মন্ত্রণালয়।",False,False
promo,"150TK cashback-e shera offer 61GB+1000min@ 749TK, 30din: cutt.ly/NwYKElsc",Banglish,"150TK cashback-e shera offer 61GB+1000min@ 749TK, 30din: cutt.ly/NwYKElsc",False,False
promo,"Robi ২০০ TK recharge করুন এবং ৫০ TK extra bonus পান। Offer limited, first ১০০০ users only, hurry up and claim today",CodeMix,"Robi ২০০ TK recharge করুন এবং ৫০ TK extra bonus পান। Offer limited, first ১০০০ users only, hurry up and claim today",False,False
promo,"Hotshot cashback TK18! Hotspot deal e 22GB@TK179, 7din: cutt.ly/fwLo4TBP",Banglish,"Hotshot cashback TK18! Hotspot deal e 22GB@TK179, 7din: cutt.ly/fwLo4TBP",False,False
promo,জানুয়ারী-24 Recharge:0৳ খরচ: Data:0৳ Voice:23৳ Others:1৳,CodeMix,জানুয়ারী-24 Recharge:0৳ খরচ: Data:0৳ Voice:23৳ Others:1৳,False,False
promo,"Discount on our products. For details, contact this number: 01789654321.",English,"Discount on our products. For details, contact this number: [PHONE] .",False,True
promo,'Sheikh Hasina Youth Volunteer Award-2024' prodaner lokkhe 18-45 bochhorer jubder nikat hote dorkhasto ahban kora hoyeche. E bishoy e shokol tothyo jub o krira montronaloyer website e www.moysports.gov.bd pawa jabe.,Banglish,'Sheikh Hasina Youth Volunteer Award-2024' prodaner lokkhe 18-45 bochhorer jubder nikat hote dorkhasto ahban kora hoyeche. E bishoy e shokol tothyo jub o krira montronaloyer website e [URL] pawa jabe.,True,False
promo,Singer showroom anniversary sale! All electronics 45% off + 5 year extended warranty. Visit today!,English,Singer showroom anniversary sale! All electronics 45% off + 5 year extended warranty. Visit today!,False,False
promo,Bonus offer: 2GB-45TK-3days. Dial *121*5534# or mygp.li/my,English,Bonus offer: 2GB-45TK-3days. Dial *121*5534# or mygp.li/my,False,False
promo,"Data Mixer-এ করো pocket saving, নাও 10GB@৳249, 30দিন: cutt.ly/owARsARN",CodeMix,"Data Mixer-এ করো pocket saving, নাও 10GB@৳249, 30দিন: cutt.ly/owARsARN",False,False
promo,"Pocket saving on internet, get 10GB@TK158,7 days: cutt.ly/FwUC6vhp",English,"Pocket saving on internet, get 10GB@TK158,7 days: cutt.ly/FwUC6vhp",False,False
promo,New year offer! 40GB internet + 1000 minutes talk time only 299 TK. Robi users dial *123*40#,English,New year offer! 40GB internet + 1000 minutes talk time only 299 TK. Robi users dial *123*40#,False,False
promo,Banglalink গ্রাহকদের জন্য ২ জিবি মাত্র ২৯ টাকা। অফার সীমিত সময়ের জন্য।,Bengali,Banglalink গ্রাহকদের জন্য ২ জিবি মাত্র ২৯ টাকা। অফার সীমিত সময়ের জন্য।,False,False
promo,"80minute মাত্র 59টাকা (5দিন), নিতে dial করুন *121*4205#",CodeMix,"80minute মাত্র 59টাকা (5দিন), নিতে dial করুন *121*4205#",False,False
promo,Sheikh Hasina sarkarer safollo: 2008 shale 1 Mbps internet bandwidth er mullo chhilo 27 hajar TK bortomane ekdesh ekrate r awtay ta 60 TK te nirdharito hoyeche.,Banglish,Sheikh Hasina sarkarer safollo: 2008 shale 1 Mbps internet bandwidth er mullo chhilo 27 hajar TK bortomane ekdesh ekrate r awtay ta 60 TK te nirdharito hoyeche.,False,False
promo,Unimart fresh fest: Fruits and fish items up to 25% discount. Free home delivery across Dhaka city. Valid this week.,Banglish,Unimart fresh fest: Fruits and fish items up to 25% discount. Free home delivery across Dhaka city. Valid this week.,False,False
promo,"Daraz Fashion Week শুরু হয়েছে! শার্ট, প্যান্ট, শাড়ি আর অ্যাকসেসরিজে সর্বোচ্চ ৬০% ছাড়। কোড ব্যবহার করুন FASHION60। সীমিত সময়ের জন্য।",Bengali,"Daraz Fashion Week শুরু হয়েছে! শার্ট, প্যান্ট, শাড়ি আর অ্যাকসেসরিজে সর্বোচ্চ ৬০% ছাড়। কোড ব্যবহার করুন FASHION60। সীমিত সময়ের জন্য।",False,False
promo,"Sheikh Hasina government's success: In 2006, allocation for social security sector was only 2 thousand 505 crore taka. In 2023, it has increased to 1 lakh 26 thousand 272 crore taka.",English,"Sheikh Hasina government's success: In 2006, allocation for social security sector was only 2 thousand 505 crore taka. In 2023, it has increased to 1 lakh 26 thousand 272 crore taka.",False,False
promo,গ্রীষ্মের special offer from Airtel! Recharge করুন TK 150 এবং পাবেন 2GB data + 100 minutes. আজই activate করুন।,CodeMix,গ্রীষ্মের special offer from Airtel! Recharge করুন TK 150 এবং পাবেন 2GB data + 100 minutes. আজই activate করুন।,False,False
promo,Robi app recharge করলে ২০% extra credit। Hurry up!,CodeMix,Robi app recharge করলে ২০% extra credit। Hurry up!,False,False
promo,অনলাইনে ওষুধ কিনুন। ঢাকায় ৩০ মিনিটে হোম ডেলিভারি। ১০% ছাড়।,Bengali,অনলাইনে ওষুধ কিনুন। ঢাকায় ৩০ মিনিটে হোম ডেলিভারি। ১০% ছাড়।,False,False
promo,সানগ্লাসে স্পেশাল ডিসকাউন্ট! ব্র্যান্ডেড গ্লাসে ৪০% ছাড়।,Bengali,সানগ্লাসে স্পেশাল ডিসকাউন্ট! ব্র্যান্ডেড গ্লাসে ৪০% ছাড়।,False,False
promo,Public opinion is being collected to update the rate list. See BTRC website notice board for feedback (http://www.btrc.gov.bd/). Your valuable opinion is very important to us. -BTRC,English,Public opinion is being collected to update the rate list. See BTRC website notice board for feedback [URL] Your valuable opinion is very important to us. -BTRC,True,False
promo,Domino's special: Buy any large pizza get medium pizza FREE! Call 16307 or order online now.,English,Domino's special: Buy any large pizza get medium pizza FREE! Call 16307 or order online now.,False,False
promo,"Pathao Food mega offer: First order e paben flat 100TK discount! Minimum order 250TK. Use promo code PATHAO100. Hurry, ei chance miss korben na. Download app and enjoy food from top restaurants.",Banglish,"Pathao Food mega offer: First order e paben flat 100TK discount! Minimum order 250TK. Use promo code PATHAO100. Hurry, ei chance miss korben na. Download app and enjoy food from top restaurants.",False,False
promo,Robi eShop থেকে ল্যাপটপ কিনলে ফ্রি হেডফোন। স্টক শেষ হওয়া পর্যন্ত।,Bengali,Robi eShop থেকে ল্যাপটপ কিনলে ফ্রি হেডফোন। স্টক শেষ হওয়া পর্যন্ত।,False,False
promo,KFC bucket offer! 8 pieces chicken + 2 burgers = 599TK only. Call 16644.,Banglish,KFC bucket offer! 8 pieces chicken + 2 burgers = 599TK only. Call 16644.,False,False
promo,"৪০৳ ক্যাশব্যাক! ৪৬জিবি@৪৫৮৳, ৩০দিন, নিয়ে নাও এখনই: cutt.ly/GwWYCCfJ",Bengali,"৪০৳ ক্যাশব্যাক! ৪৬জিবি@৪৫৮৳, ৩০দিন, নিয়ে নাও এখনই: cutt.ly/GwWYCCfJ",False,False
promo,"গ্রামীণফোনের মিনিট অফার এখন আরো আকর্ষণীয়! ২৭ মিনিট ২৪ ঘন্টা, নিতে রিচার্জ বা বিকাশ করুন ১৯ টাকা।",Bengali,"গ্রামীণফোনের মিনিট অফার এখন আরো আকর্ষণীয়! ২৭ মিনিট ২৪ ঘন্টা, নিতে রিচার্জ বা বিকাশ করুন ১৯ টাকা।",False,False
promo,"200৳ cashback শেষ দিন, নাও 61GB+1000min@৳699, 30দিন: cutt.ly/FwQhpKHc",CodeMix,"200৳ cashback শেষ দিন, নাও 61GB+1000min@৳699, 30দিন: cutt.ly/FwQhpKHc",False,False
promo,"Pro-level ৳100 cashback-এ 35GB+500min.@৳399,30দিন cutt.ly/2wQlYv6U",CodeMix,"Pro-level ৳100 cashback-এ 35GB+500min.@৳399,30দিন cutt.ly/2wQlYv6U",False,False
promo,"Buy 1 Get 1 free at Aarong! এই offer টা valid 15th November পর্যন্ত। Don't miss out, সুযোগ হাতছাড়া করবেন না!",CodeMix,"Buy 1 Get 1 free at Aarong! এই offer টা valid 15th November পর্যন্ত। Don't miss out, সুযোগ হাতছাড়া করবেন না!",False,False
promo,"হেলথ সাপ্লিমেন্টে ছাড়! ভিটামিন, প্রোটিনে ৩৫% কমতি।",Bengali,"হেলথ সাপ্লিমেন্টে ছাড়! ভিটামিন, প্রোটিনে ৩৫% কমতি।",False,False
promo,"৳২৫ ক্যাশব্যাকে এবার আরো বেশি ডাটা ৫০জিবি@৳৪৭৩,৩০দিন cutt.ly/zwTmxzpd",Bengali,"৳২৫ ক্যাশব্যাকে এবার আরো বেশি ডাটা ৫০জিবি@৳৪৭৩,৩০দিন cutt.ly/zwTmxzpd",False,False
promo,Christmas-এর greetings। থাকছে 25% discount 31 December পর্যন্ত। 01713199270,CodeMix,Christmas-এর greetings। থাকছে 25% discount 31 December পর্যন্ত। [PHONE],False,True
promo,system-er man unnoyoner jonno 11 May raat 11:59 theke 12 May shokal 8ta porjonto Flexiload-er maddhome mobile recharge bondho thakbe. tobe ei shomoy MyGP app ba scratch card diye recharge kora jabe.,Banglish,system-er man unnoyoner jonno 11 May raat 11:59 theke 12 May shokal 8ta porjonto Flexiload-er maddhome mobile recharge bondho thakbe. tobe ei shomoy MyGP app ba scratch card diye recharge kora jabe.,False,False
promo,শুধু আজকের অফার! ৪০জিবি (বোনাসসহ) ৫০০টাকা ৩০দিন।ডায়াল *১২১*৫০৪৯# বা mygp.li/mo,Bengali,শুধু আজকের অফার! ৪০জিবি (বোনাসসহ) ৫০০টাকা ৩০দিন।ডায়াল *১২১*৫০৪৯# বা mygp.li/mo,False,False
promo,"Square Toiletries beauty products sale! All skincare items 35% off. Look beautiful, feel confident!",English,"Square Toiletries beauty products sale! All skincare items 35% off. Look beautiful, feel confident!",False,False
promo,"Nagad theke Grammenphone e 118Tk recharge e 118Tk cashback! 6 May, bikal 3ta-sondha 7ta, minute e 1m jon. Sathe 5GB, 7din! Dial *167#",Banglish,"Nagad theke Grammenphone e 118Tk recharge e 118Tk cashback! 6 May, bikal 3ta-sondha 7ta, minute e 1m jon. Sathe 5GB, 7din! Dial *167#",False,False
promo,"৪০TK chill cashback-এ ৩৫GB+৫০০min.@৪৫৯TK ৩০days, নাও: cutt.ly/0wO6Jggn",CodeMix,"৪০TK chill cashback-এ ৩৫GB+৫০০min.@৪৫৯TK ৩০days, নাও: cutt.ly/0wO6Jggn",False,False
promo,যেকোনো laptop কিনুন এবং একটি free mouse and keyboard পান। We have a wide range of products with amazing prices। Shop now!,CodeMix,যেকোনো laptop কিনুন এবং একটি free mouse and keyboard পান। We have a wide range of products with amazing prices। Shop now!,False,False
promo,"More chatting+interneting, get 5GB+150min@TK149, 7 days cutt.ly/owEyhCVt",English,"More chatting+interneting, get 5GB+150min@TK149, 7 days cutt.ly/owEyhCVt",False,False
promo,মেন্সওয়ার্ল্ড বসুন্ধরাসিটি নতুন শাখার উদ্বোধনে ফ্লাট৩০%ছাড়!cutt.ly/fmw,Bengali,মেন্সওয়ার্ল্ড বসুন্ধরাসিটি নতুন শাখার উদ্বোধনে ফ্লাট৩০%ছাড়!cutt.ly/fmw,False,False
promo,Shohoz Rides সব রাইডে ২০% ডিসকাউন্ট দিচ্ছে।,Bengali,Shohoz Rides সব রাইডে ২০% ডিসকাউন্ট দিচ্ছে।,False,False
promo,"[Pathao] Delivery charge now TK30!
Pathao Food's delivery charge is back to TK30.
Order now on Pathao Food: https://cutt.ly/QNMk4Eg",English,[Pathao] Delivery charge now TK30! Pathao Food's delivery charge is back to TK30. Order now on Pathao Food: [URL],True,False
promo,ওয়াচে মেগা অফার! স্মার্ট ওয়াচে ৫০০০ টাকা পর্যন্ত ছাড়।,Bengali,ওয়াচে মেগা অফার! স্মার্ট ওয়াচে ৫০০০ টাকা পর্যন্ত ছাড়।,False,False
promo,79 paisa per minute call rate offer for 15 days. Recharge with 119TK.,English,79 paisa per minute call rate offer for 15 days. Recharge with 119TK.,False,False
promo,New Year উপলক্ষে Daraz এ huge sale! Get up to 90% off on electronics and fashion। এখনই shop করুন!,CodeMix,New Year উপলক্ষে Daraz এ huge sale! Get up to 90% off on electronics and fashion। এখনই shop করুন!,False,False
promo,"200৳ cashback-এ সেরা offer 61GB+1000min@৳699,30দিন: cutt.ly/OwG5T3ub",CodeMix,"200৳ cashback-এ সেরা offer 61GB+1000min@৳699,30দিন: cutt.ly/OwG5T3ub",False,False
promo,Electronics পণ্য কিনলেই free shipping! Offer শেষ হবার আগে shop করুন।,CodeMix,Electronics পণ্য কিনলেই free shipping! Offer শেষ হবার আগে shop করুন।,False,False
promo,"পূর্বাচল ৩০নং সেক্টর সংলগ্ন ভরাট চলমান প্লট! কাঠা ১.৬ লক্ষ
01894841736",Bengali,পূর্বাচল ৩০নং সেক্টর সংলগ্ন ভরাট চলমান প্লট! কাঠা ১.৬ লক্ষ [PHONE],False,True
promo,"Purbachal সংলগ্ন Navana এর ৩,৫ ও ১০ katha এর plot কিনুন – ০১৮৪৭-২১৪০১৯",CodeMix,"Purbachal সংলগ্ন Navana এর ৩,৫ ও ১০ katha এর plot কিনুন – [PHONE]",False,True
promo,New arrival: সব summer clothes এখন ২৫% discount। Shop online বা nearest outlet এ visit করুন এবং free delivery পান,CodeMix,New arrival: সব summer clothes এখন ২৫% discount। Shop online বা nearest outlet এ visit করুন এবং free delivery পান,False,False
promo,"৳৩০ ক্যাশব্যাকে এবার আরো বেশি ডাটা ৫০জিবি@৳৪৬৮, ৩০দিন cutt.ly/QwE5OlXt",Bengali,"৳৩০ ক্যাশব্যাকে এবার আরো বেশি ডাটা ৫০জিবি@৳৪৬৮, ৩০দিন cutt.ly/QwE5OlXt",False,False
promo,"180TK cashback-e shera offer 61GB+1000mi@TK719, 30din: cutt.ly/wwE5YMXC",Banglish,"180TK cashback-e shera offer 61GB+1000mi@TK719, 30din: cutt.ly/wwE5YMXC",False,False
promo,"নতুন স্যামসাং ফোনে ১০% ডিসকাউন্ট! স্টক সীমিত, আজই কিনুন!",Bengali,"নতুন স্যামসাং ফোনে ১০% ডিসকাউন্ট! স্টক সীমিত, আজই কিনুন!",False,False
promo,দারাজ ১১.১১ সেল! সব ক্যাটাগরিতে মেগা ডিসকাউন্ট। ফ্ল্যাশ সেল শুরু!,Bengali,দারাজ ১১.১১ সেল! সব ক্যাটাগরিতে মেগা ডিসকাউন্ট। ফ্ল্যাশ সেল শুরু!,False,False
promo,special discount: shob laptop e 5% chhata. simitto stock.,Banglish,special discount: shob laptop e 5% chhata. simitto stock.,False,False
promo,"Fresh organic vegetables home delivery! Chemical free, healthy food. Order: freshveg.bd",Banglish,"Fresh organic vegetables home delivery! Chemical free, healthy food. Order: [URL]",True,False
promo,Robi Movie Pack: 50GB internet + 50 SMS free for only 249TK. Validity 15 days. Dial *123*249# to activate.,Banglish,Robi Movie Pack: 50GB internet + 50 SMS free for only 249TK. Validity 15 days. Dial *123*249# to activate.,False,False
promo,"এয়ারটেলের বিপ্লবী অফার - 'স্মার্ট স্টুডেন্ট প্যাক'! বিশেষভাবে ছাত্র-ছাত্রীদের জন্য ডিজাইন করা এই প্যাকেজে মাত্র ২৪৯ টাকায় পাবেন ২৫ জিবি ইন্টারনেট, সব নেটওয়ার্কে ১৫০ মিনিট কল, এবং ৫০০ SMS। বিশেষ বোনাস হিসেবে পাবেন শিক্ষামূলক অ্যাপ যেমন Khan Academy, Coursera এবং Udemy তে আনলিমিটেড এক্সেস। এছাড়াও রাত ১২টা থেকে ভোর ৬টা পর্যন্ত সব ডেটা ফ্রি। এই অফার শুধুমাত্র স্টুডেন্ট ID কার্ড দেখিয়ে নিতে পারবেন।",Bengali,"এয়ারটেলের বিপ্লবী অফার - 'স্মার্ট স্টুডেন্ট প্যাক'! বিশেষভাবে ছাত্র-ছাত্রীদের জন্য ডিজাইন করা এই প্যাকেজে মাত্র ২৪৯ টাকায় পাবেন ২৫ জিবি ইন্টারনেট, সব নেটওয়ার্কে ১৫০ মিনিট কল, এবং ৫০০ SMS। বিশেষ বোনাস হিসেবে পাবেন শিক্ষামূলক অ্যাপ যেমন Khan Academy, Coursera এবং Udemy তে আনলিমিটেড এক্সেস। এছাড়াও রাত ১২টা থেকে ভোর ৬টা পর্যন্ত সব ডেটা ফ্রি। এই অফার শুধুমাত্র স্টুডেন্ট ID কার্ড দেখিয়ে নিতে পারবেন।",False,False
promo,Cotton World shirt collection! Buy 2 get 1 free offer. All showrooms.,Banglish,Cotton World shirt collection! Buy 2 get 1 free offer. All showrooms.,False,False
promo,"Lee Cooper London's Winter Collection Moccasin shoes, polo shirts, jeans Hurry up",English,"Lee Cooper London's Winter Collection Moccasin shoes, polo shirts, jeans Hurry up",False,False
promo,Airtel 4G এর unlimited data pack এখন discounted price এ। Subscribe করুন এখনই!,CodeMix,Airtel 4G এর unlimited data pack এখন discounted price এ। Subscribe করুন এখনই!,False,False
promo,"Barir decor item e 20% chhar. Stock shimit, deri korben na.",Banglish,"Barir decor item e 20% chhar. Stock shimit, deri korben na.",False,False
promo,"[Pathao] Deliver charge ekhon TK30!
Pathao Food er delivery charge ekhon TK30 fire esheche.
Ekhoni order korun Pathao Food e: https://cutt.ly/QNMk4Eg",Banglish,[Pathao] Deliver charge ekhon TK30! Pathao Food er delivery charge ekhon TK30 fire esheche. Ekhoni order korun Pathao Food e: [URL],True,False
promo,একটি large pizza কিনলে একটি free পাবেন। This exclusive offer আমাদের valued customers দের জন্য। Order now!,CodeMix,একটি large pizza কিনলে একটি free পাবেন। This exclusive offer আমাদের valued customers দের জন্য। Order now!,False,False
promo,"200minute (30din) 174 taka, Dial *121*4410# ba https://mygp.li/v1",Banglish,"200minute (30din) 174 taka, Dial *121*4410# ba [URL]",True,False
promo,"Great Victory Day-তে সবাইকে জানাই wishes।  
দিলীপ কুমার আগরওয়ালা",CodeMix,Great Victory Day-তে সবাইকে জানাই wishes। দিলীপ কুমার আগরওয়ালা,False,False
promo,"Today's offer: 15% off on all jewelry. Limited stock, buy now!",English,"Today's offer: 15% off on all jewelry. Limited stock, buy now!",False,False
promo,Samsung Galaxy A54 with free earbuds! EMI starts from 2500 TK monthly. Visit Transcom Digital!,English,Samsung Galaxy A54 with free earbuds! EMI starts from 2500 TK monthly. Visit Transcom Digital!,False,False
promo,"মোবাইল অ্যাক্সেসরিজে অফার! কেস, চার্জার, হেডফোনে ২৫% ছাড়।",Bengali,"মোবাইল অ্যাক্সেসরিজে অফার! কেস, চার্জার, হেডফোনে ২৫% ছাড়।",False,False
promo,Grameenphone Valentine offer! Girlfriend ke surprise din 1GB internet gift kore. Details: *121*3#,Banglish,Grameenphone Valentine offer! Girlfriend ke surprise din 1GB internet gift kore. Details: *121*3#,False,False
promo,Ifad Autos Suzuki car fair! All models 10% discount with 5 year warranty. Test drive available!,English,Ifad Autos Suzuki car fair! All models 10% discount with 5 year warranty. Test drive available!,False,False
promo,January-24 Recharge:0TK Expense: Data:0TK Voice:23TK Others:1TK,English,January-24 Recharge:0TK Expense: Data:0TK Voice:23TK Others:1TK,False,False
promo,"Daraz 11.11 mega sale coming! Electronics, fashion, and groceries up to 80% discount. Free delivery and flash deals every hour. Shop now at daraz.com.bd and save big before stock runs out.",Banglish,"Daraz 11.11 mega sale coming! Electronics, fashion, and groceries up to 80% discount. Free delivery and flash deals every hour. Shop now at [URL] and save big before stock runs out.",True,False
promo,এয়ারটেল বিশেষ অফার! ১জিবি ডেটা মাত্র ১২ টাকা। ৭ দিনের মেয়াদ। *৫৫৫# ডায়াল করুন।,Bengali,এয়ারটেল বিশেষ অফার! ১জিবি ডেটা মাত্র ১২ টাকা। ৭ দিনের মেয়াদ। *৫৫৫# ডায়াল করুন।,False,False
promo,"Pro-level TK55 cashback-e 35GB+500min.@TK444,30din: cutt.ly/XernQ63M",Banglish,"Pro-level TK55 cashback-e 35GB+500min.@TK444,30din: cutt.ly/XernQ63M",False,False
promo,"Let Eid shopping be with Diamond World, enjoy 25% discount on diamond jewelry and attractive gold collection. Visit:qrco.de/beuAOs, 01713199270",English,"Let Eid shopping be with Diamond World, enjoy 25% discount on diamond jewelry and attractive gold collection. Visit:qrco.de/beuAOs, [PHONE]",False,True
promo,Masco Group job circular! Management trainee positions available. Salary 50000 TK. Apply: mascojobs.bd!,English,Masco Group job circular! Management trainee positions available. Salary 500 TK. Apply: [URL],True,False
promo,"Golden Harvest agro products fair! Seeds, fertilizers, tools 15% discount. Boost your harvest!",English,"Golden Harvest agro products fair! Seeds, fertilizers, tools 15% discount. Boost your harvest!",False,False
promo,"Even if you can't see the 'My Challenge' icon in bKash app from June 2, you will get cashback by enjoying bKash offers. Stay with bKash app.",English,"Even if you can't see the 'My Challenge' icon in bKash app from June 2, you will get cashback by enjoying bKash offers. Stay with bKash app.",False,False
promo,"Berger paint 40% discount! Interior, exterior paints available. Visit dealer today.",Banglish,"Berger paint 40% discount! Interior, exterior paints available. Visit dealer today.",False,False
promo,ডিজিটাল গ্যাজেটের উপর ১৫% ডিসকাউন্ট! আজই কেনাকাটা করুন এবং বোনাস পান।,Bengali,ডিজিটাল গ্যাজেটের উপর ১৫% ডিসকাউন্ট! আজই কেনাকাটা করুন এবং বোনাস পান।,False,False
promo,Walton refrigerator exchange offer! Get 15000 TK off on new purchase with old appliance exchange.,English,Walton refrigerator exchange offer! Get 15000 TK off on new purchase with old appliance exchange.,False,False
promo,"Humble tribute on the 47th martyrdom anniversary of Bangabandhu Sheikh Mujibur Rahman, the greatest Bengali of all time - Ministry of Posts & Telecommunications",English,"Humble tribute on the 47th martyrdom anniversary of Bangabandhu Sheikh Mujibur Rahman, the greatest Bengali of all time - Ministry of Posts & Telecommunications",False,False
promo,Unimart fresh fest: Fruits and vegetables up to 30% discount. Delivery free for orders above 1500TK. Valid till 20th Sept.,Banglish,Unimart fresh fest: Fruits and vegetables up to 30% discount. Delivery free for orders above 1500TK. Valid till 20th Sept.,False,False
promo,City Bank credit card special! 0% interest for 12 months on all purchases. Apply today: 16234!,English,City Bank credit card special! 0% interest for 12 months on all purchases. Apply today: 16234!,False,False
promo,Flat ১০% discount entire store। Code: FLAT10। Online only।,CodeMix,Flat ১০% discount entire store। Code: FLAT10। Online only।,False,False
promo,"ঢাকা-মাওয়া এক্সপ্রেসওয়ে সংলগ্ন আবাসিক প্লট কাঠা নিম্ন২লক্ষ
01894939231",Bengali,ঢাকা-মাওয়া এক্সপ্রেসওয়ে সংলগ্ন আবাসিক প্লট কাঠা নিম্ন২লক্ষ [PHONE],False,True
promo,25% discount on diamond jewelry on Valentine's Day till 15/02/2024. 01713199270,English,25% discount on diamond jewelry on Valentine's Day till 15/02/2024. [PHONE],False,True
promo,Richman ice cream factory outlet: Premium ice cream 40% off!,English,Richman ice cream factory outlet: Premium ice cream 40% off!,False,False
promo,home loan membership offer! Annual fee only 8962 TK. Benefits: free services!,English,home loan membership offer! Annual fee only 8962 TK. Benefits: free services!,False,False
promo,Digital gadget-এ ১৫% discount! আজই shop করুন এবং bonus পান।,CodeMix,Digital gadget-এ ১৫% discount! আজই shop করুন এবং bonus পান।,False,False
promo,Bashundhara Group shopping festival! All retail outlets 50% discount weekend. Shop till you drop!,English,Bashundhara Group shopping festival! All retail outlets 50% discount weekend. Shop till you drop!,False,False
promo,Sheikh Hasina government's achievements: গত ১৪ বছরে ১৪৪১km বাঁধ নির্মাণ করে ৪.৪৩ লাখ হেক্টর flood control ও drainage সুবিধা।,CodeMix,Sheikh Hasina government's achievements: গত ১৪ বছরে ১৪৪১km বাঁধ নির্মাণ করে ৪.৪৩ লাখ হেক্টর flood control ও drainage সুবিধা।,False,False
promo,Domino's pizza buy 1 get 1 free! Today only. Order online or call 09666707070,Banglish,Domino's pizza buy 1 get 1 free! Today only. Order online or call [PHONE],False,True
promo,স্পেশাল ডিসকাউন্ট: সব ল্যাপটপে ৫% ছাড়। সীমিত স্টক।,Bengali,স্পেশাল ডিসকাউন্ট: সব ল্যাপটপে ৫% ছাড়। সীমিত স্টক।,False,False
promo,"Loto li Cooper e
Nogod payment e BMW jetar sujog
Bikash e 10% cashback
Shopr",Banglish,Loto li Cooper e Nogod payment e BMW jetar sujog Bikash e 10% cashback Shopr,False,False
promo,Bikash app e skitto deals e 30taka porjonto cashback cutt.ly/8HBaVWF,Banglish,Bikash app e skitto deals e 30taka porjonto cashback cutt.ly/8HBaVWF,False,False
promo,"Purbachal 30no sector shonglogne vorat cholman plot! Katha 1.6 lakh
01894841736",Banglish,Purbachal 30no sector shonglogne vorat cholman plot! Katha 1.6 lakh [PHONE],False,True
promo,Apnar favourite brand-er upor 30% porjonto chhar! Offer simito shomoyer jonno.,Banglish,Apnar favourite brand-er upor 30% porjonto chhar! Offer simito shomoyer jonno.,False,False
promo,"নতুন Samsung phone-এ 10% discount! Stock limited, আজই buy করুন!",CodeMix,"নতুন Samsung phone-এ 10% discount! Stock limited, আজই buy করুন!",False,False
promo,"Hotshot cashback TK18! 22GB@TK179 in hotspot deal, 7 days: cutt.ly/fwLo4TBP",English,"Hotshot cashback TK18! 22GB@TK179 in hotspot deal, 7 days: cutt.ly/fwLo4TBP",False,False
promo,Evaly mega sale! Fashion items e 50% off. Limited stock available.,Banglish,Evaly mega sale! Fashion items e 50% off. Limited stock available.,False,False
promo,GP App দিয়ে বিল পরিশোধ করলে পাচ্ছেন ১০% ইনস্ট্যান্ট ক্যাশব্যাক। অফার বৈধ মাসের শেষ পর্যন্ত।,Bengali,GP App দিয়ে বিল পরিশোধ করলে পাচ্ছেন ১০% ইনস্ট্যান্ট ক্যাশব্যাক। অফার বৈধ মাসের শেষ পর্যন্ত।,False,False
promo,"5 June Bishwo Poribesh Dibosh 2023. E bochhorer protipadyo: Plastic dushon somadane shamil hoi shokole. E bochhorer slogan: Shobai mile kori pon, bondho hobe plastic dushon. -Poribesh, Bon o Jolbayu Poriborton Montronaloy.",Banglish,"5 June Bishwo Poribesh Dibosh 2023. E bochhorer protipadyo: Plastic dushon somadane shamil hoi shokole. E bochhorer slogan: Shobai mile kori pon, bondho hobe plastic dushon. -Poribesh, Bon o Jolbayu Poriborton Montronaloy.",False,False
promo,"TK30 cashback pro-level data deal-22GB@TK167,7 days cutt.ly/7w9OKeZ2",English,"TK30 cashback pro-level data deal-22GB@TK167,7 days cutt.ly/7w9OKeZ2",False,False
promo,"২০০৳ ক্যাশব্যাকে সেরা অফার ৬১জিবি+১০০০মি@৳৬৯৯, ৩০দিন: cutt.ly/FwQhpKHc",Bengali,"২০০৳ ক্যাশব্যাকে সেরা অফার ৬১জিবি+১০০০মি@৳৬৯৯, ৩০দিন: cutt.ly/FwQhpKHc",False,False
promo,"Esquire Electronics smartphone festival: iPhone, Samsung, Xiaomi great prices!",English,"Esquire Electronics smartphone festival: iPhone, Samsung, Xiaomi great prices!",False,False
promo,GP 10GB internet only 148TK! Recharge korun 1212345 number e or visit gp.com.bd,Banglish,GP 10GB internet only 148TK! Recharge korun 1212345 number e or visit [URL],True,False
promo,GP App দিয়ে প্রথমবার রিচার্জে পাচ্ছেন ৫০ টাকা বোনাস। আজই চেষ্টা করুন।,Bengali,GP App দিয়ে প্রথমবার রিচার্জে পাচ্ছেন ৫০ টাকা বোনাস। আজই চেষ্টা করুন।,False,False
promo,GP STAR গ্রাহকরা আজ পাচ্ছেন ৫০০ টাকার শপিং ভাউচার। Daraz-এ ব্যবহার করুন।,Bengali,GP STAR গ্রাহকরা আজ পাচ্ছেন ৫০০ টাকার শপিং ভাউচার। Daraz-এ ব্যবহার করুন।,False,False
promo,Free delivery shob order e. Shimito shomoyer jonno.,Banglish,Free delivery shob order e. Shimito shomoyer jonno.,False,False
promo,"Summer festival: সব shirts, jeans, shoes ৩০% discount। Shop online অথবা nearest store visit করুন",CodeMix,"Summer festival: সব shirts, jeans, shoes ৩০% discount। Shop online অথবা nearest store visit করুন",False,False
promo,Chaldal.com grocery delivery! Fresh vegetables at your doorstep. Order via app.,Banglish,[URL] grocery delivery! Fresh vegetables at your doorstep. Order via app.,True,False
promo,"Do full internet! Take 10GB@200TK, 30 days: cutt.ly/GwYJBDuV",English,"Do full internet! Take 10GB@200TK, 30 days: cutt.ly/GwYJBDuV",False,False
promo,"Summer collection: সব t-shirts, jeans, এবং shoes ২০% discount। Shop online অথবা nearest store visit করুন",CodeMix,"Summer collection: সব t-shirts, jeans, এবং shoes ২০% discount। Shop online অথবা nearest store visit করুন",False,False
promo,100TK cashback shesh din! 31GB+450mi.@ 399TK 30din: cutt.ly/2wQlYv6U,Banglish,100TK cashback shesh din! 31GB+450mi.@ 399TK 30din: cutt.ly/2wQlYv6U,False,False
promo,"TK100 cashback! 30GB+500min. @TK399,30days: cutt.ly/AwkY4L2C",English,"TK100 cashback! 30GB+500min. @TK399,30days: cutt.ly/AwkY4L2C",False,False
promo,"এপ্রিল-২৪
রিচার্জ:0৳
খরচ:
ডেটা:19৳
ভয়েস:66৳
অন্যান্য:0৳",Bengali,এপ্রিল-২৪ রিচার্জ:0৳ খরচ: ডেটা:19৳ ভয়েস:66৳ অন্যান্য:0৳,False,False
promo,Banglalink internet package! 30GB internet 30 days validity 299TK. *5000*41#,Banglish,Banglalink internet package! 30GB internet 30 days validity 299TK. *5000*41#,False,False
promo,Big Sale: Beximco fashion এ ৩৫% discount। Shop করুন online এখনই!,CodeMix,Big Sale: Beximco fashion এ ৩৫% discount। Shop করুন online এখনই!,False,False
promo,"Shoptahjure pro-level interneting, nao 25GB@219TK: cutt.ly/2wEyml8b",Banglish,"Shoptahjure pro-level interneting, nao 25GB@219TK: cutt.ly/2wEyml8b",False,False
promo,"প্রো-লেভেল ইন্টারনেটিংয়ে পকেট সেভিং- ৩জিবি@৳৯৮,৭ দিন cutt.ly/9wEyjoLc",Bengali,"প্রো-লেভেল ইন্টারনেটিংয়ে পকেট সেভিং- ৩জিবি@৳৯৮,৭ দিন cutt.ly/9wEyjoLc",False,False
promo,"হ্যাপি নিউ ইয়ার - ২০২৪
স্মার্ট ব্যাংকিং সেবায় সোনালী ব্যাংক
সর্বদাই আপনার পাশে
মোঃ আফজাল করিম
সিইও এন্ড এমডি",Bengali,হ্যাপি নিউ ইয়ার - ২০২৪ স্মার্ট ব্যাংকিং সেবায় সোনালী ব্যাংক সর্বদাই আপনার পাশে মোঃ আফজাল করিম সিইও এন্ড এমডি,False,False
promo,"শুধুমাত্র MyGP তে new SIM এর offer এখন 2GB internet মাত্র TK 17 তে,validity 7 days(monthly maximum একবার)।Visit করুন https://mygp.li/ga",CodeMix,"শুধুমাত্র MyGP তে new SIM এর offer এখন 2GB internet মাত্র TK 17 তে,validity 7 days(monthly maximum একবার)।Visit করুন [URL]",True,False
promo,Evaly Carnival: Home appliances and kitchen items up to 70% discount. EMI option up to 18 months. Shop now before stock ends.,Banglish,Evaly Carnival: Home appliances and kitchen items up to 70% discount. EMI option up to 18 months. Shop now before stock ends.,False,False
promo,শাহী বাজারে বিশাল ছাড়! সব গহনায় ৩০% পর্যন্ত কমতি। আজই আসুন।,Bengali,শাহী বাজারে বিশাল ছাড়! সব গহনায় ৩০% পর্যন্ত কমতি। আজই আসুন।,False,False
promo,Bonus offer: 1GB-30TK-3days. Dial *121*5215# or https://mygp.li/mo,English,Bonus offer: 1GB-30TK-3days. Dial *121*5215# or [URL],True,False
promo,Up to 20% discount on online shopping! Use the code to avail.,English,Up to 20% discount on online shopping! Use the code to avail.,False,False
promo,আজই last day! Bonus সহ 2GB-35টাকা-7দিন। Dial *121*5037# বা mygp.li/mo,CodeMix,আজই last day! Bonus সহ 2GB-35টাকা-7দিন। Dial *121*5037# বা mygp.li/mo,False,False
promo,May month-এ 5GB-এর বেশি use করে পাও ৪৫paisa/min call rate- cutt.ly/0AA4sic,CodeMix,May month-এ 5GB-এর বেশি use করে পাও ৪৫paisa/min call rate- cutt.ly/0AA4sic,False,False
promo,Robi eShop থেকে ল্যাপটপ কিনলে ফ্রি ব্যাগ ও মাউস পাচ্ছেন। সীমিত সময়ের অফার।,Bengali,Robi eShop থেকে ল্যাপটপ কিনলে ফ্রি ব্যাগ ও মাউস পাচ্ছেন। সীমিত সময়ের অফার।,False,False
promo,"১২৫৳ ক্যাশব্যাকে সেরা অফার ৬১জিবি+১০০০মি@৳৭৭৪, ৩০দিন: cutt.ly/8wBQC0MC",Bengali,"১২৫৳ ক্যাশব্যাকে সেরা অফার ৬১জিবি+১০০০মি@৳৭৭৪, ৩০দিন: cutt.ly/8wBQC0MC",False,False
promo,"Ajker offer: shob jewelery-te 15% chhar. Stock shimito, ekhoni kinun!",Banglish,"Ajker offer: shob jewelery-te 15% chhar. Stock shimito, ekhoni kinun!",False,False
promo,Gentle Park shopping mall grand opening! 70% discounts on everything!,English,Gentle Park shopping mall grand opening! 70% discounts on everything!,False,False
promo,অনলাইন গেমিংয়ে বোনাস! প্রথম ডিপোজিটে ১০০% এক্সট্রা।,Bengali,অনলাইন গেমিংয়ে বোনাস! প্রথম ডিপোজিটে ১০০% এক্সট্রা।,False,False
promo,"Save pocket with data mixer, get 60GB@ TK569, 30days: cutt.ly/HwQzEu9E",English,"Save pocket with data mixer, get 60GB@ TK569, 30days: cutt.ly/HwQzEu9E",False,False
promo,"৪০TK cashback! ৪৬GB @৪৫৮TK, ৩০days, get now: cutt.ly/GwWYCCfJ",CodeMix,"৪০TK cashback! ৪৬GB @৪৫৮TK, ৩০days, get now: cutt.ly/GwWYCCfJ",False,False
promo,Shohoz Bike Ride: First 5 rides free up to 50TK each. New users only. Promo code BIKE50.,Banglish,Shohoz Bike Ride: First 5 rides free up to 50TK each. New users only. Promo code BIKE50.,False,False
promo,"Pickaboo এ চলছে Mega Sale! সব smartphones এ up to 12% discount. আজই order করুন, stock limited।",CodeMix,"Pickaboo এ চলছে Mega Sale! সব smartphones এ up to 12% discount. আজই order করুন, stock limited।",False,False
promo,"হোম অ্যাপ্লায়েন্সে মেগা সেল! ফ্রিজ, AC তে বিশাল ছাড়।",Bengali,"হোম অ্যাপ্লায়েন্সে মেগা সেল! ফ্রিজ, AC তে বিশাল ছাড়।",False,False
promo,"বাংলাদেশ নৌবাহিনীতে সরাসরি কমিশন্ড অফিসার পদে নিয়োগ চলছে। 
ভিজিট করুনঃ www.joinnavy.navy.mil.bd
",Bengali,বাংলাদেশ নৌবাহিনীতে সরাসরি কমিশন্ড অফিসার পদে নিয়োগ চলছে। ভিজিট করুনঃ [URL],True,False
promo,Pathao Rides-এ ২০% ডিসকাউন্ট! কোড: RIDE20 ব্যবহার করুন। বৈধতা ৩ দিন।,Bengali,Pathao Rides-এ ২০% ডিসকাউন্ট! কোড: RIDE20 ব্যবহার করুন। বৈধতা ৩ দিন।,False,False
promo,ACI furniture special offer! 65% off + cashback. Visit showroom!,English,ACI furniture special offer! 65% off + cashback. Visit showroom!,False,False
promo,Bangladesh Noubahineete officer cadet pode niyog cholche. Visit korun: www.joinnavy.navy.mil.bd,Banglish,Bangladesh Noubahineete officer cadet pode niyog cholche. Visit korun: [URL],True,False
promo,"২০০৳ ক্যাশব্যাক শেষ দিন! ৬১জিবি+১০০০মি@৳৬৯৯,৩০দিন: cutt.ly/OwG5T3ub",Bengali,"২০০৳ ক্যাশব্যাক শেষ দিন! ৬১জিবি+১০০০মি@৳৬৯৯,৩০দিন: cutt.ly/OwG5T3ub",False,False
promo,Banglalink Game Portal-এ সাবস্ক্রিপশন এখন মাত্র ১২ টাকা প্রতিদিন। খেলা হোক আরও মজার। সক্রিয় করতে *5000# ডায়াল করুন।,Bengali,Banglalink Game Portal-এ সাবস্ক্রিপশন এখন মাত্র ১২ টাকা প্রতিদিন। খেলা হোক আরও মজার। সক্রিয় করতে *5000# ডায়াল করুন।,False,False
promo,"Double century cashback TK200!61GB+1000mi@TK699, 30din cutt.ly/FwQhpKHc",Banglish,"Double century cashback TK200!61GB+1000mi@TK699, 30din cutt.ly/FwQhpKHc",False,False
promo,Limited time offer! 40GB (with bonus) TK500 for 30 days. Dial *121*5049# or mygp.li/mo,English,Limited time offer! 40GB (with bonus) TK500 for 30 days. Dial *121*5049# or mygp.li/mo,False,False
promo,"অনূর্ধ্ব ১৮ বছর বয়সী বাংলাদেশী শিশু-কিশোর এবং সংশ্লিষ্ট প্রতিষ্ঠানসমূহ হতে ‘শেখ রাসেল পদক’ এর আবেদনপত্র অনলাইনে আহবান করা যাচ্ছে। আবেদনের শেষ সময় ২০ মে, ২০২৩। বিস্তারিতঃ www.award.sheikhrussel.gov.bd
",Bengali,"অনূর্ধ্ব ১৮ বছর বয়সী বাংলাদেশী শিশু-কিশোর এবং সংশ্লিষ্ট প্রতিষ্ঠানসমূহ হতে ‘শেখ রাসেল পদক’ এর আবেদনপত্র অনলাইনে আহবান করা যাচ্ছে। আবেদনের শেষ সময় ২০ মে, ২০২৩। বিস্তারিতঃ [URL]",True,False
promo,Bashundhara Paper Mills office supplies sale! All stationery items 25% discount. Bulk orders welcome!,English,Bashundhara Paper Mills office supplies sale! All stationery items 25% discount. Bulk orders welcome!,False,False
promo,"গ্রীষ্মের special discount at shops! সব items এ amazing offers. Hurry, offer valid soon.",CodeMix,"গ্রীষ্মের special discount at shops! সব items এ amazing offers. Hurry, offer valid soon.",False,False
promo,আজ ধানমন্ডি শাখার শুভ উদ্বোধনে ফ্ল্যাট৫০%ছাড়! ০১৮৯৬০০১৯২৯ cutt.ly/fmw,Bengali,আজ ধানমন্ডি শাখার শুভ উদ্বোধনে ফ্ল্যাট৫০%ছাড়! [PHONE] cutt.ly/fmw,False,True
promo,"data mixer e koro pocket saving, nao 60GB@TK569, 30din: cutt.ly/HwQzEu9E",Banglish,"data mixer e koro pocket saving, nao 60GB@TK569, 30din: cutt.ly/HwQzEu9E",False,False
promo,GP internet binge offer: 20GB only 399TK for 30 days! Perfect for students and heavy users. Dial *121*399# or activate via MyGP app today.,Banglish,GP internet binge offer: 20GB only 399TK for 30 days! Perfect for students and heavy users. Dial *121*399# or activate via MyGP app today.,False,False
promo,Square appliances special offer! 55% off + warranty. Call now!,English,Square appliances special offer! 55% off + warranty. Call now!,False,False
promo,Fair and Lovely skin care products 30% off! All cosmetic stores. Additional gift with purchase above 800 TK!,English,Fair and Lovely skin care products 30% off! All cosmetic stores. Additional gift with purchase above 800 TK!,False,False
promo,"Candidates interested in participating in the 12th National Parliament Election can submit nomination papers online alongside the traditional method. To submit nominations online, visit the commission's website www.ecs.gov.bd-EC",English,"Candidates interested in participating in the 12th National Parliament Election can submit nomination papers online alongside the traditional method. To submit nominations online, visit the commission's website [URL]",True,False
promo,"Robi ৫০০ TK recharge করে ১২০ TK bonus পান। Offer valid until ১৫ Sep, hurry up, first ৫০০ users only",CodeMix,"Robi ৫০০ TK recharge করে ১২০ TK bonus পান। Offer valid until ১৫ Sep, hurry up, first ৫০০ users only",False,False
promo,Will Dhoni lift the trophy? Watch IPL Final cutt.ly/ywqDAPVv,English,Will Dhoni lift the trophy? Watch IPL Final cutt.ly/ywqDAPVv,False,False
promo,Special discount: সব laptops এ ৫% discount। limited stock।,CodeMix,Special discount: সব laptops এ ৫% discount। limited stock।,False,False
promo,"Beshi beshi adda+interneting,nao 5GB+150min@TK159,7din cutt.ly/owEyhCVt",Banglish,"Beshi beshi adda+interneting,nao 5GB+150min@TK159,7din cutt.ly/owEyhCVt",False,False
promo,LOTO-তে শুধুমাত্র আজকের offer নির্দিষ্ট product-এ ১টি কিনলে ১টি free,CodeMix,LOTO-তে শুধুমাত্র আজকের offer নির্দিষ্ট product-এ ১টি কিনলে ১টি free,False,False
promo,Big Sale: আর আজই Beximco fashion এ ৩০% discount। Don’t miss out!,CodeMix,Big Sale: আর আজই Beximco fashion এ ৩০% discount। Don’t miss out!,False,False
promo,Offer: 10% cashback on all electronics. Code: ELEC10.,English,Offer: 10% cashback on all electronics. Code: ELEC10.,False,False
promo,"GP গ্রাহকরা আজ পাচ্ছেন ৩ জিবি মাত্র ৪৯ টাকা, বৈধতা ৩ দিন। *121*49# ডায়াল করুন। অফার আজ রাত পর্যন্ত।",Bengali,"GP গ্রাহকরা আজ পাচ্ছেন ৩ জিবি মাত্র ৪৯ টাকা, বৈধতা ৩ দিন। *121*49# ডায়াল করুন। অফার আজ রাত পর্যন্ত।",False,False
promo,"Internet ing e pocket saving, nao 10GB@TK158, 7din: cutt.ly/FwUC6vhp",Banglish,"Internet ing e pocket saving, nao 10GB@TK158, 7din: cutt.ly/FwUC6vhp",False,False
promo,Electronics ponny-te mega sale! Shob ponny-te 10-50% chhar. Ajei visit korun.,Banglish,Electronics ponny-te mega sale! Shob ponny-te 10-50% chhar. Ajei visit korun.,False,False
promo,"New deal in chat+interneting 10GB+300min@296TK,30 days:cutt.ly/QwFwTH3J",English,"New deal in chat+interneting 10GB+300min@296TK,30 days:cutt.ly/QwFwTH3J",False,False
promo,Furniture e mega sale! Shob pnoye 15-30% discount. Ajii visit korun.,Banglish,Furniture e mega sale! Shob pnoye 15-30% discount. Ajii visit korun.,False,False
promo,Dhoni র হাতে কি উঠবে trophy? দেখুন IPL final cutt.ly/ywqDAPVv,CodeMix,Dhoni র হাতে কি উঠবে trophy? দেখুন IPL final cutt.ly/ywqDAPVv,False,False
promo,"Lee Cooper e flat 50% chhar Shokol shirt, jeans, gabardine Aj o kal Shopr",Banglish,"Lee Cooper e flat 50% chhar Shokol shirt, jeans, gabardine Aj o kal Shopr",False,False
promo,আমাদের নতুন product line থেকে যেকোনো item কিনলে ৳650 cashback পাবেন। This offer is only for this week।,CodeMix,আমাদের নতুন product line থেকে যেকোনো item কিনলে ৳650 cashback পাবেন। This offer is only for this week।,False,False
promo,April-e 5GB data use kore May mash-e pabe lowest call rate- cutt.ly/0AA4sic,Banglish,April-e 5GB data use kore May mash-e pabe lowest call rate- cutt.ly/0AA4sic,False,False
promo,"Fagun-এর গুনগুন deal নাও- 13GB@113৳, 3দিন: cutt.ly/0wVxZ5vA",CodeMix,"Fagun-এর গুনগুন deal নাও- 13GB@113৳, 3দিন: cutt.ly/0wVxZ5vA",False,False
promo,"পূর্বাচল সংলগ্ন নাভানা'র ৩,৫ ও ১০ কাঠার প্লট কিনুন – ০১৮৪৭-২১৪০১৮",Bengali,"পূর্বাচল সংলগ্ন নাভানা'র ৩,৫ ও ১০ কাঠার প্লট কিনুন – [PHONE]",False,True
promo,Special offer for new clients! 20% discount on our service.,English,Special offer for new clients! 20% discount on our service.,False,False
promo,Robi Music App সাবস্ক্রিপশন ৩০ দিনের জন্য মাত্র ৩৯ টাকা। গান শুনুন সীমাহীন।,Bengali,Robi Music App সাবস্ক্রিপশন ৩০ দিনের জন্য মাত্র ৩৯ টাকা। গান শুনুন সীমাহীন।,False,False
promo,"Robi গ্রাহকগণ, মাসিক প্যাক ৬০জিবি মাত্র ৫৯৯ টাকা। ডায়াল করুন *123*599#।",Bengali,"Robi গ্রাহকগণ, মাসিক প্যাক ৬০জিবি মাত্র ৫৯৯ টাকা। ডায়াল করুন *123*599#।",False,False
promo,Bashundhara Tissue paper factory outlet! All tissue products 35% discount. Hygiene at affordable prices!,English,Bashundhara Tissue paper factory outlet! All tissue products 35% discount. Hygiene at affordable prices!,False,False
promo,"প্রো-লেভেল আড্ডা+ইন্টারনেটিং-১০জিবি+২৫০মি@২৫৮৳,৩০দিন cutt.ly/wwCctHGF",Bengali,"প্রো-লেভেল আড্ডা+ইন্টারনেটিং-১০জিবি+২৫০মি@২৫৮৳,৩০দিন cutt.ly/wwCctHGF",False,False
promo,Shudhu ajke 100Tk cashback! 50GB @398Tk 30din: cutt.ly/hwltB5hC,Banglish,Shudhu ajke 100Tk cashback! 50GB @398Tk 30din: cutt.ly/hwltB5hC,False,False
promo,TK50 cashback pro-level data deal: 50GB@TK448 for 30 days: cutt.ly/nwMwL8Y1,English,TK50 cashback pro-level data deal: 50GB@TK448 for 30 days: cutt.ly/nwMwL8Y1,False,False
promo,Restaurant-e khawar upor 15% chhad! Offer-ti shimito shomoy-er jonno. Ajei ashun!,Banglish,Restaurant-e khawar upor 15% chhad! Offer-ti shimito shomoy-er jonno. Ajei ashun!,False,False
promo,Chaldal Weekly Saver: Grocery order 1200TK+ and get 200TK cashback using Nagad. Free delivery ajker din e.,Banglish,Chaldal Weekly Saver: Grocery order 1200TK+ and get 200TK cashback using Nagad. Free delivery ajker din e.,False,False
promo,"আড্ডা+ইন্টারনেটিংয়ে নতুন ডিল ১২জিবি+৩০০মি@২৯৭৳,৩০দিন cutt.ly/Nw0efEst",Bengali,"আড্ডা+ইন্টারনেটিংয়ে নতুন ডিল ১২জিবি+৩০০মি@২৯৭৳,৩০দিন cutt.ly/Nw0efEst",False,False
promo,Shohoz ride e ajke rain discount 30%. Promo code: RAIN30,Banglish,Shohoz ride e ajke rain discount 30%. Promo code: RAIN30,False,False
promo,"TK.১০০ cashback-এ ৩১GB+৪৫০min.@TK.৩৯৯,৩০days, নিয়ে নাও: cutt.ly/2wQlYv6U",CodeMix,"TK.১০০ cashback-এ ৩১GB+৪৫০min.@TK.৩৯৯,৩০days, নিয়ে নাও: cutt.ly/2wQlYv6U",False,False
promo,Offer: shob electronics e 10% cashback. Code: ELEC10.,Banglish,Offer: shob electronics e 10% cashback. Code: ELEC10.,False,False
promo,৭৯পয়সা প্রতি মিনিট ১৫দিন মেয়াদের কল রেট অফারটি নিতে ১১৯ টাকা রিচার্জ  করুন। ,Bengali,৭৯পয়সা প্রতি মিনিট ১৫দিন মেয়াদের কল রেট অফারটি নিতে ১১৯ টাকা রিচার্জ করুন।,False,False
promo,Banglalink ultranet saver: 2GB + 100 min call pack only 98TK. Validity 7 days. Dial *222*98# to activate now.,Banglish,Banglalink ultranet saver: 2GB + 100 min call pack only 98TK. Validity 7 days. Dial *222*98# to activate now.,False,False
promo,"GP offer: Recharge ৩০০ TK এবং ৩ GB extra data পান। Limited time, recharge today এবং enjoy full benefit",CodeMix,"GP offer: Recharge ৩০০ TK এবং ৩ GB extra data পান। Limited time, recharge today এবং enjoy full benefit",False,False
promo,"Cashback-এ century ৳১০০! 46GB @ ৳৩৯৮,30দিন: cutt.ly/AwQzYxAf",CodeMix,"Cashback-এ century ৳১০০! 46GB @ ৳৩৯৮,30দিন: cutt.ly/AwQzYxAf",False,False
promo,"Pro-level internet throughout the week, get 25GB@219TK: cutt.ly/2wEyml8b",English,"Pro-level internet throughout the week, get 25GB@219TK: cutt.ly/2wEyml8b",False,False
promo,Pathao ride এ ২০% discount আজ। Book করুন এখনই!,CodeMix,Pathao ride এ ২০% discount আজ। Book করুন এখনই!,False,False
promo,"Bangladesh Textile Mills fabric sale! Premium cotton, silk fabrics 30% off. Wholesale prices available!",English,"Bangladesh Textile Mills fabric sale! Premium cotton, silk fabrics 30% off. Wholesale prices available!",False,False
promo,"Robi recharge ২০০ TK এবং ৬০ TK bonus। Offer valid first ১০০০ users only, hurry up and claim today",CodeMix,"Robi recharge ২০০ TK এবং ৬০ TK bonus। Offer valid first ১০০০ users only, hurry up and claim today",False,False
promo,Free delivery সব order এ। Limited time এর জন্য।,CodeMix,Free delivery সব order এ। Limited time এর জন্য।,False,False
promo,Bonus সহ ২GB-৪০TK-৭days। Dial *১২১*৫০৩৭# বা mygp.li/mo,CodeMix,Bonus সহ ২GB-৪০TK-৭days। Dial *১২১*৫০৩৭# বা mygp.li/mo,False,False
promo,"Beshi beshi adda+internetyng,nao 5GB+150min@TK149,7din cutt.ly/owEyhCVt",Banglish,"Beshi beshi adda+internetyng,nao 5GB+150min@TK149,7din cutt.ly/owEyhCVt",False,False
promo,"Daraz App আজ দিচ্ছে মেগা সেল অফার! ইলেকট্রনিক্স, ফ্যাশন ও হোম প্রোডাক্টে সর্বোচ্চ ৭০% ডিসকাউন্ট। কোড ব্যবহার করুন BIG70 আর উপভোগ করুন বিশাল সাশ্রয়। অফার আজ রাত পর্যন্ত।",Bengali,"Daraz App আজ দিচ্ছে মেগা সেল অফার! ইলেকট্রনিক্স, ফ্যাশন ও হোম প্রোডাক্টে সর্বোচ্চ ৭০% ডিসকাউন্ট। কোড ব্যবহার করুন BIG70 আর উপভোগ করুন বিশাল সাশ্রয়। অফার আজ রাত পর্যন্ত।",False,False
promo,"125TK cashback best offer 61GB+1000mins@774TK, 30days: cutt.ly/8wBQC0MC",English,"125TK cashback best offer 61GB+1000mins@774TK, 30days: cutt.ly/8wBQC0MC",False,False
promo,Rate list update-এর জন্য public opinion collect করা হচ্ছে। Opinion দেওয়ার জন্য BTRC-র website-এর notice board দেখুন (http://www.btrc.gov.bd/)। আপনার valuable opinion আমাদের কাছে অত্যন্ত important।-BTRC,CodeMix,Rate list update-এর জন্য public opinion collect করা হচ্ছে। Opinion দেওয়ার জন্য BTRC-র website-এর notice board দেখুন [URL] আপনার valuable opinion আমাদের কাছে অত্যন্ত important।-BTRC,True,False
promo,"বেশি বেশি chat+internet,নাও ৫GB+১৫০min@১৪৯TK,৭days cutt.ly/owEyhCVt",CodeMix,"বেশি বেশি chat+internet,নাও ৫GB+১৫০min@১৪৯TK,৭days cutt.ly/owEyhCVt",False,False
promo,ঢাকা-Mawa Expressway-সংলগ্ন plot মাত্র ২lakh 01894939231,CodeMix,ঢাকা-Mawa Expressway-সংলগ্ন plot মাত্র ২lakh [PHONE],False,True
promo,"Interneting e pocket saving, nao 2GB@TK69, 7din: cutt.ly/CwUPKGTR",Banglish,"Interneting e pocket saving, nao 2GB@TK69, 7din: cutt.ly/CwUPKGTR",False,False
promo,"৪০৳ চিল ক্যাশব্যাকে ৩৫জিবি+৫০০মি.@৪৫৯৳ ৩০দিন, নাও: cutt.ly/0wO6Jggn",Bengali,"৪০৳ চিল ক্যাশব্যাকে ৩৫জিবি+৫০০মি.@৪৫৯৳ ৩০দিন, নাও: cutt.ly/0wO6Jggn",False,False
promo,"৳১০০ ক্যাশব্যাক! ৩০জিবি+৫০০মি. @৳৩৯৯ ৩০দিন,নিয়ে নাও: cutt.ly/AwkY4L2C",Bengali,"৳১০০ ক্যাশব্যাক! ৩০জিবি+৫০০মি. @৳৩৯৯ ৩০দিন,নিয়ে নাও: cutt.ly/AwkY4L2C",False,False
promo,মেন্সওয়ার্ল্ড এখন নবরুপে বসুন্ধরা সিটি এপারেল জোনে।লেভেল-৮ ০১৮৯৬০০১৯০৩,Bengali,মেন্সওয়ার্ল্ড এখন নবরুপে বসুন্ধরা সিটি এপারেল জোনে।লেভেল- [PHONE],False,True
promo,"১৮ মে আন্তর্জাতিক জাদুঘর দিবস। এবারের প্রতিপাদ্য : ""জাদুঘর, স্থায়িত্ব ও সমৃদ্ধি ""। এ উপলক্ষ্যে বাংলাদেশ জাতীয় জাদুঘরের দিনব্যাপী আয়োজনে আপনি সাদরে আমন্ত্রিত। ",Bengali,"১৮ মে আন্তর্জাতিক জাদুঘর দিবস। এবারের প্রতিপাদ্য : ""জাদুঘর, স্থায়িত্ব ও সমৃদ্ধি ""। এ উপলক্ষ্যে বাংলাদেশ জাতীয় জাদুঘরের দিনব্যাপী আয়োজনে আপনি সাদরে আমন্ত্রিত।",False,False
promo,GP STAR গ্রাহকদের জন্য বিশেষ বোনাস—৫০০ টাকা রিচার্জে ১০০ টাকা ফ্রি। *121*500# ডায়াল করুন।,Bengali,GP STAR গ্রাহকদের জন্য বিশেষ বোনাস—৫০০ টাকা রিচার্জে ১০০ টাকা ফ্রি। *121*500# ডায়াল করুন।,False,False
promo,Banglalink গ্রাহকরা ১০০ টাকা রিচার্জে ১০০ এসএমএস ফ্রি পাবেন।,Bengali,Banglalink গ্রাহকরা ১০০ টাকা রিচার্জে ১০০ এসএমএস ফ্রি পাবেন।,False,False
promo,"Banglalink গ্রাহকগণ, বিকেলে রিচার্জ করলে ৩০% বোনাস। অফার ৬টা পর্যন্ত।",Bengali,"Banglalink গ্রাহকগণ, বিকেলে রিচার্জ করলে ৩০% বোনাস। অফার ৬টা পর্যন্ত।",False,False
promo,"৳৮০ ক্যাশব্যাকে বেশি বেশি ডাটা ৩০জিবি@৳৩১৯, ৩০দিন cutt.ly/aw59tNYD",Bengali,"৳৮০ ক্যাশব্যাকে বেশি বেশি ডাটা ৩০জিবি@৳৩১৯, ৩০দিন cutt.ly/aw59tNYD",False,False
promo,Star Kabab grand opening! 50% off all items. Banani. Book now: 01739584672!,English,Star Kabab grand opening! 50% off all items. Banani. Book now: [PHONE] !,False,True
promo,"“আপনার life, health ও property এর unexpected/accidental damage reduce করার solution হলো insurance। Insurance করুন, risk-free থাকুন”-Insurance Development & Regulatory Authority।",CodeMix,"“আপনার life, health ও property এর unexpected/accidental damage reduce করার solution হলো insurance। Insurance করুন, risk-free থাকুন”-Insurance Development & Regulatory Authority।",False,False
promo,Pickaboo electronics week: Smartphones up to 7000TK discount + EMI facility. Visit pickaboo.com for best deals.,Banglish,Pickaboo electronics week: Smartphones up to 7000TK discount + EMI facility. Visit [URL] for best deals.,True,False
promo,"Lee Cooper London-er winter collection mokasin shoe, polo shirt, jeans joldi",Banglish,"Lee Cooper London-er winter collection mokasin shoe, polo shirt, jeans joldi",False,False
promo,আজকের স্পেশাল: সব বইয়ে ১৫% ছাড়। দেরি না করে এখনই অর্ডার করুন।,Bengali,আজকের স্পেশাল: সব বইয়ে ১৫% ছাড়। দেরি না করে এখনই অর্ডার করুন।,False,False
promo,"180TK cashback e shera offer 61GB+1000min@ TK719,30din: cutt.ly/wwE5YMXC",Banglish,"180TK cashback e shera offer 61GB+1000min@ TK719,30din: cutt.ly/wwE5YMXC",False,False
promo,"Robi recharge ২০০ TK এবং ৭০ TK bonus। First ১০০০ users only, hurry up claim today",CodeMix,"Robi recharge ২০০ TK এবং ৭০ TK bonus। First ১০০০ users only, hurry up claim today",False,False
promo,"Eid kenakata hok Diamond World-er sathe, upobhog korun Diamond gohonay 25% chhad o Gold-er akorshoniyo collection. Visit: qrco.de/beuAOs, 01713199270",Banglish,"Eid kenakata hok Diamond World-er sathe, upobhog korun Diamond gohonay 25% chhad o Gold-er akorshoniyo collection. Visit: qrco.de/beuAOs, [PHONE]",False,True
promo,বিকাশ পেমেন্টে ক্যাশব্যাক! সব শপে ১০% রিওয়ার্ড পান।,Bengali,বিকাশ পেমেন্টে ক্যাশব্যাক! সব শপে ১০% রিওয়ার্ড পান।,False,False
promo,"Pocket saving with TK30 cashback- 12GB+200min @TK169, 7 days: cutt.ly/Mw59ykAZ",English,"Pocket saving with TK30 cashback- 12GB+200min @TK169, 7 days: cutt.ly/Mw59ykAZ",False,False
promo,"৳২৫ cashback-এ এবার আরো বেশি data 50GB@ ৳৪৭৩, 30দিন cutt.ly/zwTmxzpd",CodeMix,"৳২৫ cashback-এ এবার আরো বেশি data 50GB@ ৳৪৭৩, 30দিন cutt.ly/zwTmxzpd",False,False
promo,"Cashback century 100 TK! 30GB + 500 mins @ 399 TK, 30 days: cutt.ly/AwkY4L2C",CodeMix,"Cashback century 100 TK! 30GB + 500 mins @ 399 TK, 30 days: cutt.ly/AwkY4L2C",False,False
promo,Singer factory outlet! furniture 50% off. Banani showroom!,English,Singer factory outlet! furniture 50% off. Banani showroom!,False,False
promo,"Robi গ্রাহকদের জন্য রবিবার স্পেশাল অফার: ৬ জিবি মাত্র ৯৯ টাকা, বৈধতা ৭ দিন। ডায়াল করুন *123*99#। অফার সীমিত সময়ের জন্য।",Bengali,"Robi গ্রাহকদের জন্য রবিবার স্পেশাল অফার: ৬ জিবি মাত্র ৯৯ টাকা, বৈধতা ৭ দিন। ডায়াল করুন *123*99#। অফার সীমিত সময়ের জন্য।",False,False
promo,"Fullon internetying e pocket saving,nao 2GB@TK69,7 din- cutt.ly/CwUPKGTR",Banglish,"Fullon internetying e pocket saving,nao 2GB@TK69,7 din- cutt.ly/CwUPKGTR",False,False
promo,Walton smartphone কিনলে gift voucher পাবেন TK 600। Order করুন আজই!,CodeMix,Walton smartphone কিনলে gift voucher পাবেন TK 600। Order করুন আজই!,False,False
promo,100৳ cashback last day! 31GB+450min.@399৳ 30দিন: cutt.ly/2wQlYv6U,CodeMix,100৳ cashback last day! 31GB+450min.@399৳ 30দিন: cutt.ly/2wQlYv6U,False,False
promo,"Pocket saving in interneting, get 10GB@TK158,7 days: cutt.ly/FwUC6vhp",English,"Pocket saving in interneting, get 10GB@TK158,7 days: cutt.ly/FwUC6vhp",False,False
promo,গ্র্যাব বাইক রাইডে ২৫% ছাড়! সর্বোচ্চ ৭৫ টাকা পর্যন্ত সাশ্রয়।,Bengali,গ্র্যাব বাইক রাইডে ২৫% ছাড়! সর্বোচ্চ ৭৫ টাকা পর্যন্ত সাশ্রয়।,False,False
promo,"আজ bank থেকে bKash-এ ৫০০ টাকা আনলেই ১০ টাকা cashback, ১ বার! TCA",CodeMix,"আজ bank থেকে bKash-এ ৫০০ টাকা আনলেই ১০ টাকা cashback, ১ বার! TCA",False,False
promo,Uber Eats: First order discount 50% up to 150TK. Use code UBEREATS50. Valid till 15th Sept.,Banglish,Uber Eats: First order discount 50% up to 150TK. Use code UBEREATS50. Valid till 15th Sept.,False,False
promo,Banglalink unlimited music lovers offer: Sudhu 109TK e 30 din unlimited gaan sunar facility. Caller tune free included. Dial *222*109# and enjoy music non-stop.,Banglish,Banglalink unlimited music lovers offer: Sudhu 109TK e 30 din unlimited gaan sunar facility. Caller tune free included. Dial *222*109# and enjoy music non-stop.,False,False
promo,City Bank app pay করুন এবং instant cashback ২০% পান। Download now এবং enjoy hassle-free secure transactions,CodeMix,City Bank app pay করুন এবং instant cashback ২০% পান। Download now এবং enjoy hassle-free secure transactions,False,False
promo,"Mega cashback TK250! Get 60GB+1600min.@TK749, 30days: cutt.ly/yeqcP3pE",English,"Mega cashback TK250! Get 60GB+1600min.@TK749, 30days: cutt.ly/yeqcP3pE",False,False
promo,"TK399 তে TK499 এর offer! নাও 31GB+450min., 30 দিন: cutt.ly/2wQlYv6U",CodeMix,"TK399 তে TK499 এর offer! নাও 31GB+450min., 30 দিন: cutt.ly/2wQlYv6U",False,False
promo,Shopno department store Eid collection! Latest fashion 25% off. Visit Dhanmondi branch.,Banglish,Shopno department store Eid collection! Latest fashion 25% off. Visit Dhanmondi branch.,False,False
promo,Apex leather shoes Eid offer! Formal shoes 30% discount. Visit outlets.,Banglish,Apex leather shoes Eid offer! Formal shoes 30% discount. Visit outlets.,False,False
promo,Shera offer! Bonus soho 5GB-50taka-3din. Dial *121*5650# ba mygp.li/my,Banglish,Shera offer! Bonus soho 5GB-50taka-3din. Dial *121*5650# ba mygp.li/my,False,False
promo,"GP Pay দিয়ে বিল পরিশোধ করুন আর পান ৫% ক্যাশব্যাক, সর্বোচ্চ ২০০ টাকা পর্যন্ত।",Bengali,"GP Pay দিয়ে বিল পরিশোধ করুন আর পান ৫% ক্যাশব্যাক, সর্বোচ্চ ২০০ টাকা পর্যন্ত।",False,False
promo,বিশেষ অফার: সব বাচ্চাদের পোশাকে ২০% ডিসকাউন্ট।,Bengali,বিশেষ অফার: সব বাচ্চাদের পোশাকে ২০% ডিসকাউন্ট।,False,False
promo,"Pocket saving on pro-level internet: 3GB@TK 98, 7 days cutt.ly/9wEyjoLc",English,"Pocket saving on pro-level internet: 3GB@TK 98, 7 days cutt.ly/9wEyjoLc",False,False
promo,বাংলালিংকের সাপ্তাহিক ক্যাশব্যাক অফার – ২০০ টাকার রিচার্জে পান ৫০ টাকা বোনাস। রিচার্জ করতে আপনার নিকটস্থ দোকানে যান।,Bengali,বাংলালিংকের সাপ্তাহিক ক্যাশব্যাক অফার – ২০০ টাকার রিচার্জে পান ৫০ টাকা বোনাস। রিচার্জ করতে আপনার নিকটস্থ দোকানে যান।,False,False
promo,"Shwapno Eid fest: Grocery shopping e buy 1 get 1 free on selected products like rice, oil, and sugar. Visit your nearest Shwapno today and enjoy special discount.",Banglish,"Shwapno Eid fest: Grocery shopping e buy 1 get 1 free on selected products like rice, oil, and sugar. Visit your nearest Shwapno today and enjoy special discount.",False,False
promo,25% discount on diamond jewelry for Eid shopping until Chaand Raat. Phone: 01713199270,English,25% discount on diamond jewelry for Eid shopping until Chaand Raat. Phone: [PHONE],False,True
promo,"30TK cashback! 31GB+450min.@469TK 30din, niye nao: cutt.ly/hwTmxGd8",Banglish,"30TK cashback! 31GB+450min.@469TK 30din, niye nao: cutt.ly/hwTmxGd8",False,False
promo,"“Health, nutrition, and prosperity are desired, there is no alternative to safe food.” 02 February National Safe Food Day 2024, may it be successful. Bangladesh Safe Food Authority, Ministry of Food.",English,"“Health, nutrition, and prosperity are desired, there is no alternative to safe food.” 02 February National Safe Food Day 2024, may it be successful. Bangladesh Safe Food Authority, Ministry of Food.",False,False
promo,"৮০মিনিট মাত্র ৫৯টাকা (৫দিন), নিতে ডায়াল করুন *১২১*৪২০৫#",Bengali,"৮০মিনিট মাত্র ৫৯টাকা (৫দিন), নিতে ডায়াল করুন *১২১*৪২০৫#",False,False
promo,Banglalink Game Portal-এ সাবস্ক্রিপশন প্রথম সপ্তাহ ফ্রি। সীমিত সময়ের জন্য।,Bengali,Banglalink Game Portal-এ সাবস্ক্রিপশন প্রথম সপ্তাহ ফ্রি। সীমিত সময়ের জন্য।,False,False
promo,"Success of Sheikh Hasina government: Over the past 14 years, construction of 1441 km of embankments has expanded flood control and drainage facilities over 443,000 hectares nationwide.",English,"Success of Sheikh Hasina government: Over the past 14 years, construction of 1441 km of embankments has expanded flood control and drainage facilities over 443,000 hectares nationwide.",False,False
promo,Offer: shob grocery te 10% cashback. Shudhu ajkar jonne.,Banglish,Offer: shob grocery te 10% cashback. Shudhu ajkar jonne.,False,False
promo,"১৮০৳ cashback শেষ দিন,নাও 61GB+1000min@৳৭১৯,30দিন: cutt.ly/wwE5YMXC",CodeMix,"১৮০৳ cashback শেষ দিন,নাও 61GB+1000min@৳৭১৯,30দিন: cutt.ly/wwE5YMXC",False,False
promo,Sheikh Hasina shorkarer shafollyo: 2006 shale polli samajsheba kormosuchiir awotay shudmukto khudro rin shahajotho praptho jonogoshthir shonkha chilo 21 lokkho 77 hajar. Bortoman shorkarer shomoy e ta dariyeche 34 lokkho 90 hajar.,Banglish,Sheikh Hasina shorkarer shafollyo: 2006 shale polli samajsheba kormosuchiir awotay shudmukto khudro rin shahajotho praptho jonogoshthir shonkha chilo 21 lokkho 77 hajar. Bortoman shorkarer shomoy e ta dariyeche 34 lokkho 90 hajar.,False,False
promo,Nagad payment করলে instant cashback পাবেন। Use code: CASHBACK20,CodeMix,Nagad payment করলে instant cashback পাবেন। Use code: CASHBACK20,False,False
promo,"Robi recharge ২০০ TK get ৫০ TK bonus। First ১০০০ users only, hurry up, claim today",CodeMix,"Robi recharge ২০০ TK get ৫০ TK bonus। First ১০০০ users only, hurry up, claim today",False,False
promo,Daraz 11.11 sale - up to 15% cashback + free delivery. https://click.daraz.com.bd/e/_CUeCuf Terms apply,English,Daraz 11.11 sale - up to 15% cashback + free delivery. [URL] Terms apply,True,False
promo,"ডাবলসেঞ্চুরি ক্যাশব্যাক ৳২০০!৬১জিবি+১০০০মি@৳৬৯৯,৩০দিন cutt.ly/FwQhpKHc",Bengali,"ডাবলসেঞ্চুরি ক্যাশব্যাক ৳২০০!৬১জিবি+১০০০মি@৳৬৯৯,৩০দিন cutt.ly/FwQhpKHc",False,False
promo,"35GB+800min-600Tk-30din(bonus soho), nite *121*5262# othoba mygp.li/a8",Banglish,"35GB+800min-600Tk-30din(bonus soho), nite *121*5262# othoba mygp.li/a8",False,False
promo,Bkash app theke nao tomar pochonder skitto packs eikhoni: cutt.ly/Zwcqh6YQ,Banglish,Bkash app theke nao tomar pochonder skitto packs eikhoni: cutt.ly/Zwcqh6YQ,False,False
promo,DBBL online banking payment করুন এবং exclusive loyalty points পান। Register now এবং future bills এ redeem করুন,CodeMix,DBBL online banking payment করুন এবং exclusive loyalty points পান। Register now এবং future bills এ redeem করুন,False,False
promo,"আমার টাকায় আমার সেতু,বাংলাদেশের পদ্মা সেতু।একটি স্বপ্নের উম্মোচন। ২৫ জুন মাননীয় প্রধানমন্ত্রী স্বপ্নের পদ্মা সেতু শুভ উদ্বোধন করবেন।চোখ রাখুন,বিটিভি,সকাল ১০ টায়। বাংলাদেশ সেতু কর্তৃপক্ষ, সেতু বিভাগ।",Bengali,"আমার টাকায় আমার সেতু,বাংলাদেশের পদ্মা সেতু।একটি স্বপ্নের উম্মোচন। ২৫ জুন মাননীয় প্রধানমন্ত্রী স্বপ্নের পদ্মা সেতু শুভ উদ্বোধন করবেন।চোখ রাখুন,বিটিভি,সকাল ১০ টায়। বাংলাদেশ সেতু কর্তৃপক্ষ, সেতু বিভাগ।",False,False
promo,Banglalink Music App সাবস্ক্রিপশন এখন মাত্র ১৫ টাকা প্রতি সপ্তাহে। সক্রিয় করতে *5000# ডায়াল করুন।,Bengali,Banglalink Music App সাবস্ক্রিপশন এখন মাত্র ১৫ টাকা প্রতি সপ্তাহে। সক্রিয় করতে *5000# ডায়াল করুন।,False,False
promo,"ঈদ কেনাকাটা হোক ডায়মন্ড ওয়ার্ল্ডের সাথে, উপভোগ করুন ডায়মন্ড গহনায় ২৫%ছাড় ও গোল্ডের আকর্ষণীয় কালেকশন। ভিজিট:qrco.de/beuAOs, ০১৭১৩১৯৯২৭০",Bengali,"ঈদ কেনাকাটা হোক ডায়মন্ড ওয়ার্ল্ডের সাথে, উপভোগ করুন ডায়মন্ড গহনায় ২৫%ছাড় ও গোল্ডের আকর্ষণীয় কালেকশন। ভিজিট:qrco.de/beuAOs, [PHONE]",False,True
promo,Foodpanda free delivery! Minimum order 300TK. Use code: FREEDEL,Banglish,Foodpanda free delivery! Minimum order 300TK. Use code: FREEDEL,False,False
promo,"Call 16122 or visit land.gov.bd to get land services from home. -Ministry of Land.""",English,"Call 16122 or visit [URL] to get land services from home. -Ministry of Land.""",True,False
promo,Yellow taxi app launch! First ride 50% off. Download and enjoy.,Banglish,Yellow taxi app launch! First ride 50% off. Download and enjoy.,False,False
promo,Grameenphone Special: 25GB + unlimited calls for only 399 TK. Valid 30 days. Dial *121*3399# now!,English,Grameenphone Special: 25GB + unlimited calls for only 399 TK. Valid 30 days. Dial *121*3399# now!,False,False
promo,"GP Talktime Pack: Recharge 109TK and get 250 mins free calls, validity 15 days. Dial *121*109#.",Banglish,"GP Talktime Pack: Recharge 109TK and get 250 mins free calls, validity 15 days. Dial *121*109#.",False,False
promo,"Pro-level TK55 cashback 35GB+500min@TK444, 30 days: cutt.ly/XernQ63M",English,"Pro-level TK55 cashback 35GB+500min@TK444, 30 days: cutt.ly/XernQ63M",False,False
promo,"45 TK cashback! 46GB @ 453 TK, 30 days – grab it now: cutt.ly/4wQzxdl1",CodeMix,"45 TK cashback! 46GB @ 453 TK, 30 days – grab it now: cutt.ly/4wQzxdl1",False,False
promo,Foodpanda weekend special: Buy 1 get 1 free on all pizzas!,English,Foodpanda weekend special: Buy 1 get 1 free on all pizzas!,False,False
promo,Daraz Big Sale—ইলেকট্রনিক্সে ৫০% পর্যন্ত ছাড়। আজ রাত ১২টা পর্যন্ত।,Bengali,Daraz Big Sale—ইলেকট্রনিক্সে ৫০% পর্যন্ত ছাড়। আজ রাত ১২টা পর্যন্ত।,False,False
promo,"30GB @300TK,30din! full-on internet korar jonno nao- cutt.ly/jwkuSC76",Banglish,"30GB @300TK,30din! full-on internet korar jonno nao- cutt.ly/jwkuSC76",False,False
promo,আজ ও কাল Men's World-এ flat ৫০% discount cutt.ly/fmw,CodeMix,আজ ও কাল Men's World-এ flat ৫০% discount cutt.ly/fmw,False,False
promo,"Data mixer e koro pocket saving, nao 10GB@TK249,30din: cutt.ly/owARsARN",Banglish,"Data mixer e koro pocket saving, nao 10GB@TK249,30din: cutt.ly/owARsARN",False,False
promo,20% discount on new fashion collection. Come today!,English,20% discount on new fashion collection. Come today!,False,False
promo,Robi mega recharge bonus: 299TK recharge korlei paben 20GB data + 300 mins call bonus for 30 days. Offer shesh hobe 15th Sept e. Amar Robi app e activate korun and enjoy super connectivity.,Banglish,Robi mega recharge bonus: 299TK recharge korlei paben 20GB data + 300 mins call bonus for 30 days. Offer shesh hobe 15th Sept e. Amar Robi app e activate korun and enjoy super connectivity.,False,False
promo,বিকাশে ৫০০০ টাকা ডিপোজিট করলে ১০০০ টাকা বোনাস! আজই সুযোগ নিন।,Bengali,বিকাশে ৫০০০ টাকা ডিপোজিট করলে ১০০০ টাকা বোনাস! আজই সুযোগ নিন।,False,False
promo,"Pathao Food happy hour: Every evening 6pm–9pm, enjoy flat 30% discount on all orders above 300TK. Promo code: FOOD30. Order from Pathao app ar moja korun.",Banglish,"Pathao Food happy hour: Every evening 6pm–9pm, enjoy flat 30% discount on all orders above 300TK. Promo code: FOOD30. Order from Pathao app ar moja korun.",False,False
promo,Chaldal delivers fresh vegetables to your door. 200TK off on first order!,English,Chaldal delivers fresh vegetables to your door. 200TK off on first order!,False,False
promo,GP internet pack আজ থেকে ৭ দিন limited offer। Activate করুন online!,CodeMix,GP internet pack আজ থেকে ৭ দিন limited offer। Activate করুন online!,False,False
promo,"Level up with new deal internet 25GB+400min@TK397, 30 days cutt.ly/oeeJSDbP",English,"Level up with new deal internet 25GB+400min@TK397, 30 days cutt.ly/oeeJSDbP",False,False
promo,DBBL online payment এ reward points পান। Register now এবং future bill pay এ benefit পান।,CodeMix,DBBL online payment এ reward points পান। Register now এবং future bill pay এ benefit পান।,False,False
promo,Bkash দিয়ে Daraz-এ পেমেন্ট করলে ১৫% ইনস্ট্যান্ট ক্যাশব্যাক। সর্বোচ্চ ২০০ টাকা।,Bengali,Bkash দিয়ে Daraz-এ পেমেন্ট করলে ১৫% ইনস্ট্যান্ট ক্যাশব্যাক। সর্বোচ্চ ২০০ টাকা।,False,False
promo,offer er chharachhari! akhuni kinun 20% chhate apnar pochonder poshak. shudhu ajker jonno!,Banglish,offer er chharachhari! akhuni kinun 20% chhate apnar pochonder poshak. shudhu ajker jonno!,False,False
promo,"“পাসপোর্ট ও ভিসা সংক্রান্ত তথ্য পেতে পাসপোর্ট বাতায়নে দেশ থেকে ১৬৪৪৫ নম্বরে ও বিদেশ থেকে ০৯৬৬৬৭১৬৪৪৫ নম্বরে ফোন করুন। 
পাসপোর্ট ও ভিসা পেতে সরকার কর্তৃক নির্ধারিত ফি ব্যতীত কোন অর্থ লেনদেন করবেন না।”",Bengali,“পাসপোর্ট ও ভিসা সংক্রান্ত তথ্য পেতে পাসপোর্ট বাতায়নে দেশ থেকে ১৬৪৪৫ নম্বরে ও বিদেশ থেকে [PHONE] নম্বরে ফোন করুন। পাসপোর্ট ও ভিসা পেতে সরকার কর্তৃক নির্ধারিত ফি ব্যতীত কোন অর্থ লেনদেন করবেন না।”,False,True
promo,'E-driving license can be used by displaying it on smart mobile phones.' - BRTA,English,'E-driving license can be used by displaying it on smart mobile phones.' - BRTA,False,False
promo,"200 TK cashback e shreshtho offer 61GB+1000min@699TK, 30din: cutt.ly/FwQhpKHc",Banglish,"200 TK cashback e shreshtho offer 61GB+1000min@699TK, 30din: cutt.ly/FwQhpKHc",False,False
promo,"৩০৳ ক্যাশব্যাক! ৩১জিবি+৪৫০মি.@৪৬৯৳ ৩০দিন, নিয়ে নাও: cutt.ly/hwTmxGd8",Bengali,"৩০৳ ক্যাশব্যাক! ৩১জিবি+৪৫০মি.@৪৬৯৳ ৩০দিন, নিয়ে নাও: cutt.ly/hwTmxGd8",False,False
promo,Pathao Rides-এ আজ সব রাইডে ১৫% ছাড়। কোড: PATHAO15।,Bengali,Pathao Rides-এ আজ সব রাইডে ১৫% ছাড়। কোড: PATHAO15।,False,False
promo,Robi 4G Mega Saver: Recharge 199TK and instantly paben 15GB internet + 150 mins calls. Offer shesh hobe 20th Sept. Amar Robi app theke activate korun ekhuni.,Banglish,Robi 4G Mega Saver: Recharge 199TK and instantly paben 15GB internet + 150 mins calls. Offer shesh hobe 20th Sept. Amar Robi app theke activate korun ekhuni.,False,False
promo,"নবরাত্রি অফার! সব শাড়িতে ৪০% ছাড়। বসুন্ধরা মল, আজ থেকে ৯ দিন।",Bengali,"নবরাত্রি অফার! সব শাড়িতে ৪০% ছাড়। বসুন্ধরা মল, আজ থেকে ৯ দিন।",False,False
promo,"GP Summer pack: Recharge 249TK and get 15GB internet + 150 min call, validity 30 days. Amar GP app e peye jaben special voucher extra. Ei offer sudhu September month er jonno available, tai deri korben na!",Banglish,"GP Summer pack: Recharge 249TK and get 15GB internet + 150 min call, validity 30 days. Amar GP app e peye jaben special voucher extra. Ei offer sudhu September month er jonno available, tai deri korben na!",False,False
promo,"GP new recharge offer: ৫০০ TK এবং ৩ GB extra data। Limited time offer, recharge করুন আজই এবং enjoy full benefits",CodeMix,"GP new recharge offer: ৫০০ TK এবং ৩ GB extra data। Limited time offer, recharge করুন আজই এবং enjoy full benefits",False,False
promo,"২০জিবি @৩০৯৳ ৩০দিন,মন মতো বানিয়ে নাও ডাটা মিক্সারে- cutt.ly/HwFKsbAy",Bengali,"২০জিবি @৩০৯৳ ৩০দিন,মন মতো বানিয়ে নাও ডাটা মিক্সারে- cutt.ly/HwFKsbAy",False,False
promo,এক্সক্লুসিভ অফার! Samsung গ্যালাক্সিতে ১৫০০০ টাকা ছাড়। স্টক সীমিত।,Bengali,এক্সক্লুসিভ অফার! Samsung গ্যালাক্সিতে ১৫০০০ টাকা ছাড়। স্টক সীমিত।,False,False
promo,Shohoz bike ride special: First 3 rides 50% discount for new users. Promo code: BIKE50. Offer valid till 30th Sept.,Banglish,Shohoz bike ride special: First 3 rides 50% discount for new users. Promo code: BIKE50. Offer valid till 30th Sept.,False,False
promo,২৬ জানুয়ারি ২০২৪ আন্তর্জাতিক কাস্টমস দিবস উদযাপিত হচ্ছে। এবারের প্রতিপাদ্য বিষয় ‘‘মিলে নবীন-পুরনো অংশীজন/কাস্টমস করবে লক্ষ্য অর্জন”। জাতীয় রাজস্ব বোর্ড,Bengali,২৬ জানুয়ারি ২০২৪ আন্তর্জাতিক কাস্টমস দিবস উদযাপিত হচ্ছে। এবারের প্রতিপাদ্য বিষয় ‘‘মিলে নবীন-পুরনো অংশীজন/কাস্টমস করবে লক্ষ্য অর্জন”। জাতীয় রাজস্ব বোর্ড,False,False
promo,"Hotspot cashback ১৮TK! Hotspot deal এ ২২GB@১৭৯TK, ৭days: cutt.ly/fwLo4TBP",CodeMix,"Hotspot cashback ১৮TK! Hotspot deal এ ২২GB@১৭৯TK, ৭days: cutt.ly/fwLo4TBP",False,False
promo,10 bochor agey ajker dinei shuru hoyechhilo Grameenphone-er sathe apnar pothchola. Asha kori agami din-gulo hobe aro shundor o sombhabonamoy.,Banglish,10 bochor agey ajker dinei shuru hoyechhilo Grameenphone-er sathe apnar pothchola. Asha kori agami din-gulo hobe aro shundor o sombhabonamoy.,False,False
promo,Bkash cashback! 500TK shopping e 50TK instant back. Valid till 10th Sept.,Banglish,Bkash cashback! 500TK shopping e 50TK instant back. Valid till 10th Sept.,False,False
promo,আমাদের প্রোডাক্টে ডিসকাউন্ট চলছে। বিস্তারিত জানাতে এই নাম্বারে যোগাযোগ করুন: ০১৭৮৯৬৫৪৩২১।,Bengali,আমাদের প্রোডাক্টে ডিসকাউন্ট চলছে। বিস্তারিত জানাতে এই নাম্বারে যোগাযোগ করুন: [PHONE] ।,False,True
promo,Daraz App ডাউনলোড করলেই নতুন ইউজাররা পাচ্ছেন ২৫০ টাকা ভাউচার। শপিং শুরু করুন আজই।,Bengali,Daraz App ডাউনলোড করলেই নতুন ইউজাররা পাচ্ছেন ২৫০ টাকা ভাউচার। শপিং শুরু করুন আজই।,False,False
promo,আমাদের নতুন product line থেকে যেকোনো item কিনলে ৳500 cashback পাবেন। This offer is only for this week।,CodeMix,আমাদের নতুন product line থেকে যেকোনো item কিনলে ৳500 cashback পাবেন। This offer is only for this week।,False,False
promo,সোনালী ব্যাংকের সেভিংস অ্যাকাউন্টে এখন ১০% পর্যন্ত সুদ। আজই খুলুন এবং বোনাস ৫০০ টাকা পান।,Bengali,সোনালী ব্যাংকের সেভিংস অ্যাকাউন্টে এখন ১০% পর্যন্ত সুদ। আজই খুলুন এবং বোনাস ৫০০ টাকা পান।,False,False
promo,Pathao Rides এ আজ ২৫% ডিসকাউন্ট। কোড PATHAO25 ব্যবহার করুন।,Bengali,Pathao Rides এ আজ ২৫% ডিসকাউন্ট। কোড PATHAO25 ব্যবহার করুন।,False,False
promo,"Nitol Motors motorcycle showroom: Honda, Yamaha bikes special financing!",English,"Nitol Motors motorcycle showroom: Honda, Yamaha bikes special financing!",False,False
promo,Airtel postpaid user এর জন্য ২০% discount offer চলছে। Don’t miss!,CodeMix,Airtel postpaid user এর জন্য ২০% discount offer চলছে। Don’t miss!,False,False
promo,"Shohoz bike ride: New user der jonno first 3 rides 50% discount with promo code BIKE50. Hurry, ei chance miss korben na!",Banglish,"Shohoz bike ride: New user der jonno first 3 rides 50% discount with promo code BIKE50. Hurry, ei chance miss korben na!",False,False
promo,Othoba Furniture Fest: Sofa set up to 40% discount. Free delivery in Dhaka city. Shop othoba.com now.,Banglish,Othoba Furniture Fest: Sofa set up to 40% discount. Free delivery in Dhaka city. Shop [URL] now.,True,False
promo,Pathao Parcel: First parcel delivery free up to 3kg. Promo code FREEDEL.,Banglish,Pathao Parcel: First parcel delivery free up to 3kg. Promo code FREEDEL.,False,False
promo,বিকাশ আ্যপ থেকে নাও তোমার পছন্দের স্কিটো প্যাকস এখনই: cutt.ly/Zwcqh6YQ,Bengali,বিকাশ আ্যপ থেকে নাও তোমার পছন্দের স্কিটো প্যাকস এখনই: cutt.ly/Zwcqh6YQ,False,False
promo,"Full-on internet এ pocket saving,নাও ২GB@৬৯TK,৭ days- cutt.ly/CwUPKGTR",CodeMix,"Full-on internet এ pocket saving,নাও ২GB@৬৯TK,৭ days- cutt.ly/CwUPKGTR",False,False
promo,Teletalk prepaid users recharge 100TK get 200TK bonus talk time!,English,Teletalk prepaid users recharge 100TK get 200TK bonus talk time!,False,False
promo,Navana Petroleum lubricants offer! All engine oils 20% discount with free oil filter. Drive smooth!,English,Navana Petroleum lubricants offer! All engine oils 20% discount with free oil filter. Drive smooth!,False,False
promo,Nagad payment করলে ১০% cashback পাবেন। Use code: NAGAD10,CodeMix,Nagad payment করলে ১০% cashback পাবেন। Use code: NAGAD10,False,False
promo,নতুন মোবাইল কিনুন এবং ১০০০ টাকা ক্যাশব্যাক পান! আজই ট্রেড ইন করুন।,Bengali,নতুন মোবাইল কিনুন এবং ১০০০ টাকা ক্যাশব্যাক পান! আজই ট্রেড ইন করুন।,False,False
promo,TK60 cashback! 20GB @TK249 30din niye nao: cutt.ly/Pwlt8cOy,Banglish,TK60 cashback! 20GB @TK249 30din niye nao: cutt.ly/Pwlt8cOy,False,False
promo,"৩০জিবি @৩০০৳,৩০দিন! ফুল-অন ইন্টারনেটিং করতে নাও- cutt.ly/jwkuSC76",Bengali,"৩০জিবি @৩০০৳,৩০দিন! ফুল-অন ইন্টারনেটিং করতে নাও- cutt.ly/jwkuSC76",False,False
promo,2GB with bonus - TK40 - 7 days. Dial *121*5037# or mygp.li/mo,English,2GB with bonus - TK40 - 7 days. Dial *121*5037# or mygp.li/mo,False,False
promo,AC servicing special offer! Clean and gas refill just 2500 TK. Call 01977334455 for booking!,English,AC servicing special offer! Clean and gas refill just 2500 TK. Call [PHONE] for booking!,False,True
promo,০৫ May International Midwife Day. এবারের theme-তথ্য থেকে বাস্তবঃ সকল midwife এক সাথে।,CodeMix,০৫ May International Midwife Day. এবারের theme-তথ্য থেকে বাস্তবঃ সকল midwife এক সাথে।,False,False
promo,November-23 Recharge: 0TK Expense: Data: 38TK Voice: 57TK Others: 0TK,English,November-23 Recharge: 0TK Expense: Data: 38TK Voice: 57TK Others: 0TK,False,False
promo,আজকের special: সব বইয়ে ১৫% discount। দেরি না করে এখনই order করুন।,CodeMix,আজকের special: সব বইয়ে ১৫% discount। দেরি না করে এখনই order করুন।,False,False
promo,"Elephant Road furniture 60% off! Bedroom set, dining set available. Visit showroom.",Banglish,"Elephant Road furniture 60% off! Bedroom set, dining set available. Visit showroom.",False,False
promo,"বেশি বেশি আড্ডা+ইন্টারনেটিং,নাও ৫জিবি+১৫০মি@৳১৪৯,৭দিন cutt.ly/owEyhCVt",Bengali,"বেশি বেশি আড্ডা+ইন্টারনেটিং,নাও ৫জিবি+১৫০মি@৳১৪৯,৭দিন cutt.ly/owEyhCVt",False,False
promo,Bonus offer: 7GB-130TK-30days. Dial *121*5469# or visit mygp.li/mo,English,Bonus offer: 7GB-130TK-30days. Dial *121*5469# or visit mygp.li/mo,False,False
promo,"Hotshot cashback 20Tk! Hotspot deal e 22GB@177Tk, 7din: cutt.ly/pw746B4G",Banglish,"Hotshot cashback 20Tk! Hotspot deal e 22GB@177Tk, 7din: cutt.ly/pw746B4G",False,False
promo,মাত্র ৯৭৳ ৩০দিন বিশ্বকাপ ক্রিকেট + ১জিবি ডাটা নিতে: cutt.ly/YwmtpRRj,Bengali,মাত্র ৯৭৳ ৩০দিন বিশ্বকাপ ক্রিকেট + ১জিবি ডাটা নিতে: cutt.ly/YwmtpRRj,False,False
promo,"Double century cashback ৳২০০!61GB+1000min@ ৳৬৯৯, 30দিন cutt.ly/FwQhpKHc",CodeMix,"Double century cashback ৳২০০!61GB+1000min@ ৳৬৯৯, 30দিন cutt.ly/FwQhpKHc",False,False
promo,Daraz Mall-এ শপিং করলে ২০০ টাকা ডিসকাউন্ট ভাউচার ফ্রি। নতুন ইউজারদের জন্য।,Bengali,Daraz Mall-এ শপিং করলে ২০০ টাকা ডিসকাউন্ট ভাউচার ফ্রি। নতুন ইউজারদের জন্য।,False,False
promo,"Shwapno Eid Saver: Buy 2kg beef and get 500gm chicken free. Limited stock, visit nearest outlet.",Banglish,"Shwapno Eid Saver: Buy 2kg beef and get 500gm chicken free. Limited stock, visit nearest outlet.",False,False
promo,"৫জিবি+১৫০মিনিট ১৩০টাকা (৩০দিন),ডায়াল *১২১*৫২০৫# বা https://mygp.li/a0",Bengali,"৫জিবি+১৫০মিনিট ১৩০টাকা (৩০দিন),ডায়াল *১২১*৫২০৫# বা [URL]",True,False
promo,"[Pathao] ডেলিভার চার্জ এখন ৳৩০! 
পাঠাও ফুড-এর ডেলিভারি চার্জ এখন ৳৩০ ফিরে এসেছে।
এখনই অর্ডার করুন পাঠাও ফুড-এ: https://cutt.ly/QNMk4Eg",Bengali,[Pathao] ডেলিভার চার্জ এখন ৳৩০! পাঠাও ফুড-এর ডেলিভারি চার্জ এখন ৳৩০ ফিরে এসেছে। এখনই অর্ডার করুন পাঠাও ফুড-এ: [URL],True,False
promo,"For system upgrades, mobile recharge via Flexiload will be unavailable from May 11 at 11:59 PM to May 12 at 8:00 AM. However, you can recharge using the MyGP app or scratch cards during this time.",English,"For system upgrades, mobile recharge via Flexiload will be unavailable from May 11 at 11:59 PM to May 12 at 8:00 AM. However, you can recharge using the MyGP app or scratch cards during this time.",False,False
promo,989893 is your verification code for feainternational.com.,Bengali,989893 is your verification code for [URL],True,False
promo,"Data mixer-এ করো pocket saving, নাও ৬০GB@ ৳৫৬৯,৩০দিন: cutt.ly/HwQzEu9E",CodeMix,"Data mixer-এ করো pocket saving, নাও ৬০GB@ ৳৫৬৯,৩০দিন: cutt.ly/HwQzEu9E",False,False
promo,Ajei shesh din!Bonus shoho 2GB-35taka-7din. Dial *121*5037# ba mygp.li/mo,Banglish,Ajei shesh din!Bonus shoho 2GB-35taka-7din. Dial *121*5037# ba mygp.li/mo,False,False
promo,"Grameenphone offer: Recharge ৫০০ TK এবং ২ GB extra data পান। Limited time offer, তাই আজই recharge করুন to enjoy full benefit",CodeMix,"Grameenphone offer: Recharge ৫০০ TK এবং ২ GB extra data পান। Limited time offer, তাই আজই recharge করুন to enjoy full benefit",False,False
promo,Special offer: 20% discount on all kids' clothing.,English,Special offer: 20% discount on all kids' clothing.,False,False
promo,"200 minutes (30 days) TK 174, dial *121*4410# or https://mygp.li/v1",English,"200 minutes (30 days) TK 174, dial *121*4410# or [URL]",True,False
promo,notun season-e shob poshake 25% discount. aaj-e shopping korun.,Banglish,notun season-e shob poshake 25% discount. aaj-e shopping korun.,False,False
promo,"Purbachal songlogno Navana'r 3,5 o 10 kathar plot kinun – 01847-214018",Banglish,"Purbachal songlogno Navana'r 3,5 o 10 kathar plot kinun – [PHONE]",False,True
promo,নতুন সিজনে সব পোশাকে ২৫% ডিসকাউন্ট। আজই শপিং করুন।,Bengali,নতুন সিজনে সব পোশাকে ২৫% ডিসকাউন্ট। আজই শপিং করুন।,False,False
promo,"Unilever এর পক্ষ থেকে special discount! সব product-এ 30% off, only at Shwapno outlets. Hurry up!",CodeMix,"Unilever এর পক্ষ থেকে special discount! সব product-এ 30% off, only at Shwapno outlets. Hurry up!",False,False
promo,সীমিত সময়ের অফার! ৪০জিবি (বোনাসসহ) ৫০০টাকা ৩০দিন।ডায়াল *১২১*৫০৪৯# বা mygp.li/mo,Bengali,সীমিত সময়ের অফার! ৪০জিবি (বোনাসসহ) ৫০০টাকা ৩০দিন।ডায়াল *১২১*৫০৪৯# বা mygp.li/mo,False,False
promo,Computer Source laptop expo! Gaming laptops starting 55000 TK with warranty. Gulshan showroom open!,English,Computer Source laptop expo! Gaming laptops starting 55000 TK with warranty. Gulshan showroom open!,False,False
promo,ফিটনেস ইকুইপমেন্টে ১৫% ডিসকাউন্ট! আজই অর্ডার করুন।,Bengali,ফিটনেস ইকুইপমেন্টে ১৫% ডিসকাউন্ট! আজই অর্ডার করুন।,False,False
promo,Shimito shomoyer offer! 40GB (bonus shoho) 500taka 30din.Dial *121*5049# ba mygp.li/mo,Banglish,Shimito shomoyer offer! 40GB (bonus shoho) 500taka 30din.Dial *121*5049# ba mygp.li/mo,False,False
promo,"Pro-level chatting+interneting-10GB+250min@TK258, 30days cutt.ly/wwCctHGF",English,"Pro-level chatting+interneting-10GB+250min@TK258, 30days cutt.ly/wwCctHGF",False,False
promo,bKash app-e 2 June theke 'My Challenge' icon dekhte na peley-o bKash-er offer upovog kore cashback paben. bKash app-er shathe-i thakun.,Banglish,bKash app-e 2 June theke 'My Challenge' icon dekhte na peley-o bKash-er offer upovog kore cashback paben. bKash app-er shathe-i thakun.,False,False
promo,"গ্রামীণফোনের বিশেষ ঈদ অফার! এই মাসের জন্য আমরা নিয়ে এসেছি অভূতপূর্ব ডেটা প্যাকেজ - মাত্র ৪৯৯ টাকায় পাবেন ৫০ জিবি ডেটা, ৫০০ মিনিট টক টাইম এবং ১০০০ SMS একসাথে ৩০ দিনের জন্য। এছাড়াও রয়েছে সকল গ্রামীণফোন নাম্বারে ফ্রি কল এবং অন্যান্য অপারেটরে ২৫% কম রেট। এখনই *১২১*৪৯৯# ডায়াল করুন অথবা My GP অ্যাপ থেকে কিনুন।",Bengali,"গ্রামীণফোনের বিশেষ ঈদ অফার! এই মাসের জন্য আমরা নিয়ে এসেছি অভূতপূর্ব ডেটা প্যাকেজ - মাত্র ৪৯৯ টাকায় পাবেন ৫০ জিবি ডেটা, ৫০০ মিনিট টক টাইম এবং ১০০০ SMS একসাথে ৩০ দিনের জন্য। এছাড়াও রয়েছে সকল গ্রামীণফোন নাম্বারে ফ্রি কল এবং অন্যান্য অপারেটরে ২৫% কম রেট। এখনই *১২১*৪৯৯# ডায়াল করুন অথবা My GP অ্যাপ থেকে কিনুন।",False,False
promo,"House decor items-এ ২০% discount। Stock limited, delay করবেন না।",CodeMix,"House decor items-এ ২০% discount। Stock limited, delay করবেন না।",False,False
promo,আজই শেষ দিন!বোনাস সহ ২জিবি-৩৫টাকা-৭দিন। ডায়াল *১২১*৫০৩৭# বা mygp.li/mo,Bengali,আজই শেষ দিন!বোনাস সহ ২জিবি-৩৫টাকা-৭দিন। ডায়াল *১২১*৫০৩৭# বা mygp.li/mo,False,False
promo,Banglalink music pack 49TK te unlimited gaan shunben. Dial *222*8#,Banglish,Banglalink music pack 49TK te unlimited gaan shunben. Dial *222*8#,False,False
promo,"৫ জুন বিশ্ব পরিবেশ দিবস ২০২৩
এ বছরের প্রতিপাদ্য: প্লাস্টিক দূষণ সমাধানে সামিল হই সকলে
এ বছরের স্লোগান: সবাই মিলে করি পণ, বন্ধ হবে প্লাস্টিক দূষণ
-পরিবেশ, বন ও জলবায়ু পরিবর্তন মন্ত্রণালয়।",Bengali,"৫ জুন বিশ্ব পরিবেশ দিবস ২০২৩ এ বছরের প্রতিপাদ্য: প্লাস্টিক দূষণ সমাধানে সামিল হই সকলে এ বছরের স্লোগান: সবাই মিলে করি পণ, বন্ধ হবে প্লাস্টিক দূষণ -পরিবেশ, বন ও জলবায়ু পরিবর্তন মন্ত্রণালয়।",False,False
promo,বিকাশ অ্যাপে skitto deals এ ৩০টাকা পর্যন্ত ক্যাশব্যাক cutt.ly/8HBaVWF,Bengali,বিকাশ অ্যাপে skitto deals এ ৩০টাকা পর্যন্ত ক্যাশব্যাক cutt.ly/8HBaVWF,False,False
promo,Bikroy.com weekend sale! All electronics 60% off + free delivery. Shop now with code: WEEKEND60!,English,[URL] weekend sale! All electronics 60% off + free delivery. Shop now with code: WEEKEND60!,True,False
promo,"Shwapno supermarket weekend bonanza: Groceries, household items 25% off!",English,"Shwapno supermarket weekend bonanza: Groceries, household items 25% off!",False,False
promo,Nagad app payment করলে instant cashback পাবেন। Use code: CASHBACK25,CodeMix,Nagad app payment করলে instant cashback পাবেন। Use code: CASHBACK25,False,False
promo,Bonus সহ ৩GB-৬০TK-৩দিন। Dial *১২১*৫৬৯৯# বা https://mygp.li/mo,CodeMix,Bonus সহ ৩GB-৬০TK-৩দিন। Dial *১২১*৫৬৯৯# বা [URL],True,False
promo,"5 June World Environment Day 2023। এ বছরের theme: Plastic pollution solution-এ participate করি সকলে। এ বছরের slogan: সবাই মিলে করি promise, বন্ধ হবে plastic pollution - Environment, Forest ও Climate Change Ministry।",CodeMix,"5 June World Environment Day 2023। এ বছরের theme: Plastic pollution solution-এ participate করি সকলে। এ বছরের slogan: সবাই মিলে করি promise, বন্ধ হবে plastic pollution - Environment, Forest ও Climate Change Ministry।",False,False
promo,GP Gamer Pack: 200 diamonds Free Fire top-up with only 199TK recharge. Dial *121*199# to activate now.,Banglish,GP Gamer Pack: 200 diamonds Free Fire top-up with only 199TK recharge. Dial *121*199# to activate now.,False,False
promo,"Grameenphone special offer: ৫০০ TK recharge করুন এবং ১ GB extra data পান। Offer valid for ২৪ hours only, তাই আজই recharge করুন!",CodeMix,"Grameenphone special offer: ৫০০ TK recharge করুন এবং ১ GB extra data পান। Offer valid for ২৪ hours only, তাই আজই recharge করুন!",False,False
promo,Free shipping on electronics purchase! Shop before offer ends.,English,Free shipping on electronics purchase! Shop before offer ends.,False,False
promo,"Bkash QR shopping cashback: Spend 1000TK+ at super shops using Bkash QR and get instant 10% cashback up to 200TK. Valid till 10th Sept. Shop more, save more!",Banglish,"Bkash QR shopping cashback: Spend 1000TK+ at super shops using Bkash QR and get instant 10% cashback up to 200TK. Valid till 10th Sept. Shop more, save more!",False,False
promo,"১০০৳ ক্যাশব্যাক! ৩১জিবি+৪৫০মি.@৩৯৯৳,৩০দিন,নিয়ে নাও: cutt.ly/2wQlYv6U",Bengali,"১০০৳ ক্যাশব্যাক! ৩১জিবি+৪৫০মি.@৩৯৯৳,৩০দিন,নিয়ে নাও: cutt.ly/2wQlYv6U",False,False
promo,"Lee Cooper London এর winter collection - moccasin shoe, polo shirt, jeans - Hurry!",CodeMix,"Lee Cooper London এর winter collection - moccasin shoe, polo shirt, jeans - Hurry!",False,False
promo,"GP new offer: Recharge ২০০ TK এবং ২ GB extra data পান। Offer valid ২৪ hours, তাই recharge করুন আজই এবং enjoy data",CodeMix,"GP new offer: Recharge ২০০ TK এবং ২ GB extra data পান। Offer valid ২৪ hours, তাই recharge করুন আজই এবং enjoy data",False,False
promo,"Best offer with TK180 cashback 61GB+1000min@TK719, 30days: cutt.ly/wwE5YMXC",English,"Best offer with TK180 cashback 61GB+1000min@TK719, 30days: cutt.ly/wwE5YMXC",False,False
promo,Shanta Holdings apartment fair! 3 bedroom flats in Uttara starting 85 lakh. Book now with 5% discount!,English,Shanta Holdings apartment fair! 3 bedroom flats in Uttara starting 85 lakh. Book now with 5% discount!,False,False
promo,"Pro-level ৳55 cashback-এ 35GB+500min@৳444, 30দিন: cutt.ly/XernQ63M",CodeMix,"Pro-level ৳55 cashback-এ 35GB+500min@৳444, 30দিন: cutt.ly/XernQ63M",False,False
promo,"Adda+internetinging-e notun deal 10GB+300mi@296TK, 30din: cutt.ly/QwFwTH3J",Banglish,"Adda+internetinging-e notun deal 10GB+300mi@296TK, 30din: cutt.ly/QwFwTH3J",False,False
promo,Shohoz Food অ্যাপে আজ ৩০০ টাকার অর্ডারে ১০০ টাকা ছাড়! কোড: FOOD100।,Bengali,Shohoz Food অ্যাপে আজ ৩০০ টাকার অর্ডারে ১০০ টাকা ছাড়! কোড: FOOD100।,False,False
promo,Ratelist halnaagader jonno jonmot shongroho kora hocche. Motamot prodaner jonno BTRC'r website-er notice board dekhun (http://www.btrc.gov.bd/). Apnar mulyoban motamot amader kache otyonto gurutopurno. -BTRC,Banglish,Ratelist halnaagader jonno jonmot shongroho kora hocche. Motamot prodaner jonno BTRC'r website-er notice board dekhun [URL] Apnar mulyoban motamot amader kache otyonto gurutopurno. -BTRC,True,False
promo,Singer Plus membership! Exclusive discounts on home appliances all year. Join for just 500 TK annually!,English,Singer Plus membership! Exclusive discounts on home appliances all year. Join for just 500 TK annually!,False,False
promo,Up to 50% discount on all books at Rokomari.com। ৳500 এর উপরের orders এর জন্য free home delivery।,CodeMix,Up to 50% discount on all books at [URL] ৳500 এর উপরের orders এর জন্য free home delivery।,True,False
promo,"আজকের বিশেষ অফার! গ্রামীণফোনে ১ জিবি মাত্র ১৯ টাকা, বৈধতা ২৪ ঘন্টা। কিনতে ডায়াল করুন *121*1#।",Bengali,"আজকের বিশেষ অফার! গ্রামীণফোনে ১ জিবি মাত্র ১৯ টাকা, বৈধতা ২৪ ঘন্টা। কিনতে ডায়াল করুন *121*1#।",False,False
promo,Pathao ride এ ২৫% discount আজ। Book করুন online!,CodeMix,Pathao ride এ ২৫% discount আজ। Book করুন online!,False,False
promo,"হোম ডেকোর আইটেমে মেগা সেল! কার্টেন, বেডশিটে ৪৫% ছাড়।",Bengali,"হোম ডেকোর আইটেমে মেগা সেল! কার্টেন, বেডশিটে ৪৫% ছাড়।",False,False
promo,"Daraz Super September Sale: Electronics, home appliances, ar fashion items up to 70% discount. Free delivery orders above 1200TK. Flash deal shuru hobe prottek 3 ghontay. Visit daraz.com.bd for details.",Banglish,"Daraz Super September Sale: Electronics, home appliances, ar fashion items up to 70% discount. Free delivery orders above 1200TK. Flash deal shuru hobe prottek 3 ghontay. Visit [URL] for details.",True,False
promo,Up to 25% discount on home appliances! Take the opportunity before the offer ends.,English,Up to 25% discount on home appliances! Take the opportunity before the offer ends.,False,False
promo,"ইন্টারনেটিংয়ে পকেট সেভিং, নাও ১০জিবি@৳১৫৮,৭দিন: cutt.ly/FwUC6vhp",Bengali,"ইন্টারনেটিংয়ে পকেট সেভিং, নাও ১০জিবি@৳১৫৮,৭দিন: cutt.ly/FwUC6vhp",False,False
promo,GP Music App-এ এখন প্রথম মাস একেবারে ফ্রি! আপনার প্রিয় প্লেলিস্ট তৈরি করুন আর সীমাহীন গান উপভোগ করুন।,Bengali,GP Music App-এ এখন প্রথম মাস একেবারে ফ্রি! আপনার প্রিয় প্লেলিস্ট তৈরি করুন আর সীমাহীন গান উপভোগ করুন।,False,False
promo,Home appliances-এর উপর 25% পর্যন্ত discount! Offer শেষ হওয়ার আগে opportunity নিন।,CodeMix,Home appliances-এর উপর 25% পর্যন্ত discount! Offer শেষ হওয়ার আগে opportunity নিন।,False,False
promo,সব বাচ্চাদের খেলনায় ২০% ডিসকাউন্ট। আজই কিনুন!,Bengali,সব বাচ্চাদের খেলনায় ২০% ডিসকাউন্ট। আজই কিনুন!,False,False
promo,"TK 100 cashback! 31GB+450min@TK 399 30 days, নিয়ে নাও: cutt.ly/2wQlYv6U",CodeMix,"TK 100 cashback! 31GB+450min@TK 399 30 days, নিয়ে নাও: cutt.ly/2wQlYv6U",False,False
promo,"TK 100 cashback last day! 31GB+450min.@ TK 399, 30 days: cutt.ly/2wQlYv6U",English,"TK 100 cashback last day! 31GB+450min.@ TK 399, 30 days: cutt.ly/2wQlYv6U",False,False
promo,Robi Eid offer: 100 min + 2GB internet sudhu 99TK te. Dial *123*99#,Banglish,Robi Eid offer: 100 min + 2GB internet sudhu 99TK te. Dial *123*99#,False,False
promo,"ফার্নিচারে বিশেষ ছাড়! সোফা, টেবিলে ৩০% পর্যন্ত কমতি।",Bengali,"ফার্নিচারে বিশেষ ছাড়! সোফা, টেবিলে ৩০% পর্যন্ত কমতি।",False,False
promo,Othoba.com fashion week: Designer clothes 40-70% off till Sunday!,English,[URL] fashion week: Designer clothes 40-70% off till Sunday!,True,False
promo,"Sheikh Hasina sarkarer safollo:
2008 shale mobile handset utpadon chhilo shunno %, bortomane desher 15ti karkhana theke chahidar 97% puron hocche.",Banglish,"Sheikh Hasina sarkarer safollo: 2008 shale mobile handset utpadon chhilo shunno %, bortomane desher 15ti karkhana theke chahidar 97% puron hocche.",False,False
promo,"সেপ্টেম্বর-২৩
রিচার্জ:50৳
খরচ:
ডেটা:168৳
ভয়েস:119৳
অন্যান্য:0৳",Bengali,সেপ্টেম্বর-২৩ রিচার্জ:50৳ খরচ: ডেটা:168৳ ভয়েস:119৳ অন্যান্য:0৳,False,False
promo,"Offer of TK 499 for TK 399! Get 31GB + 450 min., 30 days: cutt.ly/2wQlYv6U",English,"Offer of TK 499 for TK 399! Get 31GB + 450 min., 30 days: cutt.ly/2wQlYv6U",False,False
promo,Special discount: 5% off all laptops. Limited stock.,English,Special discount: 5% off all laptops. Limited stock.,False,False
promo,"Pocket saving for full interneting, get 2GB@TK69, 7 days- cutt.ly/CwUPKGTR",English,"Pocket saving for full interneting, get 2GB@TK69, 7 days- cutt.ly/CwUPKGTR",False,False
promo,"Daraz Gadget Fair চলছে! স্মার্টওয়াচ, হেডফোন আর ট্যাবলেটে সর্বোচ্চ ৫০% ছাড়।",Bengali,"Daraz Gadget Fair চলছে! স্মার্টওয়াচ, হেডফোন আর ট্যাবলেটে সর্বোচ্চ ৫০% ছাড়।",False,False
promo,"TK100 cashback pro-level deal-100GB@TK698, 30 days cutt.ly/AwQzYxAf",English,"TK100 cashback pro-level deal-100GB@TK698, 30 days cutt.ly/AwQzYxAf",False,False
promo,Shohoz ticket booking e 20% off bus tickets e. Use promo code: RIDE20,Banglish,Shohoz ticket booking e 20% off bus tickets e. Use promo code: RIDE20,False,False
promo,iPhone 14 Pro Max available with 0% EMI! Down payment just 15000 TK. StarTech showrooms.,English,iPhone 14 Pro Max available with 0% EMI! Down payment just 15000 TK. StarTech showrooms.,False,False
promo,"১৮০৳ cashback-এ best offer 61GB+1000min@ ৳৭১৯,30দিন: cutt.ly/wwE5YMXC",CodeMix,"১৮০৳ cashback-এ best offer 61GB+1000min@ ৳৭১৯,30দিন: cutt.ly/wwE5YMXC",False,False
promo,Meena Bazar online grocery: Order fresh vegetables and fruits today and get 15% off. Use promo code: FRESH15. Free delivery available.,Banglish,Meena Bazar online grocery: Order fresh vegetables and fruits today and get 15% off. Use promo code: FRESH15. Free delivery available.,False,False
promo,bonus shoho 2GB-35TK-7din. dial *121*5037# ba mygp.li/mo,Banglish,bonus shoho 2GB-35TK-7din. dial *121*5037# ba mygp.li/mo,False,False
promo,Pathao Food exclusive: Ei week er shesh din e order korle flat 25% discount on all partner restaurants. Minimum order 300TK. Promo code: FOOD25. Pathao app diye order din ar moja korun.,Banglish,Pathao Food exclusive: Ei week er shesh din e order korle flat 25% discount on all partner restaurants. Minimum order 300TK. Promo code: FOOD25. Pathao app diye order din ar moja korun.,False,False
promo,GP গ্রাহকরা বিল পরিশোধ করলে ৫% ক্যাশব্যাক পাবেন।,Bengali,GP গ্রাহকরা বিল পরিশোধ করলে ৫% ক্যাশব্যাক পাবেন।,False,False
promo,Robi Eid campaign: Recharge 149TK and get 5GB internet + 200 mins bonus call valid for 30 days. Apnar entertainment ar connectivity ek sathe. Dial *123*149# now or visit robi.com.bd.,Banglish,Robi Eid campaign: Recharge 149TK and get 5GB internet + 200 mins bonus call valid for 30 days. Apnar entertainment ar connectivity ek sathe. Dial *123*149# now or visit [URL],True,False
promo,"Success of Sheikh Hasina government: In 2008, the price of one Mbps internet bandwidth was 27 thousand taka, currently under one country one rate it has been fixed at 60 taka.",English,"Success of Sheikh Hasina government: In 2008, the price of one Mbps internet bandwidth was 27 thousand taka, currently under one country one rate it has been fixed at 60 taka.",False,False
promo,Aarong Eid collection! Traditional wear upto 50% discount. All outlets.,Banglish,Aarong Eid collection! Traditional wear upto 50% discount. All outlets.,False,False
promo,Ajker special: shob boi te 15% chhar. deri na kore ekhuni order korun.,Banglish,Ajker special: shob boi te 15% chhar. deri na kore ekhuni order korun.,False,False
promo,সব কসমেটিক্সে ১০% ছাড়। অফারটি সীমিত সময়ের জন্য।,Bengali,সব কসমেটিক্সে ১০% ছাড়। অফারটি সীমিত সময়ের জন্য।,False,False
promo,"Today-র offer: সব jewelry-তে ১৫% discount। Stock limited, এখনই buy করুন!",CodeMix,"Today-র offer: সব jewelry-তে ১৫% discount। Stock limited, এখনই buy করুন!",False,False
promo,"Aj 15 March Bishwo Bhokta-Adhikar Dibosh. Dibosher protipadyo- 'Smart Bangladesh gori, bhoktaer shworthe kritrimo buddhimotta bybohar kori'. Jatiyo Bhokta-Adhikar Shongrokkhon Adhidoptor, Banijjo Montronaloy.",Banglish,"Aj 15 March Bishwo Bhokta-Adhikar Dibosh. Dibosher protipadyo- 'Smart Bangladesh gori, bhoktaer shworthe kritrimo buddhimotta bybohar kori'. Jatiyo Bhokta-Adhikar Shongrokkhon Adhidoptor, Banijjo Montronaloy.",False,False
promo,Use more than 5GB in May and get 45p/min call rate- cutt.ly/0AA4sic,English,Use more than 5GB in May and get 45p/min call rate- cutt.ly/0AA4sic,False,False
promo,Offer: সব electronics এ ১০% cashback। Code: ELEC10.,CodeMix,Offer: সব electronics এ ১০% cashback। Code: ELEC10.,False,False
promo,"Rangpur Foundry iron products sale! Gates, grills, furniture 25% off. Durable and affordable!",English,"Rangpur Foundry iron products sale! Gates, grills, furniture 25% off. Durable and affordable!",False,False
promo,‘স্মার্ট মোবাইল ফোনে প্রদর্শন করে ই-ড্রাইভিং লাইসেন্স ব্যবহার করা যাবে।’-বিআরটিএ,Bengali,‘স্মার্ট মোবাইল ফোনে প্রদর্শন করে ই-ড্রাইভিং লাইসেন্স ব্যবহার করা যাবে।’-বিআরটিএ,False,False
promo,"Full-on adda+interneting করতে 61GB+1000min@৳899,30দিন cutt.ly/LwEXIUPL",CodeMix,"Full-on adda+interneting করতে 61GB+1000min@৳899,30দিন cutt.ly/LwEXIUPL",False,False
promo,"ক্যামেরায় বিশেষ ছাড়! DSLR, অ্যাকশন ক্যামেরায় ৩৫% কমতি।",Bengali,"ক্যামেরায় বিশেষ ছাড়! DSLR, অ্যাকশন ক্যামেরায় ৩৫% কমতি।",False,False
promo,"আমার টাকায় আমার সেতু, Bangladesh-এর Padma Bridge। একটি স্বপ্নের unveiling। 25 June মাননীয় Prime Minister স্বপ্নের Padma Bridge শুভ inauguration করবেন। চোখ রাখুন, BTV, সকাল 10 টায়। Bangladesh Bridge Authority, সেতু বিভাগ।",CodeMix,"আমার টাকায় আমার সেতু, Bangladesh-এর Padma Bridge। একটি স্বপ্নের unveiling। 25 June মাননীয় Prime Minister স্বপ্নের Padma Bridge শুভ inauguration করবেন। চোখ রাখুন, BTV, সকাল 10 টায়। Bangladesh Bridge Authority, সেতু বিভাগ।",False,False
promo,"TK30 cashback for even more data 50GB@TK468, 30 days cutt.ly/QwE5OlXt",English,"TK30 cashback for even more data 50GB@TK468, 30 days cutt.ly/QwE5OlXt",False,False
promo,"২৭মিনিট মাত্র ১৯টাকা, মেয়াদ ৫দিন; নিতে ডায়াল করুন *১২১*৫০৮০#",Bengali,"২৭মিনিট মাত্র ১৯টাকা, মেয়াদ ৫দিন; নিতে ডায়াল করুন *১২১*৫০৮০#",False,False
promo,বোনাস সহ ৪জিবি-৬৬টাকা-৭দিন।ডায়াল *১২১*৫০৪৭# বা https://mygp.li/mo,Bengali,বোনাস সহ ৪জিবি-৬৬টাকা-৭দিন।ডায়াল *১২১*৫০৪৭# বা [URL],True,False
promo,"গার্ডেনিং টুলসে অফার! গাছের চারা, টবে বিশাল ছাড়।",Bengali,"গার্ডেনিং টুলসে অফার! গাছের চারা, টবে বিশাল ছাড়।",False,False
promo,Shohoz Tickets-এ বাস টিকিট কিনলে ১০% ছাড়। কোড: BUS10 ব্যবহার করুন।,Bengali,Shohoz Tickets-এ বাস টিকিট কিনলে ১০% ছাড়। কোড: BUS10 ব্যবহার করুন।,False,False
promo,"Lee Cooper-এ flat 50% ছাড়
সকল shirt, jeans, gabardine
আজ ও কাল
Shop",CodeMix,"Lee Cooper-এ flat 50% ছাড় সকল shirt, jeans, gabardine আজ ও কাল Shop",False,False
promo,Big Sale: Dhaka electronics shop এ ২৫% discount। Shop করুন এখন!,CodeMix,Big Sale: Dhaka electronics shop এ ২৫% discount। Shop করুন এখন!,False,False
promo,"Applications are invited for soldier posts in the army from January 10, 2024 to February 15, 2024. Applications must be submitted through Teletalk SIM according to the instructions published in the recruitment notice.",English,"Applications are invited for soldier posts in the army from January 10, 2024 to February 15, 2024. Applications must be submitted through Teletalk SIM according to the instructions published in the recruitment notice.",False,False
promo,"প্রো-লেভেল ৳৫৫ ক্যাশব্যাকে ৩৫জিবি+৫০০মি.@৳৪৪৪,৩০দিন: cutt.ly/XernQ63M",Bengali,"প্রো-লেভেল ৳৫৫ ক্যাশব্যাকে ৩৫জিবি+৫০০মি.@৳৪৪৪,৩০দিন: cutt.ly/XernQ63M",False,False
promo,"দৃষ্টিনন্দন architecture-এ unique, Diamond World-এর 'The Signature' showroom-এর inauguration হচ্ছে আজ বিকেল 4টায়। আপনার সপরিবারে attendance ও prayer আমাদের একান্ত কাম্য। Needed: 01713199270",CodeMix,"দৃষ্টিনন্দন architecture-এ unique, Diamond World-এর 'The Signature' showroom-এর inauguration হচ্ছে আজ বিকেল 4টায়। আপনার সপরিবারে attendance ও prayer আমাদের একান্ত কাম্য। Needed: [PHONE]",False,True
promo,bKash app থেকে নাও তোমার favorite Skitto packs এখনই: cutt.ly/Zwcqh6YQ,CodeMix,bKash app থেকে নাও তোমার favorite Skitto packs এখনই: cutt.ly/Zwcqh6YQ,False,False
promo,ফুড পান্ডায় বিশেষ কম্বো অফার! পিজা + কোক মাত্র ৩৯৯ টাকা।,Bengali,ফুড পান্ডায় বিশেষ কম্বো অফার! পিজা + কোক মাত্র ৩৯৯ টাকা।,False,False
promo,Citycell recharge এ ১৫% extra bonus পাবেন limited time। Don’t wait!,CodeMix,Citycell recharge এ ১৫% extra bonus পাবেন limited time। Don’t wait!,False,False
promo,"TK25 cashback e ebar aro beshi data 50GB@ TK473, 30din cutt.ly/zwTmxzpd",Banglish,"TK25 cashback e ebar aro beshi data 50GB@ TK473, 30din cutt.ly/zwTmxzpd",False,False
promo,"Notun Samsung phone e 10% discount! Stock limited, ajei kinun!",Banglish,"Notun Samsung phone e 10% discount! Stock limited, ajei kinun!",False,False
promo,"TK100 cashback! 30GB+600min @TK399, 30 days: cutt.ly/AwkY4L2C",English,"TK100 cashback! 30GB+600min @TK399, 30 days: cutt.ly/AwkY4L2C",False,False
promo,45TK cashback! 31GB+500min@454TK for 30 days: cutt.ly/qwWTAUku,English,45TK cashback! 31GB+500min@454TK for 30 days: cutt.ly/qwWTAUku,False,False
promo,"For system upgradation, all Skitto SIM services will be closed from 12:01 AM to 8:00 AM on October 3. Details: cutt.ly/TwvBT4wH",English,"For system upgradation, all Skitto SIM services will be closed from 12:01 AM to 8:00 AM on October 3. Details: cutt.ly/TwvBT4wH",False,False
promo,Walton smart TV কিনলে gift voucher পাবেন TK 500 এর। Order করুন আজই!,CodeMix,Walton smart TV কিনলে gift voucher পাবেন TK 500 এর। Order করুন আজই!,False,False
promo,অফার: সব ইলেকট্রনিক্সে ১০% ক্যাশব্যাক। কোড: ELEC10.,Bengali,অফার: সব ইলেকট্রনিক্সে ১০% ক্যাশব্যাক। কোড: ELEC10.,False,False
promo,<#> আপনার MyGP PIN (code): 4283. Verify করতে use করুন. Don't share FyXTPoy9ZDa,CodeMix,<#> আপনার MyGP PIN (code): 4283. Verify করতে use করুন. Don't share FyXTPoy9ZDa,False,False
promo,The handset is not registered in BTRC's database. The handset will be automatically registered.,English,The handset is not registered in BTRC's database. The handset will be automatically registered.,False,False
promo,Sheikh Hasina Youth Volunteer Award-২০২৪ প্রদানের target-এ ১৮-৪৫ বছরের youth-দের নিকট হতে application আহবান করা হয়েছে। এ বিষয়ে সকল information Youth ও Sports Ministry-র website-এ www.moysports.gov.bd পাওয়া যাবে।,CodeMix,Sheikh Hasina Youth Volunteer Award-২০২৪ প্রদানের target-এ ১৮-৪৫ বছরের youth-দের নিকট হতে application আহবান করা হয়েছে। এ বিষয়ে সকল information Youth ও Sports Ministry-র website-এ [URL] পাওয়া যাবে।,True,False
promo,Cool shob update miss na korte ekhoni join Skitto telegram: cutt.ly/NwJt7qvx,Banglish,Cool shob update miss na korte ekhoni join Skitto telegram: cutt.ly/NwJt7qvx,False,False
promo,City Bank app payment করুন এবং instant cashback ১২% পান। Download now এবং enjoy hassle-free secure transactions,CodeMix,City Bank app payment করুন এবং instant cashback ১২% পান। Download now এবং enjoy hassle-free secure transactions,False,False
promo,"50TK cashback e nao data mixer 40GB@TK248, 7din: cutt.ly/WwZsAgMK",Banglish,"50TK cashback e nao data mixer 40GB@TK248, 7din: cutt.ly/WwZsAgMK",False,False
promo,Meghna Group cement discount! All construction cement 15% off with free transportation. Build your dreams!,English,Meghna Group cement discount! All construction cement 15% off with free transportation. Build your dreams!,False,False
promo,"TK.১০০ cashback!৩০GB+৫০০min. @TK.৩৯৯,৩০days: cutt.ly/AwkY4L2C",CodeMix,"TK.১০০ cashback!৩০GB+৫০০min. @TK.৩৯৯,৩০days: cutt.ly/AwkY4L2C",False,False
promo,"৫০TK cashback নাও data mixer ৪০GB@২৪৮TK, ৭দিন: cutt.ly/WwZsAgMK",CodeMix,"৫০TK cashback নাও data mixer ৪০GB@২৪৮TK, ৭দিন: cutt.ly/WwZsAgMK",False,False
promo,GP Music Pack: Unlimited Bangla gaan streaming for 7 days only 49TK. Dial *121*49# to subscribe.,Banglish,GP Music Pack: Unlimited Bangla gaan streaming for 7 days only 49TK. Dial *121*49# to subscribe.,False,False
promo,GP bondho SIM return offer: Reactivate SIM with 49TK recharge and instantly get 8GB internet free. Offer valid for limited time.,Banglish,GP bondho SIM return offer: Reactivate SIM with 49TK recharge and instantly get 8GB internet free. Offer valid for limited time.,False,False
promo,"30GB@389TK,30 days pack buy and get Dunki"" movie ticket: cutt.ly/SwFqDlAs""",English,"30GB@389TK,30 days pack buy and get Dunki"" movie ticket: cutt.ly/SwFqDlAs""",False,False
promo,কসমেটিকসে বিশেষ অফার! সব ব্র্যান্ডে ৩০% ছাড় + গিফট হ্যাম্পার।,Bengali,কসমেটিকসে বিশেষ অফার! সব ব্র্যান্ডে ৩০% ছাড় + গিফট হ্যাম্পার।,False,False
promo,Robi Bondho SIM return: Sudhu 49TK recharge kore paben 10GB internet free + 100 bonus mins. Offer valid only for reactivation users. Dial *123*49# today.,Banglish,Robi Bondho SIM return: Sudhu 49TK recharge kore paben 10GB internet free + 100 bonus mins. Offer valid only for reactivation users. Dial *123*49# today.,False,False
promo,আমাদের নতুন product line থেকে যেকোনো item কিনলে ৳600 cashback পাবেন। This offer is only for this week।,CodeMix,আমাদের নতুন product line থেকে যেকোনো item কিনলে ৳600 cashback পাবেন। This offer is only for this week।,False,False
promo,"“মুগদা, সবুজবাগ, শাহজাহানপুর, খিলগাঁও, রামপুরা, মতিঝিল, পল্টন, বাড্ডা, হাতিরঝিল থানার ই-পাসপোর্ট সেবা আগামী ০৭ মে ২০২৩ খ্রিঃ থেকে আঞ্চলিক পাসপোর্ট অফিস, ঢাকা পূর্ব (আফতাবনগর) হতে দেওয়া হবে""।",Bengali,"“মুগদা, সবুজবাগ, শাহজাহানপুর, খিলগাঁও, রামপুরা, মতিঝিল, পল্টন, বাড্ডা, হাতিরঝিল থানার ই-পাসপোর্ট সেবা আগামী ০৭ মে ২০২৩ খ্রিঃ থেকে আঞ্চলিক পাসপোর্ট অফিস, ঢাকা পূর্ব (আফতাবনগর) হতে দেওয়া হবে""।",False,False
promo,Bata footwear e Eid collection up to 40% discount. Visit nearest outlet.,Banglish,Bata footwear e Eid collection up to 40% discount. Visit nearest outlet.,False,False
promo,Citycell recharge করলে ১০% extra bonus পাবেন। Don’t wait!,CodeMix,Citycell recharge করলে ১০% extra bonus পাবেন। Don’t wait!,False,False
promo,"100' Madani Avenue, Army Housing (Jolshiri) সংলগ্ন plot প্রতি katha TK5Lakh. Call: 01894841729",CodeMix,"100' Madani Avenue, Army Housing (Jolshiri) সংলগ্ন plot প্রতি katha TK5Lakh. Call: [PHONE]",False,True
promo,"TK30 cashback e pro-level data deal-22GB@TK167, 7din cutt.ly/7w9OKeZ2",Banglish,"TK30 cashback e pro-level data deal-22GB@TK167, 7din cutt.ly/7w9OKeZ2",False,False
promo,"With TK 35 cashback, now get even more data 50GB@TK 463, 30 days cutt.ly/HwOETkke",English,"With TK 35 cashback, now get even more data 50GB@TK 463, 30 days cutt.ly/HwOETkke",False,False
promo,Airtel unlimited data pack আজ discounted price এ। Subscribe করুন now!,CodeMix,Airtel unlimited data pack আজ discounted price এ। Subscribe করুন now!,False,False
promo,Valentine's Day-তে diamond jewelry-তে ২৫% discount ১৫/০২/২০২৪ পর্যন্ত। ০১৭১৩১৯৯২৭০,CodeMix,Valentine's Day-তে diamond jewelry-তে ২৫% discount ১৫/০২/২০২৪ পর্যন্ত। [PHONE],False,True
promo,Citycell recharge আজ থেকে ৭২ ঘণ্টার জন্য extra ১০% bonus। Don’t wait!,CodeMix,Citycell recharge আজ থেকে ৭২ ঘণ্টার জন্য extra ১০% bonus। Don’t wait!,False,False
promo,Cool সব update miss না করতে এখনই join স্কিটো Telegram: cutt.ly/NwJt7qvx,CodeMix,Cool সব update miss না করতে এখনই join স্কিটো Telegram: cutt.ly/NwJt7qvx,False,False
promo,"Get 50TK cashback data mixer 40GB@TK248, 7days: cutt.ly/WwZsAgMK",English,"Get 50TK cashback data mixer 40GB@TK248, 7days: cutt.ly/WwZsAgMK",False,False
promo,৩০জিবি (বোনাস সহ) ৩০০টাকা ৩০দিন। ডায়াল *১২১*৫২৫৪# বা mygp.li/mo,Bengali,৩০জিবি (বোনাস সহ) ৩০০টাকা ৩০দিন। ডায়াল *১২১*৫২৫৪# বা mygp.li/mo,False,False
promo,Pathao Food: 200TK order e 50TK off. Code use korun: FOOD50,Banglish,Pathao Food: 200TK order e 50TK off. Code use korun: FOOD50,False,False
promo,Happy New Year - 2024 Smart banking sebay Sonali Bank sorbodai apnar pashe Md. Afzal Karim CEO & MD,Banglish,Happy New Year - 2024 Smart banking sebay Sonali Bank sorbodai apnar pashe Md. Afzal Karim CEO & MD,False,False
promo,"ক্যাশব্যাকে সেঞ্চুরি ৳১০০! ৪৬জিবি @ ৳৩৯৮,৩০দিন: cutt.ly/AwQzYxAf",Bengali,"ক্যাশব্যাকে সেঞ্চুরি ৳১০০! ৪৬জিবি @ ৳৩৯৮,৩০দিন: cutt.ly/AwQzYxAf",False,False
promo,"Nagad cashback offer! Recharge 100TK, paben 20TK bonus. *167# dial korun.",Banglish,"Nagad cashback offer! Recharge 100TK, paben 20TK bonus. *167# dial korun.",False,False
promo,"Pickaboo electronics sale: Laptop, mobile, ar accessories up to 8000TK discount + 12 months EMI option. Limited stock. Visit pickaboo.com for details.",Banglish,"Pickaboo electronics sale: Laptop, mobile, ar accessories up to 8000TK discount + 12 months EMI option. Limited stock. Visit [URL] for details.",True,False
promo,"১৫০TK cashback-এ data mixer ৮০GB@৬৯৯TK,৩০দিন: cutt.ly/lwMwLrfw",CodeMix,"১৫০TK cashback-এ data mixer ৮০GB@৬৯৯TK,৩০দিন: cutt.ly/lwMwLrfw",False,False
promo,"Walton refrigerators starting 18,000TK with 5 years warranty!",English,"Walton refrigerators starting 18,000TK with 5 years warranty!",False,False
promo,"Shadhinata Complex winter clothing sale: Jackets, sweaters, coats 50% off!",English,"Shadhinata Complex winter clothing sale: Jackets, sweaters, coats 50% off!",False,False
promo,Robi combo pack মাত্র TK 400। Shop করুন এখনই!,CodeMix,Robi combo pack মাত্র TK 400। Shop করুন এখনই!,False,False
promo,Square Pharmaceuticals health checkup camp! Full body screening 2500 TK. Early detection saves lives!,English,Square Pharmaceuticals health checkup camp! Full body screening 2500 TK. Early detection saves lives!,False,False
promo,"16122 number e call kore othoba land.gov.bd visit kore ghore bosheie bhumisheba grohon korun.""—Bhumi Montronaloy.""",Banglish,"16122 number e call kore othoba [URL] visit kore ghore bosheie bhumisheba grohon korun.""—Bhumi Montronaloy.""",True,False
promo,"Robi গ্রাহকগণ, রবিবারে ৫ জিবি মাত্র ৮৯ টাকা।",Bengali,"Robi গ্রাহকগণ, রবিবারে ৫ জিবি মাত্র ৮৯ টাকা।",False,False
promo,GP 4G Swap Offer: Swap your SIM to 4G and get 10GB internet free instantly.,Banglish,GP 4G Swap Offer: Swap your SIM to 4G and get 10GB internet free instantly.,False,False
promo,১ deal-এই সপ্তাহের সব internetting- নাও ১০জিবি@৳১৫৮: cutt.ly/FwUC6vhp,CodeMix,১ deal-এই সপ্তাহের সব internetting- নাও ১০জিবি@৳১৫৮: cutt.ly/FwUC6vhp,False,False
promo,Daraz 9.9 sale! Up to 70% discount electronics e. Shop now: daraz.com.bd,Banglish,Daraz 9.9 sale! Up to 70% discount electronics e. Shop now: [URL],True,False
promo,Shohoz Tickets দিয়ে ট্রেন টিকিট কিনলে ১২% ছাড়। কোড: TRAIN12।,Bengali,Shohoz Tickets দিয়ে ট্রেন টিকিট কিনলে ১২% ছাড়। কোড: TRAIN12।,False,False
promo,Pickaboo Flash Deal: Samsung Galaxy Buds at 25% discount. Free EMI available. Order now.,Banglish,Pickaboo Flash Deal: Samsung Galaxy Buds at 25% discount. Free EMI available. Order now.,False,False
promo,"আজই last day!৫জিবি+১৫০মিনিট ১৩০টাকা (৩০দিন),Dial *১২১*৫২০৫# বা https://mygp.li/a0",CodeMix,"আজই last day!৫জিবি+১৫০মিনিট ১৩০টাকা (৩০দিন),Dial *১২১*৫২০৫# বা [URL]",True,False
promo,"200 TK cashback with best offer – 61GB + 1000 min @ 699 TK, 30 days: cutt.ly/FwQhpKHc",CodeMix,"200 TK cashback with best offer – 61GB + 1000 min @ 699 TK, 30 days: cutt.ly/FwQhpKHc",False,False
promo,"TK100 cashback 31GB+450min.@TK399,30days, get it: cutt.ly/2wQlYv6U",English,"TK100 cashback 31GB+450min.@TK399,30days, get it: cutt.ly/2wQlYv6U",False,False
promo,"New deal for chatting+internetting 10GB+250min@258TK, 30 days cutt.ly/wwCctHGF",English,"New deal for chatting+internetting 10GB+250min@258TK, 30 days cutt.ly/wwCctHGF",False,False
promo,"৳৫০ ক্যাশব্যাকে প্রো-লেভেল ডাটা ডিল ৫০জিবি@৳৪৪৮,৩০দিন cutt.ly/nwMwL8Y1",Bengali,"৳৫০ ক্যাশব্যাকে প্রো-লেভেল ডাটা ডিল ৫০জিবি@৳৪৪৮,৩০দিন cutt.ly/nwMwL8Y1",False,False
promo,Balance শেষ? ২০০TK পর্যন্ত GP emergency balance নিতে *৯#,CodeMix,Balance শেষ? ২০০TK পর্যন্ত GP emergency balance নিতে *৯#,False,False
promo,Meena Bazar weekly discount: Shop groceries worth 2000TK and save 400TK instantly. Use code MB400 at checkout.,Banglish,Meena Bazar weekly discount: Shop groceries worth 2000TK and save 400TK instantly. Use code MB400 at checkout.,False,False
promo,আমাদের নতুন product line থেকে যেকোনো item কিনলে ৳550 cashback পাবেন। This offer is only for this week।,CodeMix,আমাদের নতুন product line থেকে যেকোনো item কিনলে ৳550 cashback পাবেন। This offer is only for this week।,False,False
promo,"399T te 499T er offer! Nao 31GB+450min.,30din: cutt.ly/2wQlYv6U",Banglish,"399T te 499T er offer! Nao 31GB+450min.,30din: cutt.ly/2wQlYv6U",False,False
promo,Bangladesh Biman Bahinite 89 BAFA course-e officer cadet niyog cholche. Bistarito: https://joinairforce.baf.mil.bd,Banglish,Bangladesh Biman Bahinite 89 BAFA course-e officer cadet niyog cholche. Bistarito: [URL],True,False
promo,Bonus soho 3GB-60Tk-3din. Dial *121*5699# or https://mygp.li/mo,Banglish,Bonus soho 3GB-60Tk-3din. Dial *121*5699# or [URL],True,False
promo,"Daraz Electronics Fair চলছে! ল্যাপটপ, হেডফোন আর টিভি কিনুন সর্বোচ্চ ৪০% ডিসকাউন্টে। অফার শেষ হবে ৩ দিনের মধ্যে।",Bengali,"Daraz Electronics Fair চলছে! ল্যাপটপ, হেডফোন আর টিভি কিনুন সর্বোচ্চ ৪০% ডিসকাউন্টে। অফার শেষ হবে ৩ দিনের মধ্যে।",False,False
promo,MensWorld এখন নবরুপে Bashundhara City Apparel Zone-এ। Level-৮ ০১৮৯৬০০১৯০৩,CodeMix,MensWorld এখন নবরুপে Bashundhara City Apparel Zone-এ। Level- [PHONE],False,True
promo,Square Hospital health checkup package 40% discount! Complete body checkup just 3600 TK. Book now!,English,Square Hospital health checkup package 40% discount! Complete body checkup just 3600 TK. Book now!,False,False
promo,"5GB+150min 130Tk (30din), dial *121*5205# othoba https://mygp.li/a0",Banglish,"5GB+150min 130Tk (30din), dial *121*5205# othoba [URL]",True,False
promo,Robi 4G blast offer: Recharge 109TK and paben 5GB high-speed 4G data valid 10 days. Amar Robi app theke activate korun today.,Banglish,Robi 4G blast offer: Recharge 109TK and paben 5GB high-speed 4G data valid 10 days. Amar Robi app theke activate korun today.,False,False
promo,ইলেকট্রনিক্স পণ্য কিনলেই ফ্রি শিপিং! অফার শেষ হওয়ার আগে কেনাকাটা করুন।,Bengali,ইলেকট্রনিক্স পণ্য কিনলেই ফ্রি শিপিং! অফার শেষ হওয়ার আগে কেনাকাটা করুন।,False,False
promo,"দুর্গা পূজায় কেনাকাটা করুন ২৫% ছাড়ে, ২৫ অক্টোবর পর্যন্ত। ০১৭১৩১৯৯২৭০",Bengali,"দুর্গা পূজায় কেনাকাটা করুন ২৫% ছাড়ে, ২৫ অক্টোবর পর্যন্ত। [PHONE]",False,True
promo,"Success of Sheikh Hasina's government: 
In 2006, there were only 98 government websites. In 2023, it has increased to 52,200.",English,"Success of Sheikh Hasina's government: In 2006, there were only 98 government websites. In 2023, it has increased to 52,200.",False,False
promo,"ডাটা মিক্সারে করো পকেট সেভিং, নাও ৬০জিবি@৳৫৬৯, ৩০দিন: cutt.ly/HwQzEu9E",Bengali,"ডাটা মিক্সারে করো পকেট সেভিং, নাও ৬০জিবি@৳৫৬৯, ৩০দিন: cutt.ly/HwQzEu9E",False,False
promo,Prime Bank car loan special! New car financing up to 80% loan amount. Drive your dream car!,English,Prime Bank car loan special! New car financing up to 80% loan amount. Drive your dream car!,False,False
promo,Bonus সহ ২GB-৪৫TK-৩দিন। Dial *১২১*৫৫৩৪# বা mygp.li/my,CodeMix,Bonus সহ ২GB-৪৫TK-৩দিন। Dial *১২১*৫৫৩৪# বা mygp.li/my,False,False
promo,এক্সক্লুসিভ অফার! আইফোনে ২০০০০ টাকা ক্যাশব্যাক। EMI তে কিনুন।,Bengali,এক্সক্লুসিভ অফার! আইফোনে ২০০ টাকা ক্যাশব্যাক। EMI তে কিনুন।,False,False
promo,"Pocket saving in interneting, get 10GB@TK158, 7 days: cutt.ly/FwUC6vh",English,"Pocket saving in interneting, get 10GB@TK158, 7 days: cutt.ly/FwUC6vh",False,False
promo,New Balance shoes up to 60% off at Bata stores nationwide!,English,New Balance shoes up to 60% off at Bata stores nationwide!,False,False
promo,"Lee Cooper-এ সকল shirt, jeans, gabardine flat 50% discount শপ্র",CodeMix,"Lee Cooper-এ সকল shirt, jeans, gabardine flat 50% discount শপ্র",False,False
promo,"For full-on chatting+interneting 61GB+1000min@TK899, 30 days cutt.ly/LwEXIUPL",English,"For full-on chatting+interneting 61GB+1000min@TK899, 30 days cutt.ly/LwEXIUPL",False,False
promo,Walton factory outlet! electronics 35% off. Dhanmondi showroom!,English,Walton factory outlet! electronics 35% off. Dhanmondi showroom!,False,False
promo,"৳৩৯৯ তে ৳৪৯৯ এর অফার! নাও ৩১জিবি+৪৫০মি.,৩০দিন: cutt.ly/2wQlYv6U",Bengali,"৳৩৯৯ তে ৳৪৯৯ এর অফার! নাও ৩১জিবি+৪৫০মি.,৩০দিন: cutt.ly/2wQlYv6U",False,False
promo,MensWorld ekhon noborupe Bashundhara City Apparel Zone e. Level-8 01896001903,Banglish,MensWorld ekhon noborupe Bashundhara City Apparel Zone e. Level- [PHONE],False,True
promo,Walton smartphone কিনলে gift voucher পাবেন TK 500। Order করুন আজই!,CodeMix,Walton smartphone কিনলে gift voucher পাবেন TK 500। Order করুন আজই!,False,False
promo,"Aj bank theke bKash-e 500 taka anlei 10 taka cashback, 1 bar! TCA",Banglish,"Aj bank theke bKash-e 500 taka anlei 10 taka cashback, 1 bar! TCA",False,False
promo,Aarong Eid sale! All clothing up to 60% discount. Limited time!,English,Aarong Eid sale! All clothing up to 60% discount. Limited time!,False,False
promo,ভালোবাসা দিবসে ডায়মন্ড গহনায় ২৫% ছাড় ১৫/০২/২০২৪ পর্যন্ত। ০১৭১৩১৯৯২৭০,Bengali,ভালোবাসা দিবসে ডায়মন্ড গহনায় ২৫% ছাড় ১৫/০২/২০২৪ পর্যন্ত। [PHONE],False,True
promo,Robi recharge bonus: Recharge 199TK and get 5GB internet + 100 min free. Validity 10 days. Dial *123*199# to activate. Don’t miss it.,Banglish,Robi recharge bonus: Recharge 199TK and get 5GB internet + 100 min free. Validity 10 days. Dial *123*199# to activate. Don’t miss it.,False,False
promo,Shwapno Grocery Deal: Buy 5kg rice and get 1kg lentil free. Available all Dhaka outlets. Offer valid this week only.,Banglish,Shwapno Grocery Deal: Buy 5kg rice and get 1kg lentil free. Available all Dhaka outlets. Offer valid this week only.,False,False
promo,"বেশি বেশি আড্ডা+ইন্টারনেটিং,নাও ৫জিবি+১৫০মি@৳১৫৯,৭দিন cutt.ly/owEyhCVt",Bengali,"বেশি বেশি আড্ডা+ইন্টারনেটিং,নাও ৫জিবি+১৫০মি@৳১৫৯,৭দিন cutt.ly/owEyhCVt",False,False
promo,"১০০৳ Cashback! ৩১GB+৪৫০min.@৩৯৯৳,৩০দিন,নিয়ে নাও: cutt.ly/2wQlYv6U",CodeMix,"১০০৳ Cashback! ৩১GB+৪৫০min.@৩৯৯৳,৩০দিন,নিয়ে নাও: cutt.ly/2wQlYv6U",False,False
promo,"১৭ মে বিশ্ব টেলিযোগাযোগ ও তথ্য সংঘ দিবস, ২০২৩ এর প্রতিপাদ্য বিষয়
“তথ্য ও যোগাযোগ প্রযুক্তির উন্নয়ন
স্বল্পোন্নত দেশসমূহের ক্ষমতায়ন”-ডাক ও টেলিযোগাযোগ বিভাগ।",Bengali,"১৭ মে বিশ্ব টেলিযোগাযোগ ও তথ্য সংঘ দিবস, ২০২৩ এর প্রতিপাদ্য বিষয় “তথ্য ও যোগাযোগ প্রযুক্তির উন্নয়ন স্বল্পোন্নত দেশসমূহের ক্ষমতায়ন”-ডাক ও টেলিযোগাযোগ বিভাগ।",False,False
promo,১ ডিলেই সপ্তাহের সব ইন্টারনেটিং- নাও ১০জিবি@৳১৫৮: cutt.ly/FwUC6vhp,Bengali,১ ডিলেই সপ্তাহের সব ইন্টারনেটিং- নাও ১০জিবি@৳১৫৮: cutt.ly/FwUC6vhp,False,False
promo,Banglalink music bundle: Recharge 79TK and enjoy unlimited Bangla gaan streaming for 30 days. Dial *222*79# to activate. Ei offer sudhu September month er jonno valid.,Banglish,Banglalink music bundle: Recharge 79TK and enjoy unlimited Bangla gaan streaming for 30 days. Dial *222*79# to activate. Ei offer sudhu September month er jonno valid.,False,False
promo,"Brac Bank home loan special! 8.5% interest rate, 25 year tenure. Own your dream home today!",English,"Brac Bank home loan special! 8.5% interest rate, 25 year tenure. Own your dream home today!",False,False
promo,"ডাবলসেঞ্চুরি ক্যাশব্যাক ৳২০০!৬১জিবি+১০০০মি@৳৬৯৯, ৩০দিন cutt.ly/FwQhpKHc",Bengali,"ডাবলসেঞ্চুরি ক্যাশব্যাক ৳২০০!৬১জিবি+১০০০মি@৳৬৯৯, ৩০দিন cutt.ly/FwQhpKHc",False,False
promo,সেনাবাহিনীতে soldier পদে যোগদানের জন্য ১০ জানুয়ারি ২০২৪ থেকে ১৫ ফেব্রুয়ারি ২০২৪ পর্যন্ত আবেদন আহবান করা হচ্ছে। নিয়োগ বিজ্ঞপ্তিতে প্রকাশিত instruction অনুযায়ী টেলিটক SIM এর মাধ্যমে আবেদন করতে হবে,CodeMix,সেনাবাহিনীতে soldier পদে যোগদানের জন্য ১০ জানুয়ারি ২০২৪ থেকে ১৫ ফেব্রুয়ারি ২০২৪ পর্যন্ত আবেদন আহবান করা হচ্ছে। নিয়োগ বিজ্ঞপ্তিতে প্রকাশিত instruction অনুযায়ী টেলিটক SIM এর মাধ্যমে আবেদন করতে হবে,False,False
promo,"Buy 1 Get 1 free at Aarong! এই offer টা valid 15th January পর্যন্ত। Don't miss out, সুযোগ হাতছাড়া করবেন না!",CodeMix,"Buy 1 Get 1 free at Aarong! এই offer টা valid 15th January পর্যন্ত। Don't miss out, সুযোগ হাতছাড়া করবেন না!",False,False
promo,বোনাস সহ ১জিবি-৩০টাকা-৩দিন। ডায়াল *১২১*৫২১৫# বা https://mygp.li/mo,Bengali,বোনাস সহ ১জিবি-৩০টাকা-৩দিন। ডায়াল *১২১*৫২১৫# বা [URL],True,False
promo,"Banglalink গ্রাহকদের জন্য আজকের স্পেশাল অফার! ৩ জিবি মাত্র ৩৯ টাকা, বৈধতা ৩ দিন। এখনই ডায়াল করুন *5000*39# এবং উপভোগ করুন দ্রুত ইন্টারনেট।",Bengali,"Banglalink গ্রাহকদের জন্য আজকের স্পেশাল অফার! ৩ জিবি মাত্র ৩৯ টাকা, বৈধতা ৩ দিন। এখনই ডায়াল করুন *5000*39# এবং উপভোগ করুন দ্রুত ইন্টারনেট।",False,False
promo,"DBBL কার্ডে শপিং করলে ১০% ক্যাশব্যাক, সর্বোচ্চ ৫০০ টাকা পর্যন্ত। অফার বৈধ এই মাসের শেষ পর্যন্ত।",Bengali,"DBBL কার্ডে শপিং করলে ১০% ক্যাশব্যাক, সর্বোচ্চ ৫০০ টাকা পর্যন্ত। অফার বৈধ এই মাসের শেষ পর্যন্ত।",False,False
promo,"Buy 1 Get 1 free at Aarong! এই offer টা valid 30th November পর্যন্ত। Don't miss out, সুযোগ হাতছাড়া করবেন না!",CodeMix,"Buy 1 Get 1 free at Aarong! এই offer টা valid 30th November পর্যন্ত। Don't miss out, সুযোগ হাতছাড়া করবেন না!",False,False
promo,"Eid fashion collection at Rang! Designer clothes 50% off. Visit Gulshan, Dhanmondi, Uttara showrooms!",English,"Eid fashion collection at Rang! Designer clothes 50% off. Visit Gulshan, Dhanmondi, Uttara showrooms!",False,False
promo,Bata footwear carnival: Shop shoes 50% discount + extra 10% using Bkash payment. Valid till 20th Sept.,Banglish,Bata footwear carnival: Shop shoes 50% discount + extra 10% using Bkash payment. Valid till 20th Sept.,False,False
promo,Bangladesh Air Force এ ৮৯ BAFA course এ officer cadet নিয়োগ চলছে। Details: https://joinairforce.baf.mil.bd,CodeMix,Bangladesh Air Force এ ৮৯ BAFA course এ officer cadet নিয়োগ চলছে। Details: [URL],True,False
promo,Last day today! 2GB with bonus - 35 taka - 7 days. Dial *121*5037# or mygp.li/mo,English,Last day today! 2GB with bonus - 35 taka - 7 days. Dial *121*5037# or mygp.li/mo,False,False
promo,"২০০৳ ক্যাশব্যাকে সেরা অফার ৬১জিবি+১০০০মি@৳৬৯৯,৩০দিন: cutt.ly/OwG5T3ub",Bengali,"২০০৳ ক্যাশব্যাকে সেরা অফার ৬১জিবি+১০০০মি@৳৬৯৯,৩০দিন: cutt.ly/OwG5T3ub",False,False
promo,Aj Dhanmondi shakhar shubho uddbodhone flat 50% chad! 01896001929 cutt.ly/fmw,Banglish,Aj Dhanmondi shakhar shubho uddbodhone flat 50% chad! [PHONE] cutt.ly/fmw,False,True
promo,"Uniquely beautiful in architecture, Diamond World's ""The Signature"" showroom is opening today at 4 PM. Your presence with family and prayers are earnestly desired. If needed: 01713199270",English,"Uniquely beautiful in architecture, Diamond World's ""The Signature"" showroom is opening today at 4 PM. Your presence with family and prayers are earnestly desired. If needed: [PHONE]",False,True
promo,Daraz App-এ নতুন ইউজার রেজিস্টার করলে ২৫০ টাকা ভাউচার ফ্রি। এখনই ডাউনলোড করে শপিং শুরু করুন।,Bengali,Daraz App-এ নতুন ইউজার রেজিস্টার করলে ২৫০ টাকা ভাউচার ফ্রি। এখনই ডাউনলোড করে শপিং শুরু করুন।,False,False
promo,Evaly carnival sale: Fashion apparels and kitchen items up to 65% discount. Online order delivery free across Dhaka. Offer valid till 20th Sept.,Banglish,Evaly carnival sale: Fashion apparels and kitchen items up to 65% discount. Online order delivery free across Dhaka. Offer valid till 20th Sept.,False,False
promo,টেলিটকে নতুন অফার! ৭দিনে ২জিবি ডেটা মাত্র ৪৯ টাকা। *১১৪*৬# ডায়াল করুন।,Bengali,টেলিটকে নতুন অফার! ৭দিনে ২জিবি ডেটা মাত্র ৪৯ টাকা। *১১৪*৬# ডায়াল করুন।,False,False
promo,ইলেকট্রনিক্স পণ্যে মেগা সেল! সব পণ্যে ১০-৫০% ছাড়। আজই ভিজিট করুন।,Bengali,ইলেকট্রনিক্স পণ্যে মেগা সেল! সব পণ্যে ১০-৫০% ছাড়। আজই ভিজিট করুন।,False,False
promo,সেরা অফার! বোনাস সহ ৫জিবি-৫০টাকা-৩দিন। ডায়াল *১২১*৫৬৫০# বা mygp.li/my,Bengali,সেরা অফার! বোনাস সহ ৫জিবি-৫০টাকা-৩দিন। ডায়াল *১২১*৫৬৫০# বা mygp.li/my,False,False
promo,MensWorld Bashundhara City নতুন branch opening এ flat 30% discount! cutt.ly/fmw,CodeMix,MensWorld Bashundhara City নতুন branch opening এ flat 30% discount! cutt.ly/fmw,False,False
promo,“05 May Antorjatik Midwife Dibosh. Ebarer protipadya-tothho theke bastobe: shokol midwife ek sathe.”,Banglish,“05 May Antorjatik Midwife Dibosh. Ebarer protipadya-tothho theke bastobe: shokol midwife ek sathe.”,False,False
promo,DBBL online banking payment করুন এবং exclusive reward points পান। Register now এবং future bill pay এ benefit enjoy করুন,CodeMix,DBBL online banking payment করুন এবং exclusive reward points পান। Register now এবং future bill pay এ benefit enjoy করুন,False,False
promo,"Get 499TK offer for just 399TK! 31GB+450min,30days: cutt.ly/2wQlYv6U",English,"Get 499TK offer for just 399TK! 31GB+450min,30days: cutt.ly/2wQlYv6U",False,False
promo,BRAC Bank credit card holders জন্য special cashback ১০% on electronics items। Apply করুন এখনই এবং instant reward points পান।,CodeMix,BRAC Bank credit card holders জন্য special cashback ১০% on electronics items। Apply করুন এখনই এবং instant reward points পান।,False,False
promo,Daraz Electronics Fair চলছে! ল্যাপটপ আর গ্যাজেট কিনলে ৩০% ডিসকাউন্ট। এখনই অর্ডার করুন।,Bengali,Daraz Electronics Fair চলছে! ল্যাপটপ আর গ্যাজেট কিনলে ৩০% ডিসকাউন্ট। এখনই অর্ডার করুন।,False,False
promo,Bonus সহ ৮GB-১২০TK-৩০দিন। নিতে dial *১২১*৫০৭২# or https://mygp.li/mo,CodeMix,Bonus সহ ৮GB-১২০TK-৩০দিন। নিতে dial *১২১*৫০৭২# or [URL],True,False
promo,Big Sale: Beximco fashion এ ৩০% discount। Shop করুন online এখনই!,CodeMix,Big Sale: Beximco fashion এ ৩০% discount। Shop করুন online এখনই!,False,False
promo,Electronics product-এ mega sale! সব product-এ 10-50% discount। আজই visit করুন।,CodeMix,Electronics product-এ mega sale! সব product-এ 10-50% discount। আজই visit করুন।,False,False
promo,বিশাল সেভিংস! হোম ডেকোরেশন আইটেমে ৪৫% পর্যন্ত ছাড়। শুধু আজ!,Bengali,বিশাল সেভিংস! হোম ডেকোরেশন আইটেমে ৪৫% পর্যন্ত ছাড়। শুধু আজ!,False,False
promo,Bonus with 8GB-120TK-30 days. Dial *121*5072# or [https://mygp.li/mo](https://mygp.li/mo),English,Bonus with 8GB-120TK-30 days. Dial *121*5072# or [ [URL],True,False
promo,Robi recharge 100TK te paben 30 min free bonus call. Valid 7 days.,Banglish,Robi recharge 100TK te paben 30 min free bonus call. Valid 7 days.,False,False
promo,"Boundary-কৃত ready plot এখনই বাড়ি করে earn করুন, katha 4.5 lakh
01894841736",CodeMix,"Boundary-কৃত ready plot এখনই বাড়ি করে earn করুন, katha 4.5 lakh [PHONE]",False,True
promo,"Tomar jonno special deal 4GB+80mi.@87TK, 7din: cutt.ly/Iw0edGlt",Banglish,"Tomar jonno special deal 4GB+80mi.@87TK, 7din: cutt.ly/Iw0edGlt",False,False
promo,Buy 2 Get 1 FREE on all cosmetics! Shwapno supermarket. Offer valid till 15th December. Hurry up!,English,Buy 2 Get 1 FREE on all cosmetics! Shwapno supermarket. Offer valid till 15th December. Hurry up!,False,False
promo,হোম অ্যাপ্লায়েন্সের উপর ২৫% পর্যন্ত ছাড়! অফার শেষ হওয়ার আগে সুযোগ নিন।,Bengali,হোম অ্যাপ্লায়েন্সের উপর ২৫% পর্যন্ত ছাড়! অফার শেষ হওয়ার আগে সুযোগ নিন।,False,False
promo,Walton smart appliance কিনলে gift voucher পাবেন TK 700। Order করুন আজই!,CodeMix,Walton smart appliance কিনলে gift voucher পাবেন TK 700। Order করুন আজই!,False,False
promo,September-23 Recharge: 50TK Khoroch: Data: 168TK Voice: 119TK Onnanyo: 0TK,Banglish,September-23 Recharge: 50TK Khoroch: Data: 168TK Voice: 119TK Onnanyo: 0TK,False,False
promo,শুধু আজকে ৳১০০ ক্যাশব্যাক! ৫০জিবি @৳৩৯৮ ৩০দিন: cutt.ly/hwltB5hC,Bengali,শুধু আজকে ৳১০০ ক্যাশব্যাক! ৫০জিবি @৳৩৯৮ ৩০দিন: cutt.ly/hwltB5hC,False,False
promo,Agora supermarket weekend special! Buy groceries worth 1500 TK get 200 TK cashback via bKash!,English,Agora supermarket weekend special! Buy groceries worth 1500 TK get 200 TK cashback via bKash!,False,False
promo,"লোটোতে শুধুমাত্র আজকের অফার
নির্দিষ্ট পণ্যে
১টি কিনলে ১টি ফ্রী
শপ্র",Bengali,লোটোতে শুধুমাত্র আজকের অফার নির্দিষ্ট পণ্যে ১টি কিনলে ১টি ফ্রী শপ্র,False,False
promo,"তোমার জন্য special deal!10GB+250minutes @৳২৫০,30দিনঃ cutt.ly/Lwg2MRlr",CodeMix,"তোমার জন্য special deal!10GB+250minutes @৳২৫০,30দিনঃ cutt.ly/Lwg2MRlr",False,False
promo,"Pro-level internetinge pocket saving- 3GB@TK98,7 din cutt.ly/9wEyjoLc",Banglish,"Pro-level internetinge pocket saving- 3GB@TK98,7 din cutt.ly/9wEyjoLc",False,False
promo,Dhonir hate ki uthbe trophy? Dekhun IPL final cutt.ly/ywqDAPVv,Banglish,Dhonir hate ki uthbe trophy? Dekhun IPL final cutt.ly/ywqDAPVv,False,False
promo,Online shopping e 20% porjonto discount! Code use kore subidha nin.,Banglish,Online shopping e 20% porjonto discount! Code use kore subidha nin.,False,False
promo,Enjoy 100% bonus data with our new weekly plan। Packটি কিনে double data পান same price এ।,CodeMix,Enjoy 100% bonus data with our new weekly plan। Packটি কিনে double data পান same price এ।,False,False
promo,"nirbachhoni achoronbiddhi mene cholun, 
shushtu o abad nirbachhone shahayota korun
- Bangladesh nirbachhon commission",Banglish,"nirbachhoni achoronbiddhi mene cholun, shushtu o abad nirbachhone shahayota korun - Bangladesh nirbachhon commission",False,False
promo,GP bondho SIM comeback: Reactivate kore instantly 10GB data free and 100 mins bonus call. Recharge 58TK and enjoy the benefit. Offer shesh hobe soon.,Banglish,GP bondho SIM comeback: Reactivate kore instantly 10GB data free and 100 mins bonus call. Recharge 58TK and enjoy the benefit. Offer shesh hobe soon.,False,False
promo,"পূর্বাচল সংলগ্ন নাভানা'র ৩,৫ ও ১০ কাঠার প্লট কিনুন – ০১৮৪৭-২১৪০১৯",Bengali,"পূর্বাচল সংলগ্ন নাভানা'র ৩,৫ ও ১০ কাঠার প্লট কিনুন – [PHONE]",False,True
promo,"30GB@389TK, 30din pack kine pao Danki movie ticket: cutt.ly/SwFqDlAs",Banglish,"30GB@389TK, 30din pack kine pao Danki movie ticket: cutt.ly/SwFqDlAs",False,False
promo,"Call duration 00:02:51, charged 3.6 Taka, remaining balance is 10.94 Taka",English,"Call duration 00:02:51, charged 3.6 Taka, remaining balance is 10.94 Taka",False,False
promo,"Singer showroom home appliances Eid special: Refrigerators, ACs, TVs discounted!",English,"Singer showroom home appliances Eid special: Refrigerators, ACs, TVs discounted!",False,False
promo,"আজই শেষ দিন! ৪০জিবি(বোনাসসহ)৫০০টাকা ৩০দিন।ডায়াল *১২১*৫০৪৯#, mygp.li/mo",Bengali,"আজই শেষ দিন! ৪০জিবি(বোনাসসহ)৫০০টাকা ৩০দিন।ডায়াল *১২১*৫০৪৯#, mygp.li/mo",False,False
promo,Senabahinite soinik pode jogdaner jonno 10 January 2024 hote 15 February 2024 porjonto abedon ahban kora hocche. niyog biggopti te prokashito nirdeshona onujayi Teletalk SIM er maddhome abedon korte hobe,Banglish,Senabahinite soinik pode jogdaner jonno 10 January 2024 hote 15 February 2024 porjonto abedon ahban kora hocche. niyog biggopti te prokashito nirdeshona onujayi Teletalk SIM er maddhome abedon korte hobe,False,False
promo,Biman Bangladesh offer: Dhaka to Sylhet flight 2999TK only. Book today via biman-airlines.com.bd.,Banglish,Biman Bangladesh offer: Dhaka to Sylhet flight 2999TK only. Book today via [URL],True,False
promo,"২০০৳ ক্যাশব্যাক শেষ দিন,নাও ৬১জিবি+১০০০মি@৳৬৯৯,৩০দিন: cutt.ly/FwQhpKHc",Bengali,"২০০৳ ক্যাশব্যাক শেষ দিন,নাও ৬১জিবি+১০০০মি@৳৬৯৯,৩০দিন: cutt.ly/FwQhpKHc",False,False
promo,"৳100 cashback! 30GB+500min @৳399 30দিন, নিয়ে নাও: cutt.ly/AwkY4L2C",CodeMix,"৳100 cashback! 30GB+500min @৳399 30দিন, নিয়ে নাও: cutt.ly/AwkY4L2C",False,False
promo,"নগদে পেমেন্ট করুন, পাবেন ১০% ক্যাশব্যাক! সর্বোচ্চ ১০০০ টাকা পর্যন্ত।",Bengali,"নগদে পেমেন্ট করুন, পাবেন ১০% ক্যাশব্যাক! সর্বোচ্চ ১০০০ টাকা পর্যন্ত।",False,False
promo,"৮GB(bonus সহ) ১২৩TK ১৫days।Dial *১২১*৫৫৪৮#, mygp.li/mo",CodeMix,"৮GB(bonus সহ) ১২৩TK ১৫days।Dial *১২১*৫৫৪৮#, mygp.li/mo",False,False
promo,"TK 40 cashback! 46GB@TK 458, 30 days, grab it now: cutt.ly/GwWYCCfJ",English,"TK 40 cashback! 46GB@TK 458, 30 days, grab it now: cutt.ly/GwWYCCfJ",False,False
promo,"Pickaboo laptop fair: HP, Dell, Lenovo laptops up to 9000TK discount + free bag. EMI option up to 12 months. Visit pickaboo.com today.",Banglish,"Pickaboo laptop fair: HP, Dell, Lenovo laptops up to 9000TK discount + free bag. EMI option up to 12 months. Visit [URL] today.",True,False
promo,PHP Automobiles motorcycle fair! All bikes 15% discount + free helmet. Ride with confidence!,English,PHP Automobiles motorcycle fair! All bikes 15% discount + free helmet. Ride with confidence!,False,False
promo,"আজ ও কাল মেন্স ওয়ার্ল্ড এর সকল শাখায় ফ্ল্যাট ৫০% ডিসকাউন্ট
cutt.ly/fmw",Bengali,আজ ও কাল মেন্স ওয়ার্ল্ড এর সকল শাখায় ফ্ল্যাট ৫০% ডিসকাউন্ট cutt.ly/fmw,False,False
promo,“০৫ মে আন্তর্জাতিক মিডওয়াইফ দিবস। এবারের প্রতিপাদ্য-তথ্য থেকে বাস্তবেঃ সকল মিডওয়াইফ এক সাথে।”,Bengali,“০৫ মে আন্তর্জাতিক মিডওয়াইফ দিবস। এবারের প্রতিপাদ্য-তথ্য থেকে বাস্তবেঃ সকল মিডওয়াইফ এক সাথে।”,False,False
promo,"TK25 cashback now more data 50GB@TK473, 30 days cutt.ly/zwTmxzpd",English,"TK25 cashback now more data 50GB@TK473, 30 days cutt.ly/zwTmxzpd",False,False
promo,Bkash QR offer: Shop with QR at Meena Bazar 1000TK+ and instantly paben 25% cashback up to 250TK. Valid for this week only.,Banglish,Bkash QR offer: Shop with QR at Meena Bazar 1000TK+ and instantly paben 25% cashback up to 250TK. Valid for this week only.,False,False
promo,menzworld basundhara city notun shakhar uddhone flat30%chad!cutt.ly/fmw,Banglish,menzworld basundhara city notun shakhar uddhone flat30%chad!cutt.ly/fmw,False,False
promo,"200TK super cashback e nao 61GB+1000mi@TK 699, 30din: cutt.ly/OwG5T3ub",Banglish,"200TK super cashback e nao 61GB+1000mi@TK 699, 30din: cutt.ly/OwG5T3ub",False,False
promo,"TK100 cashback! 30GB+600min @TK399, 30din: cutt.ly/AwkY4L2C",Banglish,"TK100 cashback! 30GB+600min @TK399, 30din: cutt.ly/AwkY4L2C",False,False
promo,"Onurdho 18 bochor boyoshi Bangladeshi shishu-kishor ebong songslistho protishtanshomuho hote 'Sheikh Russel Podok' er abedonpotro online-e ahoban kora jacche. Abedoner shesh shomoy 20 May, 2023. Bistarioto: www.award.sheikhrussel.gov.bd",Banglish,"Onurdho 18 bochor boyoshi Bangladeshi shishu-kishor ebong songslistho protishtanshomuho hote 'Sheikh Russel Podok' er abedonpotro online-e ahoban kora jacche. Abedoner shesh shomoy 20 May, 2023. Bistarioto: [URL]",True,False
promo,Daraz Electronics Fair-এ ল্যাপটপে ৩০% পর্যন্ত ডিসকাউন্ট।,Bengali,Daraz Electronics Fair-এ ল্যাপটপে ৩০% পর্যন্ত ডিসকাউন্ট।,False,False
promo,"Under ১৮ বছর বয়সী Bangladeshi শিশু-কিশোরদের জন্য ‘Sheikh Russel Padak’ এর application অনলাইনে আহবান করা হচ্ছে। Deadline: ২০ May, ২০২৩। বিস্তারিতঃ www.award.sheikhrussel.gov.bd",CodeMix,"Under ১৮ বছর বয়সী Bangladeshi শিশু-কিশোরদের জন্য ‘Sheikh Russel Padak’ এর application অনলাইনে আহবান করা হচ্ছে। Deadline: ২০ May, ২০২৩। বিস্তারিতঃ [URL]",True,False
promo,"বুকে স্পেশাল ডিসকাউন্ট! নভেল, টেক্সটবুকে ৪০% ছাড়।",Bengali,"বুকে স্পেশাল ডিসকাউন্ট! নভেল, টেক্সটবুকে ৪০% ছাড়।",False,False
promo,"লি কুপারে ফ্ল্যাট ৫০% ছাড়
সকল শার্ট, জিন্স, গ্যাবারডিন
আজ ও কাল
শপ্র",Bengali,"লি কুপারে ফ্ল্যাট ৫০% ছাড় সকল শার্ট, জিন্স, গ্যাবারডিন আজ ও কাল শপ্র",False,False
promo,"বাংলালিংকের সবচেয়ে বড় ডিজিটাল অফার! আমাদের নতুন 'ডিজিটাল বাংলাদেশ' প্যাকেজে মাত্র ৩৯৯ টাকায় পাবেন ২০ জিবি হাই-স্পিড ইন্টারনেট, সব অপারেটরে ২০০ মিনিট কল, ১০০ SMS এবং বিশেষ বোনাস হিসেবে Netflix এ ৭ দিনের ফ্রি সাবস্ক্রিপশন। এছাড়াও রয়েছে Facebook, WhatsApp, এবং YouTube এ ডেটা সাশ্রয়ী ব্যবহারের সুবিধা। এই অফার কেবল আগামী ১৫ দিনের জন্য বৈধ। এখনই *১৬৮*৩৯৯# ডায়াল করুন।",Bengali,"বাংলালিংকের সবচেয়ে বড় ডিজিটাল অফার! আমাদের নতুন 'ডিজিটাল বাংলাদেশ' প্যাকেজে মাত্র ৩৯৯ টাকায় পাবেন ২০ জিবি হাই-স্পিড ইন্টারনেট, সব অপারেটরে ২০০ মিনিট কল, ১০০ SMS এবং বিশেষ বোনাস হিসেবে Netflix এ ৭ দিনের ফ্রি সাবস্ক্রিপশন। এছাড়াও রয়েছে Facebook, WhatsApp, এবং YouTube এ ডেটা সাশ্রয়ী ব্যবহারের সুবিধা। এই অফার কেবল আগামী ১৫ দিনের জন্য বৈধ। এখনই *১৬৮*৩৯৯# ডায়াল করুন।",False,False
promo,Bata footwear clearance: Men’s and women’s shoes 50–70% discount. Extra 5% off with Nagad payment. Offer till 25th Sept.,Banglish,Bata footwear clearance: Men’s and women’s shoes 50–70% discount. Extra 5% off with Nagad payment. Offer till 25th Sept.,False,False
promo,Bkash + Pathao Combo Offer: Pay with bkash for Pathao ride and enjoy 40% cashback up to 60TK per ride. Valid till 15th Sept. Promo code: BK40.,Banglish,Bkash + Pathao Combo Offer: Pay with bkash for Pathao ride and enjoy 40% cashback up to 60TK per ride. Valid till 15th Sept. Promo code: BK40.,False,False
promo,"TK100 cashback! 30GB+500min. @TK399 30din,niye nao: cutt.ly/AwkY4L2C",Banglish,"TK100 cashback! 30GB+500min. @TK399 30din,niye nao: cutt.ly/AwkY4L2C",False,False
promo,"200TK cashback e shera offer 61GB+1000mi@TK699,30din: cutt.ly/OwG5T3ub",Banglish,"200TK cashback e shera offer 61GB+1000mi@TK699,30din: cutt.ly/OwG5T3ub",False,False
promo,Banglalink Game Portal এ সাবস্ক্রিপশন প্রথম সপ্তাহ ফ্রি। গেম খেলুন সীমাহীন।,Bengali,Banglalink Game Portal এ সাবস্ক্রিপশন প্রথম সপ্তাহ ফ্রি। গেম খেলুন সীমাহীন।,False,False
promo,"নভেম্বর-২৩
রিচার্জ:0৳
খরচ:
ডেটা:38৳
ভয়েস:57৳
অন্যান্য:0৳",Bengali,নভেম্বর-২৩ রিচার্জ:0৳ খরচ: ডেটা:38৳ ভয়েস:57৳ অন্যান্য:0৳,False,False
promo,Ecstasy entertainment complex: Movie tickets 150TK for all shows!,English,Ecstasy entertainment complex: Movie tickets 150TK for all shows!,False,False
promo,BRAC Bank credit card holders ১৫% discount পান grocery shopping এ। Apply today এবং instant cashback পান।,CodeMix,BRAC Bank credit card holders ১৫% discount পান grocery shopping এ। Apply today এবং instant cashback পান।,False,False
promo,GP internet pack আজ থেকে limited time offer। Activate করুন এখনই!,CodeMix,GP internet pack আজ থেকে limited time offer। Activate করুন এখনই!,False,False
promo,"তোমার জন্য স্পেশাল ডিল ৪জিবি+৮০মি.@৮৭৳, ৭দিন: cutt.ly/Iw0edGlt",Bengali,"তোমার জন্য স্পেশাল ডিল ৪জিবি+৮০মি.@৮৭৳, ৭দিন: cutt.ly/Iw0edGlt",False,False
promo,Meghna Cement building materials expo! All construction supplies 18% off. Build your dreams strong!,English,Meghna Cement building materials expo! All construction supplies 18% off. Build your dreams strong!,False,False
promo,"শেখ হাসিনা সরকারের সাফল্যঃ
মাননীয় প্রধানমন্ত্রী শেখ হাসিনার নির্দেশে এখন পর্যন্ত ১৩ লাখ গৃহহীন পরিবারকে জমিসহ ঘর নির্মাণ করে দিয়েছে সরকার। ফলে ভাগ্য বদলে গেছে প্রায় ৫০ লাখ অসহায় মানুষের। 
",Bengali,শেখ হাসিনা সরকারের সাফল্যঃ মাননীয় প্রধানমন্ত্রী শেখ হাসিনার নির্দেশে এখন পর্যন্ত ১৩ লাখ গৃহহীন পরিবারকে জমিসহ ঘর নির্মাণ করে দিয়েছে সরকার। ফলে ভাগ্য বদলে গেছে প্রায় ৫০ লাখ অসহায় মানুষের।,False,False
promo,সেনাবাহিনীতে সৈনিক পদে যোগদানের জন্য ১০ জানুয়ারি ২০২৪ হতে ১৫ ফেব্রুয়ারি ২০২৪ পর্যন্ত আবেদন আহবান করা হচ্ছে। নিয়োগ বিজ্ঞপ্তিতে প্রকাশিত নির্দেশনা অনুযায়ী টেলিটক সিমের মাধ্যমে আবেদন করতে হবে,Bengali,সেনাবাহিনীতে সৈনিক পদে যোগদানের জন্য ১০ জানুয়ারি ২০২৪ হতে ১৫ ফেব্রুয়ারি ২০২৪ পর্যন্ত আবেদন আহবান করা হচ্ছে। নিয়োগ বিজ্ঞপ্তিতে প্রকাশিত নির্দেশনা অনুযায়ী টেলিটক সিমের মাধ্যমে আবেদন করতে হবে,False,False
promo,সব kids এর খেলনায় ২০% discount। আজই কিনুন!,CodeMix,সব kids এর খেলনায় ২০% discount। আজই কিনুন!,False,False
promo,"চলে এসেছে বছরের সবচেয়ে বড় শীতের সেল! কে অ্যান্ড কে ফ্যাশনে আমরা নিয়ে এসেছি শীতের পোশাকের উপর অবিশ্বাস্য ছাড় - জ্যাকেট, সোয়েটার, শার্ট, প্যান্ট, সালোয়ার-কামিজ সব কিছুতে ৬০% পর্যন্ত ছাড়! বিশেষভাবে জনপ্রিয় ব্র্যান্ডগুলো যেমন Yellow, Aarong, Ecstasy এবং Richman এর কালেকশনও এই অফারে অন্তর্ভুক্ত। ৩০০০ টাকার উপরে কেনাকাটায় ফ্রি হোম ডেলিভারি। বসুন্ধরা সিটি, যমুনা ফিউচার পার্ক এবং অন্যান্য শাখায় পাওয়া যাচ্ছে।",Bengali,"চলে এসেছে বছরের সবচেয়ে বড় শীতের সেল! কে অ্যান্ড কে ফ্যাশনে আমরা নিয়ে এসেছি শীতের পোশাকের উপর অবিশ্বাস্য ছাড় - জ্যাকেট, সোয়েটার, শার্ট, প্যান্ট, সালোয়ার-কামিজ সব কিছুতে ৬০% পর্যন্ত ছাড়! বিশেষভাবে জনপ্রিয় ব্র্যান্ডগুলো যেমন Yellow, Aarong, Ecstasy এবং Richman এর কালেকশনও এই অফারে অন্তর্ভুক্ত। ৩০০০ টাকার উপরে কেনাকাটায় ফ্রি হোম ডেলিভারি। বসুন্ধরা সিটি, যমুনা ফিউচার পার্ক এবং অন্যান্য শাখায় পাওয়া যাচ্ছে।",False,False
promo,Flat 10% discount storewide. Code: FLAT10. Online only.,English,Flat 10% discount storewide. Code: FLAT10. Online only.,False,False
promo,Cellular Jail restaurant authentic Bengali cuisine 20% off this month!,English,Cellular Jail restaurant authentic Bengali cuisine 20% off this month!,False,False
promo,matro 97TK 30din Bishwacup Cricket + 1GB data nite: cutt.ly/YwmtpRRj,Banglish,matro 97TK 30din Bishwacup Cricket + 1GB data nite: cutt.ly/YwmtpRRj,False,False
