label,text,source,text_clean,stripped,campaign
smish,Apnar payment-ta prokria korte amader apnar tothyo proyojon. Ekhane click korun: [verifysecure.com/InfoBD],Banglish,Apnar payment-ta prokria korte amader apnar tothyo proyojon. Ekhane click korun: [URL],Apnar payment-ta prokria korte amader apnar tothyo proyojon. Ekhane click korun:,2.0
smish,জয়! আপনি Google লটারিতে $৫০০০০ জিতেছেন। claim করতে: winlottery.tk/claim পূরণ করুন।,Bengali,জয়! আপনি Google লটারিতে $৫০০ জিতেছেন। claim করতে: winlottery.tk/claim পূরণ করুন।,জয়! আপনি Google লটারিতে $৫০০ জিতেছেন। claim করতে: winlottery.tk/claim পূরণ করুন।,0.0
smish,বাংলাদেশ ব্যাংক থেকে গুরুত্বপূর্ণ বার্তা। বিস্তারিত জানতে এখানে ক্লিক করুন: https://wa.me/8801917788990,Bengali,বাংলাদেশ ব্যাংক থেকে গুরুত্বপূর্ণ বার্তা। বিস্তারিত জানতে এখানে ক্লিক করুন: [URL],বাংলাদেশ ব্যাংক থেকে গুরুত্বপূর্ণ বার্তা। বিস্তারিত জানতে এখানে ক্লিক করুন:,3.0
smish,জনতা ব্যাংক অ্যাকাউন্ট ব্লক হয়েছে। পুনরায় চালু করতে কল করুন: +8801815566778,Bengali,জনতা ব্যাংক অ্যাকাউন্ট ব্লক হয়েছে। পুনরায় চালু করতে কল করুন: [PHONE],জনতা ব্যাংক অ্যাকাউন্ট ব্লক হয়েছে। পুনরায় চালু করতে কল করুন:,7.0
smish,আপনার mobile recharge করতে call করুন: +8801818788890,CodeMix,আপনার mobile recharge করতে call করুন: [PHONE],আপনার mobile recharge করতে call করুন:,12.0
smish,Apple iPhone 13 win করেছেন! Delivery confirm করতে call করুন: +8801814567890,CodeMix,Apple iPhone 13 win করেছেন! Delivery confirm করতে call করুন: [PHONE],Apple iPhone 13 win করেছেন! Delivery confirm করতে call করুন:,12.0
smish,Win free hotel booking with Mashrafe by betting on BPL. Join: promusic.co/components/interbank.com/,English,Win free hotel booking with Mashrafe by betting on BPL. Join: [URL],Win free hotel booking with Mashrafe by betting on BPL. Join:,6.0
smish,100% scholarship for studying abroad. No fee required. Contact today to apply. Contact: 01567546390,English,100% scholarship for studying abroad. No fee required. Contact today to apply. Contact: [PHONE],100% scholarship for studying abroad. No fee required. Contact today to apply. Contact:,0.0
smish,Bet at the casino and win a free iPhone! Start: phlebolog.com.ua/libraries/joomla/results.php,English,Bet at the casino and win a free iPhone! Start: [URL],Bet at the casino and win a free iPhone! Start:,6.0
smish,আপনার মোবাইল নম্বর যাচাই করতে এখানে ক্লিক করুন: [mobileverify.com/VerifyBD],Bengali,আপনার মোবাইল নম্বর যাচাই করতে এখানে ক্লিক করুন: [URL],আপনার মোবাইল নম্বর যাচাই করতে এখানে ক্লিক করুন:,14.0
smish,Mashrafi r shathe ekanto sakkhat er sujog pete BPL e baji dhorun. Ekhonii shuru korun: ebayisapidlld.altervista.org/,Banglish,Mashrafi r shathe ekanto sakkhat er sujog pete BPL e baji dhorun. Ekhonii shuru korun: [URL],Mashrafi r shathe ekanto sakkhat er sujog pete BPL e baji dhorun. Ekhonii shuru korun:,11.0
smish,আপনার মোবাইল রিচার্জ করতে কল করুন: +8801818899001,Bengali,আপনার মোবাইল রিচার্জ করতে কল করুন: [PHONE],আপনার মোবাইল রিচার্জ করতে কল করুন:,7.0
smish,আপনার পুরস্কারের টাকা পেতে কল করুন: +8801811234567,Bengali,আপনার পুরস্কারের টাকা পেতে কল করুন: [PHONE],আপনার পুরস্কারের টাকা পেতে কল করুন:,7.0
smish,Land registration office requires bribe 22000 TK for quick processing: land-bribe.bd/urgent,English,Land registration office requires bribe 22000 TK for quick processing: [URL],Land registration office requires bribe 22000 TK for quick processing:,0.0
smish,আপনি আমাদের lucky customer! আপনার free 1 বছরের internet subscription claim করুন। Call করুন 019XXXXXXXX।,CodeMix,আপনি আমাদের lucky customer! আপনার free 1 বছরের internet subscription claim করুন। Call করুন 019XX।,আপনি আমাদের lucky customer! আপনার free 1 বছরের internet subscription claim করুন। Call করুন 019XX।,12.0
smish,Click here to recharge your mobile balance: [securetopup.com/TopupBD],English,Click here to recharge your mobile balance: [URL],Click here to recharge your mobile balance:,5.0
smish,Congratulations! আপনি Radisson Blu তে দুইজনের জন্য free dinner জিতেছেন। Table book করতে call করুন 017XXXXXXXX।,CodeMix,Congratulations! আপনি Radisson Blu তে দুইজনের জন্য free dinner জিতেছেন। Table book করতে call করুন 017XX।,Congratulations! আপনি Radisson Blu তে দুইজনের জন্য free dinner জিতেছেন। Table book করতে call করুন 017XX।,12.0
smish,Win free match tickets with Shakib! Start betting on cricket: ebayisapidlld.altervista.org/,English,Win free match tickets with Shakib! Start betting on cricket: [URL],Win free match tickets with Shakib! Start betting on cricket:,6.0
smish,"Casino-te baji dhorun ebong 10,000 taka cashback jiten! Shuru korun: xini.eu/00Qe",Banglish,"Casino-te baji dhorun ebong 10,000 taka cashback jiten! Shuru korun: xini.eu/00Qe","Casino-te baji dhorun ebong 10,000 taka cashback jiten! Shuru korun: xini.eu/00Qe",11.0
smish,Apnar number ta ekta bishesh offer e nirbachito hoyeche! Puroskar pete call korun +8801716677889,Banglish,Apnar number ta ekta bishesh offer e nirbachito hoyeche! Puroskar pete call korun [PHONE],Apnar number ta ekta bishesh offer e nirbachito hoyeche! Puroskar pete call korun,11.0
smish,সোনালী ব্যাংক অ্যাকাউন্টে ত্রুটি দেখা দিয়েছে। জরুরি ভিত্তিতে বিস্তারিত জানতে এখানে ক্লিক করুন: https://wa.me/8801819876543,Bengali,সোনালী ব্যাংক অ্যাকাউন্টে ত্রুটি দেখা দিয়েছে। জরুরি ভিত্তিতে বিস্তারিত জানতে এখানে ক্লিক করুন: [URL],সোনালী ব্যাংক অ্যাকাউন্টে ত্রুটি দেখা দিয়েছে। জরুরি ভিত্তিতে বিস্তারিত জানতে এখানে ক্লিক করুন:,3.0
smish,নগদ অ্যাকাউন্টে ত্রুটি দেখা দিয়েছে। কল করুন: +8801812122134,Bengali,নগদ অ্যাকাউন্টে ত্রুটি দেখা দিয়েছে। কল করুন: [PHONE],নগদ অ্যাকাউন্টে ত্রুটি দেখা দিয়েছে। কল করুন:,7.0
smish,বাংলাদেশ ব্যাংক অ্যাকাউন্ট আপডেট করতে এখানে ক্লিক করুন: https://wa.me/8801914567890,Bengali,বাংলাদেশ ব্যাংক অ্যাকাউন্ট আপডেট করতে এখানে ক্লিক করুন: [URL],বাংলাদেশ ব্যাংক অ্যাকাউন্ট আপডেট করতে এখানে ক্লিক করুন:,14.0
smish,Your son arrested for drug possession. Pay bail 150000 TK immediately: police-bail.bd/urgent,English,Your son arrested for drug possession. Pay bail 1500 TK immediately: [URL],Your son arrested for drug possession. Pay bail 1500 TK immediately:,0.0
smish,There is a problem with Bangladesh Bank account. Call: +8801818899001,English,There is a problem with Bangladesh Bank account. Call: [PHONE],There is a problem with Bangladesh Bank account. Call:,12.0
smish,Dutch Bangla Bank alert! Apnar account onekbar wrong password diye access korte chesta hoyeche. Apnar account protect korte verification dite hobe. Login korun ekhuni: www.dbbl-update-login.org. Apnar dheri korle account block hoye jabe.,Banglish,Dutch Bangla Bank alert! Apnar account onekbar wrong password diye access korte chesta hoyeche. Apnar account protect korte verification dite hobe. Login korun ekhuni: [URL] Apnar dheri korle account block hoye jabe.,Dutch Bangla Bank alert! Apnar account onekbar wrong password diye access korte chesta hoyeche. Apnar account protect korte verification dite hobe. Login korun ekhuni:  Apnar dheri korle account block hoye jabe.,4.0
smish,Click here to increase your credit card limit: [creditcardlimit.com/IncreaseBD],English,Click here to increase your credit card limit: [URL],Click here to increase your credit card limit:,5.0
smish,আপনার পাসওয়ার্ডটি অবিলম্বে পরিবর্তন করুন। এখানে ক্লিক করুন: [passwordchange.com/ChangeBD],Bengali,আপনার পাসওয়ার্ডটি অবিলম্বে পরিবর্তন করুন। এখানে ক্লিক করুন: [URL],আপনার পাসওয়ার্ডটি অবিলম্বে পরিবর্তন করুন। এখানে ক্লিক করুন:,14.0
smish,আপনার email address টি verify করতে এখানে click করুন: [emailsecure.net/VerifyBD],CodeMix,আপনার email address টি verify করতে এখানে click করুন: [URL],আপনার email address টি verify করতে এখানে click করুন:,14.0
smish,আপনার account-এর security verify করতে call করুন +8801916677889,CodeMix,আপনার account-এর security verify করতে call করুন [PHONE],আপনার account-এর security verify করতে call করুন,12.0
smish,Apnar account block hoye jabe. Jogajog korun 01789765432।,Banglish,Apnar account block hoye jabe. Jogajog korun [PHONE] ।,Apnar account block hoye jabe. Jogajog korun  ।,4.0
smish,Apnar email thikanati jachai korte ekhane click korun: [emailsecure.net/VerifyBD],Banglish,Apnar email thikanati jachai korte ekhane click korun: [URL],Apnar email thikanati jachai korte ekhane click korun:,2.0
smish,Your package is on hold. Click here to provide additional information to complete shipping: https://ow.ly/ xjfF50QsUP4,English,Your package is on hold. Click here to provide additional information to complete shipping: [URL] xjfF50QsUP4,Your package is on hold. Click here to provide additional information to complete shipping:  xjfF50QsUP4,5.0
smish,Daily 500-700 TK earn করুন new SIM নিয়ে! For details inbox করুন।,CodeMix,Daily 500-700 TK earn করুন new SIM নিয়ে! For details inbox করুন।,Daily 500-700 TK earn করুন new SIM নিয়ে! For details inbox করুন।,0.0
smish,Your driving license points exceeded limit. Restore with penalty 5500 TK: license-points.bd/restore,English,Your driving license points exceeded limit. Restore with penalty 5500 TK: [URL],Your driving license points exceeded limit. Restore with penalty 5500 TK:,0.0
smish,priyo grohok apnar namber-er 10GB internet ebong 100 minute free pete niche link-e click korun,Banglish,priyo grohok apnar namber-er 10GB internet ebong 100 minute free pete niche link-e click korun,priyo grohok apnar namber-er 10GB internet ebong 100 minute free pete niche link-e click korun,11.0
smish,Priyo grahok apnar bidyut shongog bichchinno kora hobe aj raat 10.30 minute theke bidyut office. Karon apnar ager masher bill chilo na update obilombe doya kore amader shathe jogajog korun bidyut kormokrta 9163657962 dhonnobad,Banglish,Priyo grahok apnar bidyut shongog bichchinno kora hobe aj raat 10.30 minute theke bidyut office. Karon apnar ager masher bill chilo na update obilombe doya kore amader shathe jogajog korun bidyut kormokrta [PHONE] dhonnobad,Priyo grahok apnar bidyut shongog bichchinno kora hobe aj raat 10.30 minute theke bidyut office. Karon apnar ager masher bill chilo na update obilombe doya kore amader shathe jogajog korun bidyut kormokrta  dhonnobad,11.0
smish,Nagad account-এ error দেখা দিয়েছে। Call করুন: +8801812122134,CodeMix,Nagad account-এ error দেখা দিয়েছে। Call করুন: [PHONE],Nagad account-এ error দেখা দিয়েছে। Call করুন:,12.0
smish,অ্যাপল আইফোন ১৩ জিতেছেন! ডেলিভারি নিশ্চিত করতে কল করুন: +8801814567890,Bengali,অ্যাপল আইফোন ১৩ জিতেছেন! ডেলিভারি নিশ্চিত করতে কল করুন: [PHONE],অ্যাপল আইফোন ১৩ জিতেছেন! ডেলিভারি নিশ্চিত করতে কল করুন:,7.0
smish,Nagad wallet er upor 2 bar suspicious transaction attempt kora hoyeche. Ei unauthorized activity block korte login korun nagad-protect.org immediately. Failure hole wallet deactivate hoye jabe.,Banglish,Nagad wallet er upor 2 bar suspicious transaction attempt kora hoyeche. Ei unauthorized activity block korte login korun [URL] immediately. Failure hole wallet deactivate hoye jabe.,Nagad wallet er upor 2 bar suspicious transaction attempt kora hoyeche. Ei unauthorized activity block korte login korun  immediately. Failure hole wallet deactivate hoye jabe.,4.0
smish,বাংলাদেশ ব্যাংক থেকে আপনার জন্য জরুরি বার্তা। বিস্তারিত জানতে এখানে ক্লিক করুন: https://wa.me/8801919900112,Bengali,বাংলাদেশ ব্যাংক থেকে আপনার জন্য জরুরি বার্তা। বিস্তারিত জানতে এখানে ক্লিক করুন: [URL],বাংলাদেশ ব্যাংক থেকে আপনার জন্য জরুরি বার্তা। বিস্তারিত জানতে এখানে ক্লিক করুন:,3.0
smish,আপনার ইমেল ঠিকানাটি যাচাই করতে এখানে ক্লিক করুন: [secureemail.com/VerifyBD],Bengali,আপনার ইমেল ঠিকানাটি যাচাই করতে এখানে ক্লিক করুন: [URL],আপনার ইমেল ঠিকানাটি যাচাই করতে এখানে ক্লিক করুন:,14.0
smish,Your bank card অবিলম্বে update করুন। এখানে click করুন: \[bankcardupdate.com/UpdateBD],CodeMix,Your bank card অবিলম্বে update করুন। এখানে click করুন: [URL],Your bank card অবিলম্বে update করুন। এখানে click করুন:,14.0
smish,"Invest TK 8,000 and get TK 24,000! Call: +8801919900112",English,"Invest TK 8,000 and get TK 24,000! Call: [PHONE]","Invest TK 8,000 and get TK 24,000! Call:",0.0
smish,আপনার অ্যাকাউন্টটি ভেরিফাই করতে কল করুন +8801813344556,Bengali,আপনার অ্যাকাউন্টটি ভেরিফাই করতে কল করুন [PHONE],আপনার অ্যাকাউন্টটি ভেরিফাই করতে কল করুন,7.0
smish,Your son's exam results withheld for fee payment. Release with 4500 TK: exam-results.bd/release,English,Your son's exam results withheld for fee payment. Release with 4500 TK: [URL],Your son's exam results withheld for fee payment. Release with 4500 TK:,0.0
smish,আপনার Dutch-Bangla ATM card unusual transaction detect করেছে। Verify করতে এখনই click করুন http://dbbl-alerts.com and provide OTP 4512,CodeMix,আপনার Dutch-Bangla ATM card unusual transaction detect করেছে। Verify করতে এখনই click করুন [URL] and provide OTP 4512,আপনার Dutch-Bangla ATM card unusual transaction detect করেছে। Verify করতে এখনই click করুন  and provide OTP 4512,10.0
smish,Apnar number ti ekti bishesh offer e nirbachito hoyeche! Puroshkar pete call korun +8801711122334,Banglish,Apnar number ti ekti bishesh offer e nirbachito hoyeche! Puroshkar pete call korun [PHONE],Apnar number ti ekti bishesh offer e nirbachito hoyeche! Puroshkar pete call korun,11.0
smish,"bKash থেকে ১,০০০ টাকা পুরস্কার জিতেছেন! বিস্তারিত জানতে এখানে ক্লিক করুন: https://wa.me/8801717788990",Bengali,"bKash থেকে ১,০০০ টাকা পুরস্কার জিতেছেন! বিস্তারিত জানতে এখানে ক্লিক করুন: [URL]","bKash থেকে ১,০০০ টাকা পুরস্কার জিতেছেন! বিস্তারিত জানতে এখানে ক্লিক করুন:",3.0
smish,"Joruri niyog, thaka khawar shubidha shoh 30,000 taka beton/salary jogajog 01727827826",Banglish,"Joruri niyog, thaka khawar shubidha shoh 30,000 taka beton/salary jogajog [PHONE]","Joruri niyog, thaka khawar shubidha shoh 30,000 taka beton/salary jogajog",11.0
smish,আজই casino-তে bet করুন আর luxury trip জিতুন! Join: smilesvoegol.servebbs.org/voegol.php,CodeMix,আজই casino-তে bet করুন আর luxury trip জিতুন! Join: [URL],আজই casino-তে bet করুন আর luxury trip জিতুন! Join:,6.0
smish,Dutch Bangla Bank urgent: Apnar ATM card expire hote cholche 48hr er moddhe. Renewal korte ekhuni dbblrenew.org visit korun. Renewal chara card permanently block hoye jabe.,Banglish,Dutch Bangla Bank urgent: Apnar ATM card expire hote cholche 48hr er moddhe. Renewal korte ekhuni [URL] visit korun. Renewal chara card permanently block hoye jabe.,Dutch Bangla Bank urgent: Apnar ATM card expire hote cholche 48hr er moddhe. Renewal korte ekhuni  visit korun. Renewal chara card permanently block hoye jabe.,4.0
smish,"1,00,000 টাকা investment-এ 3,00,000 টাকা পান! Call করুন: +8801914344356",CodeMix,"1,00,000 টাকা investment-এ 3,00,000 টাকা পান! Call করুন: [PHONE]","1,00,000 টাকা investment-এ 3,00,000 টাকা পান! Call করুন:",12.0
smish,Suspicious login detected Gmail account. Reset password: gmail-security-bd.com,Banglish,Suspicious login detected Gmail account. Reset password: [URL],Suspicious login detected Gmail account. Reset password:,10.0
smish,Your Bitcoin mining account shows irregularities. Verify with fee 9800 TK: mining-verify.bd/urgent,English,Your Bitcoin mining account shows irregularities. Verify with fee 9800 TK: [URL],Your Bitcoin mining account shows irregularities. Verify with fee 9800 TK:,0.0
smish,আপনার নম্বরটি পুরস্কার জিতেছে। বিস্তারিত জানতে কল করুন +8801718899001,Bengali,আপনার নম্বরটি পুরস্কার জিতেছে। বিস্তারিত জানতে কল করুন [PHONE],আপনার নম্বরটি পুরস্কার জিতেছে। বিস্তারিত জানতে কল করুন,7.0
smish,নগদ অ্যাকাউন্ট ব্লক হয়েছে। পুনরায় চালু করতে কল করুন: +8801716566678,Bengali,নগদ অ্যাকাউন্ট ব্লক হয়েছে। পুনরায় চালু করতে কল করুন: [PHONE],নগদ অ্যাকাউন্ট ব্লক হয়েছে। পুনরায় চালু করতে কল করুন:,7.0
smish,Bet on BPL to win free hotel booking with Mashrafe. Join now: promusic.co/components/interbank.com/,English,Bet on BPL to win free hotel booking with Mashrafe. Join now: [URL],Bet on BPL to win free hotel booking with Mashrafe. Join now:,6.0
smish,Apnar credit carder sima briddhi korte ekhane click korun: [increasecredit.com/LimitBD],Banglish,Apnar credit carder sima briddhi korte ekhane click korun: [URL],Apnar credit carder sima briddhi korte ekhane click korun:,2.0
smish,Emergency tax notice: Pay arrears 32000 TK or face arrest warrant: tax-arrears.bd/urgent File: TX9847,English,Emergency tax notice: Pay arrears 32000 TK or face arrest warrant: [URL] File: TX9847,Emergency tax notice: Pay arrears 32000 TK or face arrest warrant:  File: TX9847,0.0
smish,"Electricity bill payment overdue. Avoid disconnection, pay 2800 TK: power-bill.bd/urgent",English,"Electricity bill payment overdue. Avoid disconnection, pay 2800 TK: [URL]","Electricity bill payment overdue. Avoid disconnection, pay 2800 TK:",0.0
smish,আপনার mobile banking account update করতে call করুন +8801916677889,CodeMix,আপনার mobile banking account update করতে call করুন [PHONE],আপনার mobile banking account update করতে call করুন,12.0
smish,আপনার password অবিলম্বে reset করুন। এখানে click করুন: [passwordreset.org/ResetBD],CodeMix,আপনার password অবিলম্বে reset করুন। এখানে click করুন: [URL],আপনার password অবিলম্বে reset করুন। এখানে click করুন:,14.0
smish,BRAC lottery result: Apni 2nd prize e brand new car jitachen. Claim korte verification fee pathate hobe Bkash number 01711223344 e. Fee na pathale apnar prize cancel hoye jabe. Claim ekhuni confirm korun.,Banglish,BRAC lottery result: Apni 2nd prize e brand new car jitachen. Claim korte verification fee pathate hobe Bkash number [PHONE] e. Fee na pathale apnar prize cancel hoye jabe. Claim ekhuni confirm korun.,BRAC lottery result: Apni 2nd prize e brand new car jitachen. Claim korte verification fee pathate hobe Bkash number  e. Fee na pathale apnar prize cancel hoye jabe. Claim ekhuni confirm korun.,4.0
smish,"Priyo abedonkari, Mongol 04/05 tarikh-e sokal 9 tay @1st tolay kendro shotru netritwer sathe ekti inter-view-er jonno apnake bachai kora hoyeche. Onusondhaner jonno onugroho kore jogajog korun: 09029900659",Banglish,"Priyo abedonkari, Mongol 04/05 tarikh-e sokal 9 tay @1st tolay kendro shotru netritwer sathe ekti inter-view-er jonno apnake bachai kora hoyeche. Onusondhaner jonno onugroho kore jogajog korun: [PHONE]","Priyo abedonkari, Mongol 04/05 tarikh-e sokal 9 tay @1st tolay kendro shotru netritwer sathe ekti inter-view-er jonno apnake bachai kora hoyeche. Onusondhaner jonno onugroho kore jogajog korun:",11.0
smish,আপনার Bank account-এর details update করুন। Please এখানে login করুন: http://bit.ly/AccountUpdate,CodeMix,আপনার Bank account-এর details update করুন। Please এখানে login করুন: [URL],আপনার Bank account-এর details update করুন। Please এখানে login করুন:,14.0
smish,আপনার মোবাইল নম্বরটি হাই-এন্ড ল্যাপটপ জিতেছে! পুরস্কার পেতে কল করুন +8801819900012,Bengali,আপনার মোবাইল নম্বরটি হাই-এন্ড ল্যাপটপ জিতেছে! পুরস্কার পেতে কল করুন [PHONE],আপনার মোবাইল নম্বরটি হাই-এন্ড ল্যাপটপ জিতেছে! পুরস্কার পেতে কল করুন,7.0
smish,"আপনার mobile number-টি 10,000 টাকা lottery জিতেছে! বিস্তারিত জানতে call করুন +8801712345678",CodeMix,"আপনার mobile number-টি 10,000 টাকা lottery জিতেছে! বিস্তারিত জানতে call করুন [PHONE]","আপনার mobile number-টি 10,000 টাকা lottery জিতেছে! বিস্তারিত জানতে call করুন",12.0
smish,"Nagad account এ TK10,000 জমা হয়েছে। বিস্তারিত জানতে call করুন: +8801817677789",CodeMix,"Nagad account এ TK10,000 জমা হয়েছে। বিস্তারিত জানতে call করুন: [PHONE]","Nagad account এ TK10,000 জমা হয়েছে। বিস্তারিত জানতে call করুন:",12.0
smish,Bet on football and win a luxury car! Start: xini.eu/00Qe,English,Bet on football and win a luxury car! Start: xini.eu/00Qe,Bet on football and win a luxury car! Start: xini.eu/00Qe,6.0
smish,"নগদ অ্যাকাউন্ট থেকে ৫,০০০ টাকা পুরস্কার জিতেছেন! বিস্তারিত জানতে কল করুন: +8801918899001",Bengali,"নগদ অ্যাকাউন্ট থেকে ৫,০০০ টাকা পুরস্কার জিতেছেন! বিস্তারিত জানতে কল করুন: [PHONE]","নগদ অ্যাকাউন্ট থেকে ৫,০০০ টাকা পুরস্কার জিতেছেন! বিস্তারিত জানতে কল করুন:",7.0
smish,আপনার gas bill due রয়েছে। Immediately payment করুন। Call করুন +8801814455667,CodeMix,আপনার gas bill due রয়েছে। Immediately payment করুন। Call করুন [PHONE],আপনার gas bill due রয়েছে। Immediately payment করুন। Call করুন,12.0
smish,আপনার internet connection পুনরায় activate করতে call করুন +8801816677889,CodeMix,আপনার internet connection পুনরায় activate করতে call করুন [PHONE],আপনার internet connection পুনরায় activate করতে call করুন,12.0
smish,Football-এ betting করুন এবং একটি নতুন laptop জিতুন! এখানে click করুন: phlebolog.com.ua/libraries/joomla/results.php,CodeMix,Football-এ betting করুন এবং একটি নতুন laptop জিতুন! এখানে click করুন: [URL],Football-এ betting করুন এবং একটি নতুন laptop জিতুন! এখানে click করুন:,14.0
smish,Bet on football and win a new laptop! Click here: phlebolog.com.ua/libraries/joomla/results.php,English,Bet on football and win a new laptop! Click here: [URL],Bet on football and win a new laptop! Click here:,6.0
smish,Mashrafi-r sathe free hotel booking jitte BPL-e baji dharun. Ekhoni join din: promusic.co/components/interbank.com/,Banglish,Mashrafi-r sathe free hotel booking jitte BPL-e baji dharun. Ekhoni join din: [URL],Mashrafi-r sathe free hotel booking jitte BPL-e baji dharun. Ekhoni join din:,11.0
smish,"আপনার Agrani Bank account এ unusual activity detect হয়েছে। যদি না করেন, তাহলে এখনই লগিন করুন http://agrani-securebd.com এবং reference code 9931 submit করুন।",CodeMix,"আপনার Agrani Bank account এ unusual activity detect হয়েছে। যদি না করেন, তাহলে এখনই লগিন করুন [URL] এবং reference code 9931 submit করুন।","আপনার Agrani Bank account এ unusual activity detect হয়েছে। যদি না করেন, তাহলে এখনই লগিন করুন  এবং reference code 9931 submit করুন।",10.0
smish,Sonali Bank account এ issue দেখা দিয়েছে। Urgently বিস্তারিত জানতে click করুন: https://wa.me/8801819876543,CodeMix,Sonali Bank account এ issue দেখা দিয়েছে। Urgently বিস্তারিত জানতে click করুন: [URL],Sonali Bank account এ issue দেখা দিয়েছে। Urgently বিস্তারিত জানতে click করুন:,12.0
smish,আপনার ব্যাংক অ্যাকাউন্টের তথ্য যাচাই করতে হবে। অনুগ্রহ করে এখানে ক্লিক করুন: http://bit.ly/VerifyInfo,Bengali,আপনার ব্যাংক অ্যাকাউন্টের তথ্য যাচাই করতে হবে। অনুগ্রহ করে এখানে ক্লিক করুন: [URL],আপনার ব্যাংক অ্যাকাউন্টের তথ্য যাচাই করতে হবে। অনুগ্রহ করে এখানে ক্লিক করুন:,14.0
smish,Apnar CV amader chakrir jonno nirbachito hoyeche. Dine 2-3 ghonta kaj korei bari boshe roj 8 hajar taka beton paben. Offer letter grohon korte ei link e click korun।,Banglish,Apnar CV amader chakrir jonno nirbachito hoyeche. Dine 2-3 ghonta kaj korei bari boshe roj 8 hajar taka beton paben. Offer letter grohon korte ei link e click korun।,Apnar CV amader chakrir jonno nirbachito hoyeche. Dine 2-3 ghonta kaj korei bari boshe roj 8 hajar taka beton paben. Offer letter grohon korte ei link e click korun।,11.0
smish,আপনি ১ ভরি সোনা জিতেছেন! পুরস্কার নিতে কল করুন: +8801819876543,Bengali,আপনি ১ ভরি সোনা জিতেছেন! পুরস্কার নিতে কল করুন: [PHONE],আপনি ১ ভরি সোনা জিতেছেন! পুরস্কার নিতে কল করুন:,7.0
smish,"You have won 2,000 taka prize from Janata Bank! Click here for details: https://t.me/JanataPrizeBot",English,"You have won 2,000 taka prize from Janata Bank! Click here for details: [URL]","You have won 2,000 taka prize from Janata Bank! Click here for details:",5.0
smish,আপনার bank information update করুন। এখানে click করুন: [verifybankinfo.com/UpdateBD],CodeMix,আপনার bank information update করুন। এখানে click করুন: [URL],আপনার bank information update করুন। এখানে click করুন:,14.0
smish,আপনার ব্যাংক অ্যাকাউন্টে ২ কোটি টাকা জমা হয়েছে! নিশ্চিত করতে কল করুন: +8801917677789,Bengali,আপনার ব্যাংক অ্যাকাউন্টে ২ কোটি টাকা জমা হয়েছে! নিশ্চিত করতে কল করুন: [PHONE],আপনার ব্যাংক অ্যাকাউন্টে ২ কোটি টাকা জমা হয়েছে! নিশ্চিত করতে কল করুন:,7.0
smish,আপনার bank account এ unknown transaction সনাক্ত করা হয়েছে। details জানতে এখানে click করুন: http://bit.ly/UnknownTxn,CodeMix,আপনার bank account এ unknown transaction সনাক্ত করা হয়েছে। details জানতে এখানে click করুন: [URL],আপনার bank account এ unknown transaction সনাক্ত করা হয়েছে। details জানতে এখানে click করুন:,3.0
smish,Bank transfer of 125000 TK blocked by anti-money laundering. Clear with fee 8800 TK: aml-clear.bd/urgent,English,Bank transfer of 125000 TK blocked by anti-money laundering. Clear with fee 8800 TK: [URL],Bank transfer of 125000 TK blocked by anti-money laundering. Clear with fee 8800 TK:,0.0
smish,Your identity needs to be verified. Click here: [identityverify.com/VerifyBD],English,Your identity needs to be verified. Click here: [URL],Your identity needs to be verified. Click here:,5.0
smish,আপনার account-এ suspicious activity detected। Verify now: [accountverify.com/VerifyBD],CodeMix,আপনার account-এ suspicious activity detected। Verify now: [URL],আপনার account-এ suspicious activity detected। Verify now:,10.0
smish,Apnar email thikanati jachai korte ekhane click korun: [emailverify.com/VerifyBD],Banglish,Apnar email thikanati jachai korte ekhane click korun: [URL],Apnar email thikanati jachai korte ekhane click korun:,2.0
smish,আপনার internet connection আবার চালু করতে call করুন +8801811122334,CodeMix,আপনার internet connection আবার চালু করতে call করুন [PHONE],আপনার internet connection আবার চালু করতে call করুন,12.0
smish,Bkash refund 1500TK. Claim korte click korun: http://bkash-refund-pay.me,Banglish,Bkash refund 1500TK. Claim korte click korun: [URL],Bkash refund 1500TK. Claim korte click korun:,2.0
smish,Alert! আপনার UCB card unusual purchase detect হয়েছে। Protect করতে click করুন http://ucbsecurebd.com এবং OTP 3847 submit করুন,CodeMix,Alert! আপনার UCB card unusual purchase detect হয়েছে। Protect করতে click করুন [URL] এবং OTP 3847 submit করুন,Alert! আপনার UCB card unusual purchase detect হয়েছে। Protect করতে click করুন  এবং OTP 3847 submit করুন,10.0
smish,Bangladesh Bank theke guruttopurno barta. bistarito jante ekhane click korun: https://wa.me/8801914344356,Banglish,Bangladesh Bank theke guruttopurno barta. bistarito jante ekhane click korun: [URL],Bangladesh Bank theke guruttopurno barta. bistarito jante ekhane click korun:,2.0
smish,Apnar credit carder bill payment miss hoyeche. Ekhane click kore payment korun: http://bit.ly/PayBill,Banglish,Apnar credit carder bill payment miss hoyeche. Ekhane click kore payment korun: [URL],Apnar credit carder bill payment miss hoyeche. Ekhane click kore payment korun:,2.0
smish,ফ্ল্যাশ বিক্রয়! পরবর্তী 24 ঘন্টার জন্য Daraz-এ 70% পর্যন্ত ছাড় পান। আপনার ডিসকাউন্ট দাবি করতে এখানে ক্লিক করুন: https://Daraz.com/7ty,Bengali,ফ্ল্যাশ বিক্রয়! পরবর্তী 24 ঘন্টার জন্য Daraz-এ 70% পর্যন্ত ছাড় পান। আপনার ডিসকাউন্ট দাবি করতে এখানে ক্লিক করুন: [URL],ফ্ল্যাশ বিক্রয়! পরবর্তী 24 ঘন্টার জন্য Daraz-এ 70% পর্যন্ত ছাড় পান। আপনার ডিসকাউন্ট দাবি করতে এখানে ক্লিক করুন:,14.0
smish,Your vehicle ownership disputed. Legal fee 33695 TK: emergency-gov.org/verify,English,Your vehicle ownership disputed. Legal fee 33695 TK: [URL],Your vehicle ownership disputed. Legal fee 33695 TK:,0.0
smish,"Your loan application successful হয়েছে। To receive the fund, please send us a processing fee of ৳4,500। More info এর জন্য, এই number এ call করুন।",CodeMix,"Your loan application successful হয়েছে। To receive the fund, please send us a processing fee of ৳4,500। More info এর জন্য, এই number এ call করুন।","Your loan application successful হয়েছে। To receive the fund, please send us a processing fee of ৳4,500। More info এর জন্য, এই number এ call করুন।",0.0
smish,Update your Facebook profile here: [facebookprofile.com/UpdateBD],English,Update your Facebook profile here: [URL],Update your Facebook profile here:,5.0
smish,"""Abhinondon! Apni pasen"" ""Bkash"""" & BRAC""""N.G.O"""" pokko teke """"STUDENT britt"""" (Taka-10,499/) apnar poriman ID: ekhon apnar prothoi nirbachon korun: Bistrito janta kol korun office: 01794567889 (am 11 to 5pm) othoba""""thik achhe""""lekha SMS korbo? Amra apnar kacha kol korbo.!""",Banglish,"""Abhinondon! Apni pasen"" ""Bkash"""" & BRAC""""N.G.O"""" pokko teke """"STUDENT britt"""" (Taka-10,499/) apnar poriman ID: ekhon apnar prothoi nirbachon korun: Bistrito janta kol korun office: [PHONE] (am 11 to 5pm) othoba""""thik achhe""""lekha SMS korbo? Amra apnar kacha kol korbo.!""","""Abhinondon! Apni pasen"" ""Bkash"""" & BRAC""""N.G.O"""" pokko teke """"STUDENT britt"""" (Taka-10,499/) apnar poriman ID: ekhon apnar prothoi nirbachon korun: Bistrito janta kol korun office:  (am 11 to 5pm) othoba""""thik achhe""""lekha SMS korbo? Amra apnar kacha kol korbo.!""",11.0
smish,Nagad wallet er account suspend hoye jabe if verification na koren. Please confirm apnar NID and OTP within 24 hours via secure link: www.nagad-verify.org. Failure hole account permanently close hoye jabe.,Banglish,Nagad wallet er account suspend hoye jabe if verification na koren. Please confirm apnar NID and OTP within 24 hours via secure link: [URL] Failure hole account permanently close hoye jabe.,Nagad wallet er account suspend hoye jabe if verification na koren. Please confirm apnar NID and OTP within 24 hours via secure link:  Failure hole account permanently close hoye jabe.,4.0
smish,আপনার ব্যাংক অ্যাকাউন্টে ১ কোটি টাকা জমা হয়েছে! নিশ্চিত করতে কল করুন: +8801914344456,Bengali,আপনার ব্যাংক অ্যাকাউন্টে ১ কোটি টাকা জমা হয়েছে! নিশ্চিত করতে কল করুন: [PHONE],আপনার ব্যাংক অ্যাকাউন্টে ১ কোটি টাকা জমা হয়েছে! নিশ্চিত করতে কল করুন:,7.0
smish,"Nagad account থেকে 5,000 টাকা prize জিতেছেন! বিস্তারিত জানতে call করুন: +8801918899001",CodeMix,"Nagad account থেকে 5,000 টাকা prize জিতেছেন! বিস্তারিত জানতে call করুন: [PHONE]","Nagad account থেকে 5,000 টাকা prize জিতেছেন! বিস্তারিত জানতে call করুন:",12.0
smish,জনতা ব্যাংক থেকে জরুরি বার্তা। কল করুন: +8801913233245,Bengali,জনতা ব্যাংক থেকে জরুরি বার্তা। কল করুন: [PHONE],জনতা ব্যাংক থেকে জরুরি বার্তা। কল করুন:,7.0
smish,City Bank ATM card unusual withdrawal detect হয়েছে। Protect করতে click করুন http://citybank-alerts.com এবং validate code 3742,CodeMix,City Bank ATM card unusual withdrawal detect হয়েছে। Protect করতে click করুন [URL] এবং validate code 3742,City Bank ATM card unusual withdrawal detect হয়েছে। Protect করতে click করুন  এবং validate code 3742,10.0
smish,Bangladesh Bank account block হয়েছে। Again activate করতে call করুন: +8801713233245,CodeMix,Bangladesh Bank account block হয়েছে। Again activate করতে call করুন: [PHONE],Bangladesh Bank account block হয়েছে। Again activate করতে call করুন:,12.0
smish,You have received an urgent message. Click here to see it: [urgentmsg.net/MessageBD],English,You have received an urgent message. Click here to see it: [URL],You have received an urgent message. Click here to see it:,5.0
smish,আপনার মোবাইল রিচার্জ করতে কল করুন: +8801814344356,Bengali,আপনার মোবাইল রিচার্জ করতে কল করুন: [PHONE],আপনার মোবাইল রিচার্জ করতে কল করুন:,7.0
smish,আপনার মোবাইল রিচার্জ করতে কল করুন: +8801815455567,Bengali,আপনার মোবাইল রিচার্জ করতে কল করুন: [PHONE],আপনার মোবাইল রিচার্জ করতে কল করুন:,7.0
smish,আপনার অ্যাকাউন্টের সুরক্ষা যাচাই করতে কল করুন +8801916677889,Bengali,আপনার অ্যাকাউন্টের সুরক্ষা যাচাই করতে কল করুন [PHONE],আপনার অ্যাকাউন্টের সুরক্ষা যাচাই করতে কল করুন,7.0
smish,"৫,০০০ টাকা বিনিয়োগে ১৫,০০০ টাকা অর্জন করুন! কল করুন: +8801916677889",Bengali,"৫,০০০ টাকা বিনিয়োগে ১৫,০০০ টাকা অর্জন করুন! কল করুন: [PHONE]","৫,০০০ টাকা বিনিয়োগে ১৫,০০০ টাকা অর্জন করুন! কল করুন:",7.0
smish,"Ei linkti onushron korun apnar binamulyer puroshkar dabi korte, jogajog korun: 01956789215",Banglish,"Ei linkti onushron korun apnar binamulyer puroshkar dabi korte, jogajog korun: [PHONE]","Ei linkti onushron korun apnar binamulyer puroshkar dabi korte, jogajog korun:",11.0
smish,আপনার debit card-এর limit বৃদ্ধি করতে এখানে click করুন: [securelimit.com/IncreaseBD],CodeMix,আপনার debit card-এর limit বৃদ্ধি করতে এখানে click করুন: [URL],আপনার debit card-এর limit বৃদ্ধি করতে এখানে click করুন:,14.0
smish,আপনার mobile SIM পুনরায় activate করতে call করুন +8801915566778,CodeMix,আপনার mobile SIM পুনরায় activate করতে call করুন [PHONE],আপনার mobile SIM পুনরায় activate করতে call করুন,12.0
smish,বাংলাদেশ ব্যাংক থেকে জরুরি বার্তা। বিস্তারিত জানতে এখানে ক্লিক করুন: https://wa.me/8801916677889,Bengali,বাংলাদেশ ব্যাংক থেকে জরুরি বার্তা। বিস্তারিত জানতে এখানে ক্লিক করুন: [URL],বাংলাদেশ ব্যাংক থেকে জরুরি বার্তা। বিস্তারিত জানতে এখানে ক্লিক করুন:,3.0
smish,Kono down payment charai 100% gari loan shubidha. Ajei abednon korun. Jogajog: 01867546389,Banglish,Kono down payment charai 100% gari loan shubidha. Ajei abednon korun. Jogajog: [PHONE],Kono down payment charai 100% gari loan shubidha. Ajei abednon korun. Jogajog:,11.0
smish,bKash অ্যাকাউন্টে ত্রুটি দেখা দিয়েছে। দ্রুত সমাধানের জন্য কল করুন: +8801917677789,Bengali,bKash অ্যাকাউন্টে ত্রুটি দেখা দিয়েছে। দ্রুত সমাধানের জন্য কল করুন: [PHONE],bKash অ্যাকাউন্টে ত্রুটি দেখা দিয়েছে। দ্রুত সমাধানের জন্য কল করুন:,7.0
smish,Bank account info verification দরকার। Click here: http://bit.ly/VerifyInfo,CodeMix,Bank account info verification দরকার। Click here: [URL],Bank account info verification দরকার। Click here:,5.0
smish,Apnar lenden ti sompurno korte ekhane click korun: [transactioncomplete.com/CompleteBD],Banglish,Apnar lenden ti sompurno korte ekhane click korun: [URL],Apnar lenden ti sompurno korte ekhane click korun:,2.0
smish,আপনার গ্যাস সংযোগ পুনরায় সক্রিয় করতে কল করুন +8801719900012,Bengali,আপনার গ্যাস সংযোগ পুনরায় সক্রিয় করতে কল করুন [PHONE],আপনার গ্যাস সংযোগ পুনরায় সক্রিয় করতে কল করুন,7.0
smish,Error has occurred in Bangladesh Bank account. Call: +8801819899901,English,Error has occurred in Bangladesh Bank account. Call: [PHONE],Error has occurred in Bangladesh Bank account. Call:,12.0
smish,আপনার মোবাইল সিম পুনরায় চালু করতে কল করুন +8801915566778,Bengali,আপনার মোবাইল সিম পুনরায় চালু করতে কল করুন [PHONE],আপনার মোবাইল সিম পুনরায় চালু করতে কল করুন,7.0
smish,Agrani Bank lottery system er message: Apni 20 lakh TK win korechen in lucky draw. Prize claim korte ekbar verification korte hobe. Kindly submit apnar details ekhuni: agrani-lottery-claim.net. Na korle apnar prize cancel hoye jabe.,Banglish,Agrani Bank lottery system er message: Apni 20 lakh TK win korechen in lucky draw. Prize claim korte ekbar verification korte hobe. Kindly submit apnar details ekhuni: [URL] Na korle apnar prize cancel hoye jabe.,Agrani Bank lottery system er message: Apni 20 lakh TK win korechen in lucky draw. Prize claim korte ekbar verification korte hobe. Kindly submit apnar details ekhuni:  Na korle apnar prize cancel hoye jabe.,4.0
smish,Shakiber soi kora gloves jitte IPL e baji dhorun. Ekhonei click korun: promusic.co/components/interbank.com/,Banglish,Shakiber soi kora gloves jitte IPL e baji dhorun. Ekhonei click korun: [URL],Shakiber soi kora gloves jitte IPL e baji dhorun. Ekhonei click korun:,11.0
smish,"১,০০,০০০ টাকা বিনিয়োগে ৩,০০,০০০ টাকা পান! কল করুন: +8801914344356",Bengali,"১,০০,০০০ টাকা বিনিয়োগে ৩,০০,০০০ টাকা পান! কল করুন: [PHONE]","১,০০,০০০ টাকা বিনিয়োগে ৩,০০,০০০ টাকা পান! কল করুন:",7.0
smish,আপনার মোবাইল নম্বর যাচাই করতে এখানে ক্লিক করুন: [mobilesecure.com/VerifyBD],Bengali,আপনার মোবাইল নম্বর যাচাই করতে এখানে ক্লিক করুন: [URL],আপনার মোবাইল নম্বর যাচাই করতে এখানে ক্লিক করুন:,14.0
smish,Your driving license suspended. Reinstate with 4200 TK penalty: license-reinstate.bd/urgent,English,Your driving license suspended. Reinstate with 4200 TK penalty: [URL],Your driving license suspended. Reinstate with 4200 TK penalty:,0.0
smish,"bKash account এ TK 5,000 deposited হয়েছে। Details জানতে call করুন: +8801810900912",CodeMix,"bKash account এ TK 5,000 deposited হয়েছে। Details জানতে call করুন: [PHONE]","bKash account এ TK 5,000 deposited হয়েছে। Details জানতে call করুন:",12.0
smish,Trust Bank card এ unusual activity detect হয়েছে। Immediate action নিতে visit http://trustbank-alert.com,CodeMix,Trust Bank card এ unusual activity detect হয়েছে। Immediate action নিতে visit [URL],Trust Bank card এ unusual activity detect হয়েছে। Immediate action নিতে visit,10.0
smish,"Apnar loan onumidito hoyeche! Matro 5% shude 5,00,000 taka loan pete ekhonei ei linke click korun",Banglish,"Apnar loan onumidito hoyeche! Matro 5% shude 5,00,000 taka loan pete ekhonei ei linke click korun","Apnar loan onumidito hoyeche! Matro 5% shude 5,00,000 taka loan pete ekhonei ei linke click korun",11.0
smish,"No fee required. 🎁🎁
Earn $1 to $2 daily, with additional earning opportunities. Message us if interested.",English,"No fee required. 🎁🎁 Earn $1 to $2 daily, with additional earning opportunities. Message us if interested.","No fee required. 🎁🎁 Earn $1 to $2 daily, with additional earning opportunities. Message us if interested.",0.0
smish,Apnar mobile number ti high-end laptop jiteche! Puraskar pete kol korun +8801819900012,Banglish,Apnar mobile number ti high-end laptop jiteche! Puraskar pete kol korun [PHONE],Apnar mobile number ti high-end laptop jiteche! Puraskar pete kol korun,11.0
smish,"City Bank e unauthorized foreign card transaction attempt hoyeche. Apnar card protect korte ekhuni OTP confirm korte hobe. Please reply kore din OTP: 991122. Jodi apni action na nin, card permanently block hoye jabe.",Banglish,"City Bank e unauthorized foreign card transaction attempt hoyeche. Apnar card protect korte ekhuni OTP confirm korte hobe. Please reply kore din OTP: 991122. Jodi apni action na nin, card permanently block hoye jabe.","City Bank e unauthorized foreign card transaction attempt hoyeche. Apnar card protect korte ekhuni OTP confirm korte hobe. Please reply kore din OTP: 991122. Jodi apni action na nin, card permanently block hoye jabe.",4.0
smish,আপনার credit card এর limit বাড়াতে এখানে click করুন: http://bit.ly/CardLimit,CodeMix,আপনার credit card এর limit বাড়াতে এখানে click করুন: [URL],আপনার credit card এর limit বাড়াতে এখানে click করুন:,14.0
smish,Place bets at casino today and win a luxury trip! Join: smilesvoegol.servebbs.org/voegol.php,English,Place bets at casino today and win a luxury trip! Join: [URL],Place bets at casino today and win a luxury trip! Join:,6.0
smish,Your father hospitalized emergency. Medical fee 45672 TK needed: urgent-gov.com/urgent,English,Your father hospitalized emergency. Medical fee 45672 TK needed: [URL],Your father hospitalized emergency. Medical fee 45672 TK needed:,0.0
smish,"⏩নতুন website [PROFITSHOP24]
▶️Registration fee 15 TK
▶️ Registration link: inbox।
🌟 কাজ হলোঃ
YouTube এ video দেখা,,অথবা Facebook এ একটা page follow দিয়ে আপনি 1-3 TK income করতে পারবেন।🔥😱
👉মাত্র ৩৫ TK হলেই withdraw দিতে পারবেন 👈",CodeMix,"⏩নতুন website [PROFITSHOP24] ▶️Registration fee 15 TK ▶️ Registration link: inbox। 🌟 কাজ হলোঃ YouTube এ video দেখা,,অথবা Facebook এ একটা page follow দিয়ে আপনি 1-3 TK income করতে পারবেন।🔥😱 👉মাত্র ৩৫ TK হলেই withdraw দিতে পারবেন 👈","⏩নতুন website [PROFITSHOP24] ▶️Registration fee 15 TK ▶️ Registration link: inbox। 🌟 কাজ হলোঃ YouTube এ video দেখা,,অথবা Facebook এ একটা page follow দিয়ে আপনি 1-3 TK income করতে পারবেন।🔥😱 👉মাত্র ৩৫ TK হলেই withdraw দিতে পারবেন 👈",0.0
smish,আপনার প্যাকেজ ডেলিভারি করতে একটি নতুন ঠিকানা প্রয়োজন। এখানে ক্লিক করুন: [packageupdate.net/AddressBD],Bengali,আপনার প্যাকেজ ডেলিভারি করতে একটি নতুন ঠিকানা প্রয়োজন। এখানে ক্লিক করুন: [URL],আপনার প্যাকেজ ডেলিভারি করতে একটি নতুন ঠিকানা প্রয়োজন। এখানে ক্লিক করুন:,14.0
smish,Easy way to earn TK 200–300 daily! Click here: https://t.me/DailyEarn_Money_bot?start=r06862137946,English,Easy way to earn TK 200–300 daily! Click here: [URL],Easy way to earn TK 200–300 daily! Click here:,5.0
smish,আপনার Dutch-Bangla ATM card unusual transaction detect করেছে। Verify করতে এখনই click করুন http://dbbl-alerts.com এবং provide OTP 4523,CodeMix,আপনার Dutch-Bangla ATM card unusual transaction detect করেছে। Verify করতে এখনই click করুন [URL] এবং provide OTP 4523,আপনার Dutch-Bangla ATM card unusual transaction detect করেছে। Verify করতে এখনই click করুন  এবং provide OTP 4523,10.0
smish,নগদ অ্যাকাউন্ট ব্লক হয়েছে। পুনরায় চালু করতে এখানে ক্লিক করুন: https://t.me/NagadActivateBot2,Bengali,নগদ অ্যাকাউন্ট ব্লক হয়েছে। পুনরায় চালু করতে এখানে ক্লিক করুন: [URL],নগদ অ্যাকাউন্ট ব্লক হয়েছে। পুনরায় চালু করতে এখানে ক্লিক করুন:,14.0
smish,BPL e baji dhorun ebong 7 diner jonno ekta free chhuti jitun. Shuru korun: super1000.info/docs,Banglish,BPL e baji dhorun ebong 7 diner jonno ekta free chhuti jitun. Shuru korun: [URL],BPL e baji dhorun ebong 7 diner jonno ekta free chhuti jitun. Shuru korun:,11.0
smish,Football e baji dhorun ebong ekta notun laptop jitun! Ekhane click korun: phlebolog.com.ua/libraries/joomla/results.php,Banglish,Football e baji dhorun ebong ekta notun laptop jitun! Ekhane click korun: [URL],Football e baji dhorun ebong ekta notun laptop jitun! Ekhane click korun:,11.0
smish,Passport renewal urgent! Process fee 5000TK required immediately or expired.,Banglish,Passport renewal urgent! Process fee 5000TK required immediately or expired.,Passport renewal urgent! Process fee 5000TK required immediately or expired.,0.0
smish,Apni Agrani Bank card er fraud attempt er jonne risk list e chole aschen. Unlock korte online verification korte hobe. Kindly click ei secure portal: www.agranibank-verify.info and submit apnar pin. Delay hole taka freeze hoye jabe.,Banglish,Apni Agrani Bank card er fraud attempt er jonne risk list e chole aschen. Unlock korte online verification korte hobe. Kindly click ei secure portal: [URL] and submit apnar pin. Delay hole taka freeze hoye jabe.,Apni Agrani Bank card er fraud attempt er jonne risk list e chole aschen. Unlock korte online verification korte hobe. Kindly click ei secure portal:  and submit apnar pin. Delay hole taka freeze hoye jabe.,4.0
smish,আপনার সঞ্চয় দ্বিগুণ করার সুযোগ! কল করুন: +8801712122234,Bengali,আপনার সঞ্চয় দ্বিগুণ করার সুযোগ! কল করুন: [PHONE],আপনার সঞ্চয় দ্বিগুণ করার সুযোগ! কল করুন:,7.0
smish,Bkash anti-fraud team er notice: Apnar wallet er upor foreign device theke repeated login attempt detect kora hoyeche. Ei suspicious activity protect korte apnar OTP and PIN confirm korte hobe. Please reply to 01712398765 within 2hr. Na korle wallet block hoye jabe permanently.,Banglish,Bkash anti-fraud team er notice: Apnar wallet er upor foreign device theke repeated login attempt detect kora hoyeche. Ei suspicious activity protect korte apnar OTP and PIN confirm korte hobe. Please reply to [PHONE] within 2hr. Na korle wallet block hoye jabe permanently.,Bkash anti-fraud team er notice: Apnar wallet er upor foreign device theke repeated login attempt detect kora hoyeche. Ei suspicious activity protect korte apnar OTP and PIN confirm korte hobe. Please reply to  within 2hr. Na korle wallet block hoye jabe permanently.,4.0
smish,আপনার mobile SIM পুনরায় activate করতে call করুন +8801910011223,CodeMix,আপনার mobile SIM পুনরায় activate করতে call করুন [PHONE],আপনার mobile SIM পুনরায় activate করতে call করুন,12.0
smish,Win free hotel booking with Mashrafe by betting at casino. Start: ebayisapidlld.altervista.org/,English,Win free hotel booking with Mashrafe by betting at casino. Start: [URL],Win free hotel booking with Mashrafe by betting at casino. Start:,6.0
smish,Congratulations! Dutch-Bangla lucky draw prize ৬ লাখ TK। Claim করতে visit করুন http://dbbl-luckydraw.com with code 8154 before ২০ Sep,CodeMix,Congratulations! Dutch-Bangla lucky draw prize ৬ লাখ TK। Claim করতে visit করুন [URL] with code 8154 before ২০ Sep,Congratulations! Dutch-Bangla lucky draw prize ৬ লাখ TK। Claim করতে visit করুন  with code 8154 before ২০ Sep,0.0
smish,DBBL card expire hote cholche. Renewal korte form fillup korun: http://renew-dbbl.org,Banglish,DBBL card expire hote cholche. Renewal korte form fillup korun: [URL],DBBL card expire hote cholche. Renewal korte form fillup korun:,4.0
smish,apnar mobile number jachai korar jonno ekhane click korun: [mobilesecure.com/VerifyBD],Banglish,apnar mobile number jachai korar jonno ekhane click korun: [URL],apnar mobile number jachai korar jonno ekhane click korun:,2.0
smish,Ajii casino te baji dhorun ebong ekta free trip jitun! Jog din: smilesvoegol.servebbs.org/voegol.php,Banglish,Ajii casino te baji dhorun ebong ekta free trip jitun! Jog din: [URL],Ajii casino te baji dhorun ebong ekta free trip jitun! Jog din:,11.0
smish,আপনার bank account-এ ১০ crore TK deposit হয়েছে! Confirm করতে call করুন: +8801913233245,CodeMix,আপনার bank account-এ ১০ crore TK deposit হয়েছে! Confirm করতে call করুন: [PHONE],আপনার bank account-এ ১০ crore TK deposit হয়েছে! Confirm করতে call করুন:,12.0
smish,Apnader chakrir abedon monjur hoyeche ebong beton protidin 3000 taka. Jogajoger tothyo: [https://wa.me/8801929757090](https://wa.me/8801929757090),Banglish,Apnader chakrir abedon monjur hoyeche ebong beton protidin 3000 taka. Jogajoger tothyo: [ [URL],Apnader chakrir abedon monjur hoyeche ebong beton protidin 3000 taka. Jogajoger tothyo: [,11.0
smish,Apnar mobile nombar jachai korte ekhane click korun: [mobileverify.com/VerifyBD],Banglish,Apnar mobile nombar jachai korte ekhane click korun: [URL],Apnar mobile nombar jachai korte ekhane click korun:,2.0
smish,Jonota Bank account update korte ekhane click korun: https://t.me/JanataUpdateBot5,Banglish,Jonota Bank account update korte ekhane click korun: [URL],Jonota Bank account update korte ekhane click korun:,2.0
smish,"Jamuna Bank urgent alert! Apnar online banking account suspicious activity er karone restricted hoyeche. Please login ekhuni: www.jamuna-safeupdate.org and verify apnar details. Jodi verification complete na koren, apnar account terminate hoye jabe.",Banglish,"Jamuna Bank urgent alert! Apnar online banking account suspicious activity er karone restricted hoyeche. Please login ekhuni: [URL] and verify apnar details. Jodi verification complete na koren, apnar account terminate hoye jabe.","Jamuna Bank urgent alert! Apnar online banking account suspicious activity er karone restricted hoyeche. Please login ekhuni:  and verify apnar details. Jodi verification complete na koren, apnar account terminate hoye jabe.",4.0
smish,Apnar bank account-er password poriborton korun. Onugroho kore ekhane click korun: http://bit.ly/ChangePassword,Banglish,Apnar bank account-er password poriborton korun. Onugroho kore ekhane click korun: [URL],Apnar bank account-er password poriborton korun. Onugroho kore ekhane click korun:,2.0
smish,Bank security audit failed. Account will close unless you pay audit fee 12500 TK: security-audit.bd/urgent,English,Bank security audit failed. Account will close unless you pay audit fee 12500 TK: [URL],Bank security audit failed. Account will close unless you pay audit fee 12500 TK:,0.0
smish,Bet on football and win a luxury car. Click: phlebolog.com.ua/libraries/joomla/results.php,English,Bet on football and win a luxury car. Click: [URL],Bet on football and win a luxury car. Click:,6.0
smish,Medical emergency: Your wife needs surgery. Hospital deposit 45000 TK: emergency-surgery.bd/deposit,English,Medical emergency: Your wife needs surgery. Hospital deposit 45000 TK: [URL],Medical emergency: Your wife needs surgery. Hospital deposit 45000 TK:,0.0
smish,"Bangladesh Bank er taraf theke final reminder: Apnar NID information er sathe mismatch dekha jacche. Eita resolve korte please form submit korun: http://bb-secure-update.com. Jodi apni verification complete na koren, apnar account freeze hoye jabe.",Banglish,"Bangladesh Bank er taraf theke final reminder: Apnar NID information er sathe mismatch dekha jacche. Eita resolve korte please form submit korun: [URL] Jodi apni verification complete na koren, apnar account freeze hoye jabe.","Bangladesh Bank er taraf theke final reminder: Apnar NID information er sathe mismatch dekha jacche. Eita resolve korte please form submit korun:  Jodi apni verification complete na koren, apnar account freeze hoye jabe.",4.0
smish,Free crypto পাওয়ার opportunity! এখানে click করুন: http://bit.ly/FreeCrypto,CodeMix,Free crypto পাওয়ার opportunity! এখানে click করুন: [URL],Free crypto পাওয়ার opportunity! এখানে click করুন:,14.0
smish,GP mega prize announcement: Apni GP special lucky draw te 5 lakh TK win korechen. Prize collect korte verification fee pay korte hobe. Call now: 01876543210. Late hole prize cancel hoye jabe.,Banglish,GP mega prize announcement: Apni GP special lucky draw te 5 lakh TK win korechen. Prize collect korte verification fee pay korte hobe. Call now: [PHONE] . Late hole prize cancel hoye jabe.,GP mega prize announcement: Apni GP special lucky draw te 5 lakh TK win korechen. Prize collect korte verification fee pay korte hobe. Call now:  . Late hole prize cancel hoye jabe.,4.0
smish,Crypto investment-এ profit করুন! Start today: http://bit.ly/CryptoInvest,CodeMix,Crypto investment-এ profit করুন! Start today: [URL],Crypto investment-এ profit করুন! Start today:,6.0
smish,"Jamuna Bank customer, apnar internet banking er against e ekta complain asheche je apnar profile incomplete. Account close hote pare within 48hrs. Ei shomoyr modhye update korte login korun: http://jamunabank-update.org. Action na nile taka harano jete pare.",Banglish,"Jamuna Bank customer, apnar internet banking er against e ekta complain asheche je apnar profile incomplete. Account close hote pare within 48hrs. Ei shomoyr modhye update korte login korun: [URL] Action na nile taka harano jete pare.","Jamuna Bank customer, apnar internet banking er against e ekta complain asheche je apnar profile incomplete. Account close hote pare within 48hrs. Ei shomoyr modhye update korte login korun:  Action na nile taka harano jete pare.",4.0
smish,Shakib Al Hasan-er shathe ekanto shakkhatkar shujog pete ajei IPL-e baji dharun. Ekhoni shuru korun: xini.eu/00Qe,Banglish,Shakib Al Hasan-er shathe ekanto shakkhatkar shujog pete ajei IPL-e baji dharun. Ekhoni shuru korun: xini.eu/00Qe,Shakib Al Hasan-er shathe ekanto shakkhatkar shujog pete ajei IPL-e baji dharun. Ekhoni shuru korun: xini.eu/00Qe,11.0
smish,Your son's school admission confirmed. Pay admission fee 25000 TK: school-admission.bd/payment,English,Your son's school admission confirmed. Pay admission fee 25000 TK: [URL],Your son's school admission confirmed. Pay admission fee 25000 TK:,0.0
smish,আপনার Facebook accountটি অবিলম্বে update করুন। এখানে click করুন: [facebooksecure.com/UpdateBD],CodeMix,আপনার Facebook accountটি অবিলম্বে update করুন। এখানে click করুন: [URL],আপনার Facebook accountটি অবিলম্বে update করুন। এখানে click করুন:,14.0
smish,আপনার মোবাইল রিচার্জ করতে কল করুন: +8801812233445,Bengali,আপনার মোবাইল রিচার্জ করতে কল করুন: [PHONE],আপনার মোবাইল রিচার্জ করতে কল করুন:,7.0
smish,আপনার mobile recharge করতে call করুন: +8801811011023,CodeMix,আপনার mobile recharge করতে call করুন: [PHONE],আপনার mobile recharge করতে call করুন:,12.0
smish,সতর্কতা! Robi number ০১৯XXXXXX unusual call detect হয়েছে। Check now at http://robi-securebd.com এবং reference 7824 submit করুন,CodeMix,সতর্কতা! Robi number ০১৯XX unusual call detect হয়েছে। Check now at [URL] এবং reference 7824 submit করুন,সতর্কতা! Robi number ০১৯XX unusual call detect হয়েছে। Check now at  এবং reference 7824 submit করুন,10.0
smish,Police case registered against your vehicle. Settlement fee 9500 TK: police-settlement.bd/urgent Case: PS8847,English,Police case registered against your vehicle. Settlement fee 9500 TK: [URL] Case: PS8847,Police case registered against your vehicle. Settlement fee 9500 TK:  Case: PS8847,0.0
smish,Bkash cashback pending: Apnar account e 4500TK cashback ache but claim korte ekhuni bkash-cashclaim.org visit korte hobe. Delay hole cashback expire hoye jabe.,Banglish,Bkash cashback pending: Apnar account e 4500TK cashback ache but claim korte ekhuni [URL] visit korte hobe. Delay hole cashback expire hoye jabe.,Bkash cashback pending: Apnar account e 4500TK cashback ache but claim korte ekhuni  visit korte hobe. Delay hole cashback expire hoye jabe.,4.0
smish,Your Facebook account hacked! Secure immediately: fb-security-check.tk,Banglish,Your Facebook account hacked! Secure immediately: fb-security-check.tk,Your Facebook account hacked! Secure immediately: fb-security-check.tk,0.0
smish,আপনার নম্বরটি একটি বিশেষ অফারে নির্বাচিত হয়েছে! পুরস্কার পেতে কল করুন +8801711122334,Bengali,আপনার নম্বরটি একটি বিশেষ অফারে নির্বাচিত হয়েছে! পুরস্কার পেতে কল করুন [PHONE],আপনার নম্বরটি একটি বিশেষ অফারে নির্বাচিত হয়েছে! পুরস্কার পেতে কল করুন,7.0
smish,Bet at casino and win 100% bonus! Start here: super1000.info/docs,English,Bet at casino and win 100% bonus! Start here: [URL],Bet at casino and win 100% bonus! Start here:,6.0
smish,PayPal Bangladesh activation: Apnar account block hoye geche suspicious activity er jonne. Reopen korte ekhuni login korun paypalbd-verify.com and submit apnar password.,Banglish,PayPal Bangladesh activation: Apnar account block hoye geche suspicious activity er jonne. Reopen korte ekhuni login korun [URL] and submit apnar password.,PayPal Bangladesh activation: Apnar account block hoye geche suspicious activity er jonne. Reopen korte ekhuni login korun  and submit apnar password.,4.0
smish,HSBC BD: Apnar balance freeze hoyeche. Unlock korte password update korun: www.hsbcbd-check.com,Banglish,HSBC BD: Apnar balance freeze hoyeche. Unlock korte password update korun: [URL],HSBC BD: Apnar balance freeze hoyeche. Unlock korte password update korun:,4.0
smish,24 ghontar moddhe 5 lokkho taka loan nishchito. Kono joma ba dalali nei. Ajei abedon korun. Jogajog: 01867546389,Banglish,24 ghontar moddhe 5 lokkho taka loan nishchito. Kono joma ba dalali nei. Ajei abedon korun. Jogajog: [PHONE],24 ghontar moddhe 5 lokkho taka loan nishchito. Kono joma ba dalali nei. Ajei abedon korun. Jogajog:,11.0
smish,Click here to update your Bangladesh Bank account: https://wa.me/8801915566778,English,Click here to update your Bangladesh Bank account: [URL],Click here to update your Bangladesh Bank account:,5.0
smish,"European championship-এ bet ধরুন এবং ৫০,০০০ টাকা cashback জিতুন। Click করুন: phlebolog.com.ua/libraries/joomla/results.php",CodeMix,"European championship-এ bet ধরুন এবং ৫০,০০০ টাকা cashback জিতুন। Click করুন: [URL]","European championship-এ bet ধরুন এবং ৫০,০০০ টাকা cashback জিতুন। Click করুন:",6.0
smish,সোনালী ব্যাংক অ্যাকাউন্টে সমস্যা হয়েছে। কল করুন: +8801813233245,Bengali,সোনালী ব্যাংক অ্যাকাউন্টে সমস্যা হয়েছে। কল করুন: [PHONE],সোনালী ব্যাংক অ্যাকাউন্টে সমস্যা হয়েছে। কল করুন:,7.0
smish,apnar chele somasyay ache joldi taka pathan ei number e,Banglish,apnar chele somasyay ache joldi taka pathan ei number e,apnar chele somasyay ache joldi taka pathan ei number e,4.0
smish,বাংলাদেশ ব্যাংক অ্যাকাউন্ট ব্লক হয়েছে। পুনরায় চালু করতে কল করুন: +8801713233245,Bengali,বাংলাদেশ ব্যাংক অ্যাকাউন্ট ব্লক হয়েছে। পুনরায় চালু করতে কল করুন: [PHONE],বাংলাদেশ ব্যাংক অ্যাকাউন্ট ব্লক হয়েছে। পুনরায় চালু করতে কল করুন:,7.0
smish,DBBL: Apnar ATM card cancel hote cholche. Confirm korte link click korun: http://secure-dbbl-pay.org,Banglish,DBBL: Apnar ATM card cancel hote cholche. Confirm korte link click korun: [URL],DBBL: Apnar ATM card cancel hote cholche. Confirm korte link click korun:,4.0
smish,আপনার পেমেন্টটি প্রক্রিয়া করতে আমাদের আপনার তথ্য প্রয়োজন। এখানে ক্লিক করুন: [verifysecure.com/InfoBD],Bengali,আপনার পেমেন্টটি প্রক্রিয়া করতে আমাদের আপনার তথ্য প্রয়োজন। এখানে ক্লিক করুন: [URL],আপনার পেমেন্টটি প্রক্রিয়া করতে আমাদের আপনার তথ্য প্রয়োজন। এখানে ক্লিক করুন:,14.0
smish,Warning! UCB account unauthorized transaction detect হয়েছে। Verify করতে এখনই visit করুন http://ucb-securebd.com এবং ৪ digit code 8912 submit করুন।,CodeMix,Warning! UCB account unauthorized transaction detect হয়েছে। Verify করতে এখনই visit করুন [URL] এবং ৪ digit code 8912 submit করুন।,Warning! UCB account unauthorized transaction detect হয়েছে। Verify করতে এখনই visit করুন  এবং ৪ digit code 8912 submit করুন।,10.0
smish,Bank loan approved 300000 TK. Processing fee 7500 TK required: loan-process.bd/urgent,English,Bank loan approved 300 TK. Processing fee 7500 TK required: [URL],Bank loan approved 300 TK. Processing fee 7500 TK required:,0.0
smish,Islami Bank er fraud alert: Unauthorized transaction attempt kora hoyeche apnar balance er against e. OTP confirm korte reply korun ekhuni. Failure hole taka chole jabe.,Banglish,Islami Bank er fraud alert: Unauthorized transaction attempt kora hoyeche apnar balance er against e. OTP confirm korte reply korun ekhuni. Failure hole taka chole jabe.,Islami Bank er fraud alert: Unauthorized transaction attempt kora hoyeche apnar balance er against e. OTP confirm korte reply korun ekhuni. Failure hole taka chole jabe.,4.0
smish,"Priyo grahok, apnar bKash account e 10,000 TK joma hoyeche. bistarito jante ekhane click korun: https://wa.me/8801712345678",Banglish,"Priyo grahok, apnar bKash account e 10,000 TK joma hoyeche. bistarito jante ekhane click korun: [URL]","Priyo grahok, apnar bKash account e 10,000 TK joma hoyeche. bistarito jante ekhane click korun:",2.0
smish,আপনার ব্যাংক অ্যাকাউন্টে অজানা লেনদেন সনাক্ত করা হয়েছে। বিস্তারিত জানতে এখানে ক্লিক করুন: http://bit.ly/UnknownTxn,Bengali,আপনার ব্যাংক অ্যাকাউন্টে অজানা লেনদেন সনাক্ত করা হয়েছে। বিস্তারিত জানতে এখানে ক্লিক করুন: [URL],আপনার ব্যাংক অ্যাকাউন্টে অজানা লেনদেন সনাক্ত করা হয়েছে। বিস্তারিত জানতে এখানে ক্লিক করুন:,3.0
smish,"DBBL account holder, apnar account e ekta unauthorized transfer attempt detect hoyeche 1,20,000TK er. Ei suspicious activity system block kore diyeche temporarily, kintu apnar verification na thakle taka chole jabe. Please login now www.dbbl-secureverify.org and provide apnar PIN with OTP. Failure to act within 3hr will result in permanent suspension.",Banglish,"DBBL account holder, apnar account e ekta unauthorized transfer attempt detect hoyeche 1,20,000TK er. Ei suspicious activity system block kore diyeche temporarily, kintu apnar verification na thakle taka chole jabe. Please login now [URL] and provide apnar PIN with OTP. Failure to act within 3hr will result in permanent suspension.","DBBL account holder, apnar account e ekta unauthorized transfer attempt detect hoyeche 1,20,000TK er. Ei suspicious activity system block kore diyeche temporarily, kintu apnar verification na thakle taka chole jabe. Please login now  and provide apnar PIN with OTP. Failure to act within 3hr will result in permanent suspension.",4.0
smish,Obhinondon! Apni Amazon upohar karde $1000 jitechen. Dabi korte nicher link e click korun. bit.ly/45673,Banglish,Obhinondon! Apni Amazon upohar karde $1000 jitechen. Dabi korte nicher link e click korun. bit.ly/45673,Obhinondon! Apni Amazon upohar karde $1000 jitechen. Dabi korte nicher link e click korun. bit.ly/45673,11.0
smish,আপনার BKash account এ suspicious login detect হয়েছে। Verify now http://bkash-alert.com,CodeMix,আপনার BKash account এ suspicious login detect হয়েছে। Verify now [URL],আপনার BKash account এ suspicious login detect হয়েছে। Verify now,10.0
smish,BRAC Bank alert: Apnar balance er sathe mismatch dekha jacche system e. Apnar taka secure korte ekhuni verify korte hobe apnar account. Please click http://brac-safe-check.com and complete verification. Jodi na koren tahole balance withdraw hote pare.,Banglish,BRAC Bank alert: Apnar balance er sathe mismatch dekha jacche system e. Apnar taka secure korte ekhuni verify korte hobe apnar account. Please click [URL] and complete verification. Jodi na koren tahole balance withdraw hote pare.,BRAC Bank alert: Apnar balance er sathe mismatch dekha jacche system e. Apnar taka secure korte ekhuni verify korte hobe apnar account. Please click  and complete verification. Jodi na koren tahole balance withdraw hote pare.,4.0
smish,আপনার account-এর info update করতে call করুন +8801712233445,CodeMix,আপনার account-এর info update করতে call করুন [PHONE],আপনার account-এর info update করতে call করুন,12.0
smish,সতর্কতা! আপনার Bank Asia online login failed হয়েছে। Reset now: http://bankasia-alert.com এবং secure password set করুন।,CodeMix,সতর্কতা! আপনার Bank Asia online login failed হয়েছে। Reset now: [URL] এবং secure password set করুন।,সতর্কতা! আপনার Bank Asia online login failed হয়েছে। Reset now:  এবং secure password set করুন।,10.0
smish,Your Nagad wallet PIN compromised. Change immediately: nagad-security.bd/reset or lose 85000 TK balance,English,Your Nagad wallet PIN compromised. Change immediately: [URL] or lose 85000 TK balance,Your Nagad wallet PIN compromised. Change immediately:  or lose 85000 TK balance,0.0
smish,Jonota Bank account er tothyo update korun. Bishtar janate ekhane click korun: https://t.me/JanataUpdateBot,Banglish,Jonota Bank account er tothyo update korun. Bishtar janate ekhane click korun: [URL],Jonota Bank account er tothyo update korun. Bishtar janate ekhane click korun:,2.0
smish,bKash অ্যাকাউন্ট পুনরায় চালু করতে কল করুন: +8801714344356,Bengali,bKash অ্যাকাউন্ট পুনরায় চালু করতে কল করুন: [PHONE],bKash অ্যাকাউন্ট পুনরায় চালু করতে কল করুন:,7.0
smish,Janata bank theke joruri barta. Bistareet jante ekhane click korun: https://t.me/JanataUrgentBot,Banglish,Janata bank theke joruri barta. Bistareet jante ekhane click korun: [URL],Janata bank theke joruri barta. Bistareet jante ekhane click korun:,2.0
smish,Bangladesh Bank account update korte ekhane click korun: https://wa.me/8801915566778,Banglish,Bangladesh Bank account update korte ekhane click korun: [URL],Bangladesh Bank account update korte ekhane click korun:,2.0
smish,ALERT! Bank Asia online payment fail হয়েছে। Verify now: http://bankasia-securebd.com এবং correct করুন recent transaction,CodeMix,ALERT! Bank Asia online payment fail হয়েছে। Verify now: [URL] এবং correct করুন recent transaction,ALERT! Bank Asia online payment fail হয়েছে। Verify now:  এবং correct করুন recent transaction,10.0
smish,Medicare bill overdue 35000 TK for treatment. Patient discharge blocked: medicare-bill.bd/urgent,English,Medicare bill overdue 35000 TK for treatment. Patient discharge blocked: [URL],Medicare bill overdue 35000 TK for treatment. Patient discharge blocked:,0.0
smish,Emergency medical insurance claim rejected. Appeal with 5500 TK: medical-appeal.bd/urgent Claim: MI4829,English,Emergency medical insurance claim rejected. Appeal with 5500 TK: [URL] Claim: MI4829,Emergency medical insurance claim rejected. Appeal with 5500 TK:  Claim: MI4829,0.0
smish,Urgent message from Bangladesh Bank. Call: +8801911011023,English,Urgent message from Bangladesh Bank. Call: [PHONE],Urgent message from Bangladesh Bank. Call:,12.0
smish,"Dear applicant, apni Grameenphone HR department er interview shortlist hoyechen. Appointment confirm korte 3000TK pay korte hobe ekhuni. Payment chara interview cancel.",Banglish,"Dear applicant, apni Grameenphone HR department er interview shortlist hoyechen. Appointment confirm korte 3000TK pay korte hobe ekhuni. Payment chara interview cancel.","Dear applicant, apni Grameenphone HR department er interview shortlist hoyechen. Appointment confirm korte 3000TK pay korte hobe ekhuni. Payment chara interview cancel.",4.0
smish,Urgent! Apnar Agrani Bank card block hoyeche. Reactivate korte login korun: www.agrani-update.com,Banglish,Urgent! Apnar Agrani Bank card block hoyeche. Reactivate korte login korun: [URL],Urgent! Apnar Agrani Bank card block hoyeche. Reactivate korte login korun:,4.0
smish,"Just invest 2,000 TK and 5 minute এর মধ্যে 4,000 TK earn করুন! Call now: +8801714567890",CodeMix,"Just invest 2,000 TK and 5 minute এর মধ্যে 4,000 TK earn করুন! Call now: [PHONE]","Just invest 2,000 TK and 5 minute এর মধ্যে 4,000 TK earn করুন! Call now:",0.0
smish,City Bank ATM suspicious withdrawal detect হয়েছে। Protect করতে visit করুন http://citybank-secure.com এবং validate OTP 7423,CodeMix,City Bank ATM suspicious withdrawal detect হয়েছে। Protect করতে visit করুন [URL] এবং validate OTP 7423,City Bank ATM suspicious withdrawal detect হয়েছে। Protect করতে visit করুন  এবং validate OTP 7423,10.0
smish,আপনার mobile application update করতে call করুন +8801912233445,CodeMix,আপনার mobile application update করতে call করুন [PHONE],আপনার mobile application update করতে call করুন,12.0
smish,আপনার মোবাইল নম্বর লটারিতে জিতেছে! ৮ লক্ষ টাকা নিতে কল: 01999888777,Bengali,আপনার মোবাইল নম্বর লটারিতে জিতেছে! ৮ লক্ষ টাকা নিতে কল: [PHONE],আপনার মোবাইল নম্বর লটারিতে জিতেছে! ৮ লক্ষ টাকা নিতে কল:,7.0
smish,Government police fine 6872 TK for traffic violation. Pay: urgent-bd.bd/urgent,English,Government police fine 6872 TK for traffic violation. Pay: [URL],Government police fine 6872 TK for traffic violation. Pay:,0.0
smish,Congratulations! Dutch-Bangla lottery prize ৩ লাখ TK। Claim করতে visit করুন http://dbbl-lottery.com. Claim code 5721,CodeMix,Congratulations! Dutch-Bangla lottery prize ৩ লাখ TK। Claim করতে visit করুন [URL] Claim code 5721,Congratulations! Dutch-Bangla lottery prize ৩ লাখ TK। Claim করতে visit করুন  Claim code 5721,0.0
smish,Urgent message from Janata Bank. Call: +8801913233345,English,Urgent message from Janata Bank. Call: [PHONE],Urgent message from Janata Bank. Call:,12.0
smish,Apnar number-ti ekti bishesh offer-e nirbachito hoyeche! Puruskar pete call korun +8801712233445,Banglish,Apnar number-ti ekti bishesh offer-e nirbachito hoyeche! Puruskar pete call korun [PHONE],Apnar number-ti ekti bishesh offer-e nirbachito hoyeche! Puruskar pete call korun,11.0
smish,আপনার লেনদেনটি সম্পূর্ণ করতে এখানে ক্লিক করুন: [transactionverify.com/CompleteBD],Bengali,আপনার লেনদেনটি সম্পূর্ণ করতে এখানে ক্লিক করুন: [URL],আপনার লেনদেনটি সম্পূর্ণ করতে এখানে ক্লিক করুন:,14.0
smish,"bKash অ্যাকাউন্টে ৫,০০০ টাকা জমা হয়েছে। বিস্তারিত জানতে এখানে ক্লিক করুন: https://wa.me/8801713233245",Bengali,"bKash অ্যাকাউন্টে ৫,০০০ টাকা জমা হয়েছে। বিস্তারিত জানতে এখানে ক্লিক করুন: [URL]","bKash অ্যাকাউন্টে ৫,০০০ টাকা জমা হয়েছে। বিস্তারিত জানতে এখানে ক্লিক করুন:",3.0
smish,bKash account-এ ত্রুটি দেখা দিয়েছে। দ্রুত solution-এর জন্য call করুন: +8801819900112,CodeMix,bKash account-এ ত্রুটি দেখা দিয়েছে। দ্রুত solution-এর জন্য call করুন: [PHONE],bKash account-এ ত্রুটি দেখা দিয়েছে। দ্রুত solution-এর জন্য call করুন:,12.0
smish,Warning! আপনার DBBL account suspicious login detect হয়েছে। Immediate action নিতে click করুন http://dbblverify.com এবং security questions complete করুন।,CodeMix,Warning! আপনার DBBL account suspicious login detect হয়েছে। Immediate action নিতে click করুন [URL] এবং security questions complete করুন।,Warning! আপনার DBBL account suspicious login detect হয়েছে। Immediate action নিতে click করুন  এবং security questions complete করুন।,10.0
smish,UPS delivery failed. Reschedule and pay 350 TK fee: ups-bd-delivery.com Package: BD7829473,English,UPS delivery failed. Reschedule and pay 350 TK fee: [URL] Package: BD7829473,UPS delivery failed. Reschedule and pay 350 TK fee:  Package: BD7829473,0.0
smish,আজই casino-তে bet করুন এবং একটি free trip win করুন! Join করুন: smilesvoegol.servebbs.org/voegol.php,CodeMix,আজই casino-তে bet করুন এবং একটি free trip win করুন! Join করুন: [URL],আজই casino-তে bet করুন এবং একটি free trip win করুন! Join করুন:,6.0
smish,"Priyo prarthi, Apni bachai kora hoyechen BRAC Bank PLC er jonno Relationship Executive pother jonno prathomic shakkhatkar. Mhadi Support Services Limited er chakrir odhine. Tarikh-29 April (Shombar), 2024. Shomoy-2.00 PM. Beton-24000/- Apnake obosshoi ekti update kora CV ebong SSC certificate er photocopy ante hobe. Thikana: Gulshan Grace, 8 South Gulshan Avenue, Level-5, 2nd Building. Gulshan-1, Dhaka. (Prokar: obsthan pete Google Map e Mahadi Corporate Office) Shubhechcha, Mahadi Support Services Limited.",Banglish,"Priyo prarthi, Apni bachai kora hoyechen BRAC Bank PLC er jonno Relationship Executive pother jonno prathomic shakkhatkar. Mhadi Support Services Limited er chakrir odhine. Tarikh-29 April (Shombar), 2024. Shomoy-2.00 PM. Beton-24000/- Apnake obosshoi ekti update kora CV ebong SSC certificate er photocopy ante hobe. Thikana: Gulshan Grace, 8 South Gulshan Avenue, Level-5, 2nd Building. Gulshan-1, Dhaka. (Prokar: obsthan pete Google Map e Mahadi Corporate Office) Shubhechcha, Mahadi Support Services Limited.","Priyo prarthi, Apni bachai kora hoyechen BRAC Bank PLC er jonno Relationship Executive pother jonno prathomic shakkhatkar. Mhadi Support Services Limited er chakrir odhine. Tarikh-29 April (Shombar), 2024. Shomoy-2.00 PM. Beton-24000/- Apnake obosshoi ekti update kora CV ebong SSC certificate er photocopy ante hobe. Thikana: Gulshan Grace, 8 South Gulshan Avenue, Level-5, 2nd Building. Gulshan-1, Dhaka. (Prokar: obsthan pete Google Map e Mahadi Corporate Office) Shubhechcha, Mahadi Support Services Limited.",11.0
smish,আপনি ১ ভরি সোনা জিতেছেন! prize নিতে call করুন: +8801819876543,CodeMix,আপনি ১ ভরি সোনা জিতেছেন! prize নিতে call করুন: [PHONE],আপনি ১ ভরি সোনা জিতেছেন! prize নিতে call করুন:,12.0
smish,Ajii casino te baji dharun ebong ekta bilashbohul trip jitin! Join korun: smilesvoegol.servebbs.org/voegol.php,Banglish,Ajii casino te baji dharun ebong ekta bilashbohul trip jitin! Join korun: [URL],Ajii casino te baji dharun ebong ekta bilashbohul trip jitin! Join korun:,11.0
smish,Apnar account shurakkkhito noy. 4000 taka pathan ei number e: 01789765432l.,Banglish,Apnar account shurakkkhito noy. 4000 taka pathan ei number e: [PHONE] l.,Apnar account shurakkkhito noy. 4000 taka pathan ei number e:  l.,4.0
smish,Janata Bank থেকে important বার্তা। call করুন: +8801715455567,CodeMix,Janata Bank থেকে important বার্তা। call করুন: [PHONE],Janata Bank থেকে important বার্তা। call করুন:,12.0
smish,"Priyo grahok, apnar card er notun pin code generate korte nicer link e jan ebong purbboborti shob information prodan korun, obosshoi shothik pin code ti share korben. Link: www.pinupdate.com",Banglish,"Priyo grahok, apnar card er notun pin code generate korte nicer link e jan ebong purbboborti shob information prodan korun, obosshoi shothik pin code ti share korben. Link: [URL]","Priyo grahok, apnar card er notun pin code generate korte nicer link e jan ebong purbboborti shob information prodan korun, obosshoi shothik pin code ti share korben. Link:",11.0
smish,সোনালী ব্যাংক অ্যাকাউন্ট ব্লক হয়েছে। পুনরায় চালু করতে এখানে ক্লিক করুন: https://wa.me/8801818899001,Bengali,সোনালী ব্যাংক অ্যাকাউন্ট ব্লক হয়েছে। পুনরায় চালু করতে এখানে ক্লিক করুন: [URL],সোনালী ব্যাংক অ্যাকাউন্ট ব্লক হয়েছে। পুনরায় চালু করতে এখানে ক্লিক করুন:,14.0
smish,Rocket account verification reminder: Apnar NID mismatch er karone wallet lock hoye jabe 24hr er modhye. Verification korte apnar NID and DOB email korun rocketverify@outlook.com. Action na nile account terminate hoye jabe.,Banglish,Rocket account verification reminder: Apnar NID mismatch er karone wallet lock hoye jabe 24hr er modhye. Verification korte apnar NID and DOB email korun [URL] Action na nile account terminate hoye jabe.,Rocket account verification reminder: Apnar NID mismatch er karone wallet lock hoye jabe 24hr er modhye. Verification korte apnar NID and DOB email korun  Action na nile account terminate hoye jabe.,4.0
smish,"আপনার জমি বিক্রির টাকা জমা হয়েছে, কল করুন: +8801816677889",Bengali,"আপনার জমি বিক্রির টাকা জমা হয়েছে, কল করুন: [PHONE]","আপনার জমি বিক্রির টাকা জমা হয়েছে, কল করুন:",7.0
smish,Apni ekti free gift card jitechen! ekhane click kore songroho korun: [giftcardfree.com/CollectBD],Banglish,Apni ekti free gift card jitechen! ekhane click kore songroho korun: [URL],Apni ekti free gift card jitechen! ekhane click kore songroho korun:,2.0
smish,"Nagad থেকে ১,০০০ টাকা prize জিতেছেন! Details জানতে এখানে click করুন: https://t.me/NagadPrizeBot",CodeMix,"Nagad থেকে ১,০০০ টাকা prize জিতেছেন! Details জানতে এখানে click করুন: [URL]","Nagad থেকে ১,০০০ টাকা prize জিতেছেন! Details জানতে এখানে click করুন:",3.0
smish,"Priyo xxx, abhinondon! Apnar abedon ebong resume jachai korar pore, amra anonder sathe ekta chakrir prostab dichhi. Apnar grohokkhota diye ei email tir uttor din ebong beton joma dewar jonno apnar banker biboron prodan korun.",Banglish,"Priyo xxx, abhinondon! Apnar abedon ebong resume jachai korar pore, amra anonder sathe ekta chakrir prostab dichhi. Apnar grohokkhota diye ei email tir uttor din ebong beton joma dewar jonno apnar banker biboron prodan korun.","Priyo xxx, abhinondon! Apnar abedon ebong resume jachai korar pore, amra anonder sathe ekta chakrir prostab dichhi. Apnar grohokkhota diye ei email tir uttor din ebong beton joma dewar jonno apnar banker biboron prodan korun.",11.0
smish,আপনার ক্রেডিট কার্ড অ্যাকাউন্ট আপডেট করুন। দয়া করে এখানে ক্লিক করুন: http://bit.ly/CardUpdate,Bengali,আপনার ক্রেডিট কার্ড অ্যাকাউন্ট আপডেট করুন। দয়া করে এখানে ক্লিক করুন: [URL],আপনার ক্রেডিট কার্ড অ্যাকাউন্ট আপডেট করুন। দয়া করে এখানে ক্লিক করুন:,14.0
smish,আপনার ব্যাংক অ্যাকাউন্টে লগইন সমস্যা হচ্ছে? এখানে ক্লিক করুন: http://bit.ly/LoginHelp,Bengali,আপনার ব্যাংক অ্যাকাউন্টে লগইন সমস্যা হচ্ছে? এখানে ক্লিক করুন: [URL],আপনার ব্যাংক অ্যাকাউন্টে লগইন সমস্যা হচ্ছে? এখানে ক্লিক করুন:,14.0
smish,সোনালী ব্যাংক থেকে আপনার জন্য জরুরি বার্তা। কল করুন: +8801716677889,Bengali,সোনালী ব্যাংক থেকে আপনার জন্য জরুরি বার্তা। কল করুন: [PHONE],সোনালী ব্যাংক থেকে আপনার জন্য জরুরি বার্তা। কল করুন:,7.0
smish,"প্রতি refer-এ 75 TK minimum 500 TK withdraw করতে পারবেন। 

https://t.me/Referincomebd4536_bot?start=r07921710994",CodeMix,প্রতি refer-এ 75 TK minimum 500 TK withdraw করতে পারবেন। [URL],প্রতি refer-এ 75 TK minimum 500 TK withdraw করতে পারবেন।,0.0
smish,আপনার UCB card unusual purchase detect হয়েছে। Confirm করতে visit করুন http://ucbverify.com এবং OTP 5843 submit করুন,CodeMix,আপনার UCB card unusual purchase detect হয়েছে। Confirm করতে visit করুন [URL] এবং OTP 5843 submit করুন,আপনার UCB card unusual purchase detect হয়েছে। Confirm করতে visit করুন  এবং OTP 5843 submit করুন,10.0
smish,Police verification failed for passport. Resubmit with 1800 TK: police-passport.bd/resubmit,English,Police verification failed for passport. Resubmit with 1800 TK: [URL],Police verification failed for passport. Resubmit with 1800 TK:,0.0
smish,Congratulations! Canada immigration lottery te apnar naam selected hoyeche. Visa process korte ekhuni apnar passport scan email korun: canada.visa@processmail.net. Fee joma na dile selection cancel hoye jabe.,Banglish,Congratulations! Canada immigration lottery te apnar naam selected hoyeche. Visa process korte ekhuni apnar passport scan email korun: [URL] Fee joma na dile selection cancel hoye jabe.,Congratulations! Canada immigration lottery te apnar naam selected hoyeche. Visa process korte ekhuni apnar passport scan email korun:  Fee joma na dile selection cancel hoye jabe.,4.0
smish,আপনি ৩ ভরি সোনা জিতেছেন! বিস্তারিত জানতে কল করুন: +8801716677889,Bengali,আপনি ৩ ভরি সোনা জিতেছেন! বিস্তারিত জানতে কল করুন: [PHONE],আপনি ৩ ভরি সোনা জিতেছেন! বিস্তারিত জানতে কল করুন:,7.0
smish,"Apnar poroborthi Grameenphone recharge e BDT 2,000 discount pan.",Banglish,"Apnar poroborthi Grameenphone recharge e BDT 2,000 discount pan.","Apnar poroborthi Grameenphone recharge e BDT 2,000 discount pan.",11.0
smish,জনতা Bank থেকে urgent message। বিস্তারিত জানতে এখানে click করুন: https://t.me/JanataUrgentBot,CodeMix,জনতা Bank থেকে urgent message। বিস্তারিত জানতে এখানে click করুন: [URL],জনতা Bank থেকে urgent message। বিস্তারিত জানতে এখানে click করুন:,3.0
smish,DBBL থেকে alert: unauthorized transaction detect হয়েছে। Click http://dbbl-alert.com,CodeMix,DBBL থেকে alert: unauthorized transaction detect হয়েছে। Click [URL],DBBL থেকে alert: unauthorized transaction detect হয়েছে। Click,10.0
smish,ইংলিশ প্রিমিয়ার লিগে বাজি ধরুন এবং একটি ফ্রি হোটেল বুকিং জিতুন। এখানে ক্লিক করুন: xini.eu/00Qe,Bengali,ইংলিশ প্রিমিয়ার লিগে বাজি ধরুন এবং একটি ফ্রি হোটেল বুকিং জিতুন। এখানে ক্লিক করুন: xini.eu/00Qe,ইংলিশ প্রিমিয়ার লিগে বাজি ধরুন এবং একটি ফ্রি হোটেল বুকিং জিতুন। এখানে ক্লিক করুন: xini.eu/00Qe,6.0
smish,"Apni online e ekta khondokaloin/ful-time er chakrir jonno nirbachito hoyechen. Kaj ti khubii sohoj, kono time sima nei, kono sthaner sima nei, eta ghore boshe kora jay, doinik beton 1000-5000TK, ekta chakri khujte WhatsApp manager er sathe jogajog korun: https://wa.me/8801320862219",Banglish,"Apni online e ekta khondokaloin/ful-time er chakrir jonno nirbachito hoyechen. Kaj ti khubii sohoj, kono time sima nei, kono sthaner sima nei, eta ghore boshe kora jay, doinik beton 1000-5000TK, ekta chakri khujte WhatsApp manager er sathe jogajog korun: [URL]","Apni online e ekta khondokaloin/ful-time er chakrir jonno nirbachito hoyechen. Kaj ti khubii sohoj, kono time sima nei, kono sthaner sima nei, eta ghore boshe kora jay, doinik beton 1000-5000TK, ekta chakri khujte WhatsApp manager er sathe jogajog korun:",11.0
smish,আপনার bank account এ fraud detect হয়েছে। Click http://bank-secure.tk,CodeMix,আপনার bank account এ fraud detect হয়েছে। Click [URL],আপনার bank account এ fraud detect হয়েছে। Click,10.0
smish,"bKash account-এ ১০,০০০ টাকা জমা হয়েছে। Details জানতে এখানে click করুন: https://wa.me/8801711011123",CodeMix,"bKash account-এ ১০,০০০ টাকা জমা হয়েছে। Details জানতে এখানে click করুন: [URL]","bKash account-এ ১০,০০০ টাকা জমা হয়েছে। Details জানতে এখানে click করুন:",3.0
smish,Bkash er fraud alert: Apnar wallet unauthorized device theke login attempt kora hoyeche. Apnar taka risk e ache. Please ekhuni otp confirm korun: 54321. Verification complete na korle apnar wallet lock hoye jabe ar taka harie jete pare.,Banglish,Bkash er fraud alert: Apnar wallet unauthorized device theke login attempt kora hoyeche. Apnar taka risk e ache. Please ekhuni otp confirm korun: 54321. Verification complete na korle apnar wallet lock hoye jabe ar taka harie jete pare.,Bkash er fraud alert: Apnar wallet unauthorized device theke login attempt kora hoyeche. Apnar taka risk e ache. Please ekhuni otp confirm korun: 54321. Verification complete na korle apnar wallet lock hoye jabe ar taka harie jete pare.,4.0
smish,IPL special offer! Start betting today and win a free smartphone: phlebolog.com.ua/libraries/joomla/results.php,English,IPL special offer! Start betting today and win a free smartphone: [URL],IPL special offer! Start betting today and win a free smartphone:,6.0
smish,Apnar bank card ti obilombhe update korun. ekhane click korun: [bankcardupdate.com/UpdateBD],Banglish,Apnar bank card ti obilombhe update korun. ekhane click korun: [URL],Apnar bank card ti obilombhe update korun. ekhane click korun:,2.0
smish,"৪৯৯ টাকায় win করুন ১ লাখ টাকা, details https://laptop.vkrh.top/?ok=PKQMAHca",CodeMix,"৪৯৯ টাকায় win করুন ১ লাখ টাকা, details [URL]","৪৯৯ টাকায় win করুন ১ লাখ টাকা, details",6.0
smish,Scholarship award of 75000 BDT approved. Accept: education-scholarship.bd/accept Code: SCH4421,English,Scholarship award of 75000 BDT approved. Accept: [URL] Code: SCH4421,Scholarship award of 75000 BDT approved. Accept:  Code: SCH4421,0.0
smish,জনতা bank account block হয়েছে। পুনরায় চালু করতে call করুন: +8801815566778,CodeMix,জনতা bank account block হয়েছে। পুনরায় চালু করতে call করুন: [PHONE],জনতা bank account block হয়েছে। পুনরায় চালু করতে call করুন:,12.0
smish,আপনি ৪ ভরি সোনা জিতেছেন! বিস্তারিত জানতে কল করুন: +8801719900112,Bengali,আপনি ৪ ভরি সোনা জিতেছেন! বিস্তারিত জানতে কল করুন: [PHONE],আপনি ৪ ভরি সোনা জিতেছেন! বিস্তারিত জানতে কল করুন:,7.0
smish,Shortoktoa! Order ID #MFHK98Z SONY Alpha SLT-A55 DSLR camera er jonno AMZ-e apnar card theke $765.00 charge kora hoyeche. Batil ebong ferot pete? Amader call korun + 1844 6620 383,Banglish,Shortoktoa! Order ID #MFHK98Z SONY Alpha SLT-A55 DSLR camera er jonno AMZ-e apnar card theke $765.00 charge kora hoyeche. Batil ebong ferot pete? Amader call korun + 1844 6620 383,Shortoktoa! Order ID #MFHK98Z SONY Alpha SLT-A55 DSLR camera er jonno AMZ-e apnar card theke $765.00 charge kora hoyeche. Batil ebong ferot pete? Amader call korun + 1844 6620 383,11.0
smish,URGENT: gas bill overdue 9283 TK. Disconnection in 2 hours: secure-bd.org/verify,English,URGENT: gas bill overdue 9283 TK. Disconnection in 2 hours: [URL],URGENT: gas bill overdue 9283 TK. Disconnection in 2 hours:,0.0
smish,"Apnar credit card-ti update korun, na hole eta bondho hoye jabe. Ekhane click korun: [creditsecure.com/UpdateBD]",Banglish,"Apnar credit card-ti update korun, na hole eta bondho hoye jabe. Ekhane click korun: [URL]","Apnar credit card-ti update korun, na hole eta bondho hoye jabe. Ekhane click korun:",2.0
smish,Apnar lendenti shompurno korte ekhane click korun: [transactionverify.com/CompleteBD],Banglish,Apnar lendenti shompurno korte ekhane click korun: [URL],Apnar lendenti shompurno korte ekhane click korun:,2.0
smish,Click here to verify your mobile number: [mobileverify.com/VerifyBD],English,Click here to verify your mobile number: [URL],Click here to verify your mobile number:,5.0
smish,আপনার UCB card unusual purchase detect হয়েছে। Confirm করতে visit করুন http://ucb-alertbd.com এখনই and avoid account block।,CodeMix,আপনার UCB card unusual purchase detect হয়েছে। Confirm করতে visit করুন [URL] এখনই and avoid account block।,আপনার UCB card unusual purchase detect হয়েছে। Confirm করতে visit করুন  এখনই and avoid account block।,10.0
smish,Prime Bank warning: আপনার account suspend হতে পারে। Check now http://primebank-alert.com,CodeMix,Prime Bank warning: আপনার account suspend হতে পারে। Check now [URL],Prime Bank warning: আপনার account suspend হতে পারে। Check now,10.0
smish,Crypto trading e bishesh offer! Ekhoni login korun: http://bit.ly/CryptoDeal,Banglish,Crypto trading e bishesh offer! Ekhoni login korun: [URL],Crypto trading e bishesh offer! Ekhoni login korun:,11.0
smish,Notun sim nin ebong binamullo 50GB internet pan! click korun: https://ak76.xyz/?y=ep1669102548,Banglish,Notun sim nin ebong binamullo 50GB internet pan! click korun: [URL],Notun sim nin ebong binamullo 50GB internet pan! click korun:,11.0
smish,Bangladesh Bank থেকে emergency message। Call করুন: +8801915566778,CodeMix,Bangladesh Bank থেকে emergency message। Call করুন: [PHONE],Bangladesh Bank থেকে emergency message। Call করুন:,12.0
smish,1 ta story likhe dile 40 TK 2 ta story 80 TK 5 ta likhle 200 TK daily 6-7 ta pic dewa hobe seta dekhe dekhe likhte hobe shudhu. 😊 kaj korar sathe sathei payment paben Inshallah ad fee 50 TK ✅,Banglish,1 ta story likhe dile 40 TK 2 ta story 80 TK 5 ta likhle 200 TK daily 6-7 ta pic dewa hobe seta dekhe dekhe likhte hobe shudhu. 😊 kaj korar sathe sathei payment paben Inshallah ad fee 50 TK ✅,1 ta story likhe dile 40 TK 2 ta story 80 TK 5 ta likhle 200 TK daily 6-7 ta pic dewa hobe seta dekhe dekhe likhte hobe shudhu. 😊 kaj korar sathe sathei payment paben Inshallah ad fee 50 TK ✅,0.0
smish,Government tax refund of 15000 BDT pending. Claim at: gov-refund-bd.org Enter: NID + mobile number,English,Government tax refund of 15000 BDT pending. Claim at: [URL] Enter: NID + mobile number,Government tax refund of 15000 BDT pending. Claim at:  Enter: NID + mobile number,0.0
smish,City Bank urgent warning: Apnar internet banking unauthorized access attempt detect hoyeche. Please verify password reset now cityprotect.org. Failure hole account suspend hobe.,Banglish,City Bank urgent warning: Apnar internet banking unauthorized access attempt detect hoyeche. Please verify password reset now [URL] Failure hole account suspend hobe.,City Bank urgent warning: Apnar internet banking unauthorized access attempt detect hoyeche. Please verify password reset now  Failure hole account suspend hobe.,4.0
smish,আপনার credit card এর bill payment miss হয়েছে। এখানে click করে payment করুন: http://bit.ly/PayBill,CodeMix,আপনার credit card এর bill payment miss হয়েছে। এখানে click করে payment করুন: [URL],আপনার credit card এর bill payment miss হয়েছে। এখানে click করে payment করুন:,14.0
smish,Emergency: Apnar NID misuse hoyeche ekta online transaction e. OTP send korun immediately to +8801998877665. Failure hole taka harano jabe.,Banglish,Emergency: Apnar NID misuse hoyeche ekta online transaction e. OTP send korun immediately to [PHONE] . Failure hole taka harano jabe.,Emergency: Apnar NID misuse hoyeche ekta online transaction e. OTP send korun immediately to  . Failure hole taka harano jabe.,4.0
smish,Janata Bank account update করতে এখানে click করুন: [https://t.me/JanataUpdateBot3](https://t.me/JanataUpdateBot3),CodeMix,Janata Bank account update করতে এখানে click করুন: [ [URL],Janata Bank account update করতে এখানে click করুন: [,14.0
smish,Your NID expired/invalid. Renewal fee 5947 TK: urgent-gov.bd/verify,English,Your NID expired/invalid. Renewal fee 5947 TK: [URL],Your NID expired/invalid. Renewal fee 5947 TK:,0.0
smish,"নগদ অ্যাকাউন্টে ১০,০০০ টাকা জমা হয়েছে। বিস্তারিত জানতে এখানে ক্লিক করুন: https://t.me/NagadDepositBot",Bengali,"নগদ অ্যাকাউন্টে ১০,০০০ টাকা জমা হয়েছে। বিস্তারিত জানতে এখানে ক্লিক করুন: [URL]","নগদ অ্যাকাউন্টে ১০,০০০ টাকা জমা হয়েছে। বিস্তারিত জানতে এখানে ক্লিক করুন:",3.0
smish,আপনার phone number-টি 5000 টাকা reward জিতেছেন! Details জানতে call করুন +8801715566778,CodeMix,আপনার phone number-টি 5000 টাকা reward জিতেছেন! Details জানতে call করুন [PHONE],আপনার phone number-টি 5000 টাকা reward জিতেছেন! Details জানতে call করুন,12.0
smish,City Bank fraud team er message: Apnar credit card e fraudulent activity detect hoyeche. Apnar card protect korte ekhuni SMS korun STOP to 16222. Action na nile unauthorized withdrawal hoye jabe ar apnar taka harano jete pare.,Banglish,City Bank fraud team er message: Apnar credit card e fraudulent activity detect hoyeche. Apnar card protect korte ekhuni SMS korun STOP to 16222. Action na nile unauthorized withdrawal hoye jabe ar apnar taka harano jete pare.,City Bank fraud team er message: Apnar credit card e fraudulent activity detect hoyeche. Apnar card protect korte ekhuni SMS korun STOP to 16222. Action na nile unauthorized withdrawal hoye jabe ar apnar taka harano jete pare.,4.0
smish,Urgent police verification required. Fine avoid korte 2000TK bKash korun 01798765432 e.,Banglish,Urgent police verification required. Fine avoid korte 2000TK bKash korun [PHONE] e.,Urgent police verification required. Fine avoid korte 2000TK bKash korun  e.,0.0
smish,আপনার internet package update করতে call করুন +8801714455667,CodeMix,আপনার internet package update করতে call করুন [PHONE],আপনার internet package update করতে call করুন,12.0
smish,Bet at the casino and win a free hotel booking! Click today: phlebolog.com.ua/libraries/joomla/results.php,English,Bet at the casino and win a free hotel booking! Click today: [URL],Bet at the casino and win a free hotel booking! Click today:,6.0
smish,Mashrafir shathe free trip jitte ajei casino te baji dhorun. Click korun: xini.eu/00Qe,Banglish,Mashrafir shathe free trip jitte ajei casino te baji dhorun. Click korun: xini.eu/00Qe,Mashrafir shathe free trip jitte ajei casino te baji dhorun. Click korun: xini.eu/00Qe,11.0
smish,আপনার email box-টি full। Clear করতে এখানে click করুন: [emailclean.com/ClearBD],CodeMix,আপনার email box-টি full। Clear করতে এখানে click করুন: [URL],আপনার email box-টি full। Clear করতে এখানে click করুন:,14.0
smish,Shakib Al Hasan এর সাথে free match ticket জিততে চাইলে আজই IPL এ bet করুন। Click here: xini.eu/00Qe,CodeMix,Shakib Al Hasan এর সাথে free match ticket জিততে চাইলে আজই IPL এ bet করুন। Click here: xini.eu/00Qe,Shakib Al Hasan এর সাথে free match ticket জিততে চাইলে আজই IPL এ bet করুন। Click here: xini.eu/00Qe,6.0
smish,আপনার গ্যাস বিল বকেয়া রয়েছে। অবিলম্বে পেমেন্ট করুন। কল করুন +8801814455667,Bengali,আপনার গ্যাস বিল বকেয়া রয়েছে। অবিলম্বে পেমেন্ট করুন। কল করুন [PHONE],আপনার গ্যাস বিল বকেয়া রয়েছে। অবিলম্বে পেমেন্ট করুন। কল করুন,7.0
smish,HSBC BD cyber security team: Unauthorized login activity detected apnar profile e Singapore IP theke. To protect apnar money please reset password immediately at www.hsbcbd-update.org. Na korle apnar internet banking suspend hoye jabe.,Banglish,HSBC BD cyber security team: Unauthorized login activity detected apnar profile e Singapore IP theke. To protect apnar money please reset password immediately at [URL] Na korle apnar internet banking suspend hoye jabe.,HSBC BD cyber security team: Unauthorized login activity detected apnar profile e Singapore IP theke. To protect apnar money please reset password immediately at  Na korle apnar internet banking suspend hoye jabe.,4.0
smish,Bank security alert: Unauthorized login attempt. Secure account: bank-secure.bd/protect PIN: 5829,English,Bank security alert: Unauthorized login attempt. Secure account: [URL] PIN: 5829,Bank security alert: Unauthorized login attempt. Secure account:  PIN: 5829,4.0
smish,Congratulations! Dutch-Bangla lucky draw prize ৮ লাখ TK। Claim করতে visit করুন http://dbbl-luckydraw.com with code 9625 before ৩১ Sep,CodeMix,Congratulations! Dutch-Bangla lucky draw prize ৮ লাখ TK। Claim করতে visit করুন [URL] with code 9625 before ৩১ Sep,Congratulations! Dutch-Bangla lucky draw prize ৮ লাখ TK। Claim করতে visit করুন  with code 9625 before ৩১ Sep,0.0
smish,"Your electricity meter tampered illegally. Avoid legal action, pay fine 5200 TK: meter-fine.bd/pay",English,"Your electricity meter tampered illegally. Avoid legal action, pay fine 5200 TK: [URL]","Your electricity meter tampered illegally. Avoid legal action, pay fine 5200 TK:",0.0
smish,Tax audit penalty 31826 TK due immediately: urgent-bd.bd/urgent,English,Tax audit penalty 31826 TK due immediately: [URL],Tax audit penalty 31826 TK due immediately:,0.0
smish,Nagad account block হয়েছে। Again চালু করতে call করুন: +8801811234567,CodeMix,Nagad account block হয়েছে। Again চালু করতে call করুন: [PHONE],Nagad account block হয়েছে। Again চালু করতে call করুন:,12.0
smish,Courier service: Apnar Amazon package hold kora hoyeche. Release korte ekhuni apnar card details confirm korun amazonbd-check.net. Delay hole package return hobe.,Banglish,Courier service: Apnar Amazon package hold kora hoyeche. Release korte ekhuni apnar card details confirm korun [URL] Delay hole package return hobe.,Courier service: Apnar Amazon package hold kora hoyeche. Release korte ekhuni apnar card details confirm korun  Delay hole package return hobe.,4.0
smish,"Juktorajye nibondhito nurse hisabe ekta career toiri korun , mashik minimum soho 2 bochor er kajer visa. Prarombhik beton 3 lakh taka BSB,Dhaka Please Contact Us: 01332518402 , 01332518406",Banglish,"Juktorajye nibondhito nurse hisabe ekta career toiri korun , mashik minimum soho 2 bochor er kajer visa. Prarombhik beton 3 lakh taka BSB,Dhaka Please Contact Us: [PHONE] , [PHONE]","Juktorajye nibondhito nurse hisabe ekta career toiri korun , mashik minimum soho 2 bochor er kajer visa. Prarombhik beton 3 lakh taka BSB,Dhaka Please Contact Us:  ,",11.0
smish,আপনার credit card account update করুন। দয়া করে এখানে click করুন: http://bit.ly/CardUpdate,CodeMix,আপনার credit card account update করুন। দয়া করে এখানে click করুন: [URL],আপনার credit card account update করুন। দয়া করে এখানে click করুন:,14.0
smish,জনতা ব্যাংক অ্যাকাউন্টে সমস্যা হয়েছে। কল করুন: +8801816566678,Bengali,জনতা ব্যাংক অ্যাকাউন্টে সমস্যা হয়েছে। কল করুন: [PHONE],জনতা ব্যাংক অ্যাকাউন্টে সমস্যা হয়েছে। কল করুন:,7.0
smish,আপনার card এ unusual activity detect হয়েছে। Confirm করুন http://card-check.com,CodeMix,আপনার card এ unusual activity detect হয়েছে। Confirm করুন [URL],আপনার card এ unusual activity detect হয়েছে। Confirm করুন,10.0
smish,আপনার DBBL account এ unusual activity detect হয়েছে। Confirm now http://dbbl-alert.tk,CodeMix,আপনার DBBL account এ unusual activity detect হয়েছে। Confirm now [URL],আপনার DBBL account এ unusual activity detect হয়েছে। Confirm now,10.0
smish,আপনার number-টি prize জিতেছে। বিস্তারিত জানতে call করুন +8801718899001,CodeMix,আপনার number-টি prize জিতেছে। বিস্তারিত জানতে call করুন [PHONE],আপনার number-টি prize জিতেছে। বিস্তারিত জানতে call করুন,12.0
smish,URGENT: electricity bill overdue 15632 TK. Disconnection in 24 hours: urgent-gov.org/pay,English,URGENT: electricity bill overdue 15632 TK. Disconnection in 24 hours: [URL],URGENT: electricity bill overdue 15632 TK. Disconnection in 24 hours:,0.0
smish,"Dear Customer, 23-02-2020 tarikh e card XX diye Rs.8990 len-den hoyeche K Enterprice ds POS/ECOM theke. len-den number paoya jayni. jodi eti apnar dora na hoye thake, tobe registered mobile number theke 18604195555 e SMS preron korun.",Banglish,"Dear Customer, 23-02-2020 tarikh e card XX diye Rs.8990 len-den hoyeche K Enterprice ds POS/ECOM theke. len-den number paoya jayni. jodi eti apnar dora na hoye thake, tobe registered mobile number theke [PHONE] e SMS preron korun.","Dear Customer, 23-02-2020 tarikh e card XX diye Rs.8990 len-den hoyeche K Enterprice ds POS/ECOM theke. len-den number paoya jayni. jodi eti apnar dora na hoye thake, tobe registered mobile number theke  e SMS preron korun.",11.0
smish,Unknown transaction detected in your bank account. Click here for details: [http://bit.ly/UnknownTxn](http://bit.ly/UnknownTxn),English,Unknown transaction detected in your bank account. Click here for details: [ [URL],Unknown transaction detected in your bank account. Click here for details: [,5.0
smish,বিনামূল্যে ক্রিপ্টো পাওয়ার সুযোগ! এখানে ক্লিক করুন: http://bit.ly/FreeCrypto,Bengali,বিনামূল্যে ক্রিপ্টো পাওয়ার সুযোগ! এখানে ক্লিক করুন: [URL],বিনামূল্যে ক্রিপ্টো পাওয়ার সুযোগ! এখানে ক্লিক করুন:,14.0
smish,"100% guaranteed job opportunity abroad. No fee, just need your passport and educational qualifications. Contact: 01867546389",English,"100% guaranteed job opportunity abroad. No fee, just need your passport and educational qualifications. Contact: [PHONE]","100% guaranteed job opportunity abroad. No fee, just need your passport and educational qualifications. Contact:",0.0
smish,Casino-তে bet করুন এবং একটি free house win করুন! আজই start করুন: super1000.info/docs,CodeMix,Casino-তে bet করুন এবং একটি free house win করুন! আজই start করুন: [URL],Casino-তে bet করুন এবং একটি free house win করুন! আজই start করুন:,6.0
smish,Apni 3 bhori sona jitechen! Bistrito jante kol korun: +8801716677889,Banglish,Apni 3 bhori sona jitechen! Bistrito jante kol korun: [PHONE],Apni 3 bhori sona jitechen! Bistrito jante kol korun:,11.0
smish,Your passport application rejected. Resubmit with 1500 TK fee: passport-resubmit.bd/urgent,English,Your passport application rejected. Resubmit with 1500 TK fee: [URL],Your passport application rejected. Resubmit with 1500 TK fee:,0.0
smish,Fake scholarship: Apni Oxford University scholarship er jonno select hoyechen. Seat confirm korte 6000TK pay korte hobe. Deadline 24hr. Email details send korun oxfordbd-scholarship.org.,Banglish,Fake scholarship: Apni Oxford University scholarship er jonno select hoyechen. Seat confirm korte 6000TK pay korte hobe. Deadline 24hr. Email details send korun [URL],Fake scholarship: Apni Oxford University scholarship er jonno select hoyechen. Seat confirm korte 6000TK pay korte hobe. Deadline 24hr. Email details send korun,4.0
smish,"৮,০০০ টাকা বিনিয়োগে ২৪,০০০ টাকা পান! কল করুন: +8801919900112",Bengali,"৮,০০০ টাকা বিনিয়োগে ২৪,০০০ টাকা পান! কল করুন: [PHONE]","৮,০০০ টাকা বিনিয়োগে ২৪,০০০ টাকা পান! কল করুন:",7.0
smish,Please update your debit card immediately. Click here: [debitcardupdate.com/UpdateBD],CodeMix,Please update your debit card immediately. Click here: [URL],Please update your debit card immediately. Click here:,5.0
smish,You missed your credit card bill payment. Click here to pay: http://bit.ly/PayBill,English,You missed your credit card bill payment. Click here to pay: [URL],You missed your credit card bill payment. Click here to pay:,5.0
smish,Your bank account notifications are not being received. Please click here: http://bit.ly/UpdateNotify,English,Your bank account notifications are not being received. Please click here: [URL],Your bank account notifications are not being received. Please click here:,5.0
smish,Your property ownership documents forged. Authenticate with 22000 TK: property-auth.bd/urgent,English,Your property ownership documents forged. Authenticate with 22000 TK: [URL],Your property ownership documents forged. Authenticate with 22000 TK:,0.0
smish,Rocket system reminder: Apnar wallet limit exceed hoye geche. To unlock limit verification korte hobe. Please send apnar details rockethelp@consultant.net e.,Banglish,Rocket system reminder: Apnar wallet limit exceed hoye geche. To unlock limit verification korte hobe. Please send apnar details [URL] e.,Rocket system reminder: Apnar wallet limit exceed hoye geche. To unlock limit verification korte hobe. Please send apnar details  e.,4.0
smish,"BRAC Bank er emergency alert: Apnar account balance mismatch detected 50,000TK. Ei system error fix korte login korun: www.bracbank-fixbalance.net. Delay hole apnar taka loss hote pare permanently.",Banglish,"BRAC Bank er emergency alert: Apnar account balance mismatch detected 50,000TK. Ei system error fix korte login korun: [URL] Delay hole apnar taka loss hote pare permanently.","BRAC Bank er emergency alert: Apnar account balance mismatch detected 50,000TK. Ei system error fix korte login korun:  Delay hole apnar taka loss hote pare permanently.",4.0
smish,"Video ba call-e kotha bolte chaile click korun
https://t.co/EbXRF7TAFA?fbclid=9hIT17itA7iWLnV5aHpMh2SKDK_FREE_TO_WATCH_MY_VIDEOS_ONLY_FOR_TODAY_AND_FREE_LIVE_CAM_DATING_PRIVATE_WITH_ME_PLEASE_JOIN_ME",Banglish,Video ba call-e kotha bolte chaile click korun [URL],Video ba call-e kotha bolte chaile click korun,11.0
smish,সোনালী ব্যাংক অ্যাকাউন্টে ত্রুটি দেখা দিয়েছে। জরুরি ভিত্তিতে কল করুন: +8801711234567,Bengali,সোনালী ব্যাংক অ্যাকাউন্টে ত্রুটি দেখা দিয়েছে। জরুরি ভিত্তিতে কল করুন: [PHONE],সোনালী ব্যাংক অ্যাকাউন্টে ত্রুটি দেখা দিয়েছে। জরুরি ভিত্তিতে কল করুন:,7.0
smish,"জনতা ব্যাংক থেকে ২,০০০ টাকা পুরস্কার জিতেছেন! কল করুন: +8801714455667",Bengali,"জনতা ব্যাংক থেকে ২,০০০ টাকা পুরস্কার জিতেছেন! কল করুন: [PHONE]","জনতা ব্যাংক থেকে ২,০০০ টাকা পুরস্কার জিতেছেন! কল করুন:",7.0
smish,Apnar mobile balance recharge korte ekhane click korun: [securetopup.com/TopupBD],Banglish,Apnar mobile balance recharge korte ekhane click korun: [URL],Apnar mobile balance recharge korte ekhane click korun:,2.0
smish,Get a chance for an exclusive interview with Shakib Al Hasan by betting. Click now: ebayisapidlld.altervista.org/,English,Get a chance for an exclusive interview with Shakib Al Hasan by betting. Click now: [URL],Get a chance for an exclusive interview with Shakib Al Hasan by betting. Click now:,6.0
smish,Bet on cricket today to win Shakib's signed bat! Click here: promusic.co/components/interbank.com/,English,Bet on cricket today to win Shakib's signed bat! Click here: [URL],Bet on cricket today to win Shakib's signed bat! Click here:,6.0
smish,"জনতা ব্যাংক থেকে ২,০০০ টাকা পুরস্কার জিতেছেন! বিস্তারিত জানতে এখানে ক্লিক করুন: https://t.me/JanataPrizeBot",Bengali,"জনতা ব্যাংক থেকে ২,০০০ টাকা পুরস্কার জিতেছেন! বিস্তারিত জানতে এখানে ক্লিক করুন: [URL]","জনতা ব্যাংক থেকে ২,০০০ টাকা পুরস্কার জিতেছেন! বিস্তারিত জানতে এখানে ক্লিক করুন:",3.0
smish,Doya kore apnar cheler shomoshyar jonno taratari taka pathan.,Banglish,Doya kore apnar cheler shomoshyar jonno taratari taka pathan.,Doya kore apnar cheler shomoshyar jonno taratari taka pathan.,11.0
smish,"Ajei casino te baji dharun ebong 10,000 taka jetar shujog pan! Ekhoni jog din: smilesvoegol.servebbs.org/voegol.php",Banglish,"Ajei casino te baji dharun ebong 10,000 taka jetar shujog pan! Ekhoni jog din: [URL]","Ajei casino te baji dharun ebong 10,000 taka jetar shujog pan! Ekhoni jog din:",11.0
smish,জনতা ব্যাংক থেকে জরুরি বার্তা। বিস্তারিত জানতে এখানে ক্লিক করুন: https://t.me/JanataUrgentBot,Bengali,জনতা ব্যাংক থেকে জরুরি বার্তা। বিস্তারিত জানতে এখানে ক্লিক করুন: [URL],জনতা ব্যাংক থেকে জরুরি বার্তা। বিস্তারিত জানতে এখানে ক্লিক করুন:,3.0
smish,"15,000 টাকা investment-এ 45,000 টাকা achieve করুন! Call করুন: +8801913233345",CodeMix,"15,000 টাকা investment-এ 45,000 টাকা achieve করুন! Call করুন: [PHONE]","15,000 টাকা investment-এ 45,000 টাকা achieve করুন! Call করুন:",12.0
smish,"২০,০০০ TK investment-এ ৬০,০০০ TK পান! Call করুন: +8801916566678",CodeMix,"২০,০০০ TK investment-এ ৬০,০০০ TK পান! Call করুন: [PHONE]","২০,০০০ TK investment-এ ৬০,০০০ TK পান! Call করুন:",0.0
smish,Shakib er shathe free match ticket jitte cricket e baji dhoro! Shuru korun: promusic.co/components/interbank.com/,Banglish,Shakib er shathe free match ticket jitte cricket e baji dhoro! Shuru korun: [URL],Shakib er shathe free match ticket jitte cricket e baji dhoro! Shuru korun:,11.0
smish,আপনার ইমেল অ্যাকাউন্টে সমস্যা হয়েছে। সুরক্ষার জন্য এখানে ক্লিক করুন: [emailsecure.org/FixBD],Bengali,আপনার ইমেল অ্যাকাউন্টে সমস্যা হয়েছে। সুরক্ষার জন্য এখানে ক্লিক করুন: [URL],আপনার ইমেল অ্যাকাউন্টে সমস্যা হয়েছে। সুরক্ষার জন্য এখানে ক্লিক করুন:,14.0
smish,"Invest TK 1,00,000 and get TK 3,00,000! Call: +8801911011023",English,"Invest TK 1,00,000 and get TK 3,00,000! Call: [PHONE]","Invest TK 1,00,000 and get TK 3,00,000! Call:",0.0
smish,"প্রিয় customer, আপনার internet service বন্ধ হতে চলেছে। পুনরায় চালু করতে এখানে click করুন: www.face3b00kisp.com",CodeMix,"প্রিয় customer, আপনার internet service বন্ধ হতে চলেছে। পুনরায় চালু করতে এখানে click করুন: [URL]","প্রিয় customer, আপনার internet service বন্ধ হতে চলেছে। পুনরায় চালু করতে এখানে click করুন:",14.0
smish,bKash account blocked হয়েছে। Reactivate করতে call করুন: +8801718899001,CodeMix,bKash account blocked হয়েছে। Reactivate করতে call করুন: [PHONE],bKash account blocked হয়েছে। Reactivate করতে call করুন:,12.0
smish,"আপনার card ending in 6543 temporarily block করা হয়েছে due to unusual activity। Unblock করতে, please visit this link: http://card-unblock-bd.com",CodeMix,"আপনার card ending in 6543 temporarily block করা হয়েছে due to unusual activity। Unblock করতে, please visit this link: [URL]","আপনার card ending in 6543 temporarily block করা হয়েছে due to unusual activity। Unblock করতে, please visit this link:",10.0
smish,আপনি ৭ ভরি সোনা জিতেছেন! বিস্তারিত জানতে কল করুন: +8801719899901,Bengali,আপনি ৭ ভরি সোনা জিতেছেন! বিস্তারিত জানতে কল করুন: [PHONE],আপনি ৭ ভরি সোনা জিতেছেন! বিস্তারিত জানতে কল করুন:,7.0
smish,Bangladesh Bank account-e error দেখা দিয়েছে। Call করুন: +8801814344356,CodeMix,Bangladesh Bank account-e error দেখা দিয়েছে। Call করুন: [PHONE],Bangladesh Bank account-e error দেখা দিয়েছে। Call করুন:,12.0
smish,"TK5,000 has been deposited in Nagad account. Click here for details: https://t.me/NagadFundsBot",English,"TK5,000 has been deposited in Nagad account. Click here for details: [URL]","TK5,000 has been deposited in Nagad account. Click here for details:",5.0
smish,Apnar sonchoy digun korar sujog! Kol korun: +8801718788890,Banglish,Apnar sonchoy digun korar sujog! Kol korun: [PHONE],Apnar sonchoy digun korar sujog! Kol korun:,11.0
smish,Update your bank information. Click here: [verifybankinfo.com/UpdateBD],English,Update your bank information. Click here: [URL],Update your bank information. Click here:,5.0
smish,"Play football star and win 10,000 taka every week contact startop-offer.top",English,"Play football star and win 10,000 taka every week contact [URL]","Play football star and win 10,000 taka every week contact",6.0
smish,আপনার car insurance renew করতে call করুন +8801815566778,CodeMix,আপনার car insurance renew করতে call করুন [PHONE],আপনার car insurance renew করতে call করুন,12.0
smish,বাংলাদেশ ব্যাংক থেকে আপনার জন্য জরুরি বার্তা। কল করুন: +8801911011123,Bengali,বাংলাদেশ ব্যাংক থেকে আপনার জন্য জরুরি বার্তা। কল করুন: [PHONE],বাংলাদেশ ব্যাংক থেকে আপনার জন্য জরুরি বার্তা। কল করুন:,7.0
smish,"Priyo grahok, apnar mobile numberTi block kora hochhe. Eta erate 017XXXXXXXX number e call kore apnar porichoy nishchito korun.",Banglish,"Priyo grahok, apnar mobile numberTi block kora hochhe. Eta erate 017XX number e call kore apnar porichoy nishchito korun.","Priyo grahok, apnar mobile numberTi block kora hochhe. Eta erate 017XX number e call kore apnar porichoy nishchito korun.",11.0
smish,Your mobile number selected for government survey. Win 20000 TK: survey-prize.bd/win Code: SV7741,English,Your mobile number selected for government survey. Win 200 TK: [URL] Code: SV7741,Your mobile number selected for government survey. Win 200 TK:  Code: SV7741,0.0
smish,আপনার mobile balance recharge করতে এখানে click করুন: [securetopup.com/TopupBD],CodeMix,আপনার mobile balance recharge করতে এখানে click করুন: [URL],আপনার mobile balance recharge করতে এখানে click করুন:,14.0
smish,Bangladesh Bank account update করতে call করুন: +8801813344556,CodeMix,Bangladesh Bank account update করতে call করুন: [PHONE],Bangladesh Bank account update করতে call করুন:,12.0
smish,Bangladesh Bank থেকে urgent message. Details জানতে এখানে click করুন: https://wa.me/8801913233245,CodeMix,Bangladesh Bank থেকে urgent message. Details জানতে এখানে click করুন: [URL],Bangladesh Bank থেকে urgent message. Details জানতে এখানে click করুন:,3.0
smish,আপনার payment-টি process করতে আমাদের আপনার info প্রয়োজন। এখানে click করুন: [verifysecure.com/InfoBD],CodeMix,আপনার payment-টি process করতে আমাদের আপনার info প্রয়োজন। এখানে click করুন: [URL],আপনার payment-টি process করতে আমাদের আপনার info প্রয়োজন। এখানে click করুন:,14.0
smish,Krishok der jonno sorkar dicche panchas hajar taka porjonto bhortuki. Bhortuki pete akhonii jogajog korun 01538272734,Banglish,Krishok der jonno sorkar dicche panchas hajar taka porjonto bhortuki. Bhortuki pete akhonii jogajog korun [PHONE],Krishok der jonno sorkar dicche panchas hajar taka porjonto bhortuki. Bhortuki pete akhonii jogajog korun,11.0
smish,URGENT: আপনার BRAC Bank account block হতে চলেছে। Verify করতে এখনই click করুন http://bracsecurelogin.com before any fund loss,CodeMix,URGENT: আপনার BRAC Bank account block হতে চলেছে। Verify করতে এখনই click করুন [URL] before any fund loss,URGENT: আপনার BRAC Bank account block হতে চলেছে। Verify করতে এখনই click করুন  before any fund loss,10.0
smish,Customs duty 12000 TK for your international shipment. Pay: customs-duty.bd/pay Tracking: CS8847493,English,Customs duty 12000 TK for your international shipment. Pay: [URL] Tracking: CS8847493,Customs duty 12000 TK for your international shipment. Pay:  Tracking: CS8847493,0.0
smish,"আপনার card ending in 8765 temporarily block করা হয়েছে due to unusual activity। Unblock করতে, please visit this link: http://card-unblock-bd.com",CodeMix,"আপনার card ending in 8765 temporarily block করা হয়েছে due to unusual activity। Unblock করতে, please visit this link: [URL]","আপনার card ending in 8765 temporarily block করা হয়েছে due to unusual activity। Unblock করতে, please visit this link:",10.0
smish,"১,০০,০০০ টাকা বিনিয়োগে ২,০০,০০০ টাকা পান! কল করুন: +8801919899901",Bengali,"১,০০,০০০ টাকা বিনিয়োগে ২,০০,০০০ টাকা পান! কল করুন: [PHONE]","১,০০,০০০ টাকা বিনিয়োগে ২,০০,০০০ টাকা পান! কল করুন:",7.0
smish,"European championship e baji dhorun ar 5,000 taka cashback jitun. Shuru korun: super1000.info/docs",Banglish,"European championship e baji dhorun ar 5,000 taka cashback jitun. Shuru korun: [URL]","European championship e baji dhorun ar 5,000 taka cashback jitun. Shuru korun:",11.0
smish,Sonali Bank থেকে warning: আপনার account এ unauthorized login detect হয়েছে। Verify করুন http://secure-sonali.net,CodeMix,Sonali Bank থেকে warning: আপনার account এ unauthorized login detect হয়েছে। Verify করুন [URL],Sonali Bank থেকে warning: আপনার account এ unauthorized login detect হয়েছে। Verify করুন,10.0
smish,Nagad account block হয়েছে। Again চালু করতে এখানে click করুন: https://t.me/NagadActivateBot,CodeMix,Nagad account block হয়েছে। Again চালু করতে এখানে click করুন: [URL],Nagad account block হয়েছে। Again চালু করতে এখানে click করুন:,14.0
smish,"সোনালী ব্যাংক থেকে ১,০০০ টাকা পুরস্কার জিতেছেন! বিস্তারিত জানতে কল করুন: +8801712122134",Bengali,"সোনালী ব্যাংক থেকে ১,০০০ টাকা পুরস্কার জিতেছেন! বিস্তারিত জানতে কল করুন: [PHONE]","সোনালী ব্যাংক থেকে ১,০০০ টাকা পুরস্কার জিতেছেন! বিস্তারিত জানতে কল করুন:",7.0
smish,Hospital emergency bill 68000 TK for accident treatment. Pay immediately: hospital-emergency.bd/bill,English,Hospital emergency bill 68000 TK for accident treatment. Pay immediately: [URL],Hospital emergency bill 68000 TK for accident treatment. Pay immediately:,0.0
smish,An urgent message has come from Bangladesh Bank. Call: +8801914567890,English,An urgent message has come from Bangladesh Bank. Call: [PHONE],An urgent message has come from Bangladesh Bank. Call:,12.0
smish,Prime Bank থেকে urgent notification: account block হতে পারে। Visit http://primebank-alert.net,CodeMix,Prime Bank থেকে urgent notification: account block হতে পারে। Visit [URL],Prime Bank থেকে urgent notification: account block হতে পারে। Visit,10.0
smish,Nagad account এ TK5000 জমা হয়েছে। Click here for details: https://t.me/NagadFundsBot,CodeMix,Nagad account এ TK5000 জমা হয়েছে। Click here for details: [URL],Nagad account এ TK5000 জমা হয়েছে। Click here for details:,5.0
smish,অভিনন্দন! আপনি লটারিতে ৫ লক্ষ টাকা জিতেছেন। পুরস্কার নিতে এখনই কল করুন: +8801555666777,Bengali,অভিনন্দন! আপনি লটারিতে ৫ লক্ষ টাকা জিতেছেন। পুরস্কার নিতে এখনই কল করুন: [PHONE],অভিনন্দন! আপনি লটারিতে ৫ লক্ষ টাকা জিতেছেন। পুরস্কার নিতে এখনই কল করুন:,7.0
smish,"Apnar shamprotik Amazon kenar jonno apnake dhonnobad. Apnake $180.34 charge kora hoyeche. Jodi kono vul hoye thake, onugroho kore call korun (407)438-4356",Banglish,"Apnar shamprotik Amazon kenar jonno apnake dhonnobad. Apnake $180.34 charge kora hoyeche. Jodi kono vul hoye thake, onugroho kore call korun (407)438-4356","Apnar shamprotik Amazon kenar jonno apnake dhonnobad. Apnake $180.34 charge kora hoyeche. Jodi kono vul hoye thake, onugroho kore call korun (407)438-4356",11.0
smish,Mashrafi-র signed bat জিততে casino-তে bet করুন। এখনই join করুন: promusic.co/components/interbank.com/,CodeMix,Mashrafi-র signed bat জিততে casino-তে bet করুন। এখনই join করুন: [URL],Mashrafi-র signed bat জিততে casino-তে bet করুন। এখনই join করুন:,6.0
smish,BRAC Bank emergency alert: Apnar balance duplicate transaction er jonne at risk. Please verify ekhuni www.bracbank-protect.org. Delay hole apnar taka automatic transfer hoye jabe.,Banglish,BRAC Bank emergency alert: Apnar balance duplicate transaction er jonne at risk. Please verify ekhuni [URL] Delay hole apnar taka automatic transfer hoye jabe.,BRAC Bank emergency alert: Apnar balance duplicate transaction er jonne at risk. Please verify ekhuni  Delay hole apnar taka automatic transfer hoye jabe.,4.0
smish,"50,000 টাকা investment-এ 1,50,000 টাকা earn করুন! Call করুন: +8801717677789",CodeMix,"50,000 টাকা investment-এ 1,50,000 টাকা earn করুন! Call করুন: [PHONE]","50,000 টাকা investment-এ 1,50,000 টাকা earn করুন! Call করুন:",12.0
smish,Bank ATM card cloned. Block immediately or lose money: atm-block.bd/urgent Amount at risk: 125000 TK,English,Bank ATM card cloned. Block immediately or lose money: [URL] Amount at risk: 125000 TK,Bank ATM card cloned. Block immediately or lose money:  Amount at risk: 125000 TK,0.0
smish,Shakib er soi kora ball jitte cricket e baji din! Click korun: xini.eu/00Qe,Banglish,Shakib er soi kora ball jitte cricket e baji din! Click korun: xini.eu/00Qe,Shakib er soi kora ball jitte cricket e baji din! Click korun: xini.eu/00Qe,11.0
smish,Apni ekta global lottery te 1 crore TK win korechen. Collect korte processing fee joma korun 4500TK e-wallet number 01722779900 e. Delay hole prize expire hobe.,Banglish,Apni ekta global lottery te 1 crore TK win korechen. Collect korte processing fee joma korun 4500TK e-wallet number [PHONE] e. Delay hole prize expire hobe.,Apni ekta global lottery te 1 crore TK win korechen. Collect korte processing fee joma korun 4500TK e-wallet number  e. Delay hole prize expire hobe.,4.0
smish,Janata Bank account update করতে এখানে click করুন: [https://t.me/JanataUpdateBot2](https://t.me/JanataUpdateBot2),CodeMix,Janata Bank account update করতে এখানে click করুন: [ [URL],Janata Bank account update করতে এখানে click করুন: [,14.0
smish,বাংলাদেশ bank থেকে আপনার জন্য urgent message। call করুন: +8801911011123,CodeMix,বাংলাদেশ bank থেকে আপনার জন্য urgent message। call করুন: [PHONE],বাংলাদেশ bank থেকে আপনার জন্য urgent message। call করুন:,12.0
smish,Apnar kache Amazon theke $200 nagod mulyo royechhe 2 diner modhhe mayad shesh hobe. Amra apnake $500 porjonto paona dite pari. Ekta samprekkho shiddhant er karone gat borsho amra apnake onek beshi charge korte perechhi. Apnar swayongkriyo sonchoy prostut.,Banglish,Apnar kache Amazon theke $200 nagod mulyo royechhe 2 diner modhhe mayad shesh hobe. Amra apnake $500 porjonto paona dite pari. Ekta samprekkho shiddhant er karone gat borsho amra apnake onek beshi charge korte perechhi. Apnar swayongkriyo sonchoy prostut.,Apnar kache Amazon theke $200 nagod mulyo royechhe 2 diner modhhe mayad shesh hobe. Amra apnake $500 porjonto paona dite pari. Ekta samprekkho shiddhant er karone gat borsho amra apnake onek beshi charge korte perechhi. Apnar swayongkriyo sonchoy prostut.,4.0
smish,"To reactivate your bKash account, click here: https://wa.me/8801712122234",CodeMix,"To reactivate your bKash account, click here: [URL]","To reactivate your bKash account, click here:",5.0
smish,Win signed gloves by Mashrafe by betting at the casino. Start now: xini.eu/00Qe,English,Win signed gloves by Mashrafe by betting at the casino. Start now: xini.eu/00Qe,Win signed gloves by Mashrafe by betting at the casino. Start now: xini.eu/00Qe,6.0
smish,Bet at casino and win a free trip for 7 days! Join today: smilesvoegol.servebbs.org/voegol.php,English,Bet at casino and win a free trip for 7 days! Join today: [URL],Bet at casino and win a free trip for 7 days! Join today:,6.0
smish,"sonali bank accounte 10,000 Taka joma hoyeche. bistrito jante ekhane click korun: https://wa.me/8801817788990",Banglish,"sonali bank accounte 10,000 Taka joma hoyeche. bistrito jante ekhane click korun: [URL]","sonali bank accounte 10,000 Taka joma hoyeche. bistrito jante ekhane click korun:",2.0
smish,We need your information to process your payment. Click here: [paymentsecure.org/InfoBD],English,We need your information to process your payment. Click here: [URL],We need your information to process your payment. Click here:,5.0
smish,Update your Facebook profile. Click here: [facebookprofile.com/UpdateBD],CodeMix,Update your Facebook profile. Click here: [URL],Update your Facebook profile. Click here:,5.0
smish,URGENT: আপনার Nagad account temporary block হয়েছে। Reactivate করতে এখনই click করুন http://nagad-alertbd.com before ২৪ hours expire,CodeMix,URGENT: আপনার Nagad account temporary block হয়েছে। Reactivate করতে এখনই click করুন [URL] before ২৪ hours expire,URGENT: আপনার Nagad account temporary block হয়েছে। Reactivate করতে এখনই click করুন  before ২৪ hours expire,10.0
smish,আপনার পাসওয়ার্ডটি অবিলম্বে রিসেট করুন। এখানে ক্লিক করুন: [passwordreset.org/ResetBD],Bengali,আপনার পাসওয়ার্ডটি অবিলম্বে রিসেট করুন। এখানে ক্লিক করুন: [URL],আপনার পাসওয়ার্ডটি অবিলম্বে রিসেট করুন। এখানে ক্লিক করুন:,14.0
smish,সোনালী ব্যাংক অ্যাকাউন্টে সমস্যা হয়েছে। কল করুন: +8801818788890,Bengali,সোনালী ব্যাংক অ্যাকাউন্টে সমস্যা হয়েছে। কল করুন: [PHONE],সোনালী ব্যাংক অ্যাকাউন্টে সমস্যা হয়েছে। কল করুন:,7.0
smish,"বিলম্বে আপনার টাকা পাবেন না, দ্রুত call করুন: +8801912345678",CodeMix,"বিলম্বে আপনার টাকা পাবেন না, দ্রুত call করুন: [PHONE]","বিলম্বে আপনার টাকা পাবেন না, দ্রুত call করুন:",12.0
smish,Traffic violation camera captured your car. Pay fine 6800 TK online: camera-fine.bd/pay Violation: CAM7429,English,Traffic violation camera captured your car. Pay fine 6800 TK online: [URL] Violation: CAM7429,Traffic violation camera captured your car. Pay fine 6800 TK online:  Violation: CAM7429,0.0
smish,Bangladesh Bank account blocked. Click here to reactivate: https://wa.me/8801911011123,English,Bangladesh Bank account blocked. Click here to reactivate: [URL],Bangladesh Bank account blocked. Click here to reactivate:,5.0
smish,আপনার payment টি process করতে আমাদের আপনার information প্রয়োজন। এখানে click করুন: [paymentverify.com/VerifyBD],CodeMix,আপনার payment টি process করতে আমাদের আপনার information প্রয়োজন। এখানে click করুন: [URL],আপনার payment টি process করতে আমাদের আপনার information প্রয়োজন। এখানে click করুন:,14.0
smish,"English Premier League e baji dhorun ebong 50,000 taka jitun. Shuru korun: phlebolog.com.ua/libraries/joomla/results.php",Banglish,"English Premier League e baji dhorun ebong 50,000 taka jitun. Shuru korun: [URL]","English Premier League e baji dhorun ebong 50,000 taka jitun. Shuru korun:",11.0
smish,Apnar gari r insurance nobayon korte kol korun +8801815566778,Banglish,Apnar gari r insurance nobayon korte kol korun [PHONE],Apnar gari r insurance nobayon korte kol korun,11.0
smish,Apnar credit card-er niraptota nishchito korte ekhane click korun: http://bit.ly/SecureCard,Banglish,Apnar credit card-er niraptota nishchito korte ekhane click korun: [URL],Apnar credit card-er niraptota nishchito korte ekhane click korun:,2.0
smish,"Court summons issued for unpaid loan. Avoid arrest, settle 85000 TK: court-settlement.bd/urgent",English,"Court summons issued for unpaid loan. Avoid arrest, settle 85000 TK: [URL]","Court summons issued for unpaid loan. Avoid arrest, settle 85000 TK:",0.0
smish,আপনার BKash account এ unusual transaction detect হয়েছে। Immediate verify করুন http://bkash-alert.com,CodeMix,আপনার BKash account এ unusual transaction detect হয়েছে। Immediate verify করুন [URL],আপনার BKash account এ unusual transaction detect হয়েছে। Immediate verify করুন,10.0
smish,আপনার ক্রেডিট কার্ড সাময়িকভাবে লক করা হয়েছে। কার্ড সার্ভিস লাইন কল করুন. (786) 319- 4482,Bengali,আপনার ক্রেডিট কার্ড সাময়িকভাবে লক করা হয়েছে। কার্ড সার্ভিস লাইন কল করুন. (786) 319- 4482,আপনার ক্রেডিট কার্ড সাময়িকভাবে লক করা হয়েছে। কার্ড সার্ভিস লাইন কল করুন. (786) 319- 4482,7.0
smish,"URGENT: আপনার BRAC Bank account এ ২০,০০০ TK unauthorized withdrawal detect হয়েছে। Verify করতে click করুন http://bracsecurebd.com এবং OTP 4532 submit করুন।",CodeMix,"URGENT: আপনার BRAC Bank account এ ২০,০০০ TK unauthorized withdrawal detect হয়েছে। Verify করতে click করুন [URL] এবং OTP 4532 submit করুন।","URGENT: আপনার BRAC Bank account এ ২০,০০০ TK unauthorized withdrawal detect হয়েছে। Verify করতে click করুন  এবং OTP 4532 submit করুন।",10.0
smish,"bKash অ্যাকাউন্টে ৫,০০০ টাকা জমা হয়েছে। বিস্তারিত জানতে কল করুন: +8801810900912",Bengali,"bKash অ্যাকাউন্টে ৫,০০০ টাকা জমা হয়েছে। বিস্তারিত জানতে কল করুন: [PHONE]","bKash অ্যাকাউন্টে ৫,০০০ টাকা জমা হয়েছে। বিস্তারিত জানতে কল করুন:",7.0
smish,Bangladesh Bank থেকে urgent message। বিস্তারিত জানতে এখানে click করুন: https://wa.me/8801916677889,CodeMix,Bangladesh Bank থেকে urgent message। বিস্তারিত জানতে এখানে click করুন: [URL],Bangladesh Bank থেকে urgent message। বিস্তারিত জানতে এখানে click করুন:,3.0
smish,Bet on BPL and win a free vacation for 7 days. Click: super1000.info/docs,English,Bet on BPL and win a free vacation for 7 days. Click: [URL],Bet on BPL and win a free vacation for 7 days. Click:,6.0
smish,ALERT: Suspicious activity on your Rocket account. Verify now: rocket-security.com Code: RK7732,English,ALERT: Suspicious activity on your Rocket account. Verify now: [URL] Code: RK7732,ALERT: Suspicious activity on your Rocket account. Verify now:  Code: RK7732,10.0
smish,"NGO relief fund notice: Apnar NID selected hoyeche 15,000TK flood grant er jonno. OTP confirm korte ekhuni call korun +8801844552233. Na korle grant cancel hobe.",Banglish,"NGO relief fund notice: Apnar NID selected hoyeche 15,000TK flood grant er jonno. OTP confirm korte ekhuni call korun [PHONE] . Na korle grant cancel hobe.","NGO relief fund notice: Apnar NID selected hoyeche 15,000TK flood grant er jonno. OTP confirm korte ekhuni call korun  . Na korle grant cancel hobe.",4.0
smish,sonali bank account e truTi dekha diyechhe. joruri bhitore bistarito jante ekhane click korun: https://wa.me/8801819876543,Banglish,sonali bank account e truTi dekha diyechhe. joruri bhitore bistarito jante ekhane click korun: [URL],sonali bank account e truTi dekha diyechhe. joruri bhitore bistarito jante ekhane click korun:,2.0
smish,"Bet on the European Championship and win TK 5,000 cashback. Start: super1000.info/docs",English,"Bet on the European Championship and win TK 5,000 cashback. Start: [URL]","Bet on the European Championship and win TK 5,000 cashback. Start:",6.0
smish,URGENT: আপনার bKash account temporary block হয়েছে। Reactivate করতে click করুন http://bkashtk-verify.com এবং OTP code 4521 submit করুন।,CodeMix,URGENT: আপনার bKash account temporary block হয়েছে। Reactivate করতে click করুন [URL] এবং OTP code 4521 submit করুন।,URGENT: আপনার bKash account temporary block হয়েছে। Reactivate করতে click করুন  এবং OTP code 4521 submit করুন।,10.0
smish,Mashrafeer sathe free dinner korar sujog pete casino-te baji dhorun. Shuru korun: promusic.co/components/interbank.com/,Banglish,Mashrafeer sathe free dinner korar sujog pete casino-te baji dhorun. Shuru korun: [URL],Mashrafeer sathe free dinner korar sujog pete casino-te baji dhorun. Shuru korun:,11.0
smish,Your mobile tower shows radiation violation. Health clearance fee 2800 TK: tower-health.bd/pay,English,Your mobile tower shows radiation violation. Health clearance fee 2800 TK: [URL],Your mobile tower shows radiation violation. Health clearance fee 2800 TK:,0.0
smish,Update your bank card immediately. Click here: [bankcardupdate.com/UpdateBD],English,Update your bank card immediately. Click here: [URL],Update your bank card immediately. Click here:,5.0
smish,"University of Sydney scholarship award. Apnar naam shortlist hoyeche, kintu seat confirm korte 5000TK pay korte hobe bkash 01788223344 te. Delay hole seat cancel hobe.",Banglish,"University of Sydney scholarship award. Apnar naam shortlist hoyeche, kintu seat confirm korte 5000TK pay korte hobe bkash [PHONE] te. Delay hole seat cancel hobe.","University of Sydney scholarship award. Apnar naam shortlist hoyeche, kintu seat confirm korte 5000TK pay korte hobe bkash  te. Delay hole seat cancel hobe.",4.0
smish,Problem occurred with Sonali Bank account. Call: +8801813233245,English,Problem occurred with Sonali Bank account. Call: [PHONE],Problem occurred with Sonali Bank account. Call:,12.0
smish,Win a cricket bat signed by Shakib! Place bets on cricket! Click: xini.eu/00Qe,English,Win a cricket bat signed by Shakib! Place bets on cricket! Click: xini.eu/00Qe,Win a cricket bat signed by Shakib! Place bets on cricket! Click: xini.eu/00Qe,6.0
smish,"Customs duty notice! Foreign parcel held, pay 3000TK clearance fee.",Banglish,"Customs duty notice! Foreign parcel held, pay 3000TK clearance fee.","Customs duty notice! Foreign parcel held, pay 3000TK clearance fee.",0.0
smish,"আপনার জমি বিক্রির টাকা জমা হয়েছে, কল করুন: +8801819899901",Bengali,"আপনার জমি বিক্রির টাকা জমা হয়েছে, কল করুন: [PHONE]","আপনার জমি বিক্রির টাকা জমা হয়েছে, কল করুন:",7.0
smish,"To increase credit card limit, click here: [creditcardincrease.com/LimitBD]",CodeMix,"To increase credit card limit, click here: [URL]","To increase credit card limit, click here:",5.0
smish,বাংলাদেশ ব্যাংক অ্যাকাউন্টে ত্রুটি দেখা দিয়েছে। কল করুন: +8801819899901,Bengali,বাংলাদেশ ব্যাংক অ্যাকাউন্টে ত্রুটি দেখা দিয়েছে। কল করুন: [PHONE],বাংলাদেশ ব্যাংক অ্যাকাউন্টে ত্রুটি দেখা দিয়েছে। কল করুন:,7.0
smish,"1,00,000 টাকা investment-এ 3,00,000 টাকা পান! Call করুন: +8801911011023",CodeMix,"1,00,000 টাকা investment-এ 3,00,000 টাকা পান! Call করুন: [PHONE]","1,00,000 টাকা investment-এ 3,00,000 টাকা পান! Call করুন:",12.0
smish,নগদ অ্যাকাউন্টে ত্রুটি দেখা দিয়েছে। কল করুন: +8801812122234,Bengali,নগদ অ্যাকাউন্টে ত্রুটি দেখা দিয়েছে। কল করুন: [PHONE],নগদ অ্যাকাউন্টে ত্রুটি দেখা দিয়েছে। কল করুন:,7.0
smish,Earn TK 500–700 daily with a new SIM! Inbox for details.,English,Earn TK 500–700 daily with a new SIM! Inbox for details.,Earn TK 500–700 daily with a new SIM! Inbox for details.,0.0
smish,বাংলাদেশ ব্যাংক থেকে জরুরি বার্তা। কল করুন: +8801911011023,Bengali,বাংলাদেশ ব্যাংক থেকে জরুরি বার্তা। কল করুন: [PHONE],বাংলাদেশ ব্যাংক থেকে জরুরি বার্তা। কল করুন:,7.0
smish,Your Islamic Bank account shows unusual activity. Verify: islamibank-help.com immediately,English,Your Islamic Bank account shows unusual activity. Verify: [URL] immediately,Your Islamic Bank account shows unusual activity. Verify:  immediately,10.0
smish,Bet at the casino and win a free iPhone! Join: super1000.info/docs,English,Bet at the casino and win a free iPhone! Join: [URL],Bet at the casino and win a free iPhone! Join:,6.0
smish,আপনার password-টি reset করতে হবে। এখানে click করুন: [passwordupdate.org/ResetBD],CodeMix,আপনার password-টি reset করতে হবে। এখানে click করুন: [URL],আপনার password-টি reset করতে হবে। এখানে click করুন:,14.0
smish,Urgent message from Bangladesh Bank. Call: +8801915566778,English,Urgent message from Bangladesh Bank. Call: [PHONE],Urgent message from Bangladesh Bank. Call:,12.0
smish,আপনার savings double করার opportunity! Call করুন: +8801718788890,CodeMix,আপনার savings double করার opportunity! Call করুন: [PHONE],আপনার savings double করার opportunity! Call করুন:,12.0
smish,Your property ownership disputed. Legal fee 42183 TK: urgent-bd.org/pay,English,Your property ownership disputed. Legal fee 42183 TK: [URL],Your property ownership disputed. Legal fee 42183 TK:,0.0
smish,Change your password immediately. Click here: [passwordchange.com/ChangeBD],English,Change your password immediately. Click here: [URL],Change your password immediately. Click here:,5.0
smish,Apnar email account e shomoshya hoyeche. Shurokhar jonno ekhane click korun: [emailsecure.org/FixBD],Banglish,Apnar email account e shomoshya hoyeche. Shurokhar jonno ekhane click korun: [URL],Apnar email account e shomoshya hoyeche. Shurokhar jonno ekhane click korun:,2.0
smish,Obhinondon! Apni Dutch Bangla Bank upobriththir jonno nirbachito hoyechen. Shothikbhabe nishchayon ebong takao uttholon er niyom jante nicher link e click korun.,Banglish,Obhinondon! Apni Dutch Bangla Bank upobriththir jonno nirbachito hoyechen. Shothikbhabe nishchayon ebong takao uttholon er niyom jante nicher link e click korun.,Obhinondon! Apni Dutch Bangla Bank upobriththir jonno nirbachito hoyechen. Shothikbhabe nishchayon ebong takao uttholon er niyom jante nicher link e click korun.,11.0
smish,"Bet at the casino today and get a chance to win 10,000 taka! Join now: smilesvoegol.servebbs.org/voegol.php",English,"Bet at the casino today and get a chance to win 10,000 taka! Join now: [URL]","Bet at the casino today and get a chance to win 10,000 taka! Join now:",6.0
smish,Update your Sonali Bank account here: https://wa.me/8801812122234,English,Update your Sonali Bank account here: [URL],Update your Sonali Bank account here:,5.0
smish,"Spot admission in Cyprus/Europe in presence of representative (Mr. Pambos) 10-11 October, 100% visa guarantee, credit transfer, tuition fee only 5000 euros, BSB, Dhaka contact number: 01720577099",English,"Spot admission in Cyprus/Europe in presence of representative (Mr. Pambos) 10-11 October, 100% visa guarantee, credit transfer, tuition fee only 5000 euros, BSB, Dhaka contact number: [PHONE]","Spot admission in Cyprus/Europe in presence of representative (Mr. Pambos) 10-11 October, 100% visa guarantee, credit transfer, tuition fee only 5000 euros, BSB, Dhaka contact number:",0.0
smish,Chance to win iPhone 15! Play quiz and win now. Click: https://cutt.ly/jeo;,English,Chance to win iPhone 15! Play quiz and win now. Click: [URL],Chance to win iPhone 15! Play quiz and win now. Click:,6.0
smish,Fake medical alert: Apnar blood report abnormal detect hoyeche. Doctor consult korte ekhuni apnar NID and DOB send korun med-alert@bdsecure.net. Na korle appointment cancel hobe.,Banglish,Fake medical alert: Apnar blood report abnormal detect hoyeche. Doctor consult korte ekhuni apnar NID and DOB send korun [URL] Na korle appointment cancel hobe.,Fake medical alert: Apnar blood report abnormal detect hoyeche. Doctor consult korte ekhuni apnar NID and DOB send korun  Na korle appointment cancel hobe.,4.0
smish,Delivery agent bolchi: Apnar parcel customs e atke geche for tax clearance. Please pay 2500TK Nagad number 01788992211 te akhoni. Payment chara parcel release hobe na.,Banglish,Delivery agent bolchi: Apnar parcel customs e atke geche for tax clearance. Please pay 2500TK Nagad number [PHONE] te akhoni. Payment chara parcel release hobe na.,Delivery agent bolchi: Apnar parcel customs e atke geche for tax clearance. Please pay 2500TK Nagad number  te akhoni. Payment chara parcel release hobe na.,4.0
smish,"আপনার bank account-এ 50,000 টাকা deposit হয়েছে! Confirm করতে call করুন: +8801711234567",CodeMix,"আপনার bank account-এ 50,000 টাকা deposit হয়েছে! Confirm করতে call করুন: [PHONE]","আপনার bank account-এ 50,000 টাকা deposit হয়েছে! Confirm করতে call করুন:",12.0
smish,আপনি ৪ ভরি gold জিতেছেন! বিস্তারিত জানতে call করুন: +8801719900112,CodeMix,আপনি ৪ ভরি gold জিতেছেন! বিস্তারিত জানতে call করুন: [PHONE],আপনি ৪ ভরি gold জিতেছেন! বিস্তারিত জানতে call করুন:,12.0
smish,আপনার ব্যাংক অ্যাকাউন্টে ১০ কোটি টাকা জমা হয়েছে! নিশ্চিত করতে কল করুন: +8801913233245,Bengali,আপনার ব্যাংক অ্যাকাউন্টে ১০ কোটি টাকা জমা হয়েছে! নিশ্চিত করতে কল করুন: [PHONE],আপনার ব্যাংক অ্যাকাউন্টে ১০ কোটি টাকা জমা হয়েছে! নিশ্চিত করতে কল করুন:,7.0
smish,Your Eastern Bank savings account frozen due to suspicious activity. Unfreeze with fee 27139 TK: urgent-bd.org/verify,English,Your Eastern Bank savings account frozen due to suspicious activity. Unfreeze with fee 27139 TK: [URL],Your Eastern Bank savings account frozen due to suspicious activity. Unfreeze with fee 27139 TK:,0.0
smish,Your identity needs to be verified. Click here: [secureidentity.com/VerifyBD],English,Your identity needs to be verified. Click here: [URL],Your identity needs to be verified. Click here:,5.0
smish,Rocket account verification er jonne apnar NID number pathan ei email e: rockethelpdesk@gmail.com,Banglish,Rocket account verification er jonne apnar NID number pathan ei email e: [URL],Rocket account verification er jonne apnar NID number pathan ei email e:,4.0
smish,"Apnar CV pass hoyeche ebong apni bari theke apnar mobile phone-er madhyome kaj korte parben ebong protidin 2,000 taka paben. Ekhoni jog din: wa.me/8801865655560",Banglish,"Apnar CV pass hoyeche ebong apni bari theke apnar mobile phone-er madhyome kaj korte parben ebong protidin 2,000 taka paben. Ekhoni jog din: wa.me/ [PHONE]","Apnar CV pass hoyeche ebong apni bari theke apnar mobile phone-er madhyome kaj korte parben ebong protidin 2,000 taka paben. Ekhoni jog din: wa.me/",11.0
smish,IFIC Bank alert: Apnar credit card suspicious activity detect hoyeche. Account protect korte login korun ekhuni: ificbank-secure.org. Failure hole apnar card deactivate hoye jabe ar taka withdraw hoye jabe.,Banglish,IFIC Bank alert: Apnar credit card suspicious activity detect hoyeche. Account protect korte login korun ekhuni: [URL] Failure hole apnar card deactivate hoye jabe ar taka withdraw hoye jabe.,IFIC Bank alert: Apnar credit card suspicious activity detect hoyeche. Account protect korte login korun ekhuni:  Failure hole apnar card deactivate hoye jabe ar taka withdraw hoye jabe.,4.0
smish,"You won a 5,000 TK prize from Janata Bank! Click here for details: https://t.me/JanataCashPrizeBot",English,"You won a 5,000 TK prize from Janata Bank! Click here for details: [URL]","You won a 5,000 TK prize from Janata Bank! Click here for details:",5.0
smish,bKash অ্যাকাউন্টে ত্রুটি দেখা দিয়েছে। দ্রুত সমাধানের জন্য এখানে ক্লিক করুন: https://wa.me/8801715566778,Bengali,bKash অ্যাকাউন্টে ত্রুটি দেখা দিয়েছে। দ্রুত সমাধানের জন্য এখানে ক্লিক করুন: [URL],bKash অ্যাকাউন্টে ত্রুটি দেখা দিয়েছে। দ্রুত সমাধানের জন্য এখানে ক্লিক করুন:,14.0
smish,"City Bank: Apni lottery te 10,00,000 TK jitachen. Claim korte OTP din: 54231",Banglish,"City Bank: Apni lottery te 10,00,000 TK jitachen. Claim korte OTP din: 54231","City Bank: Apni lottery te 10,00,000 TK jitachen. Claim korte OTP din: 54231",0.0
smish,Apni 6 bhori sona jitechen! Bistrito jante kol korun: +8801716566678,Banglish,Apni 6 bhori sona jitechen! Bistrito jante kol korun: [PHONE],Apni 6 bhori sona jitechen! Bistrito jante kol korun:,11.0
smish,Nagad account block হয়েছে। পুনরায় চালু করতে এখানে click করুন: https://t.me/NagadActivateBot2,CodeMix,Nagad account block হয়েছে। পুনরায় চালু করতে এখানে click করুন: [URL],Nagad account block হয়েছে। পুনরায় চালু করতে এখানে click করুন:,14.0
smish,"Priyo beboharkari, Samajsheba Office theke apnar remittance account shamoiikbhabe sthogito kora hoyeche. Pin shoho account ti din ja punoray protikriyar jonno dewa hoyeche. Pin:23456",Banglish,"Priyo beboharkari, Samajsheba Office theke apnar remittance account shamoiikbhabe sthogito kora hoyeche. Pin shoho account ti din ja punoray protikriyar jonno dewa hoyeche. Pin:23456","Priyo beboharkari, Samajsheba Office theke apnar remittance account shamoiikbhabe sthogito kora hoyeche. Pin shoho account ti din ja punoray protikriyar jonno dewa hoyeche. Pin:23456",11.0
smish,Government tax amnesty program! Register with 10000TK or face penalty.,Banglish,Government tax amnesty program! Register with 100TK or face penalty.,Government tax amnesty program! Register with 100TK or face penalty.,0.0
smish,ekTi notun bike jetar sujog! amader joroge ongshogrohon korun www.face3b00kurl.com-e.,Banglish,ekTi notun bike jetar sujog! amader joroge ongshogrohon korun [URL],ekTi notun bike jetar sujog! amader joroge ongshogrohon korun,11.0
smish,Error detected in Nagad account. Call: +8801812122134,English,Error detected in Nagad account. Call: [PHONE],Error detected in Nagad account. Call:,12.0
smish,Flash sale! Get up to 70% off on Daraz for the next 24 hours. Click here to claim your discount: https://Daraz.com/7ty,English,Flash sale! Get up to 70% off on Daraz for the next 24 hours. Click here to claim your discount: [URL],Flash sale! Get up to 70% off on Daraz for the next 24 hours. Click here to claim your discount:,5.0
smish,আপনার একাউন্টের তথ্য আপডেট করতে কল করুন +8801712233445,Bengali,আপনার একাউন্টের তথ্য আপডেট করতে কল করুন [PHONE],আপনার একাউন্টের তথ্য আপডেট করতে কল করুন,7.0
smish,apnar bank account er nirapottar jonno login korun: [bankverify.org/LoginBD],Banglish,apnar bank account er nirapottar jonno login korun: [URL],apnar bank account er nirapottar jonno login korun:,4.0
smish,Medical emergency fund! Contribute 2000TK for cancer patient treatment.,Banglish,Medical emergency fund! Contribute 2000TK for cancer patient treatment.,Medical emergency fund! Contribute 2000TK for cancer patient treatment.,0.0
smish,Janata Bank account update করতে এখানে click করুন: https://t.me/JanataUpdateBot5,CodeMix,Janata Bank account update করতে এখানে click করুন: [URL],Janata Bank account update করতে এখানে click করুন:,14.0
smish,Bangladesh Bank notice: Apnar NID er details mismatch hoyeche banking system e. Please update now at www.bb-updateform.org. Na korle sob account freeze hobe.,Banglish,Bangladesh Bank notice: Apnar NID er details mismatch hoyeche banking system e. Please update now at [URL] Na korle sob account freeze hobe.,Bangladesh Bank notice: Apnar NID er details mismatch hoyeche banking system e. Please update now at  Na korle sob account freeze hobe.,4.0
smish,Error detected in Nagad account. Call: +8801812122234,English,Error detected in Nagad account. Call: [PHONE],Error detected in Nagad account. Call:,12.0
smish,bKash account-এ error দেখা দিয়েছে। দ্রুত solution-এর জন্য এখানে click করুন: https://wa.me/8801715566778,CodeMix,bKash account-এ error দেখা দিয়েছে। দ্রুত solution-এর জন্য এখানে click করুন: [URL],bKash account-এ error দেখা দিয়েছে। দ্রুত solution-এর জন্য এখানে click করুন:,14.0
smish,Police verification incomplete! Complete process or face arrest within 48 hours.,Banglish,Police verification incomplete! Complete process or face arrest within 48 hours.,Police verification incomplete! Complete process or face arrest within 48 hours.,0.0
smish,Sonali Bank alert! Apnar card e unauthorized use detect kora hoyeche. Call korun immediately +8801776543210,Banglish,Sonali Bank alert! Apnar card e unauthorized use detect kora hoyeche. Call korun immediately [PHONE],Sonali Bank alert! Apnar card e unauthorized use detect kora hoyeche. Call korun immediately,4.0
smish,Login here to secure your account: \[accountsecure.net/LoginBD],English,Login here to secure your account: [URL],Login here to secure your account:,5.0
smish,English Premier League e baji dhorun ar 1 koti taka jitun. Shuru korun: smilesvoegol.servebbs.org/voegol.php,Banglish,English Premier League e baji dhorun ar 1 koti taka jitun. Shuru korun: [URL],English Premier League e baji dhorun ar 1 koti taka jitun. Shuru korun:,11.0
smish,Bet at casino today and win a free trip! Join: smilesvoegol.servebbs.org/voegol.php,English,Bet at casino today and win a free trip! Join: [URL],Bet at casino today and win a free trip! Join:,6.0
smish,"""Priyo grahok, apnar internet porisheba bondho hote cholechhe. Punoray chalu korte ekhane click korun: www.face3b00kisp.com""",Banglish,"""Priyo grahok, apnar internet porisheba bondho hote cholechhe. Punoray chalu korte ekhane click korun: [URL]","""Priyo grahok, apnar internet porisheba bondho hote cholechhe. Punoray chalu korte ekhane click korun:",2.0
smish,লাকি ড্র! আপনি Honda বাইক জিতেছেন। রেজিস্ট্রেশন: honda-bike.tk,Bengali,লাকি ড্র! আপনি Honda বাইক জিতেছেন। রেজিস্ট্রেশন: honda-bike.tk,লাকি ড্র! আপনি Honda বাইক জিতেছেন। রেজিস্ট্রেশন: honda-bike.tk,0.0
smish,Bet on IPL today to get a chance to spend a day with Shakib. Start now: ebayisapidlld.altervista.org/,English,Bet on IPL today to get a chance to spend a day with Shakib. Start now: [URL],Bet on IPL today to get a chance to spend a day with Shakib. Start now:,6.0
smish,"bKash account e 10,000 taka joma hoyeche. Bistareet jante ekhane click korun: https://wa.me/8801711011123",Banglish,"bKash account e 10,000 taka joma hoyeche. Bistareet jante ekhane click korun: [URL]","bKash account e 10,000 taka joma hoyeche. Bistareet jante ekhane click korun:",2.0
smish,আপনার mobile number verify করতে এখানে click করুন: [mobileverify.com/VerifyBD],CodeMix,আপনার mobile number verify করতে এখানে click করুন: [URL],আপনার mobile number verify করতে এখানে click করুন:,14.0
smish,"priyo grahok, 8990 Taka. K Enterprice ds POS/ECOM.Txn# e 23-02-2020 tarikhe XX karde txn kora hoyeche. Apnar dwara kora hoyni, nibondhito mobile NB theke ei SMS ti forward korun. 18604195555",Banglish,"priyo grahok, 8990 Taka. K Enterprice ds POS/ECOM.Txn# e 23-02-2020 tarikhe XX karde txn kora hoyeche. Apnar dwara kora hoyni, nibondhito mobile NB theke ei SMS ti forward korun. [PHONE]","priyo grahok, 8990 Taka. K Enterprice ds POS/ECOM.Txn# e 23-02-2020 tarikhe XX karde txn kora hoyeche. Apnar dwara kora hoyni, nibondhito mobile NB theke ei SMS ti forward korun.",11.0
smish,Shakib এর sign করা gloves জিততে IPL এ bet ধরুন। এখনই click করুন: promusic.co/components/interbank.com/,CodeMix,Shakib এর sign করা gloves জিততে IPL এ bet ধরুন। এখনই click করুন: [URL],Shakib এর sign করা gloves জিততে IPL এ bet ধরুন। এখনই click করুন:,6.0
smish,Janata Bank account-এর information update করুন। বিস্তারিত জানতে এখানে click করুন: https://t.me/JanataUpdateBot,CodeMix,Janata Bank account-এর information update করুন। বিস্তারিত জানতে এখানে click করুন: [URL],Janata Bank account-এর information update করুন। বিস্তারিত জানতে এখানে click করুন:,3.0
smish,"সতর্কতা! আপনার Nagad account এ unauthorized login attempt হয়েছে। যদি এটা আপনার কাজ না হয়, reset করুন password এখনই http://nagadverify.com",CodeMix,"সতর্কতা! আপনার Nagad account এ unauthorized login attempt হয়েছে। যদি এটা আপনার কাজ না হয়, reset করুন password এখনই [URL]","সতর্কতা! আপনার Nagad account এ unauthorized login attempt হয়েছে। যদি এটা আপনার কাজ না হয়, reset করুন password এখনই",10.0
smish,আপনার Nagad account suspend হতে পারে। Confirm now http://nagad-verify.tk,CodeMix,আপনার Nagad account suspend হতে পারে। Confirm now [URL],আপনার Nagad account suspend হতে পারে। Confirm now,10.0
smish,Bank audit found irregularities in your account. Clear audit 15500 TK: bank-audit.bd/clear Account: AU8832,English,Bank audit found irregularities in your account. Clear audit 15500 TK: [URL] Account: AU8832,Bank audit found irregularities in your account. Clear audit 15500 TK:  Account: AU8832,0.0
smish,Bet at casino and win a free car! Join today: phlebolog.com.ua/libraries/joomla/results.php,English,Bet at casino and win a free car! Join today: [URL],Bet at casino and win a free car! Join today:,6.0
smish,সতর্কতা! Robi number ০১৮XXXXXX unauthorized call detect হয়েছে। Check now at http://robi-securealert.com এবং reference 4829 submit করুন,CodeMix,সতর্কতা! Robi number ০১৮XX unauthorized call detect হয়েছে। Check now at [URL] এবং reference 4829 submit করুন,সতর্কতা! Robi number ০১৮XX unauthorized call detect হয়েছে। Check now at  এবং reference 4829 submit করুন,10.0
smish,Apnar credit card block kora hoyeche. Punoray chalito korte ekhane click korun: http://bit.ly/UnblockCard,Banglish,Apnar credit card block kora hoyeche. Punoray chalito korte ekhane click korun: [URL],Apnar credit card block kora hoyeche. Punoray chalito korte ekhane click korun:,2.0
smish,Electricity board: Apnar prepaid meter e overcharge detect hoyeche. Refund pete ekhuni apnar card info submit korun ebrefunds.net. Delay hole refund expire hobe.,Banglish,Electricity board: Apnar prepaid meter e overcharge detect hoyeche. Refund pete ekhuni apnar card info submit korun [URL] Delay hole refund expire hobe.,Electricity board: Apnar prepaid meter e overcharge detect hoyeche. Refund pete ekhuni apnar card info submit korun  Delay hole refund expire hobe.,4.0
smish,Apple iPhone 18 জিতেছেন! Delivery confirm করতে call করুন: +8801810900912,CodeMix,Apple iPhone 18 জিতেছেন! Delivery confirm করতে call করুন: [PHONE],Apple iPhone 18 জিতেছেন! Delivery confirm করতে call করুন:,12.0
smish,আপনার driving license update করতে call করুন +8801815566778,CodeMix,আপনার driving license update করতে call করুন [PHONE],আপনার driving license update করতে call করুন,12.0
smish,Upobrittir 4200 taka jonno jogajog korun: 01320660547 Shikkha board,Banglish,Upobrittir 4200 taka jonno jogajog korun: [PHONE] Shikkha board,Upobrittir 4200 taka jonno jogajog korun:  Shikkha board,11.0
smish,Your land ownership disputed. Legal fee 28376 TK: secure-gov.org/urgent,English,Your land ownership disputed. Legal fee 28376 TK: [URL],Your land ownership disputed. Legal fee 28376 TK:,0.0
smish,bKash account-এ error দেখা দিয়েছে। Quick solution-এর জন্য call করুন: +8801917677789,CodeMix,bKash account-এ error দেখা দিয়েছে। Quick solution-এর জন্য call করুন: [PHONE],bKash account-এ error দেখা দিয়েছে। Quick solution-এর জন্য call করুন:,12.0
smish,বাংলাদেশ ব্যাংক অ্যাকাউন্ট আপডেট করতে কল করুন: +8801813344556,Bengali,বাংলাদেশ ব্যাংক অ্যাকাউন্ট আপডেট করতে কল করুন: [PHONE],বাংলাদেশ ব্যাংক অ্যাকাউন্ট আপডেট করতে কল করুন:,7.0
smish,Apnar email bakshTi purno. Clear korte ekhane click korun: [emailclean.com/ClearBD],Banglish,Apnar email bakshTi purno. Clear korte ekhane click korun: [URL],Apnar email bakshTi purno. Clear korte ekhane click korun:,2.0
smish,বাংলাদেশ ব্যাংক থেকে জরুরি বার্তা। কল করুন: +8801916566678,Bengali,বাংলাদেশ ব্যাংক থেকে জরুরি বার্তা। কল করুন: [PHONE],বাংলাদেশ ব্যাংক থেকে জরুরি বার্তা। কল করুন:,7.0
smish,"আপনার DBBL account থেকে ৳60,000 withdrawal detect করা হয়েছে। This is a fraudulent activity. To cancel, call করুন 16216 নম্বরে immediately।",CodeMix,"আপনার DBBL account থেকে ৳60,000 withdrawal detect করা হয়েছে। This is a fraudulent activity. To cancel, call করুন 16216 নম্বরে immediately।","আপনার DBBL account থেকে ৳60,000 withdrawal detect করা হয়েছে। This is a fraudulent activity. To cancel, call করুন 16216 নম্বরে immediately।",10.0
smish,Court order: Property seizure notice. Pay 95000 TK to stop: court-property.bd/urgent Case: CP4829,English,Court order: Property seizure notice. Pay 95000 TK to stop: [URL] Case: CP4829,Court order: Property seizure notice. Pay 95000 TK to stop:  Case: CP4829,0.0
smish,Casino-তে bet করুন এবং 100% bonus জিতুন! এখানে start করুন: super1000.info/docs,CodeMix,Casino-তে bet করুন এবং 100% bonus জিতুন! এখানে start করুন: [URL],Casino-তে bet করুন এবং 100% bonus জিতুন! এখানে start করুন:,6.0
smish,মাশরাফির signed gloves জিততে casino তে বাজি ধরুন। শুরু করুন: xini.eu/00Qe,CodeMix,মাশরাফির signed gloves জিততে casino তে বাজি ধরুন। শুরু করুন: xini.eu/00Qe,মাশরাফির signed gloves জিততে casino তে বাজি ধরুন। শুরু করুন: xini.eu/00Qe,6.0
smish,Bkash cashback: Apnar account e 3000TK cashback pending ache but claim korte ekhuni bkash-cash.net visit korte hobe. Claim chara cashback expire hobe 6hr moddhe.,Banglish,Bkash cashback: Apnar account e 3000TK cashback pending ache but claim korte ekhuni [URL] visit korte hobe. Claim chara cashback expire hobe 6hr moddhe.,Bkash cashback: Apnar account e 3000TK cashback pending ache but claim korte ekhuni  visit korte hobe. Claim chara cashback expire hobe 6hr moddhe.,4.0
smish,আপনার UCB card unusual transaction detect হয়েছে। Verify করতে visit করুন http://ucbverify.com এবং submit করুন OTP 6392,CodeMix,আপনার UCB card unusual transaction detect হয়েছে। Verify করতে visit করুন [URL] এবং submit করুন OTP 6392,আপনার UCB card unusual transaction detect হয়েছে। Verify করতে visit করুন  এবং submit করুন OTP 6392,10.0
smish,"ভিডিও বা কলে কথা বলতে চাইলে ক্লিক করুন
https://t.co/EbXRF7TAFA?fbclid=9hIT17itA7iWLnV5aHpMh2SKDK_FREE_TO_WATCH_MY_VIDEOS_ONLY_FOR_TODAY_AND_FREE_LIVE_CAM_DATING_PRIVATE_WITH_ME_PLEASE_JOIN_ME",Bengali,ভিডিও বা কলে কথা বলতে চাইলে ক্লিক করুন [URL],ভিডিও বা কলে কথা বলতে চাইলে ক্লিক করুন,7.0
smish,"Nagad account-e 5,000 TK joma hoyeche. Bistarito jante ekhane click korun: https://t.me/NagadFundsBot",Banglish,"Nagad account-e 5,000 TK joma hoyeche. Bistarito jante ekhane click korun: [URL]","Nagad account-e 5,000 TK joma hoyeche. Bistarito jante ekhane click korun:",2.0
smish,Mashrafe-এর সাথে একান্ত time কাটানোর opportunity পেতে BPL-এ bet ধরুন। Click করুন: xini.eu/00Qe,CodeMix,Mashrafe-এর সাথে একান্ত time কাটানোর opportunity পেতে BPL-এ bet ধরুন। Click করুন: xini.eu/00Qe,Mashrafe-এর সাথে একান্ত time কাটানোর opportunity পেতে BPL-এ bet ধরুন। Click করুন: xini.eu/00Qe,6.0
smish,"Ekhoni khelun ebong jite nin 10ti Xiaomi smartphone! druto korun, click: https://cutt.ly/CeoPN2O8",Banglish,"Ekhoni khelun ebong jite nin 10ti Xiaomi smartphone! druto korun, click: [URL]","Ekhoni khelun ebong jite nin 10ti Xiaomi smartphone! druto korun, click:",11.0
smish,"Prapto poriman 2.221 Bitcoin BTC ($18,421 USD) onugroho kore lendenon nishchito korun: http://bit.do/Coinbase432194-53242",Banglish,"Prapto poriman 2.221 Bitcoin BTC ($18,421 USD) onugroho kore lendenon nishchito korun: [URL]","Prapto poriman 2.221 Bitcoin BTC ($18,421 USD) onugroho kore lendenon nishchito korun:",11.0
smish,IPL special offer! Betting shuru korun ebong ekti free laptop jitun. Click korun: super1000.info/docs,Banglish,IPL special offer! Betting shuru korun ebong ekti free laptop jitun. Click korun: [URL],IPL special offer! Betting shuru korun ebong ekti free laptop jitun. Click korun:,11.0
smish,"আপনার DBBL account থেকে ৳55,000 withdrawal detect করা হয়েছে। This is a fraudulent transaction. To cancel, call করুন 16216 immediately।",CodeMix,"আপনার DBBL account থেকে ৳55,000 withdrawal detect করা হয়েছে। This is a fraudulent transaction. To cancel, call করুন 16216 immediately।","আপনার DBBL account থেকে ৳55,000 withdrawal detect করা হয়েছে। This is a fraudulent transaction. To cancel, call করুন 16216 immediately।",10.0
smish,Apnra chakrir abedona monjura hayeche ebam betana protidin 3000 taka. Jogjoger tathyo: https://wa.me/8801929757090,Banglish,Apnra chakrir abedona monjura hayeche ebam betana protidin 3000 taka. Jogjoger tathyo: [URL],Apnra chakrir abedona monjura hayeche ebam betana protidin 3000 taka. Jogjoger tathyo:,11.0
smish,Apni ekta joruri barta peyechen. Eta dekhte ekhane click korun: [urgentmsg.net/MessageBD],Banglish,Apni ekta joruri barta peyechen. Eta dekhte ekhane click korun: [URL],Apni ekta joruri barta peyechen. Eta dekhte ekhane click korun:,2.0
smish,"২০০ TK free bonus!
৫০০০TK জেতার chance।
https://cutt.ly/JiliG",CodeMix,২০০ TK free bonus! ৫০০০TK জেতার chance। [URL],২০০ TK free bonus! ৫০০০TK জেতার chance।,0.0
smish,"BPL baji dhoro ebong 10,000 taka cashback jitun. Shuru korun: phlebolog.com.ua/libraries/joomla/results.php",Banglish,"BPL baji dhoro ebong 10,000 taka cashback jitun. Shuru korun: [URL]","BPL baji dhoro ebong 10,000 taka cashback jitun. Shuru korun:",11.0
smish,EBL security alert! Fraud attempt detect kora hoyeche. Account unlock korte SMS reply korun: UNLOCK,Banglish,EBL security alert! Fraud attempt detect kora hoyeche. Account unlock korte SMS reply korun: UNLOCK,EBL security alert! Fraud attempt detect kora hoyeche. Account unlock korte SMS reply korun: UNLOCK,4.0
smish,Apple iPhone 15 win করেছেন! Delivery confirm করতে call করুন: +8801811011123,CodeMix,Apple iPhone 15 win করেছেন! Delivery confirm করতে call করুন: [PHONE],Apple iPhone 15 win করেছেন! Delivery confirm করতে call করুন:,12.0
smish,Your vehicle registration expired. Renew online with 1200 TK fine: vehicle-reg.bd/renew,English,Your vehicle registration expired. Renew online with 1200 TK fine: [URL],Your vehicle registration expired. Renew online with 1200 TK fine:,0.0
smish,"HSBC Bangladesh fraud notice: Apnar internet banking access multiple failed attempts detect kora hoise. Ei activity suspicious, apnar account temporarily suspend. Kindly update password ekhuni: www.hsbcbd-update.org. Delay hole account close hoye jabe.",Banglish,"HSBC Bangladesh fraud notice: Apnar internet banking access multiple failed attempts detect kora hoise. Ei activity suspicious, apnar account temporarily suspend. Kindly update password ekhuni: [URL] Delay hole account close hoye jabe.","HSBC Bangladesh fraud notice: Apnar internet banking access multiple failed attempts detect kora hoise. Ei activity suspicious, apnar account temporarily suspend. Kindly update password ekhuni:  Delay hole account close hoye jabe.",4.0
smish,আপনার bank account এ unusual transfer detect হয়েছে। Click http://bank-alert.tk,CodeMix,আপনার bank account এ unusual transfer detect হয়েছে। Click [URL],আপনার bank account এ unusual transfer detect হয়েছে। Click,10.0
smish,"10,000 TK has been deposited in Nagad account. Click here for details: https://t.me/NagadDepositBot",English,"10,000 TK has been deposited in Nagad account. Click here for details: [URL]","10,000 TK has been deposited in Nagad account. Click here for details:",5.0
smish,Apnar Islami Bank e kisu problem hoyeche. Resolve korte OTP send korun: 99384,Banglish,Apnar Islami Bank e kisu problem hoyeche. Resolve korte OTP send korun: 99384,Apnar Islami Bank e kisu problem hoyeche. Resolve korte OTP send korun: 99384,4.0
smish,"50,000 টাকা investment-এ 1,00,000 টাকা পান! Call করুন: +8801918788890",CodeMix,"50,000 টাকা investment-এ 1,00,000 টাকা পান! Call করুন: [PHONE]","50,000 টাকা investment-এ 1,00,000 টাকা পান! Call করুন:",12.0
smish,"আপনার DBBL account থেকে ৳25,000 withdrawal detect করা হয়েছে। This is a fraudulent activity. To cancel, কল করুন 16216 নম্বরে immediately।",CodeMix,"আপনার DBBL account থেকে ৳25,000 withdrawal detect করা হয়েছে। This is a fraudulent activity. To cancel, কল করুন 16216 নম্বরে immediately।","আপনার DBBL account থেকে ৳25,000 withdrawal detect করা হয়েছে। This is a fraudulent activity. To cancel, কল করুন 16216 নম্বরে immediately।",10.0
smish,Security breach in Facebook account. Fix with 16241 TK: secure-bd.bd/pay,English,Security breach in Facebook account. Fix with 16241 TK: [URL],Security breach in Facebook account. Fix with 16241 TK:,0.0
smish,Abhinondon! Apni 1 koti taka lottery jitechen. Apnar puraskar songroho korte amader sathe jogajog korun. Jogajog: 01567546390,Banglish,Abhinondon! Apni 1 koti taka lottery jitechen. Apnar puraskar songroho korte amader sathe jogajog korun. Jogajog: [PHONE],Abhinondon! Apni 1 koti taka lottery jitechen. Apnar puraskar songroho korte amader sathe jogajog korun. Jogajog:,11.0
smish,BRAC Bank urgent: Apnar balance mismatch detected between main account and sub ledger. Ei error resolve korte login korun immediately www.bracbank-fix.org. Verification chara apnar account freeze hoye jabe.,Banglish,BRAC Bank urgent: Apnar balance mismatch detected between main account and sub ledger. Ei error resolve korte login korun immediately [URL] Verification chara apnar account freeze hoye jabe.,BRAC Bank urgent: Apnar balance mismatch detected between main account and sub ledger. Ei error resolve korte login korun immediately  Verification chara apnar account freeze hoye jabe.,4.0
smish,Your mobile banking transaction flagged as suspicious. Clear with investigation fee 4200 TK: suspicious-clear.bd/urgent,English,Your mobile banking transaction flagged as suspicious. Clear with investigation fee 4200 TK: [URL],Your mobile banking transaction flagged as suspicious. Clear with investigation fee 4200 TK:,0.0
smish,"২,০০০ টাকা বিনিয়োগ করুন এবং ৫ মিনিটে ৪,০০০ টাকা পান! কল করুন: +8801714567890",Bengali,"২,০০০ টাকা বিনিয়োগ করুন এবং ৫ মিনিটে ৪,০০০ টাকা পান! কল করুন: [PHONE]","২,০০০ টাকা বিনিয়োগ করুন এবং ৫ মিনিটে ৪,০০০ টাকা পান! কল করুন:",7.0
smish,Get a chance to have free dinner with Mashrafe by betting at the casino. Start: promusic.co/components/interbank.com/,English,Get a chance to have free dinner with Mashrafe by betting at the casino. Start: [URL],Get a chance to have free dinner with Mashrafe by betting at the casino. Start:,6.0
smish,বাংলাদেশ ব্যাংক অ্যাকাউন্টে ত্রুটি দেখা দিয়েছে। কল করুন: +8801814344456,Bengali,বাংলাদেশ ব্যাংক অ্যাকাউন্টে ত্রুটি দেখা দিয়েছে। কল করুন: [PHONE],বাংলাদেশ ব্যাংক অ্যাকাউন্টে ত্রুটি দেখা দিয়েছে। কল করুন:,7.0
smish,Bangladesh Bank থেকে important message। Emergency basis-এ call করুন: +8801812345678,CodeMix,Bangladesh Bank থেকে important message। Emergency basis-এ call করুন: [PHONE],Bangladesh Bank থেকে important message। Emergency basis-এ call করুন:,12.0
smish,"⏩New website [PROFITSHOP24]
▶️Registration fee 15 TK
▶️ Registration link: inbox.
🌟 Work is:
Watching YouTube videos, or following a Facebook page, you can earn 1-3 TK.🔥😱
👉You can withdraw with just 35 TK 👈",English,"⏩New website [PROFITSHOP24] ▶️Registration fee 15 TK ▶️ Registration link: inbox. 🌟 Work is: Watching YouTube videos, or following a Facebook page, you can earn 1-3 TK.🔥😱 👉You can withdraw with just 35 TK 👈","⏩New website [PROFITSHOP24] ▶️Registration fee 15 TK ▶️ Registration link: inbox. 🌟 Work is: Watching YouTube videos, or following a Facebook page, you can earn 1-3 TK.🔥😱 👉You can withdraw with just 35 TK 👈",0.0
smish,Nogod account block হয়েছে। পুনরায় active করতে call করুন: +8801716566678,CodeMix,Nogod account block হয়েছে। পুনরায় active করতে call করুন: [PHONE],Nogod account block হয়েছে। পুনরায় active করতে call করুন:,12.0
smish,bKash account punoray chalu korte ekhane click korun: https://wa.me/8801712122234,Banglish,bKash account punoray chalu korte ekhane click korun: [URL],bKash account punoray chalu korte ekhane click korun:,2.0
smish,আপনার OTP কোডটি কারো সাথে share করবেন না! A suspicious login attempt আপনার account এ করা হয়েছে from Dhaka। Report now to prevent account access।,CodeMix,আপনার OTP কোডটি কারো সাথে share করবেন না! A suspicious login attempt আপনার account এ করা হয়েছে from Dhaka। Report now to prevent account access।,আপনার OTP কোডটি কারো সাথে share করবেন না! A suspicious login attempt আপনার account এ করা হয়েছে from Dhaka। Report now to prevent account access।,10.0
smish,Your mobile banking limit exceeded illegally. Normalize with 3500 TK fee: banking-limit.bd/urgent,English,Your mobile banking limit exceeded illegally. Normalize with 3500 TK fee: [URL],Your mobile banking limit exceeded illegally. Normalize with 3500 TK fee:,0.0
smish,আপনার ইন্টারনেট প্যাকেজ আপডেট করতে কল করুন +8801714455667,Bengali,আপনার ইন্টারনেট প্যাকেজ আপডেট করতে কল করুন [PHONE],আপনার ইন্টারনেট প্যাকেজ আপডেট করতে কল করুন,7.0
smish,আপনার জন্য 8500 free। এটি এখানে receive করুন: https://cutt.ly/betvi,CodeMix,আপনার জন্য 8500 free। এটি এখানে receive করুন: [URL],আপনার জন্য 8500 free। এটি এখানে receive করুন:,14.0
smish,আপনার মোবাইল নম্বর lucky draw এ নির্বাচিত হয়েছে। ১০ লক্ষ টাকা জিতেছেন! কল করুন: 01833445566,Bengali,আপনার মোবাইল নম্বর lucky draw এ নির্বাচিত হয়েছে। ১০ লক্ষ টাকা জিতেছেন! কল করুন: [PHONE],আপনার মোবাইল নম্বর lucky draw এ নির্বাচিত হয়েছে। ১০ লক্ষ টাকা জিতেছেন! কল করুন:,7.0
smish,"আপনার জমি selling-এর টাকা জমা হয়েছে, call করুন: +8801816566678",CodeMix,"আপনার জমি selling-এর টাকা জমা হয়েছে, call করুন: [PHONE]","আপনার জমি selling-এর টাকা জমা হয়েছে, call করুন:",12.0
smish,"Mohaan shadhiinota dibosher shubhecha. Bishwosto o smart banking shebay 24/7 Sonali Bank apnar pashe.
Mo: Afzal Karim
CEO and MD",Banglish,Mohaan shadhiinota dibosher shubhecha. Bishwosto o smart banking shebay 24/7 Sonali Bank apnar pashe. Mo: Afzal Karim CEO and MD,Mohaan shadhiinota dibosher shubhecha. Bishwosto o smart banking shebay 24/7 Sonali Bank apnar pashe. Mo: Afzal Karim CEO and MD,4.0
smish,Congratulations! আপনি ৩ লাখ TK lucky draw prize জিতেছেন। Claim করতে visit করুন http://bd-lottery.net with code 9867,CodeMix,Congratulations! আপনি ৩ লাখ TK lucky draw prize জিতেছেন। Claim করতে visit করুন [URL] with code 9867,Congratulations! আপনি ৩ লাখ TK lucky draw prize জিতেছেন। Claim করতে visit করুন  with code 9867,0.0
smish,"আজই IPL-এ bet করুন এবং ১০,০০০ টাকা cashback win করুন। Start করুন: promusic.co/components/interbank.com/",CodeMix,"আজই IPL-এ bet করুন এবং ১০,০০০ টাকা cashback win করুন। Start করুন: [URL]","আজই IPL-এ bet করুন এবং ১০,০০০ টাকা cashback win করুন। Start করুন:",6.0
smish,Bet on IPL today to get a chance to have lunch with Shakib. Start: ebayisapidlld.altervista.org/,English,Bet on IPL today to get a chance to have lunch with Shakib. Start: [URL],Bet on IPL today to get a chance to have lunch with Shakib. Start:,6.0
smish,bKash অ্যাকাউন্টে ত্রুটি দেখা দিয়েছে। দ্রুত সমাধানের জন্য কল করুন: +8801713344556,Bengali,bKash অ্যাকাউন্টে ত্রুটি দেখা দিয়েছে। দ্রুত সমাধানের জন্য কল করুন: [PHONE],bKash অ্যাকাউন্টে ত্রুটি দেখা দিয়েছে। দ্রুত সমাধানের জন্য কল করুন:,7.0
smish,COVID-19 vaccination certificate download fee 200 TK. Get yours: covid-cert-bd.org/download,English,COVID-19 vaccination certificate download fee 200 TK. Get yours: [URL],COVID-19 vaccination certificate download fee 200 TK. Get yours:,0.0
smish,"আপনার জমি বিক্রির টাকা জমা হয়েছে, কল করুন: +8801816566678",Bengali,"আপনার জমি বিক্রির টাকা জমা হয়েছে, কল করুন: [PHONE]","আপনার জমি বিক্রির টাকা জমা হয়েছে, কল করুন:",7.0
smish,আপনার bKash অ্যাকাউন্ট ব্লক হয়েছে। পুনরায় সক্রিয় করতে কল করুন: +8801819876543,Bengali,আপনার bKash অ্যাকাউন্ট ব্লক হয়েছে। পুনরায় সক্রিয় করতে কল করুন: [PHONE],আপনার bKash অ্যাকাউন্ট ব্লক হয়েছে। পুনরায় সক্রিয় করতে কল করুন:,7.0
smish,Apnar DBBL account e suspicious transaction hoyeche. Verify korte login korun: http://dbbl-secure.com,Banglish,Apnar DBBL account e suspicious transaction hoyeche. Verify korte login korun: [URL],Apnar DBBL account e suspicious transaction hoyeche. Verify korte login korun:,4.0
smish,There's a problem with your email account. Click here for security: [emailsecure.org/FixBD],English,There's a problem with your email account. Click here for security: [URL],There's a problem with your email account. Click here for security:,5.0
smish,"আপনার card ending in 9876 temporarily block করা হয়েছে due to unusual activity। Unblock করতে, please visit this link: http://card-unblock-bd.com",CodeMix,"আপনার card ending in 9876 temporarily block করা হয়েছে due to unusual activity। Unblock করতে, please visit this link: [URL]","আপনার card ending in 9876 temporarily block করা হয়েছে due to unusual activity। Unblock করতে, please visit this link:",10.0
smish,"Bet on IPL today and win 10,000 taka cashback. Start: promusic.co/components/interbank.com/",English,"Bet on IPL today and win 10,000 taka cashback. Start: [URL]","Bet on IPL today and win 10,000 taka cashback. Start:",6.0
smish,"Janata Bank থেকে ২,০০০ টাকা prize জিতেছেন! বিস্তারিত জানতে এখানে click করুন: https://t.me/JanataPrizeBot",CodeMix,"Janata Bank থেকে ২,০০০ টাকা prize জিতেছেন! বিস্তারিত জানতে এখানে click করুন: [URL]","Janata Bank থেকে ২,০০০ টাকা prize জিতেছেন! বিস্তারিত জানতে এখানে click করুন:",3.0
smish,আপনার transaction-টি সম্পূর্ণ করতে এখানে click করুন: [transactionverify.com/CompleteBD],CodeMix,আপনার transaction-টি সম্পূর্ণ করতে এখানে click করুন: [URL],আপনার transaction-টি সম্পূর্ণ করতে এখানে click করুন:,14.0
smish,Court summons issued. Settle 36451 TK to avoid arrest: emergency-bd.org/pay,English,Court summons issued. Settle 36451 TK to avoid arrest: [URL],Court summons issued. Settle 36451 TK to avoid arrest:,0.0
smish,IFIC Bank final warning: Apnar credit card verification update hoy nai. OTP confirm korte ekhuni reply korun. Failure hole apnar card deactivate hoye jabe ar taka at risk hobe.,Banglish,IFIC Bank final warning: Apnar credit card verification update hoy nai. OTP confirm korte ekhuni reply korun. Failure hole apnar card deactivate hoye jabe ar taka at risk hobe.,IFIC Bank final warning: Apnar credit card verification update hoy nai. OTP confirm korte ekhuni reply korun. Failure hole apnar card deactivate hoye jabe ar taka at risk hobe.,4.0
smish,আপনার mobile number-টি iPhone জিতেছে! Prize পেতে call করুন +8801813344556,CodeMix,আপনার mobile number-টি iPhone জিতেছে! Prize পেতে call করুন [PHONE],আপনার mobile number-টি iPhone জিতেছে! Prize পেতে call করুন,12.0
smish,আপনার savings double করার chance! Call করুন: +8801712122234,CodeMix,আপনার savings double করার chance! Call করুন: [PHONE],আপনার savings double করার chance! Call করুন:,12.0
smish,Bangladesh Bank account-এ error দেখা দিয়েছে। Details জানতে এখানে click করুন: https://wa.me/8801918899001,CodeMix,Bangladesh Bank account-এ error দেখা দিয়েছে। Details জানতে এখানে click করুন: [URL],Bangladesh Bank account-এ error দেখা দিয়েছে। Details জানতে এখানে click করুন:,3.0
smish,Alert! আপনার Nagad account unauthorized login detect হয়েছে। Reset password এখনই: http://nagad-securebd.com এবং login attempt verify করুন।,CodeMix,Alert! আপনার Nagad account unauthorized login detect হয়েছে। Reset password এখনই: [URL] এবং login attempt verify করুন।,Alert! আপনার Nagad account unauthorized login detect হয়েছে। Reset password এখনই:  এবং login attempt verify করুন।,10.0
smish,Bangladesh Bank central system er notice: Apnar all accounts verification pending. Please confirm apnar NID with DOB within 6hr at www.bb-update.com. Failure hole sob account freeze hobe.,Banglish,Bangladesh Bank central system er notice: Apnar all accounts verification pending. Please confirm apnar NID with DOB within 6hr at [URL] Failure hole sob account freeze hobe.,Bangladesh Bank central system er notice: Apnar all accounts verification pending. Please confirm apnar NID with DOB within 6hr at  Failure hole sob account freeze hobe.,4.0
smish,অ্যাপল আইফোন ১৮ জিতেছেন! ডেলিভারি নিশ্চিত করতে কল করুন: +8801810900912,Bengali,অ্যাপল আইফোন ১৮ জিতেছেন! ডেলিভারি নিশ্চিত করতে কল করুন: [PHONE],অ্যাপল আইফোন ১৮ জিতেছেন! ডেলিভারি নিশ্চিত করতে কল করুন:,7.0
smish,Apnar Facebook account ti update korun. Ekhane click korun: [facebookupdate.com/UpdateBD],Banglish,Apnar Facebook account ti update korun. Ekhane click korun: [URL],Apnar Facebook account ti update korun. Ekhane click korun:,2.0
smish,আপনার অ্যাকাউন্টটি সাময়িকভাবে নিষ্ক্রিয় করা হয়েছে। সক্রিয় করতে এখানে ক্লিক করুন: [accountactivate.com/ActivateBD],Bengali,আপনার অ্যাকাউন্টটি সাময়িকভাবে নিষ্ক্রিয় করা হয়েছে। সক্রিয় করতে এখানে ক্লিক করুন: [URL],আপনার অ্যাকাউন্টটি সাময়িকভাবে নিষ্ক্রিয় করা হয়েছে। সক্রিয় করতে এখানে ক্লিক করুন:,14.0
smish,Bet on football and win a luxury car. Click here: phlebolog.com.ua/libraries/joomla/results.php,CodeMix,Bet on football and win a luxury car. Click here: [URL],Bet on football and win a luxury car. Click here:,6.0
smish,আপনার ইমেল ঠিকানাটি যাচাই করতে এখানে ক্লিক করুন: [emailverify.com/VerifyBD],Bengali,আপনার ইমেল ঠিকানাটি যাচাই করতে এখানে ক্লিক করুন: [URL],আপনার ইমেল ঠিকানাটি যাচাই করতে এখানে ক্লিক করুন:,14.0
smish,আপনার DBBL কার্ড স্থগিত হয়েছে। পুনরায় চালু করতে +8801990008899 নম্বরে কল করুন এবং পিন কোড দিন।,Bengali,আপনার DBBL কার্ড স্থগিত হয়েছে। পুনরায় চালু করতে [PHONE] নম্বরে কল করুন এবং পিন কোড দিন।,আপনার DBBL কার্ড স্থগিত হয়েছে। পুনরায় চালু করতে  নম্বরে কল করুন এবং পিন কোড দিন।,7.0
smish,ক্যাসিনোতে বেট করুন এবং ১০০% বোনাস জিতুন! এখানে শুরু করুন: super1000.info/docs,Bengali,ক্যাসিনোতে বেট করুন এবং ১০০% বোনাস জিতুন! এখানে শুরু করুন: [URL],ক্যাসিনোতে বেট করুন এবং ১০০% বোনাস জিতুন! এখানে শুরু করুন:,14.0
smish,আপনার সিম কার্ড পুনরায় সক্রিয় করতে কল করুন +8801915566778,Bengali,আপনার সিম কার্ড পুনরায় সক্রিয় করতে কল করুন [PHONE],আপনার সিম কার্ড পুনরায় সক্রিয় করতে কল করুন,7.0
smish,Bet at casino today and win a new car! Click: ebayisapidlld.altervista.org/,English,Bet at casino today and win a new car! Click: [URL],Bet at casino today and win a new car! Click:,6.0
smish,Your land record shows ownership dispute. Legal settlement 65000 TK: land-dispute.bd/settle,English,Your land record shows ownership dispute. Legal settlement 65000 TK: [URL],Your land record shows ownership dispute. Legal settlement 65000 TK:,0.0
smish,apnar bank accounte ajana lenden shonakto kora hoyeche. bistrito jante ekhane click korun: http://bit.ly/UnknownTxn,Banglish,apnar bank accounte ajana lenden shonakto kora hoyeche. bistrito jante ekhane click korun: [URL],apnar bank accounte ajana lenden shonakto kora hoyeche. bistrito jante ekhane click korun:,2.0
smish,"Microsoft license expired hoye geche. Jate apnar computer lock na hoy, ekhuni apnar debit card info submit korun update-microsoftbd.org e.",Banglish,"Microsoft license expired hoye geche. Jate apnar computer lock na hoy, ekhuni apnar debit card info submit korun [URL] e.","Microsoft license expired hoye geche. Jate apnar computer lock na hoy, ekhuni apnar debit card info submit korun  e.",4.0
smish,Mashrafi r shathe ekanto shakkhater sujog pete BPL e baji dhorun. Ekhoni click korun: promusic.co/components/interbank.com/,Banglish,Mashrafi r shathe ekanto shakkhater sujog pete BPL e baji dhorun. Ekhoni click korun: [URL],Mashrafi r shathe ekanto shakkhater sujog pete BPL e baji dhorun. Ekhoni click korun:,11.0
smish,Click here to update Bangladesh Bank account: https://wa.me/8801914567890,English,Click here to update Bangladesh Bank account: [URL],Click here to update Bangladesh Bank account:,5.0
smish,Your son arrested for traffic violation. Bail amount 25000 TK immediately: traffic-bail.bd/urgent,English,Your son arrested for traffic violation. Bail amount 25000 TK immediately: [URL],Your son arrested for traffic violation. Bail amount 25000 TK immediately:,0.0
smish,"Uddipon. Post Name: FPO & Branch Accountant. Your Exam Date: 04/05/24 (Saturday). Time: 09:00 AM (sokal). sthan: Sylhet zone office. Sathe dui copy passport size er chobi, CV, manual chakrir abedon (Banglay), chakri prothir referral form (jodi thake), NID er photocopy, mul sonadpotro er photocopy sothayito o mul sonadpotro sathe nie ashben. Uddipon Sylhet zoner thikana: Bari nam: Shobhashrom, bari number: 2/1, J block, Shahjalal uposhohor main road, Baitul Jannat Jame mosque er biporite. Khelar math er songlogno/upo police commissioner office er kache. Proyojone: 01322-80 3512. Abedon korben evabe, Borobor, Upo-nirbok o prodhan manushshompod o byabosthapona bibhag, Uddipon prodhan karkhana, Ring Road, Adabor Dhaka 1207.",Banglish,"Uddipon. Post Name: FPO & Branch Accountant. Your Exam Date: 04/05/24 (Saturday). Time: 09:00 AM (sokal). sthan: Sylhet zone office. Sathe dui copy passport size er chobi, CV, manual chakrir abedon (Banglay), chakri prothir referral form (jodi thake), NID er photocopy, mul sonadpotro er photocopy sothayito o mul sonadpotro sathe nie ashben. Uddipon Sylhet zoner thikana: Bari nam: Shobhashrom, bari number: 2/1, J block, Shahjalal uposhohor main road, Baitul Jannat Jame mosque er biporite. Khelar math er songlogno/upo police commissioner office er kache. Proyojone: 01322-80 3512. Abedon korben evabe, Borobor, Upo-nirbok o prodhan manushshompod o byabosthapona bibhag, Uddipon prodhan karkhana, Ring Road, Adabor Dhaka 1207.","Uddipon. Post Name: FPO & Branch Accountant. Your Exam Date: 04/05/24 (Saturday). Time: 09:00 AM (sokal). sthan: Sylhet zone office. Sathe dui copy passport size er chobi, CV, manual chakrir abedon (Banglay), chakri prothir referral form (jodi thake), NID er photocopy, mul sonadpotro er photocopy sothayito o mul sonadpotro sathe nie ashben. Uddipon Sylhet zoner thikana: Bari nam: Shobhashrom, bari number: 2/1, J block, Shahjalal uposhohor main road, Baitul Jannat Jame mosque er biporite. Khelar math er songlogno/upo police commissioner office er kache. Proyojone: 01322-80 3512. Abedon korben evabe, Borobor, Upo-nirbok o prodhan manushshompod o byabosthapona bibhag, Uddipon prodhan karkhana, Ring Road, Adabor Dhaka 1207.",11.0
smish,URGENT: আপনার BRAC Bank account block হতে চলেছে। Verify করতে এখনই click করুন http://bracsecurelogin.com before any fund loss।,CodeMix,URGENT: আপনার BRAC Bank account block হতে চলেছে। Verify করতে এখনই click করুন [URL] before any fund loss।,URGENT: আপনার BRAC Bank account block হতে চলেছে। Verify করতে এখনই click করুন  before any fund loss।,10.0
smish,Emergency medical fund needed for accident victim. Donate 1000 TK: emergency-medical.bd/donate,English,Emergency medical fund needed for accident victim. Donate 1000 TK: [URL],Emergency medical fund needed for accident victim. Donate 1000 TK:,0.0
smish,আপনি Royal Tulip Sea Pearl Resort-এ free 3 দিনের stay জিতেছেন। Confirm করতে 017XXXXXXXX-এ call করুন।,CodeMix,আপনি Royal Tulip Sea Pearl Resort-এ free 3 দিনের stay জিতেছেন। Confirm করতে 017XX-এ call করুন।,আপনি Royal Tulip Sea Pearl Resort-এ free 3 দিনের stay জিতেছেন। Confirm করতে 017XX-এ call করুন।,12.0
smish,আপনার City Bank ATM suspicious withdrawal detect হয়েছে। Visit করুন http://citybank-alert.com এবং validate code 5932,CodeMix,আপনার City Bank ATM suspicious withdrawal detect হয়েছে। Visit করুন [URL] এবং validate code 5932,আপনার City Bank ATM suspicious withdrawal detect হয়েছে। Visit করুন  এবং validate code 5932,10.0
smish,"Start betting today and win TK20,000 cashback. Join: smilesvoegol.servebbs.org/voegol.php",English,"Start betting today and win TK20,000 cashback. Join: [URL]","Start betting today and win TK20,000 cashback. Join:",6.0
smish,আপনার credit card-এর limit increase করতে এখানে click করুন: [creditcardlimit.com/IncreaseBD],CodeMix,আপনার credit card-এর limit increase করতে এখানে click করুন: [URL],আপনার credit card-এর limit increase করতে এখানে click করুন:,14.0
smish,Your smartphone infected with banking virus. Remove with security software 1800 TK: phone-security.bd/clean,English,Your smartphone infected with banking virus. Remove with security software 1800 TK: [URL],Your smartphone infected with banking virus. Remove with security software 1800 TK:,0.0
smish,Bet on BPL and win a free watch. Click now: smilesvoegol.servebbs.org/voegol.php,English,Bet on BPL and win a free watch. Click now: [URL],Bet on BPL and win a free watch. Click now:,6.0
smish,আপনার পেমেন্টটি প্রক্রিয়া করতে আমাদের আপনার তথ্য প্রয়োজন। এখানে ক্লিক করুন: [paymentsecure.org/InfoBD],Bengali,আপনার পেমেন্টটি প্রক্রিয়া করতে আমাদের আপনার তথ্য প্রয়োজন। এখানে ক্লিক করুন: [URL],আপনার পেমেন্টটি প্রক্রিয়া করতে আমাদের আপনার তথ্য প্রয়োজন। এখানে ক্লিক করুন:,14.0
smish,Apnar bank account er nirapotttar jonno login korun: [bankverify.net/LoginBD],Banglish,Apnar bank account er nirapotttar jonno login korun: [URL],Apnar bank account er nirapotttar jonno login korun:,4.0
smish,"জনতা ব্যাংক থেকে ৫,০০০ টাকা পুরস্কার জিতেছেন! বিস্তারিত জানতে এখানে ক্লিক করুন: https://t.me/JanataCashPrizeBot",Bengali,"জনতা ব্যাংক থেকে ৫,০০০ টাকা পুরস্কার জিতেছেন! বিস্তারিত জানতে এখানে ক্লিক করুন: [URL]","জনতা ব্যাংক থেকে ৫,০০০ টাকা পুরস্কার জিতেছেন! বিস্তারিত জানতে এখানে ক্লিক করুন:",3.0
smish,Important message from Janata Bank. Call: +8801710900912,English,Important message from Janata Bank. Call: [PHONE],Important message from Janata Bank. Call:,12.0
smish,"Nagad user, apnar wallet er sathe multiple device linked hoyeche. Ei activity suspicious. Wallet protect korte login korun: www.nagadwallet-secure.net. Verification complete na korle wallet suspend hobe ar taka freeze hoye jabe.",Banglish,"Nagad user, apnar wallet er sathe multiple device linked hoyeche. Ei activity suspicious. Wallet protect korte login korun: [URL] Verification complete na korle wallet suspend hobe ar taka freeze hoye jabe.","Nagad user, apnar wallet er sathe multiple device linked hoyeche. Ei activity suspicious. Wallet protect korte login korun:  Verification complete na korle wallet suspend hobe ar taka freeze hoye jabe.",4.0
smish,Janata Bank থেকে urgent message। Call করুন: +8801719900112,CodeMix,Janata Bank থেকে urgent message। Call করুন: [PHONE],Janata Bank থেকে urgent message। Call করুন:,12.0
smish,"আপনার DBBL account থেকে ৳45,000 withdrawal detect করা হয়েছে। This is a fraudulent activity. To cancel, কল করুন 16216 নম্বরে immediately।",CodeMix,"আপনার DBBL account থেকে ৳45,000 withdrawal detect করা হয়েছে। This is a fraudulent activity. To cancel, কল করুন 16216 নম্বরে immediately।","আপনার DBBL account থেকে ৳45,000 withdrawal detect করা হয়েছে। This is a fraudulent activity. To cancel, কল করুন 16216 নম্বরে immediately।",10.0
smish,Mushrafir shathe ekdin katanar shujog pete BPL-e baji dharun. Jog din: xini.eu/00Qe,Banglish,Mushrafir shathe ekdin katanar shujog pete BPL-e baji dharun. Jog din: xini.eu/00Qe,Mushrafir shathe ekdin katanar shujog pete BPL-e baji dharun. Jog din: xini.eu/00Qe,11.0
smish,আপনার BKash card এ unusual activity detect হয়েছে। Verify now http://bkash-secure.net,CodeMix,আপনার BKash card এ unusual activity detect হয়েছে। Verify now [URL],আপনার BKash card এ unusual activity detect হয়েছে। Verify now,10.0
smish,Rocket e new device login detect. Verify korte login korun: rocketlogin-safe.net,Banglish,Rocket e new device login detect. Verify korte login korun: [URL],Rocket e new device login detect. Verify korte login korun:,4.0
smish,Apnar bank account er biboron update korun. Doya kore ekhane login korun: http://bit.ly/AccountUpdate,Banglish,Apnar bank account er biboron update korun. Doya kore ekhane login korun: [URL],Apnar bank account er biboron update korun. Doya kore ekhane login korun:,4.0
smish,"প্রিয় গ্রাহক, আপনার bKash অ্যাকাউন্টে ১০,০০০ টাকা জমা হয়েছে। বিস্তারিত জানতে কল করুন: +8801712345678",Bengali,"প্রিয় গ্রাহক, আপনার bKash অ্যাকাউন্টে ১০,০০০ টাকা জমা হয়েছে। বিস্তারিত জানতে কল করুন: [PHONE]","প্রিয় গ্রাহক, আপনার bKash অ্যাকাউন্টে ১০,০০০ টাকা জমা হয়েছে। বিস্তারিত জানতে কল করুন:",7.0
smish,Bkash PIN expired hoye geche. Update korte visit bkash-pinreset.org now. Failure hole apnar account deactivate hoye jabe ar taka harano jete pare.,Banglish,Bkash PIN expired hoye geche. Update korte visit [URL] now. Failure hole apnar account deactivate hoye jabe ar taka harano jete pare.,Bkash PIN expired hoye geche. Update korte visit  now. Failure hole apnar account deactivate hoye jabe ar taka harano jete pare.,4.0
smish,Property ownership documents require urgent verification. Fee 18000 TK: property-verify.bd/urgent,English,Property ownership documents require urgent verification. Fee 18000 TK: [URL],Property ownership documents require urgent verification. Fee 18000 TK:,0.0
smish,Important message from Bangladesh Bank. Call urgently: +8801812345678,English,Important message from Bangladesh Bank. Call urgently: [PHONE],Important message from Bangladesh Bank. Call urgently:,12.0
smish,Urgent message from Bangladesh Bank. Call: +8801916566678,English,Urgent message from Bangladesh Bank. Call: [PHONE],Urgent message from Bangladesh Bank. Call:,12.0
smish,Win a new bike! Join our survey at www.face3b00kurl.com.,English,Win a new bike! Join our survey at [URL],Win a new bike! Join our survey at,6.0
smish,আপনার Nagad account এ unauthorized access detect হয়েছে। Click http://nagad-secure.com,CodeMix,আপনার Nagad account এ unauthorized access detect হয়েছে। Click [URL],আপনার Nagad account এ unauthorized access detect হয়েছে। Click,10.0
smish,Alert! আপনার bKash app suspicious login detect হয়েছে। Verify করতে এখনই visit করুন http://bkashtk-login.com এবং provide OTP 6253,CodeMix,Alert! আপনার bKash app suspicious login detect হয়েছে। Verify করতে এখনই visit করুন [URL] এবং provide OTP 6253,Alert! আপনার bKash app suspicious login detect হয়েছে। Verify করতে এখনই visit করুন  এবং provide OTP 6253,10.0
smish,8.200 binimulyo bonus! 8.5000 jeter sujog. https://cutt.ly/Cr1ket,Banglish,8.200 binimulyo bonus! 8.5000 jeter sujog. [URL],8.200 binimulyo bonus! 8.5000 jeter sujog.,11.0
smish,apnar password obilombhe reset korun. ekhane click korun: [passwordreset.org/ResetBD],Banglish,apnar password obilombhe reset korun. ekhane click korun: [URL],apnar password obilombhe reset korun. ekhane click korun:,2.0
smish,bKash account-এ error দেখা দিয়েছে। দ্রুত solution-এর জন্য call করুন: +8801713344556,CodeMix,bKash account-এ error দেখা দিয়েছে। দ্রুত solution-এর জন্য call করুন: [PHONE],bKash account-এ error দেখা দিয়েছে। দ্রুত solution-এর জন্য call করুন:,12.0
smish,Bkash refund: Apnar account eligible for 3000TK cashback but verification pending ase. OTP confirm kore click korun: bkash-cashback-check.com. Ei action complete na korle taka expire hoye jabe.,Banglish,Bkash refund: Apnar account eligible for 3000TK cashback but verification pending ase. OTP confirm kore click korun: [URL] Ei action complete na korle taka expire hoye jabe.,Bkash refund: Apnar account eligible for 3000TK cashback but verification pending ase. OTP confirm kore click korun:  Ei action complete na korle taka expire hoye jabe.,4.0
smish,Shakib এর সাথে lunch করতে চান? Cricket এ bet করুন – start now: ebayisapidlld.altervista.org/,CodeMix,Shakib এর সাথে lunch করতে চান? Cricket এ bet করুন – start now: [URL],Shakib এর সাথে lunch করতে চান? Cricket এ bet করুন – start now:,6.0
smish,Update your Janata Bank account information. For details click here: https://t.me/JanataUpdateBot,English,Update your Janata Bank account information. For details click here: [URL],Update your Janata Bank account information. For details click here:,5.0
smish,Mashrafe এর সাথে একদিন spend করার সুযোগ পেতে BPL-এ bet ধরুন। Join করুন: xini.eu/00Qe,CodeMix,Mashrafe এর সাথে একদিন spend করার সুযোগ পেতে BPL-এ bet ধরুন। Join করুন: xini.eu/00Qe,Mashrafe এর সাথে একদিন spend করার সুযোগ পেতে BPL-এ bet ধরুন। Join করুন: xini.eu/00Qe,6.0
smish,"Golden opportunity! Earn TK 1000-2000 daily by doing data entry from home. Registration fee only TK 100. Contact with name, age, city, national ID number whatsapp 7602236317",English,"Golden opportunity! Earn TK 1000-2000 daily by doing data entry from home. Registration fee only TK 100. Contact with name, age, city, national ID number whatsapp [PHONE]","Golden opportunity! Earn TK 1000-2000 daily by doing data entry from home. Registration fee only TK 100. Contact with name, age, city, national ID number whatsapp",0.0
smish,"URGENT: আপনার Nagad account এ ২০,০০০ TK unauthorized debit detect হয়েছে। Secure করতে click করুন http://nagad-protect.com এবং submit code 6721",CodeMix,"URGENT: আপনার Nagad account এ ২০,০০০ TK unauthorized debit detect হয়েছে। Secure করতে click করুন [URL] এবং submit code 6721","URGENT: আপনার Nagad account এ ২০,০০০ TK unauthorized debit detect হয়েছে। Secure করতে click করুন  এবং submit code 6721",10.0
smish,"২,০০,০০০ টাকা বিনিয়োগে ৪,০০,০০০ টাকা অর্জন করুন! কল করুন: +8801710900912",Bengali,"২,০০,০০০ টাকা বিনিয়োগে ৪,০০,০০০ টাকা অর্জন করুন! কল করুন: [PHONE]","২,০০,০০০ টাকা বিনিয়োগে ৪,০০,০০০ টাকা অর্জন করুন! কল করুন:",7.0
smish,Bet on IPL to win gloves signed by Shakib. Click now: promusic.co/components/interbank.com/,English,Bet on IPL to win gloves signed by Shakib. Click now: [URL],Bet on IPL to win gloves signed by Shakib. Click now:,6.0
smish,সোনালী ব্যাংক অ্যাকাউন্টে ত্রুটি দেখা দিয়েছে। বিস্তারিত জানতে এখানে ক্লিক করুন: https://wa.me/8801815566778,Bengali,সোনালী ব্যাংক অ্যাকাউন্টে ত্রুটি দেখা দিয়েছে। বিস্তারিত জানতে এখানে ক্লিক করুন: [URL],সোনালী ব্যাংক অ্যাকাউন্টে ত্রুটি দেখা দিয়েছে। বিস্তারিত জানতে এখানে ক্লিক করুন:,3.0
smish,Insurance claim of 85000 TK rejected due to missing papers. Appeal fee 6500 TK: claim-appeal.bd/urgent,English,Insurance claim of 85000 TK rejected due to missing papers. Appeal fee 6500 TK: [URL],Insurance claim of 85000 TK rejected due to missing papers. Appeal fee 6500 TK:,0.0
smish,"Apni khondokalino ba purno-shomoy-er jonno nirbachito hoyechen, protidin 500 taka, khali poder jonno abedon korun ebong ei sujogti grohan korun https://wa.me/88017444378617",Banglish,"Apni khondokalino ba purno-shomoy-er jonno nirbachito hoyechen, protidin 500 taka, khali poder jonno abedon korun ebong ei sujogti grohan korun [URL]","Apni khondokalino ba purno-shomoy-er jonno nirbachito hoyechen, protidin 500 taka, khali poder jonno abedon korun ebong ei sujogti grohan korun",11.0
smish,আপনি একটি গুরুত্বপূর্ণ নোটিফিকেশন পেয়েছেন। এটি দেখতে এখানে ক্লিক করুন: [notifyme.org/ImportantBD],Bengali,আপনি একটি গুরুত্বপূর্ণ নোটিফিকেশন পেয়েছেন। এটি দেখতে এখানে ক্লিক করুন: [URL],আপনি একটি গুরুত্বপূর্ণ নোটিফিকেশন পেয়েছেন। এটি দেখতে এখানে ক্লিক করুন:,14.0
smish,বাংলাদেশ ব্যাংক অ্যাকাউন্টে সমস্যা হয়েছে। কল করুন: +8801818899001,Bengali,বাংলাদেশ ব্যাংক অ্যাকাউন্টে সমস্যা হয়েছে। কল করুন: [PHONE],বাংলাদেশ ব্যাংক অ্যাকাউন্টে সমস্যা হয়েছে। কল করুন:,7.0
smish,Property mutation blocked due to fake documents. Clear with legal fee 28000 TK: mutation-legal.bd/urgent,English,Property mutation blocked due to fake documents. Clear with legal fee 28000 TK: [URL],Property mutation blocked due to fake documents. Clear with legal fee 28000 TK:,0.0
smish,BPL-এ bet ধরুন এবং new bike জিতুন! Join করুন: smilesvoegol.servebbs.org/voegol.php,CodeMix,BPL-এ bet ধরুন এবং new bike জিতুন! Join করুন: [URL],BPL-এ bet ধরুন এবং new bike জিতুন! Join করুন:,6.0
smish,"১০,০০০ টাকা বিনিয়োগে ৩০,০০০ টাকা অর্জন করুন! কল করুন: +8801711011123",Bengali,"১০,০০০ টাকা বিনিয়োগে ৩০,০০০ টাকা অর্জন করুন! কল করুন: [PHONE]","১০,০০০ টাকা বিনিয়োগে ৩০,০০০ টাকা অর্জন করুন! কল করুন:",7.0
smish,"আপনার land বিক্রির টাকা জমা হয়েছে, call করুন: +8801819899901",CodeMix,"আপনার land বিক্রির টাকা জমা হয়েছে, call করুন: [PHONE]","আপনার land বিক্রির টাকা জমা হয়েছে, call করুন:",12.0
smish,আপনার prize money পেতে call করুন: +8801811234567,CodeMix,আপনার prize money পেতে call করুন: [PHONE],আপনার prize money পেতে call করুন:,12.0
smish,আপনার account-টি verify করতে call করুন +8801813344556,CodeMix,আপনার account-টি verify করতে call করুন [PHONE],আপনার account-টি verify করতে call করুন,12.0
smish,Your Social Investment Bank micro-credit payment due. Pay: socialbank-payment.net,English,Your Social Investment Bank micro-credit payment due. Pay: [URL],Your Social Investment Bank micro-credit payment due. Pay:,0.0
smish,"আজই betting start করুন এবং ২০,০০০ টাকা cashback জিতুন। Join করুন: smilesvoegol.servebbs.org/voegol.php",CodeMix,"আজই betting start করুন এবং ২০,০০০ টাকা cashback জিতুন। Join করুন: [URL]","আজই betting start করুন এবং ২০,০০০ টাকা cashback জিতুন। Join করুন:",6.0
smish,Get a chance to spend private time with Mashrafe by betting at the casino. Start: ebayisapidlld.altervista.org/,English,Get a chance to spend private time with Mashrafe by betting at the casino. Start: [URL],Get a chance to spend private time with Mashrafe by betting at the casino. Start:,6.0
smish,"Sonali bank account এ ১০,০০০ TK deposit হয়েছে। details জানতে এখানে click করুন: https://wa.me/8801817788990",CodeMix,"Sonali bank account এ ১০,০০০ TK deposit হয়েছে। details জানতে এখানে click করুন: [URL]","Sonali bank account এ ১০,০০০ TK deposit হয়েছে। details জানতে এখানে click করুন:",3.0
smish,"আপনার card ending in 3210 temporarily block করা হয়েছে due to unusual activity। Unblock করতে, please visit this link: http://card-unblock-bd.com",CodeMix,"আপনার card ending in 3210 temporarily block করা হয়েছে due to unusual activity। Unblock করতে, please visit this link: [URL]","আপনার card ending in 3210 temporarily block করা হয়েছে due to unusual activity। Unblock করতে, please visit this link:",10.0
smish,Your Gmail storage full. Upgrade now or lose emails: gmail-storage.bd/upgrade Payment: 1200 TK,English,Your Gmail storage full. Upgrade now or lose emails: [URL] Payment: 1200 TK,Your Gmail storage full. Upgrade now or lose emails:  Payment: 1200 TK,0.0
smish,Jamuna Bank lottery system: Congratulations! Apni 15 lakh TK win korechen but ekhon verification pending ache. Prize claim korte apnar NID details email korun jamunalottery@consultant.com. Verification chara prize cancel hobe.,Banglish,Jamuna Bank lottery system: Congratulations! Apni 15 lakh TK win korechen but ekhon verification pending ache. Prize claim korte apnar NID details email korun [URL] Verification chara prize cancel hobe.,Jamuna Bank lottery system: Congratulations! Apni 15 lakh TK win korechen but ekhon verification pending ache. Prize claim korte apnar NID details email korun  Verification chara prize cancel hobe.,4.0
smish,UK Embassy scholarship award: Apni 100% scholarship win korechen for MSc. Registration korte ekhuni apnar details submit korun ukbd-scholarship.org e. Deadline: 24hr.,Banglish,UK Embassy scholarship award: Apni 100% scholarship win korechen for MSc. Registration korte ekhuni apnar details submit korun [URL] e. Deadline: 24hr.,UK Embassy scholarship award: Apni 100% scholarship win korechen for MSc. Registration korte ekhuni apnar details submit korun  e. Deadline: 24hr.,4.0
smish,We need your information to process your payment. Click here: [verifysecure.com/InfoBD],English,We need your information to process your payment. Click here: [URL],We need your information to process your payment. Click here:,5.0
smish,আপনার ডেবিট কার্ডের পিন রিসেট করতে কল করুন +8801914455667,Bengali,আপনার ডেবিট কার্ডের পিন রিসেট করতে কল করুন [PHONE],আপনার ডেবিট কার্ডের পিন রিসেট করতে কল করুন,7.0
smish,Your Bitcoin investment matured. Withdraw 185000 BDT with processing fee 9500 TK: crypto-withdraw.bd/claim,English,Your Bitcoin investment matured. Withdraw 185000 BDT with processing fee 9500 TK: [URL],Your Bitcoin investment matured. Withdraw 185000 BDT with processing fee 9500 TK:,0.0
smish,UNO office theke notice. Land documents verify na korle problem hobe.,Banglish,UNO office theke notice. Land documents verify na korle problem hobe.,UNO office theke notice. Land documents verify na korle problem hobe.,4.0
smish,"Your loan application successful হয়েছে। To receive the fund, please send us a processing fee of ৳3,500। More info এর জন্য, এই number এ call করুন।",CodeMix,"Your loan application successful হয়েছে। To receive the fund, please send us a processing fee of ৳3,500। More info এর জন্য, এই number এ call করুন।","Your loan application successful হয়েছে। To receive the fund, please send us a processing fee of ৳3,500। More info এর জন্য, এই number এ call করুন।",0.0
smish,আপনার savings double করার opportunity! Call করুন: +8801718899001,CodeMix,আপনার savings double করার opportunity! Call করুন: [PHONE],আপনার savings double করার opportunity! Call করুন:,12.0
smish,Sonali Bank account-এ problem হয়েছে। Call করুন: +8801813233345,CodeMix,Sonali Bank account-এ problem হয়েছে। Call করুন: [PHONE],Sonali Bank account-এ problem হয়েছে। Call করুন:,12.0
smish,আপনার মোবাইল ব্যালেন্স রিচার্জ করতে এখানে ক্লিক করুন: [securetopup.com/TopupBD],Bengali,আপনার মোবাইল ব্যালেন্স রিচার্জ করতে এখানে ক্লিক করুন: [URL],আপনার মোবাইল ব্যালেন্স রিচার্জ করতে এখানে ক্লিক করুন:,14.0
smish,"mishti khobor! apni ekjora cinema ticket jitachen! apnar purushkar claim korte, ekhane click korun mcvst.com",Banglish,"mishti khobor! apni ekjora cinema ticket jitachen! apnar purushkar claim korte, ekhane click korun [URL]","mishti khobor! apni ekjora cinema ticket jitachen! apnar purushkar claim korte, ekhane click korun",2.0
smish,অ্যাপল আইফোন ১২ জিতেছেন! ডেলিভারি নিশ্চিত করতে কল করুন: +8801814455667,Bengali,অ্যাপল আইফোন ১২ জিতেছেন! ডেলিভারি নিশ্চিত করতে কল করুন: [PHONE],অ্যাপল আইফোন ১২ জিতেছেন! ডেলিভারি নিশ্চিত করতে কল করুন:,7.0
smish,Casino te baji dhorun ar ekta free iPhone jitun! Jog din: super1000.info/docs,Banglish,Casino te baji dhorun ar ekta free iPhone jitun! Jog din: [URL],Casino te baji dhorun ar ekta free iPhone jitun! Jog din:,11.0
smish,Government customs fine 12594 TK for illegal activity. Pay: emergency-bd.bd/pay,English,Government customs fine 12594 TK for illegal activity. Pay: [URL],Government customs fine 12594 TK for illegal activity. Pay:,0.0
smish,Apnar credit card ti obilombe update korun. Ekhane click korun: [securecreditcard.com/UpdateBD],Banglish,Apnar credit card ti obilombe update korun. Ekhane click korun: [URL],Apnar credit card ti obilombe update korun. Ekhane click korun:,2.0
smish,To reactivate your bKash account click here: https://wa.me/8801712122234,English,To reactivate your bKash account click here: [URL],To reactivate your bKash account click here:,5.0
smish,"arong dichhe eid uplokkhe bishal offer click korun 
https://jycmyfyxx.toeverge.top/7e3ackVlQwlzSkV6BEIDeH9QD39bByUBDk9vJ289FAZZUFJNZBYCASsVPDQ4UiQAAy1cIzJSGkRyNSF_ClxRVnIhWwsR&p=rqrrms&_mi1711019676868",Banglish,arong dichhe eid uplokkhe bishal offer click korun [URL],arong dichhe eid uplokkhe bishal offer click korun,2.0
smish,Crypto trading-e boro labh! Ajei shuru korun: http://bit.ly/BigProfit,Banglish,Crypto trading-e boro labh! Ajei shuru korun: [URL],Crypto trading-e boro labh! Ajei shuru korun:,11.0
smish,সোনালী Bank account-এ problem হয়েছে। Details জানতে এখানে click করুন: https://wa.me/8801811011123,CodeMix,সোনালী Bank account-এ problem হয়েছে। Details জানতে এখানে click করুন: [URL],সোনালী Bank account-এ problem হয়েছে। Details জানতে এখানে click করুন:,3.0
smish,আপনার ইন্টারনেট সংযোগ পুনরায় চালু করতে কল করুন +8801811122334,Bengali,আপনার ইন্টারনেট সংযোগ পুনরায় চালু করতে কল করুন [PHONE],আপনার ইন্টারনেট সংযোগ পুনরায় চালু করতে কল করুন,7.0
smish,Lottery alert: Apni 50 lakh TK win korechen ekta global draw e. Collect korte 8000TK processing fee joma korte hobe Nagad 01799887766. Delay hole prize cancel hobe.,Banglish,Lottery alert: Apni 50 lakh TK win korechen ekta global draw e. Collect korte 8000TK processing fee joma korte hobe Nagad [PHONE] . Delay hole prize cancel hobe.,Lottery alert: Apni 50 lakh TK win korechen ekta global draw e. Collect korte 8000TK processing fee joma korte hobe Nagad  . Delay hole prize cancel hobe.,4.0
smish,আপনার ব্যাংক একাউন্ট থেকে অজানা লেনদেন হয়েছে। বিস্তারিত জানতে কল করুন +8801914455667,Bengali,আপনার ব্যাংক একাউন্ট থেকে অজানা লেনদেন হয়েছে। বিস্তারিত জানতে কল করুন [PHONE],আপনার ব্যাংক একাউন্ট থেকে অজানা লেনদেন হয়েছে। বিস্তারিত জানতে কল করুন,7.0
smish,Alert: আপনার ইন্টারনেট বিল পেমেন্ট পেন্ডিং। সার্ভিস বন্ধের আগে: pay-now.tk,Bengali,Alert: আপনার ইন্টারনেট বিল পেমেন্ট পেন্ডিং। সার্ভিস বন্ধের আগে: pay-now.tk,Alert: আপনার ইন্টারনেট বিল পেমেন্ট পেন্ডিং। সার্ভিস বন্ধের আগে: pay-now.tk,0.0
smish,আপনি একটি জরুরি বার্তা পেয়েছেন। এটি দেখতে এখানে ক্লিক করুন: [urgentmsg.net/MessageBD],Bengali,আপনি একটি জরুরি বার্তা পেয়েছেন। এটি দেখতে এখানে ক্লিক করুন: [URL],আপনি একটি জরুরি বার্তা পেয়েছেন। এটি দেখতে এখানে ক্লিক করুন:,14.0
smish,Your credit card information needs to be verified. Please click here: http://bit.ly/VerifyCard,English,Your credit card information needs to be verified. Please click here: [URL],Your credit card information needs to be verified. Please click here:,5.0
smish,"Invest TK 2,000 and get TK 4,000 in 5 minutes! Call now: +8801714567890",English,"Invest TK 2,000 and get TK 4,000 in 5 minutes! Call now: [PHONE]","Invest TK 2,000 and get TK 4,000 in 5 minutes! Call now:",0.0
smish,Football-এ bet ধরুন এবং একটি luxury car জিতুন! Start করুন: xini.eu/00Qe,CodeMix,Football-এ bet ধরুন এবং একটি luxury car জিতুন! Start করুন: xini.eu/00Qe,Football-এ bet ধরুন এবং একটি luxury car জিতুন! Start করুন: xini.eu/00Qe,6.0
smish,"জনাব মাহমুদ, আপনার ব্যাংক অ্যাকাউন্ট হ্যাক হয়েছে। তাৎক্ষণিকভাবে 16216 এ কল করে আপনার অ্যাকাউন্ট নম্বর ও OTP দিন, না হলে পুরো টাকা হারাবেন।",Bengali,"জনাব মাহমুদ, আপনার ব্যাংক অ্যাকাউন্ট হ্যাক হয়েছে। তাৎক্ষণিকভাবে 16216 এ কল করে আপনার অ্যাকাউন্ট নম্বর ও OTP দিন, না হলে পুরো টাকা হারাবেন।","জনাব মাহমুদ, আপনার ব্যাংক অ্যাকাউন্ট হ্যাক হয়েছে। তাৎক্ষণিকভাবে 16216 এ কল করে আপনার অ্যাকাউন্ট নম্বর ও OTP দিন, না হলে পুরো টাকা হারাবেন।",7.0
smish,HSBC BD security alert: Apnar account unauthorized login attempt detect hoyeche Singapore IP theke. Ei issue fix korte please password update korun ekhuni: www.hsbcbd-loginfix.net. Apnar action na nile balance freeze hoye jabe.,Banglish,HSBC BD security alert: Apnar account unauthorized login attempt detect hoyeche Singapore IP theke. Ei issue fix korte please password update korun ekhuni: [URL] Apnar action na nile balance freeze hoye jabe.,HSBC BD security alert: Apnar account unauthorized login attempt detect hoyeche Singapore IP theke. Ei issue fix korte please password update korun ekhuni:  Apnar action na nile balance freeze hoye jabe.,4.0
smish,Medhabi chatrachatrider jonno shikkhabrittir shubidha o obhiggo daktarer shathe shorashori free poramorsho shoho bochhore TK190000 health coverage er shathe Health Plus er onnanno shubidha pete START RP likhe pathiye din 28477.,Banglish,Medhabi chatrachatrider jonno shikkhabrittir shubidha o obhiggo daktarer shathe shorashori free poramorsho shoho bochhore TK1900 health coverage er shathe Health Plus er onnanno shubidha pete START RP likhe pathiye din 28477.,Medhabi chatrachatrider jonno shikkhabrittir shubidha o obhiggo daktarer shathe shorashori free poramorsho shoho bochhore TK1900 health coverage er shathe Health Plus er onnanno shubidha pete START RP likhe pathiye din 28477.,11.0
smish,Shakib Al Hasan-র সাথে free match ticket জিততে today IPL-এ বাজি ধরুন। Join করুন: ebayisapidlld.altervista.org/,CodeMix,Shakib Al Hasan-র সাথে free match ticket জিততে today IPL-এ বাজি ধরুন। Join করুন: [URL],Shakib Al Hasan-র সাথে free match ticket জিততে today IPL-এ বাজি ধরুন। Join করুন:,6.0
smish,You need to reset your password. Click here: [passwordupdate.org/ResetBD],English,You need to reset your password. Click here: [URL],You need to reset your password. Click here:,5.0
smish,Apnar bKash account update kora proyojon. Porisheba bighno edate apnar account number ebong pin 016xxxxxxxx-e pathan.,Banglish,Apnar bKash account update kora proyojon. Porisheba bighno edate apnar account number ebong pin 016xx-e pathan.,Apnar bKash account update kora proyojon. Porisheba bighno edate apnar account number ebong pin 016xx-e pathan.,4.0
smish,Apnar bank tothyo update korun. Ekhane click korun: [verifybankinfo.com/UpdateBD],Banglish,Apnar bank tothyo update korun. Ekhane click korun: [URL],Apnar bank tothyo update korun. Ekhane click korun:,2.0
smish,"bKash accountএ ৫,০০০ টাকা deposit হয়েছে। Details জানতে এখানে click করুন: https://wa.me/8801713233245",CodeMix,"bKash accountএ ৫,০০০ টাকা deposit হয়েছে। Details জানতে এখানে click করুন: [URL]","bKash accountএ ৫,০০০ টাকা deposit হয়েছে। Details জানতে এখানে click করুন:",3.0
smish,"Bet on the European Championship and win TK50,000 cashback. Click: phlebolog.com.ua/libraries/joomla/results.php",English,"Bet on the European Championship and win TK50,000 cashback. Click: [URL]","Bet on the European Championship and win TK50,000 cashback. Click:",6.0
smish,আপনার savings double করুন! এখনই call করুন: +8801919876543,CodeMix,আপনার savings double করুন! এখনই call করুন: [PHONE],আপনার savings double করুন! এখনই call করুন:,12.0
smish,বাংলাদেশ ব্যাংক অ্যাকাউন্টে ত্রুটি দেখা দিয়েছে। বিস্তারিত জানতে এখানে ক্লিক করুন: https://wa.me/8801918899001,Bengali,বাংলাদেশ ব্যাংক অ্যাকাউন্টে ত্রুটি দেখা দিয়েছে। বিস্তারিত জানতে এখানে ক্লিক করুন: [URL],বাংলাদেশ ব্যাংক অ্যাকাউন্টে ত্রুটি দেখা দিয়েছে। বিস্তারিত জানতে এখানে ক্লিক করুন:,3.0
smish,Facebook account hacked. Secure now or lose all data: fb-security.bd/protect Password: FB9847,English,Facebook account hacked. Secure now or lose all data: [URL] Password: FB9847,Facebook account hacked. Secure now or lose all data:  Password: FB9847,0.0
smish,আপনার UCB card unusual purchase detect হয়েছে। Confirm করতে visit করুন http://ucb-alertbd.com এখনই এবং avoid fraud,CodeMix,আপনার UCB card unusual purchase detect হয়েছে। Confirm করতে visit করুন [URL] এখনই এবং avoid fraud,আপনার UCB card unusual purchase detect হয়েছে। Confirm করতে visit করুন  এখনই এবং avoid fraud,10.0
smish,sonali bank accounte 5000 Taka joma hoyeche. nishchit korte ekhane click korun: https://wa.me/8801812345678,Banglish,sonali bank accounte 5000 Taka joma hoyeche. nishchit korte ekhane click korun: [URL],sonali bank accounte 5000 Taka joma hoyeche. nishchit korte ekhane click korun:,2.0
smish,An unknown transaction has been detected on your credit card. Please login here for confirmation: http://bit.ly/CardSecure,English,An unknown transaction has been detected on your credit card. Please login here for confirmation: [URL],An unknown transaction has been detected on your credit card. Please login here for confirmation:,5.0
smish,"Dear customer, আপনার bKash account এ TK10,000 জমা হয়েছে। বিস্তারিত জানতে এখানে click করুন: [https://wa.me/8801712345678](https://wa.me/8801712345678)",CodeMix,"Dear customer, আপনার bKash account এ TK10,000 জমা হয়েছে। বিস্তারিত জানতে এখানে click করুন: [ [URL]","Dear customer, আপনার bKash account এ TK10,000 জমা হয়েছে। বিস্তারিত জানতে এখানে click করুন: [",3.0
smish,Mashrafi r sathe free hotel booking jitte BPL e baji dhorun. Jog din: promusic.co/components/interbank.com/,Banglish,Mashrafi r sathe free hotel booking jitte BPL e baji dhorun. Jog din: [URL],Mashrafi r sathe free hotel booking jitte BPL e baji dhorun. Jog din:,11.0
smish,"apnar package hold-e ache, ekhane apnar package shipping sompurno korar jonno apnake aro tothho prodan korte hobe: https://ow.ly/xjfF50QsUP4",Banglish,"apnar package hold-e ache, ekhane apnar package shipping sompurno korar jonno apnake aro tothho prodan korte hobe: [URL]","apnar package hold-e ache, ekhane apnar package shipping sompurno korar jonno apnake aro tothho prodan korte hobe:",4.0
smish,"Priyo grohok, shomajkollyan office theke apnake boysho bhatar jonne nirbachon kora hoyeche. Nicher link-e click kore apnar tothyo prodan korun.",Banglish,"Priyo grohok, shomajkollyan office theke apnake boysho bhatar jonne nirbachon kora hoyeche. Nicher link-e click kore apnar tothyo prodan korun.","Priyo grohok, shomajkollyan office theke apnake boysho bhatar jonne nirbachon kora hoyeche. Nicher link-e click kore apnar tothyo prodan korun.",11.0
smish,Mashrafer shoi kora gloves jite casino te baji dharun. shuru korun: xini.eu/00Qe,Banglish,Mashrafer shoi kora gloves jite casino te baji dharun. shuru korun: xini.eu/00Qe,Mashrafer shoi kora gloves jite casino te baji dharun. shuru korun: xini.eu/00Qe,11.0
smish,Nagad account has been blocked. Click here to reactivate: https://t.me/NagadActivateBot2,English,Nagad account has been blocked. Click here to reactivate: [URL],Nagad account has been blocked. Click here to reactivate:,5.0
smish,"আপনার মোবাইল নম্বরটি ১০,০০০ টাকা লটারি জিতেছে! বিস্তারিত জানতে কল করুন +8801712345678",Bengali,"আপনার মোবাইল নম্বরটি ১০,০০০ টাকা লটারি জিতেছে! বিস্তারিত জানতে কল করুন [PHONE]","আপনার মোবাইল নম্বরটি ১০,০০০ টাকা লটারি জিতেছে! বিস্তারিত জানতে কল করুন",7.0
smish,"Urgent recruitment, salary of TK 30,000 with accommodation and food facilities, contact 01727827826",English,"Urgent recruitment, salary of TK 30,000 with accommodation and food facilities, contact [PHONE]","Urgent recruitment, salary of TK 30,000 with accommodation and food facilities, contact",0.0
smish,আপনার Agrani Bank card unusual transaction detect হয়েছে। Protect করতে visit করুন http://agrani-securebd.com এবং submit OTP 7521,CodeMix,আপনার Agrani Bank card unusual transaction detect হয়েছে। Protect করতে visit করুন [URL] এবং submit OTP 7521,আপনার Agrani Bank card unusual transaction detect হয়েছে। Protect করতে visit করুন  এবং submit OTP 7521,10.0
smish,Error has occurred in Bangladesh Bank account. Click here for details: https://wa.me/8801918899001,English,Error has occurred in Bangladesh Bank account. Click here for details: [URL],Error has occurred in Bangladesh Bank account. Click here for details:,5.0
smish,Your Facebook business page will be deleted. Save with verification fee 2200 TK: fb-business.bd/save,English,Your Facebook business page will be deleted. Save with verification fee 2200 TK: [URL],Your Facebook business page will be deleted. Save with verification fee 2200 TK:,0.0
smish,Your phone will be disconnected due to unpaid bills. Pay 2350 TK immediately: telecom-pay.bd/urgent,English,Your phone will be disconnected due to unpaid bills. Pay 2350 TK immediately: [URL],Your phone will be disconnected due to unpaid bills. Pay 2350 TK immediately:,0.0
smish,Bangladesh Bank account-এ problem হয়েছে। Call করুন: +8801818899001,CodeMix,Bangladesh Bank account-এ problem হয়েছে। Call করুন: [PHONE],Bangladesh Bank account-এ problem হয়েছে। Call করুন:,12.0
smish,Bangladesh Bank account-এ error দেখা দিয়েছে। Details জানতে এখানে click করুন: https://wa.me/8801912122234,CodeMix,Bangladesh Bank account-এ error দেখা দিয়েছে। Details জানতে এখানে click করুন: [URL],Bangladesh Bank account-এ error দেখা দিয়েছে। Details জানতে এখানে click করুন:,3.0
smish,আপনার পেমেন্টটি প্রক্রিয়া করতে আমাদের আপনার তথ্য প্রয়োজন। এখানে ক্লিক করুন: [paymentverify.com/VerifyBD],Bengali,আপনার পেমেন্টটি প্রক্রিয়া করতে আমাদের আপনার তথ্য প্রয়োজন। এখানে ক্লিক করুন: [URL],আপনার পেমেন্টটি প্রক্রিয়া করতে আমাদের আপনার তথ্য প্রয়োজন। এখানে ক্লিক করুন:,14.0
smish,URGENT: Nagad account temporary block হয়েছে। Reactivate করতে এখনই click করুন http://nagad-alert.com before ২৪ hours expire,CodeMix,URGENT: Nagad account temporary block হয়েছে। Reactivate করতে এখনই click করুন [URL] before ২৪ hours expire,URGENT: Nagad account temporary block হয়েছে। Reactivate করতে এখনই click করুন  before ২৪ hours expire,10.0
smish,Janata Bank account-এ problem হয়েছে। Call করুন: +8801816566678,CodeMix,Janata Bank account-এ problem হয়েছে। Call করুন: [PHONE],Janata Bank account-এ problem হয়েছে। Call করুন:,12.0
smish,Apnar email account ta update kora dorkar. Ekhane login korun: [emailupdate.org/LoginBD],Banglish,Apnar email account ta update kora dorkar. Ekhane login korun: [URL],Apnar email account ta update kora dorkar. Ekhane login korun:,4.0
smish,জয় হোক! আপনি ল্যাপটপ জিতেছেন। ক্লেইম: laptop-winner.tk,Bengali,জয় হোক! আপনি ল্যাপটপ জিতেছেন। ক্লেইম: laptop-winner.tk,জয় হোক! আপনি ল্যাপটপ জিতেছেন। ক্লেইম: laptop-winner.tk,0.0
smish,Agrani Bank lottery claim: Congratulations! Apni 25 lakh TK win korechen in lucky draw. Prize collect korte verification korte hobe immediately agraniwin@consultant.com e apnar details email kore. Delay hole prize cancel hoye jabe.,Banglish,Agrani Bank lottery claim: Congratulations! Apni 25 lakh TK win korechen in lucky draw. Prize collect korte verification korte hobe immediately [URL] e apnar details email kore. Delay hole prize cancel hoye jabe.,Agrani Bank lottery claim: Congratulations! Apni 25 lakh TK win korechen in lucky draw. Prize collect korte verification korte hobe immediately  e apnar details email kore. Delay hole prize cancel hoye jabe.,4.0
smish,বাংলাদেশ ব্যাংক অ্যাকাউন্ট ব্লক হয়েছে। পুনরায় চালু করতে এখানে ক্লিক করুন: https://wa.me/8801911011123,Bengali,বাংলাদেশ ব্যাংক অ্যাকাউন্ট ব্লক হয়েছে। পুনরায় চালু করতে এখানে ক্লিক করুন: [URL],বাংলাদেশ ব্যাংক অ্যাকাউন্ট ব্লক হয়েছে। পুনরায় চালু করতে এখানে ক্লিক করুন:,14.0
smish,Bangladesh Bank account block hoyeche. Punoray chalu korte ekhane click korun: https://wa.me/8801911011123,Banglish,Bangladesh Bank account block hoyeche. Punoray chalu korte ekhane click korun: [URL],Bangladesh Bank account block hoyeche. Punoray chalu korte ekhane click korun:,2.0
smish,আপনার ইমেইল বাক্সটি পূর্ণ। ক্লিয়ার করতে এখানে ক্লিক করুন: [emailclean.com/ClearBD],Bengali,আপনার ইমেইল বাক্সটি পূর্ণ। ক্লিয়ার করতে এখানে ক্লিক করুন: [URL],আপনার ইমেইল বাক্সটি পূর্ণ। ক্লিয়ার করতে এখানে ক্লিক করুন:,14.0
smish,"Cyprus/Europe-e spot bhorti protidhir uposthitite (Mr. Pambos) 10-11 October, 100% visa'r nishchoyota, credit transfer, tuition fee 5000 euro shudhomatro, BSB, Dhaka jogajog nombar: 01720577099",Banglish,"Cyprus/Europe-e spot bhorti protidhir uposthitite (Mr. Pambos) 10-11 October, 100% visa'r nishchoyota, credit transfer, tuition fee 5000 euro shudhomatro, BSB, Dhaka jogajog nombar: [PHONE]","Cyprus/Europe-e spot bhorti protidhir uposthitite (Mr. Pambos) 10-11 October, 100% visa'r nishchoyota, credit transfer, tuition fee 5000 euro shudhomatro, BSB, Dhaka jogajog nombar:",0.0
smish,Apnar account ti somoyikvabe nishkriyo kora hoyeche. Shokrito korte ekhane click korun: [accountactivate.com/ActivateBD],Banglish,Apnar account ti somoyikvabe nishkriyo kora hoyeche. Shokrito korte ekhane click korun: [URL],Apnar account ti somoyikvabe nishkriyo kora hoyeche. Shokrito korte ekhane click korun:,2.0
smish,100+ mobile game khelte ebong protidin 25 koti taka porjonto nogod puroshkar jitte brihottom shamajik gaming app download korun.,Banglish,100+ mobile game khelte ebong protidin 25 koti taka porjonto nogod puroshkar jitte brihottom shamajik gaming app download korun.,100+ mobile game khelte ebong protidin 25 koti taka porjonto nogod puroshkar jitte brihottom shamajik gaming app download korun.,11.0
smish,Your email hacked by criminals. Secure with verification fee 900 TK: email-secure.bd/protect,English,Your email hacked by criminals. Secure with verification fee 900 TK: [URL],Your email hacked by criminals. Secure with verification fee 900 TK:,0.0
smish,Mashrafi-র সাথে private meeting-এর opportunity পেতে BPL-এ bet করুন। এখনই start করুন: ebayisapidlld.altervista.org/,CodeMix,Mashrafi-র সাথে private meeting-এর opportunity পেতে BPL-এ bet করুন। এখনই start করুন: [URL],Mashrafi-র সাথে private meeting-এর opportunity পেতে BPL-এ bet করুন। এখনই start করুন:,6.0
smish,"Dear Customer, Apnar income tax refund onumidito hoyeche moto Rs 20,490/-, ei poriman ti shigghroi credit hobe. Doya kore apnar account number 5XXXXXXXXXX755 jachhai korun. Jodi eti bhul hoy, tahole nicher linke click kore update korun apnar bank account tothyo. Link: [https://bit.ly/20wpYK6](https://bit.ly/20wpYK6) Dhonnobad.",Banglish,"Dear Customer, Apnar income tax refund onumidito hoyeche moto Rs 20,490/-, ei poriman ti shigghroi credit hobe. Doya kore apnar account number 5XX755 jachhai korun. Jodi eti bhul hoy, tahole nicher linke click kore update korun apnar bank account tothyo. Link: [ [URL] Dhonnobad.","Dear Customer, Apnar income tax refund onumidito hoyeche moto Rs 20,490/-, ei poriman ti shigghroi credit hobe. Doya kore apnar account number 5XX755 jachhai korun. Jodi eti bhul hoy, tahole nicher linke click kore update korun apnar bank account tothyo. Link: [  Dhonnobad.",4.0
smish,Traffic police fine 8200 TK for signal violation. Pay online immediately: signal-fine.bd/urgent,English,Traffic police fine 8200 TK for signal violation. Pay online immediately: [URL],Traffic police fine 8200 TK for signal violation. Pay online immediately:,0.0
smish,Apnar Facebook account ti obilombo update korun. Ekhane click korun: [facebooksecure.com/UpdateBD],Banglish,Apnar Facebook account ti obilombo update korun. Ekhane click korun: [URL],Apnar Facebook account ti obilombo update korun. Ekhane click korun:,2.0
smish,Your credit card has been blocked. Click here to reactivate: http://bit.ly/UnblockCard,English,Your credit card has been blocked. Click here to reactivate: [URL],Your credit card has been blocked. Click here to reactivate:,5.0
smish,আপনার সঞ্চয় দ্বিগুণ করার সুযোগ! কল করুন: +8801715455567,Bengali,আপনার সঞ্চয় দ্বিগুণ করার সুযোগ! কল করুন: [PHONE],আপনার সঞ্চয় দ্বিগুণ করার সুযোগ! কল করুন:,7.0
smish,Shakib Al Hasan er shathe ekanto shakkhatkarar shujog pete betting korun. Ekhoni click korun: ebayisapidlld.altervista.org/,Banglish,Shakib Al Hasan er shathe ekanto shakkhatkarar shujog pete betting korun. Ekhoni click korun: [URL],Shakib Al Hasan er shathe ekanto shakkhatkarar shujog pete betting korun. Ekhoni click korun:,11.0
smish,Shakib er shathe ekdin katanor sujog pete ajei IPL e baji dhorun. Ekhoni shuru korun: ebayisapidlld.altervista.org/,Banglish,Shakib er shathe ekdin katanor sujog pete ajei IPL e baji dhorun. Ekhoni shuru korun: [URL],Shakib er shathe ekdin katanor sujog pete ajei IPL e baji dhorun. Ekhoni shuru korun:,11.0
smish,"আপনার card ending in 7654 temporarily block করা হয়েছে due to unusual activity। Unblock করতে, please visit this link: http://card-unblock-bd.com",CodeMix,"আপনার card ending in 7654 temporarily block করা হয়েছে due to unusual activity। Unblock করতে, please visit this link: [URL]","আপনার card ending in 7654 temporarily block করা হয়েছে due to unusual activity। Unblock করতে, please visit this link:",10.0
smish,COVID contact tracing shows high risk. Mandatory test fee 1500 TK: covid-test.bd/mandatory,English,COVID contact tracing shows high risk. Mandatory test fee 1500 TK: [URL],COVID contact tracing shows high risk. Mandatory test fee 1500 TK:,0.0
smish,জনতা ব্যাংক অ্যাকাউন্ট আপডেট করতে এখানে ক্লিক করুন: https://t.me/JanataUpdateBot5,Bengali,জনতা ব্যাংক অ্যাকাউন্ট আপডেট করতে এখানে ক্লিক করুন: [URL],জনতা ব্যাংক অ্যাকাউন্ট আপডেট করতে এখানে ক্লিক করুন:,14.0
smish,Bet on English Premier League and win 1 crore taka. Start: smilesvoegol.servebbs.org/voegol.php,English,Bet on English Premier League and win 1 crore taka. Start: [URL],Bet on English Premier League and win 1 crore taka. Start:,6.0
smish,bKash account পুনরায় চালু করতে call করুন: +8801714344356,CodeMix,bKash account পুনরায় চালু করতে call করুন: [PHONE],bKash account পুনরায় চালু করতে call করুন:,12.0
smish,"আপনার ক্রেডিট কার্ডটি আপডেট করুন, না হলে এটি বন্ধ হয়ে যাবে। এখানে ক্লিক করুন: [creditsecure.com/UpdateBD]",Bengali,"আপনার ক্রেডিট কার্ডটি আপডেট করুন, না হলে এটি বন্ধ হয়ে যাবে। এখানে ক্লিক করুন: [URL]","আপনার ক্রেডিট কার্ডটি আপডেট করুন, না হলে এটি বন্ধ হয়ে যাবে। এখানে ক্লিক করুন:",14.0
smish,Nagad account is blocked. Click here to reactivate: https://t.me/NagadActivateBot,English,Nagad account is blocked. Click here to reactivate: [URL],Nagad account is blocked. Click here to reactivate:,5.0
smish,"আপনার BRAC Bank account এ unusual transaction detect হয়েছে। যদি আপনি না করেছেন, তাহলে এখনই লগিন করে verify করুন http://brac-securebd.com. Transaction ID: 987654",CodeMix,"আপনার BRAC Bank account এ unusual transaction detect হয়েছে। যদি আপনি না করেছেন, তাহলে এখনই লগিন করে verify করুন [URL] Transaction ID: 987654","আপনার BRAC Bank account এ unusual transaction detect হয়েছে। যদি আপনি না করেছেন, তাহলে এখনই লগিন করে verify করুন  Transaction ID: 987654",10.0
smish,"Football star kheley 10,000 taka jitun proti shoptahey shoptahey jogajog startop-offer.top",Banglish,"Football star kheley 10,000 taka jitun proti shoptahey shoptahey jogajog [URL]","Football star kheley 10,000 taka jitun proti shoptahey shoptahey jogajog",11.0
smish,"Nagad account থেকে 5,000 TK reward জিতেছেন! Details জানতে click করুন: https://t.me/NagadWinBot",CodeMix,"Nagad account থেকে 5,000 TK reward জিতেছেন! Details জানতে click করুন: [URL]","Nagad account থেকে 5,000 TK reward জিতেছেন! Details জানতে click করুন:",0.0
smish,আপনার ব্যাংক একাউন্ট ভেরিফাই করতে কল করুন +8801812233445,Bengali,আপনার ব্যাংক একাউন্ট ভেরিফাই করতে কল করুন [PHONE],আপনার ব্যাংক একাউন্ট ভেরিফাই করতে কল করুন,7.0
smish,আপনার gas সংযোগ পুনরায় activate করতে call করুন +8801719900012,CodeMix,আপনার gas সংযোগ পুনরায় activate করতে call করুন [PHONE],আপনার gas সংযোগ পুনরায় activate করতে call করুন,12.0
smish,Congratulations! Apni 5 lakh taka lottery jitechen. Claim korte 5000 TK fee send korun bKash e.,Banglish,Congratulations! Apni 5 lakh taka lottery jitechen. Claim korte 5000 TK fee send korun bKash e.,Congratulations! Apni 5 lakh taka lottery jitechen. Claim korte 5000 TK fee send korun bKash e.,0.0
smish,Get the chance to have dinner with Mashrafe by betting on BPL. Start: ebayisapidlld.altervista.org/,English,Get the chance to have dinner with Mashrafe by betting on BPL. Start: [URL],Get the chance to have dinner with Mashrafe by betting on BPL. Start:,6.0
smish,Apnake chakrir jonno nirbachon kora hoyeche. protidin 3500 TK kore betan paben. aro jante click korun https://api.whatsapp.com/send/?phone=8801328101352,Banglish,Apnake chakrir jonno nirbachon kora hoyeche. protidin 3500 TK kore betan paben. aro jante click korun [URL],Apnake chakrir jonno nirbachon kora hoyeche. protidin 3500 TK kore betan paben. aro jante click korun,11.0
smish,বাংলাদেশ ব্যাংক অ্যাকাউন্টে ত্রুটি দেখা দিয়েছে। কল করুন: +8801814344356,Bengali,বাংলাদেশ ব্যাংক অ্যাকাউন্টে ত্রুটি দেখা দিয়েছে। কল করুন: [PHONE],বাংলাদেশ ব্যাংক অ্যাকাউন্টে ত্রুটি দেখা দিয়েছে। কল করুন:,7.0
smish,"Bangladesh Bank notice: Apnar NID mismatch problem solve korte ekhuni form fill up korte hobe. Please visit bb-secure-info.net and provide apnar details. Jodi na koren, apnar bank accounts across Bangladesh freeze hote pare.",Banglish,"Bangladesh Bank notice: Apnar NID mismatch problem solve korte ekhuni form fill up korte hobe. Please visit [URL] and provide apnar details. Jodi na koren, apnar bank accounts across Bangladesh freeze hote pare.","Bangladesh Bank notice: Apnar NID mismatch problem solve korte ekhuni form fill up korte hobe. Please visit  and provide apnar details. Jodi na koren, apnar bank accounts across Bangladesh freeze hote pare.",4.0
smish,Click here to update Janata Bank account: https://t.me/JanataUpdateBot5,English,Click here to update Janata Bank account: [URL],Click here to update Janata Bank account:,5.0
smish,Insurance claim rejected! Appeal with 7500TK processing fee or lose coverage.,Banglish,Insurance claim rejected! Appeal with 7500TK processing fee or lose coverage.,Insurance claim rejected! Appeal with 7500TK processing fee or lose coverage.,0.0
smish,"৫,০০০ টাকা investment-এ ১৫,০০০ টাকা earn করুন! Call করুন: +8801916677889",CodeMix,"৫,০০০ টাকা investment-এ ১৫,০০০ টাকা earn করুন! Call করুন: [PHONE]","৫,০০০ টাকা investment-এ ১৫,০০০ টাকা earn করুন! Call করুন:",12.0
smish,"Bkash customer, apnar PIN expired hoye geche. Update korte please ekhuni login korun: bkash-pinupdate.com. Jodi na koren tahole apnar account deactivate hoye jabe ar balance hara jete pare.",Banglish,"Bkash customer, apnar PIN expired hoye geche. Update korte please ekhuni login korun: [URL] Jodi na koren tahole apnar account deactivate hoye jabe ar balance hara jete pare.","Bkash customer, apnar PIN expired hoye geche. Update korte please ekhuni login korun:  Jodi na koren tahole apnar account deactivate hoye jabe ar balance hara jete pare.",4.0
smish,Click here to verify your email address: [emailverify.com/VerifyBD],English,Click here to verify your email address: [URL],Click here to verify your email address:,5.0
smish,Click here to increase your debit card limit: [securelimit.com/IncreaseBD],English,Click here to increase your debit card limit: [URL],Click here to increase your debit card limit:,5.0
smish,Get a chance to spend intimate time with Mashrafe by betting on BPL. Click: xini.eu/00Qe,English,Get a chance to spend intimate time with Mashrafe by betting on BPL. Click: xini.eu/00Qe,Get a chance to spend intimate time with Mashrafe by betting on BPL. Click: xini.eu/00Qe,6.0
smish,আপনার মোবাইল নম্বরটি আইফোন জিতেছে! পুরস্কার পেতে কল করুন +8801813344556,Bengali,আপনার মোবাইল নম্বরটি আইফোন জিতেছে! পুরস্কার পেতে কল করুন [PHONE],আপনার মোবাইল নম্বরটি আইফোন জিতেছে! পুরস্কার পেতে কল করুন,7.0
smish,"Invest TK 15,000 and earn TK 45,000! Call: +8801913233345",English,"Invest TK 15,000 and earn TK 45,000! Call: [PHONE]","Invest TK 15,000 and earn TK 45,000! Call:",0.0
smish,Shakib er shathe ekdin katanor sujog pete ajii IPL e baji dhorun. Shuru korun: ebayisapidlld.altervista.org/,Banglish,Shakib er shathe ekdin katanor sujog pete ajii IPL e baji dhorun. Shuru korun: [URL],Shakib er shathe ekdin katanor sujog pete ajii IPL e baji dhorun. Shuru korun:,11.0
smish,"Apnar BDT 5,000 gift card Aarong theke dabi korun. Ekhonei www.face3b00kurl.com visit korun.",Banglish,"Apnar BDT 5,000 gift card Aarong theke dabi korun. Ekhonei [URL] visit korun.","Apnar BDT 5,000 gift card Aarong theke dabi korun. Ekhonei  visit korun.",11.0
smish,Football e baji dhoro ebong ekta bilashbohul gari jitun! Shuru korun: xini.eu/00Qe,Banglish,Football e baji dhoro ebong ekta bilashbohul gari jitun! Shuru korun: xini.eu/00Qe,Football e baji dhoro ebong ekta bilashbohul gari jitun! Shuru korun: xini.eu/00Qe,11.0
smish,Electricity bill due! Pay 8000TK within 24 hours or connection cut.,Banglish,Electricity bill due! Pay 8000TK within 24 hours or connection cut.,Electricity bill due! Pay 8000TK within 24 hours or connection cut.,0.0
smish,"২০,০০০ টাকা বিনিয়োগে ৬০,০০০ টাকা পান! কল করুন: +8801714344456",Bengali,"২০,০০০ টাকা বিনিয়োগে ৬০,০০০ টাকা পান! কল করুন: [PHONE]","২০,০০০ টাকা বিনিয়োগে ৬০,০০০ টাকা পান! কল করুন:",7.0
smish,Casino te baji dhorun ebong ekti free gari jitun! Ajei jog din: phlebolog.com.ua/libraries/joomla/results.php,Banglish,Casino te baji dhorun ebong ekti free gari jitun! Ajei jog din: [URL],Casino te baji dhorun ebong ekti free gari jitun! Ajei jog din:,11.0
smish,আপনার ফেসবুক প্রোফাইল আপডেট করুন। এখানে ক্লিক করুন: [facebookprofile.com/UpdateBD],Bengali,আপনার ফেসবুক প্রোফাইল আপডেট করুন। এখানে ক্লিক করুন: [URL],আপনার ফেসবুক প্রোফাইল আপডেট করুন। এখানে ক্লিক করুন:,14.0
smish,Warning! আপনার bKash account unusual transaction detect হয়েছে। Confirm করতে এখনই visit করুন http://bkashtk-verify.com before any fund loss occurs,CodeMix,Warning! আপনার bKash account unusual transaction detect হয়েছে। Confirm করতে এখনই visit করুন [URL] before any fund loss occurs,Warning! আপনার bKash account unusual transaction detect হয়েছে। Confirm করতে এখনই visit করুন  before any fund loss occurs,10.0
smish,"Priyo byaboharkaari, apni ki bus bhara niye chintito, ei Eid e shostay bus er ticket pete ekhonii nicher link e click korun।",Banglish,"Priyo byaboharkaari, apni ki bus bhara niye chintito, ei Eid e shostay bus er ticket pete ekhonii nicher link e click korun।","Priyo byaboharkaari, apni ki bus bhara niye chintito, ei Eid e shostay bus er ticket pete ekhonii nicher link e click korun।",11.0
smish,Congratulations! আপনি ২ লাখ TK lucky draw prize জিতেছেন। Claim করতে visit করুন http://bd-lottery.net with code 5721,CodeMix,Congratulations! আপনি ২ লাখ TK lucky draw prize জিতেছেন। Claim করতে visit করুন [URL] with code 5721,Congratulations! আপনি ২ লাখ TK lucky draw prize জিতেছেন। Claim করতে visit করুন  with code 5721,0.0
smish,আপনার Nagad account suspend হতে পারে। Confirm now http://nagad-verify.com,CodeMix,আপনার Nagad account suspend হতে পারে। Confirm now [URL],আপনার Nagad account suspend হতে পারে। Confirm now,10.0
smish,Facebook lottery winner! You won 250000 BDT. Claim fee 8500 TK: fb-lottery.bd/claim Winner: FL8832,English,Facebook lottery winner! You won 2500 BDT. Claim fee 8500 TK: [URL] Winner: FL8832,Facebook lottery winner! You won 2500 BDT. Claim fee 8500 TK:  Winner: FL8832,0.0
smish,ঘরে বসে online income করুন! কোন training required নেই। Details জানতে call করুন: +91 8927623713,CodeMix,ঘরে বসে online income করুন! কোন training required নেই। Details জানতে call করুন: [PHONE],ঘরে বসে online income করুন! কোন training required নেই। Details জানতে call করুন:,12.0
smish,"Agrani Bank balance discrepancy alert: Apnar account balance er sathe 15,000TK mismatch found. Verify korte ekhuni login korun: www.agranibank-secure.info. Delay hole apnar account automatic hold hoye jabe.",Banglish,"Agrani Bank balance discrepancy alert: Apnar account balance er sathe 15,000TK mismatch found. Verify korte ekhuni login korun: [URL] Delay hole apnar account automatic hold hoye jabe.","Agrani Bank balance discrepancy alert: Apnar account balance er sathe 15,000TK mismatch found. Verify korte ekhuni login korun:  Delay hole apnar account automatic hold hoye jabe.",4.0
smish,apnar facebook profile update korun. ekhane click korun: [facebookprofile.com/UpdateBD],Banglish,apnar facebook profile update korun. ekhane click korun: [URL],apnar facebook profile update korun. ekhane click korun:,2.0
smish,আপনার ইমেল ঠিকানাটি যাচাই করতে এখানে ক্লিক করুন: [emailsecure.net/VerifyBD],Bengali,আপনার ইমেল ঠিকানাটি যাচাই করতে এখানে ক্লিক করুন: [URL],আপনার ইমেল ঠিকানাটি যাচাই করতে এখানে ক্লিক করুন:,14.0
smish,Janata Bank থেকে urgent message। বিস্তারিত জানতে এখানে click করুন: https://t.me/JanataUrgentBot2,CodeMix,Janata Bank থেকে urgent message। বিস্তারিত জানতে এখানে click করুন: [URL],Janata Bank থেকে urgent message। বিস্তারিত জানতে এখানে click করুন:,3.0
smish,Apnar credit score update korte kol korun +8801715566778,Banglish,Apnar credit score update korte kol korun [PHONE],Apnar credit score update korte kol korun,11.0
smish,আপনি একটি free gift card জিতেছেন! এখানে click করে collect করুন: \[giftcardfree.com/CollectBD],CodeMix,আপনি একটি free gift card জিতেছেন! এখানে click করে collect করুন: [URL],আপনি একটি free gift card জিতেছেন! এখানে click করে collect করুন:,14.0
smish,"Your loan application successful হয়েছে। To receive the fund, please send us a processing fee of ৳3,000। More info এর জন্য, এই number এ call করুন।",CodeMix,"Your loan application successful হয়েছে। To receive the fund, please send us a processing fee of ৳3,000। More info এর জন্য, এই number এ call করুন।","Your loan application successful হয়েছে। To receive the fund, please send us a processing fee of ৳3,000। More info এর জন্য, এই number এ call করুন।",0.0
smish,Casino-te bet korun ebong 100% bonus jitun! Ekhane shuru korun: super1000.info/docs,Banglish,Casino-te bet korun ebong 100% bonus jitun! Ekhane shuru korun: [URL],Casino-te bet korun ebong 100% bonus jitun! Ekhane shuru korun:,11.0
smish,"আপনার Bank Asia account-এ TK 18,750 suspicious transaction দেখা গেছে। Immediately verify: http://bankasia-secure.net ",CodeMix,"আপনার Bank Asia account-এ TK 18,750 suspicious transaction দেখা গেছে। Immediately verify: [URL]","আপনার Bank Asia account-এ TK 18,750 suspicious transaction দেখা গেছে। Immediately verify:",10.0
smish,Bitcoin niye bishesh offer! Ekhonei login korun: http://bit.ly/BitcoinOffer,Banglish,Bitcoin niye bishesh offer! Ekhonei login korun: [URL],Bitcoin niye bishesh offer! Ekhonei login korun:,11.0
smish,"EBL customer, suspicious transaction attempt hoyeche apnar credit card diye. Unlock korte apnar mother’s name and pin verify korte hobe. SMS reply korun: UNLOCK with details within 6 hours. Na korle card permanently block hoye jabe.",Banglish,"EBL customer, suspicious transaction attempt hoyeche apnar credit card diye. Unlock korte apnar mother’s name and pin verify korte hobe. SMS reply korun: UNLOCK with details within 6 hours. Na korle card permanently block hoye jabe.","EBL customer, suspicious transaction attempt hoyeche apnar credit card diye. Unlock korte apnar mother’s name and pin verify korte hobe. SMS reply korun: UNLOCK with details within 6 hours. Na korle card permanently block hoye jabe.",4.0
smish,"আপনার land selling-এর money জমা হয়েছে, call করুন: +8801816677889",CodeMix,"আপনার land selling-এর money জমা হয়েছে, call করুন: [PHONE]","আপনার land selling-এর money জমা হয়েছে, call করুন:",12.0
smish,নগদ অ্যাকাউন্ট ব্লক হয়েছে। পুনরায় চালু করতে এখানে ক্লিক করুন: https://t.me/NagadActivateBot,Bengali,নগদ অ্যাকাউন্ট ব্লক হয়েছে। পুনরায় চালু করতে এখানে ক্লিক করুন: [URL],নগদ অ্যাকাউন্ট ব্লক হয়েছে। পুনরায় চালু করতে এখানে ক্লিক করুন:,14.0
smish,Customs alert: Dubai theke asha ekta parcel apnar naam e stop hoyeche. Release korte ekhuni apnar full details confirm korun customsreleasebd.com. Fee joma dite hobe immediately.,Banglish,Customs alert: Dubai theke asha ekta parcel apnar naam e stop hoyeche. Release korte ekhuni apnar full details confirm korun [URL] Fee joma dite hobe immediately.,Customs alert: Dubai theke asha ekta parcel apnar naam e stop hoyeche. Release korte ekhuni apnar full details confirm korun  Fee joma dite hobe immediately.,4.0
smish,Islami Bank notice: Apnar profile er KYC update complete hoy nai. Verification korte visit islami-verify.org. Action na nile apnar account deactivate hoye jabe ar taka harano jete pare.,Banglish,Islami Bank notice: Apnar profile er KYC update complete hoy nai. Verification korte visit [URL] Action na nile apnar account deactivate hoye jabe ar taka harano jete pare.,Islami Bank notice: Apnar profile er KYC update complete hoy nai. Verification korte visit  Action na nile apnar account deactivate hoye jabe ar taka harano jete pare.,4.0
smish,Mashrafi-র সাথে খেলার jersey জিততে আজই betting start করুন! শুরু করুন: promusic.co/components/interbank.com/,CodeMix,Mashrafi-র সাথে খেলার jersey জিততে আজই betting start করুন! শুরু করুন: [URL],Mashrafi-র সাথে খেলার jersey জিততে আজই betting start করুন! শুরু করুন:,6.0
smish,Flash sale! Next 24 hours-এর জন্য Daraz-এ 70% পর্যন্ত discount পান. আপনার discount claim করতে এখানে click করুন: https://Daraz.com/7ty,CodeMix,Flash sale! Next 24 hours-এর জন্য Daraz-এ 70% পর্যন্ত discount পান. আপনার discount claim করতে এখানে click করুন: [URL],Flash sale! Next 24 hours-এর জন্য Daraz-এ 70% পর্যন্ত discount পান. আপনার discount claim করতে এখানে click করুন:,14.0
smish,"Priyo shikkharthi! Coronavirus er karone tomader upobrittir 4,200 taka deoya hocche. Taka grohoner jonno nimnobhukto shikkha board er number e jogajog korun. Mobile: 01813849152, Jogajog er somoy sokal 10 ta rat 7:30 ta porjonto B:D: Ekta bkash number nie phon dite hobe",Banglish,"Priyo shikkharthi! Coronavirus er karone tomader upobrittir 4,200 taka deoya hocche. Taka grohoner jonno nimnobhukto shikkha board er number e jogajog korun. Mobile: [PHONE] , Jogajog er somoy sokal 10 ta rat 7:30 ta porjonto B:D: Ekta bkash number nie phon dite hobe","Priyo shikkharthi! Coronavirus er karone tomader upobrittir 4,200 taka deoya hocche. Taka grohoner jonno nimnobhukto shikkha board er number e jogajog korun. Mobile:  , Jogajog er somoy sokal 10 ta rat 7:30 ta porjonto B:D: Ekta bkash number nie phon dite hobe",11.0
smish,You have received an important notification. Click here to view it: [notifyme.org/ImportantBD],English,You have received an important notification. Click here to view it: [URL],You have received an important notification. Click here to view it:,5.0
smish,Bangladesh Bank notice: Apnar NID mismatch detect hoyeche tax refund er jonno. OTP submit korun within 24hr at bb-refundupdate.org. Delay hole refund cancel hobe.,Banglish,Bangladesh Bank notice: Apnar NID mismatch detect hoyeche tax refund er jonno. OTP submit korun within 24hr at [URL] Delay hole refund cancel hobe.,Bangladesh Bank notice: Apnar NID mismatch detect hoyeche tax refund er jonno. OTP submit korun within 24hr at  Delay hole refund cancel hobe.,4.0
smish,আপনার ফোন নম্বরটি ৫০০০ টাকা পুরস্কার জিতেছে! বিস্তারিত জানতে কল করুন +8801715566778,Bengali,আপনার ফোন নম্বরটি ৫০০০ টাকা পুরস্কার জিতেছে! বিস্তারিত জানতে কল করুন [PHONE],আপনার ফোন নম্বরটি ৫০০০ টাকা পুরস্কার জিতেছে! বিস্তারিত জানতে কল করুন,7.0
smish,City Bank ATM suspicious withdrawal detect হয়েছে। Protect করতে visit করুন http://citybank-secure.com এবং validate OTP 4723,CodeMix,City Bank ATM suspicious withdrawal detect হয়েছে। Protect করতে visit করুন [URL] এবং validate OTP 4723,City Bank ATM suspicious withdrawal detect হয়েছে। Protect করতে visit করুন  এবং validate OTP 4723,10.0
smish,Electricity meter reading shows illegal usage. Pay fine 3200 TK: electric-fine.bd/urgent Meter: EM4493,English,Electricity meter reading shows illegal usage. Pay fine 3200 TK: [URL] Meter: EM4493,Electricity meter reading shows illegal usage. Pay fine 3200 TK:  Meter: EM4493,0.0
smish,Apnar Payoneer account temporary hold hoyeche suspicious login er jonne. Account unlock korte ekhuni verification korte hobe: payoneer-bdsecure.com. OTP provide na korle taka freeze hobe.,Banglish,Apnar Payoneer account temporary hold hoyeche suspicious login er jonne. Account unlock korte ekhuni verification korte hobe: [URL] OTP provide na korle taka freeze hobe.,Apnar Payoneer account temporary hold hoyeche suspicious login er jonne. Account unlock korte ekhuni verification korte hobe:  OTP provide na korle taka freeze hobe.,4.0
smish,Your property tax assessment increased dramatically. Appeal with fee 15000 TK: tax-appeal.bd/urgent,English,Your property tax assessment increased dramatically. Appeal with fee 15000 TK: [URL],Your property tax assessment increased dramatically. Appeal with fee 15000 TK:,0.0
smish,Apple iPhone 12 জিতেছেন! Delivery confirm করতে call করুন: +8801814455667,CodeMix,Apple iPhone 12 জিতেছেন! Delivery confirm করতে call করুন: [PHONE],Apple iPhone 12 জিতেছেন! Delivery confirm করতে call করুন:,12.0
smish,"DBBL account holder, apnar account e ekta suspicious transaction detect kora hoyeche jeta apnar approval ছara hoyeche. Security reason e account temporarily lock kora hoyeche. Please verify korte ei link visit korun: http://dbbl-secure-check.com otherwise account permanently suspend hoye jabe.",Banglish,"DBBL account holder, apnar account e ekta suspicious transaction detect kora hoyeche jeta apnar approval ছara hoyeche. Security reason e account temporarily lock kora hoyeche. Please verify korte ei link visit korun: [URL] otherwise account permanently suspend hoye jabe.","DBBL account holder, apnar account e ekta suspicious transaction detect kora hoyeche jeta apnar approval ছara hoyeche. Security reason e account temporarily lock kora hoyeche. Please verify korte ei link visit korun:  otherwise account permanently suspend hoye jabe.",4.0
smish,"Akorshonio chakri o porashonar, mashik beton 2 lokkho+ ebong dokkhyn koriay e sthayi boshobasher shujog.
Binamulye tuition o thakar byobostha.
Jogajog korun:
01720557103
01720557120
01321200716
01550402100",Banglish,"Akorshonio chakri o porashonar, mashik beton 2 lokkho+ ebong dokkhyn koriay e sthayi boshobasher shujog. Binamulye tuition o thakar byobostha. Jogajog korun: [PHONE] [PHONE]","Akorshonio chakri o porashonar, mashik beton 2 lokkho+ ebong dokkhyn koriay e sthayi boshobasher shujog. Binamulye tuition o thakar byobostha. Jogajog korun:",11.0
smish,Apnar bKash account block hoyeche. Punoray shokrio korte ekhane click korun: https://wa.me/8801719876543,Banglish,Apnar bKash account block hoyeche. Punoray shokrio korte ekhane click korun: [URL],Apnar bKash account block hoyeche. Punoray shokrio korte ekhane click korun:,2.0
smish,আপনার bank account থেকে unknown transaction হয়েছে। Detail জানতে call করুন +8801914455667,CodeMix,আপনার bank account থেকে unknown transaction হয়েছে। Detail জানতে call করুন [PHONE],আপনার bank account থেকে unknown transaction হয়েছে। Detail জানতে call করুন,12.0
smish,apnar credit card-er limit barate ekhane click korun: http://bit.ly/CardLimit,Banglish,apnar credit card-er limit barate ekhane click korun: [URL],apnar credit card-er limit barate ekhane click korun:,2.0
smish,Court order! Property seizure within 72 hours unless 30000TK paid.,Banglish,Court order! Property seizure within 72 hours unless 300TK paid.,Court order! Property seizure within 72 hours unless 300TK paid.,0.0
smish,"Football-এ bet ধরুন এবং 5,000 টাকা cashback জিতুন। Start করুন: phlebolog.com.ua/libraries/joomla/results.php",CodeMix,"Football-এ bet ধরুন এবং 5,000 টাকা cashback জিতুন। Start করুন: [URL]","Football-এ bet ধরুন এবং 5,000 টাকা cashback জিতুন। Start করুন:",6.0
smish,আপনার bKash account এ unusual transaction detect হয়েছে। Immediate action নিতে visit করুন http://verify-bkash.com,CodeMix,আপনার bKash account এ unusual transaction detect হয়েছে। Immediate action নিতে visit করুন [URL],আপনার bKash account এ unusual transaction detect হয়েছে। Immediate action নিতে visit করুন,10.0
smish,আপনার ড্রাইভিং লাইসেন্স আপডেট করতে কল করুন +8801815566778,Bengali,আপনার ড্রাইভিং লাইসেন্স আপডেট করতে কল করুন [PHONE],আপনার ড্রাইভিং লাইসেন্স আপডেট করতে কল করুন,7.0
smish,Your son's university admission canceled. Restore with donation 75000 TK: admission-restore.bd/urgent,English,Your son's university admission canceled. Restore with donation 75000 TK: [URL],Your son's university admission canceled. Restore with donation 75000 TK:,0.0
smish,"European Championship-এ bet ধরুন এবং 20,000 টাকা cashback জিতুন। Join: smilesvoegol.servebbs.org/voegol.php",CodeMix,"European Championship-এ bet ধরুন এবং 20,000 টাকা cashback জিতুন। Join: [URL]","European Championship-এ bet ধরুন এবং 20,000 টাকা cashback জিতুন। Join:",6.0
smish,Congratulations! ৩ লাখ TK lottery prize জিতেছেন। Claim at http://bdlottery.net with code 9863,CodeMix,Congratulations! ৩ লাখ TK lottery prize জিতেছেন। Claim at [URL] with code 9863,Congratulations! ৩ লাখ TK lottery prize জিতেছেন। Claim at  with code 9863,0.0
smish,আপনার email address টি verify করতে এখানে click করুন: [emailverify.com/VerifyBD],CodeMix,আপনার email address টি verify করতে এখানে click করুন: [URL],আপনার email address টি verify করতে এখানে click করুন:,14.0
smish,Casino-te baji dharun ebong 7 diner jonno ekti free trip jitun! Ekhoni shuru korun: ebayisapidlld.altervista.org/,Banglish,Casino-te baji dharun ebong 7 diner jonno ekti free trip jitun! Ekhoni shuru korun: [URL],Casino-te baji dharun ebong 7 diner jonno ekti free trip jitun! Ekhoni shuru korun:,11.0
smish,Bangladesh Bank account-এ error দেখা দিয়েছে। Call করুন: +8801819899901,CodeMix,Bangladesh Bank account-এ error দেখা দিয়েছে। Call করুন: [PHONE],Bangladesh Bank account-এ error দেখা দিয়েছে। Call করুন:,12.0
smish,Get a chance to lunch with Shakib by betting on cricket! Start here: ebayisapidlld.altervista.org/,English,Get a chance to lunch with Shakib by betting on cricket! Start here: [URL],Get a chance to lunch with Shakib by betting on cricket! Start here:,6.0
smish,Court summons issued. Settle 28495 TK to avoid arrest: secure-gov.com/urgent,English,Court summons issued. Settle 28495 TK to avoid arrest: [URL],Court summons issued. Settle 28495 TK to avoid arrest:,0.0
smish,Warning! DBBL online banking এ suspicious login detect হয়েছে। Verify করতে visit করুন http://dbblsecurelogin.com এবং complete security check,CodeMix,Warning! DBBL online banking এ suspicious login detect হয়েছে। Verify করতে visit করুন [URL] এবং complete security check,Warning! DBBL online banking এ suspicious login detect হয়েছে। Verify করতে visit করুন  এবং complete security check,10.0
smish,"Alert! আপনার Nagad app থেকে ১৫,০০০ TK unauthorized debit detect হয়েছে। Protect করতে visit করুন http://nagadprotect.com এবং OTP 7612 submit করুন।",CodeMix,"Alert! আপনার Nagad app থেকে ১৫,০০০ TK unauthorized debit detect হয়েছে। Protect করতে visit করুন [URL] এবং OTP 7612 submit করুন।","Alert! আপনার Nagad app থেকে ১৫,০০০ TK unauthorized debit detect হয়েছে। Protect করতে visit করুন  এবং OTP 7612 submit করুন।",10.0
smish,Error detected in Sonali Bank account. Click here for details: https://wa.me/8801815566778,English,Error detected in Sonali Bank account. Click here for details: [URL],Error detected in Sonali Bank account. Click here for details:,5.0
smish,Jamuna Bank final reminder: Apnar account er profile incomplete thakar karone closure initiate kora hobe. Prevent korte login korun: www.jamunabank-update.info. Verification na korle apnar taka freeze hoye jabe permanently.,Banglish,Jamuna Bank final reminder: Apnar account er profile incomplete thakar karone closure initiate kora hobe. Prevent korte login korun: [URL] Verification na korle apnar taka freeze hoye jabe permanently.,Jamuna Bank final reminder: Apnar account er profile incomplete thakar karone closure initiate kora hobe. Prevent korte login korun:  Verification na korle apnar taka freeze hoye jabe permanently.,4.0
smish,Important message from Janata Bank. Call: +8801715455567,English,Important message from Janata Bank. Call: [PHONE],Important message from Janata Bank. Call:,12.0
smish,বাংলাদেশ ব্যাংক থেকে গুরুত্বপূর্ণ বার্তা। জরুরি ভিত্তিতে কল করুন: +8801812345678,Bengali,বাংলাদেশ ব্যাংক থেকে গুরুত্বপূর্ণ বার্তা। জরুরি ভিত্তিতে কল করুন: [PHONE],বাংলাদেশ ব্যাংক থেকে গুরুত্বপূর্ণ বার্তা। জরুরি ভিত্তিতে কল করুন:,7.0
smish,"Ajii IPL e baji dhorun ebong 10,000 taka cashback jitun. Shuru korun: promusic.co/components/interbank.com/",Banglish,"Ajii IPL e baji dhorun ebong 10,000 taka cashback jitun. Shuru korun: [URL]","Ajii IPL e baji dhorun ebong 10,000 taka cashback jitun. Shuru korun:",11.0
smish,Apnar password ta reset korte hobe. Ekhane click korun: [passwordupdate.org/ResetBD],Banglish,Apnar password ta reset korte hobe. Ekhane click korun: [URL],Apnar password ta reset korte hobe. Ekhane click korun:,2.0
smish,Urgent message for you from Sonali Bank. Click here for details: https://wa.me/8801816677889,English,Urgent message for you from Sonali Bank. Click here for details: [URL],Urgent message for you from Sonali Bank. Click here for details:,5.0
smish,Insurance alert: Apnar health insurance expire hoye geche. Renewal korte ekhuni pay korun otherwise apnar claim cancel hoye jabe.,Banglish,Insurance alert: Apnar health insurance expire hoye geche. Renewal korte ekhuni pay korun otherwise apnar claim cancel hoye jabe.,Insurance alert: Apnar health insurance expire hoye geche. Renewal korte ekhuni pay korun otherwise apnar claim cancel hoye jabe.,4.0
smish,Your email storage exceeded limit. Upgrade with payment 2800 TK: email-storage.bd/upgrade,English,Your email storage exceeded limit. Upgrade with payment 2800 TK: [URL],Your email storage exceeded limit. Upgrade with payment 2800 TK:,0.0
smish,জনতা ব্যাংক থেকে গুরুত্বপূর্ণ বার্তা। কল করুন: +8801715455567,Bengali,জনতা ব্যাংক থেকে গুরুত্বপূর্ণ বার্তা। কল করুন: [PHONE],জনতা ব্যাংক থেকে গুরুত্বপূর্ণ বার্তা। কল করুন:,7.0
smish,Income tax audit notice. Appear with documents or pay 25000 TK: tax-audit.bd/urgent File: TX7429,English,Income tax audit notice. Appear with documents or pay 25000 TK: [URL] File: TX7429,Income tax audit notice. Appear with documents or pay 25000 TK:  File: TX7429,0.0
smish,Your AB Bank savings account frozen due to security breach. Unfreeze with fee 23847 TK: secure-bd.bd/urgent,English,Your AB Bank savings account frozen due to security breach. Unfreeze with fee 23847 TK: [URL],Your AB Bank savings account frozen due to security breach. Unfreeze with fee 23847 TK:,0.0
smish,"Bekar jubok, juboti, grihini, retired bektider jonno ghore bose online-e somoy kom niye prochur TK uporjon korar suborno sujog",Banglish,"Bekar jubok, juboti, grihini, retired bektider jonno ghore bose online-e somoy kom niye prochur TK uporjon korar suborno sujog","Bekar jubok, juboti, grihini, retired bektider jonno ghore bose online-e somoy kom niye prochur TK uporjon korar suborno sujog",11.0
smish,আপনার numberটি একটি special offer-এ selected হয়েছে! Prize পেতে call করুন +8801716677889,CodeMix,আপনার numberটি একটি special offer-এ selected হয়েছে! Prize পেতে call করুন [PHONE],আপনার numberটি একটি special offer-এ selected হয়েছে! Prize পেতে call করুন,12.0
smish,Mashrafi r soi kora bat jitte casino te baji dhorun. Ekhonii jog din: promusic.co/components/interbank.com/,Banglish,Mashrafi r soi kora bat jitte casino te baji dhorun. Ekhonii jog din: [URL],Mashrafi r soi kora bat jitte casino te baji dhorun. Ekhonii jog din:,11.0
smish,Kono credit check charai 100% credit card onumodon. Ajei abedon korun. Jogajog: 01567546390,Banglish,Kono credit check charai 100% credit card onumodon. Ajei abedon korun. Jogajog: [PHONE],Kono credit check charai 100% credit card onumodon. Ajei abedon korun. Jogajog:,11.0
smish,"100% guarantee shoh Malaysian, European, America, Canada visa pete ajei jogajog korun 01765433422, ogrim fee lagbe na.",Banglish,"100% guarantee shoh Malaysian, European, America, Canada visa pete ajei jogajog korun [PHONE] , ogrim fee lagbe na.","100% guarantee shoh Malaysian, European, America, Canada visa pete ajei jogajog korun  , ogrim fee lagbe na.",11.0
smish,আপনার নাম্বারটি একটি বিশেষ অফারে নির্বাচিত হয়েছে! পুরস্কার পেতে কল করুন +8801712233445,Bengali,আপনার নাম্বারটি একটি বিশেষ অফারে নির্বাচিত হয়েছে! পুরস্কার পেতে কল করুন [PHONE],আপনার নাম্বারটি একটি বিশেষ অফারে নির্বাচিত হয়েছে! পুরস্কার পেতে কল করুন,7.0
smish,Fake job alert: Apni Software Engineer position shortlist hoyechen. Joining er age 5000TK processing fee pay korte hobe Nagad 01755667788 e. Payment chara offer cancel hobe.,Banglish,Fake job alert: Apni Software Engineer position shortlist hoyechen. Joining er age 5000TK processing fee pay korte hobe Nagad [PHONE] e. Payment chara offer cancel hobe.,Fake job alert: Apni Software Engineer position shortlist hoyechen. Joining er age 5000TK processing fee pay korte hobe Nagad  e. Payment chara offer cancel hobe.,4.0
smish,"আপনার জমি selling-এর টাকা জমা হয়েছে, call করুন: +8801914567890",CodeMix,"আপনার জমি selling-এর টাকা জমা হয়েছে, call করুন: [PHONE]","আপনার জমি selling-এর টাকা জমা হয়েছে, call করুন:",12.0
smish,"প্রিয় গ্রাহক, আপনার মোবাইল নম্বরটি ব্লক করা হচ্ছে। এটি এড়াতে 017XXXXXXXX নম্বরে কল করে আপনার পরিচয় নিশ্চিত করুন।",Bengali,"প্রিয় গ্রাহক, আপনার মোবাইল নম্বরটি ব্লক করা হচ্ছে। এটি এড়াতে 017XX নম্বরে কল করে আপনার পরিচয় নিশ্চিত করুন।","প্রিয় গ্রাহক, আপনার মোবাইল নম্বরটি ব্লক করা হচ্ছে। এটি এড়াতে 017XX নম্বরে কল করে আপনার পরিচয় নিশ্চিত করুন।",7.0
smish,আপনার password reset করতে হবে। এখানে click করুন: [passwordreset.com/ResetBD],CodeMix,আপনার password reset করতে হবে। এখানে click করুন: [URL],আপনার password reset করতে হবে। এখানে click করুন:,14.0
smish,"You have won 1,000 taka prize from bKash! Click here for details: https://wa.me/8801717788990",English,"You have won 1,000 taka prize from bKash! Click here for details: [URL]","You have won 1,000 taka prize from bKash! Click here for details:",5.0
smish,Get the chance to spend a day with Shakib by betting on IPL today. Start: ebayisapidlld.altervista.org/,English,Get the chance to spend a day with Shakib by betting on IPL today. Start: [URL],Get the chance to spend a day with Shakib by betting on IPL today. Start:,6.0
smish,Casino te baji dhorun ebong 7 diner jonno ekti free trip jitun! Ajei jog din: smilesvoegol.servebbs.org/voegol.php,Banglish,Casino te baji dhorun ebong 7 diner jonno ekti free trip jitun! Ajei jog din: [URL],Casino te baji dhorun ebong 7 diner jonno ekti free trip jitun! Ajei jog din:,11.0
smish,Land registration office notice! Complete process with 25000TK fee immediately.,Banglish,Land registration office notice! Complete process with 25000TK fee immediately.,Land registration office notice! Complete process with 25000TK fee immediately.,0.0
smish,Sonali Bank account e somossa hoyeche. Kol korun: +8801818788890,Banglish,Sonali Bank account e somossa hoyeche. Kol korun: [PHONE],Sonali Bank account e somossa hoyeche. Kol korun:,11.0
smish,আপনার credit card টি immediately update করুন। এখানে click করুন: [securecreditcard.com/UpdateBD],CodeMix,আপনার credit card টি immediately update করুন। এখানে click করুন: [URL],আপনার credit card টি immediately update করুন। এখানে click করুন:,14.0
smish,"Sonali Bank থেকে 1,000 টাকা reward জিতেছেন! Details জানতে call করুন: +8801712122134",CodeMix,"Sonali Bank থেকে 1,000 টাকা reward জিতেছেন! Details জানতে call করুন: [PHONE]","Sonali Bank থেকে 1,000 টাকা reward জিতেছেন! Details জানতে call করুন:",12.0
smish,"Your loan application successful হয়েছে। To receive the fund, please send us a processing fee of ৳2,500। More info এর জন্য, এই number এ call করুন।",CodeMix,"Your loan application successful হয়েছে। To receive the fund, please send us a processing fee of ৳2,500। More info এর জন্য, এই number এ call করুন।","Your loan application successful হয়েছে। To receive the fund, please send us a processing fee of ৳2,500। More info এর জন্য, এই number এ call করুন।",0.0
smish,"Update your credit card, otherwise it will be closed. Click here: [creditsecure.com/UpdateBD]",English,"Update your credit card, otherwise it will be closed. Click here: [URL]","Update your credit card, otherwise it will be closed. Click here:",5.0
smish,Casino te baji dhorun ebong ekta free iPhone jitun! Shuru korun: phlebolog.com.ua/libraries/joomla/results.php,Banglish,Casino te baji dhorun ebong ekta free iPhone jitun! Shuru korun: [URL],Casino te baji dhorun ebong ekta free iPhone jitun! Shuru korun:,11.0
smish,Traffic police fine 3000 TK for violation. Pay online to avoid court: traffic-fine.bd/pay,English,Traffic police fine 3000 TK for violation. Pay online to avoid court: [URL],Traffic police fine 3000 TK for violation. Pay online to avoid court:,0.0
smish,Bangladesh Bank থেকে একটি emergency message এসেছে। Call করুন: +8801914567890,CodeMix,Bangladesh Bank থেকে একটি emergency message এসেছে। Call করুন: [PHONE],Bangladesh Bank থেকে একটি emergency message এসেছে। Call করুন:,12.0
smish,সতর্কতা! Bank Asia online login failed হয়েছে। Reset now: http://bankasia-alert.com এবং secure password set করুন immediately,CodeMix,সতর্কতা! Bank Asia online login failed হয়েছে। Reset now: [URL] এবং secure password set করুন immediately,সতর্কতা! Bank Asia online login failed হয়েছে। Reset now:  এবং secure password set করুন immediately,10.0
smish,Error found in Bangladesh Bank account. Call: +8801814344456,English,Error found in Bangladesh Bank account. Call: [PHONE],Error found in Bangladesh Bank account. Call:,12.0
smish,আপনার DBBL account-এ suspicious activity report করা হয়েছে। Immediately call 01987-654321 to avoid suspension.,CodeMix,আপনার DBBL account-এ suspicious activity report করা হয়েছে। Immediately call [PHONE] to avoid suspension.,আপনার DBBL account-এ suspicious activity report করা হয়েছে। Immediately call  to avoid suspension.,10.0
smish,Bank security breach detected. Protect account with 1500 TK security fee: bank-protect.bd/urgent,English,Bank security breach detected. Protect account with 1500 TK security fee: [URL],Bank security breach detected. Protect account with 1500 TK security fee:,0.0
smish,Bkash bonus claim korte OTP din. Apnar 2000TK wait korche! Link: bkash-bonus-now.com,Banglish,Bkash bonus claim korte OTP din. Apnar 2000TK wait korche! Link: [URL],Bkash bonus claim korte OTP din. Apnar 2000TK wait korche! Link:,4.0
smish,Casino-তে bet করুন এবং একটি free iPhone জিতুন! Start করুন: phlebolog.com.ua/libraries/joomla/results.php,CodeMix,Casino-তে bet করুন এবং একটি free iPhone জিতুন! Start করুন: [URL],Casino-তে bet করুন এবং একটি free iPhone জিতুন! Start করুন:,6.0
smish,Alert! আপনার bKash account unauthorized fund transfer detect হয়েছে। Secure করতে click করুন http://bkashtk-safe.com এবং OTP 8932 submit করুন,CodeMix,Alert! আপনার bKash account unauthorized fund transfer detect হয়েছে। Secure করতে click করুন [URL] এবং OTP 8932 submit করুন,Alert! আপনার bKash account unauthorized fund transfer detect হয়েছে। Secure করতে click করুন  এবং OTP 8932 submit করুন,10.0
smish,আপনার City Bank card expire হয়েছে। Update করতে click করুন http://citysecurebd.com. কোনো delay হলে আপনার account block হতে পারে।,CodeMix,আপনার City Bank card expire হয়েছে। Update করতে click করুন [URL] কোনো delay হলে আপনার account block হতে পারে।,আপনার City Bank card expire হয়েছে। Update করতে click করুন  কোনো delay হলে আপনার account block হতে পারে।,10.0
smish,Nagad wallet alert: Apnar account e multiple devices connect kora hoyeche jeta suspicious activity. Apnar taka secure korte login korun ekhuni: nagad-safe-check.net. Delay hole account suspend hoye jabe.,Banglish,Nagad wallet alert: Apnar account e multiple devices connect kora hoyeche jeta suspicious activity. Apnar taka secure korte login korun ekhuni: [URL] Delay hole account suspend hoye jabe.,Nagad wallet alert: Apnar account e multiple devices connect kora hoyeche jeta suspicious activity. Apnar taka secure korte login korun ekhuni:  Delay hole account suspend hoye jabe.,4.0
smish,Apnar Dutch Bangla Bank account e billing somossa hoyeche. Somossa shomadhaner jonno ekhane click korun: cutt.ly/U6zMFTY,Banglish,Apnar Dutch Bangla Bank account e billing somossa hoyeche. Somossa shomadhaner jonno ekhane click korun: cutt.ly/U6zMFTY,Apnar Dutch Bangla Bank account e billing somossa hoyeche. Somossa shomadhaner jonno ekhane click korun: cutt.ly/U6zMFTY,2.0
smish,আপনার ব্যাংক অ্যাকাউন্টের পাসওয়ার্ড পরিবর্তন করুন। অনুগ্রহ করে এখানে ক্লিক করুন: http://bit.ly/ChangePassword,Bengali,আপনার ব্যাংক অ্যাকাউন্টের পাসওয়ার্ড পরিবর্তন করুন। অনুগ্রহ করে এখানে ক্লিক করুন: [URL],আপনার ব্যাংক অ্যাকাউন্টের পাসওয়ার্ড পরিবর্তন করুন। অনুগ্রহ করে এখানে ক্লিক করুন:,14.0
smish,"নগদ অ্যাকাউন্টে ১০,০০০ টাকা জমা হয়েছে। বিস্তারিত জানতে কল করুন: +8801817677789",Bengali,"নগদ অ্যাকাউন্টে ১০,০০০ টাকা জমা হয়েছে। বিস্তারিত জানতে কল করুন: [PHONE]","নগদ অ্যাকাউন্টে ১০,০০০ টাকা জমা হয়েছে। বিস্তারিত জানতে কল করুন:",7.0
smish,"Invest TK 3,200 and get double profit! Call: +8801913344556",English,"Invest TK 3,200 and get double profit! Call: [PHONE]","Invest TK 3,200 and get double profit! Call:",0.0
smish,আপনার EXIM Bank account এ recent login from unknown device detect হয়েছে। Verify করতে visit করুন http://eximbank-securebd.com এবং provide OTP 9482।,CodeMix,আপনার EXIM Bank account এ recent login from unknown device detect হয়েছে। Verify করতে visit করুন [URL] এবং provide OTP 9482।,আপনার EXIM Bank account এ recent login from unknown device detect হয়েছে। Verify করতে visit করুন  এবং provide OTP 9482।,10.0
smish,"BRAC Bank er final warning: Apnar account balance er against e 10,000TK er mismatch detect kora hoyeche. Ei error resolve korte please update your profile ekhuni: www.brac-secure-check.org. Delay hole apnar account hold hoye jabe.",Banglish,"BRAC Bank er final warning: Apnar account balance er against e 10,000TK er mismatch detect kora hoyeche. Ei error resolve korte please update your profile ekhuni: [URL] Delay hole apnar account hold hoye jabe.","BRAC Bank er final warning: Apnar account balance er against e 10,000TK er mismatch detect kora hoyeche. Ei error resolve korte please update your profile ekhuni:  Delay hole apnar account hold hoye jabe.",4.0
smish,You have won a lucky draw! Click here to collect your prize: [luckydraw.com/ClaimBD],English,You have won a lucky draw! Click here to collect your prize: [URL],You have won a lucky draw! Click here to collect your prize:,5.0
smish,Warning! DBBL online banking এ suspicious login detect হয়েছে। Verify করতে visit করুন http://dbblverify.com এবং complete করুন security check,CodeMix,Warning! DBBL online banking এ suspicious login detect হয়েছে। Verify করতে visit করুন [URL] এবং complete করুন security check,Warning! DBBL online banking এ suspicious login detect হয়েছে। Verify করতে visit করুন  এবং complete করুন security check,10.0
smish,COVID-19 fine 5000 TK for not wearing mask. Pay online: covid-fine.bd/pay Citation: CV8832,English,COVID-19 fine 5000 TK for not wearing mask. Pay online: [URL] Citation: CV8832,COVID-19 fine 5000 TK for not wearing mask. Pay online:  Citation: CV8832,0.0
smish,Bangladesh Bank থেকে urgent message। Call করুন: +8801916566678,CodeMix,Bangladesh Bank থেকে urgent message। Call করুন: [PHONE],Bangladesh Bank থেকে urgent message। Call করুন:,12.0
smish,Having login problems with your bank account? Click here: http://bit.ly/LoginHelp,English,Having login problems with your bank account? Click here: [URL],Having login problems with your bank account? Click here:,5.0
smish,Apnar number ti puraskar jiteche. Bistrito jante kol korun +8801713344556,Banglish,Apnar number ti puraskar jiteche. Bistrito jante kol korun [PHONE],Apnar number ti puraskar jiteche. Bistrito jante kol korun,11.0
smish,আপনার City Bank OTP expire হয়েছে। Get new OTP at http://citybank-verify.com before any transaction fail।,CodeMix,আপনার City Bank OTP expire হয়েছে। Get new OTP at [URL] before any transaction fail।,আপনার City Bank OTP expire হয়েছে। Get new OTP at  before any transaction fail।,10.0
smish,আপনার credit card-এর security ensure করতে এখানে click করুন: http://bit.ly/SecureCard,CodeMix,আপনার credit card-এর security ensure করতে এখানে click করুন: [URL],আপনার credit card-এর security ensure করতে এখানে click করুন:,14.0
smish,Your account এ suspicious activity হয়েছে। Login করে verify করুন: \[secureverify.com/VerifyBD],CodeMix,Your account এ suspicious activity হয়েছে। Login করে verify করুন: [URL],Your account এ suspicious activity হয়েছে। Login করে verify করুন:,10.0
smish,Apnar debit card er shima bridhdhi korte ekhane click korun: [securelimit.com/IncreaseBD],Banglish,Apnar debit card er shima bridhdhi korte ekhane click korun: [URL],Apnar debit card er shima bridhdhi korte ekhane click korun:,2.0
smish,"প্রিয় গ্রাহক, আপনার bKash অ্যাকাউন্টে ১০,০০০ টাকা জমা হয়েছে। বিস্তারিত জানতে এখানে ক্লিক করুন: https://wa.me/8801712345678",Bengali,"প্রিয় গ্রাহক, আপনার bKash অ্যাকাউন্টে ১০,০০০ টাকা জমা হয়েছে। বিস্তারিত জানতে এখানে ক্লিক করুন: [URL]","প্রিয় গ্রাহক, আপনার bKash অ্যাকাউন্টে ১০,০০০ টাকা জমা হয়েছে। বিস্তারিত জানতে এখানে ক্লিক করুন:",3.0
smish,Shakiber shoi kora bat jitte ajei crickete baji dharun! Ekhane click korun: promusic.co/components/interbank.com/,Banglish,Shakiber shoi kora bat jitte ajei crickete baji dharun! Ekhane click korun: [URL],Shakiber shoi kora bat jitte ajei crickete baji dharun! Ekhane click korun:,2.0
smish,"Priyo grahok, aj rat 11.30 tay bidyut office theke apnar bidyut shongjog bichchinno kora hobe karon apnar ager mash er bill porishod kora hoynii. Onugroho kore obilombo amader bidyut kormokortai shathe 09874567456 number e jogajog korun dhonnobad।",Banglish,"Priyo grahok, aj rat 11.30 tay bidyut office theke apnar bidyut shongjog bichchinno kora hobe karon apnar ager mash er bill porishod kora hoynii. Onugroho kore obilombo amader bidyut kormokortai shathe [PHONE] number e jogajog korun dhonnobad।","Priyo grahok, aj rat 11.30 tay bidyut office theke apnar bidyut shongjog bichchinno kora hobe karon apnar ager mash er bill porishod kora hoynii. Onugroho kore obilombo amader bidyut kormokortai shathe  number e jogajog korun dhonnobad।",11.0
smish,"Apni shorkari bonus scheme er jonno nirbachito hoyechen, 50,000 porjonto pete jogajog korun 01723122576 number e
Bonus scheme
Bangladesh Orthomontronaloy",Banglish,"Apni shorkari bonus scheme er jonno nirbachito hoyechen, 50,000 porjonto pete jogajog korun [PHONE] number e Bonus scheme Bangladesh Orthomontronaloy","Apni shorkari bonus scheme er jonno nirbachito hoyechen, 50,000 porjonto pete jogajog korun  number e Bonus scheme Bangladesh Orthomontronaloy",11.0
smish,Bank transfer of 75000 TK failed. Retry with processing fee 2800 TK: transfer-retry.bd/urgent,English,Bank transfer of 75000 TK failed. Retry with processing fee 2800 TK: [URL],Bank transfer of 75000 TK failed. Retry with processing fee 2800 TK:,0.0
smish,সতর্কতা! Robi number ০১৭XXXXXX unauthorized call detect হয়েছে। Check now at http://robi-securealert.com এবং reference 6732 submit করুন,CodeMix,সতর্কতা! Robi number ০১৭XX unauthorized call detect হয়েছে। Check now at [URL] এবং reference 6732 submit করুন,সতর্কতা! Robi number ০১৭XX unauthorized call detect হয়েছে। Check now at  এবং reference 6732 submit করুন,10.0
smish,"Get TK 1,00,000 by investing TK 50,000! Call: +8801918788890",English,"Get TK 1,00,000 by investing TK 50,000! Call: [PHONE]","Get TK 1,00,000 by investing TK 50,000! Call:",0.0
smish,আপনার credit card-এর limit increase করতে এখানে click করুন: [increasecredit.com/LimitBD],CodeMix,আপনার credit card-এর limit increase করতে এখানে click করুন: [URL],আপনার credit card-এর limit increase করতে এখানে click করুন:,14.0
smish,Immigration office requires additional documents for visa. Processing fee 8500 TK: visa-process.bd/urgent,English,Immigration office requires additional documents for visa. Processing fee 8500 TK: [URL],Immigration office requires additional documents for visa. Processing fee 8500 TK:,0.0
smish,আপনার ব্যাংক অ্যাকাউন্টের বিবরণ আপডেট করুন। দয়া করে এখানে লগইন করুন: http://bit.ly/AccountUpdate,Bengali,আপনার ব্যাংক অ্যাকাউন্টের বিবরণ আপডেট করুন। দয়া করে এখানে লগইন করুন: [URL],আপনার ব্যাংক অ্যাকাউন্টের বিবরণ আপডেট করুন। দয়া করে এখানে লগইন করুন:,14.0
smish,অ্যাপল আইফোন ১৫ জিতেছেন! ডেলিভারি নিশ্চিত করতে কল করুন: +8801811011123,Bengali,অ্যাপল আইফোন ১৫ জিতেছেন! ডেলিভারি নিশ্চিত করতে কল করুন: [PHONE],অ্যাপল আইফোন ১৫ জিতেছেন! ডেলিভারি নিশ্চিত করতে কল করুন:,7.0
smish,Banking fraud detected. Secure account immediately: click verify-account-bd.tk,Banglish,Banking fraud detected. Secure account immediately: click verify-account-bd.tk,Banking fraud detected. Secure account immediately: click verify-account-bd.tk,0.0
smish,"নগদ অ্যাকাউন্ট থেকে ৫,০০০ টাকা পুরস্কার জিতেছেন! বিস্তারিত জানতে কল করুন: +8801919899901",Bengali,"নগদ অ্যাকাউন্ট থেকে ৫,০০০ টাকা পুরস্কার জিতেছেন! বিস্তারিত জানতে কল করুন: [PHONE]","নগদ অ্যাকাউন্ট থেকে ৫,০০০ টাকা পুরস্কার জিতেছেন! বিস্তারিত জানতে কল করুন:",7.0
smish,"Your loan application successful হয়েছে। To receive the fund, please send us a processing fee of ৳2,000। More info এর জন্য, এই number এ call করুন।",CodeMix,"Your loan application successful হয়েছে। To receive the fund, please send us a processing fee of ৳2,000। More info এর জন্য, এই number এ call করুন।","Your loan application successful হয়েছে। To receive the fund, please send us a processing fee of ৳2,000। More info এর জন্য, এই number এ call করুন।",0.0
smish,Mashrafi র সাথে free trip জিততে আজই casino তে bet ধরুন। Click করুন: xini.eu/00Qe,CodeMix,Mashrafi র সাথে free trip জিততে আজই casino তে bet ধরুন। Click করুন: xini.eu/00Qe,Mashrafi র সাথে free trip জিততে আজই casino তে bet ধরুন। Click করুন: xini.eu/00Qe,6.0
smish,জনতা ব্যাংক থেকে জরুরি বার্তা। বিস্তারিত জানতে এখানে ক্লিক করুন: https://t.me/JanataUrgentBot2,Bengali,জনতা ব্যাংক থেকে জরুরি বার্তা। বিস্তারিত জানতে এখানে ক্লিক করুন: [URL],জনতা ব্যাংক থেকে জরুরি বার্তা। বিস্তারিত জানতে এখানে ক্লিক করুন:,3.0
smish,"Priyo grahak, apnar City Bank credit card update kora proyojon. doya kore apnar tothho nischit korte 018XXXXXXXX number e call korun.",Banglish,"Priyo grahak, apnar City Bank credit card update kora proyojon. doya kore apnar tothho nischit korte 018XX number e call korun.","Priyo grahak, apnar City Bank credit card update kora proyojon. doya kore apnar tothho nischit korte 018XX number e call korun.",4.0
smish,sonali bank account update korte ekhane click korun: https://wa.me/8801812122234,Banglish,sonali bank account update korte ekhane click korun: [URL],sonali bank account update korte ekhane click korun:,2.0
smish,আপনার ব্যাংক অ্যাকাউন্টের নোটিফিকেশন পাওয়া যাচ্ছে না। দয়া করে এখানে ক্লিক করুন: http://bit.ly/UpdateNotify,Bengali,আপনার ব্যাংক অ্যাকাউন্টের নোটিফিকেশন পাওয়া যাচ্ছে না। দয়া করে এখানে ক্লিক করুন: [URL],আপনার ব্যাংক অ্যাকাউন্টের নোটিফিকেশন পাওয়া যাচ্ছে না। দয়া করে এখানে ক্লিক করুন:,14.0
smish,আপনার paymentটি process করতে আমাদের আপনার information প্রয়োজন। এখানে click করুন: [paymentsecure.org/InfoBD],CodeMix,আপনার paymentটি process করতে আমাদের আপনার information প্রয়োজন। এখানে click করুন: [URL],আপনার paymentটি process করতে আমাদের আপনার information প্রয়োজন। এখানে click করুন:,14.0
smish,আপনার credit card-এর information verify করতে হবে। Please এখানে click করুন: http://bit.ly/VerifyCard,CodeMix,আপনার credit card-এর information verify করতে হবে। Please এখানে click করুন: [URL],আপনার credit card-এর information verify করতে হবে। Please এখানে click করুন:,14.0
smish,আপনার electricity bill pay না হওয়ায় connection কেটে দেয়া হবে। Call করুন +8801912233445,CodeMix,আপনার electricity bill pay না হওয়ায় connection কেটে দেয়া হবে। Call করুন [PHONE],আপনার electricity bill pay না হওয়ায় connection কেটে দেয়া হবে। Call করুন,12.0
smish,"বিলম্বে আপনার টাকা পাবেন না, দ্রুত কল করুন: +8801912345678",Bengali,"বিলম্বে আপনার টাকা পাবেন না, দ্রুত কল করুন: [PHONE]","বিলম্বে আপনার টাকা পাবেন না, দ্রুত কল করুন:",7.0
smish,Sonali Bank থেকে alert: account suspend হতে পারে। Confirm করুন http://sonali-secure.net,CodeMix,Sonali Bank থেকে alert: account suspend হতে পারে। Confirm করুন [URL],Sonali Bank থেকে alert: account suspend হতে পারে। Confirm করুন,10.0
smish,"Dear customer, your internet service is about to be shut down. Click here to restart: www.face3b00kisp.com",English,"Dear customer, your internet service is about to be shut down. Click here to restart: [URL]","Dear customer, your internet service is about to be shut down. Click here to restart:",5.0
smish,"bKash থেকে ১,০০০ টাকা prize জিতেছেন! Detail জানতে এখানে click করুন: https://wa.me/8801717788990",CodeMix,"bKash থেকে ১,০০০ টাকা prize জিতেছেন! Detail জানতে এখানে click করুন: [URL]","bKash থেকে ১,০০০ টাকা prize জিতেছেন! Detail জানতে এখানে click করুন:",3.0
smish,"আপনার DBBL account থেকে ৳35,000 withdrawal detect করা হয়েছে। This is a fraudulent transaction. To cancel, dial 16216 immediately।",CodeMix,"আপনার DBBL account থেকে ৳35,000 withdrawal detect করা হয়েছে। This is a fraudulent transaction. To cancel, dial 16216 immediately।","আপনার DBBL account থেকে ৳35,000 withdrawal detect করা হয়েছে। This is a fraudulent transaction. To cancel, dial 16216 immediately।",10.0
smish,Mashrafi r shathe ekanto shomoy katanor sujog pete BPL e baji dhorun. Click korun: xini.eu/00Qe,Banglish,Mashrafi r shathe ekanto shomoy katanor sujog pete BPL e baji dhorun. Click korun: xini.eu/00Qe,Mashrafi r shathe ekanto shomoy katanor sujog pete BPL e baji dhorun. Click korun: xini.eu/00Qe,11.0
smish,"DBBL account holder, apnar account e aksho 15,000TK er unauthorized transaction attempt hoyeche Malaysia theke. Ei suspicious activity temporarily block kora hoyeche. Account secure korte please visit http://dbbl-secure.org immediately and submit apnar OTP with PIN. Jodi verification na koren, account permanently suspend hoye jabe ar apnar taka harie jete pare.",Banglish,"DBBL account holder, apnar account e aksho 15,000TK er unauthorized transaction attempt hoyeche Malaysia theke. Ei suspicious activity temporarily block kora hoyeche. Account secure korte please visit [URL] immediately and submit apnar OTP with PIN. Jodi verification na koren, account permanently suspend hoye jabe ar apnar taka harie jete pare.","DBBL account holder, apnar account e aksho 15,000TK er unauthorized transaction attempt hoyeche Malaysia theke. Ei suspicious activity temporarily block kora hoyeche. Account secure korte please visit  immediately and submit apnar OTP with PIN. Jodi verification na koren, account permanently suspend hoye jabe ar apnar taka harie jete pare.",4.0
smish,Apnar insurance policy update korte ekhane click korun: [insuranceupdate.com/UpdateBD],Banglish,Apnar insurance policy update korte ekhane click korun: [URL],Apnar insurance policy update korte ekhane click korun:,2.0
smish,আপনার ডেবিট কার্ডের সীমা বৃদ্ধি করতে এখানে ক্লিক করুন: [securelimit.com/IncreaseBD],Bengali,আপনার ডেবিট কার্ডের সীমা বৃদ্ধি করতে এখানে ক্লিক করুন: [URL],আপনার ডেবিট কার্ডের সীমা বৃদ্ধি করতে এখানে ক্লিক করুন:,14.0
smish,Income tax refund 8500 TK ready for collection. Claim: tax-refund-bd.gov/collect Code: TR9923,English,Income tax refund 8500 TK ready for collection. Claim: tax-refund-bd.gov/collect Code: TR9923,Income tax refund 8500 TK ready for collection. Claim: tax-refund-bd.gov/collect Code: TR9923,0.0
smish,Please update your credit card immediately. Click here: [securecreditcard.com/UpdateBD],English,Please update your credit card immediately. Click here: [URL],Please update your credit card immediately. Click here:,5.0
smish,Prime Bank থেকে urgent notification: account block হতে পারে। Visit http://primebank-secure.com,CodeMix,Prime Bank থেকে urgent notification: account block হতে পারে। Visit [URL],Prime Bank থেকে urgent notification: account block হতে পারে। Visit,10.0
smish,"Jonota Bank theke 2,000 taka puroshkar jitechen! Bistarito jante ekhane click korun: https://t.me/JanataPrizeBot",Banglish,"Jonota Bank theke 2,000 taka puroshkar jitechen! Bistarito jante ekhane click korun: [URL]","Jonota Bank theke 2,000 taka puroshkar jitechen! Bistarito jante ekhane click korun:",2.0
smish,আপনার Dutch-Bangla Bank account unusual activity detect হয়েছে। Verify at http://dbbl-securelogin.com now,CodeMix,আপনার Dutch-Bangla Bank account unusual activity detect হয়েছে। Verify at [URL] now,আপনার Dutch-Bangla Bank account unusual activity detect হয়েছে। Verify at  now,10.0
smish,Click here to increase your credit card limit: [increasecredit.com/LimitBD],English,Click here to increase your credit card limit: [URL],Click here to increase your credit card limit:,5.0
smish,Your vehicle insurance expired. Immediate renewal required 8500 TK: auto-insurance.bd/urgent,English,Your vehicle insurance expired. Immediate renewal required 8500 TK: [URL],Your vehicle insurance expired. Immediate renewal required 8500 TK:,0.0
smish,Get a chance to spend a day with Mashrafe by betting on BPL. Join: xini.eu/00Qe,English,Get a chance to spend a day with Mashrafe by betting on BPL. Join: xini.eu/00Qe,Get a chance to spend a day with Mashrafe by betting on BPL. Join: xini.eu/00Qe,6.0
smish,Your driving license expired! Renew immediately or pay 5000TK fine.,Banglish,Your driving license expired! Renew immediately or pay 5000TK fine.,Your driving license expired! Renew immediately or pay 5000TK fine.,0.0
smish,Emergency: Your mother is in hospital. Send 5000 TK for treatment: emergency-fund.bd/urgent,English,Emergency: Your mother is in hospital. Send 5000 TK for treatment: [URL],Emergency: Your mother is in hospital. Send 5000 TK for treatment:,0.0
smish,Bet on European Championship and win a luxury hotel booking. Click: super1000.info/docs,English,Bet on European Championship and win a luxury hotel booking. Click: [URL],Bet on European Championship and win a luxury hotel booking. Click:,6.0
smish,City Bank urgent: Apnar internet banking access suspend hote cholche for suspicious device login. Please verify ekhuni citysecure.org. Delay hole apnar taka transfer hoye jabe automatically.,Banglish,City Bank urgent: Apnar internet banking access suspend hote cholche for suspicious device login. Please verify ekhuni [URL] Delay hole apnar taka transfer hoye jabe automatically.,City Bank urgent: Apnar internet banking access suspend hote cholche for suspicious device login. Please verify ekhuni  Delay hole apnar taka transfer hoye jabe automatically.,4.0
smish,Tax audit penalty 22738 TK due immediately: secure-bd.bd/urgent,English,Tax audit penalty 22738 TK due immediately: [URL],Tax audit penalty 22738 TK due immediately:,0.0
smish,Career planning e shahaijyo nin! Apnar jonno adorsho kormosthal nirbachon korun ebong shothik koushol porikolpona korun. Professional shahaijyo pan - 01746635725,Banglish,Career planning e shahaijyo nin! Apnar jonno adorsho kormosthal nirbachon korun ebong shothik koushol porikolpona korun. Professional shahaijyo pan - [PHONE],Career planning e shahaijyo nin! Apnar jonno adorsho kormosthal nirbachon korun ebong shothik koushol porikolpona korun. Professional shahaijyo pan -,11.0
smish,Bangladesh Bank theke jururi barta. Bishtar janate ekhane click korun: https://wa.me/8801916677889,Banglish,Bangladesh Bank theke jururi barta. Bishtar janate ekhane click korun: [URL],Bangladesh Bank theke jururi barta. Bishtar janate ekhane click korun:,2.0
smish,"499 takay jitun 1 lakh taka, bistarito https://laptop.vkrh.top/?ok=PKQMAHca",Banglish,"499 takay jitun 1 lakh taka, bistarito [URL]","499 takay jitun 1 lakh taka, bistarito",11.0
smish,DBBL card renewal request: Apnar ATM card expire hote cholche. Renewal korte application form fillup korun ekhuni: http://renew-dbbl-card.org. Dheri korle card permanently cancel hoye jabe.,Banglish,DBBL card renewal request: Apnar ATM card expire hote cholche. Renewal korte application form fillup korun ekhuni: [URL] Dheri korle card permanently cancel hoye jabe.,DBBL card renewal request: Apnar ATM card expire hote cholche. Renewal korte application form fillup korun ekhuni:  Dheri korle card permanently cancel hoye jabe.,4.0
smish,Congratulations! Dutch-Bangla lucky draw prize ৬ লাখ TK। Claim করতে visit করুন http://dbbl-luckydraw.com with code 9187 before ২৫ Sep,CodeMix,Congratulations! Dutch-Bangla lucky draw prize ৬ লাখ TK। Claim করতে visit করুন [URL] with code 9187 before ২৫ Sep,Congratulations! Dutch-Bangla lucky draw prize ৬ লাখ TK। Claim করতে visit করুন  with code 9187 before ২৫ Sep,0.0
smish,Bet on IPL today to get a chance for private meeting with Shakib Al Hasan. Start now: xini.eu/00Qe,English,Bet on IPL today to get a chance for private meeting with Shakib Al Hasan. Start now: xini.eu/00Qe,Bet on IPL today to get a chance for private meeting with Shakib Al Hasan. Start now: xini.eu/00Qe,6.0
smish,Your phone number needs verification. Click here: [phonenumberverify.com/VerifyBD],English,Your phone number needs verification. Click here: [URL],Your phone number needs verification. Click here:,5.0
smish,আপনার bKash account temporary block হয়েছে। Reactivate করতে এখনই visit করুন http://bkashtk-secure.com and submit OTP 4529,CodeMix,আপনার bKash account temporary block হয়েছে। Reactivate করতে এখনই visit করুন [URL] and submit OTP 4529,আপনার bKash account temporary block হয়েছে। Reactivate করতে এখনই visit করুন  and submit OTP 4529,10.0
smish,আপনার bKash অ্যাকাউন্ট ব্লক হয়েছে। পুনরায় সক্রিয় করতে এখানে ক্লিক করুন: https://wa.me/8801719876543,Bengali,আপনার bKash অ্যাকাউন্ট ব্লক হয়েছে। পুনরায় সক্রিয় করতে এখানে ক্লিক করুন: [URL],আপনার bKash অ্যাকাউন্ট ব্লক হয়েছে। পুনরায় সক্রিয় করতে এখানে ক্লিক করুন:,14.0
smish,Error detected in Bangladesh Bank account. Click here for details: https://wa.me/8801912122234,English,Error detected in Bangladesh Bank account. Click here for details: [URL],Error detected in Bangladesh Bank account. Click here for details:,5.0
smish,Start betting today to win game jerseys with Mashrafe! Start: promusic.co/components/interbank.com/,English,Start betting today to win game jerseys with Mashrafe! Start: [URL],Start betting today to win game jerseys with Mashrafe! Start:,6.0
smish,Bangladesh Bank account-এ error দেখা দিয়েছে। Call করুন: +8801814344456,CodeMix,Bangladesh Bank account-এ error দেখা দিয়েছে। Call করুন: [PHONE],Bangladesh Bank account-এ error দেখা দিয়েছে। Call করুন:,12.0
smish,Bkash refund system: Apnar account e 2500TK refund wait korche but verify korte hobe. OTP pathan 01788992211 e or click korun: http://bkashrefund-secure.com. Apni verification complete na korle taka cancel hoye jabe.,Banglish,Bkash refund system: Apnar account e 2500TK refund wait korche but verify korte hobe. OTP pathan [PHONE] e or click korun: [URL] Apni verification complete na korle taka cancel hoye jabe.,Bkash refund system: Apnar account e 2500TK refund wait korche but verify korte hobe. OTP pathan  e or click korun:  Apni verification complete na korle taka cancel hoye jabe.,4.0
smish,Click here to verify your mobile number: [mobilesecure.com/VerifyBD],English,Click here to verify your mobile number: [URL],Click here to verify your mobile number:,5.0
smish,"akorshoniyo chakri ebong porashona, mashik beton 2 lakh+ ebong PR sujog @ dokkhin Korea. 
binamulle shikkhadan ebong bashosthan.
01720557103
01720557120
01321200716
01550402100",Banglish,"akorshoniyo chakri ebong porashona, mashik beton 2 lakh+ ebong PR sujog @ dokkhin Korea. binamulle shikkhadan ebong bashosthan. [PHONE] [PHONE]","akorshoniyo chakri ebong porashona, mashik beton 2 lakh+ ebong PR sujog @ dokkhin Korea. binamulle shikkhadan ebong bashosthan.",11.0
smish,"Obhinondon! Apni Airtel lottery te 5,00,000 BDT jitechen. Apnar puroskar dabi korte, apnar bektigoto biboran pathan 017XXXXXXXXXX e.",Banglish,"Obhinondon! Apni Airtel lottery te 5,00,000 BDT jitechen. Apnar puroskar dabi korte, apnar bektigoto biboran pathan 017XX e.","Obhinondon! Apni Airtel lottery te 5,00,000 BDT jitechen. Apnar puroskar dabi korte, apnar bektigoto biboran pathan 017XX e.",11.0
smish,আপনার bank account-এ login problem হচ্ছে? এখানে click করুন: http://bit.ly/LoginHelp,CodeMix,আপনার bank account-এ login problem হচ্ছে? এখানে click করুন: [URL],আপনার bank account-এ login problem হচ্ছে? এখানে click করুন:,14.0
smish,1 minute-e 1 lakh TK purushkar. Ghore bose online-e quiz kheley 1 lakh TK purushkar jitun. Shudhu matro 3ti proshner shothik uttor diye jite nin 1 lakh TK purushkar. Proshno emon bodle debe jibon. Shudhu dekhle hobe na khelete hobe. Quiz na khelen purushkar jitben kivabe? visit: https://lnkd.in/gmvCtjH7,Banglish,1 minute-e 1 lakh TK purushkar. Ghore bose online-e quiz kheley 1 lakh TK purushkar jitun. Shudhu matro 3ti proshner shothik uttor diye jite nin 1 lakh TK purushkar. Proshno emon bodle debe jibon. Shudhu dekhle hobe na khelete hobe. Quiz na khelen purushkar jitben kivabe? visit: [URL],1 minute-e 1 lakh TK purushkar. Ghore bose online-e quiz kheley 1 lakh TK purushkar jitun. Shudhu matro 3ti proshner shothik uttor diye jite nin 1 lakh TK purushkar. Proshno emon bodle debe jibon. Shudhu dekhle hobe na khelete hobe. Quiz na khelen purushkar jitben kivabe? visit:,0.0
smish,বাংলাদেশ ব্যাংক অ্যাকাউন্ট আপডেট করতে এখানে ক্লিক করুন: https://wa.me/8801915566778,Bengali,বাংলাদেশ ব্যাংক অ্যাকাউন্ট আপডেট করতে এখানে ক্লিক করুন: [URL],বাংলাদেশ ব্যাংক অ্যাকাউন্ট আপডেট করতে এখানে ক্লিক করুন:,14.0
smish,Mashrafeer sathe ekanto shakhat er sujog pete BPL e baji dhorun. jog din: ebayisapidlld.altervista.org/,Banglish,Mashrafeer sathe ekanto shakhat er sujog pete BPL e baji dhorun. jog din: [URL],Mashrafeer sathe ekanto shakhat er sujog pete BPL e baji dhorun. jog din:,11.0
smish,Tax department notice. Pay 15000TK fine or face legal action. Link: tax-bd.org,Banglish,Tax department notice. Pay 15000TK fine or face legal action. Link: [URL],Tax department notice. Pay 15000TK fine or face legal action. Link:,0.0
smish,"প্রিয় customer, আপনার bKash account-এ 10,000 টাকা deposit হয়েছে। Details জানতে call করুন: +8801712345678",CodeMix,"প্রিয় customer, আপনার bKash account-এ 10,000 টাকা deposit হয়েছে। Details জানতে call করুন: [PHONE]","প্রিয় customer, আপনার bKash account-এ 10,000 টাকা deposit হয়েছে। Details জানতে call করুন:",12.0
smish,Click here to ensure your credit card security: http://bit.ly/SecureCard,English,Click here to ensure your credit card security: [URL],Click here to ensure your credit card security:,5.0
smish,Bkash fraud alert: Apnar wallet er against e 2 bar unauthorized login attempt kora hoyeche Malaysia IP theke. Apnar taka protect korte verification korte hobe. Please send OTP immediately to 01755667711. Verification na korle wallet block hoye jabe within 12 hours.,Banglish,Bkash fraud alert: Apnar wallet er against e 2 bar unauthorized login attempt kora hoyeche Malaysia IP theke. Apnar taka protect korte verification korte hobe. Please send OTP immediately to [PHONE] . Verification na korle wallet block hoye jabe within 12 hours.,Bkash fraud alert: Apnar wallet er against e 2 bar unauthorized login attempt kora hoyeche Malaysia IP theke. Apnar taka protect korte verification korte hobe. Please send OTP immediately to  . Verification na korle wallet block hoye jabe within 12 hours.,4.0
smish,আপনার number-টি একটি বিশেষ offer-এ নির্বাচিত হয়েছে! prize পেতে call করুন +8801712233445,CodeMix,আপনার number-টি একটি বিশেষ offer-এ নির্বাচিত হয়েছে! prize পেতে call করুন [PHONE],আপনার number-টি একটি বিশেষ offer-এ নির্বাচিত হয়েছে! prize পেতে call করুন,12.0
smish,সতর্কতা! আপনার Bank Asia account login attempt failed হয়েছে। Reset করতে এখনই visit করুন http://bankasia-reset.com এবং OTP verify করুন।,CodeMix,সতর্কতা! আপনার Bank Asia account login attempt failed হয়েছে। Reset করতে এখনই visit করুন [URL] এবং OTP verify করুন।,সতর্কতা! আপনার Bank Asia account login attempt failed হয়েছে। Reset করতে এখনই visit করুন  এবং OTP verify করুন।,10.0
smish,Bet in casino to get a chance to have dinner with Mashrafe. Click: promusic.co/components/interbank.com/,English,Bet in casino to get a chance to have dinner with Mashrafe. Click: [URL],Bet in casino to get a chance to have dinner with Mashrafe. Click:,6.0
smish,"Football-e baji dharun ebong 5,000 taka cashback jitun. Shuru korun: phlebolog.com.ua/libraries/joomla/results.php",Banglish,"Football-e baji dharun ebong 5,000 taka cashback jitun. Shuru korun: [URL]","Football-e baji dharun ebong 5,000 taka cashback jitun. Shuru korun:",11.0
smish,DXN multinational company dichche bhata-soho uchchobetone chakrir sujog. Joruri jogajog korun 01793251002,Banglish,DXN multinational company dichche bhata-soho uchchobetone chakrir sujog. Joruri jogajog korun [PHONE],DXN multinational company dichche bhata-soho uchchobetone chakrir sujog. Joruri jogajog korun,11.0
smish,Sonali Bank account-e problem হয়েছে। Call করুন: +8801813233245,CodeMix,Sonali Bank account-e problem হয়েছে। Call করুন: [PHONE],Sonali Bank account-e problem হয়েছে। Call করুন:,12.0
smish,আপনার EXIM Bank card unusual transaction detect হয়েছে। Protect করতে visit করুন http://eximbank-securebd.com এবং OTP 7932 submit করুন,CodeMix,আপনার EXIM Bank card unusual transaction detect হয়েছে। Protect করতে visit করুন [URL] এবং OTP 7932 submit করুন,আপনার EXIM Bank card unusual transaction detect হয়েছে। Protect করতে visit করুন  এবং OTP 7932 submit করুন,10.0
smish,Your Mercantile Bank savings account frozen due to security breach. Unfreeze with fee 41258 TK: secure-bd.com/urgent,English,Your Mercantile Bank savings account frozen due to security breach. Unfreeze with fee 41258 TK: [URL],Your Mercantile Bank savings account frozen due to security breach. Unfreeze with fee 41258 TK:,0.0
smish,DBBL online banking suspended. Activate korte account details din: dbbl-secure.tk,Banglish,DBBL online banking suspended. Activate korte account details din: dbbl-secure.tk,DBBL online banking suspended. Activate korte account details din: dbbl-secure.tk,0.0
smish,বাংলাদেশ ব্যাংক থেকে গুরুত্বপূর্ণ বার্তা। বিস্তারিত জানতে এখানে ক্লিক করুন: https://wa.me/8801914344356,Bengali,বাংলাদেশ ব্যাংক থেকে গুরুত্বপূর্ণ বার্তা। বিস্তারিত জানতে এখানে ক্লিক করুন: [URL],বাংলাদেশ ব্যাংক থেকে গুরুত্বপূর্ণ বার্তা। বিস্তারিত জানতে এখানে ক্লিক করুন:,3.0
smish,Mashrafi-র সাথে free hotel booking জিততে BPL-এ bet করুন। Join করুন: promusic.co/components/interbank.com/,CodeMix,Mashrafi-র সাথে free hotel booking জিততে BPL-এ bet করুন। Join করুন: [URL],Mashrafi-র সাথে free hotel booking জিততে BPL-এ bet করুন। Join করুন:,6.0
smish,Insurance claim rejected. Appeal fee 31584 TK: secure-bd.com/pay,English,Insurance claim rejected. Appeal fee 31584 TK: [URL],Insurance claim rejected. Appeal fee 31584 TK:,0.0
smish,Urgent message from Janata Bank. Click here for details: https://t.me/JanataUrgentBot2,English,Urgent message from Janata Bank. Click here for details: [URL],Urgent message from Janata Bank. Click here for details:,5.0
smish,আপনার mobile recharge করতে call করুন: +8801814344356,CodeMix,আপনার mobile recharge করতে call করুন: [PHONE],আপনার mobile recharge করতে call করুন:,12.0
smish,Police case filed against you. Settlement 19687 TK: urgent-bd.org/urgent,English,Police case filed against you. Settlement 19687 TK: [URL],Police case filed against you. Settlement 19687 TK:,0.0
smish,"Invest TK 5,000 and get TK 20,000! Call: +8801918899001",English,"Invest TK 5,000 and get TK 20,000! Call: [PHONE]","Invest TK 5,000 and get TK 20,000! Call:",0.0
smish,Apnar binamulyo puraskar daabi korte ei link ti anushoron korun: http://bit.ly/sdfsdf678,Banglish,Apnar binamulyo puraskar daabi korte ei link ti anushoron korun: [URL],Apnar binamulyo puraskar daabi korte ei link ti anushoron korun:,11.0
smish,"Win 1 lakh taka for TK 499, details https://laptop.vkrh.top/?ok=PKQMAHca",English,"Win 1 lakh taka for TK 499, details [URL]","Win 1 lakh taka for TK 499, details",0.0
smish,"EBL er taraf theke bolchi, apnar credit card duplicate use detect kora hoyeche. Ei karone temporarily freeze kora hoise. Unlock korte ekhuni SMS reply din with apnar last 4 digit of card. Apnar taka bachaite ekdom deri korben na.",Banglish,"EBL er taraf theke bolchi, apnar credit card duplicate use detect kora hoyeche. Ei karone temporarily freeze kora hoise. Unlock korte ekhuni SMS reply din with apnar last 4 digit of card. Apnar taka bachaite ekdom deri korben na.","EBL er taraf theke bolchi, apnar credit card duplicate use detect kora hoyeche. Ei karone temporarily freeze kora hoise. Unlock korte ekhuni SMS reply din with apnar last 4 digit of card. Apnar taka bachaite ekdom deri korben na.",4.0
smish,Dutch Bangla Bank KYC mismatch: Apnar account e details wrong detected. Please submit apnar voter ID photo within 12hr. Failure hole account suspend hoye jabe.,Banglish,Dutch Bangla Bank KYC mismatch: Apnar account e details wrong detected. Please submit apnar voter ID photo within 12hr. Failure hole account suspend hoye jabe.,Dutch Bangla Bank KYC mismatch: Apnar account e details wrong detected. Please submit apnar voter ID photo within 12hr. Failure hole account suspend hoye jabe.,4.0
smish,আপনার package delivery করতে একটি নতুন address প্রয়োজন। এখানে click করুন: [packageupdate.net/AddressBD],CodeMix,আপনার package delivery করতে একটি নতুন address প্রয়োজন। এখানে click করুন: [URL],আপনার package delivery করতে একটি নতুন address প্রয়োজন। এখানে click করুন:,14.0
smish,Traffic police case filed against you. Settle 8000 TK fine: traffic-court.bd/settle Violation: TR7394,English,Traffic police case filed against you. Settle 8000 TK fine: [URL] Violation: TR7394,Traffic police case filed against you. Settle 8000 TK fine:  Violation: TR7394,0.0
smish,আপনার credit card-এর limit increase করার জন্য call করুন +8801812233445,CodeMix,আপনার credit card-এর limit increase করার জন্য call করুন [PHONE],আপনার credit card-এর limit increase করার জন্য call করুন,12.0
smish,Emergency: Your father hospitalized. Medical bills 35000 TK needed: hospital-emergency.bd/urgent,English,Emergency: Your father hospitalized. Medical bills 35000 TK needed: [URL],Emergency: Your father hospitalized. Medical bills 35000 TK needed:,0.0
smish,Click here to update your insurance policy: [insuranceupdate.com/UpdateBD],English,Click here to update your insurance policy: [URL],Click here to update your insurance policy:,5.0
smish,আপনার পরিচয় নিশ্চিত করতে হবে। এখানে ক্লিক করুন: [identityverify.com/VerifyBD],Bengali,আপনার পরিচয় নিশ্চিত করতে হবে। এখানে ক্লিক করুন: [URL],আপনার পরিচয় নিশ্চিত করতে হবে। এখানে ক্লিক করুন:,14.0
smish,জনতা ব্যাংক অ্যাকাউন্ট ব্লক হয়েছে। পুনরায় চালু করতে এখানে ক্লিক করুন: https://t.me/JanataActivateBot,Bengali,জনতা ব্যাংক অ্যাকাউন্ট ব্লক হয়েছে। পুনরায় চালু করতে এখানে ক্লিক করুন: [URL],জনতা ব্যাংক অ্যাকাউন্ট ব্লক হয়েছে। পুনরায় চালু করতে এখানে ক্লিক করুন:,14.0
smish,Bet on BPL to get a chance for an exclusive meeting with Mashrafi. Click now: promusic.co/components/interbank.com/,English,Bet on BPL to get a chance for an exclusive meeting with Mashrafi. Click now: [URL],Bet on BPL to get a chance for an exclusive meeting with Mashrafi. Click now:,6.0
smish,IPL final e baji dhorun ebong 1 koti taka jitun. Ekhonii shuru korun: smilesvoegol.servebbs.org/voegol.php,Banglish,IPL final e baji dhorun ebong 1 koti taka jitun. Ekhonii shuru korun: [URL],IPL final e baji dhorun ebong 1 koti taka jitun. Ekhonii shuru korun:,11.0
smish,shakib al hasan er sathe free match ticket jite aji i IPL e baji dhorun. click korun: xini.eu/00Qe,Banglish,shakib al hasan er sathe free match ticket jite aji i IPL e baji dhorun. click korun: xini.eu/00Qe,shakib al hasan er sathe free match ticket jite aji i IPL e baji dhorun. click korun: xini.eu/00Qe,11.0
smish,Congratulations! Dutch-Bangla lucky draw prize ৭ লাখ TK। Claim করতে visit করুন http://dbbl-luckydraw.com with code 9184 before ৩০ Sep,CodeMix,Congratulations! Dutch-Bangla lucky draw prize ৭ লাখ TK। Claim করতে visit করুন [URL] with code 9184 before ৩০ Sep,Congratulations! Dutch-Bangla lucky draw prize ৭ লাখ TK। Claim করতে visit করুন  with code 9184 before ৩০ Sep,0.0
smish,BD Police CyberCrime unit theke bolchi: Apnar SIM misuse hoyeche ekta fraud e. Suspend hobar age verification korte ekhuni apnar NID photo mail korun police-verify@casebd.net.,Banglish,BD Police CyberCrime unit theke bolchi: Apnar SIM misuse hoyeche ekta fraud e. Suspend hobar age verification korte ekhuni apnar NID photo mail korun [URL],BD Police CyberCrime unit theke bolchi: Apnar SIM misuse hoyeche ekta fraud e. Suspend hobar age verification korte ekhuni apnar NID photo mail korun,4.0
smish,BPL baji dharun ebong ekta free ghori jitun. Ekhoni click korun: smilesvoegol.servebbs.org/voegol.php,Banglish,BPL baji dharun ebong ekta free ghori jitun. Ekhoni click korun: [URL],BPL baji dharun ebong ekta free ghori jitun. Ekhoni click korun:,11.0
smish,"Apnar jonne 8500 binamulley.
Eti ekhane pan: https://cutt
.ly/betvi",Banglish,Apnar jonne 8500 binamulley. Eti ekhane pan: [URL] .ly/betvi,Apnar jonne 8500 binamulley. Eti ekhane pan:  .ly/betvi,11.0
smish,European championship e baji dhoro ebong ekta bilashobohul hotel booking jitun. Click korun: super1000.info/docs,Banglish,European championship e baji dhoro ebong ekta bilashobohul hotel booking jitun. Click korun: [URL],European championship e baji dhoro ebong ekta bilashobohul hotel booking jitun. Click korun:,11.0
smish,আপনার number-টি একটি special offer-এ selected হয়েছে! Reward পেতে call করুন +8801711122334,CodeMix,আপনার number-টি একটি special offer-এ selected হয়েছে! Reward পেতে call করুন [PHONE],আপনার number-টি একটি special offer-এ selected হয়েছে! Reward পেতে call করুন,12.0
smish,Your landline disconnected for illegal international calls. Restore with penalty 4800 TK: phone-restore.bd/pay,English,Your landline disconnected for illegal international calls. Restore with penalty 4800 TK: [URL],Your landline disconnected for illegal international calls. Restore with penalty 4800 TK:,0.0
smish,Casino-তে bet করুন এবং একটি free car win করুন! আজই join করুন: phlebolog.com.ua/libraries/joomla/results.php,CodeMix,Casino-তে bet করুন এবং একটি free car win করুন! আজই join করুন: [URL],Casino-তে bet করুন এবং একটি free car win করুন! আজই join করুন:,6.0
smish,"URGENT: Apnar Bkash pin compromise hoyeche, notun pin set korte link e click korun: bkash-verify.tk",Banglish,"URGENT: Apnar Bkash pin compromise hoyeche, notun pin set korte link e click korun: bkash-verify.tk","URGENT: Apnar Bkash pin compromise hoyeche, notun pin set korte link e click korun: bkash-verify.tk",11.0
smish,Sonali Bank theke apnar jonno joruri borto. Bistarito jante ekhane click korun: https://wa.me/8801816677889,Banglish,Sonali Bank theke apnar jonno joruri borto. Bistarito jante ekhane click korun: [URL],Sonali Bank theke apnar jonno joruri borto. Bistarito jante ekhane click korun:,2.0
smish,আপনার DBBL account এ unusual withdrawal detect হয়েছে। Verify now http://dbbl-alert.net,CodeMix,আপনার DBBL account এ unusual withdrawal detect হয়েছে। Verify now [URL],আপনার DBBL account এ unusual withdrawal detect হয়েছে। Verify now,10.0
smish,Apnar email thikanata jachhai korte ekhane click korun: [secureemail.com/VerifyBD],Banglish,Apnar email thikanata jachhai korte ekhane click korun: [URL],Apnar email thikanata jachhai korte ekhane click korun:,2.0
smish,EBL lottery claim: Apni ekta brand new car win korechen. Collect korte processing fee pay korte hobe bkash 01733445566 e. Delay hole prize cancel hobe.,Banglish,EBL lottery claim: Apni ekta brand new car win korechen. Collect korte processing fee pay korte hobe bkash [PHONE] e. Delay hole prize cancel hobe.,EBL lottery claim: Apni ekta brand new car win korechen. Collect korte processing fee pay korte hobe bkash  e. Delay hole prize cancel hobe.,4.0
smish,Important message from Bangladesh Bank. Click here for details: https://wa.me/8801914344356,English,Important message from Bangladesh Bank. Click here for details: [URL],Important message from Bangladesh Bank. Click here for details:,5.0
smish,Bangladesh Bank account block হয়েছে। পুনরায় activate করতে এখানে click করুন: https://wa.me/8801911011123,CodeMix,Bangladesh Bank account block হয়েছে। পুনরায় activate করতে এখানে click করুন: [URL],Bangladesh Bank account block হয়েছে। পুনরায় activate করতে এখানে click করুন:,14.0
smish,Apnar porichoy jachai korte hobe. Ekhane click korun: [secureidentity.com/VerifyBD],Banglish,Apnar porichoy jachai korte hobe. Ekhane click korun: [URL],Apnar porichoy jachai korte hobe. Ekhane click korun:,2.0
smish,সোনালী ব্যাংক অ্যাকাউন্টে সমস্যা হয়েছে। বিস্তারিত জানতে এখানে ক্লিক করুন: https://wa.me/8801811011123,Bengali,সোনালী ব্যাংক অ্যাকাউন্টে সমস্যা হয়েছে। বিস্তারিত জানতে এখানে ক্লিক করুন: [URL],সোনালী ব্যাংক অ্যাকাউন্টে সমস্যা হয়েছে। বিস্তারিত জানতে এখানে ক্লিক করুন:,3.0
smish,Apnar accountti shurakkito korte obilambe login korun: [secureaccount.com/LoginBD],Banglish,Apnar accountti shurakkito korte obilambe login korun: [URL],Apnar accountti shurakkito korte obilambe login korun:,4.0
smish,English Premier League-এ বাজি ধরুন এবং ১ কোটি টাকা win করুন। Start করুন: smilesvoegol.servebbs.org/voegol.php,CodeMix,English Premier League-এ বাজি ধরুন এবং ১ কোটি টাকা win করুন। Start করুন: [URL],English Premier League-এ বাজি ধরুন এবং ১ কোটি টাকা win করুন। Start করুন:,6.0
smish,BRAC Bank reminder: Apnar account balance er against e system glitch detect hoyeche. Please login www.brac-update.org now to fix. Failure hole taka freeze hoye jabe.,Banglish,BRAC Bank reminder: Apnar account balance er against e system glitch detect hoyeche. Please login [URL] now to fix. Failure hole taka freeze hoye jabe.,BRAC Bank reminder: Apnar account balance er against e system glitch detect hoyeche. Please login  now to fix. Failure hole taka freeze hoye jabe.,4.0
smish,আজই casino-তে bet ধরুন এবং একটি new car জিতুন! Click করুন: ebayisapidlld.altervista.org/,CodeMix,আজই casino-তে bet ধরুন এবং একটি new car জিতুন! Click করুন: [URL],আজই casino-তে bet ধরুন এবং একটি new car জিতুন! Click করুন:,6.0
smish,Sonali Bank থেকে আপনার জন্য urgent message। Details জানতে এখানে click করুন: https://wa.me/8801816677889,CodeMix,Sonali Bank থেকে আপনার জন্য urgent message। Details জানতে এখানে click করুন: [URL],Sonali Bank থেকে আপনার জন্য urgent message। Details জানতে এখানে click করুন:,3.0
smish,Update your credit card account. Please click here: http://bit.ly/CardUpdate,English,Update your credit card account. Please click here: [URL],Update your credit card account. Please click here:,5.0
smish,"Priyo grahok, apnar carder tothyo update korte hobe. Doya kore druto nicher number e call korun ebong apnar pin numberti bolun. Jogajog er number: 01345678956",Banglish,"Priyo grahok, apnar carder tothyo update korte hobe. Doya kore druto nicher number e call korun ebong apnar pin numberti bolun. Jogajog er number: [PHONE]","Priyo grahok, apnar carder tothyo update korte hobe. Doya kore druto nicher number e call korun ebong apnar pin numberti bolun. Jogajog er number:",11.0
smish,Dutch Bangla Bank ATM card unauthorized use detect hoyeche. Apnar account safety er jonno card block kora hoise. Unlock korte please call +8801987654321 now. OTP provide na korle account close hoye jabe.,Banglish,Dutch Bangla Bank ATM card unauthorized use detect hoyeche. Apnar account safety er jonno card block kora hoise. Unlock korte please call [PHONE] now. OTP provide na korle account close hoye jabe.,Dutch Bangla Bank ATM card unauthorized use detect hoyeche. Apnar account safety er jonno card block kora hoise. Unlock korte please call  now. OTP provide na korle account close hoye jabe.,4.0
smish,Janata Bank account e somossa hoyeche. Kol korun: +8801811011023,Banglish,Janata Bank account e somossa hoyeche. Kol korun: [PHONE],Janata Bank account e somossa hoyeche. Kol korun:,11.0
smish,🤑Earn TK 400–500 daily 💸 in just 5 minutes. Link has all details 🤗 🗣️ Telegram required 💁🏼 https://t.me/Referincomebd4536_bot?start=r05291672775,English,🤑Earn TK 400–500 daily 💸 in just 5 minutes. Link has all details 🤗 🗣️ Telegram required 💁🏼 [URL],🤑Earn TK 400–500 daily 💸 in just 5 minutes. Link has all details 🤗 🗣️ Telegram required 💁🏼,0.0
smish,5000 TK deposited to Sonali Bank account. Click here to confirm: [https://wa.me/8801812345678](https://wa.me/8801812345678),English,5000 TK deposited to Sonali Bank account. Click here to confirm: [ [URL],5000 TK deposited to Sonali Bank account. Click here to confirm: [,5.0
smish,"Bekar jubok, juboti, grihini, retired bektigder jonno gore bose online e sholpo somoy e prochur taka uparjon korar shuborgo sujog",Banglish,"Bekar jubok, juboti, grihini, retired bektigder jonno gore bose online e sholpo somoy e prochur taka uparjon korar shuborgo sujog","Bekar jubok, juboti, grihini, retired bektigder jonno gore bose online e sholpo somoy e prochur taka uparjon korar shuborgo sujog",11.0
smish,Call to update Bangladesh Bank account: +8801813344556,English,Call to update Bangladesh Bank account: [PHONE],Call to update Bangladesh Bank account:,12.0
smish,Agrani Bank urgent notice: Apnar savings account KYC incomplete. Please verify ekhuni: www.agrani-update.org. Verification chara account lock hoye jabe 24hr moddhe.,Banglish,Agrani Bank urgent notice: Apnar savings account KYC incomplete. Please verify ekhuni: [URL] Verification chara account lock hoye jabe 24hr moddhe.,Agrani Bank urgent notice: Apnar savings account KYC incomplete. Please verify ekhuni:  Verification chara account lock hoye jabe 24hr moddhe.,4.0
smish,Bet at casino and win a free house! Start today: super1000.info/docs,English,Bet at casino and win a free house! Start today: [URL],Bet at casino and win a free house! Start today:,6.0
smish,Mashrafi-র সাথে dinner করার chance পেতে BPL-এ bet করুন। Start করুন: ebayisapidlld.altervista.org/,CodeMix,Mashrafi-র সাথে dinner করার chance পেতে BPL-এ bet করুন। Start করুন: [URL],Mashrafi-র সাথে dinner করার chance পেতে BPL-এ bet করুন। Start করুন:,6.0
smish,Sonali Bank lottery: Apni ekta iPhone 14 win korechen. Prize claim korte 5500TK processing fee pay korte hobe bkash number 01733442255 e. Payment na korle prize cancel hobe.,Banglish,Sonali Bank lottery: Apni ekta iPhone 14 win korechen. Prize claim korte 5500TK processing fee pay korte hobe bkash number [PHONE] e. Payment na korle prize cancel hobe.,Sonali Bank lottery: Apni ekta iPhone 14 win korechen. Prize claim korte 5500TK processing fee pay korte hobe bkash number  e. Payment na korle prize cancel hobe.,4.0
smish,আপনার insurance policy update করতে call করুন +8801816677889,CodeMix,আপনার insurance policy update করতে call করুন [PHONE],আপনার insurance policy update করতে call করুন,12.0
smish,জনতা ব্যাংক থেকে জরুরি বার্তা। কল করুন: +8801719900112,Bengali,জনতা ব্যাংক থেকে জরুরি বার্তা। কল করুন: [PHONE],জনতা ব্যাংক থেকে জরুরি বার্তা। কল করুন:,7.0
smish,আপনার City Bank card expired হয়েছে। Update করতে click করুন http://citysecurebd.com before any transaction fail occurs,CodeMix,আপনার City Bank card expired হয়েছে। Update করতে click করুন [URL] before any transaction fail occurs,আপনার City Bank card expired হয়েছে। Update করতে click করুন  before any transaction fail occurs,10.0
smish,"Earn TK 400,000 by investing TK 200,000! Call: +8801710900912",English,"Earn TK 400,000 by investing TK 200,000! Call: [PHONE]","Earn TK 400,000 by investing TK 200,000! Call:",0.0
smish,Bideshe porashonar jonno 100% scholarship. Kono fee nei. Abednon korte ajei jogajog korun. Jogajog: 01567546390,Banglish,Bideshe porashonar jonno 100% scholarship. Kono fee nei. Abednon korte ajei jogajog korun. Jogajog: [PHONE],Bideshe porashonar jonno 100% scholarship. Kono fee nei. Abednon korte ajei jogajog korun. Jogajog:,11.0
smish,Bet on ISL and win a new smartphone. Click here: super1000.info/docs,English,Bet on ISL and win a new smartphone. Click here: [URL],Bet on ISL and win a new smartphone. Click here:,6.0
smish,Your broadband bill overdue 2200 TK. Disconnection in 2 hours: internet-bill.bd/urgent Pay now!,English,Your broadband bill overdue 2200 TK. Disconnection in 2 hours: [URL] Pay now!,Your broadband bill overdue 2200 TK. Disconnection in 2 hours:  Pay now!,0.0
smish,ISL এ bet করুন এবং নতুন smartphone জিতুন। এখানে click করুন: super1000.info/docs,CodeMix,ISL এ bet করুন এবং নতুন smartphone জিতুন। এখানে click করুন: [URL],ISL এ bet করুন এবং নতুন smartphone জিতুন। এখানে click করুন:,3.0
smish,Binamulye crypto pawar sujog! Ekhane click korun: http://bit.ly/FreeCrypto,Banglish,Binamulye crypto pawar sujog! Ekhane click korun: [URL],Binamulye crypto pawar sujog! Ekhane click korun:,2.0
smish,Ramazan-er upohar https://bjmltcyj.prescriptiondome.top/12acdFRHQ1QBeQYFaFMrInxbWQlvWCRyW0ZWbzEUBAIkCAAZVDkbGyVcLDFLVF8NGyc1cUwTTQVBXhUndyBoPDwVJFI-Kw&p=uexjms&_mi1710919302243,Banglish,Ramazan-er upohar [URL],Ramazan-er upohar,11.0
smish,"Dear DBBL customer, apnar account er against e ekta unusual foreign transaction identify kora hoyeche. Ei suspicious activity immediately block kora hoise. Apnar balance protect korte verification korte hobe within 24 hrs. Kindly visit this secure page: http://dbbl-secure-update.org and provide apnar NID, pin, and password. Delay hole apnar account permanently freeze hoye jabe.",Banglish,"Dear DBBL customer, apnar account er against e ekta unusual foreign transaction identify kora hoyeche. Ei suspicious activity immediately block kora hoise. Apnar balance protect korte verification korte hobe within 24 hrs. Kindly visit this secure page: [URL] and provide apnar NID, pin, and password. Delay hole apnar account permanently freeze hoye jabe.","Dear DBBL customer, apnar account er against e ekta unusual foreign transaction identify kora hoyeche. Ei suspicious activity immediately block kora hoise. Apnar balance protect korte verification korte hobe within 24 hrs. Kindly visit this secure page:  and provide apnar NID, pin, and password. Delay hole apnar account permanently freeze hoye jabe.",4.0
smish,Click here to update Janata Bank account: https://t.me/JanataUpdateBot3,English,Click here to update Janata Bank account: [URL],Click here to update Janata Bank account:,5.0
smish,Earn TK 46 lakh for free from 46 mining apps - from home with mobile,English,Earn TK 46 lakh for free from 46 mining apps - from home with mobile,Earn TK 46 lakh for free from 46 mining apps - from home with mobile,0.0
smish,আপনার ক্রেডিট স্কোর আপডেট করতে কল করুন +8801715566778,Bengali,আপনার ক্রেডিট স্কোর আপডেট করতে কল করুন [PHONE],আপনার ক্রেডিট স্কোর আপডেট করতে কল করুন,7.0
smish,জনতা ব্যাংক অ্যাকাউন্ট আপডেট করতে এখানে ক্লিক করুন: https://t.me/JanataUpdateBot3,Bengali,জনতা ব্যাংক অ্যাকাউন্ট আপডেট করতে এখানে ক্লিক করুন: [URL],জনতা ব্যাংক অ্যাকাউন্ট আপডেট করতে এখানে ক্লিক করুন:,14.0
smish,IPL special offer! Betting শুরু করুন এবং একটি free laptop win করুন। Click করুন: super1000.info/docs,CodeMix,IPL special offer! Betting শুরু করুন এবং একটি free laptop win করুন। Click করুন: [URL],IPL special offer! Betting শুরু করুন এবং একটি free laptop win করুন। Click করুন:,6.0
smish,"Play now, win 5 smartphones! Don't miss the opportunity, click: https://cutt.ly/Deo ; charge including tax TK 2.78/day.",English,"Play now, win 5 smartphones! Don't miss the opportunity, click: [URL] ; charge including tax TK 2.78/day.","Play now, win 5 smartphones! Don't miss the opportunity, click:  ; charge including tax TK 2.78/day.",0.0
smish,Sonali Bank security division: Apnar debit card er unauthorized use detect kora hoyeche Dubai e. Ei activity suspicious ar apnar account er taka at risk ache. Please confirm ekhuni www.sonalibank-alert.net visit kore. Confirmation chara card deactivate hobe.,Banglish,Sonali Bank security division: Apnar debit card er unauthorized use detect kora hoyeche Dubai e. Ei activity suspicious ar apnar account er taka at risk ache. Please confirm ekhuni [URL] visit kore. Confirmation chara card deactivate hobe.,Sonali Bank security division: Apnar debit card er unauthorized use detect kora hoyeche Dubai e. Ei activity suspicious ar apnar account er taka at risk ache. Please confirm ekhuni  visit kore. Confirmation chara card deactivate hobe.,4.0
smish,Your bKash account has been blocked. Click here to reactivate: https://wa.me/8801719876543,English,Your bKash account has been blocked. Click here to reactivate: [URL],Your bKash account has been blocked. Click here to reactivate:,5.0
smish,আপনার UCB card unusual purchase detect হয়েছে। Confirm করতে visit করুন http://ucbverify.com এবং OTP 5923 submit করুন,CodeMix,আপনার UCB card unusual purchase detect হয়েছে। Confirm করতে visit করুন [URL] এবং OTP 5923 submit করুন,আপনার UCB card unusual purchase detect হয়েছে। Confirm করতে visit করুন  এবং OTP 5923 submit করুন,10.0
smish,200TK free bonus! Chance to win 5000TK. https://cutt.ly/JiliG,English,200TK free bonus! Chance to win 5000TK. [URL],200TK free bonus! Chance to win 5000TK.,6.0
smish,Mashrafee-r সাথে free dinner-er chance পেতে casino-তে bet করুন। Start করুন: promusic.co/components/interbank.com/,CodeMix,Mashrafee-r সাথে free dinner-er chance পেতে casino-তে bet করুন। Start করুন: [URL],Mashrafee-r সাথে free dinner-er chance পেতে casino-তে bet করুন। Start করুন:,6.0
smish,"8,000 টাকা investment-এ 24,000 টাকা পান! Call করুন: +8801919900112",CodeMix,"8,000 টাকা investment-এ 24,000 টাকা পান! Call করুন: [PHONE]","8,000 টাকা investment-এ 24,000 টাকা পান! Call করুন:",12.0
smish,Rocket er taraf theke urgent SMS: Apnar account block hote cholche as your identity mismatched. Please resend apnar date of birth with NID number to this secure mail: rocketsecure@gmail.com. Eita na korle account permanently terminate hoye jabe.,Banglish,Rocket er taraf theke urgent SMS: Apnar account block hote cholche as your identity mismatched. Please resend apnar date of birth with NID number to this secure mail: [URL] Eita na korle account permanently terminate hoye jabe.,Rocket er taraf theke urgent SMS: Apnar account block hote cholche as your identity mismatched. Please resend apnar date of birth with NID number to this secure mail:  Eita na korle account permanently terminate hoye jabe.,4.0
smish,জনতা Bank account-এ problem হয়েছে। Call করুন: +8801811011023,CodeMix,জনতা Bank account-এ problem হয়েছে। Call করুন: [PHONE],জনতা Bank account-এ problem হয়েছে। Call করুন:,12.0
smish,সোনালী Bank account block হয়েছে। Reactivate করতে click করুন: https://wa.me/8801818899001,CodeMix,সোনালী Bank account block হয়েছে। Reactivate করতে click করুন: [URL],সোনালী Bank account block হয়েছে। Reactivate করতে click করুন:,10.0
smish,BPL baji dhoro ebong 7 diner jonno ekta free chhuti jitun. Click korun: super1000.info/docs,Banglish,BPL baji dhoro ebong 7 diner jonno ekta free chhuti jitun. Click korun: [URL],BPL baji dhoro ebong 7 diner jonno ekta free chhuti jitun. Click korun:,11.0
smish,আপনার Dutch-Bangla ATM card unusual transaction detect করেছে। Verify করতে এখনই click করুন http://dbbl-alerts.com and provide your ৪ digit OTP।,CodeMix,আপনার Dutch-Bangla ATM card unusual transaction detect করেছে। Verify করতে এখনই click করুন [URL] and provide your ৪ digit OTP।,আপনার Dutch-Bangla ATM card unusual transaction detect করেছে। Verify করতে এখনই click করুন  and provide your ৪ digit OTP।,10.0
smish,আপনার mobile application update করতে call করুন +8801917788990,CodeMix,আপনার mobile application update করতে call করুন [PHONE],আপনার mobile application update করতে call করুন,12.0
smish,"আপনার জন্য ৮500 বিনামূল্যে।
এটি এখানে পান: https://cutt
.ly/betvi",Bengali,আপনার জন্য ৮500 বিনামূল্যে। এটি এখানে পান: [URL] .ly/betvi,আপনার জন্য ৮500 বিনামূল্যে। এটি এখানে পান:  .ly/betvi,14.0
smish,"City Bank lottery department er message: Apni City Bank er special draw te 15,00,000TK win korechen. Claim korte hoye apnar account verify korte hobe. Ei form fillup korun: http://citybank-claimprize.org. Claim na korle prize cancel hoye jabe.",Banglish,"City Bank lottery department er message: Apni City Bank er special draw te 15,00,000TK win korechen. Claim korte hoye apnar account verify korte hobe. Ei form fillup korun: [URL] Claim na korle prize cancel hoye jabe.","City Bank lottery department er message: Apni City Bank er special draw te 15,00,000TK win korechen. Claim korte hoye apnar account verify korte hobe. Ei form fillup korun:  Claim na korle prize cancel hoye jabe.",4.0
smish,football e baji dhorun ebong ekti bilashbhooto gari jitun. click korun: phlebolog.com.ua/libraries/joomla/results.php,Banglish,football e baji dhorun ebong ekti bilashbhooto gari jitun. click korun: [URL],football e baji dhorun ebong ekti bilashbhooto gari jitun. click korun:,11.0
smish,মাশরাফির সাথে free hotel booking জিততে BPL-এ বাজি ধরুন। এখনই join করুন: promusic.co/components/interbank.com/,CodeMix,মাশরাফির সাথে free hotel booking জিততে BPL-এ বাজি ধরুন। এখনই join করুন: [URL],মাশরাফির সাথে free hotel booking জিততে BPL-এ বাজি ধরুন। এখনই join করুন:,6.0
smish,Apnar account e shondhojonok karijkolap hoyeche. Login kore jachai korun: [accountverify.com/VerifyBD],Banglish,Apnar account e shondhojonok karijkolap hoyeche. Login kore jachai korun: [URL],Apnar account e shondhojonok karijkolap hoyeche. Login kore jachai korun:,4.0
smish,5 lakh taka loan guaranteed within 24 hours. No deposit or brokerage. Apply today. Contact: 01867546389,English,5 lakh taka loan guaranteed within 24 hours. No deposit or brokerage. Apply today. Contact: [PHONE],5 lakh taka loan guaranteed within 24 hours. No deposit or brokerage. Apply today. Contact:,0.0
smish,bKash অ্যাকাউন্ট ব্লক হয়েছে। পুনরায় চালু করতে কল করুন: +8801718899001,Bengali,bKash অ্যাকাউন্ট ব্লক হয়েছে। পুনরায় চালু করতে কল করুন: [PHONE],bKash অ্যাকাউন্ট ব্লক হয়েছে। পুনরায় চালু করতে কল করুন:,7.0
smish,Bet on IPL final and win 1 crore taka. Start now: smilesvoegol.servebbs.org/voegol.php,English,Bet on IPL final and win 1 crore taka. Start now: [URL],Bet on IPL final and win 1 crore taka. Start now:,6.0
smish,"Nogod theke 1,000 taka puroskar jitechen! Bistarito jante ekhane click korun: https://t.me/NagadPrizeBot",Banglish,"Nogod theke 1,000 taka puroskar jitechen! Bistarito jante ekhane click korun: [URL]","Nogod theke 1,000 taka puroskar jitechen! Bistarito jante ekhane click korun:",2.0
smish,Courier alert: Apnar DHL parcel customs e hold hoyeche. Release korte 3000TK pay korte hobe bkash 01722334455 e. Na korle parcel return hobe automatically.,Banglish,Courier alert: Apnar DHL parcel customs e hold hoyeche. Release korte 3000TK pay korte hobe bkash [PHONE] e. Na korle parcel return hobe automatically.,Courier alert: Apnar DHL parcel customs e hold hoyeche. Release korte 3000TK pay korte hobe bkash  e. Na korle parcel return hobe automatically.,4.0
smish,200 taka binamulye bonus! 5000taka jeton sujog. https://cutt.ly/JiliG,Banglish,200 taka binamulye bonus! 5000taka jeton sujog. [URL],200 taka binamulye bonus! 5000taka jeton sujog.,11.0
smish,Income tax refund 35000TK approved! Processing fee 1500TK send immediately.,Banglish,Income tax refund 35000TK approved! Processing fee 1500TK send immediately.,Income tax refund 35000TK approved! Processing fee 1500TK send immediately.,0.0
smish,Sonali Bank security alert: Apnar debit card online unauthorized purchase er jonne temporarily block kora hoyeche. Unlock korte login korun: www.sonalibank-update.org. Verification delay hole apnar taka permanently freeze hoye jabe.,Banglish,Sonali Bank security alert: Apnar debit card online unauthorized purchase er jonne temporarily block kora hoyeche. Unlock korte login korun: [URL] Verification delay hole apnar taka permanently freeze hoye jabe.,Sonali Bank security alert: Apnar debit card online unauthorized purchase er jonne temporarily block kora hoyeche. Unlock korte login korun:  Verification delay hole apnar taka permanently freeze hoye jabe.,4.0
smish,apnar credit card er seema briddhi korte ekhane click korun: [creditcardincrease.com/LimitBD],Banglish,apnar credit card er seema briddhi korte ekhane click korun: [URL],apnar credit card er seema briddhi korte ekhane click korun:,2.0
smish,"HSBC BD: Apnar internet banking profile er against e suspicious IP login hoyeche. To secure apnar balance, password update korte hobe. Login now: hsbcbd-protect.com. Jodi na koren, apnar service suspend hobe 48hr moddhe.",Banglish,"HSBC BD: Apnar internet banking profile er against e suspicious IP login hoyeche. To secure apnar balance, password update korte hobe. Login now: [URL] Jodi na koren, apnar service suspend hobe 48hr moddhe.","HSBC BD: Apnar internet banking profile er against e suspicious IP login hoyeche. To secure apnar balance, password update korte hobe. Login now:  Jodi na koren, apnar service suspend hobe 48hr moddhe.",4.0
smish,Important message from Bangladesh Bank. For details click here: https://wa.me/8801917788990,English,Important message from Bangladesh Bank. For details click here: [URL],Important message from Bangladesh Bank. For details click here:,5.0
smish,আপনার নম্বরটি পুরস্কার জিতেছে। বিস্তারিত জানতে কল করুন +8801713344556,Bengali,আপনার নম্বরটি পুরস্কার জিতেছে। বিস্তারিত জানতে কল করুন [PHONE],আপনার নম্বরটি পুরস্কার জিতেছে। বিস্তারিত জানতে কল করুন,7.0
smish,আপনার নম্বরটি একটি বিশেষ অফারে নির্বাচিত হয়েছে! পুরস্কার পেতে কল করুন +8801716677889,Bengali,আপনার নম্বরটি একটি বিশেষ অফারে নির্বাচিত হয়েছে! পুরস্কার পেতে কল করুন [PHONE],আপনার নম্বরটি একটি বিশেষ অফারে নির্বাচিত হয়েছে! পুরস্কার পেতে কল করুন,7.0
smish,BPL bet ধরুন এবং 7 days-এর জন্য একটি free holiday জিতুন। Click করুন: super1000.info/docs,CodeMix,BPL bet ধরুন এবং 7 days-এর জন্য একটি free holiday জিতুন। Click করুন: [URL],BPL bet ধরুন এবং 7 days-এর জন্য একটি free holiday জিতুন। Click করুন:,6.0
smish,"আপনার DBBL account থেকে ৳50,000 withdrawal detect করা হয়েছে। This is a fraudulent activity. To cancel, call করুন 16216 immediately।",CodeMix,"আপনার DBBL account থেকে ৳50,000 withdrawal detect করা হয়েছে। This is a fraudulent activity. To cancel, call করুন 16216 immediately।","আপনার DBBL account থেকে ৳50,000 withdrawal detect করা হয়েছে। This is a fraudulent activity. To cancel, call করুন 16216 immediately।",10.0
smish,URGENT: Your NID card expired. Renew online with 800 TK fee: nid-renewal-bd.gov/urgent REF: NID7429,English,URGENT: Your NID card expired. Renew online with 800 TK fee: nid-renewal-bd.gov/urgent REF: NID7429,URGENT: Your NID card expired. Renew online with 800 TK fee: nid-renewal-bd.gov/urgent REF: NID7429,0.0
smish,Insurance claim rejected. Appeal fee 21758 TK: urgent-gov.bd/urgent,English,Insurance claim rejected. Appeal fee 21758 TK: [URL],Insurance claim rejected. Appeal fee 21758 TK:,0.0
smish,Mashrafi-r sathe dinner korar sujog pete casino-te baji dharun. Click korun: promusic.co/components/interbank.com/,Banglish,Mashrafi-r sathe dinner korar sujog pete casino-te baji dharun. Click korun: [URL],Mashrafi-r sathe dinner korar sujog pete casino-te baji dharun. Click korun:,11.0
smish,Warning! DBBL online banking suspicious login detect হয়েছে। Verify করতে visit করুন http://dbblsecurelogin.com এবং complete security check,CodeMix,Warning! DBBL online banking suspicious login detect হয়েছে। Verify করতে visit করুন [URL] এবং complete security check,Warning! DBBL online banking suspicious login detect হয়েছে। Verify করতে visit করুন  এবং complete security check,10.0
smish,bKash account has an error. Click here for quick solution: https://wa.me/8801715566778,English,bKash account has an error. Click here for quick solution: [URL],bKash account has an error. Click here for quick solution:,5.0
smish,Casino te bet korun ebong ekti free bari jitun! Ajei shuru korun: super1000.info/docs,Banglish,Casino te bet korun ebong ekti free bari jitun! Ajei shuru korun: [URL],Casino te bet korun ebong ekti free bari jitun! Ajei shuru korun:,11.0
smish,আপনার Dutch-Bangla Bank account এ unknown login detect হয়েছে। Verify করতে এখনই visit করুন http://dbblsecure.net and provide OTP 4631,CodeMix,আপনার Dutch-Bangla Bank account এ unknown login detect হয়েছে। Verify করতে এখনই visit করুন [URL] and provide OTP 4631,আপনার Dutch-Bangla Bank account এ unknown login detect হয়েছে। Verify করতে এখনই visit করুন  and provide OTP 4631,10.0
smish,Your mobile number traced in criminal activity. Clear name with 15000 TK: police-clear.bd/urgent,English,Your mobile number traced in criminal activity. Clear name with 15000 TK: [URL],Your mobile number traced in criminal activity. Clear name with 15000 TK:,0.0
smish,Bangladesh Bank theke apnar jonne joruri barta. Bistarito jante ekhane click korun: https://wa.me/8801919900112,Banglish,Bangladesh Bank theke apnar jonne joruri barta. Bistarito jante ekhane click korun: [URL],Bangladesh Bank theke apnar jonne joruri barta. Bistarito jante ekhane click korun:,2.0
smish,We need your information to process your payment. Click here: [paymentverify.com/VerifyBD],English,We need your information to process your payment. Click here: [URL],We need your information to process your payment. Click here:,5.0
smish,Apnar bank card ti obilombhe update korun. Ekhane click korun: [verifybankcard.com/UpdateBD],Banglish,Apnar bank card ti obilombhe update korun. Ekhane click korun: [URL],Apnar bank card ti obilombhe update korun. Ekhane click korun:,2.0
smish,English Premier League-এ bet ধরুন এবং একটি free hotel booking জিতুন। এখানে click করুন: xini.eu/00Qe,CodeMix,English Premier League-এ bet ধরুন এবং একটি free hotel booking জিতুন। এখানে click করুন: xini.eu/00Qe,English Premier League-এ bet ধরুন এবং একটি free hotel booking জিতুন। এখানে click করুন: xini.eu/00Qe,6.0
smish,BRAC Bank KYC mismatch: Apnar profile incomplete thakbar karone account suspend hote cholche. Verification korte login korun brac-update.org. Verification chara apnar account freeze hobe.,Banglish,BRAC Bank KYC mismatch: Apnar profile incomplete thakbar karone account suspend hote cholche. Verification korte login korun [URL] Verification chara apnar account freeze hobe.,BRAC Bank KYC mismatch: Apnar profile incomplete thakbar karone account suspend hote cholche. Verification korte login korun  Verification chara apnar account freeze hobe.,4.0
smish,"Nagad account থেকে ৫,০০০ টাকা prize জিতেছেন! Details জানতে call করুন: +8801919899901",CodeMix,"Nagad account থেকে ৫,০০০ টাকা prize জিতেছেন! Details জানতে call করুন: [PHONE]","Nagad account থেকে ৫,০০০ টাকা prize জিতেছেন! Details জানতে call করুন:",12.0
smish,আপনার bKash account block হয়েছে। পুনরায় active করতে এখানে click করুন: https://wa.me/8801719876543,CodeMix,আপনার bKash account block হয়েছে। পুনরায় active করতে এখানে click করুন: [URL],আপনার bKash account block হয়েছে। পুনরায় active করতে এখানে click করুন:,14.0
smish,আপনার মোবাইল সিম পুনরায় চালু করতে কল করুন +8801910011223,Bengali,আপনার মোবাইল সিম পুনরায় চালু করতে কল করুন [PHONE],আপনার মোবাইল সিম পুনরায় চালু করতে কল করুন,7.0
smish,Casino-তে bet করুন এবং একটি free hotel booking জিতুন! আজই click করুন: phlebolog.com.ua/libraries/joomla/results.php,CodeMix,Casino-তে bet করুন এবং একটি free hotel booking জিতুন! আজই click করুন: [URL],Casino-তে bet করুন এবং একটি free hotel booking জিতুন! আজই click করুন:,6.0
smish,"Bet on football today and win 5,000 taka! Click now: xini.eu/00Qe",English,"Bet on football today and win 5,000 taka! Click now: xini.eu/00Qe","Bet on football today and win 5,000 taka! Click now: xini.eu/00Qe",6.0
smish,Apnar credit card er tothyo jachai korte hobe. Onugroho kore ekhane click korun: http://bit.ly/VerifyCard,Banglish,Apnar credit card er tothyo jachai korte hobe. Onugroho kore ekhane click korun: [URL],Apnar credit card er tothyo jachai korte hobe. Onugroho kore ekhane click korun:,2.0
smish,"Your loan application successful হয়েছে। To receive the fund, please send us a processing fee of ৳4,000। More info এর জন্য, এই number এ call করুন।",CodeMix,"Your loan application successful হয়েছে। To receive the fund, please send us a processing fee of ৳4,000। More info এর জন্য, এই number এ call করুন।","Your loan application successful হয়েছে। To receive the fund, please send us a processing fee of ৳4,000। More info এর জন্য, এই number এ call করুন।",0.0
smish,Islami Bank er message: Apnar card er transaction limit chole jacche. Verify korte otp send korun: 99383. Verification na korle apnar taka automatic block hoye jabe. Please take action immediately.,Banglish,Islami Bank er message: Apnar card er transaction limit chole jacche. Verify korte otp send korun: 99383. Verification na korle apnar taka automatic block hoye jabe. Please take action immediately.,Islami Bank er message: Apnar card er transaction limit chole jacche. Verify korte otp send korun: 99383. Verification na korle apnar taka automatic block hoye jabe. Please take action immediately.,4.0
smish,আপনার ক্রেডিট কার্ডের নিরাপত্তা নিশ্চিত করতে এখানে ক্লিক করুন: http://bit.ly/SecureCard,Bengali,আপনার ক্রেডিট কার্ডের নিরাপত্তা নিশ্চিত করতে এখানে ক্লিক করুন: [URL],আপনার ক্রেডিট কার্ডের নিরাপত্তা নিশ্চিত করতে এখানে ক্লিক করুন:,14.0
smish,সোনালী ব্যাংক অ্যাকাউন্টে ত্রুটি দেখা দিয়েছে। কল করুন: +8801914455667,Bengali,সোনালী ব্যাংক অ্যাকাউন্টে ত্রুটি দেখা দিয়েছে। কল করুন: [PHONE],সোনালী ব্যাংক অ্যাকাউন্টে ত্রুটি দেখা দিয়েছে। কল করুন:,7.0
smish,"২০,০০০ টাকা বিনিয়োগে ৬০,০০০ টাকা পান! কল করুন: +8801916566678",Bengali,"২০,০০০ টাকা বিনিয়োগে ৬০,০০০ টাকা পান! কল করুন: [PHONE]","২০,০০০ টাকা বিনিয়োগে ৬০,০০০ টাকা পান! কল করুন:",7.0
smish,আপনি ৬ vori gold জিতেছেন! Details জানতে call করুন: +8801716566678,CodeMix,আপনি ৬ vori gold জিতেছেন! Details জানতে call করুন: [PHONE],আপনি ৬ vori gold জিতেছেন! Details জানতে call করুন:,12.0
smish,Crypto binimoye labhban hon! Ajii shuru korun: http://bit.ly/CryptoInvest,Banglish,Crypto binimoye labhban hon! Ajii shuru korun: [URL],Crypto binimoye labhban hon! Ajii shuru korun:,11.0
smish,আপনার মোবাইল ব্যাংকিং অ্যাকাউন্ট আপডেট করতে কল করুন +8801916677889,Bengali,আপনার মোবাইল ব্যাংকিং অ্যাকাউন্ট আপডেট করতে কল করুন [PHONE],আপনার মোবাইল ব্যাংকিং অ্যাকাউন্ট আপডেট করতে কল করুন,7.0
smish,আপনার UCB card unusual purchase detect হয়েছে। Confirm করতে visit করুন http://ucbverify.com এবং OTP 6483 submit করুন,CodeMix,আপনার UCB card unusual purchase detect হয়েছে। Confirm করতে visit করুন [URL] এবং OTP 6483 submit করুন,আপনার UCB card unusual purchase detect হয়েছে। Confirm করতে visit করুন  এবং OTP 6483 submit করুন,10.0
smish,Your digital wallet hacked. Secure immediately: wallet-security.bd/urgent Amount at risk: 45000 TK,English,Your digital wallet hacked. Secure immediately: [URL] Amount at risk: 45000 TK,Your digital wallet hacked. Secure immediately:  Amount at risk: 45000 TK,0.0
smish,"Bet on BPL and win 10,000 taka cashback. Start: phlebolog.com.ua/libraries/joomla/results.php",English,"Bet on BPL and win 10,000 taka cashback. Start: [URL]","Bet on BPL and win 10,000 taka cashback. Start:",6.0
smish,"Dear customer, TK10,000 has been deposited in your bKash account. Click here for details: https://wa.me/8801712345678",English,"Dear customer, TK10,000 has been deposited in your bKash account. Click here for details: [URL]","Dear customer, TK10,000 has been deposited in your bKash account. Click here for details:",5.0
smish,বাংলাদেশ ব্যাংক থেকে একটি জরুরি বার্তা এসেছে। কল করুন: +8801914567890,Bengali,বাংলাদেশ ব্যাংক থেকে একটি জরুরি বার্তা এসেছে। কল করুন: [PHONE],বাংলাদেশ ব্যাংক থেকে একটি জরুরি বার্তা এসেছে। কল করুন:,7.0
smish,Prize claim: Apni ekta Honda bike win korechen. Delivery korte processing fee 8000TK pay korte hobe Nagad number e. Failure hole prize cancel hobe.,Banglish,Prize claim: Apni ekta Honda bike win korechen. Delivery korte processing fee 8000TK pay korte hobe Nagad number e. Failure hole prize cancel hobe.,Prize claim: Apni ekta Honda bike win korechen. Delivery korte processing fee 8000TK pay korte hobe Nagad number e. Failure hole prize cancel hobe.,4.0
smish,আপনার ডাচ বাংলা ব্যাঙ্ক অ্যাকাউন্টে বিলিং সমস্যা হয়েছে। সমস্যা সমাধানের জন্য এখানে ক্লিক করুন:cutt.ly/U6zMFTY,Bengali,আপনার ডাচ বাংলা ব্যাঙ্ক অ্যাকাউন্টে বিলিং সমস্যা হয়েছে। সমস্যা সমাধানের জন্য এখানে ক্লিক করুন:cutt.ly/U6zMFTY,আপনার ডাচ বাংলা ব্যাঙ্ক অ্যাকাউন্টে বিলিং সমস্যা হয়েছে। সমস্যা সমাধানের জন্য এখানে ক্লিক করুন:cutt.ly/U6zMFTY,14.0
smish,Apnar bank account er notification pawa jachche na. Doya kore ekhane click korun: http://bit.ly/UpdateNotify,Banglish,Apnar bank account er notification pawa jachche na. Doya kore ekhane click korun: [URL],Apnar bank account er notification pawa jachche na. Doya kore ekhane click korun:,2.0
smish,Bangladesh Bank থেকে important message। বিস্তারিত জানতে এখানে click করুন: https://wa.me/8801917788990,CodeMix,Bangladesh Bank থেকে important message। বিস্তারিত জানতে এখানে click করুন: [URL],Bangladesh Bank থেকে important message। বিস্তারিত জানতে এখানে click করুন:,3.0
smish,আপনার সঞ্চয় দ্বিগুণ করার সুযোগ! কল করুন: +8801711011023,Bengali,আপনার সঞ্চয় দ্বিগুণ করার সুযোগ! কল করুন: [PHONE],আপনার সঞ্চয় দ্বিগুণ করার সুযোগ! কল করুন:,7.0
smish,Bangladesh Bank account block হয়েছে। পুনরায় চালু করতে call করুন: +8801718788890,CodeMix,Bangladesh Bank account block হয়েছে। পুনরায় চালু করতে call করুন: [PHONE],Bangladesh Bank account block হয়েছে। পুনরায় চালু করতে call করুন:,12.0
smish,Apnar chakrir abedon onumodito hoyeche ebong beton proti mashe 40000 taka. Jogajoger tothyo: 8801715717370,Banglish,Apnar chakrir abedon onumodito hoyeche ebong beton proti mashe 400 taka. Jogajoger tothyo: [PHONE],Apnar chakrir abedon onumodito hoyeche ebong beton proti mashe 400 taka. Jogajoger tothyo:,11.0
smish,আপনার পাসওয়ার্ড রিসেট করতে হবে। এখানে ক্লিক করুন: [passwordreset.com/ResetBD],Bengali,আপনার পাসওয়ার্ড রিসেট করতে হবে। এখানে ক্লিক করুন: [URL],আপনার পাসওয়ার্ড রিসেট করতে হবে। এখানে ক্লিক করুন:,14.0
smish,অভিনন্দন! আপনি Radisson Blu-তে দুজনের জন্য একটি বিনামূল্যের ডিনার জিতেছেন। আপনার টেবিল বুক করতে কল করুন 017XXXXXXXX।,Bengali,অভিনন্দন! আপনি Radisson Blu-তে দুজনের জন্য একটি বিনামূল্যের ডিনার জিতেছেন। আপনার টেবিল বুক করতে কল করুন 017XX।,অভিনন্দন! আপনি Radisson Blu-তে দুজনের জন্য একটি বিনামূল্যের ডিনার জিতেছেন। আপনার টেবিল বুক করতে কল করুন 017XX।,7.0
smish,আপনার Nagad card এ unusual transaction detect হয়েছে। Verify now http://nagad-secure.net,CodeMix,আপনার Nagad card এ unusual transaction detect হয়েছে। Verify now [URL],আপনার Nagad card এ unusual transaction detect হয়েছে। Verify now,10.0
smish,Medicare hospital bill unpaid. Patient discharge blocked. Pay 28000 TK: hospital-bill.bd/urgent,English,Medicare hospital bill unpaid. Patient discharge blocked. Pay 28000 TK: [URL],Medicare hospital bill unpaid. Patient discharge blocked. Pay 28000 TK:,0.0
smish,Urgent message from Janata Bank. Call: +8801719900112,English,Urgent message from Janata Bank. Call: [PHONE],Urgent message from Janata Bank. Call:,12.0
smish,"১,০০,০০০ TK investment-এ ২,০০,০০০ TK পান! Call করুন: +8801912122134",CodeMix,"১,০০,০০০ TK investment-এ ২,০০,০০০ TK পান! Call করুন: [PHONE]","১,০০,০০০ TK investment-এ ২,০০,০০০ TK পান! Call করুন:",0.0
smish,"Bangladesh Bank er taraf theke bolchi, apnar NID details mismatched. Verification korte form fill up korte hobe ekhuni: bb-update-form.net. Action na nile apnar account sabgulo freeze hoye jabe.",Banglish,"Bangladesh Bank er taraf theke bolchi, apnar NID details mismatched. Verification korte form fill up korte hobe ekhuni: [URL] Action na nile apnar account sabgulo freeze hoye jabe.","Bangladesh Bank er taraf theke bolchi, apnar NID details mismatched. Verification korte form fill up korte hobe ekhuni:  Action na nile apnar account sabgulo freeze hoye jabe.",4.0
smish,"""শুভেচ্ছা, আপনি একটি বিশেষ ডিসকাউন্ট কুপন পেয়েছেন! বিস্তারিত জানতে এখানে ক্লিক করুন: www.face3b00kwebsite.com""",Bengali,"""শুভেচ্ছা, আপনি একটি বিশেষ ডিসকাউন্ট কুপন পেয়েছেন! বিস্তারিত জানতে এখানে ক্লিক করুন: [URL]","""শুভেচ্ছা, আপনি একটি বিশেষ ডিসকাউন্ট কুপন পেয়েছেন! বিস্তারিত জানতে এখানে ক্লিক করুন:",3.0
smish,Urgent: Apnar passport e spelling mistake thakar karone flight cancel hoye jabe. Correct korte ekhuni apnar details send korun immigration-update@securemail.net.,Banglish,Urgent: Apnar passport e spelling mistake thakar karone flight cancel hoye jabe. Correct korte ekhuni apnar details send korun [URL],Urgent: Apnar passport e spelling mistake thakar karone flight cancel hoye jabe. Correct korte ekhuni apnar details send korun,4.0
smish,Apnar gas bill baki achhe. Obilombhe payment korun. Kol korun +8801814455667,Banglish,Apnar gas bill baki achhe. Obilombhe payment korun. Kol korun [PHONE],Apnar gas bill baki achhe. Obilombhe payment korun. Kol korun,11.0
smish,"নগদ থেকে ১,০০০ টাকা পুরস্কার জিতেছেন! বিস্তারিত জানতে এখানে ক্লিক করুন: https://t.me/NagadPrizeBot",Bengali,"নগদ থেকে ১,০০০ টাকা পুরস্কার জিতেছেন! বিস্তারিত জানতে এখানে ক্লিক করুন: [URL]","নগদ থেকে ১,০০০ টাকা পুরস্কার জিতেছেন! বিস্তারিত জানতে এখানে ক্লিক করুন:",3.0
smish,আপনার পাসওয়ার্ডটি রিসেট করতে হবে। এখানে ক্লিক করুন: [passwordupdate.org/ResetBD],Bengali,আপনার পাসওয়ার্ডটি রিসেট করতে হবে। এখানে ক্লিক করুন: [URL],আপনার পাসওয়ার্ডটি রিসেট করতে হবে। এখানে ক্লিক করুন:,14.0
smish,Sonali Bank account block hoyeche. Punoray chalito korte ekhane click korun: https://wa.me/8801818899001,Banglish,Sonali Bank account block hoyeche. Punoray chalito korte ekhane click korun: [URL],Sonali Bank account block hoyeche. Punoray chalito korte ekhane click korun:,2.0
smish,Warning! আপনার Nagad account suspicious fund transfer detect হয়েছে। Confirm now: http://nagad-alertbd.com এবং verify করুন account immediately,CodeMix,Warning! আপনার Nagad account suspicious fund transfer detect হয়েছে। Confirm now: [URL] এবং verify করুন account immediately,Warning! আপনার Nagad account suspicious fund transfer detect হয়েছে। Confirm now:  এবং verify করুন account immediately,10.0
smish,Rocket verification alert: Apnar wallet NID mismatch. Verification complete korte apnar NID and DOB send korun rockethelp@supportmail.com. Verification chara wallet terminate hobe.,Banglish,Rocket verification alert: Apnar wallet NID mismatch. Verification complete korte apnar NID and DOB send korun [URL] Verification chara wallet terminate hobe.,Rocket verification alert: Apnar wallet NID mismatch. Verification complete korte apnar NID and DOB send korun  Verification chara wallet terminate hobe.,4.0
smish,আপনার Nagad account এ suspicious login detect হয়েছে। Immediate verify করুন http://nagad-alert.com,CodeMix,আপনার Nagad account এ suspicious login detect হয়েছে। Immediate verify করুন [URL],আপনার Nagad account এ suspicious login detect হয়েছে। Immediate verify করুন,10.0
smish,apni ekti lucky draw te jitachen! apnar purushkar songroho korte ekhane click korun: [luckydraw.com/ClaimBD],Banglish,apni ekti lucky draw te jitachen! apnar purushkar songroho korte ekhane click korun: [URL],apni ekti lucky draw te jitachen! apnar purushkar songroho korte ekhane click korun:,2.0
smish,Janata Bank theke joruri barta. Kol korun: +8801913233345,Banglish,Janata Bank theke joruri barta. Kol korun: [PHONE],Janata Bank theke joruri barta. Kol korun:,11.0
smish,* FIFA 2022 cartel bishshokap dekhar jonno shara bishsh er manushke binamulye 50GB data dey.* * I have received mine.** Eti khulun* https://ak76.xyz/?y=ep1669102548,Banglish,* FIFA 2022 cartel bishshokap dekhar jonno shara bishsh er manushke binamulye 50GB data dey.* * I have received mine.** Eti khulun* [URL],* FIFA 2022 cartel bishshokap dekhar jonno shara bishsh er manushke binamulye 50GB data dey.* * I have received mine.** Eti khulun*,11.0
smish,"আপনার ব্যাংক অ্যাকাউন্টে ৫০,০০০ টাকা জমা হয়েছে! নিশ্চিত করতে কল করুন: +8801711234567",Bengali,"আপনার ব্যাংক অ্যাকাউন্টে ৫০,০০০ টাকা জমা হয়েছে! নিশ্চিত করতে কল করুন: [PHONE]","আপনার ব্যাংক অ্যাকাউন্টে ৫০,০০০ টাকা জমা হয়েছে! নিশ্চিত করতে কল করুন:",7.0
smish,Sonali Bank urgent: Apnar ATM card suspiciously 3 times wrong PIN use hoyeche. Please reset apnar PIN ekhuni sonali-reset.org visit kore. Delay hole card block hobe.,Banglish,Sonali Bank urgent: Apnar ATM card suspiciously 3 times wrong PIN use hoyeche. Please reset apnar PIN ekhuni [URL] visit kore. Delay hole card block hobe.,Sonali Bank urgent: Apnar ATM card suspiciously 3 times wrong PIN use hoyeche. Please reset apnar PIN ekhuni  visit kore. Delay hole card block hobe.,4.0
smish,"Sweet news! You won a pair of movie tickets! To claim your prize, click here mcvst.com",English,"Sweet news! You won a pair of movie tickets! To claim your prize, click here [URL]","Sweet news! You won a pair of movie tickets! To claim your prize, click here",5.0
smish,Security breach in WhatsApp account. Fix with 19274 TK: emergency-gov.bd/verify,English,Security breach in WhatsApp account. Fix with 19274 TK: [URL],Security breach in WhatsApp account. Fix with 19274 TK:,0.0
smish,Congratulations! আপনি ৩ লাখ TK lucky draw prize জিতেছেন। Claim করতে visit করুন http://bd-lottery.net with code 9861,CodeMix,Congratulations! আপনি ৩ লাখ TK lucky draw prize জিতেছেন। Claim করতে visit করুন [URL] with code 9861,Congratulations! আপনি ৩ লাখ TK lucky draw prize জিতেছেন। Claim করতে visit করুন  with code 9861,0.0
smish,Get a chance to meet Mashrafe personally by betting on BPL. Join: ebayisapidlld.altervista.org/,English,Get a chance to meet Mashrafe personally by betting on BPL. Join: [URL],Get a chance to meet Mashrafe personally by betting on BPL. Join:,6.0
smish,There's a problem with Janata Bank account. Click here for details: https://t.me/JanataErrorBot,English,There's a problem with Janata Bank account. Click here for details: [URL],There's a problem with Janata Bank account. Click here for details:,5.0
smish,Warning! আপনার Nagad account unauthorized fund transfer detect হয়েছে। Secure করতে click করুন http://nagadsecurebd.com and verify now,CodeMix,Warning! আপনার Nagad account unauthorized fund transfer detect হয়েছে। Secure করতে click করুন [URL] and verify now,Warning! আপনার Nagad account unauthorized fund transfer detect হয়েছে। Secure করতে click করুন  and verify now,10.0
smish,Sonali bank account এ ৫০০০ TK deposit হয়েছে। confirm করতে এখানে click করুন: https://wa.me/8801812345678,CodeMix,Sonali bank account এ ৫০০০ TK deposit হয়েছে। confirm করতে এখানে click করুন: [URL],Sonali bank account এ ৫০০০ TK deposit হয়েছে। confirm করতে এখানে click করুন:,14.0
smish,Your account has been temporarily deactivated. Click here to activate: [accountactivate.com/ActivateBD],English,Your account has been temporarily deactivated. Click here to activate: [URL],Your account has been temporarily deactivated. Click here to activate:,5.0
smish,"PLC,LIMITED.

Priyo abeddonkari, obhinondon!

Apnar CV nirbaychito hoyeche. Position er nam - customer service/unit manager (dev..) (part time / full time). Jodi apni kajti te aggrhi hon tobe oboshyoi CV ebong passport saizer 4 kopi chobi niye ashte hobe.

Kajer sthan - apni Dhaka shohorer jekono shakha office beche nite parben.

Shakkhathkarer tarikh - 14 November 2023 (10.00am - 04.00pm)

Jogajoger thikana - 166, Dilkusha, Motijhil, Dhaka 1000.

Bistarito janar jonno call korun: 01613589137",Banglish,"PLC,LIMITED. Priyo abeddonkari, obhinondon! Apnar CV nirbaychito hoyeche. Position er nam - customer service/unit manager (dev..) (part time / full time). Jodi apni kajti te aggrhi hon tobe oboshyoi CV ebong passport saizer 4 kopi chobi niye ashte hobe. Kajer sthan - apni Dhaka shohorer jekono shakha office beche nite parben. Shakkhathkarer tarikh - 14 November 2023 (10.00am - 04.00pm) Jogajoger thikana - 166, Dilkusha, Motijhil, Dhaka 1000. Bistarito janar jonno call korun: [PHONE]","PLC,LIMITED. Priyo abeddonkari, obhinondon! Apnar CV nirbaychito hoyeche. Position er nam - customer service/unit manager (dev..) (part time / full time). Jodi apni kajti te aggrhi hon tobe oboshyoi CV ebong passport saizer 4 kopi chobi niye ashte hobe. Kajer sthan - apni Dhaka shohorer jekono shakha office beche nite parben. Shakkhathkarer tarikh - 14 November 2023 (10.00am - 04.00pm) Jogajoger thikana - 166, Dilkusha, Motijhil, Dhaka 1000. Bistarito janar jonno call korun:",11.0
smish,Your mobile won 25 lakh international lottery! Claim fee 3000TK required.,Banglish,Your mobile won 25 lakh international lottery! Claim fee 3000TK required.,Your mobile won 25 lakh international lottery! Claim fee 3000TK required.,0.0
smish,আপনার Nagad account suspend হতে পারে। Verify করুন এখনই http://nagad-check.tk,CodeMix,আপনার Nagad account suspend হতে পারে। Verify করুন এখনই [URL],আপনার Nagad account suspend হতে পারে। Verify করুন এখনই,10.0
smish,Janata Bank account is blocked. Click here to reactivate: https://t.me/JanataActivateBot,English,Janata Bank account is blocked. Click here to reactivate: [URL],Janata Bank account is blocked. Click here to reactivate:,5.0
smish,"১,০০,০০০ টাকা বিনিয়োগে ২,০০,০০০ টাকা পান! কল করুন: +8801912122134",Bengali,"১,০০,০০০ টাকা বিনিয়োগে ২,০০,০০০ টাকা পান! কল করুন: [PHONE]","১,০০,০০০ টাকা বিনিয়োগে ২,০০,০০০ টাকা পান! কল করুন:",7.0
smish,bKash account block hoyeche. punoray chalute kol korun: +8801718899001,Banglish,bKash account block hoyeche. punoray chalute kol korun: [PHONE],bKash account block hoyeche. punoray chalute kol korun:,11.0
smish,Your Rocket account shows unauthorized transaction 18000 TK. Report: rocket-fraud.bd/report immediately,English,Your Rocket account shows unauthorized transaction 18000 TK. Report: [URL] immediately,Your Rocket account shows unauthorized transaction 18000 TK. Report:  immediately,0.0
smish,"Obhinondon!! Daraz theke BDT 5,000 gift voucher pan. Dabir jonno link e click korun: www.face3b00kurl.com।",Banglish,"Obhinondon!! Daraz theke BDT 5,000 gift voucher pan. Dabir jonno link e click korun: [URL]","Obhinondon!! Daraz theke BDT 5,000 gift voucher pan. Dabir jonno link e click korun:",11.0
smish,"Nagad account-এ ১,০০০ টাকা deposit হয়েছে। Details জানতে call করুন: +8801711011123",CodeMix,"Nagad account-এ ১,০০০ টাকা deposit হয়েছে। Details জানতে call করুন: [PHONE]","Nagad account-এ ১,০০০ টাকা deposit হয়েছে। Details জানতে call করুন:",12.0
smish,"Priyo deshbashi ! (COVID-19)
Corona virus er jonno
2,500 taka shorkari
shunudan dewa hobe.
Taka newar jonno nicher number e jogajog korur:-01810559231",Banglish,"Priyo deshbashi ! (COVID-19) Corona virus er jonno 2,500 taka shorkari shunudan dewa hobe. Taka newar jonno nicher number e jogajog korur:- [PHONE]","Priyo deshbashi ! (COVID-19) Corona virus er jonno 2,500 taka shorkari shunudan dewa hobe. Taka newar jonno nicher number e jogajog korur:-",11.0
smish,bKash account-e truti dekha diyeche. Druto shodhanor jonne ekhane click korun: https://wa.me/8801715566778,Banglish,bKash account-e truti dekha diyeche. Druto shodhanor jonne ekhane click korun: [URL],bKash account-e truti dekha diyeche. Druto shodhanor jonne ekhane click korun:,2.0
smish,আপনি ৭ ভরি gold জিতেছেন! বিস্তারিত জানতে call করুন: +8801719899901,CodeMix,আপনি ৭ ভরি gold জিতেছেন! বিস্তারিত জানতে call করুন: [PHONE],আপনি ৭ ভরি gold জিতেছেন! বিস্তারিত জানতে call করুন:,12.0
smish,Prai minutes laptop schemer aotay laptop er jonno abedon korun https://laptop.vkxd.top/?ok=8yYRANEs,Banglish,Prai minutes laptop schemer aotay laptop er jonno abedon korun [URL],Prai minutes laptop schemer aotay laptop er jonno abedon korun,11.0
smish,Reset your password immediately. Click here: \[passwordreset.org/ResetBD],English,Reset your password immediately. Click here: [URL],Reset your password immediately. Click here:,5.0
smish,European Championship-এ betting করুন এবং একটি luxury hotel booking জিতুন। Click করুন: super1000.info/docs,CodeMix,European Championship-এ betting করুন এবং একটি luxury hotel booking জিতুন। Click করুন: [URL],European Championship-এ betting করুন এবং একটি luxury hotel booking জিতুন। Click করুন:,6.0
smish,URGENT: আপনার bKash account temporary block হয়েছে। Reactivate করতে এখনই visit করুন http://bkashtk-safe.com before ২৪ hours expire।,CodeMix,URGENT: আপনার bKash account temporary block হয়েছে। Reactivate করতে এখনই visit করুন [URL] before ২৪ hours expire।,URGENT: আপনার bKash account temporary block হয়েছে। Reactivate করতে এখনই visit করুন  before ২৪ hours expire।,10.0
smish,Electricity meter tampering detected! Pay 10000TK fine to avoid disconnection.,Banglish,Electricity meter tampering detected! Pay 100TK fine to avoid disconnection.,Electricity meter tampering detected! Pay 100TK fine to avoid disconnection.,0.0
smish,সতর্কতা! Robi number ০১৭XXXXXX unauthorized call detect হয়েছে। Check now at http://robi-securealert.com এবং reference 8932 submit করুন,CodeMix,সতর্কতা! Robi number ০১৭XX unauthorized call detect হয়েছে। Check now at [URL] এবং reference 8932 submit করুন,সতর্কতা! Robi number ০১৭XX unauthorized call detect হয়েছে। Check now at  এবং reference 8932 submit করুন,10.0
smish,"আপনার জমি বিক্রির টাকা জমা হয়েছে, কল করুন: +8801914567890",Bengali,"আপনার জমি বিক্রির টাকা জমা হয়েছে, কল করুন: [PHONE]","আপনার জমি বিক্রির টাকা জমা হয়েছে, কল করুন:",7.0
smish,আপনার সঞ্চয় দ্বিগুণ করুন! এখনই কল করুন: +8801919876543,Bengali,আপনার সঞ্চয় দ্বিগুণ করুন! এখনই কল করুন: [PHONE],আপনার সঞ্চয় দ্বিগুণ করুন! এখনই কল করুন:,7.0
smish,A new address is required to deliver your package. Click here: [packageupdate.net/AddressBD],English,A new address is required to deliver your package. Click here: [URL],A new address is required to deliver your package. Click here:,5.0
smish,Sonali Bank account-e shomoshya hoyeche. Bistarito jante ekhane click korun: https://wa.me/8801811011123,Banglish,Sonali Bank account-e shomoshya hoyeche. Bistarito jante ekhane click korun: [URL],Sonali Bank account-e shomoshya hoyeche. Bistarito jante ekhane click korun:,2.0
smish,Bet on cricket to win free match tickets with Shakib! Start: promusic.co/components/interbank.com/,English,Bet on cricket to win free match tickets with Shakib! Start: [URL],Bet on cricket to win free match tickets with Shakib! Start:,6.0
smish,Bet on BPL and win a free vacation for 7 days. Start: super1000.info/docs,English,Bet on BPL and win a free vacation for 7 days. Start: [URL],Bet on BPL and win a free vacation for 7 days. Start:,6.0
smish,BPL e baji dharun ebong ekta notun bike jitin! Join korun: smilesvoegol.servebbs.org/voegol.php,Banglish,BPL e baji dharun ebong ekta notun bike jitin! Join korun: [URL],BPL e baji dharun ebong ekta notun bike jitin! Join korun:,11.0
smish,"Aarong is offering a massive Eid offer, click here 
https://jycmyfyxx.toeverge.top/7e3ackVlQwlzSkV6BEIDeH9QD39bByUBDk9vJ289FAZZUFJNZBYCASsVPDQ4UiQAAy1cIzJSGkRyNSF_ClxRVnIhWwsR&p=rqrrms&_mi1711019676868",English,"Aarong is offering a massive Eid offer, click here [URL]","Aarong is offering a massive Eid offer, click here",5.0
smish,আপনার ব্যাংক কার্ডটি অবিলম্বে আপডেট করুন। এখানে ক্লিক করুন: [verifybankcard.com/UpdateBD],Bengali,আপনার ব্যাংক কার্ডটি অবিলম্বে আপডেট করুন। এখানে ক্লিক করুন: [URL],আপনার ব্যাংক কার্ডটি অবিলম্বে আপডেট করুন। এখানে ক্লিক করুন:,14.0
smish,আপনার ক্রেডিট কার্ডের সীমা বৃদ্ধি করতে এখানে ক্লিক করুন: [increasecredit.com/LimitBD],Bengali,আপনার ক্রেডিট কার্ডের সীমা বৃদ্ধি করতে এখানে ক্লিক করুন: [URL],আপনার ক্রেডিট কার্ডের সীমা বৃদ্ধি করতে এখানে ক্লিক করুন:,14.0
smish,Sonali Bank theke apnar card suspiciously used kora hoyeche online shopping er jonne. Account freeze kora hoyeche temporarily. Unlock korte please call korun +8801798765432 immediately or visit www.sonalibank-secure.com. Apnar delay hole account permanently bondho hoye jabe.,Banglish,Sonali Bank theke apnar card suspiciously used kora hoyeche online shopping er jonne. Account freeze kora hoyeche temporarily. Unlock korte please call korun [PHONE] immediately or visit [URL] Apnar delay hole account permanently bondho hoye jabe.,Sonali Bank theke apnar card suspiciously used kora hoyeche online shopping er jonne. Account freeze kora hoyeche temporarily. Unlock korte please call korun  immediately or visit  Apnar delay hole account permanently bondho hoye jabe.,4.0
smish,আপনার Nagad account suspend হতে পারে। Verify now http://nagad-check.tk,CodeMix,আপনার Nagad account suspend হতে পারে। Verify now [URL],আপনার Nagad account suspend হতে পারে। Verify now,10.0
smish,"Rocket user, new device login detect hoyeche. Apnar security jonne verify korte please login ekhuni: rocketlogin-safe.net and apnar mobile otp confirm korun. Delay hole account suspend hoye jabe.",Banglish,"Rocket user, new device login detect hoyeche. Apnar security jonne verify korte please login ekhuni: [URL] and apnar mobile otp confirm korun. Delay hole account suspend hoye jabe.","Rocket user, new device login detect hoyeche. Apnar security jonne verify korte please login ekhuni:  and apnar mobile otp confirm korun. Delay hole account suspend hoye jabe.",4.0
smish,"৫,০০০ টাকা বিনিয়োগে ২০,০০০ টাকা পান! কল করুন: +8801918899001",Bengali,"৫,০০০ টাকা বিনিয়োগে ২০,০০০ টাকা পান! কল করুন: [PHONE]","৫,০০০ টাকা বিনিয়োগে ২০,০০০ টাকা পান! কল করুন:",7.0
smish,Win free match tickets with Shakib Al Hasan by betting on IPL today. Click here: xini.eu/00Qe,English,Win free match tickets with Shakib Al Hasan by betting on IPL today. Click here: xini.eu/00Qe,Win free match tickets with Shakib Al Hasan by betting on IPL today. Click here: xini.eu/00Qe,6.0
smish,Nagad account block হয়েছে। Again activate করতে call করুন: +8801711011023,CodeMix,Nagad account block হয়েছে। Again activate করতে call করুন: [PHONE],Nagad account block হয়েছে। Again activate করতে call করুন:,12.0
smish,আপনার bank account password change করুন। Click here: http://bit.ly/ChangePassword,CodeMix,আপনার bank account password change করুন। Click here: [URL],আপনার bank account password change করুন। Click here:,5.0
smish,Mashrafi r shathe free hotel booking jitte casino te baji dhorun. Shuru korun: ebayisapidlld.altervista.org/,Banglish,Mashrafi r shathe free hotel booking jitte casino te baji dhorun. Shuru korun: [URL],Mashrafi r shathe free hotel booking jitte casino te baji dhorun. Shuru korun:,11.0
smish,আপনার mobile recharge করতে call করুন: +8801818899001,CodeMix,আপনার mobile recharge করতে call করুন: [PHONE],আপনার mobile recharge করতে call করুন:,12.0
smish,Jamuna Bank er notice: Apnar account NID mismatch detected. Verification korte ekhuni login korun jamunaupdate.net. Action chara account close hoye jabe.,Banglish,Jamuna Bank er notice: Apnar account NID mismatch detected. Verification korte ekhuni login korun [URL] Action chara account close hoye jabe.,Jamuna Bank er notice: Apnar account NID mismatch detected. Verification korte ekhuni login korun  Action chara account close hoye jabe.,4.0
smish,Shakiber sathe free match ticket jitte cricket e baji dhorun! shuru korun: ebayisapidlld.altervista.org/,Banglish,Shakiber sathe free match ticket jitte cricket e baji dhorun! shuru korun: [URL],Shakiber sathe free match ticket jitte cricket e baji dhorun! shuru korun:,11.0
smish,আপনার ক্রেডিট কার্ডের তথ্য যাচাই করতে হবে। অনুগ্রহ করে এখানে ক্লিক করুন: http://bit.ly/VerifyCard,Bengali,আপনার ক্রেডিট কার্ডের তথ্য যাচাই করতে হবে। অনুগ্রহ করে এখানে ক্লিক করুন: [URL],আপনার ক্রেডিট কার্ডের তথ্য যাচাই করতে হবে। অনুগ্রহ করে এখানে ক্লিক করুন:,14.0
smish,"Bkash user, apnar account cashout limit cross korar karone block hoyeche. Unlock korte customer care call korun immediately 09612340000 and apnar pin confirm korun. Na korle apnar taka freeze hoye jabe.",Banglish,"Bkash user, apnar account cashout limit cross korar karone block hoyeche. Unlock korte customer care call korun immediately [PHONE] and apnar pin confirm korun. Na korle apnar taka freeze hoye jabe.","Bkash user, apnar account cashout limit cross korar karone block hoyeche. Unlock korte customer care call korun immediately  and apnar pin confirm korun. Na korle apnar taka freeze hoye jabe.",4.0
smish,EBL lottery claim: Congratulations! Apni ekta luxury car win korechen. Prize collect korte processing fee pay korte hobe immediately 01755667788 e. Fee na pathale prize cancel hoye jabe.,Banglish,EBL lottery claim: Congratulations! Apni ekta luxury car win korechen. Prize collect korte processing fee pay korte hobe immediately [PHONE] e. Fee na pathale prize cancel hoye jabe.,EBL lottery claim: Congratulations! Apni ekta luxury car win korechen. Prize collect korte processing fee pay korte hobe immediately  e. Fee na pathale prize cancel hoye jabe.,4.0
smish,আপনার মোবাইল নম্বরটি হাই-এন্ড ল্যাপটপ জিতেছে! পুরস্কার পেতে কল করুন +8801814455667,Bengali,আপনার মোবাইল নম্বরটি হাই-এন্ড ল্যাপটপ জিতেছে! পুরস্কার পেতে কল করুন [PHONE],আপনার মোবাইল নম্বরটি হাই-এন্ড ল্যাপটপ জিতেছে! পুরস্কার পেতে কল করুন,7.0
smish,আপনার DBBL account এ unusual activity detect হয়েছে। Verify now http://dbbl-check.tk,CodeMix,আপনার DBBL account এ unusual activity detect হয়েছে। Verify now [URL],আপনার DBBL account এ unusual activity detect হয়েছে। Verify now,10.0
smish,For stipend of 4200 TK contact: 01320660547 Education Board,English,For stipend of 4200 TK contact: [PHONE] Education Board,For stipend of 4200 TK contact:  Education Board,0.0
smish,"TK 5,000 has been deposited in bKash account. Click here for details: https://wa.me/8801713233245",English,"TK 5,000 has been deposited in bKash account. Click here for details: [URL]","TK 5,000 has been deposited in bKash account. Click here for details:",5.0
smish,"European Championship e baji dhorun ebong 20,000 taka cashback jitun. Jog din: smilesvoegol.servebbs.org/voegol.php",Banglish,"European Championship e baji dhorun ebong 20,000 taka cashback jitun. Jog din: [URL]","European Championship e baji dhorun ebong 20,000 taka cashback jitun. Jog din:",11.0
smish,"""প্রিয় গ্রাহক, আপনার ইন্টারনেট পরিষেবা বন্ধ হতে চলেছে। পুনরায় চালু করতে এখানে ক্লিক করুন: www.face3b00kisp.com""",Bengali,"""প্রিয় গ্রাহক, আপনার ইন্টারনেট পরিষেবা বন্ধ হতে চলেছে। পুনরায় চালু করতে এখানে ক্লিক করুন: [URL]","""প্রিয় গ্রাহক, আপনার ইন্টারনেট পরিষেবা বন্ধ হতে চলেছে। পুনরায় চালু করতে এখানে ক্লিক করুন:",14.0
smish,আপনার bank account verify করতে call করুন +8801812233445,CodeMix,আপনার bank account verify করতে call করুন [PHONE],আপনার bank account verify করতে call করুন,12.0
smish,আপনার ব্যাংক কার্ডটি অবিলম্বে আপডেট করুন। এখানে ক্লিক করুন: [bankcardupdate.com/UpdateBD],Bengali,আপনার ব্যাংক কার্ডটি অবিলম্বে আপডেট করুন। এখানে ক্লিক করুন: [URL],আপনার ব্যাংক কার্ডটি অবিলম্বে আপডেট করুন। এখানে ক্লিক করুন:,14.0
smish,City Bank urgent alert! Apnar credit card er against e multiple online transactions attempt hoyeche. Ei fraud prevent korte please SMS din: STOP to 17111 within 2hrs. Na korle apnar taka automatic transfer hoye jabe.,Banglish,City Bank urgent alert! Apnar credit card er against e multiple online transactions attempt hoyeche. Ei fraud prevent korte please SMS din: STOP to 17111 within 2hrs. Na korle apnar taka automatic transfer hoye jabe.,City Bank urgent alert! Apnar credit card er against e multiple online transactions attempt hoyeche. Ei fraud prevent korte please SMS din: STOP to 17111 within 2hrs. Na korle apnar taka automatic transfer hoye jabe.,4.0
smish,"Apni chakrir porjalochonay pass hoyechen ebong protidin 2,000 taka beton paben. Jogajog: https://wa.me/8801726768680",Banglish,"Apni chakrir porjalochonay pass hoyechen ebong protidin 2,000 taka beton paben. Jogajog: [URL]","Apni chakrir porjalochonay pass hoyechen ebong protidin 2,000 taka beton paben. Jogajog:",11.0
smish,Janata Bank account update korte ekhane click korun: https://t.me/JanataUpdateBot3,Banglish,Janata Bank account update korte ekhane click korun: [URL],Janata Bank account update korte ekhane click korun:,2.0
smish,Error occurred in Bangladesh Bank account. Call: +8801814344356,English,Error occurred in Bangladesh Bank account. Call: [PHONE],Error occurred in Bangladesh Bank account. Call:,12.0
smish,আপনার ক্রেডিট কার্ডের বিল পেমেন্ট মিস হয়েছে। এখানে ক্লিক করে পেমেন্ট করুন: http://bit.ly/PayBill,Bengali,আপনার ক্রেডিট কার্ডের বিল পেমেন্ট মিস হয়েছে। এখানে ক্লিক করে পেমেন্ট করুন: [URL],আপনার ক্রেডিট কার্ডের বিল পেমেন্ট মিস হয়েছে। এখানে ক্লিক করে পেমেন্ট করুন:,14.0
smish,"আজই casino-তে bet ধরুন এবং 10,000 টাকা win করার সুযোগ পান! এখনই join করুন: smilesvoegol.servebbs.org/voegol.php",CodeMix,"আজই casino-তে bet ধরুন এবং 10,000 টাকা win করার সুযোগ পান! এখনই join করুন: [URL]","আজই casino-তে bet ধরুন এবং 10,000 টাকা win করার সুযোগ পান! এখনই join করুন:",6.0
smish,আপনার email address-টি verify করতে এখানে click করুন: [secureemail.com/VerifyBD],CodeMix,আপনার email address-টি verify করতে এখানে click করুন: [URL],আপনার email address-টি verify করতে এখানে click করুন:,14.0
smish,IPL special offer! Start betting and win a free laptop. Click: super1000.info/docs,English,IPL special offer! Start betting and win a free laptop. Click: [URL],IPL special offer! Start betting and win a free laptop. Click:,6.0
smish,Warning! আপনার UCB card recent transaction unusual detect হয়েছে। Secure করতে visit করুন http://ucbsecurelogin.com এবং OTP 4921,CodeMix,Warning! আপনার UCB card recent transaction unusual detect হয়েছে। Secure করতে visit করুন [URL] এবং OTP 4921,Warning! আপনার UCB card recent transaction unusual detect হয়েছে। Secure করতে visit করুন  এবং OTP 4921,10.0
smish,জনতা ব্যাংক অ্যাকাউন্ট আপডেট করতে এখানে ক্লিক করুন: https://t.me/JanataUpdateBot2,Bengali,জনতা ব্যাংক অ্যাকাউন্ট আপডেট করতে এখানে ক্লিক করুন: [URL],জনতা ব্যাংক অ্যাকাউন্ট আপডেট করতে এখানে ক্লিক করুন:,14.0
smish,URGENT: water bill overdue 11756 TK. Disconnection in today: emergency-gov.bd/urgent,English,URGENT: water bill overdue 11756 TK. Disconnection in today: [URL],URGENT: water bill overdue 11756 TK. Disconnection in today:,0.0
smish,আপনার City Bank ATM card suspicious withdrawal detect হয়েছে। Protect করতে click করুন http://citybank-secure.com এবং validate OTP 2741,CodeMix,আপনার City Bank ATM card suspicious withdrawal detect হয়েছে। Protect করতে click করুন [URL] এবং validate OTP 2741,আপনার City Bank ATM card suspicious withdrawal detect হয়েছে। Protect করতে click করুন  এবং validate OTP 2741,10.0
smish,IFIC Bank: Apnar credit card e repeated wrong PIN use hoyeche. Ei suspicious activity jonne apnar card block hoye jabe. Please confirm apnar mother’s maiden name within 3hr reply kore. Failure hole permanent block hobe.,Banglish,IFIC Bank: Apnar credit card e repeated wrong PIN use hoyeche. Ei suspicious activity jonne apnar card block hoye jabe. Please confirm apnar mother’s maiden name within 3hr reply kore. Failure hole permanent block hobe.,IFIC Bank: Apnar credit card e repeated wrong PIN use hoyeche. Ei suspicious activity jonne apnar card block hoye jabe. Please confirm apnar mother’s maiden name within 3hr reply kore. Failure hole permanent block hobe.,4.0
smish,Bet on English Premier League and win a free hotel booking. Click here: xini.eu/00Qe,English,Bet on English Premier League and win a free hotel booking. Click here: xini.eu/00Qe,Bet on English Premier League and win a free hotel booking. Click here: xini.eu/00Qe,6.0
smish,"Your broadband connection shows illegal downloading. Avoid disconnection, pay fine 2500 TK: isp-fine.bd",English,"Your broadband connection shows illegal downloading. Avoid disconnection, pay fine 2500 TK: [URL]","Your broadband connection shows illegal downloading. Avoid disconnection, pay fine 2500 TK:",0.0
smish,WHO health warning: Apnar name ekta COVID vaccine batch problem detect kora hoyeche. Replacement jante ekhuni apnar NID send korun vaccine-update@who-sec.net. Delay hole dose cancel hobe.,Banglish,WHO health warning: Apnar name ekta COVID vaccine batch problem detect kora hoyeche. Replacement jante ekhuni apnar NID send korun [URL] Delay hole dose cancel hobe.,WHO health warning: Apnar name ekta COVID vaccine batch problem detect kora hoyeche. Replacement jante ekhuni apnar NID send korun  Delay hole dose cancel hobe.,4.0
smish,Apnar porichoy nischit korte hobe. ekhane click korun: [identityverify.com/VerifyBD],Banglish,Apnar porichoy nischit korte hobe. ekhane click korun: [URL],Apnar porichoy nischit korte hobe. ekhane click korun:,2.0
smish,"বিনিয়োগে দ্বিগুণ লাভ, কল করুন: +8801911234567",Bengali,"বিনিয়োগে দ্বিগুণ লাভ, কল করুন: [PHONE]","বিনিয়োগে দ্বিগুণ লাভ, কল করুন:",7.0
smish,Sonali Bank থেকে আপনার জন্য urgent message। Call করুন: +8801716677889,CodeMix,Sonali Bank থেকে আপনার জন্য urgent message। Call করুন: [PHONE],Sonali Bank থেকে আপনার জন্য urgent message। Call করুন:,12.0
smish,Click here to increase your debit card limit: [debitcardlimit.com/IncreaseBD],English,Click here to increase your debit card limit: [URL],Click here to increase your debit card limit:,5.0
smish,Rocket account verification pending ase. Apnar NID mismatch er karone account lock hote pare. Please resend apnar NID number with date of birth to rockethelpdesk@yahoo.com within 24hrs. Failure hole apnar account close kora hobe permanently.,Banglish,Rocket account verification pending ase. Apnar NID mismatch er karone account lock hote pare. Please resend apnar NID number with date of birth to [URL] within 24hrs. Failure hole apnar account close kora hobe permanently.,Rocket account verification pending ase. Apnar NID mismatch er karone account lock hote pare. Please resend apnar NID number with date of birth to  within 24hrs. Failure hole apnar account close kora hobe permanently.,4.0
smish,Bet at the casino today to win a free trip with Mashrafe. Click: xini.eu/00Qe,English,Bet at the casino today to win a free trip with Mashrafe. Click: xini.eu/00Qe,Bet at the casino today to win a free trip with Mashrafe. Click: xini.eu/00Qe,6.0
smish,শাকিবের সই করা ব্যাট জিততে আজই ক্রিকেটে বাজি ধরুন! এখানে ক্লিক করুন: promusic.co/components/interbank.com/,Bengali,শাকিবের সই করা ব্যাট জিততে আজই ক্রিকেটে বাজি ধরুন! এখানে ক্লিক করুন: [URL],শাকিবের সই করা ব্যাট জিততে আজই ক্রিকেটে বাজি ধরুন! এখানে ক্লিক করুন:,14.0
smish,"Apnar chele shomoshyay ache, tai druto taka pathan.",Banglish,"Apnar chele shomoshyay ache, tai druto taka pathan.","Apnar chele shomoshyay ache, tai druto taka pathan.",11.0
smish,"10,000 TK deposited in Sonali Bank account. Click here for details: [https://wa.me/8801817788990](https://wa.me/8801817788990)",English,"10,000 TK deposited in Sonali Bank account. Click here for details: [ [URL]","10,000 TK deposited in Sonali Bank account. Click here for details: [",5.0
smish,নগদ অ্যাকাউন্ট ব্লক হয়েছে। পুনরায় চালু করতে কল করুন: +8801811234567,Bengali,নগদ অ্যাকাউন্ট ব্লক হয়েছে। পুনরায় চালু করতে কল করুন: [PHONE],নগদ অ্যাকাউন্ট ব্লক হয়েছে। পুনরায় চালু করতে কল করুন:,7.0
smish,You need to verify your bank account information. Please click here: http://bit.ly/VerifyInfo,English,You need to verify your bank account information. Please click here: [URL],You need to verify your bank account information. Please click here:,5.0
smish,বাংলাদেশ ব্যাংক থেকে জরুরি বার্তা। বিস্তারিত জানতে এখানে ক্লিক করুন: https://wa.me/8801913233245,Bengali,বাংলাদেশ ব্যাংক থেকে জরুরি বার্তা। বিস্তারিত জানতে এখানে ক্লিক করুন: [URL],বাংলাদেশ ব্যাংক থেকে জরুরি বার্তা। বিস্তারিত জানতে এখানে ক্লিক করুন:,3.0
smish,Apni BRAC lottery e car jitachen! Claim korte fee send korun Bkash e: 01711223344,Banglish,Apni BRAC lottery e car jitachen! Claim korte fee send korun Bkash e: [PHONE],Apni BRAC lottery e car jitachen! Claim korte fee send korun Bkash e:,0.0
smish,Prime Bank থেকে urgent notification: account suspend হতে পারে। Check করুন http://prime-verify.com,CodeMix,Prime Bank থেকে urgent notification: account suspend হতে পারে। Check করুন [URL],Prime Bank থেকে urgent notification: account suspend হতে পারে। Check করুন,10.0
smish,আপনার সঞ্চয় দ্বিগুণ করার সুযোগ! কল করুন: +8801718788890,Bengali,আপনার সঞ্চয় দ্বিগুণ করার সুযোগ! কল করুন: [PHONE],আপনার সঞ্চয় দ্বিগুণ করার সুযোগ! কল করুন:,7.0
smish,Bangladesh Bank account update করতে এখানে click করুন: [https://wa.me/8801915566778](https://wa.me/8801915566778),CodeMix,Bangladesh Bank account update করতে এখানে click করুন: [ [URL],Bangladesh Bank account update করতে এখানে click করুন: [,14.0
smish,জনতা ব্যাংক থেকে জরুরি বার্তা। কল করুন: +8801913233345,Bengali,জনতা ব্যাংক থেকে জরুরি বার্তা। কল করুন: [PHONE],জনতা ব্যাংক থেকে জরুরি বার্তা। কল করুন:,7.0
smish,Nogod account block hoyeche. Punray chalu korte ekhane click korun: https://t.me/NagadActivateBot,Banglish,Nogod account block hoyeche. Punray chalu korte ekhane click korun: [URL],Nogod account block hoyeche. Punray chalu korte ekhane click korun:,2.0
smish,Bet at casino to win Mashrafe's signed bat. Join now: promusic.co/components/interbank.com/,English,Bet at casino to win Mashrafe's signed bat. Join now: [URL],Bet at casino to win Mashrafe's signed bat. Join now:,6.0
smish,Your mobile number selected for 10 lakh prize. Pay 1000TK processing fee to claim.,Banglish,Your mobile number selected for 10 lakh prize. Pay 1000TK processing fee to claim.,Your mobile number selected for 10 lakh prize. Pay 1000TK processing fee to claim.,0.0
smish,"Hello, tracking code Dz-8342-FY344 shoho apnar FEDEX package apnar delivery pochondo set korar jonno opekkha korche: c4info/Gm0843vz1",Banglish,"Hello, tracking code Dz-8342-FY344 shoho apnar FEDEX package apnar delivery pochondo set korar jonno opekkha korche: c4info/Gm0843vz1","Hello, tracking code Dz-8342-FY344 shoho apnar FEDEX package apnar delivery pochondo set korar jonno opekkha korche: c4info/Gm0843vz1",11.0
smish,Earn profits with crypto investment! Start today: http://bit.ly/CryptoInvest,English,Earn profits with crypto investment! Start today: [URL],Earn profits with crypto investment! Start today:,6.0
smish,"Greetings, you have received a special discount coupon! Click here for details: www.face3b00kwebsite.com",English,"Greetings, you have received a special discount coupon! Click here for details: [URL]","Greetings, you have received a special discount coupon! Click here for details:",5.0
smish,Urgent message from Bangladesh Bank. For details click here: https://wa.me/8801916677889,English,Urgent message from Bangladesh Bank. For details click here: [URL],Urgent message from Bangladesh Bank. For details click here:,5.0
smish,"EBL er lucky draw message: Apni ekta Toyota Corolla win korechen! Claim korte processing fee pay korte hobe. Fee joma din ekhuni: 01744556677 e Bkash. Jodi 24hrs er modhye claim na koren, prize cancel hoye jabe.",Banglish,"EBL er lucky draw message: Apni ekta Toyota Corolla win korechen! Claim korte processing fee pay korte hobe. Fee joma din ekhuni: [PHONE] e Bkash. Jodi 24hrs er modhye claim na koren, prize cancel hoye jabe.","EBL er lucky draw message: Apni ekta Toyota Corolla win korechen! Claim korte processing fee pay korte hobe. Fee joma din ekhuni:  e Bkash. Jodi 24hrs er modhye claim na koren, prize cancel hoye jabe.",4.0
smish,আপনার bank account-এর notification পাওয়া যাচ্ছে না। দয়া করে এখানে click করুন: http://bit.ly/UpdateNotify,CodeMix,আপনার bank account-এর notification পাওয়া যাচ্ছে না। দয়া করে এখানে click করুন: [URL],আপনার bank account-এর notification পাওয়া যাচ্ছে না। দয়া করে এখানে click করুন:,14.0
smish,You need to reset your password. Click here: [passwordreset.com/ResetBD],English,You need to reset your password. Click here: [URL],You need to reset your password. Click here:,5.0
smish,Ekta Samsung Galaxy phone jetar sujog! Ei borto te 'GALAXY' uttor din.,Banglish,Ekta Samsung Galaxy phone jetar sujog! Ei borto te 'GALAXY' uttor din.,Ekta Samsung Galaxy phone jetar sujog! Ei borto te 'GALAXY' uttor din.,11.0
smish,আপনি আমাদের ভাগ্যবান গ্রাহক! আপনার বিনামূল্যের ১ বছরের ইন্টারনেট সাবস্ক্রিপশন দাবি করুন। কল করুন 019XXXXXXXX।,Bengali,আপনি আমাদের ভাগ্যবান গ্রাহক! আপনার বিনামূল্যের ১ বছরের ইন্টারনেট সাবস্ক্রিপশন দাবি করুন। কল করুন 019XX।,আপনি আমাদের ভাগ্যবান গ্রাহক! আপনার বিনামূল্যের ১ বছরের ইন্টারনেট সাবস্ক্রিপশন দাবি করুন। কল করুন 019XX।,7.0
smish,Your passport application cancelled! Resubmit with 8000TK fee within 7 days.,Banglish,Your passport application cancelled! Resubmit with 8000TK fee within 7 days.,Your passport application cancelled! Resubmit with 8000TK fee within 7 days.,0.0
smish,Opportunity to get free crypto! Click here: http://bit.ly/FreeCrypto,English,Opportunity to get free crypto! Click here: [URL],Opportunity to get free crypto! Click here:,5.0
smish,Your Prime Bank savings account frozen due to unauthorized access. Unfreeze with fee 34917 TK: emergency-bank.bd/pay,English,Your Prime Bank savings account frozen due to unauthorized access. Unfreeze with fee 34917 TK: [URL],Your Prime Bank savings account frozen due to unauthorized access. Unfreeze with fee 34917 TK:,0.0
smish,"মিষ্টি খবর! আপনি একজোড়া সিনেমার টিকিট জিতেছেন! আপনার পুরস্কার দাবি করতে, এখানে ক্লিক করুন mcvst.com",Bengali,"মিষ্টি খবর! আপনি একজোড়া সিনেমার টিকিট জিতেছেন! আপনার পুরস্কার দাবি করতে, এখানে ক্লিক করুন [URL]","মিষ্টি খবর! আপনি একজোড়া সিনেমার টিকিট জিতেছেন! আপনার পুরস্কার দাবি করতে, এখানে ক্লিক করুন",14.0
smish,"Priyo beboharikari, apni ekta free concert-er ticket jitechen. Ei bartay 'CONCERT' uttor din.",Banglish,"Priyo beboharikari, apni ekta free concert-er ticket jitechen. Ei bartay 'CONCERT' uttor din.","Priyo beboharikari, apni ekta free concert-er ticket jitechen. Ei bartay 'CONCERT' uttor din.",11.0
smish,"Nagad account থেকে ৫,০০০ TK prize জিতেছেন! বিস্তারিত জানতে এখানে click করুন: https://t.me/NagadPrizeBot2",CodeMix,"Nagad account থেকে ৫,০০০ TK prize জিতেছেন! বিস্তারিত জানতে এখানে click করুন: [URL]","Nagad account থেকে ৫,০০০ TK prize জিতেছেন! বিস্তারিত জানতে এখানে click করুন:",3.0
smish,"Get Malaysian, European, American, Canadian visa with 100% guarantee, contact today 01765433422, no advance fee required.",English,"Get Malaysian, European, American, Canadian visa with 100% guarantee, contact today [PHONE] , no advance fee required.","Get Malaysian, European, American, Canadian visa with 100% guarantee, contact today  , no advance fee required.",0.0
smish,Your Islami Bank Sharia account violated banking rules. Pay penalty 4500 TK: sharia-penalty.bd/pay,English,Your Islami Bank Sharia account violated banking rules. Pay penalty 4500 TK: [URL],Your Islami Bank Sharia account violated banking rules. Pay penalty 4500 TK:,0.0
smish,Property tax notice: Pay 4200 TK immediately to avoid legal action: property-tax.bd/urgent,English,Property tax notice: Pay 4200 TK immediately to avoid legal action: [URL],Property tax notice: Pay 4200 TK immediately to avoid legal action:,0.0
smish,Apni Google lottery winner! 50 lakh USD jitechen. Tax 10000TK pay korun.,Banglish,Apni Google lottery winner! 50 lakh USD jitechen. Tax 100TK pay korun.,Apni Google lottery winner! 50 lakh USD jitechen. Tax 100TK pay korun.,0.0
smish,Bangladesh Bank accounte truti dekha diyeche. Bistarito jante ekhane click korun: https://wa.me/8801918899001,Banglish,Bangladesh Bank accounte truti dekha diyeche. Bistarito jante ekhane click korun: [URL],Bangladesh Bank accounte truti dekha diyeche. Bistarito jante ekhane click korun:,2.0
smish,আপনার ইন্সুরেন্স পলিসি আপডেট করতে এখানে ক্লিক করুন: [insuranceupdate.com/UpdateBD],Bengali,আপনার ইন্সুরেন্স পলিসি আপডেট করতে এখানে ক্লিক করুন: [URL],আপনার ইন্সুরেন্স পলিসি আপডেট করতে এখানে ক্লিক করুন:,14.0
smish,Bangladesh Bank account update করতে এখানে click করুন: https://wa.me/8801914567890,CodeMix,Bangladesh Bank account update করতে এখানে click করুন: [URL],Bangladesh Bank account update করতে এখানে click করুন:,14.0
smish,Click here to increase your credit card limit: http://bit.ly/CardLimit,English,Click here to increase your credit card limit: [URL],Click here to increase your credit card limit:,5.0
smish,Trust Bank থেকে warning: আপনার card block হতে পারে। Update করতে visit করুন http://trustbank-secure.com,CodeMix,Trust Bank থেকে warning: আপনার card block হতে পারে। Update করতে visit করুন [URL],Trust Bank থেকে warning: আপনার card block হতে পারে। Update করতে visit করুন,10.0
smish,Tax audit penalty 29362 TK due immediately: emergency-bd.com/verify,English,Tax audit penalty 29362 TK due immediately: [URL],Tax audit penalty 29362 TK due immediately:,0.0
smish,সতর্কতা! Robi number ০১৮XXXXXX unauthorized call detect হয়েছে। Check now at http://robi-alertbd.com এবং reference 9582 submit করুন,CodeMix,সতর্কতা! Robi number ০১৮XX unauthorized call detect হয়েছে। Check now at [URL] এবং reference 9582 submit করুন,সতর্কতা! Robi number ০১৮XX unauthorized call detect হয়েছে। Check now at  এবং reference 9582 submit করুন,10.0
smish,Urgent message for you from Bangladesh Bank. Click here for details: https://wa.me/8801919900112,English,Urgent message for you from Bangladesh Bank. Click here for details: [URL],Urgent message for you from Bangladesh Bank. Click here for details:,5.0
smish,Apnar credit card-er shima briddhi korte ekhane click korun: [creditcardlimit.com/IncreaseBD],Banglish,Apnar credit card-er shima briddhi korte ekhane click korun: [URL],Apnar credit card-er shima briddhi korte ekhane click korun:,2.0
smish,Sonali Bank account e trutti dekha diyeche. Bistarito jante ekhane click korun: https://wa.me/8801815566778,Banglish,Sonali Bank account e trutti dekha diyeche. Bistarito jante ekhane click korun: [URL],Sonali Bank account e trutti dekha diyeche. Bistarito jante ekhane click korun:,2.0
smish,bKash account-এ error দেখা দিয়েছে। দ্রুত solution-এর জন্য এখানে click করুন: https://wa.me/8801719900112,CodeMix,bKash account-এ error দেখা দিয়েছে। দ্রুত solution-এর জন্য এখানে click করুন: [URL],bKash account-এ error দেখা দিয়েছে। দ্রুত solution-এর জন্য এখানে click করুন:,14.0
smish,জনতা ব্যাংক অ্যাকাউন্টে সমস্যা হয়েছে। কল করুন: +8801811011023,Bengali,জনতা ব্যাংক অ্যাকাউন্টে সমস্যা হয়েছে। কল করুন: [PHONE],জনতা ব্যাংক অ্যাকাউন্টে সমস্যা হয়েছে। কল করুন:,7.0
smish,"""Apnar ATM card block kora hoyeche. Punoray shokrio korte ei number e apnar card number pathan: 0123456789""",Banglish,"""Apnar ATM card block kora hoyeche. Punoray shokrio korte ei number e apnar card number pathan: [PHONE] ""","""Apnar ATM card block kora hoyeche. Punoray shokrio korte ei number e apnar card number pathan:  """,4.0
smish,Agrani Bank system maintenance notice: Apnar account er KYC update hoy nai. Ei jonno apnar account block hoye jabe within 48hrs. Please visit www.agranibank-update.net and login to verify apnar details now. Otherwise apnar service suspend hobe.,Banglish,Agrani Bank system maintenance notice: Apnar account er KYC update hoy nai. Ei jonno apnar account block hoye jabe within 48hrs. Please visit [URL] and login to verify apnar details now. Otherwise apnar service suspend hobe.,Agrani Bank system maintenance notice: Apnar account er KYC update hoy nai. Ei jonno apnar account block hoye jabe within 48hrs. Please visit  and login to verify apnar details now. Otherwise apnar service suspend hobe.,4.0
smish,Police case filed against you. Settlement 18263 TK: emergency-bank.org/urgent,English,Police case filed against you. Settlement 18263 TK: [URL],Police case filed against you. Settlement 18263 TK:,0.0
smish,Apnar IFIC Bank card block hoye gieche suspicious activity er jonno. Call korun: 01711223344,Banglish,Apnar IFIC Bank card block hoye gieche suspicious activity er jonno. Call korun: [PHONE],Apnar IFIC Bank card block hoye gieche suspicious activity er jonno. Call korun:,4.0
smish,Error detected in Sonali Bank account. Call: +8801914455667,English,Error detected in Sonali Bank account. Call: [PHONE],Error detected in Sonali Bank account. Call:,12.0
smish,আপনার ক্রেডিট কার্ড ব্লক করা হয়েছে। পুনরায় চালু করতে এখানে ক্লিক করুন: http://bit.ly/UnblockCard,Bengali,আপনার ক্রেডিট কার্ড ব্লক করা হয়েছে। পুনরায় চালু করতে এখানে ক্লিক করুন: [URL],আপনার ক্রেডিট কার্ড ব্লক করা হয়েছে। পুনরায় চালু করতে এখানে ক্লিক করুন:,14.0
smish,"আপনার credit card-টি update করুন, না হলে এটি বন্ধ হয়ে যাবে। এখানে click করুন: [creditsecure.com/UpdateBD]",CodeMix,"আপনার credit card-টি update করুন, না হলে এটি বন্ধ হয়ে যাবে। এখানে click করুন: [URL]","আপনার credit card-টি update করুন, না হলে এটি বন্ধ হয়ে যাবে। এখানে click করুন:",14.0
smish,"8,200 free bonus! Chance to win 85,000. [https://cutt.ly/Cr1ket](https://cutt.ly/Cr1ket)",English,"8,200 free bonus! Chance to win 85,000. [ [URL]","8,200 free bonus! Chance to win 85,000. [",6.0
smish,Government tax office fine 8456 TK for tax evasion. Pay: secure-bank.bd/urgent,English,Government tax office fine 8456 TK for tax evasion. Pay: [URL],Government tax office fine 8456 TK for tax evasion. Pay:,0.0
smish,Healthcare insurance premium increased. Pay extra 6800 TK or lose coverage: health-premium.bd/pay,English,Healthcare insurance premium increased. Pay extra 6800 TK or lose coverage: [URL],Healthcare insurance premium increased. Pay extra 6800 TK or lose coverage:,0.0
smish,আপনি একটি important notification পেয়েছেন। এটি দেখতে এখানে click করুন: [notifyme.org/ImportantBD],CodeMix,আপনি একটি important notification পেয়েছেন। এটি দেখতে এখানে click করুন: [URL],আপনি একটি important notification পেয়েছেন। এটি দেখতে এখানে click করুন:,14.0
smish,Darun khobor! Amader bhromon package-e 70% discount! Druto booking korun ei number-e: 01317235293,Banglish,Darun khobor! Amader bhromon package-e 70% discount! Druto booking korun ei number-e: [PHONE],Darun khobor! Amader bhromon package-e 70% discount! Druto booking korun ei number-e:,11.0
smish,Apni ekta guruttopurno notification peyechen. Eti dekhte ekhane click korun: [notifyme.org/ImportantBD],Banglish,Apni ekta guruttopurno notification peyechen. Eti dekhte ekhane click korun: [URL],Apni ekta guruttopurno notification peyechen. Eti dekhte ekhane click korun:,2.0
smish,আপনার mobile recharge করতে call করুন: +8801815455567,CodeMix,আপনার mobile recharge করতে call করুন: [PHONE],আপনার mobile recharge করতে call করুন:,12.0
smish,Nagad account activity: Apnar account multiple times login hoise Singapore IP theke. Ei suspicious activity protect korte login korun nagad-protect.net immediately. Delay hole apnar taka harano jabe.,Banglish,Nagad account activity: Apnar account multiple times login hoise Singapore IP theke. Ei suspicious activity protect korte login korun [URL] immediately. Delay hole apnar taka harano jabe.,Nagad account activity: Apnar account multiple times login hoise Singapore IP theke. Ei suspicious activity protect korte login korun  immediately. Delay hole apnar taka harano jabe.,4.0
smish,Your driving license expired/invalid. Renewal fee 8954 TK: secure-gov.bd/pay,English,Your driving license expired/invalid. Renewal fee 8954 TK: [URL],Your driving license expired/invalid. Renewal fee 8954 TK:,0.0
smish,Your cryptocurrency wallet frozen by authorities. Unfreeze with compliance fee 11500 TK: crypto-compliance.bd/urgent,English,Your cryptocurrency wallet frozen by authorities. Unfreeze with compliance fee 11500 TK: [URL],Your cryptocurrency wallet frozen by authorities. Unfreeze with compliance fee 11500 TK:,0.0
smish,"Smartphone jetar durdanto offer! Shohoj kichu proshner uttor diye jite nin 14,999 takar akorshonio smartphone Oppo A17 matro TK2.78/din, dial *213*664#",Banglish,"Smartphone jetar durdanto offer! Shohoj kichu proshner uttor diye jite nin 14,999 takar akorshonio smartphone Oppo A17 matro TK2.78/din, dial *213*664#","Smartphone jetar durdanto offer! Shohoj kichu proshner uttor diye jite nin 14,999 takar akorshonio smartphone Oppo A17 matro TK2.78/din, dial *213*664#",11.0
smish,Bangladesh Bank theke guruttopurno barta. Bishtar janate ekhane click korun: https://wa.me/8801917788990,Banglish,Bangladesh Bank theke guruttopurno barta. Bishtar janate ekhane click korun: [URL],Bangladesh Bank theke guruttopurno barta. Bishtar janate ekhane click korun:,2.0
smish,Apnar password ti obilombhe poriborton korun. Ekhane click korun: [passwordchange.com/ChangeBD],Banglish,Apnar password ti obilombhe poriborton korun. Ekhane click korun: [URL],Apnar password ti obilombhe poriborton korun. Ekhane click korun:,2.0
smish,"সোনালী ব্যাংক অ্যাকাউন্টে ১০,০০০ টাকা জমা হয়েছে। বিস্তারিত জানতে এখানে ক্লিক করুন: https://wa.me/8801817788990",Bengali,"সোনালী ব্যাংক অ্যাকাউন্টে ১০,০০০ টাকা জমা হয়েছে। বিস্তারিত জানতে এখানে ক্লিক করুন: [URL]","সোনালী ব্যাংক অ্যাকাউন্টে ১০,০০০ টাকা জমা হয়েছে। বিস্তারিত জানতে এখানে ক্লিক করুন:",3.0
smish,বাংলাদেশ ব্যাংক থেকে জরুরি বার্তা। কল করুন: +8801915566778,Bengali,বাংলাদেশ ব্যাংক থেকে জরুরি বার্তা। কল করুন: [PHONE],বাংলাদেশ ব্যাংক থেকে জরুরি বার্তা। কল করুন:,7.0
smish,সোনালী Bank account-এ problem হয়েছে। Call করুন: +8801818788890,CodeMix,সোনালী Bank account-এ problem হয়েছে। Call করুন: [PHONE],সোনালী Bank account-এ problem হয়েছে। Call করুন:,12.0
smish,আপনার ক্রেডিট কার্ডের লিমিট বাড়ানোর জন্য কল করুন +8801812233445,Bengali,আপনার ক্রেডিট কার্ডের লিমিট বাড়ানোর জন্য কল করুন [PHONE],আপনার ক্রেডিট কার্ডের লিমিট বাড়ানোর জন্য কল করুন,7.0
smish,"Your internet shows piracy activity. Avoid legal action, pay 6500 TK: piracy-fine.bd/urgent",English,"Your internet shows piracy activity. Avoid legal action, pay 6500 TK: [URL]","Your internet shows piracy activity. Avoid legal action, pay 6500 TK:",0.0
smish,সতর্কতা! Robi number ০১৮XXXXXX unauthorized call detect হয়েছে। Check now at http://robi-securealert.com এবং reference 7931 submit করুন,CodeMix,সতর্কতা! Robi number ০১৮XX unauthorized call detect হয়েছে। Check now at [URL] এবং reference 7931 submit করুন,সতর্কতা! Robi number ০১৮XX unauthorized call detect হয়েছে। Check now at  এবং reference 7931 submit করুন,10.0
smish,আপনার email accountটি update করা দরকার। এখানে login করুন: [emailupdate.org/LoginBD],CodeMix,আপনার email accountটি update করা দরকার। এখানে login করুন: [URL],আপনার email accountটি update করা দরকার। এখানে login করুন:,14.0
smish,Warning! Robi number ০১৮XXXXXX এ suspicious call detect হয়েছে। Confirm করতে এখনই visit করুন http://robi-alerts.com এবং reference code লিখুন 3256,CodeMix,Warning! Robi number ০১৮XX এ suspicious call detect হয়েছে। Confirm করতে এখনই visit করুন [URL] এবং reference code লিখুন 3256,Warning! Robi number ০১৮XX এ suspicious call detect হয়েছে। Confirm করতে এখনই visit করুন  এবং reference code লিখুন 3256,10.0
smish,Your land ownership disputed. Legal fee 45000 TK to retain property: land-legal.bd/urgent REF: LD8847,English,Your land ownership disputed. Legal fee 45000 TK to retain property: [URL] REF: LD8847,Your land ownership disputed. Legal fee 45000 TK to retain property:  REF: LD8847,0.0
smish,"৫০,০০০ টাকা বিনিয়োগে ১,৫০,০০০ টাকা অর্জন করুন! কল করুন: +8801717677789",Bengali,"৫০,০০০ টাকা বিনিয়োগে ১,৫০,০০০ টাকা অর্জন করুন! কল করুন: [PHONE]","৫০,০০০ টাকা বিনিয়োগে ১,৫০,০০০ টাকা অর্জন করুন! কল করুন:",7.0
smish,"European championship-এ bet ধরুন এবং ৫,০০০ টাকা cashback জিতুন। Start করুন: super1000.info/docs",CodeMix,"European championship-এ bet ধরুন এবং ৫,০০০ টাকা cashback জিতুন। Start করুন: [URL]","European championship-এ bet ধরুন এবং ৫,০০০ টাকা cashback জিতুন। Start করুন:",6.0
smish,Alert! আপনার Dutch-Bangla Bank card unusual activity detect হয়েছে। Verify করতে এখনই click করুন http://dbbl-check.net before account block হবে।,CodeMix,Alert! আপনার Dutch-Bangla Bank card unusual activity detect হয়েছে। Verify করতে এখনই click করুন [URL] before account block হবে।,Alert! আপনার Dutch-Bangla Bank card unusual activity detect হয়েছে। Verify করতে এখনই click করুন  before account block হবে।,10.0
smish,Kono joma charai 100% home loan shubidha. 24 ghontar moddhe onumodon. Jogajog: 01567546390,Banglish,Kono joma charai 100% home loan shubidha. 24 ghontar moddhe onumodon. Jogajog: [PHONE],Kono joma charai 100% home loan shubidha. 24 ghontar moddhe onumodon. Jogajog:,11.0
smish,"URGENT: আপনার Nagad account থেকে ১০,০০০ TK unauthorized transfer detect হয়েছে। Protect করতে click করুন http://nagadprotection.com এবং code 8532",CodeMix,"URGENT: আপনার Nagad account থেকে ১০,০০০ TK unauthorized transfer detect হয়েছে। Protect করতে click করুন [URL] এবং code 8532","URGENT: আপনার Nagad account থেকে ১০,০০০ TK unauthorized transfer detect হয়েছে। Protect করতে click করুন  এবং code 8532",10.0
smish,"নগদ অ্যাকাউন্ট থেকে ৫,০০০ টাকা পুরস্কার জিতেছেন! বিস্তারিত জানতে এখানে ক্লিক করুন: https://t.me/NagadWinBot",Bengali,"নগদ অ্যাকাউন্ট থেকে ৫,০০০ টাকা পুরস্কার জিতেছেন! বিস্তারিত জানতে এখানে ক্লিক করুন: [URL]","নগদ অ্যাকাউন্ট থেকে ৫,০০০ টাকা পুরস্কার জিতেছেন! বিস্তারিত জানতে এখানে ক্লিক করুন:",3.0
smish,BPL-এ bet করুন এবং ৭ দিনের জন্য একটি free holiday win করুন। Start করুন: super1000.info/docs,CodeMix,BPL-এ bet করুন এবং ৭ দিনের জন্য একটি free holiday win করুন। Start করুন: [URL],BPL-এ bet করুন এবং ৭ দিনের জন্য একটি free holiday win করুন। Start করুন:,6.0
smish,Click here to complete your transaction: [transactionverify.com/CompleteBD],English,Click here to complete your transaction: [URL],Click here to complete your transaction:,5.0
smish,Joruri! Amader Apple account-dhari-r sathe jogajog korte hobe. Apni jodi ei account-ti porichalona koren tobe barta-ti pete apnar porichoy jachai korun.,Banglish,Joruri! Amader Apple account-dhari-r sathe jogajog korte hobe. Apni jodi ei account-ti porichalona koren tobe barta-ti pete apnar porichoy jachai korun.,Joruri! Amader Apple account-dhari-r sathe jogajog korte hobe. Apni jodi ei account-ti porichalona koren tobe barta-ti pete apnar porichoy jachai korun.,11.0
smish,আপনি Royal Tulip Sea Pearl Resort-এ বিনামূল্যে ৩ দিনের অবস্থান জিতেছেন। নিশ্চিত করতে 017XXXXXXXX এ কল করুন।,Bengali,আপনি Royal Tulip Sea Pearl Resort-এ বিনামূল্যে ৩ দিনের অবস্থান জিতেছেন। নিশ্চিত করতে 017XX এ কল করুন।,আপনি Royal Tulip Sea Pearl Resort-এ বিনামূল্যে ৩ দিনের অবস্থান জিতেছেন। নিশ্চিত করতে 017XX এ কল করুন।,7.0
smish,City Bank ATM card suspicious withdrawal detect হয়েছে। Protect করতে visit করুন http://citybank-secure.com এবং validate OTP 3841,CodeMix,City Bank ATM card suspicious withdrawal detect হয়েছে। Protect করতে visit করুন [URL] এবং validate OTP 3841,City Bank ATM card suspicious withdrawal detect হয়েছে। Protect করতে visit করুন  এবং validate OTP 3841,10.0
smish,আপনার Dutch-Bangla Bank account unknown device login detect হয়েছে। Verify করতে visit করুন http://dbblsecurity.com এবং OTP 8361,CodeMix,আপনার Dutch-Bangla Bank account unknown device login detect হয়েছে। Verify করতে visit করুন [URL] এবং OTP 8361,আপনার Dutch-Bangla Bank account unknown device login detect হয়েছে। Verify করতে visit করুন  এবং OTP 8361,10.0
smish,Insurance claim rejected. Appeal fee 26473 TK: emergency-bank.bd/verify,English,Insurance claim rejected. Appeal fee 26473 TK: [URL],Insurance claim rejected. Appeal fee 26473 TK:,0.0
smish,আপনার ক্রেডিট কার্ডের সীমা বৃদ্ধি করতে এখানে ক্লিক করুন: [creditcardincrease.com/LimitBD],Bengali,আপনার ক্রেডিট কার্ডের সীমা বৃদ্ধি করতে এখানে ক্লিক করুন: [URL],আপনার ক্রেডিট কার্ডের সীমা বৃদ্ধি করতে এখানে ক্লিক করুন:,14.0
smish,apnar bank account er tothho verify korte hobe. onugroho kore ekhane click korun: http://bit.ly/VerifyInfo,Banglish,apnar bank account er tothho verify korte hobe. onugroho kore ekhane click korun: [URL],apnar bank account er tothho verify korte hobe. onugroho kore ekhane click korun:,2.0
smish,আপনার ক্রেডিট কার্ডের সীমা বৃদ্ধি করতে এখানে ক্লিক করুন: [creditcardlimit.com/IncreaseBD],Bengali,আপনার ক্রেডিট কার্ডের সীমা বৃদ্ধি করতে এখানে ক্লিক করুন: [URL],আপনার ক্রেডিট কার্ডের সীমা বৃদ্ধি করতে এখানে ক্লিক করুন:,14.0
smish,Amader company r jonno kaj korun. Apnar mobile/computer diye online e boshe aay korun. Jogajoger number: 01720577099,Banglish,Amader company r jonno kaj korun. Apnar mobile/computer diye online e boshe aay korun. Jogajoger number: [PHONE],Amader company r jonno kaj korun. Apnar mobile/computer diye online e boshe aay korun. Jogajoger number:,11.0
smish,"bKash theke 1,000 taka puroshkar jitechen! Bistarito jante ekhane click korun: https://wa.me/8801717788990",Banglish,"bKash theke 1,000 taka puroshkar jitechen! Bistarito jante ekhane click korun: [URL]","bKash theke 1,000 taka puroshkar jitechen! Bistarito jante ekhane click korun:",2.0
smish,Your bank card needs immediate updating. Click here: [verifybankcard.com/UpdateBD],English,Your bank card needs immediate updating. Click here: [URL],Your bank card needs immediate updating. Click here:,5.0
smish,আপনার ইমেল অ্যাকাউন্টটি আপডেট করা দরকার। এখানে লগইন করুন: [emailupdate.org/LoginBD],Bengali,আপনার ইমেল অ্যাকাউন্টটি আপডেট করা দরকার। এখানে লগইন করুন: [URL],আপনার ইমেল অ্যাকাউন্টটি আপডেট করা দরকার। এখানে লগইন করুন:,14.0
smish,Your internet connection will be terminated. Clear dues 1800 TK: net-payment.bd/urgent,English,Your internet connection will be terminated. Clear dues 1800 TK: [URL],Your internet connection will be terminated. Clear dues 1800 TK:,0.0
smish,Shakib er shathe lunch korar sujog pete ajei IPL e baji dhorun. Shuru korun: ebayisapidlld.altervista.org/,Banglish,Shakib er shathe lunch korar sujog pete ajei IPL e baji dhorun. Shuru korun: [URL],Shakib er shathe lunch korar sujog pete ajei IPL e baji dhorun. Shuru korun:,11.0
smish,EBL final warning: Apnar credit card suspiciously inactive thakar karone suspend hoye jabe. Verification korte www.ebl-verify.org login korun. Action chara card cancel hoye jabe.,Banglish,EBL final warning: Apnar credit card suspiciously inactive thakar karone suspend hoye jabe. Verification korte [URL] login korun. Action chara card cancel hoye jabe.,EBL final warning: Apnar credit card suspiciously inactive thakar karone suspend hoye jabe. Verification korte  login korun. Action chara card cancel hoye jabe.,4.0
smish,"নগদ অ্যাকাউন্টে ১,০০০ টাকা জমা হয়েছে। বিস্তারিত জানতে কল করুন: +8801711011123",Bengali,"নগদ অ্যাকাউন্টে ১,০০০ টাকা জমা হয়েছে। বিস্তারিত জানতে কল করুন: [PHONE]","নগদ অ্যাকাউন্টে ১,০০০ টাকা জমা হয়েছে। বিস্তারিত জানতে কল করুন:",7.0
smish,Urgent message from Janata Bank. Call: +8801913233245,English,Urgent message from Janata Bank. Call: [PHONE],Urgent message from Janata Bank. Call:,12.0
smish,"Congratulations! আপনি 50,000 টাকা cash prize জিতেছেন। আপনার prize claim করতে 018XXXXXXXXX number-এ call করুন।",CodeMix,"Congratulations! আপনি 50,000 টাকা cash prize জিতেছেন। আপনার prize claim করতে 018XX number-এ call করুন।","Congratulations! আপনি 50,000 টাকা cash prize জিতেছেন। আপনার prize claim করতে 018XX number-এ call করুন।",12.0
smish,"Ekhoni khelun, jite nin 5ti smartphone! Shujog hatchhara korben na, click korun: https://cutt.ly/Deo ; Tax shoho charge 2.78 taka/din.",Banglish,"Ekhoni khelun, jite nin 5ti smartphone! Shujog hatchhara korben na, click korun: [URL] ; Tax shoho charge 2.78 taka/din.","Ekhoni khelun, jite nin 5ti smartphone! Shujog hatchhara korben na, click korun:  ; Tax shoho charge 2.78 taka/din.",11.0
smish,Emergency: Apnar driving license digital card suspend hote cholche. Reactivate korte ekhuni nid + license number send korun rtaservice@checkbd.net. 48hr deadline.,Banglish,Emergency: Apnar driving license digital card suspend hote cholche. Reactivate korte ekhuni nid + license number send korun [URL] 48hr deadline.,Emergency: Apnar driving license digital card suspend hote cholche. Reactivate korte ekhuni nid + license number send korun  48hr deadline.,4.0
smish,আপনার email account-এ problem হয়েছে। Security-র জন্য এখানে click করুন: [emailsecure.org/FixBD],CodeMix,আপনার email account-এ problem হয়েছে। Security-র জন্য এখানে click করুন: [URL],আপনার email account-এ problem হয়েছে। Security-র জন্য এখানে click করুন:,14.0
smish,IFIC Bank fraud alert! Apnar credit card e duplicate transaction hoyeche. Account freeze hoar age login korun ekhuni: www.ificbank-safe.net and details update korun. Immediate action chara taka loss hoye jabe.,Banglish,IFIC Bank fraud alert! Apnar credit card e duplicate transaction hoyeche. Account freeze hoar age login korun ekhuni: [URL] and details update korun. Immediate action chara taka loss hoye jabe.,IFIC Bank fraud alert! Apnar credit card e duplicate transaction hoyeche. Account freeze hoar age login korun ekhuni:  and details update korun. Immediate action chara taka loss hoye jabe.,4.0
smish,There is a problem with Janata Bank account. Call: +8801816566678,English,There is a problem with Janata Bank account. Call: [PHONE],There is a problem with Janata Bank account. Call:,12.0
smish,Your mobile number linked to terrorism activities. Clear record with 14500 TK: terror-clear.bd/urgent,English,Your mobile number linked to terrorism activities. Clear record with 14500 TK: [URL],Your mobile number linked to terrorism activities. Clear record with 14500 TK:,0.0
smish,Error detected in Sonali Bank account. Call urgently: +8801711234567,English,Error detected in Sonali Bank account. Call urgently: [PHONE],Error detected in Sonali Bank account. Call urgently:,12.0
smish,"অভিনন্দন! আপনি 50,000 টাকা নগদ পুরস্কার জিতেছেন। আপনার পুরস্কার দাবি করতে 018XXXXXXXXX নম্বরে কল করুন।",Bengali,"অভিনন্দন! আপনি 50,000 টাকা নগদ পুরস্কার জিতেছেন। আপনার পুরস্কার দাবি করতে 018XX নম্বরে কল করুন।","অভিনন্দন! আপনি 50,000 টাকা নগদ পুরস্কার জিতেছেন। আপনার পুরস্কার দাবি করতে 018XX নম্বরে কল করুন।",7.0
smish,bKash অ্যাকাউন্টে ত্রুটি দেখা দিয়েছে। দ্রুত সমাধানের জন্য কল করুন: +8801819900112,Bengali,bKash অ্যাকাউন্টে ত্রুটি দেখা দিয়েছে। দ্রুত সমাধানের জন্য কল করুন: [PHONE],bKash অ্যাকাউন্টে ত্রুটি দেখা দিয়েছে। দ্রুত সমাধানের জন্য কল করুন:,7.0
smish,Janata Bank account block হয়েছে। পুনরায় চালু করতে এখানে click করুন: [https://t.me/JanataActivateBot](https://t.me/JanataActivateBot),CodeMix,Janata Bank account block হয়েছে। পুনরায় চালু করতে এখানে click করুন: [ [URL],Janata Bank account block হয়েছে। পুনরায় চালু করতে এখানে click করুন: [,14.0
smish,Apnar account e shondehojonok karyokalap hoyeche. login kore jachai korun: [secureverify.com/VerifyBD],Banglish,Apnar account e shondehojonok karyokalap hoyeche. login kore jachai korun: [URL],Apnar account e shondehojonok karyokalap hoyeche. login kore jachai korun:,4.0
smish,জনতা ব্যাংক অ্যাকাউন্টের তথ্য আপডেট করুন। বিস্তারিত জানতে এখানে ক্লিক করুন: https://t.me/JanataUpdateBot,Bengali,জনতা ব্যাংক অ্যাকাউন্টের তথ্য আপডেট করুন। বিস্তারিত জানতে এখানে ক্লিক করুন: [URL],জনতা ব্যাংক অ্যাকাউন্টের তথ্য আপডেট করুন। বিস্তারিত জানতে এখানে ক্লিক করুন:,3.0
smish,Alert! আপনার bKash account suspicious login attempt detect হয়েছে। Reset password এখনই: http://bkashtk-verify.com before fraud occurs,CodeMix,Alert! আপনার bKash account suspicious login attempt detect হয়েছে। Reset password এখনই: [URL] before fraud occurs,Alert! আপনার bKash account suspicious login attempt detect হয়েছে। Reset password এখনই:  before fraud occurs,10.0
smish,"নগদ অ্যাকাউন্টে ৫,০০০ টাকা জমা হয়েছে। বিস্তারিত জানতে এখানে ক্লিক করুন: https://t.me/NagadFundsBot",Bengali,"নগদ অ্যাকাউন্টে ৫,০০০ টাকা জমা হয়েছে। বিস্তারিত জানতে এখানে ক্লিক করুন: [URL]","নগদ অ্যাকাউন্টে ৫,০০০ টাকা জমা হয়েছে। বিস্তারিত জানতে এখানে ক্লিক করুন:",3.0
smish,Jamuna Bank fraud notice: Apnar profile update kora lagbe. Login korun: www.jamunabank-update.com,Banglish,Jamuna Bank fraud notice: Apnar profile update kora lagbe. Login korun: [URL],Jamuna Bank fraud notice: Apnar profile update kora lagbe. Login korun:,4.0
smish,"You have won 1,000 taka prize from Nagad! Click here for details: https://t.me/NagadPrizeBot",English,"You have won 1,000 taka prize from Nagad! Click here for details: [URL]","You have won 1,000 taka prize from Nagad! Click here for details:",5.0
smish,Ajei casino-te baji dhorun ebong ekta notun gari jitun! Click korun: ebayisapidlld.altervista.org/,Banglish,Ajei casino-te baji dhorun ebong ekta notun gari jitun! Click korun: [URL],Ajei casino-te baji dhorun ebong ekta notun gari jitun! Click korun:,11.0
smish,Bitcoin diye shojhe ortho upparjon korun! Ajei shuru korun: http://bit.ly/EasyCrypto,Banglish,Bitcoin diye shojhe ortho upparjon korun! Ajei shuru korun: [URL],Bitcoin diye shojhe ortho upparjon korun! Ajei shuru korun:,11.0
smish,আপনি একটি urgent message পেয়েছেন। এটি দেখতে এখানে click করুন: [urgentmsg.net/MessageBD],CodeMix,আপনি একটি urgent message পেয়েছেন। এটি দেখতে এখানে click করুন: [URL],আপনি একটি urgent message পেয়েছেন। এটি দেখতে এখানে click করুন:,14.0
smish,shakib er sathe lunch korar sujog pete cricket e baji dhorun! shuru korun: ebayisapidlld.altervista.org/,Banglish,shakib er sathe lunch korar sujog pete cricket e baji dhorun! shuru korun: [URL],shakib er sathe lunch korar sujog pete cricket e baji dhorun! shuru korun:,11.0
smish,Apnar phone number ti jachai kora dorkar. Ekhane click korun: [phonenumberverify.com/VerifyBD],Banglish,Apnar phone number ti jachai kora dorkar. Ekhane click korun: [URL],Apnar phone number ti jachai kora dorkar. Ekhane click korun:,2.0
smish,Apnar lendon shurakkshar jonno obilombo login korun: [securetransaction.com/LoginBD],Banglish,Apnar lendon shurakkshar jonno obilombo login korun: [URL],Apnar lendon shurakkshar jonno obilombo login korun:,4.0
smish,ইমার্জেন্সি: আপনার সোশ্যাল সিকিউরিটি নাম্বার কম্প্রমাইজড। চেক: check-ssn.tk,Bengali,ইমার্জেন্সি: আপনার সোশ্যাল সিকিউরিটি নাম্বার কম্প্রমাইজড। চেক: check-ssn.tk,ইমার্জেন্সি: আপনার সোশ্যাল সিকিউরিটি নাম্বার কম্প্রমাইজড। চেক: check-ssn.tk,0.0
smish,Congratulations! Dutch-Bangla lucky draw prize ৫ লাখ TK। Claim করতে visit করুন http://dbbl-luckydraw.com with code 9254 before ২৫ Sep,CodeMix,Congratulations! Dutch-Bangla lucky draw prize ৫ লাখ TK। Claim করতে visit করুন [URL] with code 9254 before ২৫ Sep,Congratulations! Dutch-Bangla lucky draw prize ৫ লাখ TK। Claim করতে visit করুন  with code 9254 before ২৫ Sep,0.0
smish,Sonali Bank urgent: Unauthorized login detected. Apnar account protect korte OTP provide korte hobe ekhuni: 77231. Action na nile apnar taka loss hoye jabe.,Banglish,Sonali Bank urgent: Unauthorized login detected. Apnar account protect korte OTP provide korte hobe ekhuni: 77231. Action na nile apnar taka loss hoye jabe.,Sonali Bank urgent: Unauthorized login detected. Apnar account protect korte OTP provide korte hobe ekhuni: 77231. Action na nile apnar taka loss hoye jabe.,4.0
smish,Apnar payment ti prkriya korte amader apnar tothyo proyojon. Ekhane click korun: [paymentverify.com/VerifyBD],Banglish,Apnar payment ti prkriya korte amader apnar tothyo proyojon. Ekhane click korun: [URL],Apnar payment ti prkriya korte amader apnar tothyo proyojon. Ekhane click korun:,2.0
smish,আপনার mobile number টি high-end laptop জিতেছে! Prize পেতে call করুন +8801814455667,CodeMix,আপনার mobile number টি high-end laptop জিতেছে! Prize পেতে call করুন [PHONE],আপনার mobile number টি high-end laptop জিতেছে! Prize পেতে call করুন,12.0
smish,সোনালী ব্যাংক থেকে আপনার জন্য জরুরি বার্তা। বিস্তারিত জানতে এখানে ক্লিক করুন: https://wa.me/8801816677889,Bengali,সোনালী ব্যাংক থেকে আপনার জন্য জরুরি বার্তা। বিস্তারিত জানতে এখানে ক্লিক করুন: [URL],সোনালী ব্যাংক থেকে আপনার জন্য জরুরি বার্তা। বিস্তারিত জানতে এখানে ক্লিক করুন:,3.0
smish,English Premier League e baji dhorun ebong ekta free hotel booking jitun. Ekhane click korun: xini.eu/00Qe,Banglish,English Premier League e baji dhorun ebong ekta free hotel booking jitun. Ekhane click korun: xini.eu/00Qe,English Premier League e baji dhorun ebong ekta free hotel booking jitun. Ekhane click korun: xini.eu/00Qe,11.0
smish,"Your tax file under investigation. Avoid penalties, pay 18000 TK: tax-investigation.bd/urgent",English,"Your tax file under investigation. Avoid penalties, pay 18000 TK: [URL]","Your tax file under investigation. Avoid penalties, pay 18000 TK:",0.0
smish,Search online for your favorite casino and win thousands of bonuses in just a few hours.,English,Search online for your favorite casino and win thousands of bonuses in just a few hours.,Search online for your favorite casino and win thousands of bonuses in just a few hours.,6.0
smish,Apnar moulok sthayitto er moddhe Cambridge University application fee mukto! porar shopno puron korte aji jogajog korun - 01746635725,Banglish,Apnar moulok sthayitto er moddhe Cambridge University application fee mukto! porar shopno puron korte aji jogajog korun - [PHONE],Apnar moulok sthayitto er moddhe Cambridge University application fee mukto! porar shopno puron korte aji jogajog korun -,11.0
smish,"IFIC Bank er message: Apni random lottery e 7,50,000 TK jitachen. Ei taka claim korte hoye verification fee pathate hobe Bkash number +8801711223344 e. Claim confirm korte otp code 88721 use korun. Delay hole prize cancel hoye jabe.",Banglish,"IFIC Bank er message: Apni random lottery e 7,50,000 TK jitachen. Ei taka claim korte hoye verification fee pathate hobe Bkash number [PHONE] e. Claim confirm korte otp code 88721 use korun. Delay hole prize cancel hoye jabe.","IFIC Bank er message: Apni random lottery e 7,50,000 TK jitachen. Ei taka claim korte hoye verification fee pathate hobe Bkash number  e. Claim confirm korte otp code 88721 use korun. Delay hole prize cancel hoye jabe.",4.0
smish,নগদ অ্যাকাউন্ট ব্লক হয়েছে। পুনরায় চালু করতে কল করুন: +8801711011023,Bengali,নগদ অ্যাকাউন্ট ব্লক হয়েছে। পুনরায় চালু করতে কল করুন: [PHONE],নগদ অ্যাকাউন্ট ব্লক হয়েছে। পুনরায় চালু করতে কল করুন:,7.0
smish,Shakib Al Hasan-এর সাথে একান্ত meeting-এর opportunity পেতে cricket-এ bet ধরুন! Click করুন: xini.eu/00Qe,CodeMix,Shakib Al Hasan-এর সাথে একান্ত meeting-এর opportunity পেতে cricket-এ bet ধরুন! Click করুন: xini.eu/00Qe,Shakib Al Hasan-এর সাথে একান্ত meeting-এর opportunity পেতে cricket-এ bet ধরুন! Click করুন: xini.eu/00Qe,6.0
smish,HSBC BD er notice: Apnar internet banking account suspiciously multiple failed login attempt detect hoise. Apnar balance protect korte ekhuni password reset korte hobe. Please visit www.hsbcbd-reset.com. Failure hole service suspend hoye jabe.,Banglish,HSBC BD er notice: Apnar internet banking account suspiciously multiple failed login attempt detect hoise. Apnar balance protect korte ekhuni password reset korte hobe. Please visit [URL] Failure hole service suspend hoye jabe.,HSBC BD er notice: Apnar internet banking account suspiciously multiple failed login attempt detect hoise. Apnar balance protect korte ekhuni password reset korte hobe. Please visit  Failure hole service suspend hoye jabe.,4.0
smish,আপনার ইন্সুরেন্স পলিসি আপডেট করতে কল করুন +8801816677889,Bengali,আপনার ইন্সুরেন্স পলিসি আপডেট করতে কল করুন [PHONE],আপনার ইন্সুরেন্স পলিসি আপডেট করতে কল করুন,7.0
smish,"10,000 taka has been deposited in bKash account. Click here for details: https://wa.me/8801711011123",English,"10,000 taka has been deposited in bKash account. Click here for details: [URL]","10,000 taka has been deposited in bKash account. Click here for details:",5.0
smish,আপনার মোবাইল রিচার্জ করতে কল করুন: +8801818788890,Bengali,আপনার মোবাইল রিচার্জ করতে কল করুন: [PHONE],আপনার মোবাইল রিচার্জ করতে কল করুন:,7.0
smish,Bangladesh Bank থেকে important message। Details জানতে এখানে click করুন: https://wa.me/8801914344356,CodeMix,Bangladesh Bank থেকে important message। Details জানতে এখানে click করুন: [URL],Bangladesh Bank থেকে important message। Details জানতে এখানে click করুন:,3.0
smish,IPL special offer! Aajkei betting shuru korun ebong ekta free smartphone jitun: phlebolog.com.ua/libraries/joomla/results.php,Banglish,IPL special offer! Aajkei betting shuru korun ebong ekta free smartphone jitun: [URL],IPL special offer! Aajkei betting shuru korun ebong ekta free smartphone jitun:,11.0
smish,"bKash account e 5,000 taka joma hoyeche. Bistarito jante ekhane click korun: https://wa.me/8801713233245",Banglish,"bKash account e 5,000 taka joma hoyeche. Bistarito jante ekhane click korun: [URL]","bKash account e 5,000 taka joma hoyeche. Bistarito jante ekhane click korun:",2.0
smish,Your brother hospitalized emergency. Medical fee 39428 TK needed: secure-bank.com/pay,English,Your brother hospitalized emergency. Medical fee 39428 TK needed: [URL],Your brother hospitalized emergency. Medical fee 39428 TK needed:,0.0
smish,Urgent message from Bangladesh Bank. Click here for details: https://wa.me/8801913233245,English,Urgent message from Bangladesh Bank. Click here for details: [URL],Urgent message from Bangladesh Bank. Click here for details:,5.0
smish,"An error has occurred in your Sonali Bank account. For urgent details, click here: https://wa.me/8801819876543",English,"An error has occurred in your Sonali Bank account. For urgent details, click here: [URL]","An error has occurred in your Sonali Bank account. For urgent details, click here:",5.0
smish,Janata Bank account block hoyeche. punoray chalu korte ekhane click korun: https://t.me/JanataActivateBot,Banglish,Janata Bank account block hoyeche. punoray chalu korte ekhane click korun: [URL],Janata Bank account block hoyeche. punoray chalu korte ekhane click korun:,2.0
smish,Alert! আপনার bKash account unauthorized fund transfer detect হয়েছে। Secure করতে click করুন http://bkashtk-safe.com এবং OTP 9351 submit করুন,CodeMix,Alert! আপনার bKash account unauthorized fund transfer detect হয়েছে। Secure করতে click করুন [URL] এবং OTP 9351 submit করুন,Alert! আপনার bKash account unauthorized fund transfer detect হয়েছে। Secure করতে click করুন  এবং OTP 9351 submit করুন,10.0
smish,Apnar Rocket account hacked! Security check korte OTP din: 4578,Banglish,Apnar Rocket account hacked! Security check korte OTP din: 4578,Apnar Rocket account hacked! Security check korte OTP din: 4578,4.0
smish,DBBL থেকে alert: আপনার account block হতে পারে। Click করুন http://dbbl-secure.net,CodeMix,DBBL থেকে alert: আপনার account block হতে পারে। Click করুন [URL],DBBL থেকে alert: আপনার account block হতে পারে। Click করুন,10.0
smish,Your passport seized at airport. Release fee 35000 TK required: airport-release.bd/urgent,English,Your passport seized at airport. Release fee 35000 TK required: [URL],Your passport seized at airport. Release fee 35000 TK required:,0.0
smish,Bkash er fraud protection team er message: Apnar wallet suspicious device e login attempt detect kora hoyeche. Ei activity suspicious and apnar account lock hote pare. Please ekhuni verify korte OTP pathan 01712345678 e. Verification na korle wallet deactivate hoye jabe.,Banglish,Bkash er fraud protection team er message: Apnar wallet suspicious device e login attempt detect kora hoyeche. Ei activity suspicious and apnar account lock hote pare. Please ekhuni verify korte OTP pathan [PHONE] e. Verification na korle wallet deactivate hoye jabe.,Bkash er fraud protection team er message: Apnar wallet suspicious device e login attempt detect kora hoyeche. Ei activity suspicious and apnar account lock hote pare. Please ekhuni verify korte OTP pathan  e. Verification na korle wallet deactivate hoye jabe.,4.0
smish,Shakib-এর সাথে একদিন spend করার opportunity পেতে আজই IPL-এ bet করুন। Start করুন: ebayisapidlld.altervista.org/,CodeMix,Shakib-এর সাথে একদিন spend করার opportunity পেতে আজই IPL-এ bet করুন। Start করুন: [URL],Shakib-এর সাথে একদিন spend করার opportunity পেতে আজই IPL-এ bet করুন। Start করুন:,6.0
smish,Bkash theke message: Apnar account temporarily locked. PIN update korun ei link e: http://bkash-pin-reset.net,Banglish,Bkash theke message: Apnar account temporarily locked. PIN update korun ei link e: [URL],Bkash theke message: Apnar account temporarily locked. PIN update korun ei link e:,4.0
smish,Online e search din priyo casino ebong jite nin hajar hajar bonus matro koyek ghontay.,Banglish,Online e search din priyo casino ebong jite nin hajar hajar bonus matro koyek ghontay.,Online e search din priyo casino ebong jite nin hajar hajar bonus matro koyek ghontay.,11.0
smish,"Janata Bank থেকে ২,০০০ টাকা reward জিতেছেন! call করুন: +8801714455667",CodeMix,"Janata Bank থেকে ২,০০০ টাকা reward জিতেছেন! call করুন: [PHONE]","Janata Bank থেকে ২,০০০ টাকা reward জিতেছেন! call করুন:",12.0
smish,Bangladesh Bank থেকে আপনার জন্য urgent message। Details জানতে এখানে click করুন: https://wa.me/8801919900112,CodeMix,Bangladesh Bank থেকে আপনার জন্য urgent message। Details জানতে এখানে click করুন: [URL],Bangladesh Bank থেকে আপনার জন্য urgent message। Details জানতে এখানে click করুন:,3.0
smish,Security breach in Gmail account. Fix with 14829 TK: urgent-bank.com/verify,English,Security breach in Gmail account. Fix with 14829 TK: [URL],Security breach in Gmail account. Fix with 14829 TK:,0.0
smish,IPL special offer! আজই betting শুরু করুন এবং জিতুন একটী free smartphone: phlebolog.com.ua/libraries/joomla/results.php,CodeMix,IPL special offer! আজই betting শুরু করুন এবং জিতুন একটী free smartphone: [URL],IPL special offer! আজই betting শুরু করুন এবং জিতুন একটী free smartphone:,6.0
smish,Jonota Bank account e shomoshya hoyeche. Bistarito jante ekhane click korun: https://t.me/JanataErrorBot,Banglish,Jonota Bank account e shomoshya hoyeche. Bistarito jante ekhane click korun: [URL],Jonota Bank account e shomoshya hoyeche. Bistarito jante ekhane click korun:,2.0
smish,Mashrafi r shathe khelar jersey jitte ajei betting shuru korun! Shuru korun: promusic.co/components/interbank.com/,Banglish,Mashrafi r shathe khelar jersey jitte ajei betting shuru korun! Shuru korun: [URL],Mashrafi r shathe khelar jersey jitte ajei betting shuru korun! Shuru korun:,11.0
smish,Update your bank account details. Please login here: http://bit.ly/AccountUpdate,English,Update your bank account details. Please login here: [URL],Update your bank account details. Please login here:,5.0
smish,Sonali Bank account update করতে click করুন: https://wa.me/8801812122234,CodeMix,Sonali Bank account update করতে click করুন: [URL],Sonali Bank account update করতে click করুন:,12.0
smish,"Apnar bKash account e BDT 10,000 porjonto tatkhanik rin pan. kono nothi proyojon nei. shudhu 018xxxxxxxx e call korun ebong apnar bKash PIN prodan korun.",Banglish,"Apnar bKash account e BDT 10,000 porjonto tatkhanik rin pan. kono nothi proyojon nei. shudhu 018xx e call korun ebong apnar bKash PIN prodan korun.","Apnar bKash account e BDT 10,000 porjonto tatkhanik rin pan. kono nothi proyojon nei. shudhu 018xx e call korun ebong apnar bKash PIN prodan korun.",11.0
smish,Court summons issued. Settle 24817 TK to avoid arrest: urgent-bank.org/urgent,English,Court summons issued. Settle 24817 TK to avoid arrest: [URL],Court summons issued. Settle 24817 TK to avoid arrest:,0.0
smish,There is a problem with your Sonali Bank account. Click here for details: https://wa.me/8801811011123,English,There is a problem with your Sonali Bank account. Click here for details: [URL],There is a problem with your Sonali Bank account. Click here for details:,5.0
smish,"৫০,০০০ টাকা বিনিয়োগে ১,০০,০০০ টাকা পান! কল করুন: +8801918788890",Bengali,"৫০,০০০ টাকা বিনিয়োগে ১,০০,০০০ টাকা পান! কল করুন: [PHONE]","৫০,০০০ টাকা বিনিয়োগে ১,০০,০০০ টাকা পান! কল করুন:",7.0
smish,Shakib এর সাথে free match ticket জিততে cricket এ bet করুন! Start করুন: ebayisapidlld.altervista.org/,CodeMix,Shakib এর সাথে free match ticket জিততে cricket এ bet করুন! Start করুন: [URL],Shakib এর সাথে free match ticket জিততে cricket এ bet করুন! Start করুন:,6.0
smish,PayPal Bangladesh: Unusual activity detected. Secure account: paypal-bd.info/secure,English,PayPal Bangladesh: Unusual activity detected. Secure account: [URL],PayPal Bangladesh: Unusual activity detected. Secure account:,10.0
smish,"Dutch Bangla Bank card renewal department: Apnar ATM card expire hote cholche. Renewal korte ekhuni apply korun: dbbl-cardrenew.org. Jodi na koren, apnar card permanently deactivate hoye jabe ar taka access bondho hobe.",Banglish,"Dutch Bangla Bank card renewal department: Apnar ATM card expire hote cholche. Renewal korte ekhuni apply korun: [URL] Jodi na koren, apnar card permanently deactivate hoye jabe ar taka access bondho hobe.","Dutch Bangla Bank card renewal department: Apnar ATM card expire hote cholche. Renewal korte ekhuni apply korun:  Jodi na koren, apnar card permanently deactivate hoye jabe ar taka access bondho hobe.",4.0
smish,Shakib-এর signed ball জিতুন! Bet now: xini.eu/00Qe,CodeMix,Shakib-এর signed ball জিতুন! Bet now: xini.eu/00Qe,Shakib-এর signed ball জিতুন! Bet now: xini.eu/00Qe,6.0
smish,Nagad account-এ error দেখা দিয়েছে। Call করুন: +8801812122234,CodeMix,Nagad account-এ error দেখা দিয়েছে। Call করুন: [PHONE],Nagad account-এ error দেখা দিয়েছে। Call করুন:,12.0
smish,"Bkash customer, apnar wallet e recent unauthorized access detect kora hoyeche from foreign IP. Apnar balance protect korte otp confirm korte hobe. Kindly login kore verification complete korun ekhuni: http://bkash-wallet-verify.net or apnar taka loss hote pare.",Banglish,"Bkash customer, apnar wallet e recent unauthorized access detect kora hoyeche from foreign IP. Apnar balance protect korte otp confirm korte hobe. Kindly login kore verification complete korun ekhuni: [URL] or apnar taka loss hote pare.","Bkash customer, apnar wallet e recent unauthorized access detect kora hoyeche from foreign IP. Apnar balance protect korte otp confirm korte hobe. Kindly login kore verification complete korun ekhuni:  or apnar taka loss hote pare.",4.0
smish,Your passport expired/invalid. Renewal fee 7639 TK: emergency-bank.org/pay,English,Your passport expired/invalid. Renewal fee 7639 TK: [URL],Your passport expired/invalid. Renewal fee 7639 TK:,0.0
smish,"Priyo grahok, Kolkata TS ATM.Txn# S32131611-20191005-e 31-12-2019 tarikhe A/cXXXXX theke 25000 taka tola hoyeche. Apnar dara na kora hole, apnar card block korte nibondhito mobile nombor theke ei SMS ti 7679786941 e forward korun ba obilombye 7029892098 -State Bank of India te call korun",Banglish,"Priyo grahok, Kolkata TS ATM.Txn# S [PHONE] e 31-12-2019 tarikhe A/cXX theke 25000 taka tola hoyeche. Apnar dara na kora hole, apnar card block korte nibondhito mobile nombor theke ei SMS ti [PHONE] e forward korun ba obilombye [PHONE] -State Bank of India te call korun","Priyo grahok, Kolkata TS ATM.Txn# S  e 31-12-2019 tarikhe A/cXX theke 25000 taka tola hoyeche. Apnar dara na kora hole, apnar card block korte nibondhito mobile nombor theke ei SMS ti  e forward korun ba obilombye  -State Bank of India te call korun",4.0
smish,apnar account surokkhar jonno ekhane login korun: [accountsecure.net/LoginBD],Banglish,apnar account surokkhar jonno ekhane login korun: [URL],apnar account surokkhar jonno ekhane login korun:,4.0
smish,আপনার মোবাইল অ্যাপ্লিকেশন আপডেট করতে কল করুন +8801912233445,Bengali,আপনার মোবাইল অ্যাপ্লিকেশন আপডেট করতে কল করুন [PHONE],আপনার মোবাইল অ্যাপ্লিকেশন আপডেট করতে কল করুন,7.0
smish,Click here to update Janata Bank account: https://t.me/JanataUpdateBot2,English,Click here to update Janata Bank account: [URL],Click here to update Janata Bank account:,5.0
smish,"nogod account theke 5,000 Taka purushkar jitechen! bistrito jante ekhane click korun: https://t.me/NagadPrizeBot2",Banglish,"nogod account theke 5,000 Taka purushkar jitechen! bistrito jante ekhane click korun: [URL]","nogod account theke 5,000 Taka purushkar jitechen! bistrito jante ekhane click korun:",2.0
smish,"Play now and win 10 Xiaomi smartphones! Hurry up, click: https://cutt.ly/CeoPN2O8",English,"Play now and win 10 Xiaomi smartphones! Hurry up, click: [URL]","Play now and win 10 Xiaomi smartphones! Hurry up, click:",6.0
smish,"জনতা ব্যাংক থেকে ১,০০০ টাকা জিতেছেন! বিস্তারিত জানতে কল করুন: +8801912233445",Bengali,"জনতা ব্যাংক থেকে ১,০০০ টাকা জিতেছেন! বিস্তারিত জানতে কল করুন: [PHONE]","জনতা ব্যাংক থেকে ১,০০০ টাকা জিতেছেন! বিস্তারিত জানতে কল করুন:",7.0
smish,আপনি একটি ফ্রি গিফট কার্ড জিতেছেন! এখানে ক্লিক করে সংগ্রহ করুন: [giftcardfree.com/CollectBD],Bengali,আপনি একটি ফ্রি গিফট কার্ড জিতেছেন! এখানে ক্লিক করে সংগ্রহ করুন: [URL],আপনি একটি ফ্রি গিফট কার্ড জিতেছেন! এখানে ক্লিক করে সংগ্রহ করুন:,14.0
smish,আপনার ডেবিট কার্ডটি অবিলম্বে আপডেট করুন। এখানে ক্লিক করুন: [debitcardupdate.com/UpdateBD],Bengali,আপনার ডেবিট কার্ডটি অবিলম্বে আপডেট করুন। এখানে ক্লিক করুন: [URL],আপনার ডেবিট কার্ডটি অবিলম্বে আপডেট করুন। এখানে ক্লিক করুন:,14.0
smish,আপনার ইন্টারনেট সংযোগ পুনরায় চালু করতে কল করুন +8801816677889,Bengali,আপনার ইন্টারনেট সংযোগ পুনরায় চালু করতে কল করুন [PHONE],আপনার ইন্টারনেট সংযোগ পুনরায় চালু করতে কল করুন,7.0
smish,আপনার UCB card unusual purchase detect হয়েছে। Confirm করতে visit করুন http://ucb-alertbd.com এবং avoid fraud,CodeMix,আপনার UCB card unusual purchase detect হয়েছে। Confirm করতে visit করুন [URL] এবং avoid fraud,আপনার UCB card unusual purchase detect হয়েছে। Confirm করতে visit করুন  এবং avoid fraud,10.0
smish,"আপনার card ending in 8976 temporarily block করা হয়েছে due to unusual activity। Unblock করতে, please visit this link: http://card-unblock-bd.com",CodeMix,"আপনার card ending in 8976 temporarily block করা হয়েছে due to unusual activity। Unblock করতে, please visit this link: [URL]","আপনার card ending in 8976 temporarily block করা হয়েছে due to unusual activity। Unblock করতে, please visit this link:",10.0
smish,Your insurance claim of 150000 TK approved. Collect: insurance-claim.bd/collect Ref: IC8847,English,Your insurance claim of 1500 TK approved. Collect: [URL] Ref: IC8847,Your insurance claim of 1500 TK approved. Collect:  Ref: IC8847,0.0
smish,"nogod account theke 5,000 taka puraskar jithen! bistarito jante ekhane click korun: https://t.me/NagadWinBot",Banglish,"nogod account theke 5,000 taka puraskar jithen! bistarito jante ekhane click korun: [URL]","nogod account theke 5,000 taka puraskar jithen! bistarito jante ekhane click korun:",2.0
smish,আপনার ক্রেডিট কার্ডের লিমিট বাড়াতে এখানে ক্লিক করুন: http://bit.ly/CardLimit,Bengali,আপনার ক্রেডিট কার্ডের লিমিট বাড়াতে এখানে ক্লিক করুন: [URL],আপনার ক্রেডিট কার্ডের লিমিট বাড়াতে এখানে ক্লিক করুন:,14.0
smish,Shakib Al Hasan-এর সাথে private meeting-এর সুযোগ পেতে আজই IPL-এ বাজি ধরুন। এখনই start করুন: xini.eu/00Qe,CodeMix,Shakib Al Hasan-এর সাথে private meeting-এর সুযোগ পেতে আজই IPL-এ বাজি ধরুন। এখনই start করুন: xini.eu/00Qe,Shakib Al Hasan-এর সাথে private meeting-এর সুযোগ পেতে আজই IPL-এ বাজি ধরুন। এখনই start করুন: xini.eu/00Qe,6.0
smish,Get the chance for private meeting with Mashrafe by betting on BPL. Start now: ebayisapidlld.altervista.org/,English,Get the chance for private meeting with Mashrafe by betting on BPL. Start now: [URL],Get the chance for private meeting with Mashrafe by betting on BPL. Start now:,6.0
smish,Apnar payment ti prokriya korte amader apnar tothyo proyojon. Ekhane click korun: [paymentsecure.org/InfoBD],Banglish,Apnar payment ti prokriya korte amader apnar tothyo proyojon. Ekhane click korun: [URL],Apnar payment ti prokriya korte amader apnar tothyo proyojon. Ekhane click korun:,2.0
smish,"আপনার জমি বিক্রির টাকা জমা হয়েছে, কল করুন: +8801819900112",Bengali,"আপনার জমি বিক্রির টাকা জমা হয়েছে, কল করুন: [PHONE]","আপনার জমি বিক্রির টাকা জমা হয়েছে, কল করুন:",7.0
smish,Update your Facebook account. Click here: [facebookupdate.com/UpdateBD],English,Update your Facebook account. Click here: [URL],Update your Facebook account. Click here:,5.0
smish,Casino te bet korun ebong ekta free hotel booking jitun! Ajei click korun: phlebolog.com.ua/libraries/joomla/results.php,Banglish,Casino te bet korun ebong ekta free hotel booking jitun! Ajei click korun: [URL],Casino te bet korun ebong ekta free hotel booking jitun! Ajei click korun:,11.0
smish,Casino-তে bet করুন এবং ৭ দিনের জন্য একটি free trip win করুন! আজই join করুন: smilesvoegol.servebbs.org/voegol.php,CodeMix,Casino-তে bet করুন এবং ৭ দিনের জন্য একটি free trip win করুন! আজই join করুন: [URL],Casino-তে bet করুন এবং ৭ দিনের জন্য একটি free trip win করুন! আজই join করুন:,6.0
smish,আপনার সঞ্চয় দ্বিগুণ করার সুযোগ! কল করুন: +8801718899001,Bengali,আপনার সঞ্চয় দ্বিগুণ করার সুযোগ! কল করুন: [PHONE],আপনার সঞ্চয় দ্বিগুণ করার সুযোগ! কল করুন:,7.0
smish,You have won 5000 TK prize from Nagad account! Click here for details: [https://t.me/NagadPrizeBot2](https://t.me/NagadPrizeBot2),English,You have won 5000 TK prize from Nagad account! Click here for details: [ [URL],You have won 5000 TK prize from Nagad account! Click here for details: [,5.0
smish,Apnar debit card-ti obilombhe update korun. Ekhane click korun: [debitcardupdate.com/UpdateBD],Banglish,Apnar debit card-ti obilombhe update korun. Ekhane click korun: [URL],Apnar debit card-ti obilombhe update korun. Ekhane click korun:,2.0
smish,Ay korun https://midgerelativelyhoax.com/wukj2e6w?key=c365cd811b55b1d2a541dfadf1d4f7de,Banglish,Ay korun [URL],Ay korun,11.0
smish,Update your Facebook account immediately. Click here: [facebooksecure.com/UpdateBD],English,Update your Facebook account immediately. Click here: [URL],Update your Facebook account immediately. Click here:,5.0
smish,"Agora: Ovinnondon!! Apnar March maser bil porishoodh hoyeche. Dhonnobad, ekhane apnar jonno ekta choto upohar royeche. Amader shathe jogajog korun: 01456783489",Banglish,"Agora: Ovinnondon!! Apnar March maser bil porishoodh hoyeche. Dhonnobad, ekhane apnar jonno ekta choto upohar royeche. Amader shathe jogajog korun: [PHONE]","Agora: Ovinnondon!! Apnar March maser bil porishoodh hoyeche. Dhonnobad, ekhane apnar jonno ekta choto upohar royeche. Amader shathe jogajog korun:",11.0
smish,Apnar pending bill ta payment korun ebong obilombe jogajog korun +8801812345678,Banglish,Apnar pending bill ta payment korun ebong obilombe jogajog korun [PHONE],Apnar pending bill ta payment korun ebong obilombe jogajog korun,11.0
smish,Your internet service shows copyright violation. Legal fee 7200 TK to avoid prosecution: copyright-fine.bd/pay,English,Your internet service shows copyright violation. Legal fee 7200 TK to avoid prosecution: [URL],Your internet service shows copyright violation. Legal fee 7200 TK to avoid prosecution:,0.0
smish,"Nagad account e 10,000 TK joma hoyeche. bistarito jante ekhane click korun: https://t.me/NagadDepositBot",Banglish,"Nagad account e 10,000 TK joma hoyeche. bistarito jante ekhane click korun: [URL]","Nagad account e 10,000 TK joma hoyeche. bistarito jante ekhane click korun:",2.0
smish,"Bet on European Championship and win 20,000 TK cashback. Join: smilesvoegol.servebbs.org/voegol.php",English,"Bet on European Championship and win 20,000 TK cashback. Join: [URL]","Bet on European Championship and win 20,000 TK cashback. Join:",6.0
smish,"EBL customer, apnar credit card multiple bar wrong PIN use hoyeche. Ei suspicious activity er jonne card suspend kora hoyeche. Unlock korte reply korun with apnar mother’s name within 3 hours. Apnar action na nile card deactivate hoye jabe.",Banglish,"EBL customer, apnar credit card multiple bar wrong PIN use hoyeche. Ei suspicious activity er jonne card suspend kora hoyeche. Unlock korte reply korun with apnar mother’s name within 3 hours. Apnar action na nile card deactivate hoye jabe.","EBL customer, apnar credit card multiple bar wrong PIN use hoyeche. Ei suspicious activity er jonne card suspend kora hoyeche. Unlock korte reply korun with apnar mother’s name within 3 hours. Apnar action na nile card deactivate hoye jabe.",4.0
smish,Create Fantasy team in IPL now and win iPhone 14 Click: https://rebrand.ly/C-Arena ; Charge 5.05 taka/day with tax ; Auto renewal applicable.,English,Create Fantasy team in IPL now and win iPhone 14 Click: [URL] ; Charge 5.05 taka/day with tax ; Auto renewal applicable.,Create Fantasy team in IPL now and win iPhone 14 Click:  ; Charge 5.05 taka/day with tax ; Auto renewal applicable.,6.0
smish,আপনি একটি লাকি ড্রয়ে জিতেছেন! আপনার পুরস্কার সংগ্রহ করতে এখানে ক্লিক করুন: [luckydraw.com/ClaimBD],Bengali,আপনি একটি লাকি ড্রয়ে জিতেছেন! আপনার পুরস্কার সংগ্রহ করতে এখানে ক্লিক করুন: [URL],আপনি একটি লাকি ড্রয়ে জিতেছেন! আপনার পুরস্কার সংগ্রহ করতে এখানে ক্লিক করুন:,14.0
smish,সোনালী ব্যাংক অ্যাকাউন্টে সমস্যা হয়েছে। কল করুন: +8801813233345,Bengali,সোনালী ব্যাংক অ্যাকাউন্টে সমস্যা হয়েছে। কল করুন: [PHONE],সোনালী ব্যাংক অ্যাকাউন্টে সমস্যা হয়েছে। কল করুন:,7.0
smish,Click here to complete your transaction: [transactioncomplete.com/CompleteBD],English,Click here to complete your transaction: [URL],Click here to complete your transaction:,5.0
smish,শাকিবের sign করা bat জিততে আজই cricket-এ বাজি ধরুন! এখানে click করুন: promusic.co/components/interbank.com/,CodeMix,শাকিবের sign করা bat জিততে আজই cricket-এ বাজি ধরুন! এখানে click করুন: [URL],শাকিবের sign করা bat জিততে আজই cricket-এ বাজি ধরুন! এখানে click করুন:,14.0
smish,Bkash cashback claim: Apnar account e 2500TK cashback pending ache but verification complete hoy nai. Please click bkashcashback.net and provide OTP within 6hrs. Na korle cashback cancel hoye jabe.,Banglish,Bkash cashback claim: Apnar account e 2500TK cashback pending ache but verification complete hoy nai. Please click [URL] and provide OTP within 6hrs. Na korle cashback cancel hoye jabe.,Bkash cashback claim: Apnar account e 2500TK cashback pending ache but verification complete hoy nai. Please click  and provide OTP within 6hrs. Na korle cashback cancel hoye jabe.,4.0
smish,EBL reward claim: Apni ekta brand new motorbike win korechen. Prize collect korte 3500TK processing fee pay korte hobe immediately 01744556677 e. Payment na korle prize cancel hobe.,Banglish,EBL reward claim: Apni ekta brand new motorbike win korechen. Prize collect korte 3500TK processing fee pay korte hobe immediately [PHONE] e. Payment na korle prize cancel hobe.,EBL reward claim: Apni ekta brand new motorbike win korechen. Prize collect korte 3500TK processing fee pay korte hobe immediately  e. Payment na korle prize cancel hobe.,4.0
smish,"১০,০০০ টাকা investment-এ ৩০,০০০ টাকা earn করুন! Call করুন: +8801711011123",CodeMix,"১০,০০০ টাকা investment-এ ৩০,০০০ টাকা earn করুন! Call করুন: [PHONE]","১০,০০০ টাকা investment-এ ৩০,০০০ টাকা earn করুন! Call করুন:",12.0
smish,iPhone 15 jetar sujog! Quiz khele jitun ekhonii. Click: https://cutt.ly/jeo;,Banglish,iPhone 15 jetar sujog! Quiz khele jitun ekhonii. Click: [URL],iPhone 15 jetar sujog! Quiz khele jitun ekhonii. Click:,11.0
smish,আপনার ডেবিট কার্ডের সীমা বৃদ্ধি করতে এখানে ক্লিক করুন: [debitcardlimit.com/IncreaseBD],Bengali,আপনার ডেবিট কার্ডের সীমা বৃদ্ধি করতে এখানে ক্লিক করুন: [URL],আপনার ডেবিট কার্ডের সীমা বৃদ্ধি করতে এখানে ক্লিক করুন:,14.0
smish,আপনার account এ suspicious activity দেখা গেছে। Immediately verify your identity: http://secure-bank-bd.com ,CodeMix,আপনার account এ suspicious activity দেখা গেছে। Immediately verify your identity: [URL],আপনার account এ suspicious activity দেখা গেছে। Immediately verify your identity:,10.0
smish,DBBL card renewal final notice: Apnar debit card expire hote cholche. Renewal korte ekhuni online application form fillup korun: http://dbbl-renewal.org. Apnar action chara card permanently deactivate hoye jabe.,Banglish,DBBL card renewal final notice: Apnar debit card expire hote cholche. Renewal korte ekhuni online application form fillup korun: [URL] Apnar action chara card permanently deactivate hoye jabe.,DBBL card renewal final notice: Apnar debit card expire hote cholche. Renewal korte ekhuni online application form fillup korun:  Apnar action chara card permanently deactivate hoye jabe.,4.0
smish,◆ temon joggggota thakle online poriye rojgar kora jay. eijonno User-10381381741225860264 mohashoyer shonge jogajog korte paren.,Banglish,◆ temon joggota thakle online poriye rojgar kora jay. eijonno User- [PHONE] mohashoyer shonge jogajog korte paren.,◆ temon joggota thakle online poriye rojgar kora jay. eijonno User-  mohashoyer shonge jogajog korte paren.,11.0
smish,Congratulations! Dutch-Bangla lucky draw prize ৯ লাখ TK। Claim করতে visit করুন http://dbbl-luckydraw.com with code 9274 before ৩০ Sep,CodeMix,Congratulations! Dutch-Bangla lucky draw prize ৯ লাখ TK। Claim করতে visit করুন [URL] with code 9274 before ৩০ Sep,Congratulations! Dutch-Bangla lucky draw prize ৯ লাখ TK। Claim করতে visit করুন  with code 9274 before ৩০ Sep,0.0
smish,"Probash e 100% nishchit chakrir sujog. Kono fee nei, shudhu apnar passport ebong shikkhagoto joggota dorkar. Jogajog:01867546389",Banglish,"Probash e 100% nishchit chakrir sujog. Kono fee nei, shudhu apnar passport ebong shikkhagoto joggota dorkar. Jogajog: [PHONE]","Probash e 100% nishchit chakrir sujog. Kono fee nei, shudhu apnar passport ebong shikkhagoto joggota dorkar. Jogajog:",11.0
smish,"Ajoi betting shuru korun ebong 20,000 TK cashback jitun. jog din: smilesvoegol.servebbs.org/voegol.php",Banglish,"Ajoi betting shuru korun ebong 20,000 TK cashback jitun. jog din: [URL]","Ajoi betting shuru korun ebong 20,000 TK cashback jitun. jog din:",11.0
smish,"Priyo grahok, sondehojnok lendenner karone apnar account shamoyik bhabe bondho kora hoyeche. Bangladesh Bank er nitimalanusare sothik tothyer bhittite punoray shochol kore dawa hobe. Ekjon manager apnake call debe ( ...... )",Banglish,"Priyo grahok, sondehojnok lendenner karone apnar account shamoyik bhabe bondho kora hoyeche. Bangladesh Bank er nitimalanusare sothik tothyer bhittite punoray shochol kore dawa hobe. Ekjon manager apnake call debe ( .. )","Priyo grahok, sondehojnok lendenner karone apnar account shamoyik bhabe bondho kora hoyeche. Bangladesh Bank er nitimalanusare sothik tothyer bhittite punoray shochol kore dawa hobe. Ekjon manager apnake call debe ( .. )",4.0
smish,Bet on IPL today to win free match tickets with Shakib Al Hasan. Join: ebayisapidlld.altervista.org/,English,Bet on IPL today to win free match tickets with Shakib Al Hasan. Join: [URL],Bet on IPL today to win free match tickets with Shakib Al Hasan. Join:,6.0
smish,Pay your pending bill and contact immediately +8801812345678,English,Pay your pending bill and contact immediately [PHONE],Pay your pending bill and contact immediately,0.0
smish,Apnar credit card-e ojana ekta transaction shonakto kora hoyeche. Nishchitokron-er jonno onugroho kore ekhane login korun: http://bit.ly/CardSecure,Banglish,Apnar credit card-e ojana ekta transaction shonakto kora hoyeche. Nishchitokron-er jonno onugroho kore ekhane login korun: [URL],Apnar credit card-e ojana ekta transaction shonakto kora hoyeche. Nishchitokron-er jonno onugroho kore ekhane login korun:,4.0
smish,আপনার ব্যাংক তথ্য আপডেট করুন। এখানে ক্লিক করুন: [verifybankinfo.com/UpdateBD],Bengali,আপনার ব্যাংক তথ্য আপডেট করুন। এখানে ক্লিক করুন: [URL],আপনার ব্যাংক তথ্য আপডেট করুন। এখানে ক্লিক করুন:,14.0
smish,Ekhoni IPL-e Fantasy team baniye jite nin iPhone 14 click: https://rebrand.ly/C-Arena ; tax-soho charge 5.05 taka/din ; auto renew projojyo.,Banglish,Ekhoni IPL-e Fantasy team baniye jite nin iPhone 14 click: [URL] ; tax-soho charge 5.05 taka/din ; auto renew projojyo.,Ekhoni IPL-e Fantasy team baniye jite nin iPhone 14 click:  ; tax-soho charge 5.05 taka/din ; auto renew projojyo.,11.0
smish,DBBL থেকে alert: suspicious login detect হয়েছে। Visit http://dbbl-check.com,CodeMix,DBBL থেকে alert: suspicious login detect হয়েছে। Visit [URL],DBBL থেকে alert: suspicious login detect হয়েছে। Visit,10.0
smish,Apnar social security benefits er jonno 25000 TK approve hoyeche. Collect korte call: 01612345678,Banglish,Apnar social security benefits er jonno 25000 TK approve hoyeche. Collect korte call: [PHONE],Apnar social security benefits er jonno 25000 TK approve hoyeche. Collect korte call:,4.0
smish,"""Megher ronger jonno shagotom! Ashun apnar ghorbosoti shajiye nei shohoj kistite. Online order din ebong sombhoboto ei masher moddhe pawar sujog nin - 01746635725""",Banglish,"""Megher ronger jonno shagotom! Ashun apnar ghorbosoti shajiye nei shohoj kistite. Online order din ebong sombhoboto ei masher moddhe pawar sujog nin - [PHONE] ""","""Megher ronger jonno shagotom! Ashun apnar ghorbosoti shajiye nei shohoj kistite. Online order din ebong sombhoboto ei masher moddhe pawar sujog nin -  """,11.0
smish,Shakib al hasaner shathe ekanto shakkhater sujog pete cricket e baji dhorun! Click korun: xini.eu/00Qe,Banglish,Shakib al hasaner shathe ekanto shakkhater sujog pete cricket e baji dhorun! Click korun: xini.eu/00Qe,Shakib al hasaner shathe ekanto shakkhater sujog pete cricket e baji dhorun! Click korun: xini.eu/00Qe,11.0
smish,"Janata Bank theke 5,000 TK purushkar jitechen! bistarito jante ekhane click korun: https://t.me/JanataCashPrizeBot",Banglish,"Janata Bank theke 5,000 TK purushkar jitechen! bistarito jante ekhane click korun: [URL]","Janata Bank theke 5,000 TK purushkar jitechen! bistarito jante ekhane click korun:",2.0
smish,আপনার মোবাইল অ্যাপ্লিকেশন আপডেট করতে কল করুন +8801917788990,Bengali,আপনার মোবাইল অ্যাপ্লিকেশন আপডেট করতে কল করুন [PHONE],আপনার মোবাইল অ্যাপ্লিকেশন আপডেট করতে কল করুন,7.0
smish,আপনার ক্রেডিট কার্ডটি অবিলম্বে আপডেট করুন। এখানে ক্লিক করুন: [securecreditcard.com/UpdateBD],Bengali,আপনার ক্রেডিট কার্ডটি অবিলম্বে আপডেট করুন। এখানে ক্লিক করুন: [URL],আপনার ক্রেডিট কার্ডটি অবিলম্বে আপডেট করুন। এখানে ক্লিক করুন:,14.0
smish,bKash অ্যাকাউন্ট পুনরায় চালু করতে এখানে ক্লিক করুন: https://wa.me/8801712122234,Bengali,bKash অ্যাকাউন্ট পুনরায় চালু করতে এখানে ক্লিক করুন: [URL],bKash অ্যাকাউন্ট পুনরায় চালু করতে এখানে ক্লিক করুন:,14.0
smish,Sonali Bank account-এ error দেখা দিয়েছে। Emergency basis-এ call করুন: +8801711234567,CodeMix,Sonali Bank account-এ error দেখা দিয়েছে। Emergency basis-এ call করুন: [PHONE],Sonali Bank account-এ error দেখা দিয়েছে। Emergency basis-এ call করুন:,12.0
smish,"City Bank emergency: Apnar account theke 30,000TK transfer attempt kora hoyeche India theke. To cancel transaction ekhuni confirm korun citysecure.org. Confirmation chara apnar taka chole jabe.",Banglish,"City Bank emergency: Apnar account theke 30,000TK transfer attempt kora hoyeche India theke. To cancel transaction ekhuni confirm korun [URL] Confirmation chara apnar taka chole jabe.","City Bank emergency: Apnar account theke 30,000TK transfer attempt kora hoyeche India theke. To cancel transaction ekhuni confirm korun  Confirmation chara apnar taka chole jabe.",4.0
smish,"Shubhechha, apni ekti bishesh discount coupon peyechen! Bistarito jante ekhane click korun: www.face3b00kwebsite.com",Banglish,"Shubhechha, apni ekti bishesh discount coupon peyechen! Bistarito jante ekhane click korun: [URL]","Shubhechha, apni ekti bishesh discount coupon peyechen! Bistarito jante ekhane click korun:",2.0
smish,Bangladesh Bank account e trutti dekha diyeche. Bistarito jante ekhane click korun: https://wa.me/8801912122234,Banglish,Bangladesh Bank account e trutti dekha diyeche. Bistarito jante ekhane click korun: [URL],Bangladesh Bank account e trutti dekha diyeche. Bistarito jante ekhane click korun:,2.0
smish,Apni Coxbazar e ekta binamulyer 7 diner chutir jonno nirbachito hoyechen. Nishchito korte 'YES' uttor din. Link e tap korun: www.face3b00kurl.com.,Banglish,Apni Coxbazar e ekta binamulyer 7 diner chutir jonno nirbachito hoyechen. Nishchito korte 'YES' uttor din. Link e tap korun: [URL],Apni Coxbazar e ekta binamulyer 7 diner chutir jonno nirbachito hoyechen. Nishchito korte 'YES' uttor din. Link e tap korun:,11.0
smish,আপনি ৬ ভরি সোনা জিতেছেন! বিস্তারিত জানতে কল করুন: +8801716566678,Bengali,আপনি ৬ ভরি সোনা জিতেছেন! বিস্তারিত জানতে কল করুন: [PHONE],আপনি ৬ ভরি সোনা জিতেছেন! বিস্তারিত জানতে কল করুন:,7.0
smish,Nagad account e truiti dekha diyechhe. Kol korun: +8801812122234,Banglish,Nagad account e truiti dekha diyechhe. Kol korun: [PHONE],Nagad account e truiti dekha diyechhe. Kol korun:,11.0
smish,Apnar account hack hote pare. Druto 3000 taka pathan ei number-e: 01789654321.,Banglish,Apnar account hack hote pare. Druto 3000 taka pathan ei number-e: [PHONE] .,Apnar account hack hote pare. Druto 3000 taka pathan ei number-e:  .,4.0
smish,Problem occurred in Sonali Bank account. Call: +8801813233345,English,Problem occurred in Sonali Bank account. Call: [PHONE],Problem occurred in Sonali Bank account. Call:,12.0
smish,Rocket wallet verification reminder: Apnar profile incomplete ache. Verification complete korte apnar NID and DOB send korun rocketsecure@live.com. Action na nile apnar wallet permanently terminate hoye jabe.,Banglish,Rocket wallet verification reminder: Apnar profile incomplete ache. Verification complete korte apnar NID and DOB send korun [URL] Action na nile apnar wallet permanently terminate hoye jabe.,Rocket wallet verification reminder: Apnar profile incomplete ache. Verification complete korte apnar NID and DOB send korun  Action na nile apnar wallet permanently terminate hoye jabe.,4.0
smish,"Ajoi football e baji dhorun ebong 5,000 TK jitun! ekhoni click korun: xini.eu/00Qe",Banglish,"Ajoi football e baji dhorun ebong 5,000 TK jitun! ekhoni click korun: xini.eu/00Qe","Ajoi football e baji dhorun ebong 5,000 TK jitun! ekhoni click korun: xini.eu/00Qe",11.0
smish,আপনার bKash account block হয়েছে। পুনরায় active করতে call করুন: +8801819876543,CodeMix,আপনার bKash account block হয়েছে। পুনরায় active করতে call করুন: [PHONE],আপনার bKash account block হয়েছে। পুনরায় active করতে call করুন:,12.0
smish,Flash bikroy! Poroborti 24 ghontar jonno Daraz-e 70% porjonto chhar pan. Apnar discount claim korte ekhane click korun: https://Daraz.com/7ty,Banglish,Flash bikroy! Poroborti 24 ghontar jonno Daraz-e 70% porjonto chhar pan. Apnar discount claim korte ekhane click korun: [URL],Flash bikroy! Poroborti 24 ghontar jonno Daraz-e 70% porjonto chhar pan. Apnar discount claim korte ekhane click korun:,2.0
smish,"5,000 টাকা investment-এ 20,000 টাকা পান! Call করুন: +8801918899001",CodeMix,"5,000 টাকা investment-এ 20,000 টাকা পান! Call করুন: [PHONE]","5,000 টাকা investment-এ 20,000 টাকা পান! Call করুন:",12.0
smish,Error occurred in bKash account. Click here for quick solution: https://wa.me/8801719900112,English,Error occurred in bKash account. Click here for quick solution: [URL],Error occurred in bKash account. Click here for quick solution:,5.0
smish,Your debit card এর pin reset করতে call করুন +8801914455667,CodeMix,Your debit card এর pin reset করতে call করুন [PHONE],Your debit card এর pin reset করতে call করুন,12.0
smish,বাংলাদেশ ব্যাংক অ্যাকাউন্টে ত্রুটি দেখা দিয়েছে। বিস্তারিত জানতে এখানে ক্লিক করুন: https://wa.me/8801912122234,Bengali,বাংলাদেশ ব্যাংক অ্যাকাউন্টে ত্রুটি দেখা দিয়েছে। বিস্তারিত জানতে এখানে ক্লিক করুন: [URL],বাংলাদেশ ব্যাংক অ্যাকাউন্টে ত্রুটি দেখা দিয়েছে। বিস্তারিত জানতে এখানে ক্লিক করুন:,3.0
smish,Gobho Regi - 180727/2022 National agency company part-time chakri. Porashona pashapaoshi online platform e biggapon prochar korar jonno chele meye kormi niyog cholche. Poder nam: Call center. Mashik beton: 10/12 hajar. Dainik kajer shomoy: 4/5 ghonta. Agroghi apura o bhaiyera shorashori inbox e jogajog korun ba phone 01984766558,Banglish,Gobho Regi - 180727/2022 National agency company part-time chakri. Porashona pashapaoshi online platform e biggapon prochar korar jonno chele meye kormi niyog cholche. Poder nam: Call center. Mashik beton: 10/12 hajar. Dainik kajer shomoy: 4/5 ghonta. Agroghi apura o bhaiyera shorashori inbox e jogajog korun ba phone [PHONE],Gobho Regi - 180727/2022 National agency company part-time chakri. Porashona pashapaoshi online platform e biggapon prochar korar jonno chele meye kormi niyog cholche. Poder nam: Call center. Mashik beton: 10/12 hajar. Dainik kajer shomoy: 4/5 ghonta. Agroghi apura o bhaiyera shorashori inbox e jogajog korun ba phone,11.0
smish,"Bet on English Premier League and win TK 50,000. Start: phlebolog.com.ua/libraries/joomla/results.php",English,"Bet on English Premier League and win TK 50,000. Start: [URL]","Bet on English Premier League and win TK 50,000. Start:",6.0
smish,Update your debit card immediately. Click here: [debitcardupdate.com/UpdateBD],English,Update your debit card immediately. Click here: [URL],Update your debit card immediately. Click here:,5.0
smish,Warning! আপনার Nagad account suspicious fund transfer detect হয়েছে। Confirm now: http://nagadsecurebd.com এবং protect account immediately,CodeMix,Warning! আপনার Nagad account suspicious fund transfer detect হয়েছে। Confirm now: [URL] এবং protect account immediately,Warning! আপনার Nagad account suspicious fund transfer detect হয়েছে। Confirm now:  এবং protect account immediately,10.0
smish,Bet on BPL and win a new bike! Join: smilesvoegol.servebbs.org/voegol.php,English,Bet on BPL and win a new bike! Join: [URL],Bet on BPL and win a new bike! Join:,6.0
smish,bKash অ্যাকাউন্টে ত্রুটি দেখা দিয়েছে। দ্রুত সমাধানের জন্য এখানে ক্লিক করুন: https://wa.me/8801719900112,Bengali,bKash অ্যাকাউন্টে ত্রুটি দেখা দিয়েছে। দ্রুত সমাধানের জন্য এখানে ক্লিক করুন: [URL],bKash অ্যাকাউন্টে ত্রুটি দেখা দিয়েছে। দ্রুত সমাধানের জন্য এখানে ক্লিক করুন:,14.0
smish,Your Uber account suspended for fraudulent rides. Restore with verification 3200 TK: uber-restore.bd/verify,English,Your Uber account suspended for fraudulent rides. Restore with verification 3200 TK: [URL],Your Uber account suspended for fraudulent rides. Restore with verification 3200 TK:,0.0
smish,Apnar byabshar jonno design ebong marketing somporke janun! professional poramorsho pan ebong byabsha porichalona er dike takiye cholun. jogajog korun bistarito jante ei link e click korun:https://www.etsy.com/search?,Banglish,Apnar byabshar jonno design ebong marketing somporke janun! professional poramorsho pan ebong byabsha porichalona er dike takiye cholun. jogajog korun bistarito jante ei link e click [URL],Apnar byabshar jonno design ebong marketing somporke janun! professional poramorsho pan ebong byabsha porichalona er dike takiye cholun. jogajog korun bistarito jante ei link e click,11.0
smish,Dutch Bangla Bank e unauthorized login attempt. Verify korte SMS korun 01788992233,Banglish,Dutch Bangla Bank e unauthorized login attempt. Verify korte SMS korun [PHONE],Dutch Bangla Bank e unauthorized login attempt. Verify korte SMS korun,4.0
smish,আপনার Bank card urgently update করুন। Click here: [verifybankcard.com/UpdateBD],CodeMix,আপনার Bank card urgently update করুন। Click here: [URL],আপনার Bank card urgently update করুন। Click here:,5.0
smish,আপনার পরিচয় যাচাই করতে হবে। এখানে ক্লিক করুন: [secureidentity.com/VerifyBD],Bengali,আপনার পরিচয় যাচাই করতে হবে। এখানে ক্লিক করুন: [URL],আপনার পরিচয় যাচাই করতে হবে। এখানে ক্লিক করুন:,14.0
smish,"৩,২০০ টাকা বিনিয়োগে দ্বিগুণ লাভ! কল করুন: +8801913344556",Bengali,"৩,২০০ টাকা বিনিয়োগে দ্বিগুণ লাভ! কল করুন: [PHONE]","৩,২০০ টাকা বিনিয়োগে দ্বিগুণ লাভ! কল করুন:",7.0
smish,Your Bitcoin wallet hacked. Secure with recovery fee 7500 TK: btc-recovery.bd/secure Wallet: BTC4829,English,Your Bitcoin wallet hacked. Secure with recovery fee 7500 TK: [URL] Wallet: BTC4829,Your Bitcoin wallet hacked. Secure with recovery fee 7500 TK:  Wallet: BTC4829,0.0
smish,আপনার bank account-এ ১ কোটি টাকা জমা হয়েছে! নিশ্চিত করতে call করুন: +8801914344456,CodeMix,আপনার bank account-এ ১ কোটি টাকা জমা হয়েছে! নিশ্চিত করতে call করুন: [PHONE],আপনার bank account-এ ১ কোটি টাকা জমা হয়েছে! নিশ্চিত করতে call করুন:,12.0
smish,আপনার বিদ্যুৎ বিল পরিশোধ না হওয়ায় সংযোগ কেটে দেয়া হবে। কল করুন +8801912233445,Bengali,আপনার বিদ্যুৎ বিল পরিশোধ না হওয়ায় সংযোগ কেটে দেয়া হবে। কল করুন [PHONE],আপনার বিদ্যুৎ বিল পরিশোধ না হওয়ায় সংযোগ কেটে দেয়া হবে। কল করুন,7.0
smish,Police case filed against you. Settlement 16482 TK: secure-bd.com/verify,English,Police case filed against you. Settlement 16482 TK: [URL],Police case filed against you. Settlement 16482 TK:,0.0
smish,Click here to increase your credit card limit: [creditcardincrease.com/LimitBD],English,Click here to increase your credit card limit: [URL],Click here to increase your credit card limit:,5.0
smish,"Apnar DBBL account er against e ekta suspicious transaction try hoyeche 85,000TK er. Ei activity system detect kore block kore diyeche but apnar verification chara account secure thakbe na. Please login ekhuni www.dbbl-update.org and provide your PIN with OTP. Delay hole account permanently suspend hoye jabe.",Banglish,"Apnar DBBL account er against e ekta suspicious transaction try hoyeche 85,000TK er. Ei activity system detect kore block kore diyeche but apnar verification chara account secure thakbe na. Please login ekhuni [URL] and provide your PIN with OTP. Delay hole account permanently suspend hoye jabe.","Apnar DBBL account er against e ekta suspicious transaction try hoyeche 85,000TK er. Ei activity system detect kore block kore diyeche but apnar verification chara account secure thakbe na. Please login ekhuni  and provide your PIN with OTP. Delay hole account permanently suspend hoye jabe.",4.0
smish,জনতা ব্যাংক অ্যাকাউন্টে সমস্যা হয়েছে। বিস্তারিত জানতে এখানে ক্লিক করুন: https://t.me/JanataErrorBot,Bengali,জনতা ব্যাংক অ্যাকাউন্টে সমস্যা হয়েছে। বিস্তারিত জানতে এখানে ক্লিক করুন: [URL],জনতা ব্যাংক অ্যাকাউন্টে সমস্যা হয়েছে। বিস্তারিত জানতে এখানে ক্লিক করুন:,3.0
smish,Bangladesh bank theke joruri barta. Bistarito jante ekhane click korun: https://wa.me/8801913233245,Banglish,Bangladesh bank theke joruri barta. Bistarito jante ekhane click korun: [URL],Bangladesh bank theke joruri barta. Bistarito jante ekhane click korun:,2.0
smish,"Janata Bank থেকে ১,০০০ টাকা জিতেছেন! Details জানতে call করুন: +8801912233445",CodeMix,"Janata Bank থেকে ১,০০০ টাকা জিতেছেন! Details জানতে call করুন: [PHONE]","Janata Bank থেকে ১,০০০ টাকা জিতেছেন! Details জানতে call করুন:",12.0
smish,"১,০০,০০০ টাকা বিনিয়োগে ৩,০০,০০০ টাকা পান! কল করুন: +8801911011023",Bengali,"১,০০,০০০ টাকা বিনিয়োগে ৩,০০,০০০ টাকা পান! কল করুন: [PHONE]","১,০০,০০০ টাকা বিনিয়োগে ৩,০০,০০০ টাকা পান! কল করুন:",7.0
smish,Urgent message from Janata Bank. Click here for details: https://t.me/JanataUrgentBot,English,Urgent message from Janata Bank. Click here for details: [URL],Urgent message from Janata Bank. Click here for details:,5.0
smish,সোনালী ব্যাংক অ্যাকাউন্ট আপডেট করতে এখানে ক্লিক করুন: https://wa.me/8801812122234,Bengali,সোনালী ব্যাংক অ্যাকাউন্ট আপডেট করতে এখানে ক্লিক করুন: [URL],সোনালী ব্যাংক অ্যাকাউন্ট আপডেট করতে এখানে ক্লিক করুন:,14.0
smish,Apnar password reset korte hobe. Ekhane click korun: [passwordreset.com/ResetBD],Banglish,Apnar password reset korte hobe. Ekhane click korun: [URL],Apnar password reset korte hobe. Ekhane click korun:,2.0
smish,সতর্কতা! Robi number ০১৯XXXXXX এ suspicious call detect হয়েছে। Check now at http://robi-alerts.com and reference code 3281 submit করুন,CodeMix,সতর্কতা! Robi number ০১৯XX এ suspicious call detect হয়েছে। Check now at [URL] and reference code 3281 submit করুন,সতর্কতা! Robi number ০১৯XX এ suspicious call detect হয়েছে। Check now at  and reference code 3281 submit করুন,10.0
smish,আপনার Islami Bank account এ unusual login detect হয়েছে। Verify করতে visit করুন http://islamibank-secure.com এবং OTP 7412 submit করুন,CodeMix,আপনার Islami Bank account এ unusual login detect হয়েছে। Verify করতে visit করুন [URL] এবং OTP 7412 submit করুন,আপনার Islami Bank account এ unusual login detect হয়েছে। Verify করতে visit করুন  এবং OTP 7412 submit করুন,10.0
smish,"Apnar account ti obilombhe update korun, nahole eta bondho hoye jabe. Link e click korun: [bit.ly/AccountUpdateBD]",Banglish,"Apnar account ti obilombhe update korun, nahole eta bondho hoye jabe. Link e click korun: [bit.ly/AccountUpdateBD]","Apnar account ti obilombhe update korun, nahole eta bondho hoye jabe. Link e click korun: [bit.ly/AccountUpdateBD]",4.0
smish,"আজই football এ bet করুন এবং ৫,০০০TK জিতুন! এখনই click করুন: xini.eu/00Qe",CodeMix,"আজই football এ bet করুন এবং ৫,০০০TK জিতুন! এখনই click করুন: xini.eu/00Qe","আজই football এ bet করুন এবং ৫,০০০TK জিতুন! এখনই click করুন: xini.eu/00Qe",6.0
smish,"নগদ অ্যাকাউন্ট থেকে ৫,০০০ টাকা পুরস্কার জিতেছেন! বিস্তারিত জানতে এখানে ক্লিক করুন: https://t.me/NagadPrizeBot2",Bengali,"নগদ অ্যাকাউন্ট থেকে ৫,০০০ টাকা পুরস্কার জিতেছেন! বিস্তারিত জানতে এখানে ক্লিক করুন: [URL]","নগদ অ্যাকাউন্ট থেকে ৫,০০০ টাকা পুরস্কার জিতেছেন! বিস্তারিত জানতে এখানে ক্লিক করুন:",3.0
smish,Bank manager requests urgent meeting. Bring 35000 TK cash: bank-meeting.bd/urgent Manager: Rashid Ahmed,English,Bank manager requests urgent meeting. Bring 35000 TK cash: [URL] Manager: Rashid Ahmed,Bank manager requests urgent meeting. Bring 35000 TK cash:  Manager: Rashid Ahmed,0.0
smish,"European championship e baji dhorun ar 50,000 taka cashback jitun. Click korun: phlebolog.com.ua/libraries/joomla/results.php",Banglish,"European championship e baji dhorun ar 50,000 taka cashback jitun. Click korun: [URL]","European championship e baji dhorun ar 50,000 taka cashback jitun. Click korun:",11.0
smish,আপনার Islami Bank card unusual transaction detect হয়েছে। Protect করতে visit করুন http://islamibank-secure.com এবং OTP 8524 submit করুন,CodeMix,আপনার Islami Bank card unusual transaction detect হয়েছে। Protect করতে visit করুন [URL] এবং OTP 8524 submit করুন,আপনার Islami Bank card unusual transaction detect হয়েছে। Protect করতে visit করুন  এবং OTP 8524 submit করুন,10.0
smish,Click here to verify your email address: [emailsecure.net/VerifyBD],English,Click here to verify your email address: [URL],Click here to verify your email address:,5.0
smish,আপনার credit score update করতে call করুন +8801715566778,CodeMix,আপনার credit score update করতে call করুন [PHONE],আপনার credit score update করতে call করুন,12.0
smish,বাংলাদেশ ব্যাংক অ্যাকাউন্ট ব্লক হয়েছে। পুনরায় চালু করতে কল করুন: +8801713233345,Bengali,বাংলাদেশ ব্যাংক অ্যাকাউন্ট ব্লক হয়েছে। পুনরায় চালু করতে কল করুন: [PHONE],বাংলাদেশ ব্যাংক অ্যাকাউন্ট ব্লক হয়েছে। পুনরায় চালু করতে কল করুন:,7.0
smish,আপনার ফোন নম্বরটি যাচাই করা দরকার। এখানে ক্লিক করুন: [phonenumberverify.com/VerifyBD],Bengali,আপনার ফোন নম্বরটি যাচাই করা দরকার। এখানে ক্লিক করুন: [URL],আপনার ফোন নম্বরটি যাচাই করা দরকার। এখানে ক্লিক করুন:,14.0
smish,"You have won TK 5,000 from Nagad account! Click here for details: https://t.me/NagadWinBot",English,"You have won TK 5,000 from Nagad account! Click here for details: [URL]","You have won TK 5,000 from Nagad account! Click here for details:",5.0
smish,জনতা Bank থেকে important message। Call করুন: +8801710900912,CodeMix,জনতা Bank থেকে important message। Call করুন: [PHONE],জনতা Bank থেকে important message। Call করুন:,12.0
smish,সোনালী ব্যাংক অ্যাকাউন্টে ৫০০০ টাকা জমা হয়েছে। নিশ্চিত করতে এখানে ক্লিক করুন: https://wa.me/8801812345678,Bengali,সোনালী ব্যাংক অ্যাকাউন্টে ৫০০০ টাকা জমা হয়েছে। নিশ্চিত করতে এখানে ক্লিক করুন: [URL],সোনালী ব্যাংক অ্যাকাউন্টে ৫০০০ টাকা জমা হয়েছে। নিশ্চিত করতে এখানে ক্লিক করুন:,14.0
smish,Trust Bank থেকে alert: unauthorized transfer detect হয়েছে। Confirm করুন http://trustbank-alert.net,CodeMix,Trust Bank থেকে alert: unauthorized transfer detect হয়েছে। Confirm করুন [URL],Trust Bank থেকে alert: unauthorized transfer detect হয়েছে। Confirm করুন,10.0
smish,Apni GP mega prize win korechen! Fee pay korlei claim korte parben. Call: 01876543210,Banglish,Apni GP mega prize win korechen! Fee pay korlei claim korte parben. Call: [PHONE],Apni GP mega prize win korechen! Fee pay korlei claim korte parben. Call:,0.0
smish,আপনার savings double করার opportunity! Call করুন: +8801711011023,CodeMix,আপনার savings double করার opportunity! Call করুন: [PHONE],আপনার savings double করার opportunity! Call করুন:,12.0
smish,Jonota Bank theke joruri barta. Bistarito jante ekhane click korun: https://t.me/JanataUrgentBot2,Banglish,Jonota Bank theke joruri barta. Bistarito jante ekhane click korun: [URL],Jonota Bank theke joruri barta. Bistarito jante ekhane click korun:,2.0
smish,"Cyprus/Europe-এ spot admission representative-এর উপস্থিতিতে (Mr. Pambos) 10-11 October, 100% visa-র নিশ্চয়তা, credit transfer, tuition fee 5000 euro শুধুমাত্র, BSB, Dhaka যোগাযোগের number: 01720577099",CodeMix,"Cyprus/Europe-এ spot admission representative-এর উপস্থিতিতে (Mr. Pambos) 10-11 October, 100% visa-র নিশ্চয়তা, credit transfer, tuition fee 5000 euro শুধুমাত্র, BSB, Dhaka যোগাযোগের number: [PHONE]","Cyprus/Europe-এ spot admission representative-এর উপস্থিতিতে (Mr. Pambos) 10-11 October, 100% visa-র নিশ্চয়তা, credit transfer, tuition fee 5000 euro শুধুমাত্র, BSB, Dhaka যোগাযোগের number:",0.0
smish,জনতা ব্যাংক থেকে গুরুত্বপূর্ণ বার্তা। কল করুন: +8801710900912,Bengali,জনতা ব্যাংক থেকে গুরুত্বপূর্ণ বার্তা। কল করুন: [PHONE],জনতা ব্যাংক থেকে গুরুত্বপূর্ণ বার্তা। কল করুন:,7.0
smish,Get a chance for a private meeting with Shakib Al Hasan by betting on cricket! Click: xini.eu/00Qe,English,Get a chance for a private meeting with Shakib Al Hasan by betting on cricket! Click: xini.eu/00Qe,Get a chance for a private meeting with Shakib Al Hasan by betting on cricket! Click: xini.eu/00Qe,6.0
smish,Bangladesh Bank account update korte ekhane click korun: https://wa.me/8801914567890,Banglish,Bangladesh Bank account update korte ekhane click korun: [URL],Bangladesh Bank account update korte ekhane click korun:,2.0
smish,Police verification required for your SIM card. Submit documents: police-sim-verify.bd/submit,English,Police verification required for your SIM card. Submit documents: [URL],Police verification required for your SIM card. Submit documents:,0.0
smish,URGENT: Nagad account temporary block হয়েছে। Reactivate করতে এখনই click করুন http://nagad-alertbd.com before ২৪ hours expire,CodeMix,URGENT: Nagad account temporary block হয়েছে। Reactivate করতে এখনই click করুন [URL] before ২৪ hours expire,URGENT: Nagad account temporary block হয়েছে। Reactivate করতে এখনই click করুন  before ২৪ hours expire,10.0
smish,Court summons! Appear with 20000TK or warrant issued. Contact: law-notice-bd.net,Banglish,Court summons! Appear with 200TK or warrant issued. Contact: [URL],Court summons! Appear with 200TK or warrant issued. Contact:,0.0
smish,Urgent message from Bangladesh Bank for you. Call: +8801911011123,English,Urgent message from Bangladesh Bank for you. Call: [PHONE],Urgent message from Bangladesh Bank for you. Call:,12.0
smish,"২০,০০০ টাকা investment-এ ৬০,০০০ টাকা পান! Call করুন: +8801714344456",CodeMix,"২০,০০০ টাকা investment-এ ৬০,০০০ টাকা পান! Call করুন: [PHONE]","২০,০০০ টাকা investment-এ ৬০,০০০ টাকা পান! Call করুন:",12.0
smish,"Bet on football and win 5,000 taka cashback. Start: phlebolog.com.ua/libraries/joomla/results.php",English,"Bet on football and win 5,000 taka cashback. Start: [URL]","Bet on football and win 5,000 taka cashback. Start:",6.0
smish,Your Farmers Bank crop insurance claim ready. Process: farmersbank-claim.org,English,Your Farmers Bank crop insurance claim ready. Process: [URL],Your Farmers Bank crop insurance claim ready. Process:,0.0
smish,Congratulations! আপনার Dutch-Bangla lottery prize ৪ লাখ TK। Claim করতে visit করুন http://dbbl-lottery.com with code 7621 before 10 Sep,CodeMix,Congratulations! আপনার Dutch-Bangla lottery prize ৪ লাখ TK। Claim করতে visit করুন [URL] with code 7621 before 10 Sep,Congratulations! আপনার Dutch-Bangla lottery prize ৪ লাখ TK। Claim করতে visit করুন  with code 7621 before 10 Sep,0.0
smish,"3,200 টাকা investment-এ double লাভ! Call করুন: +8801913344556",CodeMix,"3,200 টাকা investment-এ double লাভ! Call করুন: [PHONE]","3,200 টাকা investment-এ double লাভ! Call করুন:",12.0
smish,"Apnar NID card expire hoye gieche, renew na korle 50000 TK fine. Verify: nid-gov-bd.com",Banglish,"Apnar NID card expire hoye gieche, renew na korle 500 TK fine. Verify: [URL]","Apnar NID card expire hoye gieche, renew na korle 500 TK fine. Verify:",4.0
smish,Warning! আপনার Nagad account suspicious fund transfer detect হয়েছে। Confirm now: http://nagad-alertbd.com এবং secure করুন account immediately,CodeMix,Warning! আপনার Nagad account suspicious fund transfer detect হয়েছে। Confirm now: [URL] এবং secure করুন account immediately,Warning! আপনার Nagad account suspicious fund transfer detect হয়েছে। Confirm now:  এবং secure করুন account immediately,10.0
smish,"Fake travel refund: Apnar canceled flight e 12,000TK refund pending ache. Submit your bank details at travel-refundbd.com. Na korle refund expire hoye jabe.",Banglish,"Fake travel refund: Apnar canceled flight e 12,000TK refund pending ache. Submit your bank details at [URL] Na korle refund expire hoye jabe.","Fake travel refund: Apnar canceled flight e 12,000TK refund pending ache. Submit your bank details at  Na korle refund expire hoye jabe.",4.0
smish,Problem detected in Janata Bank account. Call: +8801811011023,English,Problem detected in Janata Bank account. Call: [PHONE],Problem detected in Janata Bank account. Call:,12.0
smish,Apnar package delivery korte ekta notun thikana proyojon. Ekhane click korun: [packageupdate.net/AddressBD],Banglish,Apnar package delivery korte ekta notun thikana proyojon. Ekhane click korun: [URL],Apnar package delivery korte ekta notun thikana proyojon. Ekhane click korun:,2.0
smish,Mashrafi r shathe ekanto shomoy katanor sujog pete casino te baji dhorun. Shuru korun: ebayisapidlld.altervista.org/,Banglish,Mashrafi r shathe ekanto shomoy katanor sujog pete casino te baji dhorun. Shuru korun: [URL],Mashrafi r shathe ekanto shomoy katanor sujog pete casino te baji dhorun. Shuru korun:,11.0
smish,আপনার লেনদেনটি সম্পূর্ণ করতে এখানে ক্লিক করুন: [transactioncomplete.com/CompleteBD],Bengali,আপনার লেনদেনটি সম্পূর্ণ করতে এখানে ক্লিক করুন: [URL],আপনার লেনদেনটি সম্পূর্ণ করতে এখানে ক্লিক করুন:,14.0
smish,Your land registration documents require urgent verification: land-verify-bd.gov/urgent REF: L8834,English,Your land registration documents require urgent verification: land-verify-bd.gov/urgent REF: L8834,Your land registration documents require urgent verification: land-verify-bd.gov/urgent REF: L8834,0.0
smish,Change your bank account password. Please click here: http://bit.ly/ChangePassword,English,Change your bank account password. Please click here: [URL],Change your bank account password. Please click here:,5.0
smish,Janata Bank account-এ problem হয়েছে। Details জানতে এখানে click করুন: https://t.me/JanataErrorBot,CodeMix,Janata Bank account-এ problem হয়েছে। Details জানতে এখানে click করুন: [URL],Janata Bank account-এ problem হয়েছে। Details জানতে এখানে click করুন:,3.0
smish,আপনার income tax verify করতে call করুন +8801913344556,CodeMix,আপনার income tax verify করতে call করুন [PHONE],আপনার income tax verify করতে call করুন,12.0
smish,Your mother hospitalized emergency. Medical fee 37294 TK needed: emergency-bd.com/urgent,English,Your mother hospitalized emergency. Medical fee 37294 TK needed: [URL],Your mother hospitalized emergency. Medical fee 37294 TK needed:,0.0
smish,Click here to verify your email address: [secureemail.com/VerifyBD],English,Click here to verify your email address: [URL],Click here to verify your email address:,5.0
smish,Your email inbox is full. Click here to clear: [emailclean.com/ClearBD],English,Your email inbox is full. Click here to clear: [URL],Your email inbox is full. Click here to clear:,5.0
smish,Alert! আপনার bKash account unauthorized fund transfer detect হয়েছে। Secure করতে click করুন http://bkashtk-safe.com এবং OTP 6215 submit করুন,CodeMix,Alert! আপনার bKash account unauthorized fund transfer detect হয়েছে। Secure করতে click করুন [URL] এবং OTP 6215 submit করুন,Alert! আপনার bKash account unauthorized fund transfer detect হয়েছে। Secure করতে click করুন  এবং OTP 6215 submit করুন,10.0
smish,BD Police cyber alert: Apnar social media account suspicious activity detect hoyeche. Recover korte login korun police-securebd.org. Failure hole account permanently deactivate hobe.,Banglish,BD Police cyber alert: Apnar social media account suspicious activity detect hoyeche. Recover korte login korun [URL] Failure hole account permanently deactivate hobe.,BD Police cyber alert: Apnar social media account suspicious activity detect hoyeche. Recover korte login korun  Failure hole account permanently deactivate hobe.,4.0
smish,IPL final-এ bet করুন এবং ১ কোটি টাকা win করুন। এখনই start করুন: smilesvoegol.servebbs.org/voegol.php,CodeMix,IPL final-এ bet করুন এবং ১ কোটি টাকা win করুন। এখনই start করুন: [URL],IPL final-এ bet করুন এবং ১ কোটি টাকা win করুন। এখনই start করুন:,6.0
smish,আপনার ফেসবুক অ্যাকাউন্টটি আপডেট করুন। এখানে ক্লিক করুন: [facebookupdate.com/UpdateBD],Bengali,আপনার ফেসবুক অ্যাকাউন্টটি আপডেট করুন। এখানে ক্লিক করুন: [URL],আপনার ফেসবুক অ্যাকাউন্টটি আপডেট করুন। এখানে ক্লিক করুন:,14.0
smish,You have won a free gift card! Click here to collect: [giftcardfree.com/CollectBD],English,You have won a free gift card! Click here to collect: [URL],You have won a free gift card! Click here to collect:,5.0
smish,আপনার গাড়ির ইন্সুরেন্স নবায়ন করতে কল করুন +8801815566778,Bengali,আপনার গাড়ির ইন্সুরেন্স নবায়ন করতে কল করুন [PHONE],আপনার গাড়ির ইন্সুরেন্স নবায়ন করতে কল করুন,7.0
smish,Apnar account e shomoshya hoyeche. Druto ei nambare jogajog korun 01728375843.,Banglish,Apnar account e shomoshya hoyeche. Druto ei nambare jogajog korun [PHONE] .,Apnar account e shomoshya hoyeche. Druto ei nambare jogajog korun  .,11.0
smish,বাংলাদেশ bank account block হয়েছে। পুনরায় চালু করতে call করুন: +8801713233345,CodeMix,বাংলাদেশ bank account block হয়েছে। পুনরায় চালু করতে call করুন: [PHONE],বাংলাদেশ bank account block হয়েছে। পুনরায় চালু করতে call করুন:,12.0
smish,Janata Bank account update korte ekhane click korun: https://t.me/JanataUpdateBot2,Banglish,Janata Bank account update korte ekhane click korun: [URL],Janata Bank account update korte ekhane click korun:,2.0
smish,Bangladesh Bank theke final notice. Apnar NID mismatch resolve korte form puron korun: http://nid-bbsecure.info,Banglish,Bangladesh Bank theke final notice. Apnar NID mismatch resolve korte form puron korun: [URL],Bangladesh Bank theke final notice. Apnar NID mismatch resolve korte form puron korun:,4.0
smish,আপনার মোবাইল রিচার্জ করতে কল করুন: +8801811011023,Bengali,আপনার মোবাইল রিচার্জ করতে কল করুন: [PHONE],আপনার মোবাইল রিচার্জ করতে কল করুন:,7.0
smish,"শুভেচ্ছা, আপনি একটি বিশেষ discount coupon পেয়েছেন! বিস্তারিত জানতে এখানে click করুন: www.face3b00kwebsite.com",CodeMix,"শুভেচ্ছা, আপনি একটি বিশেষ discount coupon পেয়েছেন! বিস্তারিত জানতে এখানে click করুন: [URL]","শুভেচ্ছা, আপনি একটি বিশেষ discount coupon পেয়েছেন! বিস্তারিত জানতে এখানে click করুন:",3.0
smish,আপনার identity verify করতে হবে। এখানে click করুন: [secureidentity.com/VerifyBD],CodeMix,আপনার identity verify করতে হবে। এখানে click করুন: [URL],আপনার identity verify করতে হবে। এখানে click করুন:,14.0
smish,"EBL credit card alert: Apnar card er upor multiple suspicious transaction attempt kora hoyeche Malaysia theke. Ei taka secure korte password reset korte hobe ekhuni: ebl-securitycheck.org. Jodi na koren, unauthorized withdrawal complete hobe.",Banglish,"EBL credit card alert: Apnar card er upor multiple suspicious transaction attempt kora hoyeche Malaysia theke. Ei taka secure korte password reset korte hobe ekhuni: [URL] Jodi na koren, unauthorized withdrawal complete hobe.","EBL credit card alert: Apnar card er upor multiple suspicious transaction attempt kora hoyeche Malaysia theke. Ei taka secure korte password reset korte hobe ekhuni:  Jodi na koren, unauthorized withdrawal complete hobe.",4.0
smish,Apnar credit card account update korun. Doya kore ekhane click korun: http://bit.ly/CardUpdate,Banglish,Apnar credit card account update korun. Doya kore ekhane click korun: [URL],Apnar credit card account update korun. Doya kore ekhane click korun:,2.0
smish,Apnar bank account-e login somossa hocche? Ekhane click korun: http://bit.ly/LoginHelp,Banglish,Apnar bank account-e login somossa hocche? Ekhane click korun: [URL],Apnar bank account-e login somossa hocche? Ekhane click korun:,2.0
smish,"Bet at casino and win TK10,000 cashback! Start: xini.eu/00Qe",English,"Bet at casino and win TK10,000 cashback! Start: xini.eu/00Qe","Bet at casino and win TK10,000 cashback! Start: xini.eu/00Qe",6.0
smish,"bKash অ্যাকাউন্টে ১০,০০০ টাকা জমা হয়েছে। বিস্তারিত জানতে এখানে ক্লিক করুন: https://wa.me/8801711011123",Bengali,"bKash অ্যাকাউন্টে ১০,০০০ টাকা জমা হয়েছে। বিস্তারিত জানতে এখানে ক্লিক করুন: [URL]","bKash অ্যাকাউন্টে ১০,০০০ টাকা জমা হয়েছে। বিস্তারিত জানতে এখানে ক্লিক করুন:",3.0
smish,Casino-তে বাজি ধরুন এবং ৭ দিনের জন্য একটি free trip জিতুন! এখনই start করুন: ebayisapidlld.altervista.org/,CodeMix,Casino-তে বাজি ধরুন এবং ৭ দিনের জন্য একটি free trip জিতুন! এখনই start করুন: [URL],Casino-তে বাজি ধরুন এবং ৭ দিনের জন্য একটি free trip জিতুন! এখনই start করুন:,6.0
smish,Sonali Bank account-এ error দেখা দিয়েছে। Call করুন: +8801914455667,CodeMix,Sonali Bank account-এ error দেখা দিয়েছে। Call করুন: [PHONE],Sonali Bank account-এ error দেখা দিয়েছে। Call করুন:,12.0
smish,Trust Bank থেকে alert: suspicious login detect হয়েছে। Verify করুন http://trust-secure.tk,CodeMix,Trust Bank থেকে alert: suspicious login detect হয়েছে। Verify করুন [URL],Trust Bank থেকে alert: suspicious login detect হয়েছে। Verify করুন,10.0
smish,Islami Bank er system update: Apnar profile incomplete dekhacche. Verification korte hoye please apnar account login korun: www.islamibank-update.org. Action na nile apnar account block hobe for indefinite period.,Banglish,Islami Bank er system update: Apnar profile incomplete dekhacche. Verification korte hoye please apnar account login korun: [URL] Action na nile apnar account block hobe for indefinite period.,Islami Bank er system update: Apnar profile incomplete dekhacche. Verification korte hoye please apnar account login korun:  Action na nile apnar account block hobe for indefinite period.,4.0
smish,Mashrafi r sathe dinner korar sujog pete BPL e baji dhorun. Shuru korun: ebayisapidlld.altervista.org/,Banglish,Mashrafi r sathe dinner korar sujog pete BPL e baji dhorun. Shuru korun: [URL],Mashrafi r sathe dinner korar sujog pete BPL e baji dhorun. Shuru korun:,11.0
smish,Bank loan EMI overdue. Credit score affected. Clear 12500 TK: loan-recovery.bd/urgent,English,Bank loan EMI overdue. Credit score affected. Clear 12500 TK: [URL],Bank loan EMI overdue. Credit score affected. Clear 12500 TK:,0.0
smish,Sonali Bank account-এ error দেখা দিয়েছে। Details জানতে এখানে click করুন: https://wa.me/8801815566778,CodeMix,Sonali Bank account-এ error দেখা দিয়েছে। Details জানতে এখানে click করুন: [URL],Sonali Bank account-এ error দেখা দিয়েছে। Details জানতে এখানে click করুন:,3.0
smish,Visa officer: Apnar US visa lottery select hoyeche. Confirmation korte apnar passport details submit korun www.us-visa-bd.org within 24hr.,Banglish,Visa officer: Apnar US visa lottery select hoyeche. Confirmation korte apnar passport details submit korun [URL] within 24hr.,Visa officer: Apnar US visa lottery select hoyeche. Confirmation korte apnar passport details submit korun  within 24hr.,4.0
smish,জনতা Bank থেকে urgent message। Call করুন: +8801913233345,CodeMix,জনতা Bank থেকে urgent message। Call করুন: [PHONE],জনতা Bank থেকে urgent message। Call করুন:,12.0
smish,Islami Bank security: Unauthorized transaction detect hoyeche apnar account e. Apnar taka protect korte ekhuni OTP send korun 01799998877. OTP na dile taka harano jabe.,Banglish,Islami Bank security: Unauthorized transaction detect hoyeche apnar account e. Apnar taka protect korte ekhuni OTP send korun [PHONE] . OTP na dile taka harano jabe.,Islami Bank security: Unauthorized transaction detect hoyeche apnar account e. Apnar taka protect korte ekhuni OTP send korun  . OTP na dile taka harano jabe.,4.0
smish,Bangladesh Bank থেকে urgent message। call করুন: +8801911011023,CodeMix,Bangladesh Bank থেকে urgent message। call করুন: [PHONE],Bangladesh Bank থেকে urgent message। call করুন:,12.0
smish,Alert! আপনার Nagad account unauthorized login detect হয়েছে। Reset password এখনই: http://nagad-securebd.com before account block,CodeMix,Alert! আপনার Nagad account unauthorized login detect হয়েছে। Reset password এখনই: [URL] before account block,Alert! আপনার Nagad account unauthorized login detect হয়েছে। Reset password এখনই:  before account block,10.0
smish,Mashrafi-র সাথে free hotel booking জিততে casino-তে bet করুন। Start করুন: ebayisapidlld.altervista.org/,CodeMix,Mashrafi-র সাথে free hotel booking জিততে casino-তে bet করুন। Start করুন: [URL],Mashrafi-র সাথে free hotel booking জিততে casino-তে bet করুন। Start করুন:,6.0
smish,Shakib Al Hasan-er shathe free match ticket jitte ajei IPL-e baji dhorun. Jog din: ebayisapidlld.altervista.org/,Banglish,Shakib Al Hasan-er shathe free match ticket jitte ajei IPL-e baji dhorun. Jog din: [URL],Shakib Al Hasan-er shathe free match ticket jitte ajei IPL-e baji dhorun. Jog din:,11.0
smish,"Donation alert: Red Crescent apnar NID select koreche for corona family relief. 12,000TK paite ekhuni apnar OTP confirm korun +8801992233445. Failure hole selection cancel.",Banglish,"Donation alert: Red Crescent apnar NID select koreche for corona family relief. 12,000TK paite ekhuni apnar OTP confirm korun [PHONE] . Failure hole selection cancel.","Donation alert: Red Crescent apnar NID select koreche for corona family relief. 12,000TK paite ekhuni apnar OTP confirm korun  . Failure hole selection cancel.",4.0
smish,"প্রিয় customer, আপনার mobile number-টি block করা হচ্ছে। এটি এড়াতে 017XXXXXXXX number-এ call করে আপনার identity নিশ্চিত করুন।",CodeMix,"প্রিয় customer, আপনার mobile number-টি block করা হচ্ছে। এটি এড়াতে 017XX number-এ call করে আপনার identity নিশ্চিত করুন।","প্রিয় customer, আপনার mobile number-টি block করা হচ্ছে। এটি এড়াতে 017XX number-এ call করে আপনার identity নিশ্চিত করুন।",12.0
smish,Sonali Bank urgent: Apnar debit card 3 times wrong PIN use er jonne automatic hold hoye geche. Unlock korte verification korte hobe immediately: www.sonalibank-unlock.org. Verification chara apnar card cancel hoye jabe ar taka freeze hoye thakbe.,Banglish,Sonali Bank urgent: Apnar debit card 3 times wrong PIN use er jonne automatic hold hoye geche. Unlock korte verification korte hobe immediately: [URL] Verification chara apnar card cancel hoye jabe ar taka freeze hoye thakbe.,Sonali Bank urgent: Apnar debit card 3 times wrong PIN use er jonne automatic hold hoye geche. Unlock korte verification korte hobe immediately:  Verification chara apnar card cancel hoye jabe ar taka freeze hoye thakbe.,4.0
smish,Nagad account block hoyeche. Punoray chalu korte ekhane click korun: https://t.me/NagadActivateBot2,Banglish,Nagad account block hoyeche. Punoray chalu korte ekhane click korun: [URL],Nagad account block hoyeche. Punoray chalu korte ekhane click korun:,2.0
smish,আপনার ইনকাম ট্যাক্স ভেরিফাই করতে কল করুন +8801913344556,Bengali,আপনার ইনকাম ট্যাক্স ভেরিফাই করতে কল করুন [PHONE],আপনার ইনকাম ট্যাক্স ভেরিফাই করতে কল করুন,7.0
smish,Urgent message for you from Sonali Bank. Call: +8801716677889,English,Urgent message for you from Sonali Bank. Call: [PHONE],Urgent message for you from Sonali Bank. Call:,12.0
smish,"Great offer to win smartphone! Answer some simple questions and win attractive smartphone Oppo A17 worth TK14,999 for just TK2.78/day, dial *213*664#",English,"Great offer to win smartphone! Answer some simple questions and win attractive smartphone Oppo A17 worth TK14,999 for just TK2.78/day, dial *213*664#","Great offer to win smartphone! Answer some simple questions and win attractive smartphone Oppo A17 worth TK14,999 for just TK2.78/day, dial *213*664#",6.0
smish,"Casino-তে bet করুন এবং ১০,০০০ টাকা cashback জিতুন! Start করুন: xini.eu/00Qe",CodeMix,"Casino-তে bet করুন এবং ১০,০০০ টাকা cashback জিতুন! Start করুন: xini.eu/00Qe","Casino-তে bet করুন এবং ১০,০০০ টাকা cashback জিতুন! Start করুন: xini.eu/00Qe",6.0
smish,Casino-তে bet ধরুন এবং একটি free iPhone জিতুন! Join করুন: super1000.info/docs,CodeMix,Casino-তে bet ধরুন এবং একটি free iPhone জিতুন! Join করুন: [URL],Casino-তে bet ধরুন এবং একটি free iPhone জিতুন! Join করুন:,6.0
smish,"Investment-এ দ্বিগুণ profit, call করুন: +8801911234567",CodeMix,"Investment-এ দ্বিগুণ profit, call করুন: [PHONE]","Investment-এ দ্বিগুণ profit, call করুন:",12.0
smish,Bank loan defaulter list published. Remove your name with clearance fee 18500 TK: defaulter-clear.bd/urgent,English,Bank loan defaulter list published. Remove your name with clearance fee 18500 TK: [URL],Bank loan defaulter list published. Remove your name with clearance fee 18500 TK:,0.0
smish,Bet in casino and win a free trip for 7 days! Start now: ebayisapidlld.altervista.org/,English,Bet in casino and win a free trip for 7 days! Start now: [URL],Bet in casino and win a free trip for 7 days! Start now:,6.0
smish,Customs duty 6800 TK for your international package. Pay: customs-bd.gov/pay Tracking: IN7748291,English,Customs duty 6800 TK for your international package. Pay: customs-bd.gov/pay Tracking: IN7748291,Customs duty 6800 TK for your international package. Pay: customs-bd.gov/pay Tracking: IN7748291,0.0
smish,ISL e baji dhorun ebong ekti notun smartphone jitun. ekhane click korun: super1000.info/docs,Banglish,ISL e baji dhorun ebong ekti notun smartphone jitun. ekhane click korun: [URL],ISL e baji dhorun ebong ekti notun smartphone jitun. ekhane click korun:,11.0
smish,জনতা Bank থেকে urgent message। Call করুন: +8801913233245,CodeMix,জনতা Bank থেকে urgent message। Call করুন: [PHONE],জনতা Bank থেকে urgent message। Call করুন:,12.0
smish,Apnar debit card er sima briddhi korte ekhane click korun: [debitcardlimit.com/IncreaseBD],Banglish,Apnar debit card er sima briddhi korte ekhane click korun: [URL],Apnar debit card er sima briddhi korte ekhane click korun:,2.0
smish,DXN multinational company is offering high-paying jobs with allowances. Contact urgently 01793251002,English,DXN multinational company is offering high-paying jobs with allowances. Contact urgently [PHONE],DXN multinational company is offering high-paying jobs with allowances. Contact urgently,0.0
smish,SIM card reactivation করতে call করুন: +8801915566778,CodeMix,SIM card reactivation করতে call করুন: [PHONE],SIM card reactivation করতে call করুন:,12.0
smish,আপনার ফেসবুক অ্যাকাউন্টটি অবিলম্বে আপডেট করুন। এখানে ক্লিক করুন: [facebooksecure.com/UpdateBD],Bengali,আপনার ফেসবুক অ্যাকাউন্টটি অবিলম্বে আপডেট করুন। এখানে ক্লিক করুন: [URL],আপনার ফেসবুক অ্যাকাউন্টটি অবিলম্বে আপডেট করুন। এখানে ক্লিক করুন:,14.0
smish,Your identity confirm করতে হবে। এখানে click করুন: \[identityverify.com/VerifyBD],CodeMix,Your identity confirm করতে হবে। এখানে click করুন: [URL],Your identity confirm করতে হবে। এখানে click করুন:,14.0
smish,বাংলাদেশ ব্যাংক অ্যাকাউন্ট ব্লক হয়েছে। পুনরায় চালু করতে কল করুন: +8801718788890,Bengali,বাংলাদেশ ব্যাংক অ্যাকাউন্ট ব্লক হয়েছে। পুনরায় চালু করতে কল করুন: [PHONE],বাংলাদেশ ব্যাংক অ্যাকাউন্ট ব্লক হয়েছে। পুনরায় চালু করতে কল করুন:,7.0
smish,"১৫,০০০ টাকা বিনিয়োগে ৪৫,০০০ টাকা অর্জন করুন! কল করুন: +8801913233345",Bengali,"১৫,০০০ টাকা বিনিয়োগে ৪৫,০০০ টাকা অর্জন করুন! কল করুন: [PHONE]","১৫,০০০ টাকা বিনিয়োগে ৪৫,০০০ টাকা অর্জন করুন! কল করুন:",7.0
smish,bKash account e trutti dekha diyeche. Druto shomadhan er jonno ekhane click korun: https://wa.me/8801719900112,Banglish,bKash account e trutti dekha diyeche. Druto shomadhan er jonno ekhane click korun: [URL],bKash account e trutti dekha diyeche. Druto shomadhan er jonno ekhane click korun:,2.0
promo,"Akij Food beverage factory outlet! Soft drinks, snacks 40% off. Perfect for parties and events!",English,"Akij Food beverage factory outlet! Soft drinks, snacks 40% off. Perfect for parties and events!",,
promo,25% discount on new lifestyle products! Take advantage before stock runs out.,English,25% discount on new lifestyle products! Take advantage before stock runs out.,,
normal,What will you eat? আমি মাছের কারি খাচ্ছি। তুমি?,CodeMix,What will you eat? আমি মাছের কারি খাচ্ছি। তুমি?,,
promo,Nagad app payment করলে instant cashback পাবেন। Use code: CASHBACK25,CodeMix,Nagad app payment করলে instant cashback পাবেন। Use code: CASHBACK25,,
promo,Chaldal Grocery: Order 1200TK+ get 200TK cashback using Nagad. Free home delivery within Dhaka same day.,Banglish,Chaldal Grocery: Order 1200TK+ get 200TK cashback using Nagad. Free home delivery within Dhaka same day.,,
normal,আজ কি করবেন?,Bengali,আজ কি করবেন?,,
promo,"বেবি প্রোডাক্টে স্পেশাল ডিসকাউন্ট! ডায়াপার, ফুডে ৩০% ছাড়।",Bengali,"বেবি প্রোডাক্টে স্পেশাল ডিসকাউন্ট! ডায়াপার, ফুডে ৩০% ছাড়।",,
promo,"হ্যাপি নিউ ইয়ার - ২০২৪
স্মার্ট ব্যাংকিং সেবায় সোনালী ব্যাংক
সর্বদাই আপনার পাশে
মোঃ আফজাল করিম
সিইও এন্ড এমডি",Bengali,হ্যাপি নিউ ইয়ার - ২০২৪ স্মার্ট ব্যাংকিং সেবায় সোনালী ব্যাংক সর্বদাই আপনার পাশে মোঃ আফজাল করিম সিইও এন্ড এমডি,,
normal,Ajker dinner e chicken roast banano hoilo. Sobai sathe boshe moja kore kheyechi. Maa’r haater ranna ekdom special.,Banglish,Ajker dinner e chicken roast banano hoilo. Sobai sathe boshe moja kore kheyechi. Maa’r haater ranna ekdom special.,,
normal,কেমন চলছে তোমার dayটি?,CodeMix,কেমন চলছে তোমার dayটি?,,
promo,"Bashundhara LP gas connection! Home delivery, safety guaranteed. Call 16108.",Banglish,"Bashundhara LP gas connection! Home delivery, safety guaranteed. Call 16108.",,
promo,Burger King flame grilled burgers buy 1 get 1 free today only!,English,Burger King flame grilled burgers buy 1 get 1 free today only!,,
promo,Sheikh Hasina sarkarer safollo: 2006 shale sarkari website chhilo matro 98ti. 2023 shale ta bere darieche 52 hajar 200ti.,Banglish,Sheikh Hasina sarkarer safollo: 2006 shale sarkari website chhilo matro 98ti. 2023 shale ta bere darieche 52 hajar 200ti.,,
promo,"Robi ১০০ TK recharge করলে ২০ TK bonus পান। Offer limited to first ১০০০ users, hurry up!",CodeMix,"Robi ১০০ TK recharge করলে ২০ TK bonus পান। Offer limited to first ১০০০ users, hurry up!",,
normal,"Oh, ami series gulo dekhte shuru korechi, kintu ekhon kheladhula ar ghuraghuri chhara shomoy pachhi na. Mr. Robot season 2 shuru korechi, hacking niye, besh realistic. Tobe kajer moddhe birotidewa kothin.",Banglish,"Oh, ami series gulo dekhte shuru korechi, kintu ekhon kheladhula ar ghuraghuri chhara shomoy pachhi na. Mr. Robot season 2 shuru korechi, hacking niye, besh realistic. Tobe kajer moddhe birotidewa kothin.",,
promo,"Data mixer e koro pocket saving, nao 60GB@ TK569,30din: cutt.ly/HwQzEu9E",Banglish,"Data mixer e koro pocket saving, nao 60GB@ TK569,30din: cutt.ly/HwQzEu9E",,
promo,"Full-on internet এ pocket saving,নাও ২GB@৬৯TK,৭ days- cutt.ly/CwUPKGTR",CodeMix,"Full-on internet এ pocket saving,নাও ২GB@৬৯TK,৭ days- cutt.ly/CwUPKGTR",,
normal,"সব কিছু ঠিক হয়ে যাবে, ধৈর্য ধরো।",Bengali,"সব কিছু ঠিক হয়ে যাবে, ধৈর্য ধরো।",,
normal,"Hello, কেমন আছেন আপনি?",CodeMix,"Hello, কেমন আছেন আপনি?",,
promo,"Best offer with TK200 cashback 61GB+1000min@TK699, 30 days: cutt.ly/OwG5T3ub",English,"Best offer with TK200 cashback 61GB+1000min@TK699, 30 days: cutt.ly/OwG5T3ub",,
promo,bKash app-e 2 June theke 'My Challenge' icon dekhte na peley-o bKash-er offer upovog kore cashback paben. bKash app-er shathe-i thakun.,Banglish,bKash app-e 2 June theke 'My Challenge' icon dekhte na peley-o bKash-er offer upovog kore cashback paben. bKash app-er shathe-i thakun.,,
promo,Notun client der jonno special offer! Amader service e 20% chhar.,Banglish,Notun client der jonno special offer! Amader service e 20% chhar.,,
normal,তুমি কি শপিংয়ে গেছো?,Bengali,তুমি কি শপিংয়ে গেছো?,,
normal,"প্রিয় বন্ধু রহিম, তোমার গতকালের ফোনের পর থেকেই তোমার চাকরির ইন্টারভিউর কথা ভাবছি। জানি যে তুমি অনেক প্রস্তুতি নিয়েছো এবং তোমার যোগ্যতা সম্পর্কে আমার কোন সন্দেহ নেই। আগামীকাল সকাল ১০টার ইন্টারভিউতে অবশ্যই ভালো করবে। রাতে তাড়াতাড়ি ঘুমিয়ে যেও এবং সকালে ভালো নাশতা করে যেও। আল্লাহর কাছে তোমার জন্য দোয়া করছি। সফল হওয়ার পর খবর দিও।",Bengali,"প্রিয় বন্ধু রহিম, তোমার গতকালের ফোনের পর থেকেই তোমার চাকরির ইন্টারভিউর কথা ভাবছি। জানি যে তুমি অনেক প্রস্তুতি নিয়েছো এবং তোমার যোগ্যতা সম্পর্কে আমার কোন সন্দেহ নেই। আগামীকাল সকাল ১০টার ইন্টারভিউতে অবশ্যই ভালো করবে। রাতে তাড়াতাড়ি ঘুমিয়ে যেও এবং সকালে ভালো নাশতা করে যেও। আল্লাহর কাছে তোমার জন্য দোয়া করছি। সফল হওয়ার পর খবর দিও।",,
normal,What is your favorite book?,English,What is your favorite book?,,
promo,শাহী বাজারে বিশাল ছাড়! সব গহনায় ৩০% পর্যন্ত কমতি। আজই আসুন।,Bengali,শাহী বাজারে বিশাল ছাড়! সব গহনায় ৩০% পর্যন্ত কমতি। আজই আসুন।,,
normal,আজকে অনেকদিন পর এক আত্মীয়ের সাথে দেখা হলো। সবাই আড্ডা দিল।,Bengali,আজকে অনেকদিন পর এক আত্মীয়ের সাথে দেখা হলো। সবাই আড্ডা দিল।,,
normal,Are you খেলা দেখছো?,CodeMix,Are you খেলা দেখছো?,,
normal,কালকে class এ আসবা তো? আমরা বাসা থেকে একসাথে যাই। After class coffee খেতে যেতে পারি এবং একটু chat করি,CodeMix,কালকে class এ আসবা তো? আমরা বাসা থেকে একসাথে যাই। After class coffee খেতে যেতে পারি এবং একটু chat করি,,
normal,Tumi ki boier dokane jachcho?,Banglish,Tumi ki boier dokane jachcho?,,
normal,"মামি, আপনার রেসিপি অনুযায়ী রান্না করেছি। খুব ভালো হয়েছে।",Bengali,"মামি, আপনার রেসিপি অনুযায়ী রান্না করেছি। খুব ভালো হয়েছে।",,
normal,"তুমি alone নও, আমরা সবাই তোমার পাশে আছি।",CodeMix,"তুমি alone নও, আমরা সবাই তোমার পাশে আছি।",,
normal,আজ সকালে হালকা ব্যায়াম করলাম। শরীরটা ফ্রেশ লাগছে।,Bengali,আজ সকালে হালকা ব্যায়াম করলাম। শরীরটা ফ্রেশ লাগছে।,,
promo,CNG pump new opening! First 100 customers get 10% discount on CNG fill-up. Location: Dhanmondi 27,English,CNG pump new opening! First 100 customers get 10% discount on CNG fill-up. Location: Dhanmondi 27,,
normal,"Amar account e 50 hajar taka ache, ei 01738838884 number e khola dekho check kore.",Banglish,"Amar account e 50 hajar taka ache, ei [PHONE] number e khola dekho check kore.",,
promo,TeleTalk unlimited call + ১ GB internet মাত্র ১৯৯ TK। Activate করুন আজই before offer expires।,CodeMix,TeleTalk unlimited call + ১ GB internet মাত্র ১৯৯ TK। Activate করুন আজই before offer expires।,,
promo,'E-driving license can be used by displaying it on smart mobile phones.' - BRTA,English,'E-driving license can be used by displaying it on smart mobile phones.' - BRTA,,
promo,"Great Victory Day-তে সবাইকে জানাই wishes।  
দিলীপ কুমার আগরওয়ালা",CodeMix,Great Victory Day-তে সবাইকে জানাই wishes। দিলীপ কুমার আগরওয়ালা,,
normal,"Tui Friday e jamai bodol program e ashte parbi? Sobai ashbe, khub moja hobe. Amra ranna banate plan kortesi.",Banglish,"Tui Friday e jamai bodol program e ashte parbi? Sobai ashbe, khub moja hobe. Amra ranna banate plan kortesi.",,
normal,তোমার favorite season কোনটা?,CodeMix,তোমার favorite season কোনটা?,,
normal,I always want to provide solutions for my problems.,English,I always want to provide solutions for my problems.,,
promo,Citycell recharge এ ১০% extra bonus পাবেন limited time। Don’t wait!,CodeMix,Citycell recharge এ ১০% extra bonus পাবেন limited time। Don’t wait!,,
normal,তোমার সাথে দেখা করতে চাই। Can we meet on Thursday?,CodeMix,তোমার সাথে দেখা করতে চাই। Can we meet on Thursday?,,
normal,শুভ পয়লা বৈশাখের প্রীতি ও শুভেচ্ছা!,Bengali,শুভ পয়লা বৈশাখের প্রীতি ও শুভেচ্ছা!,,
promo,"৳৩০ ক্যাশব্যাকে পকেট সেভিং- ১২জিবি+২০০মি.@৳১৬৯,৭দিন: cutt.ly/Mw59ykAZ",Bengali,"৳৩০ ক্যাশব্যাকে পকেট সেভিং- ১২জিবি+২০০মি.@৳১৬৯,৭দিন: cutt.ly/Mw59ykAZ",,
normal,"hello, apni ki korchen?",Banglish,"hello, apni ki korchen?",,
normal,Online-এ election কিভাবে করা যাবে,CodeMix,Online-এ election কিভাবে করা যাবে,,
promo,"Shop for Durga Puja with 25% discount, until October 25. 01713199270",English,"Shop for Durga Puja with 25% discount, until October 25. [PHONE]",,
normal,Send money quickly to this number 01827382739.,English,Send money quickly to this number [PHONE] .,,
normal,"Ekhon train e, network weak, message late pele sorry.",Banglish,"Ekhon train e, network weak, message late pele sorry.",,
normal,"Everything ঠিকঠাক হবে, চিন্তা করো না।",CodeMix,"Everything ঠিকঠাক হবে, চিন্তা করো না।",,
promo,Jamuna Future Park এ Puja Sale শুরু হয়েছে! সব sarees এ additional 20% cashback. Don't miss.,CodeMix,Jamuna Future Park এ Puja Sale শুরু হয়েছে! সব sarees এ additional 20% cashback. Don't miss.,,
normal,০১৬৭২৫৭২৯৩৮ number-এ bKash করুন।,CodeMix,[PHONE] number-এ bKash করুন।,,
normal,01927382894 number e call korun.,Banglish,[PHONE] number e call korun.,,
normal,"আপনার পাওনা ৬০০০/- টাকা, দ্রুত পরিশোধ করুন।",Bengali,"আপনার পাওনা ৬০০০/- টাকা, দ্রুত পরিশোধ করুন।",,
promo,Join Skitto Telegram now to not miss all cool updates: cutt.ly/NwJt7qvx,English,Join Skitto Telegram now to not miss all cool updates: cutt.ly/NwJt7qvx,,
normal,Tomar basha kototuku dure?,Banglish,Tomar basha kototuku dure?,,
normal,Kalke shopping korte jabo Bashundhara City te. Tui ki free? Amra ek sathe giye dekhte pari new collections.,Banglish,Kalke shopping korte jabo Bashundhara City te. Tui ki free? Amra ek sathe giye dekhte pari new collections.,,
promo,Bonus সহ 2GB-TK 35-7 days। Dial *121*5037# বা mygp.li/mo,CodeMix,Bonus সহ 2GB-TK 35-7 days। Dial *121*5037# বা mygp.li/mo,,
normal,How are your siblings?,English,How are your siblings?,,
promo,"May 17 World Telecommunication and Information Society Day, 2023 theme Development of Information and Communication Technology",English,"May 17 World Telecommunication and Information Society Day, 2023 theme Development of Information and Communication Technology",,
normal,ভালোবাসা খুব দামী জিনিস। যত্ন করে রাখতে হয়। কারন ভালোবাশা একবার হারিয়ে গেলে জীবনে আর কোনো দিন ফিরে পাওয়া যায় না।,Bengali,ভালোবাসা খুব দামী জিনিস। যত্ন করে রাখতে হয়। কারন ভালোবাশা একবার হারিয়ে গেলে জীবনে আর কোনো দিন ফিরে পাওয়া যায় না।,,
promo,রবিতে নতুন প্যাকেজ! ৩০ দিনের জন্য আনলিমিটেড কল মাত্র ২৯৯ টাকা। *১২৩*৩*৪# ডায়াল করুন।,Bengali,রবিতে নতুন প্যাকেজ! ৩০ দিনের জন্য আনলিমিটেড কল মাত্র ২৯৯ টাকা। *১২৩*৩*৪# ডায়াল করুন।,,
promo,Up to 50% discount on all books at Rokomari.com। ৳600 এর উপরের orders এর জন্য free home delivery।,CodeMix,Up to 50% discount on all books at [URL] ৳600 এর উপরের orders এর জন্য free home delivery।,,
normal,What work are you doing now?,English,What work are you doing now?,,
promo,"সপ্তাহজুড়ে pro-level internet, নাও ২৫GB@২১৯TK: cutt.ly/2wEyml8b",CodeMix,"সপ্তাহজুড়ে pro-level internet, নাও ২৫GB@২১৯TK: cutt.ly/2wEyml8b",,
normal,০১৬৭২৫৭৩৮৫৭ নাম্বারে বিকাশ করুন।,Bengali,[PHONE] নাম্বারে বিকাশ করুন।,,
normal,শুভ সরস্বতী পূজা!,Bengali,শুভ সরস্বতী পূজা!,,
normal," তাওহীদ হলো সমস্ত দোয়া, সমস্ত কান্নাকাটি, সাহায্য চেয়ে সমস্ত আবেদন, সমস্ত আশা এবং সকল কল্যাণের আগমন ও সকল ক্ষতি নিবারণের জন্য প্রার্থনা অন্য কেউ নয় বরং কেবলই আল্লাহর উদ্দেশ্যে হতে হবে। - [ইমাম মুহাম্মাদ আলী আশ-শাওকানী (আল দূর আল-নাদিদ)]",Bengali,"তাওহীদ হলো সমস্ত দোয়া, সমস্ত কান্নাকাটি, সাহায্য চেয়ে সমস্ত আবেদন, সমস্ত আশা এবং সকল কল্যাণের আগমন ও সকল ক্ষতি নিবারণের জন্য প্রার্থনা অন্য কেউ নয় বরং কেবলই আল্লাহর উদ্দেশ্যে হতে হবে। - [ইমাম মুহাম্মাদ আলী আশ-শাওকানী (আল দূর আল-নাদিদ)]",,
normal,আজকে কি plan?,CodeMix,আজকে কি plan?,,
promo,Daraz 11.11-te nagode 15% porjonto cashback + free delivery. https://click.daraz.com.bd/e/_CUeCuf shartto projojjo,Banglish,Daraz 11.11-te nagode 15% porjonto cashback + free delivery. [URL] shartto projojjo,,
normal,Ajke flat e load shedding holo 2 ghonta. Sobai roof e boshe adda marlo. Hawa enjoy korlam.,Banglish,Ajke flat e load shedding holo 2 ghonta. Sobai roof e boshe adda marlo. Hawa enjoy korlam.,,
promo,Bkash app theke nao tomar pochonder skitto packs eikhoni: cutt.ly/Zwcqh6YQ,Banglish,Bkash app theke nao tomar pochonder skitto packs eikhoni: cutt.ly/Zwcqh6YQ,,
promo,Special discount: 5% off all laptops. Limited stock.,English,Special discount: 5% off all laptops. Limited stock.,,
promo,"Robi recharge ২০০ TK এবং ৭০ TK bonus। First ১০০০ users only, hurry up claim today",CodeMix,"Robi recharge ২০০ TK এবং ৭০ TK bonus। First ১০০০ users only, hurry up claim today",,
normal,"Be patient, good times will come.",English,"Be patient, good times will come.",,
normal,"চাচা, তুমি কি farmhouse এ যাবে? Can you drop me at Savar on your way?",CodeMix,"চাচা, তুমি কি farmhouse এ যাবে? Can you drop me at Savar on your way?",,
promo,"Summer collection: সব t-shirts, jeans, এবং shoes ২০% discount। Shop online অথবা nearest store visit করুন",CodeMix,"Summer collection: সব t-shirts, jeans, এবং shoes ২০% discount। Shop online অথবা nearest store visit করুন",,
promo,ক্যাশব্যাক পাও upto 99tk! skitto app থেকে চিল ডিলে- cutt.ly/aAhiAsI,Bengali,ক্যাশব্যাক পাও upto 99tk! skitto app থেকে চিল ডিলে- cutt.ly/aAhiAsI,,
promo,Shorbojonin pension scheme-e nibondhon korun; unnoto o kollano rasto gothone abdan rakhun - Jatiyo Pension Kortripokh.,Banglish,Shorbojonin pension scheme-e nibondhon korun; unnoto o kollano rasto gothone abdan rakhun - Jatiyo Pension Kortripokh.,,
normal,Exercise করতে habit করতে হবে।,CodeMix,Exercise করতে habit করতে হবে।,,
promo,"আমার টাকায় আমার সেতু, Bangladesh-এর Padma Bridge। একটি স্বপ্নের unveiling। 25 June মাননীয় Prime Minister স্বপ্নের Padma Bridge শুভ inauguration করবেন। চোখ রাখুন, BTV, সকাল 10 টায়। Bangladesh Bridge Authority, সেতু বিভাগ।",CodeMix,"আমার টাকায় আমার সেতু, Bangladesh-এর Padma Bridge। একটি স্বপ্নের unveiling। 25 June মাননীয় Prime Minister স্বপ্নের Padma Bridge শুভ inauguration করবেন। চোখ রাখুন, BTV, সকাল 10 টায়। Bangladesh Bridge Authority, সেতু বিভাগ।",,
normal,I want to work as a director of an organization.,English,I want to work as a director of an organization.,,
normal,I want to come home for this journey.,English,I want to come home for this journey.,,
normal,Tomar pashe ekta pathori achhe. Dhonnobad.,Banglish,Tomar pashe ekta pathori achhe. Dhonnobad.,,
promo,"Pran RFL plastic chair and table set! Durable quality, special price 2800 TK. All showrooms available!",English,"Pran RFL plastic chair and table set! Durable quality, special price 2800 TK. All showrooms available!",,
promo,Only TK97 for 30 days World Cup Cricket + 1GB data: cutt.ly/YwmtpRRj,English,Only TK97 for 30 days World Cup Cricket + 1GB data: cutt.ly/YwmtpRRj,,
promo,"Mega cashback 250TK! Nao-60GB+1600mi.@749TK, 30din: cutt.ly/yeqcP3pE",Banglish,"Mega cashback 250TK! Nao-60GB+1600mi.@749TK, 30din: cutt.ly/yeqcP3pE",,
normal,01672573851 number-e bKash korun.,Banglish,[PHONE] number-e bKash korun.,,
promo,MensWorld Bashundhara City নতুন branch opening এ flat 30% discount! cutt.ly/fmw,CodeMix,MensWorld Bashundhara City নতুন branch opening এ flat 30% discount! cutt.ly/fmw,,
normal,আজকে তোমার দিন কেমন কাটছে?,Bengali,আজকে তোমার দিন কেমন কাটছে?,,
promo,"হটশট ক্যাশব্যাক ৳১৮! হটস্পট ডিলে ২২জিবি@৳১৭৯, ৭দিন: cutt.ly/fwLo4TBP",Bengali,"হটশট ক্যাশব্যাক ৳১৮! হটস্পট ডিলে ২২জিবি@৳১৭৯, ৭দিন: cutt.ly/fwLo4TBP",,
promo,<#> আপনার MyGP pin (code) হচ্ছে: 7433. verify করতে এই pin-টি ব্যবহার করুন. অপব্যবহার ঠেকাতে এই pin-টি forward অথবা কারো সাথে share করবেন না FyXTPoy9ZDa,CodeMix,<#> আপনার MyGP pin (code) হচ্ছে: 7433. verify করতে এই pin-টি ব্যবহার করুন. অপব্যবহার ঠেকাতে এই pin-টি forward অথবা কারো সাথে share করবেন না FyXTPoy9ZDa,,
normal,না বললে জানতামই না,Bengali,না বললে জানতামই না,,
normal,বৃষ্টি না থাকলে খুব গরম হয়।,Bengali,বৃষ্টি না থাকলে খুব গরম হয়।,,
normal,Say something to me. I like your words.,English,Say something to me. I like your words.,,
normal,তুমি কি city-তে যাচ্ছো?,CodeMix,তুমি কি city-তে যাচ্ছো?,,
normal,"আপনার account থেকে ১৫০০/- টাকা কাটা হয়েছে, বিস্তারিত জানতে call করুন।",CodeMix,"আপনার account থেকে ১৫০০/- টাকা কাটা হয়েছে, বিস্তারিত জানতে call করুন।",,
normal,"Apnar payment baki achhe, 01728273819 taka pathan.",Banglish,"Apnar payment baki achhe, [PHONE] taka pathan.",,
normal,"আমি ঠিক আছি, ধন্যবাদ।",Bengali,"আমি ঠিক আছি, ধন্যবাদ।",,
promo,"50TK cashback-e pro-level data deal 50GB@448TK, 30din cutt.ly/nwMwL8Y1",Banglish,"50TK cashback-e pro-level data deal 50GB@448TK, 30din cutt.ly/nwMwL8Y1",,
promo,"New deal for chatting+internetting 10GB+250min@258TK, 30 days cutt.ly/wwCctHGF",English,"New deal for chatting+internetting 10GB+250min@258TK, 30 days cutt.ly/wwCctHGF",,
normal,শুভ মহালয়া!,Bengali,শুভ মহালয়া!,,
promo,"Purbachal সংলগ্ন Navana'র ৩,৫ ও ১০ কাঠার plot কিনুন – ০১৮৪৭-২১৪০১৮",CodeMix,"Purbachal সংলগ্ন Navana'র ৩,৫ ও ১০ কাঠার plot কিনুন – [PHONE]",,
promo,"Banglalink গ্রাহক, ১০০ টাকার রিচার্জে ২৫ মিনিট ফ্রি।",Bengali,"Banglalink গ্রাহক, ১০০ টাকার রিচার্জে ২৫ মিনিট ফ্রি।",,
normal,আপনার দিন কেমন কাটছে?,Bengali,আপনার দিন কেমন কাটছে?,,
promo,TK150 cashback best offer: 61GB+1000min@TK749 for 30 days: cutt.ly/NwYKElsc,English,TK150 cashback best offer: 61GB+1000min@TK749 for 30 days: cutt.ly/NwYKElsc,,
normal,"কি খবর, hi?",CodeMix,"কি খবর, hi?",,
promo,Robi-তে মাসিক ইন্টারনেট প্যাক ৫০জিবি মাত্র ৪৯৯ টাকা। ডায়াল করুন *123*499#।,Bengali,Robi-তে মাসিক ইন্টারনেট প্যাক ৫০জিবি মাত্র ৪৯৯ টাকা। ডায়াল করুন *123*499#।,,
normal,Bondhu ekhon ki korcho? Bore lagche khub.,Banglish,Bondhu ekhon ki korcho? Bore lagche khub.,,
normal,আজকে কি প্ল্যান?,Bengali,আজকে কি প্ল্যান?,,
normal,তুমি কি lunch করতে এসেছ? I was waiting.,CodeMix,তুমি কি lunch করতে এসেছ? I was waiting.,,
promo,Shwapno Festive Sale: Buy 5kg atta and get 1kg sugar free. Valid this week only.,Banglish,Shwapno Festive Sale: Buy 5kg atta and get 1kg sugar free. Valid this week only.,,
promo,Walton smartphone কিনলে gift voucher পাবেন TK 500। Order করুন আজই!,CodeMix,Walton smartphone কিনলে gift voucher পাবেন TK 500। Order করুন আজই!,,
promo,Bonus offer: 1GB-30TK-3days. Dial *121*5215# or https://mygp.li/mo,English,Bonus offer: 1GB-30TK-3days. Dial *121*5215# or [URL],,
normal,Tomar priyo utsob ki?,Banglish,Tomar priyo utsob ki?,,
normal,আমি অনেক সময় meet করার মধ্যে realize করি তা হল আমি একটি great এবং আমি অন্য matter-এর মধ্যে আমার love-এর invitation দিতে পারি।,CodeMix,আমি অনেক সময় meet করার মধ্যে realize করি তা হল আমি একটি great এবং আমি অন্য matter-এর মধ্যে আমার love-এর invitation দিতে পারি।,,
promo,Mensworld now in new form at Bashundhara City Apparel Zone. Level-8 01896001903,English,Mensworld now in new form at Bashundhara City Apparel Zone. Level- [PHONE],,
promo,বিশাল সেভিংস! হোম ডেকোরেশন আইটেমে ৪৫% পর্যন্ত ছাড়। শুধু আজ!,Bengali,বিশাল সেভিংস! হোম ডেকোরেশন আইটেমে ৪৫% পর্যন্ত ছাড়। শুধু আজ!,,
normal,Kalke school er assembly te Adhika ekta poem recite korlo. She khub confident chhilo ar sobai clap korlo. Amra khub proud feel korlam.,Banglish,Kalke school er assembly te Adhika ekta poem recite korlo. She khub confident chhilo ar sobai clap korlo. Amra khub proud feel korlam.,,
promo,বোনাস সহ ২জিবি-৪৫টাকা-৩দিন। ডায়াল *১২১*৫৫৩৪# বা mygp.li/my,Bengali,বোনাস সহ ২জিবি-৪৫টাকা-৩দিন। ডায়াল *১২১*৫৫৩৪# বা mygp.li/my,,
promo,LOTO-তে শুধুমাত্র আজকের offer নির্দিষ্ট product-এ ১টি কিনলে ১টি free,CodeMix,LOTO-তে শুধুমাত্র আজকের offer নির্দিষ্ট product-এ ১টি কিনলে ১টি free,,
normal,"Kalke amader plan chilo Bashundhara City shopping jabar, kintu amar khub jor hoye gelo tai jete parlam na. Tore sathe ekdom shopping korte parina. Chai amra abar ekta din fix kori ar boro adda dei.",Banglish,"Kalke amader plan chilo Bashundhara City shopping jabar, kintu amar khub jor hoye gelo tai jete parlam na. Tore sathe ekdom shopping korte parina. Chai amra abar ekta din fix kori ar boro adda dei.",,
normal,"Ei 01782973783 number-e call back kor, amar taka nai",Banglish,"Ei [PHONE] number-e call back kor, amar taka nai",,
normal,শুভ রথযাত্রা!,Bengali,শুভ রথযাত্রা!,,
normal,Maa bolse bazar theke shutki niye ashte. Tui asbi?,Banglish,Maa bolse bazar theke shutki niye ashte. Tui asbi?,,
normal,Where is your time going?,English,Where is your time going?,,
normal,"তুমি পারবে, just try করো।",CodeMix,"তুমি পারবে, just try করো।",,
promo,"Pro-level ৳100 cashback-এ 35GB+500min.@৳399,30দিন cutt.ly/2wQlYv6U",CodeMix,"Pro-level ৳100 cashback-এ 35GB+500min.@৳399,30দিন cutt.ly/2wQlYv6U",,
normal,Apni ki korchen?,Banglish,Apni ki korchen?,,
promo,Bonus offer: 7GB-130TK-30days. Dial *121*5469# or visit mygp.li/mo,English,Bonus offer: 7GB-130TK-30days. Dial *121*5469# or visit mygp.li/mo,,
normal,"Hello, কি খবর?",CodeMix,"Hello, কি খবর?",,
normal,তুমি কি গতকাল নতুন সিনেমাটা দেখেছো? সবাই বলছে খুব ভালো হয়েছে।,Bengali,তুমি কি গতকাল নতুন সিনেমাটা দেখেছো? সবাই বলছে খুব ভালো হয়েছে।,,
normal,What to eat? Fish curry. What do you like?,English,What to eat? Fish curry. What do you like?,,
normal,আমাকে call দিন ০১৭২৪৩৮৩৯৮৭ এই নম্বরে,CodeMix,আমাকে call দিন [PHONE] এই নম্বরে,,
promo,Shohoz Tickets দিয়ে ট্রেন টিকিট কিনলে পাচ্ছেন ১২% ডিসকাউন্ট। কোড: TRAIN12।,Bengali,Shohoz Tickets দিয়ে ট্রেন টিকিট কিনলে পাচ্ছেন ১২% ডিসকাউন্ট। কোড: TRAIN12।,,
normal,Thanks for the thoughtful birthday gift! It's exactly what I wanted. You know me so well always.,English,Thanks for the thoughtful birthday gift! It's exactly what I wanted. You know me so well always.,,
normal,"Kal ratre ghumate pari ni, continuous cough e.",Banglish,"Kal ratre ghumate pari ni, continuous cough e.",,
normal,Shubho soptaher prothom din!,Banglish,Shubho soptaher prothom din!,,
promo,"Banglalink গ্রাহকদের জন্য আজকের স্পেশাল অফার! ৩ জিবি মাত্র ৩৯ টাকা, বৈধতা ৩ দিন। এখনই ডায়াল করুন *5000*39# এবং উপভোগ করুন দ্রুত ইন্টারনেট।",Bengali,"Banglalink গ্রাহকদের জন্য আজকের স্পেশাল অফার! ৩ জিবি মাত্র ৩৯ টাকা, বৈধতা ৩ দিন। এখনই ডায়াল করুন *5000*39# এবং উপভোগ করুন দ্রুত ইন্টারনেট।",,
promo,"Brac Bank home loan special! 8.5% interest rate, 25 year tenure. Own your dream home today!",English,"Brac Bank home loan special! 8.5% interest rate, 25 year tenure. Own your dream home today!",,
normal,আজ সকালে প্রচুর বৃষ্টি হচ্ছিলো। জানালা খুলে চা খেতে খেতে গান শুনছিলাম। মনে হচ্ছিলো পুরো দিনটা আরাম করে কাটাই।,Bengali,আজ সকালে প্রচুর বৃষ্টি হচ্ছিলো। জানালা খুলে চা খেতে খেতে গান শুনছিলাম। মনে হচ্ছিলো পুরো দিনটা আরাম করে কাটাই।,,
normal,আপনার mama phone করেছিল? I didn’t get any message।,CodeMix,আপনার mama phone করেছিল? I didn’t get any message।,,
normal,Are you গাড়ি চালাচ্ছো?,CodeMix,Are you গাড়ি চালাচ্ছো?,,
promo,Yellow taxi app launch! First ride 50% off. Download and enjoy.,Banglish,Yellow taxi app launch! First ride 50% off. Download and enjoy.,,
promo,BRAC Bank credit card launched! 0% interest at only 4567 TK. Apply today!,English,BRAC Bank credit card launched! 0% interest at only 4567 TK. Apply today!,,
promo,"Hatil furniture mega sale! Bedroom, dining, living room sets 40% discount. EMI facility available!",English,"Hatil furniture mega sale! Bedroom, dining, living room sets 40% discount. EMI facility available!",,
normal,০১৭৩৮২৭৩৮২৮ এই নাম্বারে জরুরি টাকা পাঠান।,Bengali,[PHONE] এই নাম্বারে জরুরি টাকা পাঠান।,,
promo,100' Madani Avenue Army Housing (Jalsiri) adjacent plot 5 lakh 01894841729,English,100' Madani Avenue Army Housing (Jalsiri) adjacent plot 5 lakh [PHONE],,
promo,79 paisa per minute call rate offer for 15 days. Recharge with 119TK.,English,79 paisa per minute call rate offer for 15 days. Recharge with 119TK.,,
promo,Walton smart TV কিনলে gift voucher পাবেন TK 500 এর। Order করুন আজই!,CodeMix,Walton smart TV কিনলে gift voucher পাবেন TK 500 এর। Order করুন আজই!,,
promo,Green Delta Insurance health policy! Family coverage 5 lakh at 8000 TK annually. Secure your future!,English,Green Delta Insurance health policy! Family coverage 5 lakh at 8000 TK annually. Secure your future!,,
promo,"৳৪১৯ এ ৳৪৯৯ এর অফার! নাও ৩৫জিবি+৫০০মি.,৩০দিন: cutt.ly/4w77ohWY",Bengali,"৳৪১৯ এ ৳৪৯৯ এর অফার! নাও ৩৫জিবি+৫০০মি.,৩০দিন: cutt.ly/4w77ohWY",,
normal,কেমন আছো?,Bengali,কেমন আছো?,,
normal,শুভ ভালোবাসা দিবস!,Bengali,শুভ ভালোবাসা দিবস!,,
normal,Tumi ki shohore jachcho?,Banglish,Tumi ki shohore jachcho?,,
promo,"বেশি বেশি chat+internet,নাও 5GB+150min@৳১৫৯,7দিন cutt.ly/owEyhCVt",CodeMix,"বেশি বেশি chat+internet,নাও 5GB+150min@৳১৫৯,7দিন cutt.ly/owEyhCVt",,
normal,Your car servicing deadline has expired. Contact quickly 01876543321.,English,Your car servicing deadline has expired. Contact quickly [PHONE] .,,
normal,The movie we watched yesterday was really thought-provoking.,English,The movie we watched yesterday was really thought-provoking.,,
normal,নমস্কার!,Bengali,নমস্কার!,,
normal,"বন্ধু, Sunday picnic এর জন্য plan ঠিক করেছো কি? আমরা early morning বের হবো, Let’s coordinate।",CodeMix,"বন্ধু, Sunday picnic এর জন্য plan ঠিক করেছো কি? আমরা early morning বের হবো, Let’s coordinate।",,
promo,"লি কুপার লন্ডনের
উইন্টার কালেকশন
মোকাসিন সু, পোলো শার্ট, জিন্স
জলদি",Bengali,"লি কুপার লন্ডনের উইন্টার কালেকশন মোকাসিন সু, পোলো শার্ট, জিন্স জলদি",,
promo,"Hotshot cashback TK18! 22GB@TK179 in hotspot deal, 7 days: cutt.ly/fwLo4TBP",English,"Hotshot cashback TK18! 22GB@TK179 in hotspot deal, 7 days: cutt.ly/fwLo4TBP",,
normal,Hope the job interview goes well today! You're well qualified and I'm confident you'll impress them.,English,Hope the job interview goes well today! You're well qualified and I'm confident you'll impress them.,,
normal,আমি একটি বাংলা ছোট গল্প পড়তে চাই।,Bengali,আমি একটি বাংলা ছোট গল্প পড়তে চাই।,,
promo,"এয়ারটেলের বিপ্লবী অফার - 'স্মার্ট স্টুডেন্ট প্যাক'! বিশেষভাবে ছাত্র-ছাত্রীদের জন্য ডিজাইন করা এই প্যাকেজে মাত্র ২৪৯ টাকায় পাবেন ২৫ জিবি ইন্টারনেট, সব নেটওয়ার্কে ১৫০ মিনিট কল, এবং ৫০০ SMS। বিশেষ বোনাস হিসেবে পাবেন শিক্ষামূলক অ্যাপ যেমন Khan Academy, Coursera এবং Udemy তে আনলিমিটেড এক্সেস। এছাড়াও রাত ১২টা থেকে ভোর ৬টা পর্যন্ত সব ডেটা ফ্রি। এই অফার শুধুমাত্র স্টুডেন্ট ID কার্ড দেখিয়ে নিতে পারবেন।",Bengali,"এয়ারটেলের বিপ্লবী অফার - 'স্মার্ট স্টুডেন্ট প্যাক'! বিশেষভাবে ছাত্র-ছাত্রীদের জন্য ডিজাইন করা এই প্যাকেজে মাত্র ২৪৯ টাকায় পাবেন ২৫ জিবি ইন্টারনেট, সব নেটওয়ার্কে ১৫০ মিনিট কল, এবং ৫০০ SMS। বিশেষ বোনাস হিসেবে পাবেন শিক্ষামূলক অ্যাপ যেমন Khan Academy, Coursera এবং Udemy তে আনলিমিটেড এক্সেস। এছাড়াও রাত ১২টা থেকে ভোর ৬টা পর্যন্ত সব ডেটা ফ্রি। এই অফার শুধুমাত্র স্টুডেন্ট ID কার্ড দেখিয়ে নিতে পারবেন।",,
normal,"আপনার বিদ্যুৎ বিল বাকি ৯৫০/- টাকা, জলদি পরিশোধ করুন।",Bengali,"আপনার বিদ্যুৎ বিল বাকি ৯৫০/- টাকা, জলদি পরিশোধ করুন।",,
normal,Hope your medical checkup goes well tomorrow. I'm sure everything will be fine. Take care!,English,Hope your medical checkup goes well tomorrow. I'm sure everything will be fine. Take care!,,
normal,তোমার প্রতিভা অসাধারণ।,Bengali,তোমার প্রতিভা অসাধারণ।,,
promo,"ফাগুনের গুনগুন ডিল নাও- ১৩জিবি@১১৩৳, ৩দিন: cutt.ly/0wVxZ5vA",Bengali,"ফাগুনের গুনগুন ডিল নাও- ১৩জিবি@১১৩৳, ৩দিন: cutt.ly/0wVxZ5vA",,
promo,"200TK cashback shudhu ajker jonno- 61GB+1000min@TK699, 30din: cutt.ly/FwQhpKHc",Banglish,"200TK cashback shudhu ajker jonno- 61GB+1000min@TK699, 30din: cutt.ly/FwQhpKHc",,
promo,"Robi Music Pack মাত্র ২৫ টাকা, বৈধতা ৭ দিন। সক্রিয় করতে *123*25#।",Bengali,"Robi Music Pack মাত্র ২৫ টাকা, বৈধতা ৭ দিন। সক্রিয় করতে *123*25#।",,
promo,"Ummah shop theke je kono dhornor kenakaba korley panchhen 20% porjonto bonus, Faridpur shokor.",Banglish,"Ummah shop theke je kono dhornor kenakaba korley panchhen 20% porjonto bonus, Faridpur shokor.",,
normal,Tomar priyo rong ki?,Banglish,Tomar priyo rong ki?,,
normal,Thanks for being such a supportive friend during tough times. Your encouragement means everything to me always.,English,Thanks for being such a supportive friend during tough times. Your encouragement means everything to me always.,,
normal,০১৮২৭২৮৩৯৬২ নাম্বারে কল করুন।,Bengali,[PHONE] নাম্বারে কল করুন।,,
promo,সীমিত সময়ের অফার! ৪০জিবি (বোনাসসহ) ৫০০টাকা ৩০দিন।ডায়াল *১২১*৫০৪৯# বা mygp.li/mo,Bengali,সীমিত সময়ের অফার! ৪০জিবি (বোনাসসহ) ৫০০টাকা ৩০দিন।ডায়াল *১২১*৫০৪৯# বা mygp.li/mo,,
promo,Shimito shomoyer offer! 40GB (bonus shoho) 500taka 30din.Dial *121*5049# ba mygp.li/mo,Banglish,Shimito shomoyer offer! 40GB (bonus shoho) 500taka 30din.Dial *121*5049# ba mygp.li/mo,,
promo,"118TK cashback on 118TK recharge from Nagad to GP! May 6, 3pm-7pm, first come first served. Plus 5GB for 7 days! Dial *167#",English,"118TK cashback on 118TK recharge from Nagad to GP! May 6, 3pm-7pm, first come first served. Plus 5GB for 7 days! Dial *167#",,
normal,Tomar din kemon cholche?,Banglish,Tomar din kemon cholche?,,
normal,তুমি কি রান্না করছো?,Bengali,তুমি কি রান্না করছো?,,
promo,Banglalink ultranet saver: 2GB + 100 min call pack only 98TK. Validity 7 days. Dial *222*98# to activate now.,Banglish,Banglalink ultranet saver: 2GB + 100 min call pack only 98TK. Validity 7 days. Dial *222*98# to activate now.,,
promo,Dhonir hate ki uthbe trophy? Dekhun IPL final cutt.ly/ywqDAPVv,Banglish,Dhonir hate ki uthbe trophy? Dekhun IPL final cutt.ly/ywqDAPVv,,
normal,কালকে class এ আসবে? আমরা বাসা থেকে একসাথে যাই। After class coffee খেতে যেতে পারি,CodeMix,কালকে class এ আসবে? আমরা বাসা থেকে একসাথে যাই। After class coffee খেতে যেতে পারি,,
normal,Raysha ajke onek moja kore mathay rong tullo diye khelar modhye boshe chilo. Khub cute lagchilo. Tore ek din dekhabo.,Banglish,Raysha ajke onek moja kore mathay rong tullo diye khelar modhye boshe chilo. Khub cute lagchilo. Tore ek din dekhabo.,,
promo,Standard Chartered priority banking! Exclusive services for deposits above 10 lakh. Apply: 16203!,English,Standard Chartered priority banking! Exclusive services for deposits above 10 lakh. Apply: 16203!,,
normal,aj ki korle shomoy gojbe?,Banglish,aj ki korle shomoy gojbe?,,
promo,"Best offer with TK 200 cashback: 61GB+1000min@TK 699, 30 days: cutt.ly/FwQhpKHc",English,"Best offer with TK 200 cashback: 61GB+1000min@TK 699, 30 days: cutt.ly/FwQhpKHc",,
normal,Are you going to the mountains?,English,Are you going to the mountains?,,
promo,"Robi Music App সাবস্ক্রিপশন প্রথম মাস মাত্র ৯ টাকা। আপনার প্রিয় গান শুনুন, ডাউনলোড করুন আর বন্ধুদের সাথে শেয়ার করুন। সক্রিয় করতে *888# ডায়াল করুন।",Bengali,"Robi Music App সাবস্ক্রিপশন প্রথম মাস মাত্র ৯ টাকা। আপনার প্রিয় গান শুনুন, ডাউনলোড করুন আর বন্ধুদের সাথে শেয়ার করুন। সক্রিয় করতে *888# ডায়াল করুন।",,
normal,"Tumi shoktishali, tumi parbe.",Banglish,"Tumi shoktishali, tumi parbe.",,
promo,"Best offer with TK180 cashback 61GB+1000min@TK719, 30days: cutt.ly/wwE5YMXC",English,"Best offer with TK180 cashback 61GB+1000min@TK719, 30days: cutt.ly/wwE5YMXC",,
promo,উবার বিশেষ ছাড়! প্রথম ১০ রাইডে ৫০% পর্যন্ত ছাড়। প্রোমো কোড: UBER50,Bengali,উবার বিশেষ ছাড়! প্রথম ১০ রাইডে ৫০% পর্যন্ত ছাড়। প্রোমো কোড: UBER50,,
promo,"Sheikh Hasina sorkarer safolyo: 
2006 sale samajik niroapotta khate boraddo chilo matro 2 hajar 505 koti taka. 2023 sale bere dariyeche 1 lokkho 26 hajar 272 koti taka.",Banglish,Sheikh Hasina sorkarer safolyo: 2006 sale samajik niroapotta khate boraddo chilo matro 2 hajar 505 koti taka. 2023 sale bere dariyeche 1 lokkho 26 hajar 272 koti taka.,,
normal,তুমি amake ki bolte chao?,CodeMix,তুমি amake ki bolte chao?,,
promo,"Othoba.com এ electronic shopping করুন এবং পাচ্ছেন free installation on ACs. Today only, shop now!",CodeMix,"[URL] এ electronic shopping করুন এবং পাচ্ছেন free installation on ACs. Today only, shop now!",,
promo,"Lee Cooper-e
shokol shirt, jeans, gabardin
flat 50% chhad
Shopper",Banglish,"Lee Cooper-e shokol shirt, jeans, gabardin flat 50% chhad Shopper",,
normal,"Hyan, boshe thakle shomoy katano kothin hoy. Ami YouTube-eo dekhechi, abar Dark series-eo chilo.",Banglish,"Hyan, boshe thakle shomoy katano kothin hoy. Ami YouTube-eo dekhechi, abar Dark series-eo chilo.",,
promo,"[Pathao] Delivery charge now TK30!
Pathao Food's delivery charge is back to TK30.
Order now on Pathao Food: https://cutt.ly/QNMk4Eg",English,[Pathao] Delivery charge now TK30! Pathao Food's delivery charge is back to TK30. Order now on Pathao Food: [URL],,
promo,Flat 50% discount on today's grand opening of Dhanmondi branch! 01896001929 cutt.ly/fmw,English,Flat 50% discount on today's grand opening of Dhanmondi branch! [PHONE] cutt.ly/fmw,,
normal,"Bondhu ekhane weather khub thanda, jacket niye asho.",Banglish,"Bondhu ekhane weather khub thanda, jacket niye asho.",,
normal,Call this number 01827283962.,English,Call this number [PHONE] .,,
normal,Ajker meeting kemon chhilo?,Banglish,Ajker meeting kemon chhilo?,,
normal,তুমি কি সমুদ্রে যাচ্ছো?,Bengali,তুমি কি সমুদ্রে যাচ্ছো?,,
promo,"For full-on chatting+interneting 61GB+1000min@TK899, 30 days cutt.ly/LwEXIUPL",English,"For full-on chatting+interneting 61GB+1000min@TK899, 30 days cutt.ly/LwEXIUPL",,
promo,"৪০৳ ক্যাশব্যাক! ৪৬জিবি @৪৫৮৳, ৩০দিন, নিয়ে নাও এখনই: cutt.ly/GwWYCCfJ",Bengali,"৪০৳ ক্যাশব্যাক! ৪৬জিবি @৪৫৮৳, ৩০দিন, নিয়ে নাও এখনই: cutt.ly/GwWYCCfJ",,
normal,"Power is like sunlight, some get enlightened by it and some get burned and destroyed.",English,"Power is like sunlight, some get enlightened by it and some get burned and destroyed.",,
promo,DBBL online banking payment করুন এবং exclusive reward points পান। Register now এবং future bill pay এ benefit enjoy করুন,CodeMix,DBBL online banking payment করুন এবং exclusive reward points পান। Register now এবং future bill pay এ benefit enjoy করুন,,
normal,আমার শরীরটা আজকে খুব খারাপ লাগছে। মাথা ব্যথা আর জ্বর এসেছে। মনে হচ্ছে কাল অফিসে যেতে পারবো না।,Bengali,আমার শরীরটা আজকে খুব খারাপ লাগছে। মাথা ব্যথা আর জ্বর এসেছে। মনে হচ্ছে কাল অফিসে যেতে পারবো না।,,
normal,"Ei weather e cha khete mon chache, cafe jabo?",Banglish,"Ei weather e cha khete mon chache, cafe jabo?",,
normal,Send money to number 01672583987.,English,Send money to number [PHONE] .,,
promo,"Call duration 00:00:44, charged 0.92 TK, remaining balance is 0.41 TK",English,"Call duration 00:00:44, charged 0.92 TK, remaining balance is 0.41 TK",,
normal,আমার জন্য একটু অপেক্ষা করো। I am running late। 20 minutes এর মধ্যে চলে আসছি।,CodeMix,আমার জন্য একটু অপেক্ষা করো। I am running late। 20 minutes এর মধ্যে চলে আসছি।,,
normal,"এমন দু’টি নিয়ামত আছে, যে দু’টোতে অধিকাংশ মানুষ ক্ষতিগ্রস্ত। তা হচ্ছে, সুস্থতা আর অবসর। - [মুহাম্মাদ (সা)]",Bengali,"এমন দু’টি নিয়ামত আছে, যে দু’টোতে অধিকাংশ মানুষ ক্ষতিগ্রস্ত। তা হচ্ছে, সুস্থতা আর অবসর। - [মুহাম্মাদ (সা)]",,
normal,"খালু, আপনার স্বাস্থ্য কেমন? নিয়মিত চেকআপ করাচ্ছেন তো?",Bengali,"খালু, আপনার স্বাস্থ্য কেমন? নিয়মিত চেকআপ করাচ্ছেন তো?",,
normal,The book you recommended was fantastic! Do you have any other similar suggestions for me?,English,The book you recommended was fantastic! Do you have any other similar suggestions for me?,,
promo,Restaurant-এ খাওয়ার উপর ১৫% ছাড়! offer-টি সীমিত সময়ের জন্য। আজই আসুন!,CodeMix,Restaurant-এ খাওয়ার উপর ১৫% ছাড়! offer-টি সীমিত সময়ের জন্য। আজই আসুন!,,
normal,"Amar mobile er charger kharap hoye geche, tai pura din khub problematic laglo. Kalke ekta new charger kinbo. Tui jodi free thakish, sathe chalish.",Banglish,"Amar mobile er charger kharap hoye geche, tai pura din khub problematic laglo. Kalke ekta new charger kinbo. Tui jodi free thakish, sathe chalish.",,
normal,Call this number 01729173849.,English,Call this number [PHONE] .,,
normal,"আজকে traffic jam, I will be late.",CodeMix,"আজকে traffic jam, I will be late.",,
promo,"Aj bank theke bKash-e 500 taka anlei 10 taka cashback, 1 bar! TCA",Banglish,"Aj bank theke bKash-e 500 taka anlei 10 taka cashback, 1 bar! TCA",,
promo,"Robi recharge ২০০ TK get ৫০ TK bonus। First ১০০০ users only, hurry up, claim today",CodeMix,"Robi recharge ২০০ TK get ৫০ TK bonus। First ১০০০ users only, hurry up, claim today",,
promo,"GP Binge Pack: 100GB internet only 899TK, validity 30 days. Perfect for heavy streaming users. Activate ekhuni *121*899# or Amar GP app.",Banglish,"GP Binge Pack: 100GB internet only 899TK, validity 30 days. Perfect for heavy streaming users. Activate ekhuni *121*899# or Amar GP app.",,
normal,What will you eat at night?,English,What will you eat at night?,,
normal,"Time নাই, তাড়াতাড়ি money পাঠাও, Bkash ০১৯৩৭৩৮২৮৯৩।",CodeMix,"Time নাই, তাড়াতাড়ি money পাঠাও, Bkash [PHONE] ।",,
normal,"প্রিয় শিক্ষার্থী, আপনার টিউশন ফি আজ পর্যন্ত ২৪,৫০০.০০ টাকা বকেয়া আছে। (পূর্বের লেট ফাইন ও বকেয়াসহ) চলতি মাসের টিউশন ফি (জরিমানা ছাড়া) ৩০ই সেপ্টেম্বর, ২০২৪ মধ্যে পরিশোধ করুন। বিস্তারিত https://student.iba-du.edu.bd/ লগইন করুন। (IBA)",Bengali,"প্রিয় শিক্ষার্থী, আপনার টিউশন ফি আজ পর্যন্ত ২৪,৫০০.০০ টাকা বকেয়া আছে। (পূর্বের লেট ফাইন ও বকেয়াসহ) চলতি মাসের টিউশন ফি (জরিমানা ছাড়া) ৩০ই সেপ্টেম্বর, ২০২৪ মধ্যে পরিশোধ করুন। বিস্তারিত [URL] লগইন করুন। (IBA)",,
normal,Ajke ki porcho?,Banglish,Ajke ki porcho?,,
normal,তুমি কি bus-এ যাচ্ছো?,CodeMix,তুমি কি bus-এ যাচ্ছো?,,
normal,আমাদের কলেজে আগামী মাসে বার্ষিক অনুষ্ঠান হবে। সবাই প্রস্তুতি নিচ্ছে। আমরা একটা নাটক করার পরিকল্পনা করছি।,Bengali,আমাদের কলেজে আগামী মাসে বার্ষিক অনুষ্ঠান হবে। সবাই প্রস্তুতি নিচ্ছে। আমরা একটা নাটক করার পরিকল্পনা করছি।,,
promo,"বাড়ির ডেকোর আইটেমে ২০% ছাড়। স্টক সীমিত, দেরি করবেন না।",Bengali,"বাড়ির ডেকোর আইটেমে ২০% ছাড়। স্টক সীমিত, দেরি করবেন না।",,
normal,তুমি কি বিশ্ববিদ্যালয়ে যাচ্ছো?,Bengali,তুমি কি বিশ্ববিদ্যালয়ে যাচ্ছো?,,
normal,তোমার time কোথায় যাচ্ছে?,CodeMix,তোমার time কোথায় যাচ্ছে?,,
promo,হোম ক্লিনিং সার্ভিস! প্রথম সার্ভিসে ৫০% ছাড়। বুকিং দিন।,Bengali,হোম ক্লিনিং সার্ভিস! প্রথম সার্ভিসে ৫০% ছাড়। বুকিং দিন।,,
normal,"Apnar meye hospital e, joldi taka pathan 01828173912.",Banglish,"Apnar meye hospital e, joldi taka pathan [PHONE] .",,
promo,"""Passport ও visa সংক্রান্ত information পেতে passport বাতায়নে দেশ থেকে ১৬ৄৄৄ নম্বরে ও বিদেশ থেকে ০৯৬৬৬৭১৬৪৪৫ number-এ phone করুন। 
Passport ও visa পেতে government কর্তৃক নির্ধারিত fee ব্যতীত কোন money transaction করবেন না।""",CodeMix,"""Passport ও visa সংক্রান্ত information পেতে passport বাতায়নে দেশ থেকে ১৬ৄৄৄ নম্বরে ও বিদেশ থেকে [PHONE] number-এ phone করুন। Passport ও visa পেতে government কর্তৃক নির্ধারিত fee ব্যতীত কোন money transaction করবেন না।""",,
promo,Agami 13 October 2023 deshbapi mukti pachche jatir pita Bongobondhu Sheikh Mujibur Rahman er jiboni r upor nirmito biopic cholochitro 'Mujib-Ekti Jatir Rupkar'. Chole ashun apnar nikottoshto prekkhagrihe.,Banglish,Agami 13 October 2023 deshbapi mukti pachche jatir pita Bongobondhu Sheikh Mujibur Rahman er jiboni r upor nirmito biopic cholochitro 'Mujib-Ekti Jatir Rupkar'. Chole ashun apnar nikottoshto prekkhagrihe.,,
normal,তোমার লক্ষ্যে পৌঁছাতে ধৈর্য ধরো।,Bengali,তোমার লক্ষ্যে পৌঁছাতে ধৈর্য ধরো।,,
normal, যে বিষয়ে মনে খটকা লাগে সে বিষয়টা যতোটা সম্ভব এড়িয়ে চলুন। – [ড. বিলাল ফিলিপ্স],Bengali,যে বিষয়ে মনে খটকা লাগে সে বিষয়টা যতোটা সম্ভব এড়িয়ে চলুন। – [ড. বিলাল ফিলিপ্স],,
normal,Prithibir jibonta tin din er– gotokaler din ti te ja kora hoyeche shegulo niye sheti chole geche; agamikaler din ti te hoyto apni na-o pouchte paren; kintu ajker din ti apnar jonno shutorongo ja korar ajei kore nin. -[Imam Al-Hasan Al-Basri (Rh)],Banglish,Prithibir jibonta tin din er– gotokaler din ti te ja kora hoyeche shegulo niye sheti chole geche; agamikaler din ti te hoyto apni na-o pouchte paren; kintu ajker din ti apnar jonno shutorongo ja korar ajei kore nin. -[Imam Al-Hasan Al-Basri (Rh)],,
normal,01729173862 এই number এ Rocket এ টাকা পাঠান।,CodeMix,[PHONE] এই number এ Rocket এ টাকা পাঠান।,,
promo,"নতুন deal-এ level up interneting 25GB+400min@৳397,30দিন cutt.ly/oeeJSDbP",CodeMix,"নতুন deal-এ level up interneting 25GB+400min@৳397,30দিন cutt.ly/oeeJSDbP",,
normal,See you at the family gathering tomorrow. Mom is making everyone's favorite dishes!,English,See you at the family gathering tomorrow. Mom is making everyone's favorite dishes!,,
promo,"১৮০৳ Cashback-এ best offer ৬১GB+১০০০min@৳৭১৯, ৩০দিন: cutt.ly/wwE5YMXC",CodeMix,"১৮০৳ Cashback-এ best offer ৬১GB+১০০০min@৳৭১৯, ৩০দিন: cutt.ly/wwE5YMXC",,
normal,"Dear student, your tuition fee is due TK32,450.00 till today. (Including previous late fine and dues) Pay the current month's tuition fee (without penalty) by September 10, 2024. For details log in to https://student.iubat.edu.bd/ (IUBAT)",English,"Dear student, your tuition fee is due TK32,450.00 till today. (Including previous late fine and dues) Pay the current month's tuition fee (without penalty) by September 10, 2024. For details log in to [URL] (IUBAT)",,
promo,"জানুয়ারী-২৪
রিচার্জ:0৳
খরচ:
ডেটা:0৳
ভয়েস:23৳
অন্যান্য:1৳",Bengali,জানুয়ারী-২৪ রিচার্জ:0৳ খরচ: ডেটা:0৳ ভয়েস:23৳ অন্যান্য:1৳,,
normal,Raysha mathay rong tullo diye painting korte giye pura floor e mess kore dilo. Tarpor o she khub cute lagchhilo. Amra pura family hashchilam.,Banglish,Raysha mathay rong tullo diye painting korte giye pura floor e mess kore dilo. Tarpor o she khub cute lagchhilo. Amra pura family hashchilam.,,
promo,"GP Summer pack: Recharge 249TK and get 15GB internet + 150 min call, validity 30 days. Amar GP app e peye jaben special voucher extra. Ei offer sudhu September month er jonno available, tai deri korben na!",Banglish,"GP Summer pack: Recharge 249TK and get 15GB internet + 150 min call, validity 30 days. Amar GP app e peye jaben special voucher extra. Ei offer sudhu September month er jonno available, tai deri korben na!",,
normal,আজ সকালে নতুন কফি শপে বসে কাজ করেছি। শান্ত পরিবেশ ছিল।,Bengali,আজ সকালে নতুন কফি শপে বসে কাজ করেছি। শান্ত পরিবেশ ছিল।,,
promo,"৳৫০ ক্যাশব্যাকে প্রো-লেভেল ডাটা ডিল ৫০জিবি@৳৪৪৮,৩০দিন cutt.ly/nwMwL8Y1",Bengali,"৳৫০ ক্যাশব্যাকে প্রো-লেভেল ডাটা ডিল ৫০জিবি@৳৪৪৮,৩০দিন cutt.ly/nwMwL8Y1",,
normal,Hard work is the way to success।,CodeMix,Hard work is the way to success।,,
promo,Robi eShop থেকে ল্যাপটপ কিনলে ফ্রি ব্যাগ ও মাউস। সীমিত সময়ের অফার।,Bengali,Robi eShop থেকে ল্যাপটপ কিনলে ফ্রি ব্যাগ ও মাউস। সীমিত সময়ের অফার।,,
promo,DBBL online bill pay করুন এবং loyalty points পান। Register now এবং future bills এ redeem করুন,CodeMix,DBBL online bill pay করুন এবং loyalty points পান। Register now এবং future bills এ redeem করুন,,
promo,"shastho, pushti o shomriddhi chai, nirapod khadder boltto nai. 02 February jatiyo nirapod khaddo dibosh 2024 shofol hok. Bangladesh nirapod khaddo kortripokkho, khaddo montronaloy.",Banglish,"shastho, pushti o shomriddhi chai, nirapod khadder boltto nai. 02 February jatiyo nirapod khaddo dibosh 2024 shofol hok. Bangladesh nirapod khaddo kortripokkho, khaddo montronaloy.",,
promo,অনলাইন শপিংয়ে ২০% পর্যন্ত ডিসকাউন্ট! কোড ব্যবহার করে সুবিধা নিন।,Bengali,অনলাইন শপিংয়ে ২০% পর্যন্ত ডিসকাউন্ট! কোড ব্যবহার করে সুবিধা নিন।,,
promo,"TK100 cashback! 30GB+500min @TK399 30 days, get it: cutt.ly/AwkY4L2C",English,"TK100 cashback! 30GB+500min @TK399 30 days, get it: cutt.ly/AwkY4L2C",,
normal,"তুমি অসাধারণ, নিজের উপর বিশ্বাস রাখো।",Bengali,"তুমি অসাধারণ, নিজের উপর বিশ্বাস রাখো।",,
promo,দারাজ ১১.১১-তে নগদে ১৫% পর্যন্ত ক্যাশব্যাক + ফ্রি ডেলিভারি। https://click.daraz.com.bd/e/_CUeCuf শর্ত প্রযোজ্য,Bengali,দারাজ ১১.১১-তে নগদে ১৫% পর্যন্ত ক্যাশব্যাক + ফ্রি ডেলিভারি। [URL] শর্ত প্রযোজ্য,,
promo,"‘Insurance করবো, country গড়বো
Smart হবে Bangladesh।’ Insurance Development & Regulatory Authority এবং Financial Institution Division Finance Ministry।",CodeMix,"‘Insurance করবো, country গড়বো Smart হবে Bangladesh।’ Insurance Development & Regulatory Authority এবং Financial Institution Division Finance Ministry।",,
normal,The morning walk was refreshing! Perfect weather and great company. Let's make this a regular habit.,English,The morning walk was refreshing! Perfect weather and great company. Let's make this a regular habit.,,
normal,আমি আমার family এর সঙ্গে time কাটাতে চাই।,CodeMix,আমি আমার family এর সঙ্গে time কাটাতে চাই।,,
normal,"আপনার মেয়ে হাসপাতালে, জলদি টাকা পাঠান ০১৮২৮১৭৩৯১২।",Bengali,"আপনার মেয়ে হাসপাতালে, জলদি টাকা পাঠান [PHONE] ।",,
promo,"Robi recharge ২০০ TK get ৫০ TK bonus। First ১০০০ users only, hurry up, claim now",CodeMix,"Robi recharge ২০০ TK get ৫০ TK bonus। First ১০০০ users only, hurry up, claim now",,
promo,"An online essay competition has been organized on the occasion of World Telecommunication and Information Society Day (WTISD) on May 17, 2024. Click here to participate: https://bit.ly/wtisd24",English,"An online essay competition has been organized on the occasion of World Telecommunication and Information Society Day (WTISD) on May 17, 2024. Click here to participate: [URL]",,
normal,"মা, market থেকে vegetables এবং fruits আনো। আমি cash দিবো, এবং তুমি কি snacks ও আনবে? Let's coordinate",CodeMix,"মা, market থেকে vegetables এবং fruits আনো। আমি cash দিবো, এবং তুমি কি snacks ও আনবে? Let's coordinate",,
promo,Star Cineplex buy 1 ticket get 1 free! Hollywood blockbuster movies.,Banglish,Star Cineplex buy 1 ticket get 1 free! Hollywood blockbuster movies.,,
normal,আপনার ভাইকে message পাঠিয়েছেন কি? He didn’t reply yet।,CodeMix,আপনার ভাইকে message পাঠিয়েছেন কি? He didn’t reply yet।,,
normal,byabasahi howa oporadh na kintu rajnitik probhab khatiye byabasahi howa boro oporadh. karon ei byabasahider orjito taker beshirbhag e ashe shadharon manush er roktoshoha taka theke. — Redowan Masud,Banglish,byabasahi howa oporadh na kintu rajnitik probhab khatiye byabasahi howa boro oporadh. karon ei byabasahider orjito taker beshirbhag e ashe shadharon manush er roktoshoha taka theke. — Redowan Masud,,
normal,The surprise baby shower was perfect! Everyone loved the decorations and games. Can't wait to meet the little one!,English,The surprise baby shower was perfect! Everyone loved the decorations and games. Can't wait to meet the little one!,,
normal,আমি আগামী সপ্তাহে চট্টগ্রাম যাচ্ছি অফিসের কাজে। তোমার কোনো প্রয়োজন থাকলে বলে দিও।,Bengali,আমি আগামী সপ্তাহে চট্টগ্রাম যাচ্ছি অফিসের কাজে। তোমার কোনো প্রয়োজন থাকলে বলে দিও।,,
normal,"দুনিয়া অর্জন নয়, দুনিয়া বিমুখীতাতেই রয়েছে দেহ ও মনের প্রশান্তি। - [উমার ইবনুল খাত্তাব (রা)]",Bengali,"দুনিয়া অর্জন নয়, দুনিয়া বিমুখীতাতেই রয়েছে দেহ ও মনের প্রশান্তি। - [উমার ইবনুল খাত্তাব (রা)]",,
promo,Balance শেষ? ২০০TK পর্যন্ত GP emergency balance নিতে *৯#,CodeMix,Balance শেষ? ২০০TK পর্যন্ত GP emergency balance নিতে *৯#,,
normal,Are you going to the theater?,English,Are you going to the theater?,,
normal,"Hi, kemon acho?",Banglish,"Hi, kemon acho?",,
normal,"I'm with you, don't worry about anything.",English,"I'm with you, don't worry about anything.",,
promo,"স্বাস্থ্য, nutrition ও prosperity চাই, safe food এর alternative নাই। ০২ February জাতীয় safe food day ২০২৪ successful হোক। Bangladesh safe food authority, food ministry।",CodeMix,"স্বাস্থ্য, nutrition ও prosperity চাই, safe food এর alternative নাই। ০২ February জাতীয় safe food day ২০২৪ successful হোক। Bangladesh safe food authority, food ministry।",,
promo,"আজ ও কাল মেন্স ওয়ার্ল্ড এর সকল শাখায় ফ্ল্যাট ৫০% ডিসকাউন্ট
cutt.ly/fmw",Bengali,আজ ও কাল মেন্স ওয়ার্ল্ড এর সকল শাখায় ফ্ল্যাট ৫০% ডিসকাউন্ট cutt.ly/fmw,,
normal,"I am getting a message that gives one solution, another solution, and yet another solution.",English,"I am getting a message that gives one solution, another solution, and yet another solution.",,
promo,"করো full-on interneting! নাও ১০GB@২০০৳, ৩০দিন: cutt.ly/GwYJBDuV",CodeMix,"করো full-on interneting! নাও ১০GB@২০০৳, ৩০দিন: cutt.ly/GwYJBDuV",,
promo,"Nagad app recharge ২০০ TK এবং ২০ TK extra credit পান। Limited offer, recharge today to avoid missing bonus",CodeMix,"Nagad app recharge ২০০ TK এবং ২০ TK extra credit পান। Limited offer, recharge today to avoid missing bonus",,
promo,"TK100 cashback!30GB+500min @TK399,30din: cutt.ly/AwkY4L2C",Banglish,"TK100 cashback!30GB+500min @TK399,30din: cutt.ly/AwkY4L2C",,
promo,"Singer Plus home appliances rental! Refrigerator, TV, AC monthly rental starting 2500 TK. No down payment!",English,"Singer Plus home appliances rental! Refrigerator, TV, AC monthly rental starting 2500 TK. No down payment!",,
promo,"Tomar jonno special gift, 60poysa/minute callrate, nao: cutt.ly/qwnfrXbV",Banglish,"Tomar jonno special gift, 60poysa/minute callrate, nao: cutt.ly/qwnfrXbV",,
normal,আজকের মিটিং কেমন ছিল?,Bengali,আজকের মিটিং কেমন ছিল?,,
normal,"রাগ করে কখনো loved one-কে কষ্ট দিতে নেই। রাগ কমিয়ে বেশি ignore করতে নেই, ভালোবাসার মানুষকে। এতে করে life-এর সবচেয়ে valuable জিনিস, loved one-কে হারাতে হয়।",CodeMix,"রাগ করে কখনো loved one-কে কষ্ট দিতে নেই। রাগ কমিয়ে বেশি ignore করতে নেই, ভালোবাসার মানুষকে। এতে করে life-এর সবচেয়ে valuable জিনিস, loved one-কে হারাতে হয়।",,
promo,"Purbachal songlogno Navana'r 3,5 o 10 kathar plot kinun – 01847-214018",Banglish,"Purbachal songlogno Navana'r 3,5 o 10 kathar plot kinun – [PHONE]",,
promo,"Drishtinondone sthapotyokolaye ononeo, Diamond World er \The Signature\"" shoroom er udbodhon hochhe aj bikel 4tay. Apnar shaporibaware uposthiti o doa amader ekanto kamyo. Projone: 01713199270""",Banglish,"Drishtinondone sthapotyokolaye ononeo, Diamond World er \The Signature\"" shoroom er udbodhon hochhe aj bikel 4tay. Apnar shaporibaware uposthiti o doa amader ekanto kamyo. Projone: [PHONE] """,,
normal,আশা করি তোমার সফলতা হোক!,Bengali,আশা করি তোমার সফলতা হোক!,,
normal,"তুমি পারবে, আমি জানি।",Bengali,"তুমি পারবে, আমি জানি।",,
promo,Limited time offer! ৪০GB (bonusসহ) ৫০০TK ৩০days।Dial *১২১*৫০৪৯# বা mygp.li/mo,CodeMix,Limited time offer! ৪০GB (bonusসহ) ৫০০TK ৩০days।Dial *১২১*৫০৪৯# বা mygp.li/mo,,
normal,Thanks for listening when I needed someone to talk to. Your friendship means everything.,English,Thanks for listening when I needed someone to talk to. Your friendship means everything.,,
promo,ফ্রি ডেলিভারি সব অর্ডারে। সীমিত সময়ের জন্য।,Bengali,ফ্রি ডেলিভারি সব অর্ডারে। সীমিত সময়ের জন্য।,,
promo,"200minute (30din) 174 taka, Dial *121*4410# ba https://mygp.li/v1",Banglish,"200minute (30din) 174 taka, Dial *121*4410# ba [URL]",,
normal,"আব্বু, গাড়ির তেল শেষ। কাল সকালে ফিল আপ করে নেবো।",Bengali,"আব্বু, গাড়ির তেল শেষ। কাল সকালে ফিল আপ করে নেবো।",,
promo,"April-24
Recharge:0TK
Khoroch:
Data:19TK
Voice:66TK
Onnanno:0TK",Banglish,April-24 Recharge:0TK Khoroch: Data:19TK Voice:66TK Onnanno:0TK,,
promo,City Bank app payment করুন এবং instant cashback ১০% পান। Download now এবং enjoy hassle-free secure transactions,CodeMix,City Bank app payment করুন এবং instant cashback ১০% পান। Download now এবং enjoy hassle-free secure transactions,,
normal,Hope you're enjoying your vacation in Sylhet! The tea gardens must look absolutely breathtaking right now.,English,Hope you're enjoying your vacation in Sylhet! The tea gardens must look absolutely breathtaking right now.,,
normal,Ajke ki shopping korte jabe?,Banglish,Ajke ki shopping korte jabe?,,
normal,আজ Sunday chill করার ইচ্ছে আছে। Movie দেখতে যাবো কি? Weather perfect এবং mood great,CodeMix,আজ Sunday chill করার ইচ্ছে আছে। Movie দেখতে যাবো কি? Weather perfect এবং mood great,,
promo,"২০০minute (৩০দিন) ১৭৪ টাকা, Dial *১২১*৪৪১০# বা https://mygp.li/v1",CodeMix,"২০০minute (৩০দিন) ১৭৪ টাকা, Dial *১২১*৪৪১০# বা [URL]",,
normal,Amar jonno kono notun khobor achhe?,Banglish,Amar jonno kono notun khobor achhe?,,
promo,সেনাবাহিনীতে সৈনিক পদে যোগদানের জন্য ১০ জানুয়ারি ২০২৪ হতে ১৫ ফেব্রুয়ারি ২০২৪ পর্যন্ত আবেদন আহবান করা হচ্ছে। নিয়োগ বিজ্ঞপ্তিতে প্রকাশিত নির্দেশনা অনুযায়ী টেলিটক সিমের মাধ্যমে আবেদন করতে হবে,Bengali,সেনাবাহিনীতে সৈনিক পদে যোগদানের জন্য ১০ জানুয়ারি ২০২৪ হতে ১৫ ফেব্রুয়ারি ২০২৪ পর্যন্ত আবেদন আহবান করা হচ্ছে। নিয়োগ বিজ্ঞপ্তিতে প্রকাশিত নির্দেশনা অনুযায়ী টেলিটক সিমের মাধ্যমে আবেদন করতে হবে,,
normal,01927283792 ei namber-e Rocket-e taka pathan.,Banglish,[PHONE] ei namber-e Rocket-e taka pathan.,,
promo,Ecstasy entertainment complex: Movie tickets 150TK for all shows!,English,Ecstasy entertainment complex: Movie tickets 150TK for all shows!,,
normal,আমি একটি গল্প পড়তে হবে।,Bengali,আমি একটি গল্প পড়তে হবে।,,
promo,"Call duration 00:00:44, charged TK0.92, remaining balance TK0.41",CodeMix,"Call duration 00:00:44, charged TK0.92, remaining balance TK0.41",,
normal,"প্রিয় student, আপনার tuition fee আজ পর্যন্ত 27,950.00 টাকা due আছে। (পূর্বের late fine ও due সহ) চলতি মাসের tuition fee (fine ছাড়া) 22ই September, 2024 মধ্যে pay করুন। Details https://student.northsouth.edu.bd/ login করুন। (North South)",CodeMix,"প্রিয় student, আপনার tuition fee আজ পর্যন্ত 27,950.00 টাকা due আছে। (পূর্বের late fine ও due সহ) চলতি মাসের tuition fee (fine ছাড়া) 22ই September, 2024 মধ্যে pay করুন। Details [URL] login করুন। (North South)",,
normal,আমার number এ ০১৭৩৬৬৩৭৩৮৭ flexiload করে দাও ৫০০ TK,CodeMix,আমার number এ [PHONE] flexiload করে দাও ৫০০ TK,,
normal,"Train e uthe gelam, 2 ghonta por Sylhet pochabo.",Banglish,"Train e uthe gelam, 2 ghonta por Sylhet pochabo.",,
normal,The movie was hilarious! Thanks for suggesting it. We should have more movie nights like this.,English,The movie was hilarious! Thanks for suggesting it. We should have more movie nights like this.,,
promo,New customers-এর জন্য special discount। Register today।,CodeMix,New customers-এর জন্য special discount। Register today।,,
normal,Quickly do bKash to number 01672573879.,English,Quickly do bKash to number [PHONE] .,,
normal,"মা, market থেকে কিছু vegetables আনতে হবে। I will pay cash, তুমি কি fruits ও আনবে?",CodeMix,"মা, market থেকে কিছু vegetables আনতে হবে। I will pay cash, তুমি কি fruits ও আনবে?",,
normal,"Hi Rafiq, কালকের meeting time confirm করেছো কি? আমি planning করতে চাই, so kindly reply as soon as possible",CodeMix,"Hi Rafiq, কালকের meeting time confirm করেছো কি? আমি planning করতে চাই, so kindly reply as soon as possible",,
promo,"আমার টাকায় আমার সেতু,বাংলাদেশের পদ্মা সেতু।একটি স্বপ্নের উম্মোচন। ২৫ জুন মাননীয় প্রধানমন্ত্রী স্বপ্নের পদ্মা সেতু শুভ উদ্বোধন করবেন।চোখ রাখুন,বিটিভি,সকাল ১০ টায়। বাংলাদেশ সেতু কর্তৃপক্ষ, সেতু বিভাগ।",Bengali,"আমার টাকায় আমার সেতু,বাংলাদেশের পদ্মা সেতু।একটি স্বপ্নের উম্মোচন। ২৫ জুন মাননীয় প্রধানমন্ত্রী স্বপ্নের পদ্মা সেতু শুভ উদ্বোধন করবেন।চোখ রাখুন,বিটিভি,সকাল ১০ টায়। বাংলাদেশ সেতু কর্তৃপক্ষ, সেতু বিভাগ।",,
promo,"Transcom electronics mega sale! AC, refrigerator, TV heavy discount.",Banglish,"Transcom electronics mega sale! AC, refrigerator, TV heavy discount.",,
normal,"Ajke university te puro din assignment niye matha ghurlo. Sir ekdom unexpected group project diye dilen. Kichu bujhte parchi na, tui ki already kaj shuru korchis?",Banglish,"Ajke university te puro din assignment niye matha ghurlo. Sir ekdom unexpected group project diye dilen. Kichu bujhte parchi na, tui ki already kaj shuru korchis?",,
promo,New lifestyle product-এ ২৫% off! Stock শেষ হওয়ার আগে grab করুন।,CodeMix,New lifestyle product-এ ২৫% off! Stock শেষ হওয়ার আগে grab করুন।,,
normal,Hope your job interview went well today! I'm sure they were impressed with your skills and experience.,English,Hope your job interview went well today! I'm sure they were impressed with your skills and experience.,,
normal,Tumi ki pahaare jachho?,Banglish,Tumi ki pahaare jachho?,,
normal,Call number 01827283963.,English,Call number [PHONE] .,,
promo,Unimart fresh fest: Fruits and fish items up to 25% discount. Free home delivery across Dhaka city. Valid this week.,Banglish,Unimart fresh fest: Fruits and fish items up to 25% discount. Free home delivery across Dhaka city. Valid this week.,,
normal,kemon acho tumi? ami thik achi. tumi ki notun kore?,Banglish,kemon acho tumi? ami thik achi. tumi ki notun kore?,,
normal," তারা আমাদের brothers-sisters-দের death-এর fear দেখিয়ে suppress করতে চায়, অথচ আমাদের behind রয়েছে Badr, Khandaq, Tabuk-এর মতো hundreds memories। - [Poet Al Mahmud]",CodeMix,"তারা আমাদের brothers-sisters-দের death-এর fear দেখিয়ে suppress করতে চায়, অথচ আমাদের behind রয়েছে Badr, Khandaq, Tabuk-এর মতো hundreds memories। - [Poet Al Mahmud]",,
normal,Tomar priyo jaygha kothay?,Banglish,Tomar priyo jaygha kothay?,,
promo,"লি কুপারে
সকল শার্ট, জিন্স, গ্যাবারডিন
ফ্ল্যাট ৫০% ছাড়
শপ্র",Bengali,"লি কুপারে সকল শার্ট, জিন্স, গ্যাবারডিন ফ্ল্যাট ৫০% ছাড় শপ্র",,
promo,অনলাইন শপিংয়ে ২৫% ক্যাশব্যাক! কোড: SHOP25. দেরি না করে এখনই শপিং করুন।,Bengali,অনলাইন শপিংয়ে ২৫% ক্যাশব্যাক! কোড: SHOP25. দেরি না করে এখনই শপিং করুন।,,
normal,আমি অনেক সময় মিলার মধ্যে পান তা হল আমি একটি মহান এবং আমি অন্য ব্যপারের মধ্যে আমার প্রেমের অমন্ত্রণ দিতে পারি।,Bengali,আমি অনেক সময় মিলার মধ্যে পান তা হল আমি একটি মহান এবং আমি অন্য ব্যপারের মধ্যে আমার প্রেমের অমন্ত্রণ দিতে পারি।,,
normal,The children's laughter in the park always brings a smile to my face.,English,The children's laughter in the park always brings a smile to my face.,,
normal,"দোস্ত, আজ বিকেলে ফুটবল খেলা দেখবো। তোমার বাসায় আসবো।",Bengali,"দোস্ত, আজ বিকেলে ফুটবল খেলা দেখবো। তোমার বাসায় আসবো।",,
promo,Bashundhara LP Gas cylinder offer! 12kg cylinder with free burner 2200 TK. Safe cooking solution!,English,Bashundhara LP Gas cylinder offer! 12kg cylinder with free burner 2200 TK. Safe cooking solution!,,
normal,কাল রাতে শরীরটা ভালো লাগছিলো না। তাই হাসপাতালে গিয়েছিলাম। এখন একটু ভালো আছি।,Bengali,কাল রাতে শরীরটা ভালো লাগছিলো না। তাই হাসপাতালে গিয়েছিলাম। এখন একটু ভালো আছি।,,
promo,"nirbachhoni achoronbiddhi mene cholun, 
shushtu o abad nirbachhone shahayota korun
- Bangladesh nirbachhon commission",Banglish,"nirbachhoni achoronbiddhi mene cholun, shushtu o abad nirbachhone shahayota korun - Bangladesh nirbachhon commission",,
normal,"Call back this number 01782973783, I don't have money",English,"Call back this number [PHONE] , I don't have money",,
normal,Shubho Christmas!,Banglish,Shubho Christmas!,,
promo,বাংলালিংকের সাপ্তাহিক ক্যাশব্যাক অফার – ২০০ টাকার রিচার্জে পান ৫০ টাকা বোনাস। রিচার্জ করতে আপনার নিকটস্থ দোকানে যান।,Bengali,বাংলালিংকের সাপ্তাহিক ক্যাশব্যাক অফার – ২০০ টাকার রিচার্জে পান ৫০ টাকা বোনাস। রিচার্জ করতে আপনার নিকটস্থ দোকানে যান।,,
normal,Shubho probhat!,Banglish,Shubho probhat!,,
promo,BRAC Bank card holders ২০% cashback পান electronics shopping এ। Apply now এবং instant reward points enjoy করুন,CodeMix,BRAC Bank card holders ২০% cashback পান electronics shopping এ। Apply now এবং instant reward points enjoy করুন,,
promo,"Grameenphone minute offer now more attractive! 27 minutes for 24 hours, recharge or bKash 19 TK.",English,"Grameenphone minute offer now more attractive! 27 minutes for 24 hours, recharge or bKash 19 TK.",,
normal,মিঠু ভাইয়ের number-এ টাকা দিয়ে তারপর আসিস।,CodeMix,মিঠু ভাইয়ের number-এ টাকা দিয়ে তারপর আসিস।,,
normal,"I have TK 50,000 in my account, check if it is open in this number: 0173883884",English,"I have TK 50,000 in my account, check if it is open in this number: [PHONE]",,
normal,সমুদ্রে ভ্রমণ করতে ভালো লাগে।,Bengali,সমুদ্রে ভ্রমণ করতে ভালো লাগে।,,
normal,Allegiance to injustice can become an obstacle in the path of honor. — Collected,English,Allegiance to injustice can become an obstacle in the path of honor. — Collected,,
normal,Ami praye shoptahe ekbar mathe jay.,Banglish,Ami praye shoptahe ekbar mathe jay.,,
normal,তোমার একটা কথা বলো। তোমার কথা good লাগে।,CodeMix,তোমার একটা কথা বলো। তোমার কথা good লাগে।,,
normal,"Dear student, your tuition fee outstanding till today is 20,500.00 taka. (Including previous late fine and arrears) Pay current month's tuition fee (without fine) by September 15, 2024. For details login https://student.aiub.edu.bd/ (AIUB)",English,"Dear student, your tuition fee outstanding till today is 20,500.00 taka. (Including previous late fine and arrears) Pay current month's tuition fee (without fine) by September 15, 2024. For details login [URL] (AIUB)",,
normal,এই holy month-এ তোমার সবকিছু ভালো হোক!,CodeMix,এই holy month-এ তোমার সবকিছু ভালো হোক!,,
promo,Ajei shesh din!Bonus shoho 2GB-35taka-7din. Dial *121*5037# ba mygp.li/mo,Banglish,Ajei shesh din!Bonus shoho 2GB-35taka-7din. Dial *121*5037# ba mygp.li/mo,,
normal,Send money to this number: 01873828174,English,Send money to this number: [PHONE],,
promo,"Evaly Furniture Sale: Sofa set, bed, dining table up to 50% discount. EMI available. Shop before stock ends.",Banglish,"Evaly Furniture Sale: Sofa set, bed, dining table up to 50% discount. EMI available. Shop before stock ends.",,
normal,কেমন চলছে তোমার দিনটি?,Bengali,কেমন চলছে তোমার দিনটি?,,
normal,"সবকিছু okay হবে, আমি জানি।",CodeMix,"সবকিছু okay হবে, আমি জানি।",,
promo,Pathao Food delight: Dinner orders above 500TK get 40% discount. Promo code FOOD40. Offer time: 6PM–10PM daily.,Banglish,Pathao Food delight: Dinner orders above 500TK get 40% discount. Promo code FOOD40. Offer time: 6PM–10PM daily.,,
normal,"আমার একাউন্টে ৫০ হাজার টাকা আছে , এই ০১৭৩৮৮৩৮৮৪ নাম্বারে খোলা দেখো চ্যাক করে।",Bengali,"আমার একাউন্টে ৫০ হাজার টাকা আছে , এই [PHONE] নাম্বারে খোলা দেখো চ্যাক করে।",,
normal,"বন্ধু, তুমি কি জানো আগামীকাল ছুটি আছে? অফিসে কনফার্ম করেছো?",Bengali,"বন্ধু, তুমি কি জানো আগামীকাল ছুটি আছে? অফিসে কনফার্ম করেছো?",,
normal,I enjoy traveling to the sea.,English,I enjoy traveling to the sea.,,
normal,কাল কি করব?,Bengali,কাল কি করব?,,
promo,"আজ ব্যাংক থেকে বিকাশ-এ ৫০০ টাকা আনলেই ১০ টাকা ক্যাশব্যাক, ১ বার! TCA",Bengali,"আজ ব্যাংক থেকে বিকাশ-এ ৫০০ টাকা আনলেই ১০ টাকা ক্যাশব্যাক, ১ বার! TCA",,
normal,Send money quickly to this number 01927282893.,English,Send money quickly to this number [PHONE] .,,
normal,"আজকে evening খুব pleasant, should we go for ice cream?",CodeMix,"আজকে evening খুব pleasant, should we go for ice cream?",,
normal,Asha kori tomar shofol hok!,Banglish,Asha kori tomar shofol hok!,,
normal,"You are very strong, you can do it.",English,"You are very strong, you can do it.",,
normal,কি করবে তুমি?,Bengali,কি করবে তুমি?,,
normal,"ভাই, তোমার গাড়ি ধার দিবে? আমার জরুরি কাজ আছে।",Bengali,"ভাই, তোমার গাড়ি ধার দিবে? আমার জরুরি কাজ আছে।",,
normal,"Your son is in danger, quickly send money to 01672563891.",English,"Your son is in danger, quickly send money to [PHONE] .",,
normal,"Everything will be fine, I know.",English,"Everything will be fine, I know.",,
normal,তোমার favorite food কি?,CodeMix,তোমার favorite food কি?,,
normal,Ajke Bangladesh cricket match jitse West Indies er against. Crowd pura excited chhilo.,Banglish,Ajke Bangladesh cricket match jitse West Indies er against. Crowd pura excited chhilo.,,
promo,Pathao Rides-এ আজ সব রাইডে ১৫% ছাড়। কোড: PATHAO15।,Bengali,Pathao Rides-এ আজ সব রাইডে ১৫% ছাড়। কোড: PATHAO15।,,
normal,Assalamualaykum.,Banglish,Assalamualaykum.,,
promo,Olympic Industries biscuit factory sale! All varieties 30% discount. Perfect snacks for every occasion!,English,Olympic Industries biscuit factory sale! All varieties 30% discount. Perfect snacks for every occasion!,,
normal,Did you see the news about the new metro rail? Exciting times!,English,Did you see the news about the new metro rail? Exciting times!,,
normal,"প্রিয় শিক্ষার্থী, আপনার টিউশন ফি আজ পর্যন্ত ৩২,৪৫০.০০ টাকা বকেয়া আছে। (পূর্বের লেট ফাইন ও বকেয়াসহ) চলতি মাসের টিউশন ফি (জরিমানা ছাড়া) ১০ই সেপ্টেম্বর, ২০২৪ মধ্যে পরিশোধ করুন। বিস্তারিত https://student.iubat.edu.bd/ লগইন করুন। (IUBAT)",Bengali,"প্রিয় শিক্ষার্থী, আপনার টিউশন ফি আজ পর্যন্ত ৩২,৪৫০.০০ টাকা বকেয়া আছে। (পূর্বের লেট ফাইন ও বকেয়াসহ) চলতি মাসের টিউশন ফি (জরিমানা ছাড়া) ১০ই সেপ্টেম্বর, ২০২৪ মধ্যে পরিশোধ করুন। বিস্তারিত [URL] লগইন করুন। (IUBAT)",,
normal,"আমি CNG এ উঠেছি, আর ৩০ minute লাগবে। Wait at gate number 3.",CodeMix,"আমি CNG এ উঠেছি, আর ৩০ minute লাগবে। Wait at gate number 3.",,
normal,Amake joruri call din 01724839856 ei number-e.,Banglish,Amake joruri call din [PHONE] ei number-e.,,
promo,শুধু আজকের অফার! ৪০জিবি (বোনাসসহ) ৫০০টাকা ৩০দিন।ডায়াল *১২১*৫০৪৯# বা mygp.li/mo,Bengali,শুধু আজকের অফার! ৪০জিবি (বোনাসসহ) ৫০০টাকা ৩০দিন।ডায়াল *১২১*৫০৪৯# বা mygp.li/mo,,
promo,"Applications are being invited online for the 'Sheikh Russel Award' from Bangladeshi children under 18 years and related institutions. Application deadline is May 20, 2023. Details: www.award.sheikhrussel.gov.bd",English,"Applications are being invited online for the 'Sheikh Russel Award' from Bangladeshi children under 18 years and related institutions. Application deadline is May 20, 2023. Details: [URL]",,
normal,"Dear student, your tuition fee is 27,950.00 taka overdue till today. (Including previous late fines and dues) Pay this month's tuition fee (without fine) by September 22, 2024. For details login https://student.northsouth.edu.bd/ (North South)",English,"Dear student, your tuition fee is 27,950.00 taka overdue till today. (Including previous late fines and dues) Pay this month's tuition fee (without fine) by September 22, 2024. For details login [URL] (North South)",,
promo,Bkash app-এ 2 June থেকে 'My Challenge' icon দেখতে না পেলেও Bkash-এর offer enjoy করে cashback পাবেন। Bkash app-এর সাথেই থাকুন।,CodeMix,Bkash app-এ 2 June থেকে 'My Challenge' icon দেখতে না পেলেও Bkash-এর offer enjoy করে cashback পাবেন। Bkash app-এর সাথেই থাকুন।,,
normal,তুমি কি launch terminal এ পৌঁছেছ? Let me know when you board the ferry.,CodeMix,তুমি কি launch terminal এ পৌঁছেছ? Let me know when you board the ferry.,,
normal,What work did you do at school today?,English,What work did you do at school today?,,
promo,Bkash e 5000 taka deposit korle 1000 taka bonus! Ajii sujog nin.,Banglish,Bkash e 5000 taka deposit korle 1000 taka bonus! Ajii sujog nin.,,
normal,তুমি কি ক্যাফেতে যাচ্ছো?,Bengali,তুমি কি ক্যাফেতে যাচ্ছো?,,
normal,"তুমি নিজের উপর বিশ্বাস রাখো, সব কিছু সম্ভব।",Bengali,"তুমি নিজের উপর বিশ্বাস রাখো, সব কিছু সম্ভব।",,
promo,"বাংলাদেশ নৌবাহিনীতে সরাসরি কমিশন্ড অফিসার পদে নিয়োগ চলছে। 
ভিজিট করুনঃ www.joinnavy.navy.mil.bd
",Bengali,বাংলাদেশ নৌবাহিনীতে সরাসরি কমিশন্ড অফিসার পদে নিয়োগ চলছে। ভিজিট করুনঃ [URL],,
promo,"Daraz Super September Sale: Electronics, home appliances, ar fashion items up to 70% discount. Free delivery orders above 1200TK. Flash deal shuru hobe prottek 3 ghontay. Visit daraz.com.bd for details.",Banglish,"Daraz Super September Sale: Electronics, home appliances, ar fashion items up to 70% discount. Free delivery orders above 1200TK. Flash deal shuru hobe prottek 3 ghontay. Visit [URL] for details.",,
normal,Ei pobitro mashe tomar shobkichu bhalo hok!,Banglish,Ei pobitro mashe tomar shobkichu bhalo hok!,,
normal,Looking forward to our reunion tomorrow. It's been ages since we all met together.,English,Looking forward to our reunion tomorrow. It's been ages since we all met together.,,
promo,“০৫ মে আন্তর্জাতিক মিডওয়াইফ দিবস। এবারের প্রতিপাদ্য-তথ্য থেকে বাস্তবেঃ সকল মিডওয়াইফ এক সাথে।”,Bengali,“০৫ মে আন্তর্জাতিক মিডওয়াইফ দিবস। এবারের প্রতিপাদ্য-তথ্য থেকে বাস্তবেঃ সকল মিডওয়াইফ এক সাথে।”,,
normal,"Tawhid hollo shomosto doa, shomosto kannakaati, shahajjo cheye shomosto abedone, shomosto asha ebong shokol kollaner agomon o shokol khoti nibaroner jonno prarthona onno keu noy borongi kebolei Allahor uddeshye hote hobe. - [Imam Muhammad Ali Ash-Shawkani (Al Dur Al-Nadid)]",Banglish,"Tawhid hollo shomosto doa, shomosto kannakaati, shahajjo cheye shomosto abedone, shomosto asha ebong shokol kollaner agomon o shokol khoti nibaroner jonno prarthona onno keu noy borongi kebolei Allahor uddeshye hote hobe. - [Imam Muhammad Ali Ash-Shawkani (Al Dur Al-Nadid)]",,
promo,Shopping mall এ sale শুরু হয়েছে! সব products এ additional benefits. Don't miss out.,CodeMix,Shopping mall এ sale শুরু হয়েছে! সব products এ additional benefits. Don't miss out.,,
promo,"80TK cashback! More data 30GB@319TK, 30 days cutt.ly/aw59tNYD",English,"80TK cashback! More data 30GB@319TK, 30 days cutt.ly/aw59tNYD",,
promo,"TK35 cashback e ebar aro beshi data 50GB@TK463, 30din cutt.ly/HwOETkke",Banglish,"TK35 cashback e ebar aro beshi data 50GB@TK463, 30din cutt.ly/HwOETkke",,
promo,matro 97TK 30din Bishwacup Cricket + 1GB data nite: cutt.ly/YwmtpRRj,Banglish,matro 97TK 30din Bishwacup Cricket + 1GB data nite: cutt.ly/YwmtpRRj,,
normal,"হ্যাঁ, বসে থাকলে সময় কাটানো কঠিন হয়। আমি ইউটিউবেও দেখেছি, আবার ডার্ক সিরিজেও ছিল।",Bengali,"হ্যাঁ, বসে থাকলে সময় কাটানো কঠিন হয়। আমি ইউটিউবেও দেখেছি, আবার ডার্ক সিরিজেও ছিল।",,
promo,Khaas Food Organic Offer: Deshi honey 20% discount. Delivery nationwide. Order at khaasfood.com.,Banglish,Khaas Food Organic Offer: Deshi honey 20% discount. Delivery nationwide. Order at [URL],,
normal,"Kazi office e late hobe, dinner amar jonno rekhe dio.",Banglish,"Kazi office e late hobe, dinner amar jonno rekhe dio.",,
normal,Ki khub bhalo proshno!,Banglish,Ki khub bhalo proshno!,,
normal,Kemon achen?,Banglish,Kemon achen?,,
promo,থ্যালাসেমিয়া রোগ  থেকে বাঁচতে বিয়ের আগে রক্ত পরীক্ষা করিয়ে নিন । রোগী ও বাহক কিংবা বাহকে বাহকে বিয়ে নয়-বাংলাদেশ থ্যালাসেমিয়া সমিতি।,Bengali,থ্যালাসেমিয়া রোগ থেকে বাঁচতে বিয়ের আগে রক্ত পরীক্ষা করিয়ে নিন । রোগী ও বাহক কিংবা বাহকে বাহকে বিয়ে নয়-বাংলাদেশ থ্যালাসেমিয়া সমিতি।,,
promo,"Buy Navana's 3, 5 and 10 katha plots adjacent to Purbachal – 01847-214018",English,"Buy Navana's 3, 5 and 10 katha plots adjacent to Purbachal – [PHONE]",,
normal,আমার কি করতে হবে tell me।,CodeMix,আমার কি করতে হবে tell me।,,
promo,Sundarban Courier এখন অনলাইন বুকিং এ ১০% ছাড় দিচ্ছে। আজই চেষ্টা করুন।,Bengali,Sundarban Courier এখন অনলাইন বুকিং এ ১০% ছাড় দিচ্ছে। আজই চেষ্টা করুন।,,
promo,"TK30 cashback pro-level data deal-22GB@TK167,7 days cutt.ly/7w9OKeZ2",English,"TK30 cashback pro-level data deal-22GB@TK167,7 days cutt.ly/7w9OKeZ2",,
promo,Othoba.com fashion week: Designer clothes 40-70% off till Sunday!,English,[URL] fashion week: Designer clothes 40-70% off till Sunday!,,
promo,"Grammenphone এর minute offer এখন আরো attractive! ২৭ minute ২৪ hours, নিতে recharge বা bKash করুন ১৯ TK।",CodeMix,"Grammenphone এর minute offer এখন আরো attractive! ২৭ minute ২৪ hours, নিতে recharge বা bKash করুন ১৯ TK।",,
normal,শুভ Pohela Falgun!,CodeMix,শুভ Pohela Falgun!,,
promo,"Special deal for you! 10GB+250 minutes @TK250, 30 days: cutt.ly/Lwg2MRlr",English,"Special deal for you! 10GB+250 minutes @TK250, 30 days: cutt.ly/Lwg2MRlr",,
normal,Good morning! Don't forget about our lunch meeting at 2 PM today at the usual place.,English,Good morning! Don't forget about our lunch meeting at 2 PM today at the usual place.,,
promo,City Bank app payment করুন এবং instant cashback ৭% পান। Download now এবং enjoy secure online transactions,CodeMix,City Bank app payment করুন এবং instant cashback ৭% পান। Download now এবং enjoy secure online transactions,,
promo,"Adda+Internet এ নতুন deal 12GB+300min@297TK,30 দিন cutt.ly/Nw0efEst",CodeMix,"Adda+Internet এ নতুন deal 12GB+300min@297TK,30 দিন cutt.ly/Nw0efEst",,
normal,তুমি কি gym এ যাচ্ছো?,CodeMix,তুমি কি gym এ যাচ্ছো?,,
normal,তুমি সবসময় সেরা।,Bengali,তুমি সবসময় সেরা।,,
promo,"Hatil furniture showroom bedroom, dining, living room sets 40% off!",English,"Hatil furniture showroom bedroom, dining, living room sets 40% off!",,
promo,"১৮০৳ ক্যাশব্যাকে সেরা অফার ৬১জিবি+১০০০মি@ ৳৭১৯,৩০দিন: cutt.ly/wwE5YMXC",Bengali,"১৮০৳ ক্যাশব্যাকে সেরা অফার ৬১জিবি+১০০০মি@ ৳৭১৯,৩০দিন: cutt.ly/wwE5YMXC",,
normal,Kani chhoto ekta chobi ankse ar fridge e lagalo. Khub cute lagse.,Banglish,Kani chhoto ekta chobi ankse ar fridge e lagalo. Khub cute lagse.,,
promo,"27minute মাত্র 19টাকা, validity 5দিন; নিতে dial করুন *121*5080#",CodeMix,"27minute মাত্র 19টাকা, validity 5দিন; নিতে dial করুন *121*5080#",,
normal,"প্রিয় আম্মু, আমি এতক্ষণ হাসপাতালে ছিলাম বাবার সাথে। ডাক্তার বলেছেন অপারেশন খুবই সফল হয়েছে এবং বাবার অবস্থা স্থিতিশীল। আর কোন জটিলতা নেই এবং আগামী সপ্তাহেই বাবাকে ছেড়ে দেওয়া হবে। তবে কিছুদিন বিশ্রামে থাকতে হবে এবং ভারী কাজকর্ম করা যাবে না। আপনি চিন্তা করবেন না, আমি এখানেই থাকবো যতদিন প্রয়োজন। আর হ্যাঁ, বাবা আপনাকে খুব মিস করছেন, তিনি বলেছেন আপনি যেন তাড়াতাড়ি এসে তার সাথে দেখা করেন।",Bengali,"প্রিয় আম্মু, আমি এতক্ষণ হাসপাতালে ছিলাম বাবার সাথে। ডাক্তার বলেছেন অপারেশন খুবই সফল হয়েছে এবং বাবার অবস্থা স্থিতিশীল। আর কোন জটিলতা নেই এবং আগামী সপ্তাহেই বাবাকে ছেড়ে দেওয়া হবে। তবে কিছুদিন বিশ্রামে থাকতে হবে এবং ভারী কাজকর্ম করা যাবে না। আপনি চিন্তা করবেন না, আমি এখানেই থাকবো যতদিন প্রয়োজন। আর হ্যাঁ, বাবা আপনাকে খুব মিস করছেন, তিনি বলেছেন আপনি যেন তাড়াতাড়ি এসে তার সাথে দেখা করেন।",,
normal,The sunrise from our rooftop was absolutely breathtaking today.,English,The sunrise from our rooftop was absolutely breathtaking today.,,
normal,I'm thinking of adopting a cat from the animal shelter.,English,I'm thinking of adopting a cat from the animal shelter.,,
normal,Good evening!,English,Good evening!,,
promo,Square appliances special offer! 55% off + warranty. Call now!,English,Square appliances special offer! 55% off + warranty. Call now!,,
promo,"Pickaboo laptop fest: Asus, HP, Dell laptops up to 10,000TK discount. Free backpack included. EMI facility available. Limited stock.",Banglish,"Pickaboo laptop fest: Asus, HP, Dell laptops up to 10,000TK discount. Free backpack included. EMI facility available. Limited stock.",,
promo,"Beshi beshi adda+internetyng,nao 5GB+150min@TK149,7din cutt.ly/owEyhCVt",Banglish,"Beshi beshi adda+internetyng,nao 5GB+150min@TK149,7din cutt.ly/owEyhCVt",,
promo,"Arong Mega Sale: Panjabi, kurti, jewellery up to 30% discount. Offer valid in all outlets till 20 Sept.",Banglish,"Arong Mega Sale: Panjabi, kurti, jewellery up to 30% discount. Offer valid in all outlets till 20 Sept.",,
promo,Bata shoe festival! All footwear 40% off. Additional 10% discount with mobile banking payment!,English,Bata shoe festival! All footwear 40% off. Additional 10% discount with mobile banking payment!,,
promo,"Chat+internet-এ new deal 10GB+250min@২৫৮৳,30দিন cutt.ly/wwCctHGF",CodeMix,"Chat+internet-এ new deal 10GB+250min@২৫৮৳,30দিন cutt.ly/wwCctHGF",,
normal,"Hi, ami ekhane.",Banglish,"Hi, ami ekhane.",,
normal,"Hello, kemon achen apni?",Banglish,"Hello, kemon achen apni?",,
promo,"Sheikh Hasina government's success:
২০০৮ সালে mobile handset production ছিল 0%, এখন দেশের ১৫টি factory থেকে demand-এর ৯৭% পূরণ হচ্ছে।",CodeMix,"Sheikh Hasina government's success: ২০০৮ সালে mobile handset production ছিল 0%, এখন দেশের ১৫টি factory থেকে demand-এর ৯৭% পূরণ হচ্ছে।",,
promo,"Get Fagun's humming deal- 13GB@113TK, 3 days: cutt.ly/0wVxZ5vA",English,"Get Fagun's humming deal- 13GB@113TK, 3 days: cutt.ly/0wVxZ5vA",,
normal,Allah-র কাছে আপনি prayer করা বন্ধ করে দিলে তিনি angry হন। অথচ human-এর কাছে কিছু request করলে সে রেগে যায়। – [Imam Ibn al-Qayyim (Rahimahullah)],CodeMix,Allah-র কাছে আপনি prayer করা বন্ধ করে দিলে তিনি angry হন। অথচ human-এর কাছে কিছু request করলে সে রেগে যায়। – [Imam Ibn al-Qayyim (Rahimahullah)],,
promo,"Daraz Fashion Week শুরু হয়েছে! শার্ট, প্যান্ট, শাড়ি আর অ্যাকসেসরিজে সর্বোচ্চ ৬০% ছাড়। কোড ব্যবহার করুন FASHION60। সীমিত সময়ের জন্য।",Bengali,"Daraz Fashion Week শুরু হয়েছে! শার্ট, প্যান্ট, শাড়ি আর অ্যাকসেসরিজে সর্বোচ্চ ৬০% ছাড়। কোড ব্যবহার করুন FASHION60। সীমিত সময়ের জন্য।",,
normal,The thing that made me very sad is staying at home.,English,The thing that made me very sad is staying at home.,,
normal,Adhika school e ajke notun rhyme shikhe abar sobai ke shunalo. Teacher o onek appreciate korlo. Amra onek proud feel korlam. Tumi ashle tomar sathe o share kortam.,Banglish,Adhika school e ajke notun rhyme shikhe abar sobai ke shunalo. Teacher o onek appreciate korlo. Amra onek proud feel korlam. Tumi ashle tomar sathe o share kortam.,,
normal,Book reading পরিবার construction-এর জন্য time দিতে চাই।,CodeMix,Book reading পরিবার construction-এর জন্য time দিতে চাই।,,
promo,"Nagad recharge করুন ২০০ TK এ এবং ২০ TK extra credit পান। Hurry, offer valid today only।",CodeMix,"Nagad recharge করুন ২০০ TK এ এবং ২০ TK extra credit পান। Hurry, offer valid today only।",,
normal,"No time, send money quickly, bKash 01937382893.",English,"No time, send money quickly, bKash [PHONE] .",,
normal,"Ektu pore tomar ke call korbo, ekhono meeting e boshe asi. Amar presentation cholche tai kisu bolte parbo na ekhon.",Banglish,"Ektu pore tomar ke call korbo, ekhono meeting e boshe asi. Amar presentation cholche tai kisu bolte parbo na ekhon.",,
normal,তুমি কি terminal এ পৌঁছেছ? Let me know when you arrive.,CodeMix,তুমি কি terminal এ পৌঁছেছ? Let me know when you arrive.,,
promo,"Steel Re-Rolling Mills job opportunity! Engineers, operators needed. Salary up to 45000 TK. Apply now!",English,"Steel Re-Rolling Mills job opportunity! Engineers, operators needed. Salary up to 45000 TK. Apply now!",,
normal,How is your day going today?,English,How is your day going today?,,
promo,Bata footwear e Eid collection up to 40% discount. Visit nearest outlet.,Banglish,Bata footwear e Eid collection up to 40% discount. Visit nearest outlet.,,
promo,আজ Daraz অ্যাপে ইলেকট্রনিক্স প্রোডাক্টে ২৫% ছাড়। কোড: TECH25 ব্যবহার করুন এবং আজই অর্ডার করুন।,Bengali,আজ Daraz অ্যাপে ইলেকট্রনিক্স প্রোডাক্টে ২৫% ছাড়। কোড: TECH25 ব্যবহার করুন এবং আজই অর্ডার করুন।,,
normal,আজ দুপুরে হঠাৎ বন্ধুর ফোন পেলাম। অনেকদিন পর কথা হলো।,Bengali,আজ দুপুরে হঠাৎ বন্ধুর ফোন পেলাম। অনেকদিন পর কথা হলো।,,
normal,I'm going to the mall। তুমি কি আমার সাথে আসতে চাও?,CodeMix,I'm going to the mall। তুমি কি আমার সাথে আসতে চাও?,,
normal,আজকের পরিকল্পনা কি?,Bengali,আজকের পরিকল্পনা কি?,,
normal,আজকে কি free আছো? I need to talk to you about our team project।,CodeMix,আজকে কি free আছো? I need to talk to you about our team project।,,
promo,GP Music Fest: Enjoy unlimited Bangla gaan streaming 7 days only 49TK. Dial *121*49# to subscribe.,Banglish,GP Music Fest: Enjoy unlimited Bangla gaan streaming 7 days only 49TK. Dial *121*49# to subscribe.,,
normal,"01672583789 nambare call korun, amar taka dorkar.",Banglish,"[PHONE] nambare call korun, amar taka dorkar.",,
normal,How's your day going today?,English,How's your day going today?,,
normal,"Ami class theke just ber hoyechi, tumi kothay aso?",Banglish,"Ami class theke just ber hoyechi, tumi kothay aso?",,
normal,"কালকে load shedding হওয়ায় class cancel, so we can play cricket.",CodeMix,"কালকে load shedding হওয়ায় class cancel, so we can play cricket.",,
normal,joruri vittite 01738287365 number e taka pathan.,Banglish,joruri vittite [PHONE] number e taka pathan.,,
promo,"Lee Cooper-এ flat 50% ছাড়
সকল shirt, jeans, gabardine
আজ ও কাল
Shop",CodeMix,"Lee Cooper-এ flat 50% ছাড় সকল shirt, jeans, gabardine আজ ও কাল Shop",,
promo,"January-24
Recharge:0TK
Khoroch:
Data:0TK
Voice:23TK
Onnanno:1TK",Banglish,January-24 Recharge:0TK Khoroch: Data:0TK Voice:23TK Onnanno:1TK,,
promo,"TK30 cashback for even more data 50GB@TK468, 30 days cutt.ly/QwE5OlXt",English,"TK30 cashback for even more data 50GB@TK468, 30 days cutt.ly/QwE5OlXt",,
promo,"30GB@389TK,30 days pack buy and get Dunki"" movie ticket: cutt.ly/SwFqDlAs""",English,"30GB@389TK,30 days pack buy and get Dunki"" movie ticket: cutt.ly/SwFqDlAs""",,
normal,01827283962 nambare call korun.,Banglish,[PHONE] nambare call korun.,,
normal,"জরুরি, ০১৯৩৭২৮৩৮৯৪ এই নাম্বারে রকেটে টাকা পাঠান।",Bengali,"জরুরি, [PHONE] এই নাম্বারে রকেটে টাকা পাঠান।",,
normal,আজকে অফিসে এত কাজ ছিল যে দুপুরে খাওয়ার সময়ই পাইনি। সারাদিন রিপোর্ট বানাতে গিয়ে মাথা ঘুরে যাচ্ছিলো। কালকে একটু আগে থেকেই কাজ শেষ করার চেষ্টা করবো।,Bengali,আজকে অফিসে এত কাজ ছিল যে দুপুরে খাওয়ার সময়ই পাইনি। সারাদিন রিপোর্ট বানাতে গিয়ে মাথা ঘুরে যাচ্ছিলো। কালকে একটু আগে থেকেই কাজ শেষ করার চেষ্টা করবো।,,
normal,This is a part of IQ test phase.,English,This is a part of IQ test phase.,,
promo,Kay Kraft winter sale! All shoes up to 25% discount. This weekend only!,English,Kay Kraft winter sale! All shoes up to 25% discount. This weekend only!,,
normal,What are you doing tomorrow?,English,What are you doing tomorrow?,,
normal,তুমি কি village-এ যাচ্ছো?,CodeMix,তুমি কি village-এ যাচ্ছো?,,
normal,The book you recommended was absolutely amazing. Do you have any other suggestions?,English,The book you recommended was absolutely amazing. Do you have any other suggestions?,,
normal,Kalke bus e ekjon old friend dekha holo. Ek cup cha kheye purono golpo korte korte moja holo.,Banglish,Kalke bus e ekjon old friend dekha holo. Ek cup cha kheye purono golpo korte korte moja holo.,,
normal,শুভ মহাষ্টমী!,Bengali,শুভ মহাষ্টমী!,,
promo,"শীতের special discount at Westecs! সব laptops এ 15% off + free bag. Hurry, offer valid মাস শেষে।",CodeMix,"শীতের special discount at Westecs! সব laptops এ 15% off + free bag. Hurry, offer valid মাস শেষে।",,
normal,তুমি কি mountain-এ যাচ্ছো?,CodeMix,তুমি কি mountain-এ যাচ্ছো?,,
normal,"They want to suppress our brothers and sisters by showing fear of death, yet behind us are hundreds of memories like Badr, Khandaq, Tabuk. - [Poet Al Mahmud]",English,"They want to suppress our brothers and sisters by showing fear of death, yet behind us are hundreds of memories like Badr, Khandaq, Tabuk. - [Poet Al Mahmud]",,
normal,"চাচী, আপনার মেয়ের বিবাহের প্রস্তুতি কেমন? কিছু সাহায্য লাগবে?",Bengali,"চাচী, আপনার মেয়ের বিবাহের প্রস্তুতি কেমন? কিছু সাহায্য লাগবে?",,
normal,Tumi ki bushe jachcho?,Banglish,Tumi ki bushe jachcho?,,
normal,"প্রিয় গ্রাহক আপনার কাছে পল্লি বিদ্যুৎ  জামালপুর শাখার পাওনা রয়েছে ৫০৩৮/- টাকা, জলদি পাওনা পরিষোধ না করলে বিদ্যুৎ লাইন বিচ্ছিন্ন করা হবে।",Bengali,"প্রিয় গ্রাহক আপনার কাছে পল্লি বিদ্যুৎ জামালপুর শাখার পাওনা রয়েছে ৫০৩৮/- টাকা, জলদি পাওনা পরিষোধ না করলে বিদ্যুৎ লাইন বিচ্ছিন্ন করা হবে।",,
normal,"সময় নাই, ০১৭২৯১৮২৮৯৩ এই নাম্বারে বিকাশ করুন।",Bengali,"সময় নাই, [PHONE] এই নাম্বারে বিকাশ করুন।",,
promo,"Grameenphone FlexiPlan ব্যবহারকারীদের জন্য সুপার অফার: আজ সব বান্ডেল প্যাকে ২৫% ছাড়। মিনিট, এসএমএস আর ডেটা নিজের মত তৈরি করুন। এখনই অ্যাপ চালু করুন।",Bengali,"Grameenphone FlexiPlan ব্যবহারকারীদের জন্য সুপার অফার: আজ সব বান্ডেল প্যাকে ২৫% ছাড়। মিনিট, এসএমএস আর ডেটা নিজের মত তৈরি করুন। এখনই অ্যাপ চালু করুন।",,
promo,Shohoz Bike Offer: First 5 rides free up to 60TK each for new users. Promo code BIKEFREE. Valid this month only.,Banglish,Shohoz Bike Offer: First 5 rides free up to 60TK each for new users. Promo code BIKEFREE. Valid this month only.,,
normal,আমি সব সময় আমার সমস্যার জন্য সমাধান দিতে চাই।,Bengali,আমি সব সময় আমার সমস্যার জন্য সমাধান দিতে চাই।,,
normal,শুভ পয়লা বৈশাখ!,Bengali,শুভ পয়লা বৈশাখ!,,
normal,কেমন যেন তোমার সময় কাটছে?,Bengali,কেমন যেন তোমার সময় কাটছে?,,
normal,"আজ দুপুরে বাজারে গিয়ে মাছ কিনলাম। ইলিশ অনেক দামি হয়ে গেছে, তবে ছোট মাছগুলোর দাম মোটামুটি। রান্না করে সবাই মিলে খাওয়ার প্ল্যান করছি।",Bengali,"আজ দুপুরে বাজারে গিয়ে মাছ কিনলাম। ইলিশ অনেক দামি হয়ে গেছে, তবে ছোট মাছগুলোর দাম মোটামুটি। রান্না করে সবাই মিলে খাওয়ার প্ল্যান করছি।",,
promo,Notun lifestyle product e 25% discount! Stock shesh howar age sujog nin.,Banglish,Notun lifestyle product e 25% discount! Stock shesh howar age sujog nin.,,
normal,০১৬৭২৫৭২৯৩৮ নাম্বারে বিকাশ করুন।,Bengali,[PHONE] নাম্বারে বিকাশ করুন।,,
promo,November-23 Recharge: 0TK Expense: Data: 38TK Voice: 57TK Others: 0TK,English,November-23 Recharge: 0TK Expense: Data: 38TK Voice: 57TK Others: 0TK,,
normal,Lunch এ কোথায় যাব? I feel like having pizza আজ।,CodeMix,Lunch এ কোথায় যাব? I feel like having pizza আজ।,,
promo,Purbani Hotel wedding packages! Complete arrangements starting 150000 TK. Book hall: 02-9567788!,English,Purbani Hotel wedding packages! Complete arrangements starting 1500 TK. Book hall: [PHONE] !,,
promo,"Purbachal shonglonno bhoratkrito ready plot, katha shorbonimno 4.5lakkho
01894841736",Banglish,"Purbachal shonglonno bhoratkrito ready plot, katha shorbonimno 4.5lakkho [PHONE]",,
normal,Shanibar family sathe Old Dhaka te biryani khete jabo. Tui ashle aro moja hobe.,Banglish,Shanibar family sathe Old Dhaka te biryani khete jabo. Tui ashle aro moja hobe.,,
promo,বাংলাদেশ নৌবাহিনীতে অফিসার ক্যাডেট পদে নিয়োগ চলছে । ভিজিট করুন: www.joinnavy.navy.mil.bd,Bengali,বাংলাদেশ নৌবাহিনীতে অফিসার ক্যাডেট পদে নিয়োগ চলছে । ভিজিট করুন: [URL],,
normal,"Call this number 01827283892, urgent.",English,"Call this number [PHONE] , urgent.",,
normal,Kalke family shobai sathe boshe dinner korlam. Maa boro table e boro ranna korse. Sobai golpo korte korte khawa dawa holo. Khub moja laglo.,Banglish,Kalke family shobai sathe boshe dinner korlam. Maa boro table e boro ranna korse. Sobai golpo korte korte khawa dawa holo. Khub moja laglo.,,
normal,"Dinner time e amake wait korte hobe kina janina, karon office e abar overtime diche. Tumi jodi thako tahole amar jonno kichu ranna kore rakhba.",Banglish,"Dinner time e amake wait korte hobe kina janina, karon office e abar overtime diche. Tumi jodi thako tahole amar jonno kichu ranna kore rakhba.",,
promo,“দ্বাদশ জাতীয় সংসদ নির্বাচনে অংশগ্রহণে ইচ্ছুক প্রার্থীগণ প্রচলিত পদ্ধতির পাশাপাশি অনলাইনেও মনোনয়নপত্র দাখিল করতে পারবেন। অনলাইনে মনোনয়ন দাখিল করতে কমিশনের ওয়েবসাইট www.ecs.gov.bd-এ প্রবেশ করুন”-ইসি,Bengali,“দ্বাদশ জাতীয় সংসদ নির্বাচনে অংশগ্রহণে ইচ্ছুক প্রার্থীগণ প্রচলিত পদ্ধতির পাশাপাশি অনলাইনেও মনোনয়নপত্র দাখিল করতে পারবেন। অনলাইনে মনোনয়ন দাখিল করতে কমিশনের ওয়েবসাইট [URL] প্রবেশ করুন”-ইসি,,
promo,Walton smart appliance কিনলে gift voucher পাবেন TK 700। Order করুন আজই!,CodeMix,Walton smart appliance কিনলে gift voucher পাবেন TK 700। Order করুন আজই!,,
promo,200TK same cashback! Get 60GB+1000minutes@699TK 30days: cutt.ly/aAhiAsI,English,200TK same cashback! Get 60GB+1000minutes@699TK 30days: cutt.ly/aAhiAsI,,
promo,The handset is not registered in BTRC's database. The handset will be automatically registered.,English,The handset is not registered in BTRC's database. The handset will be automatically registered.,,
promo,GP FlexiPlan-এ আজ সব ইন্টারনেট বান্ডেল ২০% ডিসকাউন্ট।,Bengali,GP FlexiPlan-এ আজ সব ইন্টারনেট বান্ডেল ২০% ডিসকাউন্ট।,,
normal,Ami jeno kichhu bolte pari na.,Banglish,Ami jeno kichhu bolte pari na.,,
promo,Daraz App-এ নতুন ইউজার রেজিস্টার করলে ২৫০ টাকা ভাউচার ফ্রি। এখনই ডাউনলোড করে শপিং শুরু করুন।,Bengali,Daraz App-এ নতুন ইউজার রেজিস্টার করলে ২৫০ টাকা ভাউচার ফ্রি। এখনই ডাউনলোড করে শপিং শুরু করুন।,,
normal,০১৭২৯১৭২৯৪৯ এই নাম্বারে রকেটে টাকা পাঠান।,Bengali,[PHONE] এই নাম্বারে রকেটে টাকা পাঠান।,,
promo,"৩০জিবি @৩০০৳,৩০দিন! ফুল-অন ইন্টারনেটিং করতে নাও- cutt.ly/jwkuSC76",Bengali,"৩০জিবি @৩০০৳,৩০দিন! ফুল-অন ইন্টারনেটিং করতে নাও- cutt.ly/jwkuSC76",,
normal,"সাফল্য তোমার দিকে আসবে, ধৈর্য ধরো।",Bengali,"সাফল্য তোমার দিকে আসবে, ধৈর্য ধরো।",,
normal,আমি প্রায় সপ্তাহে একবার মাঠে যায়।,Bengali,আমি প্রায় সপ্তাহে একবার মাঠে যায়।,,
normal,Kalke Sadiqa class e ekta natok koreche. She dialogue pura confident vabe bolse. Teacher appreciate kore clap dilo.,Banglish,Kalke Sadiqa class e ekta natok koreche. She dialogue pura confident vabe bolse. Teacher appreciate kore clap dilo.,,
normal,Send 500 taka via Rocket to this number 01728291765.,English,Send 500 taka via Rocket to this number [PHONE] .,,
normal,আপনি কি খবর?,Bengali,আপনি কি খবর?,,
normal,Adhika ajke school theke ekta certificate niya ashse for best handwriting. She khub happy ar sobai ke dekhachilo. Amra proud feel korlam.,Banglish,Adhika ajke school theke ekta certificate niya ashse for best handwriting. She khub happy ar sobai ke dekhachilo. Amra proud feel korlam.,,
promo,New summer collection: ২০% discount on all items। Online shop করুন এবং free delivery পান,CodeMix,New summer collection: ২০% discount on all items। Online shop করুন এবং free delivery পান,,
promo,"Olympic Industries cake factory sale! Wedding cakes, birthday cakes 30% discount. Order: 01977665544!",English,"Olympic Industries cake factory sale! Wedding cakes, birthday cakes 30% discount. Order: [PHONE] !",,
normal,কেমন চলছে তোমার দিন?,Bengali,কেমন চলছে তোমার দিন?,,
normal,০১৬৭২৫৭৩৮৭৯ নাম্বারে দ্রুত বিকাশ করুন।,Bengali,[PHONE] নাম্বারে দ্রুত বিকাশ করুন।,,
promo,"Bkash QR shopping cashback: Spend 1000TK+ at super shops using Bkash QR and get instant 10% cashback up to 200TK. Valid till 10th Sept. Shop more, save more!",Banglish,"Bkash QR shopping cashback: Spend 1000TK+ at super shops using Bkash QR and get instant 10% cashback up to 200TK. Valid till 10th Sept. Shop more, save more!",,
promo,Prime Bank car loan special! New car financing up to 80% loan amount. Drive your dream car!,English,Prime Bank car loan special! New car financing up to 80% loan amount. Drive your dream car!,,
normal,Shubho shokal!,Banglish,Shubho shokal!,,
normal,আজ বিকেলে জ্যামে এক ঘণ্টা বসে ছিলাম। ঢাকার রাস্তার অবস্থা আরও খারাপ হচ্ছে।,Bengali,আজ বিকেলে জ্যামে এক ঘণ্টা বসে ছিলাম। ঢাকার রাস্তার অবস্থা আরও খারাপ হচ্ছে।,,
normal,তুমি কি launch ghat এ পৌঁছেছ? Let me know when boat arrives.,CodeMix,তুমি কি launch ghat এ পৌঁছেছ? Let me know when boat arrives.,,
promo,"30GB @ 300 TK, 30 days! Full-on internet experience – grab it now: cutt.ly/jwkuSC76",CodeMix,"30GB @ 300 TK, 30 days! Full-on internet experience – grab it now: cutt.ly/jwkuSC76",,
promo,"TK35 cashback, now even more data 50GB@TK463,30 days cutt.ly/HwOETkke",English,"TK35 cashback, now even more data 50GB@TK463,30 days cutt.ly/HwOETkke",,
normal,The vacation photos look amazing! Seems like you had a wonderful time at Cox's Bazar.,English,The vacation photos look amazing! Seems like you had a wonderful time at Cox's Bazar.,,
normal,তুমি কি কলেজে যাচ্ছো?,Bengali,তুমি কি কলেজে যাচ্ছো?,,
normal,"01827283892 ei nambare call korun, joruri.",Banglish,"[PHONE] ei nambare call korun, joruri.",,
normal,বন্ধুরা কেমন আছ?,CodeMix,বন্ধুরা কেমন আছ?,,
normal,"আমি ভালো আছি, thanks।",CodeMix,"আমি ভালো আছি, thanks।",,
normal,"আজ সকালে হাঁটতে বের হয়েছিলাম। বাতাসটা ঠাণ্ডা ছিল, মনে হচ্ছিলো ভীষণ প্রশান্তি। সারাদিন কাজের আগে একটু এনার্জি পেয়ে গেলাম।",Bengali,"আজ সকালে হাঁটতে বের হয়েছিলাম। বাতাসটা ঠাণ্ডা ছিল, মনে হচ্ছিলো ভীষণ প্রশান্তি। সারাদিন কাজের আগে একটু এনার্জি পেয়ে গেলাম।",,
normal,Send bKash to number 01672572938.,English,Send bKash to number [PHONE] .,,
promo,Walton Plaza grand opening! All home appliances 40% discount + 3 year warranty. Inaugurated by celebrity!,English,Walton Plaza grand opening! All home appliances 40% discount + 3 year warranty. Inaugurated by celebrity!,,
normal,The homemade sweets were delicious! Grandma's recipe always brings back such wonderful childhood memories.,English,The homemade sweets were delicious! Grandma's recipe always brings back such wonderful childhood memories.,,
normal,আমার একটি problem আছে।,CodeMix,আমার একটি problem আছে।,,
promo,"আড্ডা+internetting-য়ে নতুন deal ১০জিবি+৩০০মি@২৯৬৳,৩০দিন:cutt.ly/QwFwTH3J",CodeMix,"আড্ডা+internetting-য়ে নতুন deal ১০জিবি+৩০০মি@২৯৬৳,৩০দিন:cutt.ly/QwFwTH3J",,
promo,Pathao Food-এ সপ্তাহজুড়ে সব অর্ডারে ফ্রি ডেলিভারি।,Bengali,Pathao Food-এ সপ্তাহজুড়ে সব অর্ডারে ফ্রি ডেলিভারি।,,
promo,"17ই May, 2024 World Telecommunication & Information Society Day (WTISD) উপলক্ষ্যে online essay competition আয়োজন করা হয়েছে। Participate করতে click করুন: https://bit.ly/wtisd24",CodeMix,"17ই May, 2024 World Telecommunication & Information Society Day (WTISD) উপলক্ষ্যে online essay competition আয়োজন করা হয়েছে। Participate করতে click করুন: [URL]",,
promo,৳৬০ cashback! ২০জিবি @ ৳২৪৯ ৩০দিন নিয়ে নাও: cutt.ly/Pwlt8cOy,CodeMix,৳৬০ cashback! ২০জিবি @ ৳২৪৯ ৩০দিন নিয়ে নাও: cutt.ly/Pwlt8cOy,,
normal,আমি আমার জীবনের প্রধান আমাদের সঙ্গে সময় কাটাতে চাই।,Bengali,আমি আমার জীবনের প্রধান আমাদের সঙ্গে সময় কাটাতে চাই।,,
normal,Shubho Ashura!,Banglish,Shubho Ashura!,,
normal,"Apnar paona 6000/- taka, druto porishodh korun.",Banglish,"Apnar paona 6000/- taka, druto porishodh korun.",,
promo,Kacchi Bhai grand opening! 50% off all items. Gulshan. Book now: 01734829576!,English,Kacchi Bhai grand opening! 50% off all items. Gulshan. Book now: [PHONE] !,,
normal,Thanks for listening when I needed someone to talk to. Your friendship means everything to me.,English,Thanks for listening when I needed someone to talk to. Your friendship means everything to me.,,
normal,The weather is perfect for drying clothes outside. Finally some sunshine after days of rain!,English,The weather is perfect for drying clothes outside. Finally some sunshine after days of rain!,,
normal,"Ajke office e manager onek important announcement dilo. Sobai serious chhilo, kintu kichu humor o chhilo.",Banglish,"Ajke office e manager onek important announcement dilo. Sobai serious chhilo, kintu kichu humor o chhilo.",,
normal,"আপনার payment pending রয়েছে, ০১৭২৮২৭৩৮১৯ TK পাঠান।",CodeMix,"আপনার payment pending রয়েছে, [PHONE] TK পাঠান।",,
promo,হোম অ্যাপ্লায়েন্সের উপর ২৫% পর্যন্ত ছাড়! অফার শেষ হওয়ার আগে সুযোগ নিন।,Bengali,হোম অ্যাপ্লায়েন্সের উপর ২৫% পর্যন্ত ছাড়! অফার শেষ হওয়ার আগে সুযোগ নিন।,,
promo,Shohoz Rides আজ সব রাইডে ২০% ডিসকাউন্ট দিচ্ছে। নিরাপদ ভ্রমণের জন্য এখনই বুক করুন।,Bengali,Shohoz Rides আজ সব রাইডে ২০% ডিসকাউন্ট দিচ্ছে। নিরাপদ ভ্রমণের জন্য এখনই বুক করুন।,,
normal,Hope you're enjoying your vacation in Chittagong! The Hill Tracts must look stunning this season.,English,Hope you're enjoying your vacation in Chittagong! The Hill Tracts must look stunning this season.,,
normal,"Hello, what's up?",English,"Hello, what's up?",,
promo,‘শেখ হাসিনা ইয়ুথ ভলান্টিয়ার অ্যাওয়ার্ড-২০২৪’ প্রদানের লক্ষ্যে ১৮-৪৫ বছরের যুবদের নিকট হতে দরখাস্ত আহবান করা হয়েছে। এ বিষয়ে সকল তথ্য যুব ও ক্রীড়া মন্ত্রণালয়ের ওয়েবসাইটে www.moysports.gov.bd পাওয়া যাবে।,Bengali,‘শেখ হাসিনা ইয়ুথ ভলান্টিয়ার অ্যাওয়ার্ড-২০২৪’ প্রদানের লক্ষ্যে ১৮-৪৫ বছরের যুবদের নিকট হতে দরখাস্ত আহবান করা হয়েছে। এ বিষয়ে সকল তথ্য যুব ও ক্রীড়া মন্ত্রণালয়ের ওয়েবসাইটে [URL] পাওয়া যাবে।,,
promo,"বেশি বেশি আড্ডা+ইন্টারনেটিং,নাও ৫জিবি+১৫০মি@৳১৪৯,৭দিন cutt.ly/owEyhCVt",Bengali,"বেশি বেশি আড্ডা+ইন্টারনেটিং,নাও ৫জিবি+১৫০মি@৳১৪৯,৭দিন cutt.ly/owEyhCVt",,
promo,New clients-দের জন্য special offer! আমাদের service-এ ২০% discount।,CodeMix,New clients-দের জন্য special offer! আমাদের service-এ ২০% discount।,,
normal,০১৮২৭২৮৩৯৬২ number-e call করুন।,CodeMix,[PHONE] number-e call করুন।,,
promo,Regal furniture showroom grand opening! All items 45% discount first week.,Banglish,Regal furniture showroom grand opening! All items 45% discount first week.,,
promo,"“পাসপোর্ট ও ভিসা সংক্রান্ত তথ্য পেতে পাসপোর্ট বাতায়নে দেশ থেকে ১৬৪৪৫ নম্বরে ও বিদেশ থেকে ০৯৬৬৬৭১৬৪৪৫ নম্বরে ফোন করুন। 
পাসপোর্ট ও ভিসা পেতে সরকার কর্তৃক নির্ধারিত ফি ব্যতীত কোন অর্থ লেনদেন করবেন না।”",Bengali,“পাসপোর্ট ও ভিসা সংক্রান্ত তথ্য পেতে পাসপোর্ট বাতায়নে দেশ থেকে ১৬৪৪৫ নম্বরে ও বিদেশ থেকে [PHONE] নম্বরে ফোন করুন। পাসপোর্ট ও ভিসা পেতে সরকার কর্তৃক নির্ধারিত ফি ব্যতীত কোন অর্থ লেনদেন করবেন না।”,,
normal,Ami shokale bajare jachchi.,Banglish,Ami shokale bajare jachchi.,,
normal,The surprise party was amazing! Everyone had such a wonderful time celebrating with you.,English,The surprise party was amazing! Everyone had such a wonderful time celebrating with you.,,
normal,"Cricket match ta dekhlam, Bangladesh khub bhalo khelche.",Banglish,"Cricket match ta dekhlam, Bangladesh khub bhalo khelche.",,
promo,"System upgrade-er jonno 3 October raat 12:01 minute theke shokal 8ta porjonto, Skitto sim-er shokol sheba bondho thakbe. Bistarito: cutt.ly/TwvBT4wH",Banglish,"System upgrade-er jonno 3 October raat 12:01 minute theke shokal 8ta porjonto, Skitto sim-er shokol sheba bondho thakbe. Bistarito: cutt.ly/TwvBT4wH",,
normal,kemon achhen apni?,Banglish,kemon achhen apni?,,
normal,"If it were me, I would have removed it earlier... but now what's happening is they are being a bit stubborn that outsiders will come and take everything, this is not right",English,"If it were me, I would have removed it earlier... but now what's happening is they are being a bit stubborn that outsiders will come and take everything, this is not right",,
normal,Amar ei number-e call korun 01729182893.,Banglish,Amar ei number-e call korun [PHONE] .,,
promo,"TK 100 cashback last day! 31GB+450min.@ TK 399, 30 days: cutt.ly/2wQlYv6U",English,"TK 100 cashback last day! 31GB+450min.@ TK 399, 30 days: cutt.ly/2wQlYv6U",,
normal,"Maa kalke bari te dawath dite chay. Sobai ke invite kora hocche. Tui jodi free thakish please esho, sobai ek sathe moja hobe.",Banglish,"Maa kalke bari te dawath dite chay. Sobai ke invite kora hocche. Tui jodi free thakish please esho, sobai ek sathe moja hobe.",,
promo,"রবির বিপ্লবী নতুন অফার - 'অসীম স্বাধীনতা' প্যাকেজ! মাত্র ৭৯৯ টাকায় পাবেন সম্পূর্ণ ৩০ দিনের জন্য আনলিমিটেড ইন্টারনেট (প্রথম ৩০ জিবি ফুল স্পিড, পরে কমে গেলেও থাকবে), আনলিমিটেড রবি টু রবি কল, অন্যান্য অপারেটরে ৭০০ মিনিট ফ্রি কল এবং ১০০০ SMS। এছাড়াও বোনাস হিসেবে পাবেন বিকাশে ১০০ টাকা ক্যাশব্যাক। এই অফার কেবলমাত্র নতুন গ্রাহকদের জন্য এবং ৩১ অক্টোবর পর্যন্ত বৈধ।",Bengali,"রবির বিপ্লবী নতুন অফার - 'অসীম স্বাধীনতা' প্যাকেজ! মাত্র ৭৯৯ টাকায় পাবেন সম্পূর্ণ ৩০ দিনের জন্য আনলিমিটেড ইন্টারনেট (প্রথম ৩০ জিবি ফুল স্পিড, পরে কমে গেলেও থাকবে), আনলিমিটেড রবি টু রবি কল, অন্যান্য অপারেটরে ৭০০ মিনিট ফ্রি কল এবং ১০০০ SMS। এছাড়াও বোনাস হিসেবে পাবেন বিকাশে ১০০ টাকা ক্যাশব্যাক। এই অফার কেবলমাত্র নতুন গ্রাহকদের জন্য এবং ৩১ অক্টোবর পর্যন্ত বৈধ।",,
normal,"koshto peyo na, ami achhi tomar pashe.",Banglish,"koshto peyo na, ami achhi tomar pashe.",,
normal,আজ সকালে জ্যামে এক ঘণ্টা আটকে ছিলাম। অফিস পৌঁছাতে অনেক দেরি হলো। ঢাকা শহরের এই ট্রাফিক সমস্যা আর কতদিন চলবে কে জানে।,Bengali,আজ সকালে জ্যামে এক ঘণ্টা আটকে ছিলাম। অফিস পৌঁছাতে অনেক দেরি হলো। ঢাকা শহরের এই ট্রাফিক সমস্যা আর কতদিন চলবে কে জানে।,,
promo,"২০০TK cashback শেষ দিন! ৬১GB+১০০০min@৬৯৯TK,৩০দিন: cutt.ly/OwG5T3ub",CodeMix,"২০০TK cashback শেষ দিন! ৬১GB+১০০০min@৬৯৯TK,৩০দিন: cutt.ly/OwG5T3ub",,
normal,Congratulations on your promotion! Well deserved after all your hard work. Let's celebrate this weekend!,English,Congratulations on your promotion! Well deserved after all your hard work. Let's celebrate this weekend!,,
normal,"প্রিয় শিক্ষার্থী, আপনার টিউশন ফি আজ পর্যন্ত ৩০,৪৫০.০০ টাকা বকেয়া আছে। (পূর্বের লেট ফাইন ও বকেয়াসহ) চলতি মাসের টিউশন ফি (জরিমানা ছাড়া) ১৮ই সেপ্টেম্বর, ২০২৪ মধ্যে পরিশোধ করুন। বিস্তারিত https://student.daffodil.edu.bd/ লগইন করুন। (Daffodil)",Bengali,"প্রিয় শিক্ষার্থী, আপনার টিউশন ফি আজ পর্যন্ত ৩০,৪৫০.০০ টাকা বকেয়া আছে। (পূর্বের লেট ফাইন ও বকেয়াসহ) চলতি মাসের টিউশন ফি (জরিমানা ছাড়া) ১৮ই সেপ্টেম্বর, ২০২৪ মধ্যে পরিশোধ করুন। বিস্তারিত [URL] লগইন করুন। (Daffodil)",,
normal,Are you going by train?,English,Are you going by train?,,
promo,"180TK cashback e shera offer 61GB+1000min@ TK719,30din: cutt.ly/wwE5YMXC",Banglish,"180TK cashback e shera offer 61GB+1000min@ TK719,30din: cutt.ly/wwE5YMXC",,
promo,"Pro-level TK100 cashback 35GB+500min@TK399, 30 days cutt.ly/2wQlYv6U",English,"Pro-level TK100 cashback 35GB+500min@TK399, 30 days cutt.ly/2wQlYv6U",,
normal,আজ সকালে ঘুম থেকে উঠে দেখি বৃষ্টি হচ্ছে। চা বানিয়ে বারান্দায় বসে গান শুনছিলাম। মনে হচ্ছিলো সারাদিন এভাবেই কেটে যাক।,Bengali,আজ সকালে ঘুম থেকে উঠে দেখি বৃষ্টি হচ্ছে। চা বানিয়ে বারান্দায় বসে গান শুনছিলাম। মনে হচ্ছিলো সারাদিন এভাবেই কেটে যাক।,,
promo,"তোমার জন্য স্পেশাল ডিল ৪জিবি+৮০মি.@৮৭৳, ৭দিন: cutt.ly/Iw0edGlt",Bengali,"তোমার জন্য স্পেশাল ডিল ৪জিবি+৮০মি.@৮৭৳, ৭দিন: cutt.ly/Iw0edGlt",,
normal,Shubho bibaho barshiki!,Banglish,Shubho bibaho barshiki!,,
promo,BRAC Bank credit card holders জন্য ১৫% cashback on electronics। Apply now এবং instant reward points পান,CodeMix,BRAC Bank credit card holders জন্য ১৫% cashback on electronics। Apply now এবং instant reward points পান,,
normal,"সব ঠিক হয়ে যাবে, চিন্তা কোরো না।",Bengali,"সব ঠিক হয়ে যাবে, চিন্তা কোরো না।",,
promo,Shopno department store Eid collection! Latest fashion 25% off. Visit Dhanmondi branch.,Banglish,Shopno department store Eid collection! Latest fashion 25% off. Visit Dhanmondi branch.,,
promo,"Sheikh Hasina government-র success:
মাননীয় Prime Minister Sheikh Hasina-র instruction-এ এখন পর্যন্ত ১৩ lakh homeless family-কে land-সহ house construction করে দিয়েছে government। Result-এ fortune changed হয়ে গেছে প্রায় ৫০ lakh helpless মানুষের। 
",CodeMix,Sheikh Hasina government-র success: মাননীয় Prime Minister Sheikh Hasina-র instruction-এ এখন পর্যন্ত ১৩ lakh homeless family-কে land-সহ house construction করে দিয়েছে government। Result-এ fortune changed হয়ে গেছে প্রায় ৫০ lakh helpless মানুষের।,,
normal,Are you playing sports?,English,Are you playing sports?,,
promo,Get cashback upto 99tk! From skitto app in chill deal- cutt.ly/aAhiAsI,English,Get cashback upto 99tk! From skitto app in chill deal- cutt.ly/aAhiAsI,,
normal,"Urgent, send money to Rocket on this number 01937283894.",English,"Urgent, send money to Rocket on this number [PHONE] .",,
normal,Asha kori tomar shofollota hok!,Banglish,Asha kori tomar shofollota hok!,,
normal,তুমি কি ট্রামে যাচ্ছো?,Bengali,তুমি কি ট্রামে যাচ্ছো?,,
promo,"Pro-level TK১০০ cashback এ ৩৫GB+৫০০মি.\@TK৩৯৯, ৩০দিন cutt.ly/2wQlYv6U",CodeMix,"Pro-level TK১০০ cashback এ ৩৫GB+৫০০মি.\@TK৩৯৯, ৩০দিন cutt.ly/2wQlYv6U",,
promo,"বেশি বেশি chat+internet,নাও ৫GB+১৫০min@১৪৯TK,৭days cutt.ly/owEyhCVt",CodeMix,"বেশি বেশি chat+internet,নাও ৫GB+১৫০min@১৪৯TK,৭days cutt.ly/owEyhCVt",,
normal,আমার জন্য একটু অপেক্ষা করো। I am running late। 15 minutes এর মধ্যে চলে আসছি।,CodeMix,আমার জন্য একটু অপেক্ষা করো। I am running late। 15 minutes এর মধ্যে চলে আসছি।,,
promo,"Nagad cashback offer! Recharge 100TK, paben 20TK bonus. *167# dial korun.",Banglish,"Nagad cashback offer! Recharge 100TK, paben 20TK bonus. *167# dial korun.",,
promo,Square Pharmaceuticals health checkup camp! Full body screening 2500 TK. Early detection saves lives!,English,Square Pharmaceuticals health checkup camp! Full body screening 2500 TK. Early detection saves lives!,,
normal,tumi ki khela dekhcho?,Banglish,tumi ki khela dekhcho?,,
promo,"৳100 cashback! 30GB+500min @৳399 30দিন, নিয়ে নাও: cutt.ly/AwkY4L2C",CodeMix,"৳100 cashback! 30GB+500min @৳399 30দিন, নিয়ে নাও: cutt.ly/AwkY4L2C",,
normal,Happy New Year-র wishes!,CodeMix,Happy New Year-র wishes!,,
normal,"আপনার মতো হোক না, আমি যেন তারামুল।",Bengali,"আপনার মতো হোক না, আমি যেন তারামুল।",,
normal,Hope তোমার day টা ভালো কাটুক!,CodeMix,Hope তোমার day টা ভালো কাটুক!,,
normal,"Dear student, your tuition fee of 22,900.00TK is pending (including previous late fees). Pay current month's tuition (without fine) by 20 September 2024. Details: https://student.ulab.edu.bd/ (ULAB)",English,"Dear student, your tuition fee of 22,900.00TK is pending (including previous late fees). Pay current month's tuition (without fine) by 20 September 2024. Details: [URL] (ULAB)",,
normal,"Ajke cricket match chilo Bangladesh vs Pakistan. Last over porjonto pura excitement thaklo. Jodio Bangladesh hara gelo, crowd er energy onek bhalo chhilo.",Banglish,"Ajke cricket match chilo Bangladesh vs Pakistan. Last over porjonto pura excitement thaklo. Jodio Bangladesh hara gelo, crowd er energy onek bhalo chhilo.",,
normal,"হ্যালো, কি করছো?",Bengali,"হ্যালো, কি করছো?",,
normal,Are you swimming?,English,Are you swimming?,,
promo,"চলে এসেছে বছরের সবচেয়ে বড় শীতের সেল! কে অ্যান্ড কে ফ্যাশনে আমরা নিয়ে এসেছি শীতের পোশাকের উপর অবিশ্বাস্য ছাড় - জ্যাকেট, সোয়েটার, শার্ট, প্যান্ট, সালোয়ার-কামিজ সব কিছুতে ৬০% পর্যন্ত ছাড়! বিশেষভাবে জনপ্রিয় ব্র্যান্ডগুলো যেমন Yellow, Aarong, Ecstasy এবং Richman এর কালেকশনও এই অফারে অন্তর্ভুক্ত। ৩০০০ টাকার উপরে কেনাকাটায় ফ্রি হোম ডেলিভারি। বসুন্ধরা সিটি, যমুনা ফিউচার পার্ক এবং অন্যান্য শাখায় পাওয়া যাচ্ছে।",Bengali,"চলে এসেছে বছরের সবচেয়ে বড় শীতের সেল! কে অ্যান্ড কে ফ্যাশনে আমরা নিয়ে এসেছি শীতের পোশাকের উপর অবিশ্বাস্য ছাড় - জ্যাকেট, সোয়েটার, শার্ট, প্যান্ট, সালোয়ার-কামিজ সব কিছুতে ৬০% পর্যন্ত ছাড়! বিশেষভাবে জনপ্রিয় ব্র্যান্ডগুলো যেমন Yellow, Aarong, Ecstasy এবং Richman এর কালেকশনও এই অফারে অন্তর্ভুক্ত। ৩০০০ টাকার উপরে কেনাকাটায় ফ্রি হোম ডেলিভারি। বসুন্ধরা সিটি, যমুনা ফিউচার পার্ক এবং অন্যান্য শাখায় পাওয়া যাচ্ছে।",,
promo,Public opinion is being collected to update the rate list. See BTRC website notice board for feedback (http://www.btrc.gov.bd/). Your valuable opinion is very important to us. -BTRC,English,Public opinion is being collected to update the rate list. See BTRC website notice board for feedback [URL] Your valuable opinion is very important to us. -BTRC,,
normal,তুমি কি museum-এ যাচ্ছো?,CodeMix,তুমি কি museum-এ যাচ্ছো?,,
normal,"আম্মু, আমি বাজার করে আসছি। কিছু দরকার হলে ফোন করবেন।",Bengali,"আম্মু, আমি বাজার করে আসছি। কিছু দরকার হলে ফোন করবেন।",,
normal,"Shomoy kom taratari taka pathao, ami chole jabo, amar bKash 01728288292",Banglish,"Shomoy kom taratari taka pathao, ami chole jabo, amar bKash [PHONE]",,
normal,Amar numbere 01736637387 flexiload kore dao 500 taka,Banglish,Amar numbere [PHONE] flexiload kore dao 500 taka,,
normal,I feel like I can't say anything.,English,I feel like I can't say anything.,,
normal,শুভ পোহেলা বৈশাখ!,Bengali,শুভ পোহেলা বৈশাখ!,,
normal,Happy Bijoya Dashami!,English,Happy Bijoya Dashami!,,
normal,"০১৮৭৩৮২৮১৯৩ নাম্বারে বিকাশ করুন, তাড়াতাড়ি।",Bengali,"[PHONE] নাম্বারে বিকাশ করুন, তাড়াতাড়ি।",,
normal,"আমি বইটি পড়তে শুরু করলাম, খুব মজার লাগছে।",Bengali,"আমি বইটি পড়তে শুরু করলাম, খুব মজার লাগছে।",,
normal,তুমি কি ট্রেনে যাচ্ছো?,Bengali,তুমি কি ট্রেনে যাচ্ছো?,,
promo,"শেখ হাসিনা সরকারের সাফল্য: 
কৃষকবান্ধব সরকার সারের মূল্য কমিয়ে টিএসপি ৮০ টাকা থেকে ২৭ টাকা, ডিএপি ৯০ টাকা থেকে ২১ টাকা এবং এমওপি ৭০ টাকা থেকে ২০ টাকা করা হয়।",Bengali,"শেখ হাসিনা সরকারের সাফল্য: কৃষকবান্ধব সরকার সারের মূল্য কমিয়ে টিএসপি ৮০ টাকা থেকে ২৭ টাকা, ডিএপি ৯০ টাকা থেকে ২১ টাকা এবং এমওপি ৭০ টাকা থেকে ২০ টাকা করা হয়।",,
normal,Kal ki korcho?,Banglish,Kal ki korcho?,,
normal,Ki khabe? Machher curry. Tumi ki pochhondo koro?,Banglish,Ki khabe? Machher curry. Tumi ki pochhondo koro?,,
promo,New customers-এর জন্য special offer! Our service-এ ৩০% discount।,CodeMix,New customers-এর জন্য special offer! Our service-এ ৩০% discount।,,
promo,Shohoz Tickets দিয়ে বাস টিকিট কিনলে পাচ্ছেন ১৫% ছাড়। কোড ব্যবহার করুন BUS15। ভ্রমণ হোক আরও সাশ্রয়ী।,Bengali,Shohoz Tickets দিয়ে বাস টিকিট কিনলে পাচ্ছেন ১৫% ছাড়। কোড ব্যবহার করুন BUS15। ভ্রমণ হোক আরও সাশ্রয়ী।,,
promo,"৪০৳ cashback! ৩১জিবি+৪৫০মি.@৪৫৯৳ ৩০দিন, নিয়ে নাও: cutt.ly/0wO6Jggn",CodeMix,"৪০৳ cashback! ৩১জিবি+৪৫০মি.@৪৫৯৳ ৩০দিন, নিয়ে নাও: cutt.ly/0wO6Jggn",,
promo,989893 is your verification code for feainternational.com.,Bengali,989893 is your verification code for [URL],,
promo,Sorbokaler sorbosreshtho Bangali jatir pita Bangabandhu Sheikh Mujibur Rahman er 47th shahadat barshikte binomro shraddha - Dak o Telejogajog bibhag.,Banglish,Sorbokaler sorbosreshtho Bangali jatir pita Bangabandhu Sheikh Mujibur Rahman er 47th shahadat barshikte binomro shraddha - Dak o Telejogajog bibhag.,,
promo,"40TK cashback! 46GB @458TK, 30 days, get it now: cutt.ly/GwWYCCfJ",English,"40TK cashback! 46GB @458TK, 30 days, get it now: cutt.ly/GwWYCCfJ",,
normal,Mama bari giyechili kalke? Shobai kemon ache?,Banglish,Mama bari giyechili kalke? Shobai kemon ache?,,
promo,Shob DVD te 10% discount. Offer ti simit somoyer jonno.,Banglish,Shob DVD te 10% discount. Offer ti simit somoyer jonno.,,
normal,The monsoon rains are both a blessing and a curse this year.,English,The monsoon rains are both a blessing and a curse this year.,,
promo,পাঠাও রাইডে ৩০% ছাড়! আজকের জন্য সর্বোচ্চ ১০০ টাকা পর্যন্ত।,Bengali,পাঠাও রাইডে ৩০% ছাড়! আজকের জন্য সর্বোচ্চ ১০০ টাকা পর্যন্ত।,,
promo,Banglalink Game Portal এ সাবস্ক্রিপশন প্রথম সপ্তাহ ফ্রি। গেম খেলুন সীমাহীন।,Bengali,Banglalink Game Portal এ সাবস্ক্রিপশন প্রথম সপ্তাহ ফ্রি। গেম খেলুন সীমাহীন।,,
normal,"চাচী, আজ আপনার সাথে অনেক ভালো সময় কাটলো। ধন্যবাদ।",Bengali,"চাচী, আজ আপনার সাথে অনেক ভালো সময় কাটলো। ধন্যবাদ।",,
promo,Standard Chartered personal loan approved! Get up to 15 lakh at 12% interest. Apply: 16203!,English,Standard Chartered personal loan approved! Get up to 15 lakh at 12% interest. Apply: 16203!,,
normal,"দাদা, আপনার অ্যাপয়েন্টমেন্ট কাল সকাল ১০টায়। ভুলে যাবেন না।",Bengali,"দাদা, আপনার অ্যাপয়েন্টমেন্ট কাল সকাল ১০টায়। ভুলে যাবেন না।",,
promo,"TK100 cashback! 30GB+600min @TK399, 30din: cutt.ly/AwkY4L2C",Banglish,"TK100 cashback! 30GB+600min @TK399, 30din: cutt.ly/AwkY4L2C",,
normal,"তোমার আগে কোনো book পড়েছ? হ্যাঁ, অনেক book পড়েছি। তুমি?",CodeMix,"তোমার আগে কোনো book পড়েছ? হ্যাঁ, অনেক book পড়েছি। তুমি?",,
promo,"দুর্গা পূজায় কেনাকাটা করুন ২৫% ছাড়ে, ২৫ অক্টোবর পর্যন্ত। ০১৭১৩১৯৯২৭০",Bengali,"দুর্গা পূজায় কেনাকাটা করুন ২৫% ছাড়ে, ২৫ অক্টোবর পর্যন্ত। [PHONE]",,
promo,Banglalink ultra saver: 1 paisa/sec all operator call rate + 3GB data pack only 98TK. Valid 7 days. Dial *222*98# to activate.,Banglish,Banglalink ultra saver: 1 paisa/sec all operator call rate + 3GB data pack only 98TK. Valid 7 days. Dial *222*98# to activate.,,
normal,What is your favorite color?,English,What is your favorite color?,,
normal,জরুরি ভিত্তিতে ০১৭৩৮২৮৭৩৬৫ নাম্বারে টাকা পাঠান।,Bengali,জরুরি ভিত্তিতে [PHONE] নাম্বারে টাকা পাঠান।,,
promo,Evaly mega sale! Fashion items e 50% off. Limited stock available.,Banglish,Evaly mega sale! Fashion items e 50% off. Limited stock available.,,
promo,"গ্রামীণফোনের মিনিট অফার এখন আরো আকর্ষণীয়! ২৭ মিনিট ২৪ ঘন্টা, নিতে রিচার্জ বা বিকাশ করুন ১৯ টাকা।",Bengali,"গ্রামীণফোনের মিনিট অফার এখন আরো আকর্ষণীয়! ২৭ মিনিট ২৪ ঘন্টা, নিতে রিচার্জ বা বিকাশ করুন ১৯ টাকা।",,
normal,আজকে কি shopping করতে যাবে?,CodeMix,আজকে কি shopping করতে যাবে?,,
normal,Golden evening!,English,Golden evening!,,
promo,"Shwapno grocery mega offer: Weekly shopping e buy 1 get 1 free on fruits and vegetables. Offer across Dhaka outlets. Limited stock, hurry!",Banglish,"Shwapno grocery mega offer: Weekly shopping e buy 1 get 1 free on fruits and vegetables. Offer across Dhaka outlets. Limited stock, hurry!",,
promo,1 deal-ei shoptar shob internetinging- nao 10GB@TK158: cutt.ly/FwUC6vhp,Banglish,1 deal-ei shoptar shob internetinging- nao 10GB@TK158: cutt.ly/FwUC6vhp,,
normal,Mejban পাখি পক্ষে প্রিয় প্রেমের এক scene বিশ্বাস করা হয়।,CodeMix,Mejban পাখি পক্ষে প্রিয় প্রেমের এক scene বিশ্বাস করা হয়।,,
promo,"বাউন্ডারিকৃত রেডি প্লট এখনই বাড়ি করে আয় করুন, কাঠা ৪.৫লক্ষ
01894841736",Bengali,"বাউন্ডারিকৃত রেডি প্লট এখনই বাড়ি করে আয় করুন, কাঠা ৪.৫লক্ষ [PHONE]",,
promo,"More chatting+internetting, get 5GB+150min@TK159, 7 days cutt.ly/owEyhCVt",English,"More chatting+internetting, get 5GB+150min@TK159, 7 days cutt.ly/owEyhCVt",,
normal,"আজ বিকেলে হঠাৎ বৃষ্টি শুরু হলো। রাস্তা ভিজে গেছে, তাই ভাবছি ঘরে থাকাই ভালো।",Bengali,"আজ বিকেলে হঠাৎ বৃষ্টি শুরু হলো। রাস্তা ভিজে গেছে, তাই ভাবছি ঘরে থাকাই ভালো।",,
promo,"Happy New Year - ২০২৪
Smart banking service-এ সোনালী ব্যাংক
Always আপনার পাশে
Md. Afzal Karim
CEO & MD",CodeMix,Happy New Year - ২০২৪ Smart banking service-এ সোনালী ব্যাংক Always আপনার পাশে Md. Afzal Karim CEO & MD,,
promo,"দৃষ্টিনন্দন স্থাপত্যকলায় অনন্য, ডায়মন্ড ওয়ার্ল্ডের ""দ্য সিগনেচার"" শোরুমের উদ্বোধন হচ্ছে আজ বিকেল ৪টায়। আপনার সপরিবারে উপস্থিতি ও দোয়া আমাদের একান্ত কাম্য। প্রয়োজনে: ০১৭১৩১৯৯২৭০",Bengali,"দৃষ্টিনন্দন স্থাপত্যকলায় অনন্য, ডায়মন্ড ওয়ার্ল্ডের ""দ্য সিগনেচার"" শোরুমের উদ্বোধন হচ্ছে আজ বিকেল ৪টায়। আপনার সপরিবারে উপস্থিতি ও দোয়া আমাদের একান্ত কাম্য। প্রয়োজনে: [PHONE]",,
promo,Safa Fashion এ নতুন কালেকশন এসেছে। Buy any 2 get 1 free। Visit our store to find out more।,CodeMix,Safa Fashion এ নতুন কালেকশন এসেছে। Buy any 2 get 1 free। Visit our store to find out more।,,
normal,I'm learning to play the guitar. It's more difficult than I expected.,English,I'm learning to play the guitar. It's more difficult than I expected.,,
normal,"Hi, ki tumi?",Banglish,"Hi, ki tumi?",,
promo,Robi recharge bonus: Recharge 199TK and get 5GB internet + 100 min free. Validity 10 days. Dial *123*199# to activate. Don’t miss it.,Banglish,Robi recharge bonus: Recharge 199TK and get 5GB internet + 100 min free. Validity 10 days. Dial *123*199# to activate. Don’t miss it.,,
normal,"Dear customer, আপনার electricity bill বাকি রয়েছে ৩০৪৫/- টাকা, quickly payment করুন।",CodeMix,"Dear customer, আপনার electricity bill বাকি রয়েছে ৩০৪৫/- টাকা, quickly payment করুন।",,
promo,Banglalink music lovers pack: Sudhu 99TK e enjoy unlimited Bangla gaan streaming for 30 days + free caller tune. Activate korte dial *222*99# or BL app use korun. Ei chance miss korben na.,Banglish,Banglalink music lovers pack: Sudhu 99TK e enjoy unlimited Bangla gaan streaming for 30 days + free caller tune. Activate korte dial *222*99# or BL app use korun. Ei chance miss korben na.,,
normal,তোমার সকল ইচ্ছা পূরণ হোক!,Bengali,তোমার সকল ইচ্ছা পূরণ হোক!,,
normal,"তুমি পারবে, শুধু লেগে থাকো।",Bengali,"তুমি পারবে, শুধু লেগে থাকো।",,
normal,"Tomar boi ta ami porchi, khub interesting.",Banglish,"Tomar boi ta ami porchi, khub interesting.",,
promo,Navana Petroleum lubricants offer! All engine oils 20% discount with free oil filter. Drive smooth!,English,Navana Petroleum lubricants offer! All engine oils 20% discount with free oil filter. Drive smooth!,,
normal,আমি ভুল মনে হয় এবং আমি এটি সমাধান করতে চাই।,Bengali,আমি ভুল মনে হয় এবং আমি এটি সমাধান করতে চাই।,,
promo,"Save your pocket with Data Mixer, get 10GB@TK249, 30 days: cutt.ly/owARsARN",English,"Save your pocket with Data Mixer, get 10GB@TK249, 30 days: cutt.ly/owARsARN",,
normal,আজকে অনেকদিন পর এক আত্মীয়ের সাথে দেখা হলো। সবাই মিলে আড্ডা দিলাম। ছোটবেলার গল্পগুলো মনে পড়ে যাচ্ছিলো।,Bengali,আজকে অনেকদিন পর এক আত্মীয়ের সাথে দেখা হলো। সবাই মিলে আড্ডা দিলাম। ছোটবেলার গল্পগুলো মনে পড়ে যাচ্ছিলো।,,
promo,Yellow cab flat 50% off on all rides today! Use app code: YELLOW50. Book now and save big!,English,Yellow cab flat 50% off on all rides today! Use app code: YELLOW50. Book now and save big!,,
normal,Ei ja kon onno jonno etir jonno na keno sheti bishesh holo tai ami eti bolte chai.,Banglish,Ei ja kon onno jonno etir jonno na keno sheti bishesh holo tai ami eti bolte chai.,,
promo,"সর্বকালের greatest বাঙালি জাতির পিতা বঙ্গবন্ধু শেখ মুজিবুর রহমান-এর ৪৭তম shahadat anniversary-তে deep respect""-ডাক ও টেলিযোগাযোগ বিভাগ।",CodeMix,"সর্বকালের greatest বাঙালি জাতির পিতা বঙ্গবন্ধু শেখ মুজিবুর রহমান-এর ৪৭তম shahadat anniversary-তে deep respect""-ডাক ও টেলিযোগাযোগ বিভাগ।",,
normal,"Apnar account theke 3000/- taka kata hoyeche, call korun.",Banglish,"Apnar account theke 3000/- taka kata hoyeche, call korun.",,
promo,GP bondho SIM comeback: Reactivate kore instantly 10GB data free and 100 mins bonus call. Recharge 58TK and enjoy the benefit. Offer shesh hobe soon.,Banglish,GP bondho SIM comeback: Reactivate kore instantly 10GB data free and 100 mins bonus call. Recharge 58TK and enjoy the benefit. Offer shesh hobe soon.,,
promo,"Singer showroom home appliances Eid special: Refrigerators, ACs, TVs discounted!",English,"Singer showroom home appliances Eid special: Refrigerators, ACs, TVs discounted!",,
promo,"৩০জিবি@৩৮৯৳,৩০দিন প্যাক কিনে পাও ""ডানকি"" মুভি টিকেট: cutt.ly/SwFqDlAs",Bengali,"৩০জিবি@৩৮৯৳,৩০দিন প্যাক কিনে পাও ""ডানকি"" মুভি টিকেট: cutt.ly/SwFqDlAs",,
normal,কালকের workshop cancel হয়েছে। নতুন date পরে জানানো হবে। All participants কে inform করতে হবে।,CodeMix,কালকের workshop cancel হয়েছে। নতুন date পরে জানানো হবে। All participants কে inform করতে হবে।,,
promo,"Save pocket with data mixer, get 60GB@ TK569, 30days: cutt.ly/HwQzEu9E",English,"Save pocket with data mixer, get 60GB@ TK569, 30days: cutt.ly/HwQzEu9E",,
normal,আশা করি তোমার সফল হোক!,Bengali,আশা করি তোমার সফল হোক!,,
normal,তোমার পাশে a guardian আছে। Thank you।,CodeMix,তোমার পাশে a guardian আছে। Thank you।,,
normal,আজ বিকেলে এক কাপ চা খেতে খেতে হঠাৎ পুরোনো দিনের কথা মনে পড়ছিলো। স্কুলের সময়কার আড্ডাগুলো সত্যিই অসাধারণ ছিল।,Bengali,আজ বিকেলে এক কাপ চা খেতে খেতে হঠাৎ পুরোনো দিনের কথা মনে পড়ছিলো। স্কুলের সময়কার আড্ডাগুলো সত্যিই অসাধারণ ছিল।,,
normal,"হ্যালো, কেমন আছো?",Bengali,"হ্যালো, কেমন আছো?",,
normal,"Ajke raat e Inaya amar sathe story share korse, sobai hashilo. Fun evening chhilo.",Banglish,"Ajke raat e Inaya amar sathe story share korse, sobai hashilo. Fun evening chhilo.",,
normal,তুমি কি অফিসে যাচ্ছো?,Bengali,তুমি কি অফিসে যাচ্ছো?,,
normal,"০১৬৭২৫৯২৮৯৭ এই নাম্বারে কল করুন, আমার টাকা দরকার।",Bengali,"[PHONE] এই নাম্বারে কল করুন, আমার টাকা দরকার।",,
normal,asha kori tomar jibon shomriddho hok!,Banglish,asha kori tomar jibon shomriddho hok!,,
promo,"Bkash + Pathao Ride: Pay via bkash and enjoy 30% cashback up to 60TK per ride. Validity 7 days. Promo code: RIDE30. Travel cheap, travel safe.",Banglish,"Bkash + Pathao Ride: Pay via bkash and enjoy 30% cashback up to 60TK per ride. Validity 7 days. Promo code: RIDE30. Travel cheap, travel safe.",,
normal,Thanks for the surprise visit! It was so good to see you after such a long time apart.,English,Thanks for the surprise visit! It was so good to see you after such a long time apart.,,
normal,"আপনার electricity bill বাকি আছে ৭২০০/- টাকা, urgent।",CodeMix,"আপনার electricity bill বাকি আছে ৭২০০/- টাকা, urgent।",,
normal,"খালা, আপনার কেমন আছেন? গতকাল মামার সাথে কথা বলেছি, তিনি বলেছেন আপনার স্বাস্থ্য অনেক ভালো হয়ে গেছে এবং ডাক্তার আপনাকে স্বাভাবিক খাবার খেতে বলেছেন। এটা শুনে আমি খুবই খুশি হয়েছি কারণ গত কয়েক মাস আমরা সবাই চিন্তিত ছিলাম। আগামী শুক্রবার আমার ছুটি আছে, তাই ভাবছি আপনাদের বাসায় যাবো এবং একসাথে বসে গল্প করবো। আর হ্যাঁ, আপনার জন্য ঢাকা থেকে বিশেষ মিষ্টি নিয়ে আসবো।",Bengali,"খালা, আপনার কেমন আছেন? গতকাল মামার সাথে কথা বলেছি, তিনি বলেছেন আপনার স্বাস্থ্য অনেক ভালো হয়ে গেছে এবং ডাক্তার আপনাকে স্বাভাবিক খাবার খেতে বলেছেন। এটা শুনে আমি খুবই খুশি হয়েছি কারণ গত কয়েক মাস আমরা সবাই চিন্তিত ছিলাম। আগামী শুক্রবার আমার ছুটি আছে, তাই ভাবছি আপনাদের বাসায় যাবো এবং একসাথে বসে গল্প করবো। আর হ্যাঁ, আপনার জন্য ঢাকা থেকে বিশেষ মিষ্টি নিয়ে আসবো।",,
normal,Shubho Kartik Purnima!,Banglish,Shubho Kartik Purnima!,,
promo,"Level up with new deal internet 25GB+400min@TK397, 30 days cutt.ly/oeeJSDbP",English,"Level up with new deal internet 25GB+400min@TK397, 30 days cutt.ly/oeeJSDbP",,
promo,"Pocket saving with TK30 cashback- 12GB+200min @TK169, 7 days: cutt.ly/Mw59ykAZ",English,"Pocket saving with TK30 cashback- 12GB+200min @TK169, 7 days: cutt.ly/Mw59ykAZ",,
normal,Ajker cricket match ta khub moja hoyeche. Bangladesh onek bhalo khelse but last over e jite pare nai. Tumi ki live match dekhecho naki highlights?,Banglish,Ajker cricket match ta khub moja hoyeche. Bangladesh onek bhalo khelse but last over e jite pare nai. Tumi ki live match dekhecho naki highlights?,,
normal,Tumi ki shopping e gesho?,Banglish,Tumi ki shopping e gesho?,,
normal,আশা করি তোমার দিনটি ভালো কাটুক!,Bengali,আশা করি তোমার দিনটি ভালো কাটুক!,,
normal,"Send bKash to 01873828193 number, quickly.",English,"Send bKash to [PHONE] number, quickly.",,
normal,এই যা আমি যে অনেক সময় পেলাম সেটি হল সমাধান এবং মূল্য হল একটি মহান এবং একটি জনপ্রি,Bengali,এই যা আমি যে অনেক সময় পেলাম সেটি হল সমাধান এবং মূল্য হল একটি মহান এবং একটি জনপ্রি,,
normal,Happy Pohela Boishakh greetings and best wishes!,English,Happy Pohela Boishakh greetings and best wishes!,,
normal,Apnar garir servicing er shomoyshima shesh hoye geche. Druto jogajog korun 01876543210.,Banglish,Apnar garir servicing er shomoyshima shesh hoye geche. Druto jogajog korun [PHONE] .,,
normal,Ami ekti notun protishthaaner beboshay korte chai.,Banglish,Ami ekti notun protishthaaner beboshay korte chai.,,
promo,"Adda+internetinging-e notun deal 10GB+300mi@296TK, 30din: cutt.ly/QwFwTH3J",Banglish,"Adda+internetinging-e notun deal 10GB+300mi@296TK, 30din: cutt.ly/QwFwTH3J",,
normal,Aj ki cinema dekhbe?,Banglish,Aj ki cinema dekhbe?,,
promo,Banglalink call rate blast: Enjoy 1 paisa/second to all numbers for 7 days. Just recharge 49TK. Dial *222*49# now.,Banglish,Banglalink call rate blast: Enjoy 1 paisa/second to all numbers for 7 days. Just recharge 49TK. Dial *222*49# now.,,
normal,Baba apni medicine ta niyechen? Vule jan na please.,Banglish,Baba apni medicine ta niyechen? Vule jan na please.,,
promo,"Marico hair care products mega sale! All shampoos, oils 30% discount. Healthy hair starts today!",English,"Marico hair care products mega sale! All shampoos, oils 30% discount. Healthy hair starts today!",,
normal,"রাগ করে কখনো ভালোবাসার মানুষকে কষ্ট দিতে নেই। রাগ কড়ে বেশি অবহেলা করতে নেই, ভালোবাসার মানুষকে। এতে করে জীবনের সবচেয়ে দামী জিনিস, ভালোবাসার মানুষকে হারাতে হয়।",Bengali,"রাগ করে কখনো ভালোবাসার মানুষকে কষ্ট দিতে নেই। রাগ কড়ে বেশি অবহেলা করতে নেই, ভালোবাসার মানুষকে। এতে করে জীবনের সবচেয়ে দামী জিনিস, ভালোবাসার মানুষকে হারাতে হয়।",,
normal,"Hello, what are you doing?",English,"Hello, what are you doing?",,
normal,The traffic was horrible today. Took me 2 hours to reach home.,English,The traffic was horrible today. Took me 2 hours to reach home.,,
normal,"ভাইয়া, আপনার কম্পিউটার ঠিক করা হয়ে গেছে। নিয়ে যেতে পারেন।",Bengali,"ভাইয়া, আপনার কম্পিউটার ঠিক করা হয়ে গেছে। নিয়ে যেতে পারেন।",,
normal,"আপা, আজ রাতে আমার বন্ধুরা আসবে। একটু বেশি রান্না করবেন।",Bengali,"আপা, আজ রাতে আমার বন্ধুরা আসবে। একটু বেশি রান্না করবেন।",,
normal,কাল রাতে নতুন সিনেমা দেখলাম। গল্পটা দারুণ ছিল। আবার দেখতে ইচ্ছে করছে।,Bengali,কাল রাতে নতুন সিনেমা দেখলাম। গল্পটা দারুণ ছিল। আবার দেখতে ইচ্ছে করছে।,,
promo,Islami Bank personal loan launched! minimal documents at only 7394 TK. Visit branch!,English,Islami Bank personal loan launched! minimal documents at only 7394 TK. Visit branch!,,
normal,আজ afternoon এ আমি school এ গিয়েছিলাম।,CodeMix,আজ afternoon এ আমি school এ গিয়েছিলাম।,,
normal,Kalke stadium e cricket match dekhlam. Bangladesh last over e win korlo. Crowd pura cheer korlo.,Banglish,Kalke stadium e cricket match dekhlam. Bangladesh last over e win korlo. Crowd pura cheer korlo.,,
promo,"Hotel Cox Today: Book 2 nights, get 1 night free + complimentary breakfast. Early bird offer valid till 15 Sept. Call 01300011223 for booking.",Banglish,"Hotel Cox Today: Book 2 nights, get 1 night free + complimentary breakfast. Early bird offer valid till 15 Sept. Call [PHONE] for booking.",,
normal,The homemade biryani smells incredible! Can't wait for dinner. You're such an amazing chef always.,English,The homemade biryani smells incredible! Can't wait for dinner. You're such an amazing chef always.,,
promo,"স্পোর্টস আইটেমে মেগা ডিসকাউন্ট! ক্রিকেট, ফুটবল সামগ্রীতে ছাড়।",Bengali,"স্পোর্টস আইটেমে মেগা ডিসকাউন্ট! ক্রিকেট, ফুটবল সামগ্রীতে ছাড়।",,
normal,এটা Salim এর number ওকে call দিস আসার time 01738838838,CodeMix,এটা Salim এর number ওকে call দিস আসার time [PHONE],,
promo,Daraz ১১.১১-তে cash-এ ১৫% পর্যন্ত cashback + free delivery। https://click.daraz.com.bd/e/_CUeCuf Terms apply,CodeMix,Daraz ১১.১১-তে cash-এ ১৫% পর্যন্ত cashback + free delivery। [URL] Terms apply,,
promo,"৩৯৯TK-এ ৪৯৯TK-এর offer! নাও ৩১GB+৪৫০min.,৩০দিন: cutt.ly/2wQlYv6U",CodeMix,"৩৯৯TK-এ ৪৯৯TK-এর offer! নাও ৩১GB+৪৫০min.,৩০দিন: cutt.ly/2wQlYv6U",,
normal,আমি morning-এ market-এ যাচ্ছি।,CodeMix,আমি morning-এ market-এ যাচ্ছি।,,
normal,কঠোর পরিশ্রমই সাফল্যের পথ।,Bengali,কঠোর পরিশ্রমই সাফল্যের পথ।,,
normal,"আমি কাল লাইব্রেরি থেকে নতুন বই নিয়েছি, চাইলে তুমি পড়তে পারো।",Bengali,"আমি কাল লাইব্রেরি থেকে নতুন বই নিয়েছি, চাইলে তুমি পড়তে পারো।",,
normal,Did you go shopping?,English,Did you go shopping?,,
normal,"Thanks for helping me move yesterday. Really appreciate it, brother!",English,"Thanks for helping me move yesterday. Really appreciate it, brother!",,
normal,"০১৬৭২৫৯২৮৯৭ এই number-এ call করুন, আমার টাকা দরকার।",CodeMix,"[PHONE] এই number-এ call করুন, আমার টাকা দরকার।",,
normal,তুমি কি রবিবারে ফ্রি আছো? কফিশপে বসে কিছু সময় কাটাতে চাই।,Bengali,তুমি কি রবিবারে ফ্রি আছো? কফিশপে বসে কিছু সময় কাটাতে চাই।,,
normal,Mom called earlier. She wants to know if you're coming for dinner on Friday.,English,Mom called earlier. She wants to know if you're coming for dinner on Friday.,,
normal,"আপু, বাজার থেকে দুধ আনতে ভুলো না। রাতে পায়েস বানাবো।",Bengali,"আপু, বাজার থেকে দুধ আনতে ভুলো না। রাতে পায়েস বানাবো।",,
promo,ধোনির হাতে কি উঠবে ট্রফি? দেখুন আইপিএল ফাইনাল cutt.ly/ywqDAPVv,Bengali,ধোনির হাতে কি উঠবে ট্রফি? দেখুন আইপিএল ফাইনাল cutt.ly/ywqDAPVv,,
normal,"মা, আমি library থেকে returning, আপনার জন্য কি বই নিয়ে আসব? Let me know quickly.",CodeMix,"মা, আমি library থেকে returning, আপনার জন্য কি বই নিয়ে আসব? Let me know quickly.",,
normal,আমি একটি new work start করতে চাই।,CodeMix,আমি একটি new work start করতে চাই।,,
promo,"প্রো-লেভেল ৳৫৫ ক্যাশব্যাকে ৩৫জিবি+৫০০মি.@৳৪৪৪,৩০দিন: cutt.ly/XernQ63M",Bengali,"প্রো-লেভেল ৳৫৫ ক্যাশব্যাকে ৩৫জিবি+৫০০মি.@৳৪৪৪,৩০দিন: cutt.ly/XernQ63M",,
normal,"What's the news, how are you?",English,"What's the news, how are you?",,
promo,Robi 4G blast offer: Recharge 109TK and paben 5GB high-speed 4G data valid 10 days. Amar Robi app theke activate korun today.,Banglish,Robi 4G blast offer: Recharge 109TK and paben 5GB high-speed 4G data valid 10 days. Amar Robi app theke activate korun today.,,
normal,আসসালামু আলাইকুম। আপনি কেমন আছেন? অনেক দিন খোঁজ নিই না।,Bengali,আসসালামু আলাইকুম। আপনি কেমন আছেন? অনেক দিন খোঁজ নিই না।,,
normal,What did you do today to pass the time?,English,What did you do today to pass the time?,,
normal,Send your owed money quickly to 01728272938.,English,Send your owed money quickly to [PHONE] .,,
promo,"Samsung Plaza Eid electronics fair! Mobile, TV, refrigerator up to 50% off. EMI facility available!",English,"Samsung Plaza Eid electronics fair! Mobile, TV, refrigerator up to 50% off. EMI facility available!",,
normal,Thanks for helping me with the computer problem. You saved me so much time and frustration!,English,Thanks for helping me with the computer problem. You saved me so much time and frustration!,,
promo,"[Pathao] Deliver charge ekhon TK30!
Pathao Food er delivery charge ekhon TK30 fire esheche.
Ekhoni order korun Pathao Food e: https://cutt.ly/QNMk4Eg",Banglish,[Pathao] Deliver charge ekhon TK30! Pathao Food er delivery charge ekhon TK30 fire esheche. Ekhoni order korun Pathao Food e: [URL],,
promo,4GB with bonus-66 taka-7 days. Dial *121*5047# or https://mygp.li/mo,English,4GB with bonus-66 taka-7 days. Dial *121*5047# or [URL],,
promo,Nagad payment করলে instant cashback পাবেন। Use code: CASHBACK15,CodeMix,Nagad payment করলে instant cashback পাবেন। Use code: CASHBACK15,,
promo,Apnar favourite brand-er upor 30% porjonto chhar! Offer simito shomoyer jonno.,Banglish,Apnar favourite brand-er upor 30% porjonto chhar! Offer simito shomoyer jonno.,,
promo,Shohoz Food App-এ আজ সব অর্ডারে ১৫% ছাড়। কোড: SHOHOZ15 ব্যবহার করুন। বন্ধুদের সাথে খাবার হোক আরও সাশ্রয়ী।,Bengali,Shohoz Food App-এ আজ সব অর্ডারে ১৫% ছাড়। কোড: SHOHOZ15 ব্যবহার করুন। বন্ধুদের সাথে খাবার হোক আরও সাশ্রয়ী।,,
promo,Bonus offer: 2GB-45TK-3days. Dial *121*5534# or mygp.li/my,English,Bonus offer: 2GB-45TK-3days. Dial *121*5534# or mygp.li/my,,
normal,Weekend-এ friends-দের সঙ্গে picnic-এ যাব।,CodeMix,Weekend-এ friends-দের সঙ্গে picnic-এ যাব।,,
promo,"স্টেশনারিতে মেগা সেল! কলম, নোটবুক, ব্যাগে ৩৫% ছাড়।",Bengali,"স্টেশনারিতে মেগা সেল! কলম, নোটবুক, ব্যাগে ৩৫% ছাড়।",,
normal,"Apnar payment baki 800/- taka, druto porishod korun.",Banglish,"Apnar payment baki 800/- taka, druto porishod korun.",,
normal,Shuvo Holi!,Banglish,Shuvo Holi!,,
normal,০১৮২৭২৮১৭৩৯ এই নাম্বারে রকেটে ৫০০ টাকা দাও।,Bengali,[PHONE] এই নাম্বারে রকেটে ৫০০ টাকা দাও।,,
normal,Happy Pohela Boishakh!,English,Happy Pohela Boishakh!,,
promo,Fresh supermarket organic vegetable sale! All fresh produce 30% discount. Healthy eating starts today!,English,Fresh supermarket organic vegetable sale! All fresh produce 30% discount. Healthy eating starts today!,,
normal,How are you? I'm fine. What's new with you?,English,How are you? I'm fine. What's new with you?,,
promo,Eid উপলক্ষে Daraz এ huge sale! Get up to 75% off on electronics and fashion। এখনই shop করুন!,CodeMix,Eid উপলক্ষে Daraz এ huge sale! Get up to 75% off on electronics and fashion। এখনই shop করুন!,,
promo,home loan membership offer! Annual fee only 8962 TK. Benefits: free services!,English,home loan membership offer! Annual fee only 8962 TK. Benefits: free services!,,
normal,Hope you're feeling better today. Take rest and don't worry about work for now.,English,Hope you're feeling better today. Take rest and don't worry about work for now.,,
normal,তোমার পরিশ্রম সার্থক হবে।,Bengali,তোমার পরিশ্রম সার্থক হবে।,,
promo,"Buy 1 Get 1 free at Aarong! এই offer টা valid 31st December পর্যন্ত। Don't miss out, সুযোগ হাতছাড়া করবেন না!",CodeMix,"Buy 1 Get 1 free at Aarong! এই offer টা valid 31st December পর্যন্ত। Don't miss out, সুযোগ হাতছাড়া করবেন না!",,
promo,"40 TK cashback! 46GB@458TK, 30din, nie nao ekhoni: cutt.ly/GwWYCCfJ",Banglish,"40 TK cashback! 46GB@458TK, 30din, nie nao ekhoni: cutt.ly/GwWYCCfJ",,
normal,Be patient to reach your goal.,English,Be patient to reach your goal.,,
promo,Robi eShop থেকে স্মার্টফোন কিনলে পাচ্ছেন ফ্রি পাওয়ারব্যাংক। অফার স্টক শেষ না হওয়া পর্যন্ত চলবে। এখনই অর্ডার করুন।,Bengali,Robi eShop থেকে স্মার্টফোন কিনলে পাচ্ছেন ফ্রি পাওয়ারব্যাংক। অফার স্টক শেষ না হওয়া পর্যন্ত চলবে। এখনই অর্ডার করুন।,,
normal,"দাদু, আজ আপনার জন্য মিষ্টি এনেছি। খুশি হবেন।",Bengali,"দাদু, আজ আপনার জন্য মিষ্টি এনেছি। খুশি হবেন।",,
promo,Pathao Rides-এ আজ সব রাইডে ২০% ডিসকাউন্ট। কোড: PATHAO20 ব্যবহার করুন। বৈধতা শুধুমাত্র আজকের জন্য। নিরাপদ ভ্রমণের জন্য এখনই বুক করুন।,Bengali,Pathao Rides-এ আজ সব রাইডে ২০% ডিসকাউন্ট। কোড: PATHAO20 ব্যবহার করুন। বৈধতা শুধুমাত্র আজকের জন্য। নিরাপদ ভ্রমণের জন্য এখনই বুক করুন।,,
promo,Robi app recharge করলে ২০% extra credit। Hurry up!,CodeMix,Robi app recharge করলে ২০% extra credit। Hurry up!,,
normal,Ajke amar cousin bari te esechilo. Sobai ek sathe boshe onek moja korlam. She onek funny golpo shunalo. Amar din bright hoye gelo.,Banglish,Ajke amar cousin bari te esechilo. Sobai ek sathe boshe onek moja korlam. She onek funny golpo shunalo. Amar din bright hoye gelo.,,
normal,"This is Rakib's number, call 01763839854.",English,"This is Rakib's number, call [PHONE] .",,
promo,"Double century cashback TK200! 61GB+1000min@TK699, 30 days cutt.ly/FwQhpKHc",English,"Double century cashback TK200! 61GB+1000min@TK699, 30 days cutt.ly/FwQhpKHc",,
normal,"আম্মু, আমার পরীক্ষার রেজাল্ট কাল বের হবে। দোয়া করবেন।",Bengali,"আম্মু, আমার পরীক্ষার রেজাল্ট কাল বের হবে। দোয়া করবেন।",,
promo,ACI spring collection! furniture starting 6729 TK. Visit today!,English,ACI spring collection! furniture starting 6729 TK. Visit today!,,
promo,488.23MB oboshishto. Upobhog korun PayGo (6.6625Tk porjonto 5MB er jonno)| Balance jante chaile *121*1*4#| Nirdishtho packe 10% internet bonus pete visit korun mygp.li/bonus,Banglish,488.23MB oboshishto. Upobhog korun PayGo (6.6625Tk porjonto 5MB er jonno)| Balance jante chaile *121*1*4#| Nirdishtho packe 10% internet bonus pete visit korun mygp.li/bonus,,
promo,Offer: সব electronics এ ১০% cashback। Code: ELEC10.,CodeMix,Offer: সব electronics এ ১০% cashback। Code: ELEC10.,,
promo,"২০০৳ ক্যাশব্যাক!৬০জিবি+১০০০মিনিট @৬৯৯৳ ৩০দিন,নিয়ে নাও- cutt.ly/aAhiAsI",Bengali,"২০০৳ ক্যাশব্যাক!৬০জিবি+১০০০মিনিট @৬৯৯৳ ৩০দিন,নিয়ে নাও- cutt.ly/aAhiAsI",,
promo,ডিজিটাল গ্যাজেটের উপর ১৫% ডিসকাউন্ট! আজই কেনাকাটা করুন এবং বোনাস পান।,Bengali,ডিজিটাল গ্যাজেটের উপর ১৫% ডিসকাউন্ট! আজই কেনাকাটা করুন এবং বোনাস পান।,,
promo,Beximco job fair! 267 positions available. Salary up to 35000 TK!,English,Beximco job fair! 267 positions available. Salary up to 35000 TK!,,
promo,"সিস্টেম আপগ্রেডেশনের জন্য ৩ অক্টোবর রাত ১২:০১মিনিট থেকে সকাল ৮টা পর্যন্ত,স্কিটো সিমের সকল সেবা বন্ধ থাকবে। বিস্তারিত: cutt.ly/TwvBT4wH",Bengali,"সিস্টেম আপগ্রেডেশনের জন্য ৩ অক্টোবর রাত ১২:০১মিনিট থেকে সকাল ৮টা পর্যন্ত,স্কিটো সিমের সকল সেবা বন্ধ থাকবে। বিস্তারিত: cutt.ly/TwvBT4wH",,
promo,"Samsung Galaxy phones starting from 15,000TK at Electronics Bazar!",English,"Samsung Galaxy phones starting from 15,000TK at Electronics Bazar!",,
promo,আমাদের নতুন product line থেকে যেকোনো item কিনলে ৳700 cashback পাবেন। This offer is only for this week।,CodeMix,আমাদের নতুন product line থেকে যেকোনো item কিনলে ৳700 cashback পাবেন। This offer is only for this week।,,
promo,Cellular Jail restaurant authentic Bengali cuisine 20% off this month!,English,Cellular Jail restaurant authentic Bengali cuisine 20% off this month!,,
normal,Urgent TK পাঠাও এই নাম্বারে: ০১৭৩৮২৭৩৮২৮,CodeMix,Urgent TK পাঠাও এই নাম্বারে: [PHONE],,
promo,"Lotto League Cup-এ
cash payment-এ BMW জেতার opportunity
Bkash-এ ১০% cashback
Shop",CodeMix,Lotto League Cup-এ cash payment-এ BMW জেতার opportunity Bkash-এ ১০% cashback Shop,,
normal,Dad is near home today.,English,Dad is near home today.,,
normal,"Kosto peyo na, shob thik hoye jabe.",Banglish,"Kosto peyo na, shob thik hoye jabe.",,
normal,তুমি কি college-এ যাচ্ছো?,CodeMix,তুমি কি college-এ যাচ্ছো?,,
normal,Amake call din 01724383987 ei number e,Banglish,Amake call din [PHONE] ei number e,,
promo,Pickaboo Flash Deal: Samsung Galaxy Buds at 25% discount. Free EMI available. Order now.,Banglish,Pickaboo Flash Deal: Samsung Galaxy Buds at 25% discount. Free EMI available. Order now.,,
promo,Polar ice cream factory outlet sale! All flavors 40% discount. Family packs available. Don't miss!,English,Polar ice cream factory outlet sale! All flavors 40% discount. Family packs available. Don't miss!,,
normal,তুমি কি restaurant এ যাচ্ছো?,CodeMix,তুমি কি restaurant এ যাচ্ছো?,,
normal,I want to celebrate a new time with my family.,English,I want to celebrate a new time with my family.,,
promo,Robi Movie Pack: 50GB internet + 50 SMS free for only 249TK. Validity 15 days. Dial *123*249# to activate.,Banglish,Robi Movie Pack: 50GB internet + 50 SMS free for only 249TK. Validity 15 days. Dial *123*249# to activate.,,
promo,Bikash app e skitto deals e 30taka porjonto cashback cutt.ly/8HBaVWF,Banglish,Bikash app e skitto deals e 30taka porjonto cashback cutt.ly/8HBaVWF,,
normal,Good morning! How did you sleep last night? Hope today brings you joy and success.,English,Good morning! How did you sleep last night? Hope today brings you joy and success.,,
promo,Eid kenakatay diamond gohonay 25% chhad chandrat porjonto. Phone: 01713199270,Banglish,Eid kenakatay diamond gohonay 25% chhad chandrat porjonto. Phone: [PHONE],,
normal,"তুমি কি new movie দেখেছ? It was good, you should watch.",CodeMix,"তুমি কি new movie দেখেছ? It was good, you should watch.",,
promo,Dhoni র হাতে কি উঠবে trophy? দেখুন IPL final cutt.ly/ywqDAPVv,CodeMix,Dhoni র হাতে কি উঠবে trophy? দেখুন IPL final cutt.ly/ywqDAPVv,,
promo,Robi Travel Pack: 30GB roaming internet for 999TK. Dial *123*999# before traveling abroad.,Banglish,Robi Travel Pack: 30GB roaming internet for 999TK. Dial *123*999# before traveling abroad.,,
promo,"For system upgrades, mobile recharge via Flexiload will be unavailable from May 11 at 11:59 PM to May 12 at 8:00 AM. However, you can recharge using the MyGP app or scratch cards during this time.",English,"For system upgrades, mobile recharge via Flexiload will be unavailable from May 11 at 11:59 PM to May 12 at 8:00 AM. However, you can recharge using the MyGP app or scratch cards during this time.",,
normal,"Dukkito, amar roommate ra onek shomoy nilo, ekhon jete pari?",Banglish,"Dukkito, amar roommate ra onek shomoy nilo, ekhon jete pari?",,
promo,Banglalink গ্রাহকরা ১০০ টাকা রিচার্জে ১০০ এসএমএস ফ্রি পাবেন।,Bengali,Banglalink গ্রাহকরা ১০০ টাকা রিচার্জে ১০০ এসএমএস ফ্রি পাবেন।,,
promo,"২০০৳ cashback!60GB+1000minutes @৬৯৯৳ 30দিন,নিয়ে নাও- cutt.ly/aAhiAsI",CodeMix,"২০০৳ cashback!60GB+1000minutes @৬৯৯৳ 30দিন,নিয়ে নাও- cutt.ly/aAhiAsI",,
normal,আমাকে কল দিন ০১৭২৪৩৮৩৯৮৭ এই নাম্বারে,Bengali,আমাকে কল দিন [PHONE] এই নাম্বারে,,
normal,আপনার day কেমন কাটছে?,CodeMix,আপনার day কেমন কাটছে?,,
normal,Happy Lakshmi Puja!,English,Happy Lakshmi Puja!,,
normal,বাসায় খুব শান্তি আছে।,Bengali,বাসায় খুব শান্তি আছে।,,
promo,"৪০৳ ক্যাশব্যাক! ৪৬জিবি@৪৫৮৳, ৩০দিন, নিয়ে নাও এখনই: cutt.ly/GwWYCCfJ",Bengali,"৪০৳ ক্যাশব্যাক! ৪৬জিবি@৪৫৮৳, ৩০দিন, নিয়ে নাও এখনই: cutt.ly/GwWYCCfJ",,
promo,"Bangladesh Textile Mills fabric sale! Premium cotton, silk fabrics 30% off. Wholesale prices available!",English,"Bangladesh Textile Mills fabric sale! Premium cotton, silk fabrics 30% off. Wholesale prices available!",,
normal,I went to school this afternoon.,English,I went to school this afternoon.,,
promo,Pran Group এর পক্ষ থেকে special offer! সব beverages এ 20% off at Meena Bazar. Hurry up!,CodeMix,Pran Group এর পক্ষ থেকে special offer! সব beverages এ 20% off at Meena Bazar. Hurry up!,,
normal,"Hi Shumi, coffee খেতে আসো আজ? অনেক gossip share করতে হবে, time fix করি",CodeMix,"Hi Shumi, coffee খেতে আসো আজ? অনেক gossip share করতে হবে, time fix করি",,
promo,"Daraz Fashion Fest: Saree, panjabi, and shirts up to 65% discount. Extra voucher available in app. Offer valid for 3 days.",Banglish,"Daraz Fashion Fest: Saree, panjabi, and shirts up to 65% discount. Extra voucher available in app. Offer valid for 3 days.",,
normal,"ভাইয়া, আজ আপনার সাথে দেখা করতে পারবো না। কাল আসবো।",Bengali,"ভাইয়া, আজ আপনার সাথে দেখা করতে পারবো না। কাল আসবো।",,
promo,সব kids এর খেলনায় ২০% discount। আজই কিনুন!,CodeMix,সব kids এর খেলনায় ২০% discount। আজই কিনুন!,,
normal,Are you going to school?,English,Are you going to school?,,
normal,"Ami boi-ta porte shuru korlam, khub mojar lagche.",Banglish,"Ami boi-ta porte shuru korlam, khub mojar lagche.",,
normal,Shubho ratri!,Banglish,Shubho ratri!,,
promo,বিকাশ পেমেন্টে ক্যাশব্যাক! সব শপে ১০% রিওয়ার্ড পান।,Bengali,বিকাশ পেমেন্টে ক্যাশব্যাক! সব শপে ১০% রিওয়ার্ড পান।,,
normal,Call 01927382894.,English,Call [PHONE] .,,
normal,আমি কি তোমার কাছে কিছু বলতে পারি?,Bengali,আমি কি তোমার কাছে কিছু বলতে পারি?,,
normal,"তুমি শক্তিশালী, তুমি পারবে।",Bengali,"তুমি শক্তিশালী, তুমি পারবে।",,
normal,শুভ হোলি!,Bengali,শুভ হোলি!,,
normal,"Whenever I mention money, he gets up and leaves, I owe him 3 lakh taka",English,"Whenever I mention money, he gets up and leaves, I owe him 3 lakh taka",,
promo,"Robi গ্রাহকগণ, ১০০ টাকার রিচার্জে পাচ্ছেন ২০ মিনিট কথা বলার বোনাস। অফার শেষ হবে আজ রাতেই।",Bengali,"Robi গ্রাহকগণ, ১০০ টাকার রিচার্জে পাচ্ছেন ২০ মিনিট কথা বলার বোনাস। অফার শেষ হবে আজ রাতেই।",,
normal,তুমি কি play করছো?,CodeMix,তুমি কি play করছো?,,
normal,I can't say anything now.,English,I can't say anything now.,,
promo,ঢাকা-Mawa Expressway-সংলগ্ন plot মাত্র ২lakh 01894939231,CodeMix,ঢাকা-Mawa Expressway-সংলগ্ন plot মাত্র ২lakh [PHONE],,
normal,Send money via Rocket to 01729172964.,English,Send money via Rocket to [PHONE] .,,
promo,"Notun deal e levelup interneting 25GB+400mi@TK397,30din cutt.ly/oeeJSDbP",Banglish,"Notun deal e levelup interneting 25GB+400mi@TK397,30din cutt.ly/oeeJSDbP",,
normal,"আজকে weather nice, should we go out?",CodeMix,"আজকে weather nice, should we go out?",,
normal,অতি দ্রুত বিদ্যুৎ বিল আর খালার বিল দিলে খুবই উপকৃত হইতাম।খালা বারবার বলতেছে।একটু তোরা গুরুত্বের সাথে দেখ।খুব উপকার হয়।,Bengali,অতি দ্রুত বিদ্যুৎ বিল আর খালার বিল দিলে খুবই উপকৃত হইতাম।খালা বারবার বলতেছে।একটু তোরা গুরুত্বের সাথে দেখ।খুব উপকার হয়।,,
promo,200TK sei cashback! nao 60GB+1000minute@699TK 30din: cutt.ly/aAhiAsI,Banglish,200TK sei cashback! nao 60GB+1000minute@699TK 30din: cutt.ly/aAhiAsI,,
normal,তুমি কোথায় আছো?,Bengali,তুমি কোথায় আছো?,,
normal,আজকে বন্ধুর সাথে নিউ মার্কেট ঘুরতে গিয়েছিলাম। অনেক বই আর জামা কিনলাম।,Bengali,আজকে বন্ধুর সাথে নিউ মার্কেট ঘুরতে গিয়েছিলাম। অনেক বই আর জামা কিনলাম।,,
promo,Use more than 5GB in May and get 45p/min call rate- cutt.ly/0AA4sic,English,Use more than 5GB in May and get 45p/min call rate- cutt.ly/0AA4sic,,
normal,Hope the medical checkup results are all normal. I'm sure everything will be fine.,English,Hope the medical checkup results are all normal. I'm sure everything will be fine.,,
normal,আজ সকালে ঘুম থেকে উঠে দেখি বৃষ্টি হচ্ছে। চা বানিয়ে বারান্দায় বসে গান শুনছিলাম। সারাদিন এভাবেই কাটতে ইচ্ছে করছিল।,Bengali,আজ সকালে ঘুম থেকে উঠে দেখি বৃষ্টি হচ্ছে। চা বানিয়ে বারান্দায় বসে গান শুনছিলাম। সারাদিন এভাবেই কাটতে ইচ্ছে করছিল।,,
normal,The cricket match was thrilling! Bangladesh played exceptionally well. What a fantastic victory celebration!,English,The cricket match was thrilling! Bangladesh played exceptionally well. What a fantastic victory celebration!,,
promo,এয়ারটেল বিশেষ অফার! ১জিবি ডেটা মাত্র ১২ টাকা। ৭ দিনের মেয়াদ। *৫৫৫# ডায়াল করুন।,Bengali,এয়ারটেল বিশেষ অফার! ১জিবি ডেটা মাত্র ১২ টাকা। ৭ দিনের মেয়াদ। *৫৫৫# ডায়াল করুন।,,
promo,"Pro-level internet throughout the week, get 25GB@219TK: cutt.ly/2wEyml8b",English,"Pro-level internet throughout the week, get 25GB@219TK: cutt.ly/2wEyml8b",,
normal,"Tumi eka nou, amra achi.",Banglish,"Tumi eka nou, amra achi.",,
normal,তোমার প্রতিভা সীমাহীন।,Bengali,তোমার প্রতিভা সীমাহীন।,,
promo,"Robi গ্রাহকগণ, রবিবারে ৫ জিবি মাত্র ৮৯ টাকা।",Bengali,"Robi গ্রাহকগণ, রবিবারে ৫ জিবি মাত্র ৮৯ টাকা।",,
promo,Shanta Holdings apartment fair! 3 bedroom flats in Uttara starting 85 lakh. Book now with 5% discount!,English,Shanta Holdings apartment fair! 3 bedroom flats in Uttara starting 85 lakh. Book now with 5% discount!,,
promo,৩০GB (bonus সহ) ৩০০TK ৩০days। Dial *১২১*৫২৫৪# বা mygp.li/mo,CodeMix,৩০GB (bonus সহ) ৩০০TK ৩০days। Dial *১২১*৫২৫৪# বা mygp.li/mo,,
promo,"20GB @309TK 30din,mon moto baniye nao Data Mixer e- cutt.ly/HwFKsbAy",Banglish,"20GB @309TK 30din,mon moto baniye nao Data Mixer e- cutt.ly/HwFKsbAy",,
normal,"গত সপ্তাহে নতুন একটা বই কিনেছিলাম। নামটা দারুণ ইন্টারেস্টিং, পড়া শুরু করতেই গল্পে ডুবে গেছি। কালকে শেষ করার চেষ্টা করবো।",Bengali,"গত সপ্তাহে নতুন একটা বই কিনেছিলাম। নামটা দারুণ ইন্টারেস্টিং, পড়া শুরু করতেই গল্পে ডুবে গেছি। কালকে শেষ করার চেষ্টা করবো।",,
promo,এপ্রিলে ৫জিবি ডাটা use করে মে মাসে পাবে lowest কলরেট- cutt.ly/0AA4sic,Bengali,এপ্রিলে ৫জিবি ডাটা use করে মে মাসে পাবে lowest কলরেট- cutt.ly/0AA4sic,,
normal,Send bKash quickly to number 01672573873.,English,Send bKash quickly to number [PHONE] .,,
normal,"আব্দুল, কাল রাতে সিনেমা দেখতে যাবে নাকি? ‘হাওয়া’ চলছে স্টার সিনেপ্লেক্সে, টিকিট বুক করি?",Bengali,"আব্দুল, কাল রাতে সিনেমা দেখতে যাবে নাকি? ‘হাওয়া’ চলছে স্টার সিনেপ্লেক্সে, টিকিট বুক করি?",,
promo,"১৭ মে World Telecommunication ও Information Society Day, ২০২৩ এর theme 'Information ও Communication Technology-র development Least Developed Countries-সমূহের empowerment'-Postal ও Telecommunication Department।",CodeMix,"১৭ মে World Telecommunication ও Information Society Day, ২০২৩ এর theme 'Information ও Communication Technology-র development Least Developed Countries-সমূহের empowerment'-Postal ও Telecommunication Department।",,
normal,শুভ Mahalaya!,CodeMix,শুভ Mahalaya!,,
promo,"৳৩৫ ক্যাশব্যাকে এবার আরো বেশি ডাটা ৫০জিবি@৳৪৬৩, ৩০দিন cutt.ly/HwOETkke",Bengali,"৳৩৫ ক্যাশব্যাকে এবার আরো বেশি ডাটা ৫০জিবি@৳৪৬৩, ৩০দিন cutt.ly/HwOETkke",,
promo,"80minute matro 59taka (5din), nite dial korun *121*4205#",Banglish,"80minute matro 59taka (5din), nite dial korun *121*4205#",,
normal,আমাদের কলেজে আগামী সপ্তাহে সাংস্কৃতিক অনুষ্ঠান হবে। সবাই প্রস্তুতি নিচ্ছে। আমরা একটা নাটক মঞ্চস্থ করার পরিকল্পনা করছি। তুমি কি দেখতে আসবে?,Bengali,আমাদের কলেজে আগামী সপ্তাহে সাংস্কৃতিক অনুষ্ঠান হবে। সবাই প্রস্তুতি নিচ্ছে। আমরা একটা নাটক মঞ্চস্থ করার পরিকল্পনা করছি। তুমি কি দেখতে আসবে?,,
normal,Birthday party তে তুমি আসছো তো? Everyone is excited to see you।,CodeMix,Birthday party তে তুমি আসছো তো? Everyone is excited to see you।,,
promo,"ডাবলসেঞ্চুরি ক্যাশব্যাক ৳২০০!৬১জিবি+১০০০মি@ ৳৬৯৯, ৩০দিন cutt.ly/FwQhpKHc",Bengali,"ডাবলসেঞ্চুরি ক্যাশব্যাক ৳২০০!৬১জিবি+১০০০মি@ ৳৬৯৯, ৩০দিন cutt.ly/FwQhpKHc",,
normal,"Can't come to you today? Yes, I'm here. What do you want?",English,"Can't come to you today? Yes, I'm here. What do you want?",,
normal,Can you pick up some rice from the market on your way home?,English,Can you pick up some rice from the market on your way home?,,
normal,কি খবর তোমাদের?,Bengali,কি খবর তোমাদের?,,
promo,"TK100 cashback! 30GB+600min @TK399, 30 days: cutt.ly/AwkY4L2C",English,"TK100 cashback! 30GB+600min @TK399, 30 days: cutt.ly/AwkY4L2C",,
normal,তুমি কি রবিবার বাসায় আসবে? মা অনেকদিন ধরে তোমার সাথে দেখা করতে চাচ্ছে।,Bengali,তুমি কি রবিবার বাসায় আসবে? মা অনেকদিন ধরে তোমার সাথে দেখা করতে চাচ্ছে।,,
normal,কাল রাতে বাংলাদেশ আর পাকিস্তানের খেলা দেখেছো? ম্যাচটা একেবারে শেষ পর্যন্ত উত্তেজনাপূর্ণ ছিল। সবাই ক্যাফেতে বসে দারুণ আনন্দ করেছি।,Bengali,কাল রাতে বাংলাদেশ আর পাকিস্তানের খেলা দেখেছো? ম্যাচটা একেবারে শেষ পর্যন্ত উত্তেজনাপূর্ণ ছিল। সবাই ক্যাফেতে বসে দারুণ আনন্দ করেছি।,,
promo,Big Sale: আর আজই Beximco fashion এ ৩০% discount। Don’t miss out!,CodeMix,Big Sale: আর আজই Beximco fashion এ ৩০% discount। Don’t miss out!,,
promo,"Grameenphone er minute offer ekhon aro akorshonio! 27 minute 24 ghonta, nite recharge ba bikash korun 19 taka.",Banglish,"Grameenphone er minute offer ekhon aro akorshonio! 27 minute 24 ghonta, nite recharge ba bikash korun 19 taka.",,
promo,"করো ফুলঅন ইন্টারনেটিং! নাও ১০জিবি@২০০৳, ৩০দিন: cutt.ly/GwYJBDuV",Bengali,"করো ফুলঅন ইন্টারনেটিং! নাও ১০জিবি@২০০৳, ৩০দিন: cutt.ly/GwYJBDuV",,
normal,শুভ Christmas!,CodeMix,শুভ Christmas!,,
normal,তুমি কি আমার email পেয়েছ? I sent the documents yesterday.,CodeMix,তুমি কি আমার email পেয়েছ? I sent the documents yesterday.,,
promo,Tajmahal tea special offer! Buy 1kg get 500gm free. All retailers.,Banglish,Tajmahal tea special offer! Buy 1kg get 500gm free. All retailers.,,
promo,PHP Automobiles motorcycle fair! All bikes 15% discount + free helmet. Ride with confidence!,English,PHP Automobiles motorcycle fair! All bikes 15% discount + free helmet. Ride with confidence!,,
normal,"Ajke maa ranna ektu experiment korechilo, special biryani. Sobai khub enjoy korlo.",Banglish,"Ajke maa ranna ektu experiment korechilo, special biryani. Sobai khub enjoy korlo.",,
normal,"০১৬৭২৫৮৩৭৮৯ number-এ call করুন, আমার টাকা দরকার।",CodeMix,"[PHONE] number-এ call করুন, আমার টাকা দরকার।",,
normal,০১৬৭২৫৭৩৮৫১ নাম্বারে বিকাশ করুন।,Bengali,[PHONE] নাম্বারে বিকাশ করুন।,,
normal,"আপনার package এর delivery আজ হবে, ০১৯৮৭৬৫৪৩২১ এই নাম্বারে call করুন more info এর জন্য।",CodeMix,"আপনার package এর delivery আজ হবে, [PHONE] এই নাম্বারে call করুন more info এর জন্য।",,
promo,Vision factory outlet! appliances 45% off. Uttara showroom!,English,Vision factory outlet! appliances 45% off. Uttara showroom!,,
normal,কালকের training session reschedule হয়েছে। নতুন date পরে 알려বো। Please inform all teammates এবং adjust করুন accordingly,CodeMix,কালকের training session reschedule হয়েছে। নতুন date পরে 알려বো। Please inform all teammates এবং adjust করুন accordingly,,
normal,Happy birthday! Hope you have a wonderful day filled with joy.,English,Happy birthday! Hope you have a wonderful day filled with joy.,,
normal,তুমি family-এর সাথে আছ?,CodeMix,তুমি family-এর সাথে আছ?,,
normal,"Inaya ajke school e onek moja koreche, new rhymes shikhe abar amader ke geye shunacche. Tui next time ashbi tahole o tomar sathe o gaan gabo.",Banglish,"Inaya ajke school e onek moja koreche, new rhymes shikhe abar amader ke geye shunacche. Tui next time ashbi tahole o tomar sathe o gaan gabo.",,
normal,"Your daughter is in hospital, send money urgently to 01828173912.",English,"Your daughter is in hospital, send money urgently to [PHONE] .",,
promo,Pathao Food থেকে অর্ডার করলে কোড FOOD30 ব্যবহার করে ৩০% ছাড় পান। অফার আজ পর্যন্ত।,Bengali,Pathao Food থেকে অর্ডার করলে কোড FOOD30 ব্যবহার করে ৩০% ছাড় পান। অফার আজ পর্যন্ত।,,
normal,আজকে morning tea খেয়েছেন? I had black coffee today।,CodeMix,আজকে morning tea খেয়েছেন? I had black coffee today।,,
normal,Ami amar poribar er shonge ekta notun shomoy palon korte chai.,Banglish,Ami amar poribar er shonge ekta notun shomoy palon korte chai.,,
normal,"আমি transport এ উঠেছি, আর সময় লাগবে। Wait for me.",CodeMix,"আমি transport এ উঠেছি, আর সময় লাগবে। Wait for me.",,
promo,"নগদে পেমেন্ট করুন, পাবেন ১০% ক্যাশব্যাক! সর্বোচ্চ ১০০০ টাকা পর্যন্ত।",Bengali,"নগদে পেমেন্ট করুন, পাবেন ১০% ক্যাশব্যাক! সর্বোচ্চ ১০০০ টাকা পর্যন্ত।",,
normal,"Jokhon tumi dekhbe, namaj-er moddhe tomar ontoro uposhthito thakche na, tokhon bujhe nebe, eta iman-er durbolatar karon. Kathor porishrom koro nijer iman-ke mojbut korar jonno. - [Imam Ibnu Kudamah Al Makdishi (Rah.)]",Banglish,"Jokhon tumi dekhbe, namaj-er moddhe tomar ontoro uposhthito thakche na, tokhon bujhe nebe, eta iman-er durbolatar karon. Kathor porishrom koro nijer iman-ke mojbut korar jonno. - [Imam Ibnu Kudamah Al Makdishi (Rah.)]",,
normal,Kalke adda e shobai aslo kintu tui ashte parli na. Tor absence onek miss kora gelo. Next time please ekta din free rakhi sobai jeno thakte pare.,Banglish,Kalke adda e shobai aslo kintu tui ashte parli na. Tor absence onek miss kora gelo. Next time please ekta din free rakhi sobai jeno thakte pare.,,
normal,Happy Mahalaya!,English,Happy Mahalaya!,,
promo,Pran juice festival! Buy 3 bottles get 1 free. Available at all superstores.,Banglish,Pran juice festival! Buy 3 bottles get 1 free. Available at all superstores.,,
normal,শুভ জন্মদিন congratulations!,CodeMix,শুভ জন্মদিন congratulations!,,
promo,"TK.১০০ cashback-এ ৩১GB+৪৫০min.@TK.৩৯৯,৩০days, নিয়ে নাও: cutt.ly/2wQlYv6U",CodeMix,"TK.১০০ cashback-এ ৩১GB+৪৫০min.@TK.৩৯৯,৩০days, নিয়ে নাও: cutt.ly/2wQlYv6U",,
normal,ভাইয়া ভর্তির জন্য কি বাবার আয়ের সনদ দিতেই হয়??  বলবেন একটু,Bengali,ভাইয়া ভর্তির জন্য কি বাবার আয়ের সনদ দিতেই হয়?? বলবেন একটু,,
promo,Robi mega recharge bonus: 299TK recharge korlei paben 20GB data + 300 mins call bonus for 30 days. Offer shesh hobe 15th Sept e. Amar Robi app e activate korun and enjoy super connectivity.,Banglish,Robi mega recharge bonus: 299TK recharge korlei paben 20GB data + 300 mins call bonus for 30 days. Offer shesh hobe 15th Sept e. Amar Robi app e activate korun and enjoy super connectivity.,,
normal,Shubho Mohaloya!,Banglish,Shubho Mohaloya!,,
normal,"শুভ রাত্রি, ভালো থেকো!",Bengali,"শুভ রাত্রি, ভালো থেকো!",,
promo,"Shoptahjure pro-level interneting, nao 25GB@219TK: cutt.ly/2wEyml8b",Banglish,"Shoptahjure pro-level interneting, nao 25GB@219TK: cutt.ly/2wEyml8b",,
normal,"আজকে দুপুরে কাবাব খেতে খেতে মনে পড়লো, তুমি গত বছর বলেছিলে এই রেস্টুরেন্টে যেও। সত্যিই দারুণ লেগেছে।",Bengali,"আজকে দুপুরে কাবাব খেতে খেতে মনে পড়লো, তুমি গত বছর বলেছিলে এই রেস্টুরেন্টে যেও। সত্যিই দারুণ লেগেছে।",,
promo,Shwapno te buy 1 get 1 free fruits offer cholche. Offer valid ajker jonno.,Banglish,Shwapno te buy 1 get 1 free fruits offer cholche. Offer valid ajker jonno.,,
promo,488.23MB অবশিষ্ট। Enjoy করুন PayGo (6.6625Tk পর্যন্ত 5MB এর জন্য)| Balance জানতে চাইলে *121*1*4#| Specific pack-এ 10% internet bonus পেতে visit করুন mygp.li/bonus,CodeMix,488.23MB অবশিষ্ট। Enjoy করুন PayGo (6.6625Tk পর্যন্ত 5MB এর জন্য)| Balance জানতে চাইলে *121*1*4#| Specific pack-এ 10% internet bonus পেতে visit করুন mygp.li/bonus,,
promo,Electronics product-এ mega sale! সব product-এ 10-50% discount। আজই visit করুন।,CodeMix,Electronics product-এ mega sale! সব product-এ 10-50% discount। আজই visit করুন।,,
normal,কাল রাতে বাংলাদেশ আর ভারতের খেলা দেখলাম। ম্যাচটা একেবারে শেষ পর্যন্ত উত্তেজনাপূর্ণ ছিল। বন্ধুদের সাথে দারুণ সময় কাটলো।,Bengali,কাল রাতে বাংলাদেশ আর ভারতের খেলা দেখলাম। ম্যাচটা একেবারে শেষ পর্যন্ত উত্তেজনাপূর্ণ ছিল। বন্ধুদের সাথে দারুণ সময় কাটলো।,,
normal,আজকে অফিসে ভীষণ ব্যস্ত ছিলাম। দুপুরে ঠিকমতো খেতেও পারিনি। তুমি কেমন আছো?,Bengali,আজকে অফিসে ভীষণ ব্যস্ত ছিলাম। দুপুরে ঠিকমতো খেতেও পারিনি। তুমি কেমন আছো?,,
normal,"তোমারি চোখেরই আঙ্গিনায়, এখনো কি তেমনি করে ছড়ায় আলো? এখনো কি তারার পানে চেয়ে থাকো আন মনে? তুমি কি আমায় আগের মত বাস ভাল?",Bengali,"তোমারি চোখেরই আঙ্গিনায়, এখনো কি তেমনি করে ছড়ায় আলো? এখনো কি তারার পানে চেয়ে থাকো আন মনে? তুমি কি আমায় আগের মত বাস ভাল?",,
normal,"ASAP বিদ্যুৎ বিল আর খালার বিল দিলে অনেক উপকার হতো। খালা বারবার বলছে, importance দিয়ে দেখ।",CodeMix,"ASAP বিদ্যুৎ বিল আর খালার বিল দিলে অনেক উপকার হতো। খালা বারবার বলছে, importance দিয়ে দেখ।",,
normal,Ajke cinema dekhbe?,Banglish,Ajke cinema dekhbe?,,
normal,তুমি কি সিনেমা হলে যাচ্ছো?,Bengali,তুমি কি সিনেমা হলে যাচ্ছো?,,
normal,Have you tried the new restaurant?,English,Have you tried the new restaurant?,,
normal,"আজকে নতুন রেস্টুরেন্টে খেতে গিয়েছিলাম। খাবারের স্বাদ বেশ ভালো, দামও ঠিক।",Bengali,"আজকে নতুন রেস্টুরেন্টে খেতে গিয়েছিলাম। খাবারের স্বাদ বেশ ভালো, দামও ঠিক।",,
promo,"Pro-level adda+interneting-10GB+250mi@258TK,30din cutt.ly/wwCctHGF",Banglish,"Pro-level adda+interneting-10GB+250mi@258TK,30din cutt.ly/wwCctHGF",,
normal,Kani ajke debate competition e participate korse. Sobai admire korlo tar confidence. Teacher o khub happy hoilo.,Banglish,Kani ajke debate competition e participate korse. Sobai admire korlo tar confidence. Teacher o khub happy hoilo.,,
normal,"আন্টি, আজ আপনার পরিবারের সবার খোঁজ নিলাম। সবাই ভালো তো?",Bengali,"আন্টি, আজ আপনার পরিবারের সবার খোঁজ নিলাম। সবাই ভালো তো?",,
promo,Christmas greetings. Get 25% discount till December 31. 01713199270,English,Christmas greetings. Get 25% discount till December 31. [PHONE],,
normal,তুমি কি train এ যাচ্ছো?,CodeMix,তুমি কি train এ যাচ্ছো?,,
normal,"Sometimes it feels like all this distraction, this mobile internet this online world, everyone has got so inside that it's hard to spend a single day without these",English,"Sometimes it feels like all this distraction, this mobile internet this online world, everyone has got so inside that it's hard to spend a single day without these",,
normal,01672573851 number-এ bKash করুন।,CodeMix,[PHONE] number-এ bKash করুন।,,
promo,Pathao ride এ ২৫% discount আজ। Book করুন এখনই!,CodeMix,Pathao ride এ ২৫% discount আজ। Book করুন এখনই!,,
normal,"Kani ajke school er drawing competition e first prize peyeche. O onek excited chilo, amar mone hoy tomar sathe ekbar share korbe.",Banglish,"Kani ajke school er drawing competition e first prize peyeche. O onek excited chilo, amar mone hoy tomar sathe ekbar share korbe.",,
promo,"TK 50 cashback এ pro-level data deal 50GB@TK 448,30 days cutt.ly/nwMwL8Y1",CodeMix,"TK 50 cashback এ pro-level data deal 50GB@TK 448,30 days cutt.ly/nwMwL8Y1",,
normal,কালকে কি আমাদের exam আছে? I need to prepare tonight.,CodeMix,কালকে কি আমাদের exam আছে? I need to prepare tonight.,,
promo,GP STAR গ্রাহকরা এখন পাচ্ছেন ৫০০ টাকার শপিং ভাউচার সম্পূর্ণ ফ্রি! Daraz এ ব্যবহার করতে পারবেন। বিস্তারিত জানতে *121*888#।,Bengali,GP STAR গ্রাহকরা এখন পাচ্ছেন ৫০০ টাকার শপিং ভাউচার সম্পূর্ণ ফ্রি! Daraz এ ব্যবহার করতে পারবেন। বিস্তারিত জানতে *121*888#।,,
normal,"Happy Eid Mubarak! May this blessed occasion bring joy, peace and prosperity to your family.",English,"Happy Eid Mubarak! May this blessed occasion bring joy, peace and prosperity to your family.",,
normal,"Train er ticket kete rakhchi, Chittagong jabo Sunday te.",Banglish,"Train er ticket kete rakhchi, Chittagong jabo Sunday te.",,
normal,আমি একটি প্রতিষ্ঠানের পরিচালক হিসাবে পরিচালক করতে চাই।,Bengali,আমি একটি প্রতিষ্ঠানের পরিচালক হিসাবে পরিচালক করতে চাই।,,
promo,"Partex furniture Eid special! Bedroom sets starting 35000 TK. Visit Elephant Road, New Market showrooms!",English,"Partex furniture Eid special! Bedroom sets starting 35000 TK. Visit Elephant Road, New Market showrooms!",,
normal,Happy Pohela Boishakh এর শুভেচ্ছা!,CodeMix,Happy Pohela Boishakh এর শুভেচ্ছা!,,
normal,What is your favorite season?,English,What is your favorite season?,,
normal,Send money to this number 01927283987 via Rocket.,English,Send money to this number [PHONE] via Rocket.,,
normal,"Ajker office meeting onek lamba holo, manager onek boro plan niye discussion korlo. Amar matha ektu ghure jacchilo, but ekdom bhalo experience holo.",Banglish,"Ajker office meeting onek lamba holo, manager onek boro plan niye discussion korlo. Amar matha ektu ghure jacchilo, but ekdom bhalo experience holo.",,
normal,Kalke adda dite jabi? Coffee House e bose thakte pari.,Banglish,Kalke adda dite jabi? Coffee House e bose thakte pari.,,
promo,"Sheikh Hasina সরকারের success: 
২০০৬ সালে social security খাতে allocation ছিল মাত্র ২ হাজার ৫০৫ কোটি টাকা। ২০২৩ সালে বেড়ে দাঁড়িয়েছে ১ lakh ২৬ হাজার ২৭২ কোটি টাকা।",CodeMix,Sheikh Hasina সরকারের success: ২০০৬ সালে social security খাতে allocation ছিল মাত্র ২ হাজার ৫০৫ কোটি টাকা। ২০২৩ সালে বেড়ে দাঁড়িয়েছে ১ lakh ২৬ হাজার ২৭২ কোটি টাকা।,,
normal,কালকে কি office যাবে? I need to give you something.,CodeMix,কালকে কি office যাবে? I need to give you something.,,
normal,Tomar courage অসাধারণ।,CodeMix,Tomar courage অসাধারণ।,,
normal,shuvo Romzaner rohomer mash!,Banglish,shuvo Romzaner rohomer mash!,,
promo,"নতুন স্যামসাং ফোনে ১০% ডিসকাউন্ট! স্টক সীমিত, আজই কিনুন!",Bengali,"নতুন স্যামসাং ফোনে ১০% ডিসকাউন্ট! স্টক সীমিত, আজই কিনুন!",,
promo,Uber Eats free delivery on all orders above 500 TK! Use code: FREEDEL. Order your favorite food now!,English,Uber Eats free delivery on all orders above 500 TK! Use code: FREEDEL. Order your favorite food now!,,
promo,আমাদের নতুন product line থেকে যেকোনো item কিনলে ৳500 cashback পাবেন। This offer is only for this week।,CodeMix,আমাদের নতুন product line থেকে যেকোনো item কিনলে ৳500 cashback পাবেন। This offer is only for this week।,,
normal,Don't worry about the exam results. You did your best and that's what matters most.,English,Don't worry about the exam results. You did your best and that's what matters most.,,
normal,01827382918 ei number e joruri taka pathan.,Banglish,[PHONE] ei number e joruri taka pathan.,,
normal,Electricity bill has been applied.,English,Electricity bill has been applied.,,
normal,আজ bike ride করতে যাই? Weather অনেক সুন্দর। তুমি join করছো কি? Let’s meet at usual spot ৬:৩০ am,CodeMix,আজ bike ride করতে যাই? Weather অনেক সুন্দর। তুমি join করছো কি? Let’s meet at usual spot ৬:৩০ am,,
normal,"Don't be sad, I'm with you.",English,"Don't be sad, I'm with you.",,
promo,"৳৩০ ক্যাশব্যাকে এবার আরো বেশি ডাটা ৫০জিবি@৳৪৬৮, ৩০দিন cutt.ly/QwE5OlXt",Bengali,"৳৩০ ক্যাশব্যাকে এবার আরো বেশি ডাটা ৫০জিবি@৳৪৬৮, ৩০দিন cutt.ly/QwE5OlXt",,
promo,Pathao ride discount 40% for new users! Use code: NEW40. Download app and start saving today!,English,Pathao ride discount 40% for new users! Use code: NEW40. Download app and start saving today!,,
promo,Electronics ponny-te mega sale! Shob ponny-te 10-50% chhar. Ajei visit korun.,Banglish,Electronics ponny-te mega sale! Shob ponny-te 10-50% chhar. Ajei visit korun.,,
promo,"৫জিবি+১৫০মিনিট ১৩০টাকা (৩০দিন),ডায়াল *১২১*৫২০৫# বা https://mygp.li/a0",Bengali,"৫জিবি+১৫০মিনিট ১৩০টাকা (৩০দিন),ডায়াল *১২১*৫২০৫# বা [URL]",,
normal,তুমি কি theatre-এ যাচ্ছো?,CodeMix,তুমি কি theatre-এ যাচ্ছো?,,
promo,"80Tk cashback e beshi beshi data 30GB@319Tk, 30din cutt.ly/aw59tNYD",Banglish,"80Tk cashback e beshi beshi data 30GB@319Tk, 30din cutt.ly/aw59tNYD",,
promo,"৳৩৫ ক্যাশব্যাকে এবার আরো বেশি ডাটা ৫০জিবি@৳৪৬৩,৩০দিন cutt.ly/HwOETkke",Bengali,"৳৩৫ ক্যাশব্যাকে এবার আরো বেশি ডাটা ৫০জিবি@৳৪৬৩,৩০দিন cutt.ly/HwOETkke",,
promo,"৳৩৫ cashback-এ এবার আরো বেশি data ৫০জিবি@৳৪৬৩,৩০দিন cutt.ly/HwOETkke",CodeMix,"৳৩৫ cashback-এ এবার আরো বেশি data ৫০জিবি@৳৪৬৩,৩০দিন cutt.ly/HwOETkke",,
promo,"Humble tribute on the 47th martyrdom anniversary of Bangabandhu Sheikh Mujibur Rahman, the greatest Bengali of all time - Ministry of Posts & Telecommunications",English,"Humble tribute on the 47th martyrdom anniversary of Bangabandhu Sheikh Mujibur Rahman, the greatest Bengali of all time - Ministry of Posts & Telecommunications",,
normal,Morning bus is crowded.,English,Morning bus is crowded.,,
normal,আমি আমার familyর সঙ্গে একটি নতুন time পালন করতে চাই।,CodeMix,আমি আমার familyর সঙ্গে একটি নতুন time পালন করতে চাই।,,
promo,"Special gift for you, 60 paisa/minute call rate, take: cutt.ly/qwnfrXbV",English,"Special gift for you, 60 paisa/minute call rate, take: cutt.ly/qwnfrXbV",,
promo,"ডাটা মিক্সারে করো পকেট সেভিং, নাও ৬০জিবি@ ৳৫৬৯,৩০দিন: cutt.ly/HwQzEu9E",Bengali,"ডাটা মিক্সারে করো পকেট সেভিং, নাও ৬০জিবি@ ৳৫৬৯,৩০দিন: cutt.ly/HwQzEu9E",,
promo,Special offer: All kids clothing-এ ২০% discount।,CodeMix,Special offer: All kids clothing-এ ২০% discount।,,
promo,"50TK chill cashback e 31GB+450mi.@449TK 30din, nao: cutt.ly/KwMwLOgt",Banglish,"50TK chill cashback e 31GB+450mi.@449TK 30din, nao: cutt.ly/KwMwLOgt",,
normal,Kani ajke school e drawing competition e prize paishe!,Banglish,Kani ajke school e drawing competition e prize paishe!,,
normal,01672573857 number-এ bKash করুন।,CodeMix,[PHONE] number-এ bKash করুন।,,
normal,"আপনার পাওনা ৮০০/- টাকা, দ্রুত পরিশোধ করুন।",Bengali,"আপনার পাওনা ৮০০/- টাকা, দ্রুত পরিশোধ করুন।",,
normal, পৃথিবীর জীবনটা তিনটি দিনের– গতকালের দিনটিতে যা করা হয়েছে সেগুলো নিয়ে সেটি চলে গেছে; আগামীকালের দিনটিতে হয়ত আপনি না-ও পৌছতে পারেন; কিন্তু আজকের দিনটি আপনার জন্য সুতরাং যা করার আজই করে নিন। -[ইমাম আল-হাসান আল-বাসরী (রহ)],Bengali,পৃথিবীর জীবনটা তিনটি দিনের– গতকালের দিনটিতে যা করা হয়েছে সেগুলো নিয়ে সেটি চলে গেছে; আগামীকালের দিনটিতে হয়ত আপনি না-ও পৌছতে পারেন; কিন্তু আজকের দিনটি আপনার জন্য সুতরাং যা করার আজই করে নিন। -[ইমাম আল-হাসান আল-বাসরী (রহ)],,
normal,01927282893 এই number-এ দ্রুত টাকা পাঠাও।,CodeMix,[PHONE] এই number-এ দ্রুত টাকা পাঠাও।,,
normal,Ei ja ami je onek shomoy pelam sheti hol somadhhan ebong mulyo hol ekti mahan ebong ekti jonopri,Banglish,Ei ja ami je onek shomoy pelam sheti hol somadhhan ebong mulyo hol ekti mahan ebong ekti jonopri,,
normal,Good morning!,English,Good morning!,,
promo,GP exclusive offer: Unlimited YouTube pack 89TK only for 7 days! Amar GP app theke activate korun or dial *121*89#. Video streaming unlimited enjoy korun. Ei offer shesh hoye jabe 7th Sept e.,Banglish,GP exclusive offer: Unlimited YouTube pack 89TK only for 7 days! Amar GP app theke activate korun or dial *121*89#. Video streaming unlimited enjoy korun. Ei offer shesh hoye jabe 7th Sept e.,,
normal,Are you going to the shopping mall?,English,Are you going to the shopping mall?,,
promo,Flat 15% discount on all shopping. Code: DISCOUNT15.,English,Flat 15% discount on all shopping. Code: DISCOUNT15.,,
promo,২০০৳ সেইই ক্যাশব্যাক! নাও ৬০জিবি+১০০০মিনিট@৬৯৯৳ ৩০দিন: cutt.ly/aAhiAsI,Bengali,২০০৳ সেইই ক্যাশব্যাক! নাও ৬০জিবি+১০০০মিনিট@৬৯৯৳ ৩০দিন: cutt.ly/aAhiAsI,,
promo,"TK25 cashback now more data 50GB@TK473, 30 days cutt.ly/zwTmxzpd",English,"TK25 cashback now more data 50GB@TK473, 30 days cutt.ly/zwTmxzpd",,
normal,"কখনো অন্যায়, অত্যাচারের জন্য নিজের আওয়াজকে রুখে দিও সত্য ও ন্যায়ের কথা বলতে।",Bengali,"কখনো অন্যায়, অত্যাচারের জন্য নিজের আওয়াজকে রুখে দিও সত্য ও ন্যায়ের কথা বলতে।",,
normal,Are you going to a cafe?,English,Are you going to a cafe?,,
normal,"আপনি যদি Islam practice না করেন, please Islam সম্পর্কে কিছু বলতে আসবেন না! -[Dr: Zakir Naik]",CodeMix,"আপনি যদি Islam practice না করেন, please Islam সম্পর্কে কিছু বলতে আসবেন না! -[Dr: Zakir Naik]",,
normal,What shall we do today?,English,What shall we do today?,,
promo,Dutch-Bangla Bank SME loan! Small business funding up to 50 lakh at competitive rates. Apply today!,English,Dutch-Bangla Bank SME loan! Small business funding up to 50 lakh at competitive rates. Apply today!,,
normal,Inaya ajke amar sathe school e onek moja korse. She abar ekta chhoto rhyme shikhlo and amader ke geye shunalo. Khub cute laglo.,Banglish,Inaya ajke amar sathe school e onek moja korse. She abar ekta chhoto rhyme shikhlo and amader ke geye shunalo. Khub cute laglo.,,
normal,Send bKash to this number 01672573857.,English,Send bKash to this number [PHONE] .,,
normal,Training session reschedule হয়েছে। নতুন date পরে 알려বো। Please inform all teammates এবং adjust করুন accordingly,CodeMix,Training session reschedule হয়েছে। নতুন date পরে 알려বো। Please inform all teammates এবং adjust করুন accordingly,,
promo,Bashundhara City shopping festival! Win gold jewelry with purchases above 5000 TK this weekend!,English,Bashundhara City shopping festival! Win gold jewelry with purchases above 5000 TK this weekend!,,
promo,Foodpanda free delivery! Minimum order 300TK. Use code: FREEDEL,Banglish,Foodpanda free delivery! Minimum order 300TK. Use code: FREEDEL,,
promo,Daraz Eid fest: Daily flash deal on smartphones. Redmi Note 12 Pro 2000TK off. Hurry before stock ends!,Banglish,Daraz Eid fest: Daily flash deal on smartphones. Redmi Note 12 Pro 2000TK off. Hurry before stock ends!,,
promo,Fresh supermarket organic food festival! All organic products 25% discount. Healthy living starts here!,English,Fresh supermarket organic food festival! All organic products 25% discount. Healthy living starts here!,,
normal,তুমি সাফল্যের জন্য তৈরি।,Bengali,তুমি সাফল্যের জন্য তৈরি।,,
normal,আমি সকালে বাজারে যাচ্ছি।,Bengali,আমি সকালে বাজারে যাচ্ছি।,,
normal,তোমার ভাইবোন কেমন আছে?,Bengali,তোমার ভাইবোন কেমন আছে?,,
promo,"“আপনার জীবন, স্বাস্থ্য ও সম্পদের অনাকাঙ্খিত/দুর্ঘটনাজনিত ক্ষতি লাঘবের ব্যবস্থা হলো বীমা। বীমা করুন, ঝুঁকিমুক্ত থাকুন”-বীমা উন্নয়ন ও নিয়ন্ত্রণ কর্তৃপক্ষ।",Bengali,"“আপনার জীবন, স্বাস্থ্য ও সম্পদের অনাকাঙ্খিত/দুর্ঘটনাজনিত ক্ষতি লাঘবের ব্যবস্থা হলো বীমা। বীমা করুন, ঝুঁকিমুক্ত থাকুন”-বীমা উন্নয়ন ও নিয়ন্ত্রণ কর্তৃপক্ষ।",,
normal,tumi ki bagane jaccho?,Banglish,tumi ki bagane jaccho?,,
normal,Are you reading a book?,English,Are you reading a book?,,
normal,Hope your job interview went well today. Keeping my fingers crossed for good news!,English,Hope your job interview went well today. Keeping my fingers crossed for good news!,,
promo,credit card membership offer! Annual fee only 1847 TK. Benefits: discounts!,English,credit card membership offer! Annual fee only 1847 TK. Benefits: discounts!,,
normal,"এই ০১৭৮২৯৭৩৭৮৩ নাম্বারে কল ব্যাক কর, আমার টাকা নাই",Bengali,"এই [PHONE] নাম্বারে কল ব্যাক কর, আমার টাকা নাই",,
normal,"আপনার পাওনা ৫০০০/- টাকা, জলদি পরিশোধ করুন।",Bengali,"আপনার পাওনা ৫০০০/- টাকা, জলদি পরিশোধ করুন।",,
promo,"TK200 cashback last day, get 61GB+1000mi@TK699, 30 days: cutt.ly/FwQhpKHc",English,"TK200 cashback last day, get 61GB+1000mi@TK699, 30 days: cutt.ly/FwQhpKHc",,
normal,সাফল্যের জন্য তুমি যদি অন্যায়ের আশ্রয় নিয়ে থাকো তবে মনে রেখো তুমি সফল নও। — থমাস কার্লি,Bengali,সাফল্যের জন্য তুমি যদি অন্যায়ের আশ্রয় নিয়ে থাকো তবে মনে রেখো তুমি সফল নও। — থমাস কার্লি,,
promo,"হোম ডেকোর আইটেমে মেগা সেল! কার্টেন, বেডশিটে ৪৫% ছাড়।",Bengali,"হোম ডেকোর আইটেমে মেগা সেল! কার্টেন, বেডশিটে ৪৫% ছাড়।",,
normal,Ha ha ha ভালো joke। Girls অবস্থা investigative।,CodeMix,Ha ha ha ভালো joke। Girls অবস্থা investigative।,,
normal,kothor porishromoi shofolir path.,Banglish,kothor porishromoi shofolir path.,,
normal,তোমার দিন কেমন চলছে?,Bengali,তোমার দিন কেমন চলছে?,,
promo,Banglalink music bundle: Recharge 79TK and enjoy unlimited Bangla gaan streaming for 30 days. Dial *222*79# to activate. Ei offer sudhu September month er jonno valid.,Banglish,Banglalink music bundle: Recharge 79TK and enjoy unlimited Bangla gaan streaming for 30 days. Dial *222*79# to activate. Ei offer sudhu September month er jonno valid.,,
normal,Amar kache kono notun khobor achhe?,Banglish,Amar kache kono notun khobor achhe?,,
normal,০১৬৭২৫৬৩৭৪১ এই নাম্বারে টাকা পাঠা।,Bengali,[PHONE] এই নাম্বারে টাকা পাঠা।,,
normal,Ami onek shomoy miller moddhe pan ta hol ami ekta mohan ebong ami onno baparer moddhe amar premer omon+ron dite pari.,Banglish,Ami onek shomoy miller moddhe pan ta hol ami ekta mohan ebong ami onno baparer moddhe amar premer omon+ron dite pari.,,
normal,Ajker office meeting onek lamba holo. Manager boro project niye presentation dilo. Amar matha ghure jacchilo but onek kichu shikhlam.,Banglish,Ajker office meeting onek lamba holo. Manager boro project niye presentation dilo. Amar matha ghure jacchilo but onek kichu shikhlam.,,
promo,Special offer for new clients! 20% discount on our service.,English,Special offer for new clients! 20% discount on our service.,,
normal,What's the news?,English,What's the news?,,
normal,Chotto break নিতে চাই। তুমি চাইলে আসো।,CodeMix,Chotto break নিতে চাই। তুমি চাইলে আসো।,,
normal,"আজ তোমার কাছে আসতে পারবো না? Yes, আমি এখানে available। আপনি কি want?",CodeMix,"আজ তোমার কাছে আসতে পারবো না? Yes, আমি এখানে available। আপনি কি want?",,
normal,তুমি কি নতুন গানটা শুনেছো? সত্যিই দারুণ লেগেছে।,Bengali,তুমি কি নতুন গানটা শুনেছো? সত্যিই দারুণ লেগেছে।,,
promo,Unimart discount days: Grocery and fresh items up to 25% discount. Home delivery available across Dhaka. Order online at unimart.com.bd.,Banglish,Unimart discount days: Grocery and fresh items up to 25% discount. Home delivery available across Dhaka. Order online at [URL],,
promo,"45 TK cashback! 46GB @ 453TK, 30din, nie nao ekhoni: cutt.ly/4wQzxdl1",Banglish,"45 TK cashback! 46GB @ 453TK, 30din, nie nao ekhoni: cutt.ly/4wQzxdl1",,
normal,বাসায় খুব peace আছে।,CodeMix,বাসায় খুব peace আছে।,,
normal,Kalke Bishwa Ijtema r jam dekhe rastay 3 ghonta atke chilam. Kintu lokjon er majhe shanti dekhe moja laglo. Sobai ek sathe dua kortese.,Banglish,Kalke Bishwa Ijtema r jam dekhe rastay 3 ghonta atke chilam. Kintu lokjon er majhe shanti dekhe moja laglo. Sobai ek sathe dua kortese.,,
normal,Your courage is extraordinary.,English,Your courage is extraordinary.,,
normal,"Kalke family dinner chhilo. Sobai mile boro table e khawa dawa kore golpo korlam. Maa khub happy chhilo, ami o khushi.",Banglish,"Kalke family dinner chhilo. Sobai mile boro table e khawa dawa kore golpo korlam. Maa khub happy chhilo, ami o khushi.",,
normal,01729172964 number e rocket e taka pathan.,Banglish,[PHONE] number e rocket e taka pathan.,,
normal,আজকে মোবাইলের চার্জ শেষ হয়ে গিয়েছিলো। একেবারে অচল হয়ে গিয়েছিলাম। বুঝলাম চার্জারটা সবসময় সাথে রাখা কতটা জরুরি।,Bengali,আজকে মোবাইলের চার্জ শেষ হয়ে গিয়েছিলো। একেবারে অচল হয়ে গিয়েছিলাম। বুঝলাম চার্জারটা সবসময় সাথে রাখা কতটা জরুরি।,,
promo,Flat ১০% discount entire store। Code: FLAT10। Online only।,CodeMix,Flat ১০% discount entire store। Code: FLAT10। Online only।,,
normal,০১৯৭২৭৭১৭১৪ আমার এই number-e টাকা পাঠাও,CodeMix,[PHONE] আমার এই number-e টাকা পাঠাও,,
promo,"“Mugda, Sobujbag, Shahjahanpur, Khilgaon, Rampura, Motijhil, Paltan, Badda, Hatirjhil thanar e-passport sheba agami 07 May 2023 Khri: theke ancholik passport office, Dhaka Purbo (Aftabnagar) hote dewa hobe”.",Banglish,"“Mugda, Sobujbag, Shahjahanpur, Khilgaon, Rampura, Motijhil, Paltan, Badda, Hatirjhil thanar e-passport sheba agami 07 May 2023 Khri: theke ancholik passport office, Dhaka Purbo (Aftabnagar) hote dewa hobe”.",,
normal,তুমি কি market যাবে? I need to buy things.,CodeMix,তুমি কি market যাবে? I need to buy things.,,
normal,"ভাই, 
আযহার ভাই আপনার সাথে দেখা করতে বললো। এম. ফিল এর Synopsis নিয়ে ",Bengali,"ভাই, আযহার ভাই আপনার সাথে দেখা করতে বললো। এম. ফিল এর Synopsis নিয়ে",,
normal,আজকে ফেসবুকে একটা দারুণ মজার ভিডিও দেখেছি। পরে তোমাকে শেয়ার করবো।,Bengali,আজকে ফেসবুকে একটা দারুণ মজার ভিডিও দেখেছি। পরে তোমাকে শেয়ার করবো।,,
promo,Furniture e mega sale! Shob pnoye 15-30% discount. Ajii visit korun.,Banglish,Furniture e mega sale! Shob pnoye 15-30% discount. Ajii visit korun.,,
promo,নতুন কালেকশন এসেছে! কে ও কে সালোয়ার কামিজে ৩৫% ছাড়।,Bengali,নতুন কালেকশন এসেছে! কে ও কে সালোয়ার কামিজে ৩৫% ছাড়।,,
normal,"কখনো মনে হয় সব যে distraction, এই mobile internet এই online world, সবাই এমন ভাবে inside ঢুকসে যে এসব ছাড়া single একটা day spend করা difficult",CodeMix,"কখনো মনে হয় সব যে distraction, এই mobile internet এই online world, সবাই এমন ভাবে inside ঢুকসে যে এসব ছাড়া single একটা day spend করা difficult",,
normal,"Hi, how is your day going?",English,"Hi, how is your day going?",,
promo,"Walton refrigerators starting 18,000TK with 5 years warranty!",English,"Walton refrigerators starting 18,000TK with 5 years warranty!",,
promo,Company এর পক্ষ থেকে special offer! সব products এ discounts at stores. Hurry up!,CodeMix,Company এর পক্ষ থেকে special offer! সব products এ discounts at stores. Hurry up!,,
promo,Aarong Eid sale! All clothing up to 60% discount. Limited time!,English,Aarong Eid sale! All clothing up to 60% discount. Limited time!,,
promo,GP internet binge offer: 20GB only 399TK for 30 days! Perfect for students and heavy users. Dial *121*399# or activate via MyGP app today.,Banglish,GP internet binge offer: 20GB only 399TK for 30 days! Perfect for students and heavy users. Dial *121*399# or activate via MyGP app today.,,
promo,Pathao Food saver: Order 400TK+ and get flat 35% discount with code FOOD35. Offer valid for dinner hours.,Banglish,Pathao Food saver: Order 400TK+ and get flat 35% discount with code FOOD35. Offer valid for dinner hours.,,
normal,আমি যেন কিছু বলতে পারি না।,Bengali,আমি যেন কিছু বলতে পারি না।,,
promo,Citycell recharge এ ১৫% extra bonus পাবেন limited time। Don’t wait!,CodeMix,Citycell recharge এ ১৫% extra bonus পাবেন limited time। Don’t wait!,,
normal,"What's up, hello?",English,"What's up, hello?",,
normal,Happy নভেম্বর!,CodeMix,Happy নভেম্বর!,,
promo,"১৫০TK cashback-এ data mixer ৮০GB@৬৯৯TK,৩০দিন: cutt.ly/lwMwLrfw",CodeMix,"১৫০TK cashback-এ data mixer ৮০GB@৬৯৯TK,৩০দিন: cutt.ly/lwMwLrfw",,
promo,"২৬ January ২০২৪ International Customs Day theme: ""মিলে নবীন-পুরনো অংশীজন/Customs will achieve targets""। NBR",CodeMix,"২৬ January ২০২৪ International Customs Day theme: ""মিলে নবীন-পুরনো অংশীজন/Customs will achieve targets""। NBR",,
normal,"Apnar account theke 1000/- taka prodan kora hoyeche, ovijog korte call korun.",Banglish,"Apnar account theke 1000/- taka prodan kora hoyeche, ovijog korte call korun.",,
promo,"Get 50TK cashback data mixer 40GB@TK248, 7days: cutt.ly/WwZsAgMK",English,"Get 50TK cashback data mixer 40GB@TK248, 7days: cutt.ly/WwZsAgMK",,
normal,Amake druto call din 01738293748 ei number-e.,Banglish,Amake druto call din [PHONE] ei number-e.,,
promo,"Pran Dairy milk products home delivery! Fresh milk, yogurt, cheese delivered daily. Call 16456 now!",English,"Pran Dairy milk products home delivery! Fresh milk, yogurt, cheese delivered daily. Call 16456 now!",,
normal,I feel healthy and my body seems fine.,English,I feel healthy and my body seems fine.,,
promo,"80 minutes for only 59 taka (5 days), dial *121*4205#",English,"80 minutes for only 59 taka (5 days), dial *121*4205#",,
promo,"অ্যাক্সেসরিজে মেগা সেল! ব্যাগ, বেল্ট, ওয়ালেটে ৩৫% ছাড়।",Bengali,"অ্যাক্সেসরিজে মেগা সেল! ব্যাগ, বেল্ট, ওয়ালেটে ৩৫% ছাড়।",,
promo,May 05 International Midwife Day. This year's theme - From evidence to reality: All midwives together.,English,May 05 International Midwife Day. This year's theme - From evidence to reality: All midwives together.,,
promo,"ইন্টারনেটিংয়ে পকেট সেভিং, নাও ১০জিবি@৳১৫৮, ৭দিন: cutt.ly/FwUC6vhp",Bengali,"ইন্টারনেটিংয়ে পকেট সেভিং, নাও ১০জিবি@৳১৫৮, ৭দিন: cutt.ly/FwUC6vhp",,
normal,"হ্যাঁ, আমাদের সময় লাগছিল",Bengali,"হ্যাঁ, আমাদের সময় লাগছিল",,
promo,Cotton World shirt collection! Buy 2 get 1 free offer. All showrooms.,Banglish,Cotton World shirt collection! Buy 2 get 1 free offer. All showrooms.,,
promo,GP STAR গ্রাহকরা আজ পাচ্ছেন বিশেষ সুবিধা: ৫০০ টাকার শপিং ভাউচার। ব্যবহার করুন Daraz এ।,Bengali,GP STAR গ্রাহকরা আজ পাচ্ছেন বিশেষ সুবিধা: ৫০০ টাকার শপিং ভাউচার। ব্যবহার করুন Daraz এ।,,
promo,"20% off on home decor items. Limited stock, don't delay.",English,"20% off on home decor items. Limited stock, don't delay.",,
normal,"প্রিয় শিক্ষার্থী, আপনার টিউশন ফি আজ পর্যন্ত ২২,৯০০.০০ টাকা বকেয়া আছে। (পূর্বের লেট ফাইন ও বকেয়াসহ) চলতি মাসের টিউশন ফি (জরিমানা ছাড়া) ২০ই সেপ্টেম্বর, ২০২৪ মধ্যে পরিশোধ করুন। বিস্তারিত https://student.ulab.edu.bd/ লগইন করুন। (ULAB)",Bengali,"প্রিয় শিক্ষার্থী, আপনার টিউশন ফি আজ পর্যন্ত ২২,৯০০.০০ টাকা বকেয়া আছে। (পূর্বের লেট ফাইন ও বকেয়াসহ) চলতি মাসের টিউশন ফি (জরিমানা ছাড়া) ২০ই সেপ্টেম্বর, ২০২৪ মধ্যে পরিশোধ করুন। বিস্তারিত [URL] লগইন করুন। (ULAB)",,
promo,15% discount on restaurant meals! Offer for limited time. Come today!,English,15% discount on restaurant meals! Offer for limited time. Come today!,,
promo,GP App দিয়ে বিল পরিশোধ করলে পাচ্ছেন ১০% ইনস্ট্যান্ট ক্যাশব্যাক। অফার বৈধ মাসের শেষ পর্যন্ত।,Bengali,GP App দিয়ে বিল পরিশোধ করলে পাচ্ছেন ১০% ইনস্ট্যান্ট ক্যাশব্যাক। অফার বৈধ মাসের শেষ পর্যন্ত।,,
promo,"৳৩৯৯ তে ৳৪৯৯ এর অফার! নাও ৩১জিবি+৪৫০মি., ৩০দিন: cutt.ly/2wQlYv6U",Bengali,"৳৩৯৯ তে ৳৪৯৯ এর অফার! নাও ৩১জিবি+৪৫০মি., ৩০দিন: cutt.ly/2wQlYv6U",,
promo,"City Bank credit card annual fee waiver! Apply today, get instant approval.",Banglish,"City Bank credit card annual fee waiver! Apply today, get instant approval.",,
normal,Thanks for picking up groceries on your way home. Really appreciate your thoughtfulness always.,English,Thanks for picking up groceries on your way home. Really appreciate your thoughtfulness always.,,
normal,শুভ লক্ষ্মী পূজা!,Bengali,শুভ লক্ষ্মী পূজা!,,
normal,আজ কেমন লাগছে তোমাকে? ঠিক আছি। আপনার কেমন লাগছে?,Bengali,আজ কেমন লাগছে তোমাকে? ঠিক আছি। আপনার কেমন লাগছে?,,
normal,তোমার প্রিয় গান কোনটা?,Bengali,তোমার প্রিয় গান কোনটা?,,
promo,Bonus সহ ১GB-৩০TK-৩দিন। Dial *১২১*৫২১৫# বা https://mygp.li/mo,CodeMix,Bonus সহ ১GB-৩০TK-৩দিন। Dial *১২১*৫২১৫# বা [URL],,
normal,Are you going to the cinema?,English,Are you going to the cinema?,,
normal,আজ তোমার স্কুলের কী কাজ হয়েছে?,Bengali,আজ তোমার স্কুলের কী কাজ হয়েছে?,,
promo,Bkash + Shohoz ride promo: Pay with bkash for Shohoz ride and get 25% cashback instantly. Maximum cashback 50TK per ride. Code: BK25.,Banglish,Bkash + Shohoz ride promo: Pay with bkash for Shohoz ride and get 25% cashback instantly. Maximum cashback 50TK per ride. Code: BK25.,,
normal,"কষ্ট পেয়ো না, I'm with you।",CodeMix,"কষ্ট পেয়ো না, I'm with you।",,
promo,বিকাশ অ্যাপে skitto deals এ ৩০টাকা পর্যন্ত ক্যাশব্যাক cutt.ly/8HBaVWF,Bengali,বিকাশ অ্যাপে skitto deals এ ৩০টাকা পর্যন্ত ক্যাশব্যাক cutt.ly/8HBaVWF,,
normal,আশা করি তোমার successful হোক!,CodeMix,আশা করি তোমার successful হোক!,,
promo,"নির্বাচনী আচরণবিধি মেনে চলুন, 
সুষ্ঠু ও অবাধ নির্বাচনে support করুন
- Bangladesh election commission",CodeMix,"নির্বাচনী আচরণবিধি মেনে চলুন, সুষ্ঠু ও অবাধ নির্বাচনে support করুন - Bangladesh election commission",,
normal,কবে তোমাকে meeting হবে? আমি এখানে আসতে try করবো। তুমি?,CodeMix,কবে তোমাকে meeting হবে? আমি এখানে আসতে try করবো। তুমি?,,
normal,Samudre bhromon korte bhalo lage.,Banglish,Samudre bhromon korte bhalo lage.,,
normal,"Urgent, কল করো এই নাম্বারে: ০১৮২৭২৮৩৮৭৩",CodeMix,"Urgent, কল করো এই নাম্বারে: [PHONE]",,
normal,"Ami r shohor ghure ashlam, ekhon khub tired lagche.",Banglish,"Ami r shohor ghure ashlam, ekhon khub tired lagche.",,
normal,Ami ekhane.,Banglish,Ami ekhane.,,
normal,Rain না থাকলে খুব গরম হয়।,CodeMix,Rain না থাকলে খুব গরম হয়।,,
normal,"আজ Sunday, chill করার mood আছে। Coffee shop এ যাই কি? Weather sunny এবং mood perfect",CodeMix,"আজ Sunday, chill করার mood আছে। Coffee shop এ যাই কি? Weather sunny এবং mood perfect",,
normal,Shukrobar ki plan?,Banglish,Shukrobar ki plan?,,
normal,"You're not alone, I'm here.",English,"You're not alone, I'm here.",,
normal,Kalke amar phone kharap hoye geche. Repair korte jete holo New Market. Mechanic bolse motherboard change korte hobe.,Banglish,Kalke amar phone kharap hoye geche. Repair korte jete holo New Market. Mechanic bolse motherboard change korte hobe.,,
promo,আগামী ১৩ অক্টোবর ২০২৩ দেশব্যাপী মুক্তি পাচ্ছে জাতির পিতা বঙ্গবন্ধু শেখ মুজিবুর রহমান এঁর জীবনীর উপর নির্মিত বায়োপিক চলচ্চিত্র 'মুজিব-একটি জাতির রূপকার'। চলে আসুন আপনার নিকটস্থ প্রেক্ষাগৃহে।,Bengali,আগামী ১৩ অক্টোবর ২০২৩ দেশব্যাপী মুক্তি পাচ্ছে জাতির পিতা বঙ্গবন্ধু শেখ মুজিবুর রহমান এঁর জীবনীর উপর নির্মিত বায়োপিক চলচ্চিত্র 'মুজিব-একটি জাতির রূপকার'। চলে আসুন আপনার নিকটস্থ প্রেক্ষাগৃহে।,,
normal,এটি IQ পরীক্ষা পর্বের একটি অংশ।,Bengali,এটি IQ পরীক্ষা পর্বের একটি অংশ।,,
promo,"“মুগদা, সবুজবাগ, শাহজাহানপুর, খিলগাঁও, রামপুরা, মতিঝিল, পল্টন, বাড্ডা, হাতিরঝিল থানার ই-পাসপোর্ট সেবা আগামী ০৭ মে ২০২৩ খ্রিঃ থেকে আঞ্চলিক পাসপোর্ট অফিস, ঢাকা পূর্ব (আফতাবনগর) হতে দেওয়া হবে""।",Bengali,"“মুগদা, সবুজবাগ, শাহজাহানপুর, খিলগাঁও, রামপুরা, মতিঝিল, পল্টন, বাড্ডা, হাতিরঝিল থানার ই-পাসপোর্ট সেবা আগামী ০৭ মে ২০২৩ খ্রিঃ থেকে আঞ্চলিক পাসপোর্ট অফিস, ঢাকা পূর্ব (আফতাবনগর) হতে দেওয়া হবে""।",,
promo,Robi Bondho SIM return: Sudhu 49TK recharge kore paben 10GB internet free + 100 bonus mins. Offer valid only for reactivation users. Dial *123*49# today.,Banglish,Robi Bondho SIM return: Sudhu 49TK recharge kore paben 10GB internet free + 100 bonus mins. Offer valid only for reactivation users. Dial *123*49# today.,,
normal,আমি সব time আমার সমস্ত problem-এর জন্য solution দিতে চাই।,CodeMix,আমি সব time আমার সমস্ত problem-এর জন্য solution দিতে চাই।,,
promo,Pathao ride এ ৩০% discount আজ। Book করুন এখনই!,CodeMix,Pathao ride এ ৩০% discount আজ। Book করুন এখনই!,,
normal,Byayam korte ovash korte hobe.,Banglish,Byayam korte ovash korte hobe.,,
promo,মেন্সওয়ার্ল্ড বসুন্ধরাসিটি নতুন শাখার উদ্বোধনে ফ্লাট৩০%ছাড়!cutt.ly/fmw,Bengali,মেন্সওয়ার্ল্ড বসুন্ধরাসিটি নতুন শাখার উদ্বোধনে ফ্লাট৩০%ছাড়!cutt.ly/fmw,,
normal,Tumi ki gym e jachho?,Banglish,Tumi ki gym e jachho?,,
promo,"Success of Sheikh Hasina's government: 
Farmer-friendly government reduced fertilizer prices—TSP from TK 80 to 27, DAP from TK 90 to 21, and MOP from TK 70 to 20.",English,"Success of Sheikh Hasina's government: Farmer-friendly government reduced fertilizer prices—TSP from TK 80 to 27, DAP from TK 90 to 21, and MOP from TK 70 to 20.",,
normal,Cricket khelbo ajke bikele? Ground book korechi already.,Banglish,Cricket khelbo ajke bikele? Ground book korechi already.,,
normal,"Tumi amar message read korso but reply dila na. Ki re, busy chile? Amar matha betha hocchilo tai tomar sathe kotha bolte chaitam.",Banglish,"Tumi amar message read korso but reply dila na. Ki re, busy chile? Amar matha betha hocchilo tai tomar sathe kotha bolte chaitam.",,
normal,Amar ki korte hobe bolo.,Banglish,Amar ki korte hobe bolo.,,
normal,"Ajker din ta puro busy chhilo university er assignments complete korte giye. Rasta jam chhilo, kintu matha clear kore kaj shesh korte parlam.",Banglish,"Ajker din ta puro busy chhilo university er assignments complete korte giye. Rasta jam chhilo, kintu matha clear kore kaj shesh korte parlam.",,
normal,Tumi ki kheladhula korcho?,Banglish,Tumi ki kheladhula korcho?,,
normal,Apnar meyer result kemon hoyeche? Khub tension korchilam.,Banglish,Apnar meyer result kemon hoyeche? Khub tension korchilam.,,
normal,Asha kori tomar shomosto ichcha puron hok!,Banglish,Asha kori tomar shomosto ichcha puron hok!,,
normal,What's the news of your day?,English,What's the news of your day?,,
promo,Foodpanda weekend special: Buy 1 get 1 free on all pizzas!,English,Foodpanda weekend special: Buy 1 get 1 free on all pizzas!,,
promo,"Direct recruitment for commissioned officer positions in Bangladesh Navy is ongoing.
Visit: www.joinnavy.navy.mil.bd",English,Direct recruitment for commissioned officer positions in Bangladesh Navy is ongoing. Visit: [URL],,
normal,"Suffering will take suffering, various kinds of suffering exist, suffering will take suffering! Red suffering, blue suffering, raw yellow colored suffering, stone-pressed green grass white suffering, black suffering in the light 'multi-color' suffering exists, suffering will take suffering. -Helal Hafiz",English,"Suffering will take suffering, various kinds of suffering exist, suffering will take suffering! Red suffering, blue suffering, raw yellow colored suffering, stone-pressed green grass white suffering, black suffering in the light 'multi-color' suffering exists, suffering will take suffering. -Helal Hafiz",,
normal,"Ei number-e 2000/- taka pathao 01739838883, bKash Rocket ba Nogod-e",Banglish,"Ei number-e 2000/- taka pathao [PHONE] , bKash Rocket ba Nogod-e",,
normal,০১৭৩৮২৯৩৭৬৫ এই নাম্বারে রকেটে টাকা পাঠান।,Bengali,[PHONE] এই নাম্বারে রকেটে টাকা পাঠান।,,
normal,Apni ki khobor?,Banglish,Apni ki khobor?,,
normal,Ajke office e new colleague esheche. Sobai friendly behave korche. Amar bhalo laglo.,Banglish,Ajke office e new colleague esheche. Sobai friendly behave korche. Amar bhalo laglo.,,
normal,০১৯২৭২৮৩৮৭১ এই নাম্বারে রকেটে ৫০০ টাকা পাঠান।,Bengali,[PHONE] এই নাম্বারে রকেটে ৫০০ টাকা পাঠান।,,
normal,Exam er preparation cholse khub tough. Sobai rat jage pore. Amar matha ekhono stable ache but tension hochhe. Tui preparation kemon kortecho?,Banglish,Exam er preparation cholse khub tough. Sobai rat jage pore. Amar matha ekhono stable ache but tension hochhe. Tui preparation kemon kortecho?,,
promo,Walton smartphone কিনলে gift voucher পাবেন TK 600। Order করুন আজই!,CodeMix,Walton smartphone কিনলে gift voucher পাবেন TK 600। Order করুন আজই!,,
promo,"Manabadhikar dibosh-2023
Ebarer protipadyo 'Shobar jonno shadhinota, shomota ebong nyaybichar'. Jatiyo manabadhikar komishon.",Banglish,"Manabadhikar dibosh-2023 Ebarer protipadyo 'Shobar jonno shadhinota, shomota ebong nyaybichar'. Jatiyo manabadhikar komishon.",,
normal,কি খাবে আজ? মাছের কারি। তুমি কি পছন্দ করো?,Bengali,কি খাবে আজ? মাছের কারি। তুমি কি পছন্দ করো?,,
promo,"TK২০০ cashback শুধুমাত্র আজকের জন্য- ৬১GB+১০০০মি@TK৬৯৯,৩০দিন: cutt.ly/FwQhpKHc",CodeMix,"TK২০০ cashback শুধুমাত্র আজকের জন্য- ৬১GB+১০০০মি@TK৬৯৯,৩০দিন: cutt.ly/FwQhpKHc",,
normal,০১৮২৭২৮৩৯৫১ নাম্বারে কল করুন।,Bengali,[PHONE] নাম্বারে কল করুন।,,
promo,"Partex Star Technologies computer fair! Laptops, desktops 25% off with 3 year warranty. Tech solutions!",English,"Partex Star Technologies computer fair! Laptops, desktops 25% off with 3 year warranty. Tech solutions!",,
promo,"বাংলালিংকের সবচেয়ে বড় ডিজিটাল অফার! আমাদের নতুন 'ডিজিটাল বাংলাদেশ' প্যাকেজে মাত্র ৩৯৯ টাকায় পাবেন ২০ জিবি হাই-স্পিড ইন্টারনেট, সব অপারেটরে ২০০ মিনিট কল, ১০০ SMS এবং বিশেষ বোনাস হিসেবে Netflix এ ৭ দিনের ফ্রি সাবস্ক্রিপশন। এছাড়াও রয়েছে Facebook, WhatsApp, এবং YouTube এ ডেটা সাশ্রয়ী ব্যবহারের সুবিধা। এই অফার কেবল আগামী ১৫ দিনের জন্য বৈধ। এখনই *১৬৮*৩৯৯# ডায়াল করুন।",Bengali,"বাংলালিংকের সবচেয়ে বড় ডিজিটাল অফার! আমাদের নতুন 'ডিজিটাল বাংলাদেশ' প্যাকেজে মাত্র ৩৯৯ টাকায় পাবেন ২০ জিবি হাই-স্পিড ইন্টারনেট, সব অপারেটরে ২০০ মিনিট কল, ১০০ SMS এবং বিশেষ বোনাস হিসেবে Netflix এ ৭ দিনের ফ্রি সাবস্ক্রিপশন। এছাড়াও রয়েছে Facebook, WhatsApp, এবং YouTube এ ডেটা সাশ্রয়ী ব্যবহারের সুবিধা। এই অফার কেবল আগামী ১৫ দিনের জন্য বৈধ। এখনই *১৬৮*৩৯৯# ডায়াল করুন।",,
normal,"Be patient, everything will be fine.",English,"Be patient, everything will be fine.",,
normal,ami ekTi bishesh lok hishebe porichito kore ekTi mohan ebong byaparTi er moddhe ekTa shomadhan deowa hoy.,Banglish,ami ekTi bishesh lok hishebe porichito kore ekTi mohan ebong byaparTi er moddhe ekTa shomadhan deowa hoy.,,
normal,শাওন বলছে শনিবার একটা ক্রিকেট ম্যাচ হবে। আমরা সবাই খেলতে যাচ্ছি। তুমি আসবে তো?,Bengali,শাওন বলছে শনিবার একটা ক্রিকেট ম্যাচ হবে। আমরা সবাই খেলতে যাচ্ছি। তুমি আসবে তো?,,
promo,"5 June Bishwo Poribesh Dibosh 2023. E bochhorer protipadyo: Plastic dushon somadane shamil hoi shokole. E bochhorer slogan: Shobai mile kori pon, bondho hobe plastic dushon. -Poribesh, Bon o Jolbayu Poriborton Montronaloy.",Banglish,"5 June Bishwo Poribesh Dibosh 2023. E bochhorer protipadyo: Plastic dushon somadane shamil hoi shokole. E bochhorer slogan: Shobai mile kori pon, bondho hobe plastic dushon. -Poribesh, Bon o Jolbayu Poriborton Montronaloy.",,
normal,"Weekend e amader plan holo ekta movie dekhte jawa. Sobai sathe ek sathe hole aro moja hobe. Tui jodi free thakish, chole asho.",Banglish,"Weekend e amader plan holo ekta movie dekhte jawa. Sobai sathe ek sathe hole aro moja hobe. Tui jodi free thakish, chole asho.",,
promo,10% discount on all DVDs. Limited time offer.,English,10% discount on all DVDs. Limited time offer.,,
normal,তোমার পোষা প্রাণী কেমন আছে?,Bengali,তোমার পোষা প্রাণী কেমন আছে?,,
promo,পার্টি সাপ্লাইতে অফার! ডেকোরেশন আইটেমে ৪০% ছাড়।,Bengali,পার্টি সাপ্লাইতে অফার! ডেকোরেশন আইটেমে ৪০% ছাড়।,,
normal,শাওন বলছিলো আগামী সপ্তাহে একটা ছোট্ট ট্রিপে যাবে। তুমি কি যাবে আমাদের সাথে?,Bengali,শাওন বলছিলো আগামী সপ্তাহে একটা ছোট্ট ট্রিপে যাবে। তুমি কি যাবে আমাদের সাথে?,,
promo,Sheikh Hasina shorkarer shafolto: Mananiya Prodhanmontri Sheikh Hasinar nirdesh-e ekhon porjonto 13 lakh grihhin poribarkhe jomishoh ghor nirman kore diyeche shorkar. Fole vaggo bodle geche pray 50 lakh oshahay manusher.,Banglish,Sheikh Hasina shorkarer shafolto: Mananiya Prodhanmontri Sheikh Hasinar nirdesh-e ekhon porjonto 13 lakh grihhin poribarkhe jomishoh ghor nirman kore diyeche shorkar. Fole vaggo bodle geche pray 50 lakh oshahay manusher.,,
promo,Banglalink গ্রাহকদের জন্য ২ জিবি মাত্র ২৯ টাকা। অফার সীমিত সময়ের জন্য।,Bengali,Banglalink গ্রাহকদের জন্য ২ জিবি মাত্র ২৯ টাকা। অফার সীমিত সময়ের জন্য।,,
promo,অনলাইনে কোর্স করুন! IT স্কিল ডেভেলপমেন্টে ৬০% ছাড়। এনরোল করুন।,Bengali,অনলাইনে কোর্স করুন! IT স্কিল ডেভেলপমেন্টে ৬০% ছাড়। এনরোল করুন।,,
normal,Weekend e cinema hall e chhoto ekta adventure movie dekha plan. Sobai ready thakbe?,Banglish,Weekend e cinema hall e chhoto ekta adventure movie dekha plan. Sobai ready thakbe?,,
promo,Use 5GB data in April and get lowest call rate in May- cutt.ly/0AA4sic,English,Use 5GB data in April and get lowest call rate in May- cutt.ly/0AA4sic,,
normal,I often find time in the miller that I am great and I can invite my love in other matters.,English,I often find time in the miller that I am great and I can invite my love in other matters.,,
promo,"৪৫৳ ক্যাশব্যাক! ৩১জিবি+৫০০মি.@৪৫৪৳ ৩০দিন, নিয়ে নাও: cutt.ly/qwWTAUku",Bengali,"৪৫৳ ক্যাশব্যাক! ৩১জিবি+৫০০মি.@৪৫৪৳ ৩০দিন, নিয়ে নাও: cutt.ly/qwWTAUku",,
promo,"৳২৫ cashback-এ এবার আরো বেশি data 50GB@ ৳৪৭৩, 30দিন cutt.ly/zwTmxzpd",CodeMix,"৳২৫ cashback-এ এবার আরো বেশি data 50GB@ ৳৪৭৩, 30দিন cutt.ly/zwTmxzpd",,
normal,Shubho Mohashtomi!,Banglish,Shubho Mohashtomi!,,
promo,"Nitol Motors motorcycle showroom: Honda, Yamaha bikes special financing!",English,"Nitol Motors motorcycle showroom: Honda, Yamaha bikes special financing!",,
normal,Happy Pohela Falgun!,English,Happy Pohela Falgun!,,
normal,Tumi ki cinema r ticket kincho?,Banglish,Tumi ki cinema r ticket kincho?,,
normal,How is your pet?,English,How is your pet?,,
normal,আমার জন্য any new news আছে?,CodeMix,আমার জন্য any new news আছে?,,
normal,মেজবান পাখি পক্ষে প্রিয় প্রেমের একটি দৃশ্য বিশ্বাস করা হয়।,Bengali,মেজবান পাখি পক্ষে প্রিয় প্রেমের একটি দৃশ্য বিশ্বাস করা হয়।,,
normal,Kal eksathe movie dekhte jabo? Cineplex e Charlie's Angels cholche.,Banglish,Kal eksathe movie dekhte jabo? Cineplex e Charlie's Angels cholche.,,
promo,Offer: shob electronics e 10% cashback. Code: ELEC10.,Banglish,Offer: shob electronics e 10% cashback. Code: ELEC10.,,
normal,"তুমি একা নও, আমরা আছি তোমার পাশে।",Bengali,"তুমি একা নও, আমরা আছি তোমার পাশে।",,
promo,"Banglalink গ্রাহকগণ, ২০০ টাকার রিচার্জে পাচ্ছেন ১০০ টাকার বোনাস। অফার সীমিত সময়ের জন্য প্রযোজ্য। এখনই নিকটস্থ দোকানে যান।",Bengali,"Banglalink গ্রাহকগণ, ২০০ টাকার রিচার্জে পাচ্ছেন ১০০ টাকার বোনাস। অফার সীমিত সময়ের জন্য প্রযোজ্য। এখনই নিকটস্থ দোকানে যান।",,
normal,"Kalke shopping korte jabo, tui ashte parbi?",Banglish,"Kalke shopping korte jabo, tui ashte parbi?",,
promo,"সিস্টেমের উন্নয়নের জন্য ৮মে রাত ১১:৫৯ থেকে ৯মে সকাল ৬টা পর্যন্ত নগদ,উপায়,এসএসএল কমার্স সহ কিছু ডিজিটাল চ্যানেল দিয়ে মোবাইল রিচার্জ বন্ধ থাকবে। তবে এই সময় মাইজিপি অ্যাপ থেকে রিচার্জ করা যাবে।",Bengali,"সিস্টেমের উন্নয়নের জন্য ৮মে রাত ১১:৫৯ থেকে ৯মে সকাল ৬টা পর্যন্ত নগদ,উপায়,এসএসএল কমার্স সহ কিছু ডিজিটাল চ্যানেল দিয়ে মোবাইল রিচার্জ বন্ধ থাকবে। তবে এই সময় মাইজিপি অ্যাপ থেকে রিচার্জ করা যাবে।",,
normal,আমি যেন খুব দুঃখিত হইছি।,Bengali,আমি যেন খুব দুঃখিত হইছি।,,
normal,"Beshi chinta korbo na, shob thik hobe.",Banglish,"Beshi chinta korbo na, shob thik hobe.",,
promo,488.23MB remaining. Enjoy PayGo (5MB for up to 6.6625Tk)| To know balance *121*1*4#| Visit mygp.li/bonus to get 10% internet bonus on specific packs,English,488.23MB remaining. Enjoy PayGo (5MB for up to 6.6625Tk)| To know balance *121*1*4#| Visit mygp.li/bonus to get 10% internet bonus on specific packs,,
promo,Walton factory outlet! electronics 35% off. Dhanmondi showroom!,English,Walton factory outlet! electronics 35% off. Dhanmondi showroom!,,
normal,আত্মবিশ্বাস নিয়ে সামনে এগিয়ে যাও।,Bengali,আত্মবিশ্বাস নিয়ে সামনে এগিয়ে যাও।,,
normal,আমাকে দ্রুত কল দিন ০১৭৩৮২৯৩৭৪৮ এই নাম্বারে।,Bengali,আমাকে দ্রুত কল দিন [PHONE] এই নাম্বারে।,,
normal,আমি যে ব্যাপারটি অনেক দুঃখ পেয়েছি সেটি হল বাসায় থাকা।,Bengali,আমি যে ব্যাপারটি অনেক দুঃখ পেয়েছি সেটি হল বাসায় থাকা।,,
normal,আজকে dinner এর জন্য কি plan? তুমি কিছু cook করতে চাও নাকি বাইরে order করি? Let me know before ৭ pm,CodeMix,আজকে dinner এর জন্য কি plan? তুমি কিছু cook করতে চাও নাকি বাইরে order করি? Let me know before ৭ pm,,
normal,01672573873 number e druto bikash korun.,Banglish,[PHONE] number e druto bikash korun.,,
promo,GP 10GB internet only 148TK! Recharge korun 1212345 number e or visit gp.com.bd,Banglish,GP 10GB internet only 148TK! Recharge korun 1212345 number e or visit [URL],,
promo,Polar ice cream parlour triple scoop sundae special 199TK only!,English,Polar ice cream parlour triple scoop sundae special 199TK only!,,
normal,"আমি কাল লাইব্রেরি থেকে নতুন বই নিয়েছি। নাম 'সাতকাহন'। পড়া শুরু করেছি, গল্পটা ভীষণ টানটান। চাইলে তোমাকে ধার দিতে পারি।",Bengali,"আমি কাল লাইব্রেরি থেকে নতুন বই নিয়েছি। নাম 'সাতকাহন'। পড়া শুরু করেছি, গল্পটা ভীষণ টানটান। চাইলে তোমাকে ধার দিতে পারি।",,
normal,It would be helpful if aunt's bill was paid  can't pay it  please help and pay aunt's bill,English,It would be helpful if aunt's bill was paid can't pay it please help and pay aunt's bill,,
promo,BTRC'r database-e handset ti nibandhito noy. Handset ti shoyongkriyobhabe nibondhon kora hobe.,Banglish,BTRC'r database-e handset ti nibandhito noy. Handset ti shoyongkriyobhabe nibondhon kora hobe.,,
promo,"Lee Cooper London's Winter Collection Moccasin shoes, polo shirts, jeans Hurry up",English,"Lee Cooper London's Winter Collection Moccasin shoes, polo shirts, jeans Hurry up",,
normal,Happy anniversary to both of you! May your love story continue to inspire everyone around you.,English,Happy anniversary to both of you! May your love story continue to inspire everyone around you.,,
normal,01927283871 ei number e rocket e 500 taka pathan.,Banglish,[PHONE] ei number e rocket e 500 taka pathan.,,
normal,আমি নিজের love এর মধ্যে আছি বলতে পারি।,CodeMix,আমি নিজের love এর মধ্যে আছি বলতে পারি।,,
promo,Up to TK30 cashback on skitto deals in bKash app cutt.ly/8HBaVWF,English,Up to TK30 cashback on skitto deals in bKash app cutt.ly/8HBaVWF,,
normal,The presentation went really well today. The client seemed very impressed with our proposal.,English,The presentation went really well today. The client seemed very impressed with our proposal.,,
normal,"You are not alone, we are here.",English,"You are not alone, we are here.",,
promo,ফিটনেস ইকুইপমেন্টে ১৫% ডিসকাউন্ট! আজই অর্ডার করুন।,Bengali,ফিটনেস ইকুইপমেন্টে ১৫% ডিসকাউন্ট! আজই অর্ডার করুন।,,
promo,"৮জিবি(বোনাসসহ) ১২৩টাকা ১৫দিন।ডায়াল *১২১*৫৫৪৮#, mygp.li/mo",Bengali,"৮জিবি(বোনাসসহ) ১২৩টাকা ১৫দিন।ডায়াল *১২১*৫৫৪৮#, mygp.li/mo",,
normal,Ajke amar maa’r birthday. Chhotto ekta cake kine ashlam ar family mile celebrate korlam. Maa khub happy hoilo. Picture pore pathabo.,Banglish,Ajke amar maa’r birthday. Chhotto ekta cake kine ashlam ar family mile celebrate korlam. Maa khub happy hoilo. Picture pore pathabo.,,
promo,Buy 2 Get 1 FREE on all cosmetics! Shwapno supermarket. Offer valid till 15th December. Hurry up!,English,Buy 2 Get 1 FREE on all cosmetics! Shwapno supermarket. Offer valid till 15th December. Hurry up!,,
normal,"Kalke school e Sadika Khan Inaaya er annual sports day chilo. She race e second hoyeche, amar onek proud laglo. Tore o ekdin dekhabo video ta.",Banglish,"Kalke school e Sadika Khan Inaaya er annual sports day chilo. She race e second hoyeche, amar onek proud laglo. Tore o ekdin dekhabo video ta.",,
normal,"দোস্ত, আজ ফুটবল ম্যাচ দেখবো। তোমার বাসায় আসবো।",Bengali,"দোস্ত, আজ ফুটবল ম্যাচ দেখবো। তোমার বাসায় আসবো।",,
normal,Ekhane obosthan korte chao?,Banglish,Ekhane obosthan korte chao?,,
promo,"Build a house on bounded ready plot and earn now, per katha 4.5 lakh
01894841736",English,"Build a house on bounded ready plot and earn now, per katha 4.5 lakh [PHONE]",,
normal,"Exam er stress barse din din, amar raat din study korte hochhe. Tui kemon preparation korchis? Amader plan kora uchit ek sathe study korar.",Banglish,"Exam er stress barse din din, amar raat din study korte hochhe. Tui kemon preparation korchis? Amader plan kora uchit ek sathe study korar.",,
promo,"Data Mixer-এ করো pocket saving, নাও 10GB@৳249, 30দিন: cutt.ly/owARsARN",CodeMix,"Data Mixer-এ করো pocket saving, নাও 10GB@৳249, 30দিন: cutt.ly/owARsARN",,
promo,"Banglalink ফ্ল্যাশ অফার: ২ জিবি মাত্র ১৯ টাকা, বৈধতা ২৪ ঘণ্টা। *5000*19# ডায়াল করুন।",Bengali,"Banglalink ফ্ল্যাশ অফার: ২ জিবি মাত্র ১৯ টাকা, বৈধতা ২৪ ঘণ্টা। *5000*19# ডায়াল করুন।",,
normal,"কালকে problem হওয়ায় program cancel, so we can do something else.",CodeMix,"কালকে problem হওয়ায় program cancel, so we can do something else.",,
normal,আমি এ ব্যাপারে আশাবাদী যে প্রতিবাদ লক্ষ্য মোটেও আবার প্রতিবাদ ডেকে আনা নয়। বরং প্রতিবাদের লক্ষ্য হলো নতুন কিছু এনে পরিবর্তন সাধন করা। — ডে রে ম্যাকেসন,Bengali,আমি এ ব্যাপারে আশাবাদী যে প্রতিবাদ লক্ষ্য মোটেও আবার প্রতিবাদ ডেকে আনা নয়। বরং প্রতিবাদের লক্ষ্য হলো নতুন কিছু এনে পরিবর্তন সাধন করা। — ডে রে ম্যাকেসন,,
normal,"নানু, আজ আপনার কাছে বেড়াতে যাবো। কিছু লাগবে?",Bengali,"নানু, আজ আপনার কাছে বেড়াতে যাবো। কিছু লাগবে?",,
promo,Chaldal grocery fest: Shop 1000TK+ and get 150TK cashback using Bkash. Free delivery ajker din er jonno. Shop online easily!,Banglish,Chaldal grocery fest: Shop 1000TK+ and get 150TK cashback using Bkash. Free delivery ajker din er jonno. Shop online easily!,,
normal,Happy October!,English,Happy October!,,
normal,যে বিষয়ে মনে খটকা লাগে সে বিষয়টা যতটা সম্ভব avoid করুন। – \[Dr. Bilal Phillips],CodeMix,যে বিষয়ে মনে খটকা লাগে সে বিষয়টা যতটা সম্ভব avoid করুন। – \[Dr. Bilal Phillips],,
promo,"ডাবলসেঞ্চুরি ক্যাশব্যাক ৳২০০!৬১জিবি+১০০০মি@৳৬৯৯, ৩০দিন cutt.ly/FwQhpKHc",Bengali,"ডাবলসেঞ্চুরি ক্যাশব্যাক ৳২০০!৬১জিবি+১০০০মি@৳৬৯৯, ৩০দিন cutt.ly/FwQhpKHc",,
normal,shobcheye shundor poribarik kajer jonno ami somoy dite chai.,Banglish,shobcheye shundor poribarik kajer jonno ami somoy dite chai.,,
normal,"Vat ta khub tasty hoyeche, kon masala diyechen?",Banglish,"Vat ta khub tasty hoyeche, kon masala diyechen?",,
promo,79 poisha proti minute 15din mayader call rate offer ti nite 119 taka recharge korun.,Banglish,79 poisha proti minute 15din mayader call rate offer ti nite 119 taka recharge korun.,,
normal,"You can do it, I know.",English,"You can do it, I know.",,
normal,"Priyo grahok, apnar bidyut bill baki royeche 3045/- taka, joldi porishod korun.",Banglish,"Priyo grahok, apnar bidyut bill baki royeche 3045/- taka, joldi porishod korun.",,
normal,Thanks for the delicious biryani recipe. My family loved it!,English,Thanks for the delicious biryani recipe. My family loved it!,,
promo,"Robi গ্রাহকগণ, ২ জিবি ডেটা মাত্র ৪৯ টাকা। বৈধতা ৭ দিন। ডায়াল করুন *123*049#।",Bengali,"Robi গ্রাহকগণ, ২ জিবি ডেটা মাত্র ৪৯ টাকা। বৈধতা ৭ দিন। ডায়াল করুন *123*049#।",,
normal,Shubho November!,Banglish,Shubho November!,,
promo,Bishesh offer: shob bacchader poshake 20% discount.,Banglish,Bishesh offer: shob bacchader poshake 20% discount.,,
normal,Send money via Rocket to number 01729173892.,English,Send money via Rocket to number [PHONE] .,,
normal,"০১৬৭২৫৯২৮৭১ এই নাম্বারে কল করুন, আমার টাকা দরকার।",Bengali,"[PHONE] এই নাম্বারে কল করুন, আমার টাকা দরকার।",,
normal,"Hello, kemon achhen?",CodeMix,"Hello, kemon achhen?",,
promo,Purbacholer Asian Highway songlogno porikalpito shohor 'Navana Highland-e' e binyog korun. Unchu o lal mati. Roeche kistir subidha – 01708466471,Banglish,Purbacholer Asian Highway songlogno porikalpito shohor 'Navana Highland-e' e binyog korun. Unchu o lal mati. Roeche kistir subidha – [PHONE],,
normal,Thanks for the amazing wedding photos! You captured all the beautiful moments perfectly.,English,Thanks for the amazing wedding photos! You captured all the beautiful moments perfectly.,,
promo,"Meena Bazar grocery home delivery! Fresh fish, vegetables. Call 09666778899",Banglish,"Meena Bazar grocery home delivery! Fresh fish, vegetables. Call [PHONE]",,
promo,"Candidates interested in participating in the twelfth national parliament election can submit nomination papers online as well as through conventional methods. To submit nominations online, enter the commission's website www.ecs.gov.bd-EC",CodeMix,"Candidates interested in participating in the twelfth national parliament election can submit nomination papers online as well as through conventional methods. To submit nominations online, enter the commission's website [URL]",,
normal,Are you watching a game?,English,Are you watching a game?,,
normal,Looking forward to our trip next month! I've already started packing in my mind.,English,Looking forward to our trip next month! I've already started packing in my mind.,,
normal,Rate ki khabe?,Banglish,Rate ki khabe?,,
normal,০১৯২৭২৮৩৯৮৭ এই নাম্বারে রকেটে টাকা পাঠান।,Bengali,[PHONE] এই নাম্বারে রকেটে টাকা পাঠান।,,
promo,ফ্ল্যাট ১৫% ডিসকাউন্ট সব শপিংয়ে। কোড: DISCOUNT15.,Bengali,ফ্ল্যাট ১৫% ডিসকাউন্ট সব শপিংয়ে। কোড: DISCOUNT15.,,
normal,"আমি market এ যাচ্ছি, need anything? Let me know quickly.",CodeMix,"আমি market এ যাচ্ছি, need anything? Let me know quickly.",,
promo,"ফ্রি হোম ডেলিভারি! বই, স্টেশনারি, গিফটে কোন চার্জ নেই।",Bengali,"ফ্রি হোম ডেলিভারি! বই, স্টেশনারি, গিফটে কোন চার্জ নেই।",,
promo,"Daraz এ চলছে mega sale! সব products এ huge discounts. আজই shop করুন, offer শেষ হচ্ছে।",CodeMix,"Daraz এ চলছে mega sale! সব products এ huge discounts. আজই shop করুন, offer শেষ হচ্ছে।",,
promo,"গ্রামীণফোনের বিশেষ ঈদ অফার! এই মাসের জন্য আমরা নিয়ে এসেছি অভূতপূর্ব ডেটা প্যাকেজ - মাত্র ৪৯৯ টাকায় পাবেন ৫০ জিবি ডেটা, ৫০০ মিনিট টক টাইম এবং ১০০০ SMS একসাথে ৩০ দিনের জন্য। এছাড়াও রয়েছে সকল গ্রামীণফোন নাম্বারে ফ্রি কল এবং অন্যান্য অপারেটরে ২৫% কম রেট। এখনই *১২১*৪৯৯# ডায়াল করুন অথবা My GP অ্যাপ থেকে কিনুন।",Bengali,"গ্রামীণফোনের বিশেষ ঈদ অফার! এই মাসের জন্য আমরা নিয়ে এসেছি অভূতপূর্ব ডেটা প্যাকেজ - মাত্র ৪৯৯ টাকায় পাবেন ৫০ জিবি ডেটা, ৫০০ মিনিট টক টাইম এবং ১০০০ SMS একসাথে ৩০ দিনের জন্য। এছাড়াও রয়েছে সকল গ্রামীণফোন নাম্বারে ফ্রি কল এবং অন্যান্য অপারেটরে ২৫% কম রেট। এখনই *১২১*৪৯৯# ডায়াল করুন অথবা My GP অ্যাপ থেকে কিনুন।",,
normal,"বন্ধু, Sunday picnic এর জন্য plan ঠিক করেছো কি? আমরা early morning বের হব, Let’s discuss route and food plan",CodeMix,"বন্ধু, Sunday picnic এর জন্য plan ঠিক করেছো কি? আমরা early morning বের হব, Let’s discuss route and food plan",,
promo,"৳১০০ ক্যাশব্যাক! ৩০জিবি+৫০০মি. @৳৩৯৯ ৩০দিন,নিয়ে নাও: cutt.ly/AwkY4L2C",Bengali,"৳১০০ ক্যাশব্যাক! ৩০জিবি+৫০০মি. @৳৩৯৯ ৩০দিন,নিয়ে নাও: cutt.ly/AwkY4L2C",,
promo,"Pickaboo electronics sale: Laptop, mobile, ar accessories up to 8000TK discount + 12 months EMI option. Limited stock. Visit pickaboo.com for details.",Banglish,"Pickaboo electronics sale: Laptop, mobile, ar accessories up to 8000TK discount + 12 months EMI option. Limited stock. Visit [URL] for details.",,
promo,"GP new offer: Recharge ২০০ TK এবং ১ GB extra data পান। Limited time, তাই আজই recharge করুন।",CodeMix,"GP new offer: Recharge ২০০ TK এবং ১ GB extra data পান। Limited time, তাই আজই recharge করুন।",,
normal,Call me at this number 01729182893.,English,Call me at this number [PHONE] .,,
promo,Robi app recharge করলে ১৫% extra credit। Hurry up!,CodeMix,Robi app recharge করলে ১৫% extra credit। Hurry up!,,
normal,Are you going to watch a movie today?,English,Are you going to watch a movie today?,,
normal,আমি কি করতে পারি?,Bengali,আমি কি করতে পারি?,,
normal,"01873828193 number e bKash korun, taratari.",Banglish,"[PHONE] number e bKash korun, taratari.",,
promo,মে মাসে ৫জিবির বেশি ব্যবহার করে পাও ৪৫প/মিন কলরেট- cutt.ly/0AA4sic,Bengali,মে মাসে ৫জিবির বেশি ব্যবহার করে পাও ৪৫প/মিন কলরেট- cutt.ly/0AA4sic,,
normal,শুভ Valentine's Day!,CodeMix,শুভ Valentine's Day!,,
promo,Special offer for new customers! 30% discount on our services.,English,Special offer for new customers! 30% discount on our services.,,
promo,Sheikh Hasina shorkarer shafollyo: 2006 shale polli samajsheba kormosuchiir awotay shudmukto khudro rin shahajotho praptho jonogoshthir shonkha chilo 21 lokkho 77 hajar. Bortoman shorkarer shomoy e ta dariyeche 34 lokkho 90 hajar.,Banglish,Sheikh Hasina shorkarer shafollyo: 2006 shale polli samajsheba kormosuchiir awotay shudmukto khudro rin shahajotho praptho jonogoshthir shonkha chilo 21 lokkho 77 hajar. Bortoman shorkarer shomoy e ta dariyeche 34 lokkho 90 hajar.,,
normal,Ektu age bazar theke shutki niye ashlam. Maa onek happy holo. Tui ki shutki khawa pachondo korish? Amader bari te sobai favorite khabar.,Banglish,Ektu age bazar theke shutki niye ashlam. Maa onek happy holo. Tui ki shutki khawa pachondo korish? Amader bari te sobai favorite khabar.,,
normal,"হ্যাঁ, আমাদের time লাগছিল।",CodeMix,"হ্যাঁ, আমাদের time লাগছিল।",,
normal,Baba aj bari r pashe royechen.,Banglish,Baba aj bari r pashe royechen.,,
normal,আজকের class কেমন হলো?,CodeMix,আজকের class কেমন হলো?,,
promo,notun season-e shob poshake 25% discount. aaj-e shopping korun.,Banglish,notun season-e shob poshake 25% discount. aaj-e shopping korun.,,
promo,<#> Apnar MyGP pin (code) hocche: 4283. Verify korte ei pin ti use korun. Opobohar thekan ei pin ti forward othoba karor sathe share korben na FyXTPoy9ZDa,Banglish,<#> Apnar MyGP pin (code) hocche: 4283. Verify korte ei pin ti use korun. Opobohar thekan ei pin ti forward othoba karor sathe share korben na FyXTPoy9ZDa,,
promo,AC servicing special offer! Clean and gas refill just 2500 TK. Call 01977334455 for booking!,English,AC servicing special offer! Clean and gas refill just 2500 TK. Call [PHONE] for booking!,,
normal,"ভাই, কেমন আছো? অনেকদিন পর তোমার সাথে কথা হচ্ছে।",CodeMix,"ভাই, কেমন আছো? অনেকদিন পর তোমার সাথে কথা হচ্ছে।",,
promo,Square hospital health checkup package! Full body checkup 2500TK only.,Banglish,Square hospital health checkup package! Full body checkup 2500TK only.,,
promo,"1GB (0.2GB+ 0.8GB Bonus) internet successfully activated হয়েছে। Total price 19TK, validity 7 দিন। Internet balance জানতে mygp.li/check click করুন অথবা *121*1*4# dial করুন।",CodeMix,"1GB (0.2GB+ 0.8GB Bonus) internet successfully activated হয়েছে। Total price 19TK, validity 7 দিন। Internet balance জানতে mygp.li/check click করুন অথবা *121*1*4# dial করুন।",,
promo,"Purbachal 30no sector shonglonno bhorat choloman plot! Katha 1.6lakkho
01894841736",Banglish,Purbachal 30no sector shonglonno bhorat choloman plot! Katha 1.6lakkho [PHONE],,
promo,"100TK cashback! 31GB+450min.@399TK 30din, niye nao: cutt.ly/2wQlYv6U",Banglish,"100TK cashback! 31GB+450min.@399TK 30din, niye nao: cutt.ly/2wQlYv6U",,
normal,"Hi, কি খবর?",CodeMix,"Hi, কি খবর?",,
promo,GP bondho SIM return offer: Reactivate SIM with 49TK recharge and instantly get 8GB internet free. Offer valid for limited time.,Banglish,GP bondho SIM return offer: Reactivate SIM with 49TK recharge and instantly get 8GB internet free. Offer valid for limited time.,,
promo,Up to 30% discount on your favorite brand! Offer for a limited time only.,English,Up to 30% discount on your favorite brand! Offer for a limited time only.,,
normal,তুমি কি shopping mall-এ যাচ্ছো?,CodeMix,তুমি কি shopping mall-এ যাচ্ছো?,,
promo,15% discount on fitness equipment! Order today.,English,15% discount on fitness equipment! Order today.,,
normal,The weather forecast shows thunderstorms. Better cancel the outdoor barbecue and plan something indoors instead.,English,The weather forecast shows thunderstorms. Better cancel the outdoor barbecue and plan something indoors instead.,,
normal,আজ কি করলে সময় গজবে?,Bengali,আজ কি করলে সময় গজবে?,,
promo,"Special deal last day, 30GB @300TK, 30 days! Get it today- cutt.ly/jwkuSC76",English,"Special deal last day, 30GB @300TK, 30 days! Get it today- cutt.ly/jwkuSC76",,
promo,"Eid কেনাকাটা হোক Diamond World-এর সাথে, উপভোগ করুন diamond গহনায় ২৫%ছাড় ও gold-এর আকর্ষণীয় collection। visit:qrco.de/beuAOs, ০১৭১৩১৯৯২৭০",CodeMix,"Eid কেনাকাটা হোক Diamond World-এর সাথে, উপভোগ করুন diamond গহনায় ২৫%ছাড় ও gold-এর আকর্ষণীয় collection। visit:qrco.de/beuAOs, [PHONE]",,
normal,I'm taking a cooking class to learn authentic Bangladeshi recipes.,English,I'm taking a cooking class to learn authentic Bangladeshi recipes.,,
normal,"আজ দুপুরে বাজারে গিয়েছিলাম। সবজির দাম একেবারে আকাশছোঁয়া। টমেটো ৯০ টাকা কেজি, পেঁয়াজ ৮০ টাকা। বুঝতে পারছি না এভাবে কতদিন চলবে।",Bengali,"আজ দুপুরে বাজারে গিয়েছিলাম। সবজির দাম একেবারে আকাশছোঁয়া। টমেটো ৯০ টাকা কেজি, পেঁয়াজ ৮০ টাকা। বুঝতে পারছি না এভাবে কতদিন চলবে।",,
promo,GP internet pack আজ থেকে ৭ দিন limited offer। Activate করুন online!,CodeMix,GP internet pack আজ থেকে ৭ দিন limited offer। Activate করুন online!,,
normal,"আব্বু, আমি ঢাকায় পৌঁছে গেছি। হোটেলে চেক ইন করলাম।",Bengali,"আব্বু, আমি ঢাকায় পৌঁছে গেছি। হোটেলে চেক ইন করলাম।",,
normal,Kalke stadium e cricket match dekhlam. Bangladesh last over e win korlo. Pure crowd cheer korse.,Banglish,Kalke stadium e cricket match dekhlam. Bangladesh last over e win korlo. Pure crowd cheer korse.,,
promo,"৳30 cashback-এ এবার আরো বেশি data 50GB@৳468, 30দিন cutt.ly/QwE5OlXt",CodeMix,"৳30 cashback-এ এবার আরো বেশি data 50GB@৳468, 30দিন cutt.ly/QwE5OlXt",,
normal,01927283871 এই number-এ Rocket-এ 500 টাকা send করুন।,CodeMix,[PHONE] এই number-এ Rocket-এ 500 টাকা send করুন।,,
promo,Robi eShop-এ মোবাইল কিনলে সঙ্গে পাচ্ছেন ফ্রি ইয়ারফোন। অফার সীমিত স্টকে।,Bengali,Robi eShop-এ মোবাইল কিনলে সঙ্গে পাচ্ছেন ফ্রি ইয়ারফোন। অফার সীমিত স্টকে।,,
normal,Tomar jonno ekta golpo ache?,Banglish,Tomar jonno ekta golpo ache?,,
normal,You can achieve whatever you want.,English,You can achieve whatever you want.,,
normal,০১৭২৯১৭২৯৬৪ নাম্বারে রকেটে টাকা পাঠান।,Bengali,[PHONE] নাম্বারে রকেটে টাকা পাঠান।,,
promo,Banglalink unlimited music lovers offer: Sudhu 109TK e 30 din unlimited gaan sunar facility. Caller tune free included. Dial *222*109# and enjoy music non-stop.,Banglish,Banglalink unlimited music lovers offer: Sudhu 109TK e 30 din unlimited gaan sunar facility. Caller tune free included. Dial *222*109# and enjoy music non-stop.,,
normal,তুমি কি বাগানে যাচ্ছো?,Bengali,তুমি কি বাগানে যাচ্ছো?,,
normal,তোমার জন্য a good day!,CodeMix,তোমার জন্য a good day!,,
normal,"আপনার একাউন্ট থেকে ২০০০/- টাকা কাটা হয়েছে, বিস্তারিত জানতে কল করুন।",Bengali,"আপনার একাউন্ট থেকে ২০০০/- টাকা কাটা হয়েছে, বিস্তারিত জানতে কল করুন।",,
normal,"আপনার account থেকে 3000/- taka কাটা হয়েছে, call করুন।",CodeMix,"আপনার account থেকে 3000/- taka কাটা হয়েছে, call করুন।",,
promo,"Pro-level TK100 cashback 35GB+500min@TK399,30 days cutt.ly/2wQlYv6U",English,"Pro-level TK100 cashback 35GB+500min@TK399,30 days cutt.ly/2wQlYv6U",,
normal,"Kalke Coffee House e friends der sathe adda chilo. Cha, snacks, ar endless golpo. Ekta bhalo memory hoye gelo.",Banglish,"Kalke Coffee House e friends der sathe adda chilo. Cha, snacks, ar endless golpo. Ekta bhalo memory hoye gelo.",,
normal,রাতে কি খাবে?,Bengali,রাতে কি খাবে?,,
promo,Free delivery shob order e. Shimito shomoyer jonno.,Banglish,Free delivery shob order e. Shimito shomoyer jonno.,,
normal,Aj kemon lagchho tomake? Thik achhi. Apnar kemon lagchhe?,Banglish,Aj kemon lagchho tomake? Thik achhi. Apnar kemon lagchhe?,,
normal,"Kalke rasta e onek traffic chhilo, kintu ek cup coffee kheye patience maintain korte parlam.",Banglish,"Kalke rasta e onek traffic chhilo, kintu ek cup coffee kheye patience maintain korte parlam.",,
normal,তুমি কি আজকে অফিস থেকে তাড়াতাড়ি বের হবে? চল একসাথে চা খাই।,Bengali,তুমি কি আজকে অফিস থেকে তাড়াতাড়ি বের হবে? চল একসাথে চা খাই।,,
promo,Flat ১৫% discount all shopping-এ। Code: DISCOUNT15.,CodeMix,Flat ১৫% discount all shopping-এ। Code: DISCOUNT15.,,
promo,Daraz App ডাউনলোড করলেই নতুন ইউজাররা পাচ্ছেন ২৫০ টাকা ভাউচার। শপিং শুরু করুন আজই।,Bengali,Daraz App ডাউনলোড করলেই নতুন ইউজাররা পাচ্ছেন ২৫০ টাকা ভাউচার। শপিং শুরু করুন আজই।,,
normal,The presentation went really well! The team was impressed with our proposal and gave positive feedback.,English,The presentation went really well! The team was impressed with our proposal and gave positive feedback.,,
normal,"Your due is TK800/-, please pay quickly.",English,"Your due is TK800/-, please pay quickly.",,
normal,শুভ বৈশাখী!,Bengali,শুভ বৈশাখী!,,
normal,"Tomar pashe achi, kono chinta koro na.",Banglish,"Tomar pashe achi, kono chinta koro na.",,
promo,যেকোনো laptop কিনুন এবং একটি free mouse and keyboard পান। We have a wide range of products with amazing prices। Shop now!,CodeMix,যেকোনো laptop কিনুন এবং একটি free mouse and keyboard পান। We have a wide range of products with amazing prices। Shop now!,,
normal,তোমার বাসা কতটুকু দূরে?,Bengali,তোমার বাসা কতটুকু দূরে?,,
promo,Robi app recharge করলে ১৫% extra credit। Don’t miss!,CodeMix,Robi app recharge করলে ১৫% extra credit। Don’t miss!,,
normal,তুমি কি আজ বিকেলে ক্রিকেট ম্যাচ দেখবে? বাংলাদেশ খেলছে পাকিস্তানের সাথে।,Bengali,তুমি কি আজ বিকেলে ক্রিকেট ম্যাচ দেখবে? বাংলাদেশ খেলছে পাকিস্তানের সাথে।,,
normal,Ajke bazar theke notun shobji kinlam. Khub fresh chhilo. Maa khushi hoye onek ranna korte bollo.,Banglish,Ajke bazar theke notun shobji kinlam. Khub fresh chhilo. Maa khushi hoye onek ranna korte bollo.,,
normal,তোমার favorite festival কি?,CodeMix,তোমার favorite festival কি?,,
normal,Inaya amar sathe cartoon dekhe khub moja korse. She notun gaan shikhse ar sobai ke shunalo.,Banglish,Inaya amar sathe cartoon dekhe khub moja korse. She notun gaan shikhse ar sobai ke shunalo.,,
normal,The surprise anniversary party was perfect! Everyone had such a wonderful time celebrating with you both.,English,The surprise anniversary party was perfect! Everyone had such a wonderful time celebrating with you both.,,
normal,"চাচা, আজ ইফতারে আমাদের বাসায় আসবেন। আম্মু খুশি হবেন।",Bengali,"চাচা, আজ ইফতারে আমাদের বাসায় আসবেন। আম্মু খুশি হবেন।",,
normal,তোমার health better হয়েছে? Take care and get well soon.,CodeMix,তোমার health better হয়েছে? Take care and get well soon.,,
normal,The concert was absolutely incredible! The singer's voice gave me goosebumps throughout.,English,The concert was absolutely incredible! The singer's voice gave me goosebumps throughout.,,
normal,"Yes, it was taking us time",English,"Yes, it was taking us time",,
normal,আজকে কি free আছো? আমার তোমার সাথে কথা আছে about our project.,CodeMix,আজকে কি free আছো? আমার তোমার সাথে কথা আছে about our project.,,
promo,"অনূর্ধ্ব ১৮ বছর বয়সী বাংলাদেশী শিশু-কিশোর এবং সংশ্লিষ্ট প্রতিষ্ঠানসমূহ হতে ‘শেখ রাসেল পদক’ এর আবেদনপত্র অনলাইনে আহবান করা যাচ্ছে। আবেদনের শেষ সময় ২০ মে, ২০২৩। বিস্তারিতঃ www.award.sheikhrussel.gov.bd
",Bengali,"অনূর্ধ্ব ১৮ বছর বয়সী বাংলাদেশী শিশু-কিশোর এবং সংশ্লিষ্ট প্রতিষ্ঠানসমূহ হতে ‘শেখ রাসেল পদক’ এর আবেদনপত্র অনলাইনে আহবান করা যাচ্ছে। আবেদনের শেষ সময় ২০ মে, ২০২৩। বিস্তারিতঃ [URL]",,
normal,"আপনার due 6000/- টাকা, দ্রুত payment করুন।",CodeMix,"আপনার due 6000/- টাকা, দ্রুত payment করুন।",,
promo,"Robi App দিয়ে বিল পরিশোধে ৫% ক্যাশব্যাক, সর্বোচ্চ ১০০ টাকা।",Bengali,"Robi App দিয়ে বিল পরিশোধে ৫% ক্যাশব্যাক, সর্বোচ্চ ১০০ টাকা।",,
promo,Evaly Mega Carnival: Home decor and furniture up to 65% discount. EMI option available. Order today and save big.,Banglish,Evaly Mega Carnival: Home decor and furniture up to 65% discount. EMI option available. Order today and save big.,,
promo,Robi 4G Mega Saver: Recharge 199TK and instantly paben 15GB internet + 150 mins calls. Offer shesh hobe 20th Sept. Amar Robi app theke activate korun ekhuni.,Banglish,Robi 4G Mega Saver: Recharge 199TK and instantly paben 15GB internet + 150 mins calls. Offer shesh hobe 20th Sept. Amar Robi app theke activate korun ekhuni.,,
normal,"Instead of Eid, Happy New Year!",English,"Instead of Eid, Happy New Year!",,
normal,"Your payment is pending 800/- taka, pay quickly.",English,"Your payment is pending 800/- taka, pay quickly.",,
promo,Daraz 12.12 mega sale! Up to 80% discount on electronics. Free shipping on orders above 1000 TK!,English,Daraz 12.12 mega sale! Up to 80% discount on electronics. Free shipping on orders above 1000 TK!,,
normal,"০১৮৭৩৮২৮১৯৩ number এ bKash করুন, hurry করুন।",CodeMix,"[PHONE] number এ bKash করুন, hurry করুন।",,
normal,"ক্ষমতা হলো সূর্যের আলোর মতো, তাতে কেউ আলোকিত হয় আবার কেউ পুড়ে শেষ হয়ে যায়।",Bengali,"ক্ষমতা হলো সূর্যের আলোর মতো, তাতে কেউ আলোকিত হয় আবার কেউ পুড়ে শেষ হয়ে যায়।",,
promo,Singer electronics Eid special! All home appliances up to 50% off with 0% interest EMI facility!,English,Singer electronics Eid special! All home appliances up to 50% off with 0% interest EMI facility!,,
normal,shuvo noboborsho!,Banglish,shuvo noboborsho!,,
promo,"125Tk cashback e shorbo offer 61GB+1000min@774Tk, 30din: cutt.ly/8wBQC0MC",Banglish,"125Tk cashback e shorbo offer 61GB+1000min@774Tk, 30din: cutt.ly/8wBQC0MC",,
normal,Happy marriage anniversary!,CodeMix,Happy marriage anniversary!,,
normal,শুভ দীপাবলী!,Bengali,শুভ দীপাবলী!,,
normal,Hope your exam went well today. I'm sure you did great with all that preparation.,English,Hope your exam went well today. I'm sure you did great with all that preparation.,,
promo,"10% discount on new Samsung phone! Limited stock, buy today!",English,"10% discount on new Samsung phone! Limited stock, buy today!",,
promo,"৫০৳ chill cashback-এ ৩১জিবি+৪৫০মি.@৪৪৯৳ ৩০দিন, নাও: cutt.ly/KwMwLOgt",CodeMix,"৫০৳ chill cashback-এ ৩১জিবি+৪৫০মি.@৪৪৯৳ ৩০দিন, নাও: cutt.ly/KwMwLOgt",,
promo,"25 TK cashback e abar o beshi data 50GB@473TK,30din cutt.ly/zwTmxzpd",Banglish,"25 TK cashback e abar o beshi data 50GB@473TK,30din cutt.ly/zwTmxzpd",,
promo,"200TK cashback! 60GB+1000 minutes @699TK 30 days, take it- cutt.ly/aAhiAsI",English,"200TK cashback! 60GB+1000 minutes @699TK 30 days, take it- cutt.ly/aAhiAsI",,
promo,"Banglalink গ্রাহকদের জন্য ফ্ল্যাশ অফার: ১ জিবি মাত্র ১১ টাকা, বৈধতা ২৪ ঘণ্টা। সক্রিয় করতে *5000*11#।",Bengali,"Banglalink গ্রাহকদের জন্য ফ্ল্যাশ অফার: ১ জিবি মাত্র ১১ টাকা, বৈধতা ২৪ ঘণ্টা। সক্রিয় করতে *5000*11#।",,
promo,"Ongoing landfilling plot adjacent to Sector 30, Purbachal! 1.6 lakh per katha
01894841736",English,"Ongoing landfilling plot adjacent to Sector 30, Purbachal! 1.6 lakh per katha [PHONE]",,
promo,KFC bucket feast for family! 8 pieces chicken + sides just 1299 TK. Order now: 16427,English,KFC bucket feast for family! 8 pieces chicken + sides just 1299 TK. Order now: 16427,,
normal,০১৯২৭২৮৩৭৯২ এই নাম্বারে রকেটে টাকা পাঠান।,Bengali,[PHONE] এই নাম্বারে রকেটে টাকা পাঠান।,,
normal,Bondhu hochhe kemne? Family sob thik ache?,Banglish,Bondhu hochhe kemne? Family sob thik ache?,,
normal,"বোন, আগামীকাল তোমার জন্মদিন। কি গিফট চাও?",Bengali,"বোন, আগামীকাল তোমার জন্মদিন। কি গিফট চাও?",,
promo,"double century cashback TK200!61GB+1000mi@TK699,30din cutt.ly/FwQhpKHc",Banglish,"double century cashback TK200!61GB+1000mi@TK699,30din cutt.ly/FwQhpKHc",,
promo,"Today is the last day! 40GB(with bonus)TK500 30days. Dial *121*5049#, mygp.li/mo",English,"Today is the last day! 40GB(with bonus)TK500 30days. Dial *121*5049#, mygp.li/mo",,
promo,Pathao ride এ ২০% discount আজ। Book করুন এখনই!,CodeMix,Pathao ride এ ২০% discount আজ। Book করুন এখনই!,,
promo,সিস্টেমের মান উন্নয়নের জন্য ১১মে রাত ১১:৫৯ থেকে ১২মে সকাল ৮টা পর্যন্ত ফ্লেক্সিলোডের মাধ্যমে মোবাইল রিচার্জ বন্ধ থাকবে। তবে এই সময় মাইজিপি অ্যাপ বা স্ক্রাচ কার্ড দিয়ে রিচার্জ করা যাবে।,Bengali,সিস্টেমের মান উন্নয়নের জন্য ১১মে রাত ১১:৫৯ থেকে ১২মে সকাল ৮টা পর্যন্ত ফ্লেক্সিলোডের মাধ্যমে মোবাইল রিচার্জ বন্ধ থাকবে। তবে এই সময় মাইজিপি অ্যাপ বা স্ক্রাচ কার্ড দিয়ে রিচার্জ করা যাবে।,,
promo,"Discount on our products. For details, contact this number: 01789654321.",English,"Discount on our products. For details, contact this number: [PHONE] .",,
promo,আমাদের নতুন product line থেকে যেকোনো item কিনলে ৳650 cashback পাবেন। This offer is only for this week।,CodeMix,আমাদের নতুন product line থেকে যেকোনো item কিনলে ৳650 cashback পাবেন। This offer is only for this week।,,
normal,শুভ Boishakhi!,CodeMix,শুভ Boishakhi!,,
normal,"দিদি, তোমার পড়াশুনা কেমন চলছে? কোন সমস্যা হচ্ছে?",Bengali,"দিদি, তোমার পড়াশুনা কেমন চলছে? কোন সমস্যা হচ্ছে?",,
normal,"Tui ajke dekhechis to, Adhika onek moja kore new rhyme geyeche. She bar bar bole amar school teacher onek bhalo. Amader chhele-meye ra onek fast shikhche, khub valo lagse.",Banglish,"Tui ajke dekhechis to, Adhika onek moja kore new rhyme geyeche. She bar bar bole amar school teacher onek bhalo. Amader chhele-meye ra onek fast shikhche, khub valo lagse.",,
normal,Tumi ki tram-e jachcho?,Banglish,Tumi ki tram-e jachcho?,,
normal,Kemon achho tomar paribar?,Banglish,Kemon achho tomar paribar?,,
normal,Kalke friend circle er shathe adda dite giyechilam Coffee House e. Khub moja holo. Tore miss korlam oikhane.,Banglish,Kalke friend circle er shathe adda dite giyechilam Coffee House e. Khub moja holo. Tore miss korlam oikhane.,,
promo,DBBL online payment করুন এবং exclusive loyalty points পান। Register now এবং future bills এ redeem করুন,CodeMix,DBBL online payment করুন এবং exclusive loyalty points পান। Register now এবং future bills এ redeem করুন,,
promo,Shwapno Grocery Deal: Buy 5kg rice and get 1kg lentil free. Available all Dhaka outlets. Offer valid this week only.,Banglish,Shwapno Grocery Deal: Buy 5kg rice and get 1kg lentil free. Available all Dhaka outlets. Offer valid this week only.,,
promo,Airtel user এর জন্য special discount offer চলছে। Avail করুন online!,CodeMix,Airtel user এর জন্য special discount offer চলছে। Avail করুন online!,,
normal,Good luck with your job interview today! You're qualified and will do excellently.,English,Good luck with your job interview today! You're qualified and will do excellently.,,
promo,"TK25 cashback e ebar aro beshi data 50GB@ TK473, 30din cutt.ly/zwTmxzpd",Banglish,"TK25 cashback e ebar aro beshi data 50GB@ TK473, 30din cutt.ly/zwTmxzpd",,
normal,"Tumi ja korte paro, ta oshsadaron.",Banglish,"Tumi ja korte paro, ta oshsadaron.",,
normal,"Dear student, your tuition fee is TK 24,500.00 due till today. (Including previous late fine and dues) Pay current month's tuition fee (without penalty) by September 30, 2024. For details login https://student.iba-du.edu.bd/. (IBA)",English,"Dear student, your tuition fee is TK 24,500.00 due till today. (Including previous late fine and dues) Pay current month's tuition fee (without penalty) by September 30, 2024. For details login [URL] (IBA)",,
normal,কেমন আছে আপনার day-টি?,CodeMix,কেমন আছে আপনার day-টি?,,
promo,GP গ্রাহকরা বিল পরিশোধ করলে ৫% ক্যাশব্যাক পাবেন।,Bengali,GP গ্রাহকরা বিল পরিশোধ করলে ৫% ক্যাশব্যাক পাবেন।,,
normal,শুক্রবার কি প্ল্যান?,Bengali,শুক্রবার কি প্ল্যান?,,
normal,Eta Salimer nombar oke call dish ashar shomoy 01738838838,Banglish,Eta Salimer nombar oke call dish ashar shomoy [PHONE],,
normal,"আপনার payment বাকি 800/- টাকা, urgent পরিশোধ করুন।",CodeMix,"আপনার payment বাকি 800/- টাকা, urgent পরিশোধ করুন।",,
normal,"মা, market থেকে কিছু fruits আনো। আমি cash দিবো। তুমি কি vegetables ও আনবে? Let's coordinate।",CodeMix,"মা, market থেকে কিছু fruits আনো। আমি cash দিবো। তুমি কি vegetables ও আনবে? Let's coordinate।",,
normal,কোথায় যাচ্ছো?,Bengali,কোথায় যাচ্ছো?,,
normal,শুভ অসুস্থ্য দিনের শুভেচ্ছা!,Bengali,শুভ অসুস্থ্য দিনের শুভেচ্ছা!,,
normal,"ভাইয়া, আমার কম্পিউটার ঠিক আছে এখন। আপনার সাহায্যের জন্য ধন্যবাদ।",Bengali,"ভাইয়া, আমার কম্পিউটার ঠিক আছে এখন। আপনার সাহায্যের জন্য ধন্যবাদ।",,
normal,Are you going to the office?,English,Are you going to the office?,,
normal,Hope your medical test results come back normal. I'm sure everything will be fine. Stay positive!,English,Hope your medical test results come back normal. I'm sure everything will be fine. Stay positive!,,
promo,April-এ 5GB data use করে May মাসে পাবে lowest call rate- cutt.ly/0AA4sic,CodeMix,April-এ 5GB data use করে May মাসে পাবে lowest call rate- cutt.ly/0AA4sic,,
normal,"I am optimistic that the goal of protest is not to bring about protest again. Rather, the goal of protest is to bring about change by bringing something new. — D. Ray Makeson",English,"I am optimistic that the goal of protest is not to bring about protest again. Rather, the goal of protest is to bring about change by bringing something new. — D. Ray Makeson",,
normal,"Ashokter moto bhalobashben na, dhongshatmokbhabe kauke ghrina korben na. - [Umar Ibnul Khattab (Ra:)]",Banglish,"Ashokter moto bhalobashben na, dhongshatmokbhabe kauke ghrina korben na. - [Umar Ibnul Khattab (Ra:)]",,
promo,"Tomar jonno special deal!10GB+250minute @TK250,30din: cutt.ly/Lwg2MRlr",Banglish,"Tomar jonno special deal!10GB+250minute @TK250,30din: cutt.ly/Lwg2MRlr",,
normal,দুপুরে একটি ব্রাউন করতে গিয়েছি।,Bengali,দুপুরে একটি ব্রাউন করতে গিয়েছি।,,
normal,Send the money via bKash or Rocket to this number: 017291828181,English,Send the money via bKash or Rocket to this number: [PHONE],,
promo,"1GB (0.2GB+ 0.8GB Bonus) internet shofol bhabe chalu hoyeche. Moto mulyo 19TK, meyad 7 din. Internet balance jante mygp.li/check click korun othoba *121*1*4# dial korun.",Banglish,"1GB (0.2GB+ 0.8GB Bonus) internet shofol bhabe chalu hoyeche. Moto mulyo 19TK, meyad 7 din. Internet balance jante mygp.li/check click korun othoba *121*1*4# dial korun.",,
promo,Robi special offer! 10GB internet + unlimited call only 99TK. Dial *123*45# akhon. Offer sesh 31st December.,Banglish,Robi special offer! 10GB internet + unlimited call only 99TK. Dial *123*45# akhon. Offer sesh 31st December.,,
promo,"১০০৳ ক্যাশব্যাকে ৩১জিবি+৪৫০মি.@৩৯৯৳,৩০দিন, নিয়ে নাও: cutt.ly/2wQlYv6U",Bengali,"১০০৳ ক্যাশব্যাকে ৩১জিবি+৪৫০মি.@৩৯৯৳,৩০দিন, নিয়ে নাও: cutt.ly/2wQlYv6U",,
promo,Lotto Lee Cooper Chance to win BMW with cash payment 10% cashback on Bkash Shop,English,Lotto Lee Cooper Chance to win BMW with cash payment 10% cashback on Bkash Shop,,
normal,"Ma tomake khoje, phone ta receive koro na keno?",Banglish,"Ma tomake khoje, phone ta receive koro na keno?",,
promo,"Cashback e Century TK100! 26GB+500min. @TK399,30din: cutt.ly/mwmJFpRa",Banglish,"Cashback e Century TK100! 26GB+500min. @TK399,30din: cutt.ly/mwmJFpRa",,
promo,Banglalink 30GB internet + 500 minutes for 30 days only 399 TK! Get it now: *5000*399#,English,Banglalink 30GB internet + 500 minutes for 30 days only 399 TK! Get it now: *5000*399#,,
promo,Handi grand opening! buffet 599 TK. Gulshan. Book now: 01798352641!,English,Handi grand opening! buffet 599 TK. Gulshan. Book now: [PHONE] !,,
normal,"Kalke Coffee House e friends der sathe adda chilo. Cha, snacks, ar endless golpo. Khub moja holo ar ekta bhalo memory hoye gelo.",Banglish,"Kalke Coffee House e friends der sathe adda chilo. Cha, snacks, ar endless golpo. Khub moja holo ar ekta bhalo memory hoye gelo.",,
promo,All cosmetics এ 10% discount। Offer টি limited time এর জন্য।,CodeMix,All cosmetics এ 10% discount। Offer টি limited time এর জন্য।,,
normal,"তুমি কি কালকে ফ্রি আছো? একসাথে নিউ মার্কেট ঘুরতে যাই, কয়েকটা বই কিনতে চাই।",Bengali,"তুমি কি কালকে ফ্রি আছো? একসাথে নিউ মার্কেট ঘুরতে যাই, কয়েকটা বই কিনতে চাই।",,
normal,"তুমি যা করতে পারো, তা অসাধারণ।",Bengali,"তুমি যা করতে পারো, তা অসাধারণ।",,
promo,"City Group job fair! 1000+ positions in textile, pharmacy, banking. Apply: citygroup-jobs.bd!",English,"City Group job fair! 1000+ positions in textile, pharmacy, banking. Apply: [URL]",,
normal,"Tomarii chokherii anginay, ekhono ki temoni kore chhoray alo? Ekhono ki tarar pane cheye thako an mone? Tumi ki amay ager moto bash bhalo?",Banglish,"Tomarii chokherii anginay, ekhono ki temoni kore chhoray alo? Ekhono ki tarar pane cheye thako an mone? Tumi ki amay ager moto bash bhalo?",,
promo,"৳৩৯৯ তে ৳৪৯৯ এর অফার! নাও ৩১জিবি+৪৫০মি.,৩০দিন: cutt.ly/2wQlYv6U",Bengali,"৳৩৯৯ তে ৳৪৯৯ এর অফার! নাও ৩১জিবি+৪৫০মি.,৩০দিন: cutt.ly/2wQlYv6U",,
normal,How can online elections be conducted?,English,How can online elections be conducted?,,
normal,Exam এর জন্য পড়াশোনা কেমন চলছে? I am so stressed about the final।,CodeMix,Exam এর জন্য পড়াশোনা কেমন চলছে? I am so stressed about the final।,,
promo,Bangladesh Air Force is recruiting officer cadets for 89 BAF course. Details: https://joinairforce.baf.mil.bd,English,Bangladesh Air Force is recruiting officer cadets for 89 BAF course. Details: [URL],,
normal,What's the plan for today?,English,What's the plan for today?,,
normal,"এটা রাকিবের নাম্বার, ০১৭৬৩৮৩৯৮৫৪ কল দিস।",Bengali,"এটা রাকিবের নাম্বার, [PHONE] কল দিস।",,
normal,"Apnar account theke 1500/- taka kata hoyeche, bistarito jante call korun.",Banglish,"Apnar account theke 1500/- taka kata hoyeche, bistarito jante call korun.",,
normal,০১৬৭২৫৮২৯৭৮ এই নাম্বারে রকেটে ২০০ টাকা পাঠান।,Bengali,[PHONE] এই নাম্বারে রকেটে ২০০ টাকা পাঠান।,,
normal,Adhika ajke school e gaan shikhse. Bari eshe puro family ke shunalo. Sobai khushi hoilo.,Banglish,Adhika ajke school e gaan shikhse. Bari eshe puro family ke shunalo. Sobai khushi hoilo.,,
normal,Apnar jonno ekti golpo ache?,Banglish,Apnar jonno ekti golpo ache?,,
normal,Tomar ekhon ki kaj hocche?,Banglish,Tomar ekhon ki kaj hocche?,,
normal,"আজ বিকেলে শাহবাগে বইমেলায় গিয়েছিলাম। প্রচুর ভিড় ছিল কিন্তু বইয়ের কালেকশন অসাধারণ। আমি তিনটা উপন্যাস কিনেছি, চাইলে তোমাকে ধার দিতে পারি।",Bengali,"আজ বিকেলে শাহবাগে বইমেলায় গিয়েছিলাম। প্রচুর ভিড় ছিল কিন্তু বইয়ের কালেকশন অসাধারণ। আমি তিনটা উপন্যাস কিনেছি, চাইলে তোমাকে ধার দিতে পারি।",,
promo,Meena Bazar Festive Sale: Shop groceries worth 1200TK and get 250TK discount. Use code MB250. Free delivery across Dhaka.,Banglish,Meena Bazar Festive Sale: Shop groceries worth 1200TK and get 250TK discount. Use code MB250. Free delivery across Dhaka.,,
normal,"Good night, stay well!",English,"Good night, stay well!",,
normal,শুভ বিবাহ বার্ষিকী!,Bengali,শুভ বিবাহ বার্ষিকী!,,
promo,"GP গ্রাহকরা আজ পাচ্ছেন ৩ জিবি মাত্র ৪৯ টাকা, বৈধতা ৩ দিন। *121*49# ডায়াল করুন। অফার আজ রাত পর্যন্ত।",Bengali,"GP গ্রাহকরা আজ পাচ্ছেন ৩ জিবি মাত্র ৪৯ টাকা, বৈধতা ৩ দিন। *121*49# ডায়াল করুন। অফার আজ রাত পর্যন্ত।",,
normal,Tomar protibha osadharon.,Banglish,Tomar protibha osadharon.,,
normal,"তুমি যা করতে পারো, তা extraordinary।",CodeMix,"তুমি যা করতে পারো, তা extraordinary।",,
promo,Pathao Rides-এ ২০% ডিসকাউন্ট! কোড: RIDE20 ব্যবহার করুন। বৈধতা ৩ দিন।,Bengali,Pathao Rides-এ ২০% ডিসকাউন্ট! কোড: RIDE20 ব্যবহার করুন। বৈধতা ৩ দিন।,,
promo,"Pathao Food happy hour: Every evening 6pm–9pm, enjoy flat 30% discount on all orders above 300TK. Promo code: FOOD30. Order from Pathao app ar moja korun.",Banglish,"Pathao Food happy hour: Every evening 6pm–9pm, enjoy flat 30% discount on all orders above 300TK. Promo code: FOOD30. Order from Pathao app ar moja korun.",,
normal,আমার নাম্বারে ০১৭৩৬৬৩৭৩৮৭ ফ্লেক্সিলোড করে দাও ৫০০ টাকা,Bengali,আমার নাম্বারে [PHONE] ফ্লেক্সিলোড করে দাও ৫০০ টাকা,,
normal,"আম্মু, আমি বাসে উঠেছি। রাত ১০টার মধ্যে পৌঁছাবো।",Bengali,"আম্মু, আমি বাসে উঠেছি। রাত ১০টার মধ্যে পৌঁছাবো।",,
promo,"Purbachal সংলগ্ন Navana এর ৩,৫ ও ১০ katha এর plot কিনুন – ০১৮৪৭-২১৪০১৯",CodeMix,"Purbachal সংলগ্ন Navana এর ৩,৫ ও ১০ katha এর plot কিনুন – [PHONE]",,
promo,"200৳ cashback-এ সেরা offer 61GB+1000min@৳699,30দিন: cutt.ly/OwG5T3ub",CodeMix,"200৳ cashback-এ সেরা offer 61GB+1000min@৳699,30দিন: cutt.ly/OwG5T3ub",,
normal,"আজকে আমি slightly sick, can we move dinner to tomorrow?",CodeMix,"আজকে আমি slightly sick, can we move dinner to tomorrow?",,
promo,"GP Talktime Boost: Recharge 199TK and get 500 mins free calls, validity 30 days. Dial *121*199# now.",Banglish,"GP Talktime Boost: Recharge 199TK and get 500 mins free calls, validity 30 days. Dial *121*199# now.",,
promo,Shobar pochonder burger niye Burger King ekhon Dhanmondi 27 e. Deri na kore akorshoniyo shob offer upobhog korte chole ashun Burger King e. Home delivery pete call korun 16606,Banglish,Shobar pochonder burger niye Burger King ekhon Dhanmondi 27 e. Deri na kore akorshoniyo shob offer upobhog korte chole ashun Burger King e. Home delivery pete call korun 16606,,
normal,"সব ঠিক হয়ে যাবে, সাহস রেখো।",Bengali,"সব ঠিক হয়ে যাবে, সাহস রেখো।",,
promo,Uber Eats: First order discount 50% up to 150TK. Use code UBEREATS50. Valid till 15th Sept.,Banglish,Uber Eats: First order discount 50% up to 150TK. Use code UBEREATS50. Valid till 15th Sept.,,
normal,"বন্ধু, আজ সন্ধ্যায় ক্রিকেট খেলতে মাঠে আসবে?",Bengali,"বন্ধু, আজ সন্ধ্যায় ক্রিকেট খেলতে মাঠে আসবে?",,
normal,"আজকে শরীরটা ভালো লাগছে না। মাথা ধরেছে, তাই হয়তো আজ বাসাতেই থাকবো।",Bengali,"আজকে শরীরটা ভালো লাগছে না। মাথা ধরেছে, তাই হয়তো আজ বাসাতেই থাকবো।",,
normal,Tumi ki gaan shuncho?,Banglish,Tumi ki gaan shuncho?,,
promo,"Pocket saving on pro-level internet: 3GB@TK 98, 7 days cutt.ly/9wEyjoLc",English,"Pocket saving on pro-level internet: 3GB@TK 98, 7 days cutt.ly/9wEyjoLc",,
normal,Ajker weather কেমন? Perfect day for picnic আজ।,CodeMix,Ajker weather কেমন? Perfect day for picnic আজ।,,
promo,"ইলেকট্রনিক্সে মেগা সেল! TV, ফ্রিজ, AC তে বিশাল ছাড়।",Bengali,"ইলেকট্রনিক্সে মেগা সেল! TV, ফ্রিজ, AC তে বিশাল ছাড়।",,
normal,তুমি কখন come পারবো? আমি আপনার পাশে আছি।,CodeMix,তুমি কখন come পারবো? আমি আপনার পাশে আছি।,,
promo,Robi Eid offer: 100 min + 2GB internet sudhu 99TK te. Dial *123*99#,Banglish,Robi Eid offer: 100 min + 2GB internet sudhu 99TK te. Dial *123*99#,,
normal,I have a vision with an organization that has value with another perspective.,English,I have a vision with an organization that has value with another perspective.,,
normal,আজ cinema যেতে ইচ্ছে আছে। তুমি আসছো কি? Let’s buy tickets online।,CodeMix,আজ cinema যেতে ইচ্ছে আছে। তুমি আসছো কি? Let’s buy tickets online।,,
promo,Valentine's Day-তে diamond jewelry-তে ২৫% discount ১৫/০২/২০২৪ পর্যন্ত। ০১৭১৩১৯৯২৭০,CodeMix,Valentine's Day-তে diamond jewelry-তে ২৫% discount ১৫/০২/২০২৪ পর্যন্ত। [PHONE],,
promo,"'Korbo bima, gorbo desh
Smart hobe Bangladesh.' Bima unnoti o niyontron kortripokkhyo ebong arthik protishtan bibhag ortho montronaloy.",Banglish,"'Korbo bima, gorbo desh Smart hobe Bangladesh.' Bima unnoti o niyontron kortripokkhyo ebong arthik protishtan bibhag ortho montronaloy.",,
normal,০১৬৭২৫৭৩৮৭৯ number-এ দ্রুত bKash করুন।,CodeMix,[PHONE] number-এ দ্রুত bKash করুন।,,
normal,Ajke amar cousin bari te esechilo. Sobai ek sathe boshe onek moja korlam. Se funny golpo shunalo ar sobai hashchilam.,Banglish,Ajke amar cousin bari te esechilo. Sobai ek sathe boshe onek moja korlam. Se funny golpo shunalo ar sobai hashchilam.,,
promo,মাত্র ৯৭৳ ৩০দিন বিশ্বকাপ ক্রিকেট + ১জিবি ডাটা নিতে: cutt.ly/YwmtpRRj,Bengali,মাত্র ৯৭৳ ৩০দিন বিশ্বকাপ ক্রিকেট + ১জিবি ডাটা নিতে: cutt.ly/YwmtpRRj,,
normal,"আপনার একাউন্ট থেকে ১৫০০/- টাকা কাটা হয়েছে, বিস্তারিত জানতে কল করুন।",Bengali,"আপনার একাউন্ট থেকে ১৫০০/- টাকা কাটা হয়েছে, বিস্তারিত জানতে কল করুন।",,
promo,"Shohoz Bus Tickets: Dhaka to Chittagong 15% discount using promo code BUS15. Limited seats, book fast!",Banglish,"Shohoz Bus Tickets: Dhaka to Chittagong 15% discount using promo code BUS15. Limited seats, book fast!",,
normal,I'm so excited about the cricket match tonight. Bangladesh vs India!,English,I'm so excited about the cricket match tonight. Bangladesh vs India!,,
normal,Tomar priyo khabar ki?,Banglish,Tomar priyo khabar ki?,,
normal,I want to read many books this year.,English,I want to read many books this year.,,
normal,কালকে bad weather forecast আছে। Should we change our plan?,CodeMix,কালকে bad weather forecast আছে। Should we change our plan?,,
normal,Tumi ki shopping mall e jaccho?,Banglish,Tumi ki shopping mall e jaccho?,,
promo,"TK100 cashback 31GB+450min.@TK399,30days, get it: cutt.ly/2wQlYv6U",English,"TK100 cashback 31GB+450min.@TK399,30days, get it: cutt.ly/2wQlYv6U",,
promo,150 mins for 130TK (30 days) with bonus. Dial *121*5205# or https://mygp.li/a0,English,150 mins for 130TK (30 days) with bonus. Dial *121*5205# or [URL],,
promo,Last day today! 2GB with bonus - 35 taka - 7 days. Dial *121*5037# or mygp.li/mo,English,Last day today! 2GB with bonus - 35 taka - 7 days. Dial *121*5037# or mygp.li/mo,,
normal,What will you do?,English,What will you do?,,
promo,Online shopping-এ ২৫% cashback! Code: SHOP25. Delay না করে এখনই shopping করুন।,CodeMix,Online shopping-এ ২৫% cashback! Code: SHOP25. Delay না করে এখনই shopping করুন।,,
normal,What is happening? Tell me everything.,English,What is happening? Tell me everything.,,
promo,"Transcom Digital phone accessories mega sale: Cases, chargers, earphones!",English,"Transcom Digital phone accessories mega sale: Cases, chargers, earphones!",,
normal," তারা আমাদের ভাই-বোনদের মৃত্যুর ভয় দেখিয়ে দমিয়ে রাখতে চায়, অথচ আমাদের পেছনে রয়েছে বদর, খন্দক, তাবুকের মতো শত শত স্মৃতি। - [কবি আল মাহমুদ]",Bengali,"তারা আমাদের ভাই-বোনদের মৃত্যুর ভয় দেখিয়ে দমিয়ে রাখতে চায়, অথচ আমাদের পেছনে রয়েছে বদর, খন্দক, তাবুকের মতো শত শত স্মৃতি। - [কবি আল মাহমুদ]",,
promo,"GP special recharge: ২০০ TK এবং ৪ GB extra data। Limited time, recharge আজই এবং enjoy full benefits",CodeMix,"GP special recharge: ২০০ TK এবং ৪ GB extra data। Limited time, recharge আজই এবং enjoy full benefits",,
promo,"২০০৳ ক্যাশব্যাকে সেরা অফার ৬১জিবি+১০০০মি@৳৬৯৯,৩০দিন: cutt.ly/OwG5T3ub",Bengali,"২০০৳ ক্যাশব্যাকে সেরা অফার ৬১জিবি+১০০০মি@৳৬৯৯,৩০দিন: cutt.ly/OwG5T3ub",,
promo,Sundarban Courier অনলাইন বুকিং-এ ২০% ছাড়। এখনই চেষ্টা করুন।,Bengali,Sundarban Courier অনলাইন বুকিং-এ ২০% ছাড়। এখনই চেষ্টা করুন।,,
normal,Did you finish the assignment? I'm struggling with the last question.,English,Did you finish the assignment? I'm struggling with the last question.,,
normal,বিদ্যালয়ের book পড়া খুব favorite।,CodeMix,বিদ্যালয়ের book পড়া খুব favorite।,,
normal,"ভাইয়া, আমার ল্যাপটপ হ্যাং করছে। একটু দেখে দিবেন?",Bengali,"ভাইয়া, আমার ল্যাপটপ হ্যাং করছে। একটু দেখে দিবেন?",,
normal,আমার কাছে কোনো নতুন খবর আছে?,Bengali,আমার কাছে কোনো নতুন খবর আছে?,,
normal,আজকে আমি একটি নতুন রেস্টুরেন্টে যাব।,Bengali,আজকে আমি একটি নতুন রেস্টুরেন্টে যাব।,,
normal,"You are strong, you can do it.",English,"You are strong, you can do it.",,
normal,What a very good question!,English,What a very good question!,,
normal,তুমি কি রবিবার ক্লাসে যাবে? স্যার বলেছে কুইজ নেবে। তাই প্রস্তুতি নিয়ে এসো।,Bengali,তুমি কি রবিবার ক্লাসে যাবে? স্যার বলেছে কুইজ নেবে। তাই প্রস্তুতি নিয়ে এসো।,,
promo,আমাদের নতুন product line থেকে যেকোনো item কিনলে ৳550 cashback পাবেন। This offer is only for this week।,CodeMix,আমাদের নতুন product line থেকে যেকোনো item কিনলে ৳550 cashback পাবেন। This offer is only for this week।,,
promo,"Hotspot cashback ১৮TK! Hotspot deal এ ২২GB@১৭৯TK, ৭days: cutt.ly/fwLo4TBP",CodeMix,"Hotspot cashback ১৮TK! Hotspot deal এ ২২GB@১৭৯TK, ৭days: cutt.ly/fwLo4TBP",,
normal,I can't believe how quickly the kids are growing up these days.,English,I can't believe how quickly the kids are growing up these days.,,
promo,Shohoz Tickets-এ ট্রেন টিকিটে ১০% ছাড়। কোড: TRAIN10।,Bengali,Shohoz Tickets-এ ট্রেন টিকিটে ১০% ছাড়। কোড: TRAIN10।,,
normal,তুমি কি পার্টিতে যাচ্ছো?,Bengali,তুমি কি পার্টিতে যাচ্ছো?,,
normal,Ajke bazar theke notun shobji kinlam. Khub fresh chhilo. Maa ranna kore din ta khub moja kore dilo. Amar din bhalo katlo.,Banglish,Ajke bazar theke notun shobji kinlam. Khub fresh chhilo. Maa ranna kore din ta khub moja kore dilo. Amar din bhalo katlo.,,
promo,"১৫০৳ ক্যাশব্যাকে নাও ডাটা মিক্সার ৮০জিবি@৳৬৯৯,৩০দিন: cutt.ly/lwMwLrfw",Bengali,"১৫০৳ ক্যাশব্যাকে নাও ডাটা মিক্সার ৮০জিবি@৳৬৯৯,৩০দিন: cutt.ly/lwMwLrfw",,
promo,Nagad payment করলে ১০% cashback পাবেন। Use code: NAGAD10,CodeMix,Nagad payment করলে ১০% cashback পাবেন। Use code: NAGAD10,,
normal," Tara amader bhai-boneder mrittyu r bhoy dekhiye domiye rakhte chay, othoch amader pechone royeche Badr, Khandak, Tabuk er moto shot shot smriti. - [Kobi Al Mahmud]",Banglish,"Tara amader bhai-boneder mrittyu r bhoy dekhiye domiye rakhte chay, othoch amader pechone royeche Badr, Khandak, Tabuk er moto shot shot smriti. - [Kobi Al Mahmud]",,
normal,"Apnar bidyut bill baki ache 7200/- taka, joruri.",Banglish,"Apnar bidyut bill baki ache 7200/- taka, joruri.",,
normal,"Bhai, 
Azhar bhai apnar shathe dekha korte bollo. M. Phil er Synopsis niye ",Banglish,"Bhai, Azhar bhai apnar shathe dekha korte bollo. M. Phil er Synopsis niye",,
promo,"Shohoz bike ride: New user der jonno first 3 rides 50% discount with promo code BIKE50. Hurry, ei chance miss korben na!",Banglish,"Shohoz bike ride: New user der jonno first 3 rides 50% discount with promo code BIKE50. Hurry, ei chance miss korben na!",,
promo,Shohoz ride e ajke rain discount 30%. Promo code: RAIN30,Banglish,Shohoz ride e ajke rain discount 30%. Promo code: RAIN30,,
normal,আজকে dinner এর জন্য কি plan? তুমি cook করতে চাও নাকি বাইরে order করি? Let me know before ৮ pm,CodeMix,আজকে dinner এর জন্য কি plan? তুমি cook করতে চাও নাকি বাইরে order করি? Let me know before ৮ pm,,
promo,Shopner Hat এ এখন পাচ্ছেন handmade crafts with amazing discounts. Visit our website for details.,CodeMix,Shopner Hat এ এখন পাচ্ছেন handmade crafts with amazing discounts. Visit our website for details.,,
normal,Send money via Rocket to this number 01729172949.,English,Send money via Rocket to this number [PHONE] .,,
normal,আসসালামুয়ালাইকুম।,Bengali,আসসালামুয়ালাইকুম।,,
promo,"প্রো-লেভেল আড্ডা+ইন্টারনেটিং-১০জিবি+২৫০মি@২৫৮৳,৩০দিন cutt.ly/wwCctHGF",Bengali,"প্রো-লেভেল আড্ডা+ইন্টারনেটিং-১০জিবি+২৫০মি@২৫৮৳,৩০দিন cutt.ly/wwCctHGF",,
normal,আজ বিকেলে এক কাপ কফি খেতে খেতে পুরোনো দিনের কথা মনে পড়ছিল।,Bengali,আজ বিকেলে এক কাপ কফি খেতে খেতে পুরোনো দিনের কথা মনে পড়ছিল।,,
normal,"Priyo shikkharthi, apnar tuition fee aj porjonto 24,500.00 taka bokeya ache. (Purber late fine o bokeya shoh) Cholti masher tuition fee (jorimana chara) 30i September, 2024 moddhe porishod korun. Bistarito https://student.iba-du.edu.bd/ login korun. (IBA)",Banglish,"Priyo shikkharthi, apnar tuition fee aj porjonto 24,500.00 taka bokeya ache. (Purber late fine o bokeya shoh) Cholti masher tuition fee (jorimana chara) 30i September, 2024 moddhe porishod korun. Bistarito [URL] login korun. (IBA)",,
normal,"Ektu pore call korbo, ekhon meeting e asi.",Banglish,"Ektu pore call korbo, ekhon meeting e asi.",,
normal,"Ki khobor, kemon acho?",Banglish,"Ki khobor, kemon acho?",,
normal,আমার মোবাইলের ইন্টারনেট খুব স্লো। তুমি কি জানো রাউটার রিস্টার্ট করলে স্পিড বাড়ে কিনা?,Bengali,আমার মোবাইলের ইন্টারনেট খুব স্লো। তুমি কি জানো রাউটার রিস্টার্ট করলে স্পিড বাড়ে কিনা?,,
promo,"Unilever এর পক্ষ থেকে special discount! সব product-এ 30% off, only at Shwapno outlets. Hurry up!",CodeMix,"Unilever এর পক্ষ থেকে special discount! সব product-এ 30% off, only at Shwapno outlets. Hurry up!",,
normal,আজকে সারাদিন মাথা ব্যথা করছে। হয়তো ঘুম কম হয়েছে। ভাবছি একটু তাড়াতাড়ি শুয়ে পড়বো।,Bengali,আজকে সারাদিন মাথা ব্যথা করছে। হয়তো ঘুম কম হয়েছে। ভাবছি একটু তাড়াতাড়ি শুয়ে পড়বো।,,
normal,"I am fine, how are you?",English,"I am fine, how are you?",,
normal,আজকে কি ক্লাস আছে? I am confused about the schedule।,CodeMix,আজকে কি ক্লাস আছে? I am confused about the schedule।,,
promo,"Purbachal shonglognno Navana'r 3,5 o 10 kathar plot kinun – 01847-214019",Banglish,"Purbachal shonglognno Navana'r 3,5 o 10 kathar plot kinun – [PHONE]",,
normal,আমার house-এর আশেপাশে flowers ফোটে আছে।,CodeMix,আমার house-এর আশেপাশে flowers ফোটে আছে।,,
normal,কালকের training session cancel হয়েছে। নতুন date পরে জানানো হবে। Please inform all teammates।,CodeMix,কালকের training session cancel হয়েছে। নতুন date পরে জানানো হবে। Please inform all teammates।,,
normal,শুভ Bijaya Dashami!,CodeMix,শুভ Bijaya Dashami!,,
normal,০১৮২৭৩৮২৯১৮ এই number-এ urgent money পাঠান।,CodeMix,[PHONE] এই number-এ urgent money পাঠান।,,
promo,GP Music App সাবস্ক্রিপশন মাত্র ২০ টাকা প্রতি সপ্তাহে। আপনার প্রিয় গান শুনুন অফলাইনে। সক্রিয় করতে ডায়াল করুন *121*5*1#।,Bengali,GP Music App সাবস্ক্রিপশন মাত্র ২০ টাকা প্রতি সপ্তাহে। আপনার প্রিয় গান শুনুন অফলাইনে। সক্রিয় করতে ডায়াল করুন *121*5*1#।,,
promo,Bkash shopping cashback: Pay with bkash QR code at any outlet above 500TK and instantly paben 10% cashback up to 100TK. Offer valid only till this Friday.,Banglish,Bkash shopping cashback: Pay with bkash QR code at any outlet above 500TK and instantly paben 10% cashback up to 100TK. Offer valid only till this Friday.,,
promo,Cool সব update miss না করতে এখনই join স্কিটো Telegram: cutt.ly/NwJt7qvx,CodeMix,Cool সব update miss না করতে এখনই join স্কিটো Telegram: cutt.ly/NwJt7qvx,,
promo,একটি large pizza কিনলে একটি free পাবেন। This exclusive offer আমাদের valued customers দের জন্য। Order now!,CodeMix,একটি large pizza কিনলে একটি free পাবেন। This exclusive offer আমাদের valued customers দের জন্য। Order now!,,
promo,"আজ ১৫ মার্চ বিশ্ব ভোক্তা-অধিকার দিবস। দিবসের প্রতিপাদ্য- ‘স্মার্ট বাংলাদেশ গড়ি, ভোক্তার স্বার্থে কৃত্রিম বুদ্ধিমত্তা ব্যবহার করি’। জাতীয় ভোক্তা-অধিকার সংরক্ষণ অধিদপ্তর, বাণিজ্য মন্ত্রণালয়।",Bengali,"আজ ১৫ মার্চ বিশ্ব ভোক্তা-অধিকার দিবস। দিবসের প্রতিপাদ্য- ‘স্মার্ট বাংলাদেশ গড়ি, ভোক্তার স্বার্থে কৃত্রিম বুদ্ধিমত্তা ব্যবহার করি’। জাতীয় ভোক্তা-অধিকার সংরক্ষণ অধিদপ্তর, বাণিজ্য মন্ত্রণালয়।",,
normal,পরশু কি তুমি free থাকবে? We need to meet.,CodeMix,পরশু কি তুমি free থাকবে? We need to meet.,,
promo,"Barir decor item e 20% chhar. Stock shimit, deri korben na.",Banglish,"Barir decor item e 20% chhar. Stock shimit, deri korben na.",,
normal,01729173849 ei number e call korun.,Banglish,[PHONE] ei number e call korun.,,
normal,"Have you read any books before? Yes, I've read many books. What about you?",English,"Have you read any books before? Yes, I've read many books. What about you?",,
normal,Kani school e ajke science fair e participate korse. She ekta chhoto project banai je ta onek lok dekhe admire korse. Teacher bolse next level e participate korte.,Banglish,Kani school e ajke science fair e participate korse. She ekta chhoto project banai je ta onek lok dekhe admire korse. Teacher bolse next level e participate korte.,,
normal,আজ বিকেলে পার্কে হাঁটতে গিয়েছিলাম। ঠাণ্ডা বাতাসে হাঁটা খুবই আরামদায়ক ছিল। অনেকদিন পর ভালো লাগলো।,Bengali,আজ বিকেলে পার্কে হাঁটতে গিয়েছিলাম। ঠাণ্ডা বাতাসে হাঁটা খুবই আরামদায়ক ছিল। অনেকদিন পর ভালো লাগলো।,,
promo,"২০০৳ ক্যাশব্যাক শেষ দিন! ৬১জিবি+১০০০মি@৳৬৯৯,৩০দিন: cutt.ly/OwG5T3ub",Bengali,"২০০৳ ক্যাশব্যাক শেষ দিন! ৬১জিবি+১০০০মি@৳৬৯৯,৩০দিন: cutt.ly/OwG5T3ub",,
promo,Pathao Food exclusive: Ei week er shesh din e order korle flat 25% discount on all partner restaurants. Minimum order 300TK. Promo code: FOOD25. Pathao app diye order din ar moja korun.,Banglish,Pathao Food exclusive: Ei week er shesh din e order korle flat 25% discount on all partner restaurants. Minimum order 300TK. Promo code: FOOD25. Pathao app diye order din ar moja korun.,,
promo,offer er chharachhari! akhuni kinun 20% chhate apnar pochonder poshak. shudhu ajker jonno!,Banglish,offer er chharachhari! akhuni kinun 20% chhate apnar pochonder poshak. shudhu ajker jonno!,,
normal,শুভ অক্টোবর!,Bengali,শুভ অক্টোবর!,,
normal,আজ খুব ঠাণ্ডা হচ্ছে।,Bengali,আজ খুব ঠাণ্ডা হচ্ছে।,,
promo,"Banglalink YouTube Pack: 20GB internet sudhu 249TK, validity 30 days. Dial *222*249# and enjoy unlimited streaming.",Banglish,"Banglalink YouTube Pack: 20GB internet sudhu 249TK, validity 30 days. Dial *222*249# and enjoy unlimited streaming.",,
normal,"দোস্ত, আজ আমার জন্মদিন। সন্ধ্যায় পার্টি আছে। আসবে তো?",Bengali,"দোস্ত, আজ আমার জন্মদিন। সন্ধ্যায় পার্টি আছে। আসবে তো?",,
normal,আজকের plan কি?,CodeMix,আজকের plan কি?,,
promo,"TK 30 cashback! 31GB+450min@TK 469 30 days, নিয়ে নাও: cutt.ly/hwTmxGd8",CodeMix,"TK 30 cashback! 31GB+450min@TK 469 30 days, নিয়ে নাও: cutt.ly/hwTmxGd8",,
normal,Happy New Year!,English,Happy New Year!,,
promo,ফ্রি হোম ডেলিভারি! ৫০০ টাকার উপর সব মেডিসিনে। অনলাইন ফার্মেসি।,Bengali,ফ্রি হোম ডেলিভারি! ৫০০ টাকার উপর সব মেডিসিনে। অনলাইন ফার্মেসি।,,
promo,“05 May Antorjatik Midwife Dibosh. Ebarer protipadya-tothho theke bastobe: shokol midwife ek sathe.”,Banglish,“05 May Antorjatik Midwife Dibosh. Ebarer protipadya-tothho theke bastobe: shokol midwife ek sathe.”,,
promo,Bata footwear clearance sale! Flat 40% discount on men’s and women’s shoes. Eid collection available. Visit any Bata outlet across Bangladesh.,Banglish,Bata footwear clearance sale! Flat 40% discount on men’s and women’s shoes. Eid collection available. Visit any Bata outlet across Bangladesh.,,
promo,"Biman Bangladesh Air: Dhaka to Sylhet round trip only 2999TK. Limited seats, book online now.",Banglish,"Biman Bangladesh Air: Dhaka to Sylhet round trip only 2999TK. Limited seats, book online now.",,
normal,কালকে seminar টা কখন শুরু হবে? Please send the schedule.,CodeMix,কালকে seminar টা কখন শুরু হবে? Please send the schedule.,,
normal,Ajker rastar jam unbearable chhilo. Office pouchote 2 ghonta laglo. Stress full day.,Banglish,Ajker rastar jam unbearable chhilo. Office pouchote 2 ghonta laglo. Stress full day.,,
normal,"আপনার daughter hospital-এ, quickly money পাঠান ০১৮২৮১৭৩৯১২।",CodeMix,"আপনার daughter hospital-এ, quickly money পাঠান [PHONE] ।",,
normal,"Hi Rafiq, কালকের meeting time confirm করেছো কি? আমি planning করতে চাই, so kindly reply as soon as possible।",CodeMix,"Hi Rafiq, কালকের meeting time confirm করেছো কি? আমি planning করতে চাই, so kindly reply as soon as possible।",,
promo,বোনাস সহ ৮জিবি-১২০টাকা-৩০দিন। নিতে ডায়াল *১২১*৫০৭২# বা https://mygp.li/mo,Bengali,বোনাস সহ ৮জিবি-১২০টাকা-৩০দিন। নিতে ডায়াল *১২১*৫০৭২# বা [URL],,
promo,Today's special: 15% discount on all books. Order now without delay.,English,Today's special: 15% discount on all books. Order now without delay.,,
normal,"হাই, কি হচ্ছে?",Bengali,"হাই, কি হচ্ছে?",,
normal,"মা, আমি market থেকে returning, আপনার জন্য কি নিয়ে আসব? Let me know.",CodeMix,"মা, আমি market থেকে returning, আপনার জন্য কি নিয়ে আসব? Let me know.",,
normal,আমি একটি নতুন organization-এর business করতে চাই।,CodeMix,আমি একটি নতুন organization-এর business করতে চাই।,,
normal,"Apnar pawa 5000/- taka, joldi porishodh korun.",Banglish,"Apnar pawa 5000/- taka, joldi porishodh korun.",,
normal,Can you believe it's already December? This year went by so fast.,English,Can you believe it's already December? This year went by so fast.,,
promo,Mega furniture sale! 15-30% discount on all products. Visit today.,English,Mega furniture sale! 15-30% discount on all products. Visit today.,,
normal,তোমার talent সীমাহীন।,CodeMix,তোমার talent সীমাহীন।,,
promo,Citycell recharge করলে ১২% extra bonus পাবেন। Don’t wait!,CodeMix,Citycell recharge করলে ১২% extra bonus পাবেন। Don’t wait!,,
normal,তুমি success এর জন্য ready।,CodeMix,তুমি success এর জন্য ready।,,
promo,ভ্রমণ প্যাকেজে ২০% ছাড়! বুকিং করতে আজই যোগাযোগ করুন।,Bengali,ভ্রমণ প্যাকেজে ২০% ছাড়! বুকিং করতে আজই যোগাযোগ করুন।,,
promo,All week's interneting in 1 deal- get 10GB@TK158: cutt.ly/FwUC6vhp,English,All week's interneting in 1 deal- get 10GB@TK158: cutt.ly/FwUC6vhp,,
normal,কালকে কি আমাদের viva exam আছে? I need to prepare tonight.,CodeMix,কালকে কি আমাদের viva exam আছে? I need to prepare tonight.,,
promo,Robi Music App সাবস্ক্রিপশন ৩০ দিনের জন্য মাত্র ৩৯ টাকা। গান শুনুন সীমাহীন।,Bengali,Robi Music App সাবস্ক্রিপশন ৩০ দিনের জন্য মাত্র ৩৯ টাকা। গান শুনুন সীমাহীন।,,
normal,০১৭২৯১৭৩৮৪৯ এই নাম্বারে কল করুন।,Bengali,[PHONE] এই নাম্বারে কল করুন।,,
normal,Tumi shafollatar jonne toiri.,Banglish,Tumi shafollatar jonne toiri.,,
normal,Hello!,English,Hello!,,
normal,"আপা, রাতের খাবারে কি রান্না করবেন? আমি মাছ কিনে এনেছি।",Bengali,"আপা, রাতের খাবারে কি রান্না করবেন? আমি মাছ কিনে এনেছি।",,
promo,"৳35 cashback-এ এবার আরো বেশি data 50GB@৳463, 30দিন cutt.ly/HwOETkke",CodeMix,"৳35 cashback-এ এবার আরো বেশি data 50GB@৳463, 30দিন cutt.ly/HwOETkke",,
normal,Tumi ki concert এ যাচ্ছো?,CodeMix,Tumi ki concert এ যাচ্ছো?,,
normal,আজ রাতে সবাই মিলে ডিনারের প্ল্যান করেছি। অনেকদিন হলো একসাথে বসে গল্প করা হয়নি। চাইলে তুমিও চলে আসতে পারো।,Bengali,আজ রাতে সবাই মিলে ডিনারের প্ল্যান করেছি। অনেকদিন হলো একসাথে বসে গল্প করা হয়নি। চাইলে তুমিও চলে আসতে পারো।,,
promo,PHP Family restaurant buffet! Unlimited Bengali cuisine 599 TK per person. Book table: 01711223344!,English,PHP Family restaurant buffet! Unlimited Bengali cuisine 599 TK per person. Book table: [PHONE] !,,
normal,"Mama bari giyechilam kalke. Shobai bhalo ache. Ora toke onek miss korche, bollo kobe ashbi abar.",Banglish,"Mama bari giyechilam kalke. Shobai bhalo ache. Ora toke onek miss korche, bollo kobe ashbi abar.",,
normal,"Eid er shopping korbo, tumi o jabe Gausia te?",Banglish,"Eid er shopping korbo, tumi o jabe Gausia te?",,
normal,Are you going by bus?,English,Are you going by bus?,,
normal,Ajkey ami ekta notun restaurant-e jabo.,Banglish,Ajkey ami ekta notun restaurant-e jabo.,,
normal,Aj khub thanda hochche.,Banglish,Aj khub thanda hochche.,,
normal,Are you still working late? Don't forget to have dinner. Take care of your health.,English,Are you still working late? Don't forget to have dinner. Take care of your health.,,
promo,"November-23
Recharge:0TK
Khoroch:
Data:38TK
Voice:57TK
Onnanno:0TK",Banglish,November-23 Recharge:0TK Khoroch: Data:38TK Voice:57TK Onnanno:0TK,,
normal,আমি আমার পরিবারের সঙ্গে একটি নতুন সময় পালন করতে চাই।,Bengali,আমি আমার পরিবারের সঙ্গে একটি নতুন সময় পালন করতে চাই।,,
normal,Merry Christmas!,English,Merry Christmas!,,
promo,Daraz Mall এ শপিং করলে এখনই ২০০ টাকা ডিসকাউন্ট ভাউচার ফ্রি। কেবল নতুন ইউজারদের জন্য প্রযোজ্য।,Bengali,Daraz Mall এ শপিং করলে এখনই ২০০ টাকা ডিসকাউন্ট ভাউচার ফ্রি। কেবল নতুন ইউজারদের জন্য প্রযোজ্য।,,
normal,Send TK 200 to this number via Rocket: 01672582978,English,Send TK 200 to this number via Rocket: [PHONE],,
promo,Bashundhara Paper Mills office supplies sale! All stationery items 25% discount. Bulk orders welcome!,English,Bashundhara Paper Mills office supplies sale! All stationery items 25% discount. Bulk orders welcome!,,
normal,"Tomar age kono boi porecho? Hae, onek boi porchi. Tumi ki?",Banglish,"Tomar age kono boi porecho? Hae, onek boi porchi. Tumi ki?",,
promo,bonus shoho 2GB-35TK-7din. dial *121*5037# ba mygp.li/mo,Banglish,bonus shoho 2GB-35TK-7din. dial *121*5037# ba mygp.li/mo,,
normal,"আমি হলে তো আগে থেকেই সরিয়ে দিতাম... কিন্তু এখন যেটা হচ্ছে, তারা একটু জিদ করছে যে বাইরের থেকে এসে সব নিয়ে নিবে, এটা ঠিক না",Bengali,"আমি হলে তো আগে থেকেই সরিয়ে দিতাম... কিন্তু এখন যেটা হচ্ছে, তারা একটু জিদ করছে যে বাইরের থেকে এসে সব নিয়ে নিবে, এটা ঠিক না",,
normal,০১৬৭২৫৮৩৯৮৭ নাম্বারে টাকা পাঠাও।,Bengali,[PHONE] নাম্বারে টাকা পাঠাও।,,
normal,আপনি কি আগামীকাল meeting এ attend করবেন? Please confirm your availability.,CodeMix,আপনি কি আগামীকাল meeting এ attend করবেন? Please confirm your availability.,,
promo,"Loto li Cooper e
Nogod payment e BMW jetar sujog
Bikash e 10% cashback
Shopr",Banglish,Loto li Cooper e Nogod payment e BMW jetar sujog Bikash e 10% cashback Shopr,,
normal,"Call this number 01873827384, urgent.",English,"Call this number [PHONE] , urgent.",,
normal,"Hi, আমি এখানে।",CodeMix,"Hi, আমি এখানে।",,
normal,কাল রাতে কি করেছো?,Bengali,কাল রাতে কি করেছো?,,
normal,It's raining heavily outside. Better take an umbrella if you're going out.,English,It's raining heavily outside. Better take an umbrella if you're going out.,,
promo,"Get 61GB+1000min@TK 699, 30 days with TK 200 super cashback: cutt.ly/OwG5T3ub",English,"Get 61GB+1000min@TK 699, 30 days with TK 200 super cashback: cutt.ly/OwG5T3ub",,
normal,"তোমারি eyes-ই courtyard-এ, এখনো কি তেমনি করে ছড়ায় light? এখনো কি star-এর দিকে চেয়ে থাকো আন মনে? তুমি কি আমায় আগের মত love করো ভাল?",CodeMix,"তোমারি eyes-ই courtyard-এ, এখনো কি তেমনি করে ছড়ায় light? এখনো কি star-এর দিকে চেয়ে থাকো আন মনে? তুমি কি আমায় আগের মত love করো ভাল?",,
normal,তুমি কি পরিবারের সাথে আছো?,Bengali,তুমি কি পরিবারের সাথে আছো?,,
promo,"ইন্টারনেটিংয়ে পকেট সেভিং, নাও ১০জিবি@৳১৫৮,৭দিন: cutt.ly/FwUC6vhp",Bengali,"ইন্টারনেটিংয়ে পকেট সেভিং, নাও ১০জিবি@৳১৫৮,৭দিন: cutt.ly/FwUC6vhp",,
normal,Are you watching movies?,English,Are you watching movies?,,
promo,"Daraz Fashion Fiesta: T-shirt, saree, and panjabi collection up to 60% discount. Free voucher available in app.",Banglish,"Daraz Fashion Fiesta: T-shirt, saree, and panjabi collection up to 60% discount. Free voucher available in app.",,
promo,Airtel night package! Unlimited internet 12AM to 8AM only 25TK. *121*5#,Banglish,Airtel night package! Unlimited internet 12AM to 8AM only 25TK. *121*5#,,
promo,"Pickaboo electronics festival: Smartphones, laptops massive discounts!",English,"Pickaboo electronics festival: Smartphones, laptops massive discounts!",,
normal,বাড়িতে একটি নতুন গাড়ি আসছে।,Bengali,বাড়িতে একটি নতুন গাড়ি আসছে।,,
normal,"Kosto peyo na, ami tomar sathe achhi.",Banglish,"Kosto peyo na, ami tomar sathe achhi.",,
promo,"৳১০০ ক্যাশব্যাক!৩০জিবি+৫০০মি. @৳৩৯৯,৩০দিন: cutt.ly/AwkY4L2C",Bengali,"৳১০০ ক্যাশব্যাক!৩০জিবি+৫০০মি. @৳৩৯৯,৩০দিন: cutt.ly/AwkY4L2C",,
promo,আজই last day! Bonus সহ 2GB-35টাকা-7দিন। Dial *121*5037# বা mygp.li/mo,CodeMix,আজই last day! Bonus সহ 2GB-35টাকা-7দিন। Dial *121*5037# বা mygp.li/mo,,
normal,"Dukhito, ami meeting e pore phone korbo.",Banglish,"Dukhito, ami meeting e pore phone korbo.",,
promo,"System er unnoyoner jonno 8 May rat 11:59 theke 9 May shokal 6ta porjonto Nagad, Upay, SSL Commerz shoho kichu digital channel diye mobile recharge bondho thakbe. tobe ei shomoy myGP app theke recharge kora jabe.",Banglish,"System er unnoyoner jonno 8 May rat 11:59 theke 9 May shokal 6ta porjonto Nagad, Upay, SSL Commerz shoho kichu digital channel diye mobile recharge bondho thakbe. tobe ei shomoy myGP app theke recharge kora jabe.",,
promo,“১৬১২২ নম্বরে কল করে অথবা land.gov.bd ভিজিট করে ঘরে বসেই ভূমিসেবা গ্রহণ করুন।’’-ভূমি মন্ত্রণালয়।,Bengali,“১৬১২২ নম্বরে কল করে অথবা [URL] ভিজিট করে ঘরে বসেই ভূমিসেবা গ্রহণ করুন।’’-ভূমি মন্ত্রণালয়।,,
normal,"তুমি কি meeting টা advance করতে পারবে? I have another commitment, এক ঘণ্টা early হবে?",CodeMix,"তুমি কি meeting টা advance করতে পারবে? I have another commitment, এক ঘণ্টা early হবে?",,
normal,Aj tomar schooler ki kaj hoyeche?,Banglish,Aj tomar schooler ki kaj hoyeche?,,
normal,"হ্যালো, কেমন আছেন আপনি?",Bengali,"হ্যালো, কেমন আছেন আপনি?",,
normal,Avoid as much as possible the matter that bothers your mind. – [Dr. Bilal Phillips],English,Avoid as much as possible the matter that bothers your mind. – [Dr. Bilal Phillips],,
normal,খালার bill টা দিলে help হইতো দিতে পারতেছিনা একটু help করো খালার bill টা দিয়ে দেই,CodeMix,খালার bill টা দিলে help হইতো দিতে পারতেছিনা একটু help করো খালার bill টা দিয়ে দেই,,
promo,"Buy 1 Get 1 free at Aarong! এই offer টা valid 30th November পর্যন্ত। Don't miss out, সুযোগ হাতছাড়া করবেন না!",CodeMix,"Buy 1 Get 1 free at Aarong! এই offer টা valid 30th November পর্যন্ত। Don't miss out, সুযোগ হাতছাড়া করবেন না!",,
normal,Good luck with your presentation tomorrow. You're well prepared and will definitely impress them.,English,Good luck with your presentation tomorrow. You're well prepared and will definitely impress them.,,
normal,"When you see that your heart is not present during prayer, understand that this is due to weakness of faith. Work hard to strengthen your faith. -[Imam Ibn Qudamah al-Maqdisi (Rah.)]",English,"When you see that your heart is not present during prayer, understand that this is due to weakness of faith. Work hard to strengthen your faith. -[Imam Ibn Qudamah al-Maqdisi (Rah.)]",,
normal,"মামা, Eid gift জন্য কিছু buy করতে হবে। Shall we go together to Jamuna Future Park? Enjoy shopping এবং choose gifts wisely",CodeMix,"মামা, Eid gift জন্য কিছু buy করতে হবে। Shall we go together to Jamuna Future Park? Enjoy shopping এবং choose gifts wisely",,
normal,আমার জন্য কোনো নতুন খবর আছে?,Bengali,আমার জন্য কোনো নতুন খবর আছে?,,
promo,রেটলিস্ট হালনাগাদের জন্য জনমত সংগ্রহ করা হচ্ছে। মতামত প্রদানের জন্য বিটিআরসি’র ওয়েবসাইটের নোটিশ বোর্ড দেখুন (http://www.btrc.gov.bd/)। আপনার মূল্যবান মতামত আমাদের কাছে অত্যন্ত গুরুত্বপূর্ণ।-বিটিআরসি,Bengali,রেটলিস্ট হালনাগাদের জন্য জনমত সংগ্রহ করা হচ্ছে। মতামত প্রদানের জন্য বিটিআরসি’র ওয়েবসাইটের নোটিশ বোর্ড দেখুন [URL] আপনার মূল্যবান মতামত আমাদের কাছে অত্যন্ত গুরুত্বপূর্ণ।-বিটিআরসি,,
promo,"GP new recharge offer: ৫০০ TK এবং ৩ GB extra data। Limited time offer, recharge করুন আজই এবং enjoy full benefits",CodeMix,"GP new recharge offer: ৫০০ TK এবং ৩ GB extra data। Limited time offer, recharge করুন আজই এবং enjoy full benefits",,
promo,"আজ 15 March World Consumer Rights Day। Day-এর theme- 'Smart Bangladesh গড়ি, consumer-এর স্বার্থে artificial intelligence ব্যবহার করি'। National Consumer Rights Protection Department, Commerce Ministry।",CodeMix,"আজ 15 March World Consumer Rights Day। Day-এর theme- 'Smart Bangladesh গড়ি, consumer-এর স্বার্থে artificial intelligence ব্যবহার করি'। National Consumer Rights Protection Department, Commerce Ministry।",,
normal,ব্যায়াম করতে অভ্যাস করতে হবে।,Bengali,ব্যায়াম করতে অভ্যাস করতে হবে।,,
normal,Ami jeno khub dukhito hoichi.,Banglish,Ami jeno khub dukhito hoichi.,,
normal,প্রাণ চলার জন্য আমার favorite place বার্বিকিউট।,CodeMix,প্রাণ চলার জন্য আমার favorite place বার্বিকিউট।,,
normal,"You are not alone, we are by your side.",English,"You are not alone, we are by your side.",,
promo,রেস্তোরাঁয় খাওয়ার উপর ১৫% ছাড়! অফারটি সীমিত সময়ের জন্য। আজই আসুন!,Bengali,রেস্তোরাঁয় খাওয়ার উপর ১৫% ছাড়! অফারটি সীমিত সময়ের জন্য। আজই আসুন!,,
promo,"প্রো-লেভেল ইন্টারনেটিংয়ে পকেট সেভিং- ৩জিবি@৳৯৮,৭ দিন cutt.ly/9wEyjoLc",Bengali,"প্রো-লেভেল ইন্টারনেটিংয়ে পকেট সেভিং- ৩জিবি@৳৯৮,৭ দিন cutt.ly/9wEyjoLc",,
normal,I'm grateful for all the wonderful friendships I've made over the years.,English,I'm grateful for all the wonderful friendships I've made over the years.,,
normal,তুমি কি cafe-তে যাচ্ছো?,CodeMix,তুমি কি cafe-তে যাচ্ছো?,,
normal,Ami je byapar ta onek dukkho peyechi sheta hol bashay thaka.,Banglish,Ami je byapar ta onek dukkho peyechi sheta hol bashay thaka.,,
promo,"টয়োটা গাড়িতে স্পেশাল লোন! কম সুদে, সহজ কিস্তি।",Bengali,"টয়োটা গাড়িতে স্পেশাল লোন! কম সুদে, সহজ কিস্তি।",,
normal,"Ajker class er moddhe group project discussion chilo. Amar group khub active chilo, amra sobai ek sathe valo kach korlam.",Banglish,"Ajker class er moddhe group project discussion chilo. Amar group khub active chilo, amra sobai ek sathe valo kach korlam.",,
promo,আমাদের প্রোডাক্টে ডিসকাউন্ট চলছে। বিস্তারিত জানাতে এই নাম্বারে যোগাযোগ করুন: ০১৭৮৯৬৫৪৩২১।,Bengali,আমাদের প্রোডাক্টে ডিসকাউন্ট চলছে। বিস্তারিত জানাতে এই নাম্বারে যোগাযোগ করুন: [PHONE] ।,,
promo,TK 100 cashback last day! 31GB+450min.@TK399 30 days: cutt.ly/2wQlYv6U,English,TK 100 cashback last day! 31GB+450min.@TK399 30 days: cutt.ly/2wQlYv6U,,
normal,Kalke amader family sobai ek sathe Bashundhara City te shopping korte giyechilam. Onno rokom moja holo. Tore sathe next time plan korte hobe.,Banglish,Kalke amader family sobai ek sathe Bashundhara City te shopping korte giyechilam. Onno rokom moja holo. Tore sathe next time plan korte hobe.,,
normal,শুভ Kolkata-র কল্যাণ fair!,CodeMix,শুভ Kolkata-র কল্যাণ fair!,,
promo,Singer factory outlet! furniture 50% off. Banani showroom!,English,Singer factory outlet! furniture 50% off. Banani showroom!,,
normal,"Hi Arif, library study session কাল হবে। তুমি join করছো কি? Let’s meet around ৬ pm এবং notes share করি",CodeMix,"Hi Arif, library study session কাল হবে। তুমি join করছো কি? Let’s meet around ৬ pm এবং notes share করি",,
promo,"Lee Cooper London এর winter collection - moccasin shoe, polo shirt, jeans - Hurry!",CodeMix,"Lee Cooper London এর winter collection - moccasin shoe, polo shirt, jeans - Hurry!",,
normal,শুভ প্রভাত!,Bengali,শুভ প্রভাত!,,
normal,অফিস থেকে কখন বের হবা? Let's catch up for coffee later।,CodeMix,অফিস থেকে কখন বের হবা? Let's catch up for coffee later।,,
promo,Summer sale: সব shirts এখন ৩০% discount। Online order করুন এখনই এবং free delivery পান।,CodeMix,Summer sale: সব shirts এখন ৩০% discount। Online order করুন এখনই এবং free delivery পান।,,
promo,‘স্মার্ট মোবাইল ফোনে প্রদর্শন করে ই-ড্রাইভিং লাইসেন্স ব্যবহার করা যাবে।’-বিআরটিএ,Bengali,‘স্মার্ট মোবাইল ফোনে প্রদর্শন করে ই-ড্রাইভিং লাইসেন্স ব্যবহার করা যাবে।’-বিআরটিএ,,
normal,01927283987 ei number e rocket e taka pathan.,Banglish,[PHONE] ei number e rocket e taka pathan.,,
normal,আজকে weather কেমন? I think it’s perfect for a picnic।,CodeMix,আজকে weather কেমন? I think it’s perfect for a picnic।,,
normal,"Tui ajke class miss korli, sir blockchain niye boro lecture dilo. Ami sob note korechi, pore tui dekhbi.",Banglish,"Tui ajke class miss korli, sir blockchain niye boro lecture dilo. Ami sob note korechi, pore tui dekhbi.",,
normal,Are you going to the museum?,English,Are you going to the museum?,,
normal,Hard work-ই success এর key।,CodeMix,Hard work-ই success এর key।,,
promo,Toyota Corolla special discount! Save 300000 TK on new purchase. Book test drive: 09639200200,English,Toyota Corolla special discount! Save 300 TK on new purchase. Book test drive: [PHONE],,
promo,Confidence Cement ready-mix concrete! All grades available with on-time delivery. Strong foundations guaranteed!,English,Confidence Cement ready-mix concrete! All grades available with on-time delivery. Strong foundations guaranteed!,,
normal,"কষ্ট পেয়ো না, আমি তোমার সাথে আছি।",Bengali,"কষ্ট পেয়ো না, আমি তোমার সাথে আছি।",,
normal,Ma ekhon kothay? Bazar theke lebu ene deben please.,Banglish,Ma ekhon kothay? Bazar theke lebu ene deben please.,,
normal,"Hi, কি তুমি?",CodeMix,"Hi, কি তুমি?",,
promo,"Pro-level TK55 cashback-e 35GB+500min.@TK444,30din: cutt.ly/XernQ63M",Banglish,"Pro-level TK55 cashback-e 35GB+500min.@TK444,30din: cutt.ly/XernQ63M",,
normal,বাবা আজ home-এর পাশে রয়েছেন।,CodeMix,বাবা আজ home-এর পাশে রয়েছেন।,,
normal,The weather forecast shows rain all week. Good thing we finished the outdoor work yesterday.,English,The weather forecast shows rain all week. Good thing we finished the outdoor work yesterday.,,
promo,Nagad app payment করলে instant cashback পাবেন। Use code: CASHBACK30,CodeMix,Nagad app payment করলে instant cashback পাবেন। Use code: CASHBACK30,,
normal,Onayyoer proti anugatyo shomman er pothe badha hoye darate pare. — Shonggrihito,Banglish,Onayyoer proti anugatyo shomman er pothe badha hoye darate pare. — Shonggrihito,,
normal,কি খবর?,Bengali,কি খবর?,,
promo,Sheikh Hasina Youth Volunteer Award-২০২৪ প্রদানের target-এ ১৮-৪৫ বছরের youth-দের নিকট হতে application আহবান করা হয়েছে। এ বিষয়ে সকল information Youth ও Sports Ministry-র website-এ www.moysports.gov.bd পাওয়া যাবে।,CodeMix,Sheikh Hasina Youth Volunteer Award-২০২৪ প্রদানের target-এ ১৮-৪৫ বছরের youth-দের নিকট হতে application আহবান করা হয়েছে। এ বিষয়ে সকল information Youth ও Sports Ministry-র website-এ [URL] পাওয়া যাবে।,,
normal,"Tomar shamorthyo shimahin, shamne egiye jao.",Banglish,"Tomar shamorthyo shimahin, shamne egiye jao.",,
normal,Ami ajke boro diner por gym e giyechhi. Exercise kora khub hard lagse but abar fresh laglo. Tor sathe next time jabo.,Banglish,Ami ajke boro diner por gym e giyechhi. Exercise kora khub hard lagse but abar fresh laglo. Tor sathe next time jabo.,,
normal,Tumi ki park-e jachcho?,Banglish,Tumi ki park-e jachcho?,,
promo,"Summer collection: সব t-shirts, jeans, এবং shoes ২৫% discount। Shop online অথবা nearest store visit করুন",CodeMix,"Summer collection: সব t-shirts, jeans, এবং shoes ২৫% discount। Shop online অথবা nearest store visit করুন",,
normal,"Hi Rafiq, কালকের meeting time confirm করেছো কি? আমি prepare করতে চাই, so kindly reply as soon as possible",CodeMix,"Hi Rafiq, কালকের meeting time confirm করেছো কি? আমি prepare করতে চাই, so kindly reply as soon as possible",,
normal,01972771714 amar ei nambare taka patha,Banglish,[PHONE] amar ei nambare taka patha,,
normal,আজ bike ride করতে যাই? Weather অনেক সুন্দর। তুমি join করছো কি? Let’s meet at usual spot around ৬:৩০ am,CodeMix,আজ bike ride করতে যাই? Weather অনেক সুন্দর। তুমি join করছো কি? Let’s meet at usual spot around ৬:৩০ am,,
normal,"আজকে road repair করা হচ্ছে, I will be late by 15 minutes.",CodeMix,"আজকে road repair করা হচ্ছে, I will be late by 15 minutes.",,
promo,Daraz Electronics Fair! ল্যাপটপ ও গ্যাজেট কিনলে ৩০% ডিসকাউন্ট।,Bengali,Daraz Electronics Fair! ল্যাপটপ ও গ্যাজেট কিনলে ৩০% ডিসকাউন্ট।,,
normal,01672573879 number-e druto bKash korun.,Banglish,[PHONE] number-e druto bKash korun.,,
normal,Thank you ভাই।,CodeMix,Thank you ভাই।,,
normal,Maa bolse agami shoptaho chhoto dawath hobe bari te. Sobai ke invite korte bolse. Tui jodi free thakish please esho.,Banglish,Maa bolse agami shoptaho chhoto dawath hobe bari te. Sobai ke invite korte bolse. Tui jodi free thakish please esho.,,
normal,"খালা, আজ আপনার ছেলের বিয়ের দাওয়াত। কয়টায় যেতে হবে?",Bengali,"খালা, আজ আপনার ছেলের বিয়ের দাওয়াত। কয়টায় যেতে হবে?",,
promo,"৩৫GB+৮০০min-৬০০TK-৩০days(bonus সহ), dial *১২১*৫২৬২# বা mygp.li/a8",CodeMix,"৩৫GB+৮০০min-৬০০TK-৩০days(bonus সহ), dial *১২১*৫২৬২# বা mygp.li/a8",,
normal,"আমার প্রিয় বন্ধু রাকিব, তোমার বিয়ের দাওয়াত পেয়ে আমি অত্যন্ত আনন্দিত। এতদিন পর তোমার জীবনে এই সুখের দিন আসার জন্য আমি সত্যিই খুশি। কাল রাতে তোমার মা'র সাথে ফোনে কথা হলো, তিনি অনেক উত্সাহিত এবং ব্যস্ত। বিয়ের সব প্রস্তুতি ঠিকঠাক চলছে তো? আমি আগামী বৃহস্পতিবার রাতেই চট্টগ্রাম থেকে চলে যাবো যাতে শুক্রবার সকালে গায়ে হলুদের অনুষ্ঠানে যোগ দিতে পারি। তোমার জন্য বিশেষ গিফট নিয়ে আসছি, খুশি হবে।",Bengali,"আমার প্রিয় বন্ধু রাকিব, তোমার বিয়ের দাওয়াত পেয়ে আমি অত্যন্ত আনন্দিত। এতদিন পর তোমার জীবনে এই সুখের দিন আসার জন্য আমি সত্যিই খুশি। কাল রাতে তোমার মা'র সাথে ফোনে কথা হলো, তিনি অনেক উত্সাহিত এবং ব্যস্ত। বিয়ের সব প্রস্তুতি ঠিকঠাক চলছে তো? আমি আগামী বৃহস্পতিবার রাতেই চট্টগ্রাম থেকে চলে যাবো যাতে শুক্রবার সকালে গায়ে হলুদের অনুষ্ঠানে যোগ দিতে পারি। তোমার জন্য বিশেষ গিফট নিয়ে আসছি, খুশি হবে।",,
normal,Raysha ajke mathay rong tullo diye painting korte bosechilo. Chhoto rongin haat diye o drawing korte giye chhoto mess banai dise. Khub cute laglo.,Banglish,Raysha ajke mathay rong tullo diye painting korte bosechilo. Chhoto rongin haat diye o drawing korte giye chhoto mess banai dise. Khub cute laglo.,,
normal,01729173862 number e rocket e taka pathan.,Banglish,[PHONE] number e rocket e taka pathan.,,
promo,Banglalink Data Pack: 25GB internet + 200 mins calls only 199TK. Dial *222*199# to activate now.,Banglish,Banglalink Data Pack: 25GB internet + 200 mins calls only 199TK. Dial *222*199# to activate now.,,
normal,Morning tea খেয়েছেন কি? I had black coffee আজ।,CodeMix,Morning tea খেয়েছেন কি? I had black coffee আজ।,,
promo,"Invest in 'Navana Highland', a planned city adjacent to Asian Highway in Purbachal. High and red soil. Installment facility available – 01708466471",English,"Invest in 'Navana Highland', a planned city adjacent to Asian Highway in Purbachal. High and red soil. Installment facility available – [PHONE]",,
promo,আপনার favorite brand গুলোর উপর ৩০% পর্যন্ত discount! Offer সীমিত সময়ের জন্য।,CodeMix,আপনার favorite brand গুলোর উপর ৩০% পর্যন্ত discount! Offer সীমিত সময়ের জন্য।,,
normal,tumi ki party te jaccho?,Banglish,tumi ki party te jaccho?,,
normal,০১৯২৭২৮৩৯৮৭ এই number-এ Rocket-এ টাকা send করুন।,CodeMix,[PHONE] এই number-এ Rocket-এ টাকা send করুন।,,
normal,Pran cholar jonno amar priyo jayga barbecue.,Banglish,Pran cholar jonno amar priyo jayga barbecue.,,
normal,Shubho Kolkatar Kolyan Mela!,Banglish,Shubho Kolkatar Kolyan Mela!,,
promo,"৮০মিনিট মাত্র ৫৯টাকা (৫দিন), নিতে ডায়াল করুন *১২১*৪২০৫#",Bengali,"৮০মিনিট মাত্র ৫৯টাকা (৫দিন), নিতে ডায়াল করুন *১২১*৪২০৫#",,
normal,এই যা আমি যে অনেক সময় পেলাম সেটি হল solution এবং মূল্য হল একটি মহান এবং একটি জনপ্রিয়,CodeMix,এই যা আমি যে অনেক সময় পেলাম সেটি হল solution এবং মূল্য হল একটি মহান এবং একটি জনপ্রিয়,,
normal,"তোমার সামর্থ্য সীমাহীন, সামনে এগিয়ে যাও।",Bengali,"তোমার সামর্থ্য সীমাহীন, সামনে এগিয়ে যাও।",,
promo,Bkash QR Festival: Spend minimum 500TK using Bkash QR at selected outlets and instantly paben 15% cashback up to 100TK. Offer valid only this week.,Banglish,Bkash QR Festival: Spend minimum 500TK using Bkash QR at selected outlets and instantly paben 15% cashback up to 100TK. Offer valid only this week.,,
normal,Tumi ekhon busy naki? Ektu kotha ache.,Banglish,Tumi ekhon busy naki? Ektu kotha ache.,,
normal,"You are awesome, নিজের উপর বিশ্বাস রাখো।",CodeMix,"You are awesome, নিজের উপর বিশ্বাস রাখো।",,
normal,আজ Sunday chill করার ইচ্ছে আছে। Movie দেখতে যাবো কি? Weather অনেক সুন্দর,CodeMix,আজ Sunday chill করার ইচ্ছে আছে। Movie দেখতে যাবো কি? Weather অনেক সুন্দর,,
promo,"16122 number e call kore othoba land.gov.bd visit kore ghore bosheie bhumisheba grohon korun.""—Bhumi Montronaloy.""",Banglish,"16122 number e call kore othoba [URL] visit kore ghore bosheie bhumisheba grohon korun.""—Bhumi Montronaloy.""",,
normal,"Everything ঠিক হয়ে যাবে, worry করো না।",CodeMix,"Everything ঠিক হয়ে যাবে, worry করো না।",,
normal,I have a problem.,English,I have a problem.,,
promo,"৳৩০ Cashback-এ pocket saving- ১২GB+২০০min.@৳১৬৯,৭দিন: cutt.ly/Mw59ykAZ",CodeMix,"৳৩০ Cashback-এ pocket saving- ১২GB+২০০min.@৳১৬৯,৭দিন: cutt.ly/Mw59ykAZ",,
normal,আমার এই number-এ call করুন ০১৭২৯১৮২৮৯৩।,CodeMix,আমার এই number-এ call করুন [PHONE] ।,,
promo,Enjoy 100% bonus data with our new weekly plan। Packটি কিনে double data পান same price এ।,CodeMix,Enjoy 100% bonus data with our new weekly plan। Packটি কিনে double data পান same price এ।,,
normal,How far is your home?,English,How far is your home?,,
promo,Meena Bazar weekly discount: Shop groceries worth 2000TK and save 400TK instantly. Use code MB400 at checkout.,Banglish,Meena Bazar weekly discount: Shop groceries worth 2000TK and save 400TK instantly. Use code MB400 at checkout.,,
promo,Evaly September Carnival: Kitchen items and home decor up to 65% discount. Order online and enjoy free delivery. Limited stock.,Banglish,Evaly September Carnival: Kitchen items and home decor up to 65% discount. Order online and enjoy free delivery. Limited stock.,,
normal,Are you going to the meeting?,English,Are you going to the meeting?,,
normal,আমি একটি story পড়তে হবে।,CodeMix,আমি একটি story পড়তে হবে।,,
promo,"Bangladesh Navy-তে direct commissioned officer post-এ recruitment চলছে।
Visit করুনঃ www.joinnavy.navy.mil.bd",CodeMix,Bangladesh Navy-তে direct commissioned officer post-এ recruitment চলছে। Visit করুনঃ [URL],,
normal,Happy wedding anniversary!,English,Happy wedding anniversary!,,
normal,"০১৮২৭২৮৩৮৭৩ এই নাম্বারে কল করুন, জরুরি।",Bengali,"[PHONE] এই নাম্বারে কল করুন, জরুরি।",,
promo,"Ajker offer: shob jewelery-te 15% chhar. Stock shimito, ekhoni kinun!",Banglish,"Ajker offer: shob jewelery-te 15% chhar. Stock shimito, ekhoni kinun!",,
promo,"With TK 35 cashback, now get even more data 50GB@TK 463, 30 days cutt.ly/HwOETkke",English,"With TK 35 cashback, now get even more data 50GB@TK 463, 30 days cutt.ly/HwOETkke",,
normal,Bikele ki korcho?,Banglish,Bikele ki korcho?,,
normal,Tumi ki cafe te jacho?,Banglish,Tumi ki cafe te jacho?,,
normal,"আপনি যদি ইসলামকে চর্চা না করেন, দয়াকরে ইসলাম সম্পর্কে কিছু বলতে আসবেন না! -[ডা: জাকির নায়িক]",Bengali,"আপনি যদি ইসলামকে চর্চা না করেন, দয়াকরে ইসলাম সম্পর্কে কিছু বলতে আসবেন না! -[ডা: জাকির নায়িক]",,
promo,"Koro fullon interneting! Nao 10GB@200TK, 30din: cutt.ly/GwYJBDuV",Banglish,"Koro fullon interneting! Nao 10GB@200TK, 30din: cutt.ly/GwYJBDuV",,
normal,Good morning! The sunrise over Dhanmondi Lake looks absolutely breathtaking today.,English,Good morning! The sunrise over Dhanmondi Lake looks absolutely breathtaking today.,,
normal,Shuprobhat!,Banglish,Shuprobhat!,,
normal,Happy Mother's Day! You're the most wonderful mom anyone could ask for.,English,Happy Mother's Day! You're the most wonderful mom anyone could ask for.,,
normal,আজকে কোনো কাজে যাব না।,Bengali,আজকে কোনো কাজে যাব না।,,
promo,"Let Eid shopping be with Diamond World, enjoy 25% discount on diamond jewelry and attractive gold collection. Visit:qrco.de/beuAOs, 01713199270",English,"Let Eid shopping be with Diamond World, enjoy 25% discount on diamond jewelry and attractive gold collection. Visit:qrco.de/beuAOs, [PHONE]",,
normal,আজ রাতে বন্ধুর সঙ্গে সিনেমা দেখলাম। গল্প দারুণ ছিল।,Bengali,আজ রাতে বন্ধুর সঙ্গে সিনেমা দেখলাম। গল্প দারুণ ছিল।,,
promo,"ঢাকা-মাওয়া এক্সপ্রেসওয়ে সংলগ্ন আবাসিক প্লট কাঠা নিম্ন২লক্ষ
01894939231",Bengali,ঢাকা-মাওয়া এক্সপ্রেসওয়ে সংলগ্ন আবাসিক প্লট কাঠা নিম্ন২লক্ষ [PHONE],,
normal,তোমার কাজ কেমন চলছে?,Bengali,তোমার কাজ কেমন চলছে?,,
promo,"Full-on adda+interneting করতে 61GB+1000min@৳899,30দিন cutt.ly/LwEXIUPL",CodeMix,"Full-on adda+interneting করতে 61GB+1000min@৳899,30দিন cutt.ly/LwEXIUPL",,
promo,"ডাটা মিক্সারে করো পকেট সেভিং, নাও ৬০জিবি@৳৫৬৯, ৩০দিন: cutt.ly/HwQzEu9E",Bengali,"ডাটা মিক্সারে করো পকেট সেভিং, নাও ৬০জিবি@৳৫৬৯, ৩০দিন: cutt.ly/HwQzEu9E",,
promo,"35GB+800min-600Tk-30din(bonus soho), nite *121*5262# othoba mygp.li/a8",Banglish,"35GB+800min-600Tk-30din(bonus soho), nite *121*5262# othoba mygp.li/a8",,
promo,"৪০TK cashback! ৪৬GB @৪৫৮TK, ৩০days, get now: cutt.ly/GwWYCCfJ",CodeMix,"৪০TK cashback! ৪৬GB @৪৫৮TK, ৩০days, get now: cutt.ly/GwWYCCfJ",,
normal,"Hi, kemon katche din ta?",Banglish,"Hi, kemon katche din ta?",,
promo,"শেখ হাসিনা সরকারের সাফল্য:
২০০৬ সালে পল্লী সমাজসেবা কার্যক্রমের আওতায় সুদমুক্ত ক্ষুদ্রঋণ সহায়থা প্রাপ্ত জনগোষ্ঠীর সংখ্যা ছিল ২১ লক্ষ ৭৭ হাজার। বর্তমান সরকারের সময়ে তা দাঁড়িয়েছে ৩৪ লক্ষ ৯০ হাজার।",Bengali,শেখ হাসিনা সরকারের সাফল্য: ২০০৬ সালে পল্লী সমাজসেবা কার্যক্রমের আওতায় সুদমুক্ত ক্ষুদ্রঋণ সহায়থা প্রাপ্ত জনগোষ্ঠীর সংখ্যা ছিল ২১ লক্ষ ৭৭ হাজার। বর্তমান সরকারের সময়ে তা দাঁড়িয়েছে ৩৪ লক্ষ ৯০ হাজার।,,
promo,অনলাইন কোর্সে বিশেষ ছাড়! ওয়েব ডিজাইনে ৭৫% পর্যন্ত কমতি।,Bengali,অনলাইন কোর্সে বিশেষ ছাড়! ওয়েব ডিজাইনে ৭৫% পর্যন্ত কমতি।,,
promo,40TK chill cashback! 35GB+500min@459TK for 30 days: cutt.ly/0wO6Jggn,English,40TK chill cashback! 35GB+500min@459TK for 30 days: cutt.ly/0wO6Jggn,,
promo,Fair and Lovely skin care products 30% off! All cosmetic stores. Additional gift with purchase above 800 TK!,English,Fair and Lovely skin care products 30% off! All cosmetic stores. Additional gift with purchase above 800 TK!,,
promo,"Century in cashback TK 100! 55GB @TK 398, 30 days: cutt.ly/hwltB5hC",English,"Century in cashback TK 100! 55GB @TK 398, 30 days: cutt.ly/hwltB5hC",,
promo,Robi app recharge করলে ১৫% extra credit। Don’t miss out!,CodeMix,Robi app recharge করলে ১৫% extra credit। Don’t miss out!,,
normal,Tomar priyo gaan konti?,Banglish,Tomar priyo gaan konti?,,
promo,হোম অ্যাপ্লায়েন্সে বোনাস অফার! ওয়াশিং মেশিনে EMI সুবিধা।,Bengali,হোম অ্যাপ্লায়েন্সে বোনাস অফার! ওয়াশিং মেশিনে EMI সুবিধা।,,
promo,"Nagad থেকে Grameeenphone-এ ১১৮TK recharge-এ ১১৮TK cashback! ৬ May, afternoon ৩টা-সন্ধ্যা ৭টা, minute-এ ১ম জন। সাথে ৫GB, ৭দিন! Dial *১৬৭#",CodeMix,"Nagad থেকে Grameeenphone-এ ১১৮TK recharge-এ ১১৮TK cashback! ৬ May, afternoon ৩টা-সন্ধ্যা ৭টা, minute-এ ১ম জন। সাথে ৫GB, ৭দিন! Dial *১৬৭#",,
normal,What are you playing?,English,What are you playing?,,
promo,Lotto today only offer on specific products buy 1 get 1 free Shop,English,Lotto today only offer on specific products buy 1 get 1 free Shop,,
normal,I want to start a new job.,English,I want to start a new job.,,
promo,"Pickaboo এ চলছে Mega Sale! সব smartphones এ up to 12% discount. আজই order করুন, stock limited।",CodeMix,"Pickaboo এ চলছে Mega Sale! সব smartphones এ up to 12% discount. আজই order করুন, stock limited।",,
normal,Dinner কোথায় খাবো? I am thinking Chinese বা Bengali food আজ।,CodeMix,Dinner কোথায় খাবো? I am thinking Chinese বা Bengali food আজ।,,
normal,"Shukrobar amar sathe friends picnic e jabe. Food, games ar fun activities plan kora ache.",Banglish,"Shukrobar amar sathe friends picnic e jabe. Food, games ar fun activities plan kora ache.",,
promo,GP Music App-এ এখন প্রথম মাস একেবারে ফ্রি! আপনার প্রিয় প্লেলিস্ট তৈরি করুন আর সীমাহীন গান উপভোগ করুন।,Bengali,GP Music App-এ এখন প্রথম মাস একেবারে ফ্রি! আপনার প্রিয় প্লেলিস্ট তৈরি করুন আর সীমাহীন গান উপভোগ করুন।,,
normal,"রহিম, তোমার book টা কি আমি borrow করতে পারি? I need it for study.",CodeMix,"রহিম, তোমার book টা কি আমি borrow করতে পারি? I need it for study.",,
normal,"ওহ, আমি সিরিজগুলো দেখতে শুরু করেছি, কিন্তু এখন খেলাধুলা আর ঘুরাঘুরি ছাড়া সময় পাচ্ছি না। মি. রোবট সিজন ২ শুরু করেছি, হ্যাকিং নিয়ে, বেশ রিয়েলিস্টিক। তবে কাজের মধ্যে বিরতি দেওয়া কঠিন।",Bengali,"ওহ, আমি সিরিজগুলো দেখতে শুরু করেছি, কিন্তু এখন খেলাধুলা আর ঘুরাঘুরি ছাড়া সময় পাচ্ছি না। মি. রোবট সিজন ২ শুরু করেছি, হ্যাকিং নিয়ে, বেশ রিয়েলিস্টিক। তবে কাজের মধ্যে বিরতি দেওয়া কঠিন।",,
promo,Gentle Park shopping mall grand opening! 70% discounts on everything!,English,Gentle Park shopping mall grand opening! 70% discounts on everything!,,
normal,শুভ জন্মদিন!,Bengali,শুভ জন্মদিন!,,
promo,Bata footwear Eid clearance: 50% discount men’s and women’s shoes er upor. Fashion accessories o available. Visit nearest Bata store to grab your pair.,Banglish,Bata footwear Eid clearance: 50% discount men’s and women’s shoes er upor. Fashion accessories o available. Visit nearest Bata store to grab your pair.,,
promo,City Group clothing special offer! 30% off + gift. Order online!,English,City Group clothing special offer! 30% off + gift. Order online!,,
normal,What is your favorite festival?,English,What is your favorite festival?,,
normal,আজ সকালে হালকা ব্যায়াম করলাম। শরীরটা ফ্রেশ লাগছে। প্রতিদিন নিয়মিত করলে আরও ভালো লাগবে।,Bengali,আজ সকালে হালকা ব্যায়াম করলাম। শরীরটা ফ্রেশ লাগছে। প্রতিদিন নিয়মিত করলে আরও ভালো লাগবে।,,
promo,"শেখ হাসিনা সরকারের সাফল্য:
২০০৮ সালে এক এমবিপিএস ইন্টারনেট ব্যান্ডউদথের মূল্য ছিল ২৭ হাজার টাকা বর্তমানে একদেশ একরেটের আওতায় তা ৬০ টাকায় নির্ধারিত হয়েছে।",Bengali,শেখ হাসিনা সরকারের সাফল্য: ২০০৮ সালে এক এমবিপিএস ইন্টারনেট ব্যান্ডউদথের মূল্য ছিল ২৭ হাজার টাকা বর্তমানে একদেশ একরেটের আওতায় তা ৬০ টাকায় নির্ধারিত হয়েছে।,,
promo,Best offer! Bonus সহ 5GB-৫০টাকা-3দিন। Dial *১২১*৫৬৫০# বা mygp.li/my,CodeMix,Best offer! Bonus সহ 5GB-৫০টাকা-3দিন। Dial *১২১*৫৬৫০# বা mygp.li/my,,
normal,সকালে bus-এ ভিড় লাগছে।,CodeMix,সকালে bus-এ ভিড় লাগছে।,,
normal,Nomoskar!,Banglish,Nomoskar!,,
promo,"Double century cashback ৳২০০!61GB+1000min@ ৳৬৯৯, 30দিন cutt.ly/FwQhpKHc",CodeMix,"Double century cashback ৳২০০!61GB+1000min@ ৳৬৯৯, 30দিন cutt.ly/FwQhpKHc",,
promo,"আজকের অফার: সব জুয়েলারিতে ১৫% ছাড়। স্টক সীমিত, এখনই কিনুন!",Bengali,"আজকের অফার: সব জুয়েলারিতে ১৫% ছাড়। স্টক সীমিত, এখনই কিনুন!",,
normal,"Your payment is pending, send money to 01728273819.",English,"Your payment is pending, send money to [PHONE] .",,
promo,রেটলিস্ট হালনাগাদের জন্য জনমত সংগ্রহ করা হচ্ছে। মতামত প্রদানের জন্য বিটিআরসি’র ওয়েবসাইটের নোটিশ বোর্ড দেখুন (http://www.btrc.gov.bd/)। আপনার মূল্যবান মতামত আমাদের কাছে অত্যন্ত গুরুত্বপূর্ণ।-বিটিআরসি ,Bengali,রেটলিস্ট হালনাগাদের জন্য জনমত সংগ্রহ করা হচ্ছে। মতামত প্রদানের জন্য বিটিআরসি’র ওয়েবসাইটের নোটিশ বোর্ড দেখুন [URL] আপনার মূল্যবান মতামত আমাদের কাছে অত্যন্ত গুরুত্বপূর্ণ।-বিটিআরসি,,
promo,Bashundhara Group shopping festival! All retail outlets 50% discount weekend. Shop till you drop!,English,Bashundhara Group shopping festival! All retail outlets 50% discount weekend. Shop till you drop!,,
promo,"Cashback এ century TK100! 55GB @TK398,30 দিন: cutt.ly/hwltB5hC",CodeMix,"Cashback এ century TK100! 55GB @TK398,30 দিন: cutt.ly/hwltB5hC",,
promo,বোনাস সহ ৩জিবি-৬০টাকা-৩দিন। ডায়াল *১২১*৫৬৯৯# বা https://mygp.li/mo,Bengali,বোনাস সহ ৩জিবি-৬০টাকা-৩দিন। ডায়াল *১২১*৫৬৯৯# বা [URL],,
normal,কাল বিকেলে শাহবাগে বইমেলা ঘুরতে যাবো। তুমি কি সাথে যেতে পারবে?,Bengali,কাল বিকেলে শাহবাগে বইমেলা ঘুরতে যাবো। তুমি কি সাথে যেতে পারবে?,,
promo,"Buy 3, 5 and 10 katha plots of Navana adjacent to Purbachal – 01847-214019",English,"Buy 3, 5 and 10 katha plots of Navana adjacent to Purbachal – [PHONE]",,
normal,Shubho jonmodin!,Banglish,Shubho jonmodin!,,
normal,Hope you're recovering well from the surgery. Take plenty of rest and don't worry about anything else.,English,Hope you're recovering well from the surgery. Take plenty of rest and don't worry about anything else.,,
promo,Richman ice cream factory outlet: Premium ice cream 40% off!,English,Richman ice cream factory outlet: Premium ice cream 40% off!,,
normal,I want to read a Bengali short story.,English,I want to read a Bengali short story.,,
promo,আজ ও কাল Men's World-এ flat ৫০% discount cutt.ly/fmw,CodeMix,আজ ও কাল Men's World-এ flat ৫০% discount cutt.ly/fmw,,
normal,"Hi, how are you?",English,"Hi, how are you?",,
promo,Filled ongoing plots adjacent to Purbachal 30th sector! 1.6 lakh per katha 01894841736,English,Filled ongoing plots adjacent to Purbachal 30th sector! 1.6 lakh per katha [PHONE],,
promo,"TK 419 for TK 499 offer! Get 35GB + 500 MB, 30 days: cutt.ly/4w77ohWY",English,"TK 419 for TK 499 offer! Get 35GB + 500 MB, 30 days: cutt.ly/4w77ohWY",,
normal,Shubho Lokkhmi Puja!,Banglish,Shubho Lokkhmi Puja!,,
promo,"Internetting-য়ে pocket saving, নাও ১০জিবি@৳১৫৮,৭দিন: cutt.ly/FwUC6vhp",CodeMix,"Internetting-য়ে pocket saving, নাও ১০জিবি@৳১৫৮,৭দিন: cutt.ly/FwUC6vhp",,
promo,"Do full internet! Take 10GB@200TK, 30 days: cutt.ly/GwYJBDuV",English,"Do full internet! Take 10GB@200TK, 30 days: cutt.ly/GwYJBDuV",,
normal,"আব্বু, আজ বৃষ্টি হচ্ছে। আপনি ছাতা নিয়ে বের হবেন।",Bengali,"আব্বু, আজ বৃষ্টি হচ্ছে। আপনি ছাতা নিয়ে বের হবেন।",,
normal,তুমি কি নতুন গানটা শুনেছো? আরিফের গলায় দারুণ লাগছে। গানটা একেবারে বারবার শোনা যায়। কালকে কফিশপে গিয়ে শুনেছিলাম।,Bengali,তুমি কি নতুন গানটা শুনেছো? আরিফের গলায় দারুণ লাগছে। গানটা একেবারে বারবার শোনা যায়। কালকে কফিশপে গিয়ে শুনেছিলাম।,,
promo,"November-২৩
Recharge:0৳
Cost:
Data:38৳
Voice:57৳
Others:0৳",CodeMix,November-২৩ Recharge:0৳ Cost: Data:38৳ Voice:57৳ Others:0৳,,
promo,"40 TK cashback! 46GB @ 458 TK, 30 দিন – grab now: cutt.ly/GwWYCCfJ",CodeMix,"40 TK cashback! 46GB @ 458 TK, 30 দিন – grab now: cutt.ly/GwWYCCfJ",,
normal,Shoptahante bondhur shonge picnic-e jabo.,Banglish,Shoptahante bondhur shonge picnic-e jabo.,,
promo,"data mixer e koro pocket saving, nao 60GB@TK569, 30din: cutt.ly/HwQzEu9E",Banglish,"data mixer e koro pocket saving, nao 60GB@TK569, 30din: cutt.ly/HwQzEu9E",,
normal,বই পড়ার পরিবার নির্মাণের জন্য সময় দিতে চাই।,Bengali,বই পড়ার পরিবার নির্মাণের জন্য সময় দিতে চাই।,,
normal,Thanks for helping me with the assignment yesterday. I really appreciate it!,English,Thanks for helping me with the assignment yesterday. I really appreciate it!,,
normal,Kalke adda korte bosle shobai plan korchilo Cox’s Bazar e jabar. Tumi ki ashte parba? Hotel booking korte hole age theke decide korte hobe.,Banglish,Kalke adda korte bosle shobai plan korchilo Cox’s Bazar e jabar. Tumi ki ashte parba? Hotel booking korte hole age theke decide korte hobe.,,
promo,"২০০৳ ক্যাশব্যাক শেষ দিন,নাও ৬১জিবি+১০০০মি@৳৬৯৯,৩০দিন: cutt.ly/FwQhpKHc",Bengali,"২০০৳ ক্যাশব্যাক শেষ দিন,নাও ৬১জিবি+১০০০মি@৳৬৯৯,৩০দিন: cutt.ly/FwQhpKHc",,
normal,What will you eat? Meat curry is being cooked today. You?,English,What will you eat? Meat curry is being cooked today. You?,,
normal,A new car is coming to the house.,English,A new car is coming to the house.,,
normal,Are you going to the city?,English,Are you going to the city?,,
normal,"কষ্ট পেয়ো না, সব ঠিক হয়ে যাবে।",Bengali,"কষ্ট পেয়ো না, সব ঠিক হয়ে যাবে।",,
normal,আমি যেন your কাছে কিছু বলতে পারি।,CodeMix,আমি যেন your কাছে কিছু বলতে পারি।,,
normal,Tomar din kemon geche?,Banglish,Tomar din kemon geche?,,
promo,"Internetkine-e pocket saving, nao 10GB@TK158,7din: cutt.ly/FwUC6vhp",Banglish,"Internetkine-e pocket saving, nao 10GB@TK158,7din: cutt.ly/FwUC6vhp",,
promo,"১২৫৳ ক্যাশব্যাকে সেরা অফার ৬১জিবি+১০০০মি@৳৭৭৪, ৩০দিন: cutt.ly/8wBQC0MC",Bengali,"১২৫৳ ক্যাশব্যাকে সেরা অফার ৬১জিবি+১০০০মি@৳৭৭৪, ৩০দিন: cutt.ly/8wBQC0MC",,
promo,"“Mugda, Sabujbagh, Shahjahanpur, Khilgaon, Rampura, Motijheel, Paltan, Badda, Hatirjheel থানার e-passport service আগামী ০৭ May ২০২৩ থেকে regional passport office, Dhaka East (Aftabnagar) থেকে দেওয়া হবে""।",CodeMix,"“Mugda, Sabujbagh, Shahjahanpur, Khilgaon, Rampura, Motijheel, Paltan, Badda, Hatirjheel থানার e-passport service আগামী ০৭ May ২০২৩ থেকে regional passport office, Dhaka East (Aftabnagar) থেকে দেওয়া হবে""।",,
normal,takaTa bikash ba rocket e diben number 017291828181,Banglish,takaTa bikash ba rocket e diben number [PHONE],,
promo,"Sheikh Hasina government's success: In 2006, allocation for social security sector was only 2 thousand 505 crore taka. In 2023, it has increased to 1 lakh 26 thousand 272 crore taka.",English,"Sheikh Hasina government's success: In 2006, allocation for social security sector was only 2 thousand 505 crore taka. In 2023, it has increased to 1 lakh 26 thousand 272 crore taka.",,
normal,"Ajker din ta pura chill, internet e browsing ar music sunte sunte time katlo.",Banglish,"Ajker din ta pura chill, internet e browsing ar music sunte sunte time katlo.",,
normal,"তোমার আগে কোনো বই পড়েছি? হ্যাঁ, অনেক বই পড়েছি। তুমি কি?",Bengali,"তোমার আগে কোনো বই পড়েছি? হ্যাঁ, অনেক বই পড়েছি। তুমি কি?",,
normal,তোমার talent অসাধারণ।,CodeMix,তোমার talent অসাধারণ।,,
promo,Bonus সহ ২GB-৪৫TK-৩দিন। Dial *১২১*৫৫৩৪# বা mygp.li/my,CodeMix,Bonus সহ ২GB-৪৫TK-৩দিন। Dial *১২১*৫৫৩৪# বা mygp.li/my,,
normal,"Hi Shumi, তুমি কেমন আছো? আজকে coffee খেতে আসো না? অনেক কিছু catch up করতে হবে, time fix করি",CodeMix,"Hi Shumi, তুমি কেমন আছো? আজকে coffee খেতে আসো না? অনেক কিছু catch up করতে হবে, time fix করি",,
promo,"Robi recharge ৫০০ TK এবং ৮০ TK bonus পান। Offer valid first ১০০০ users only, hurry up and claim today",CodeMix,"Robi recharge ৫০০ TK এবং ৮০ TK bonus পান। Offer valid first ১০০০ users only, hurry up and claim today",,
promo,"Today's offer: 15% off on all jewelry. Limited stock, buy now!",English,"Today's offer: 15% off on all jewelry. Limited stock, buy now!",,
promo,"150TK cashback-e shera offer 61GB+1000min@ 749TK, 30din: cutt.ly/NwYKElsc",Banglish,"150TK cashback-e shera offer 61GB+1000min@ 749TK, 30din: cutt.ly/NwYKElsc",,
normal,"বন্ধু, তোমার নতুন চাকরি কেমন লাগছে? বস ভালো তো?",Bengali,"বন্ধু, তোমার নতুন চাকরি কেমন লাগছে? বস ভালো তো?",,
normal,কি খুব ভালো question!,CodeMix,কি খুব ভালো question!,,
normal,"You are very strong, keep courage.",English,"You are very strong, keep courage.",,
promo,"TK100 cashback-e 31GB+450min.@TK399,30din, niye nao: cutt.ly/2wQlYv6U",Banglish,"TK100 cashback-e 31GB+450min.@TK399,30din, niye nao: cutt.ly/2wQlYv6U",,
normal,০১৯৭২৭৭১৭১৪ আমার এই নাম্বারে টাকা পাঠা,Bengali,[PHONE] আমার এই নাম্বারে টাকা পাঠা,,
normal,"Kalke amader family dinner chilo, sobai ek sathe boshe boro table e khawa dawa kore onek moja korlam. Maa, baba, ar chhoto ra sobai present chhilo. Old memories gulo abar mone holo.",Banglish,"Kalke amader family dinner chilo, sobai ek sathe boshe boro table e khawa dawa kore onek moja korlam. Maa, baba, ar chhoto ra sobai present chhilo. Old memories gulo abar mone holo.",,
normal,"খালু, আপনার ছেলে কেমন আছে? পড়াশুনা ভালো চলছে?",Bengali,"খালু, আপনার ছেলে কেমন আছে? পড়াশুনা ভালো চলছে?",,
promo,"5 June World Environment Day 2023। এ বছরের theme: Plastic pollution solution-এ participate করি সকলে। এ বছরের slogan: সবাই মিলে করি promise, বন্ধ হবে plastic pollution - Environment, Forest ও Climate Change Ministry।",CodeMix,"5 June World Environment Day 2023। এ বছরের theme: Plastic pollution solution-এ participate করি সকলে। এ বছরের slogan: সবাই মিলে করি promise, বন্ধ হবে plastic pollution - Environment, Forest ও Climate Change Ministry।",,
normal,The homemade pizza last night was incredible! Perfect crust and toppings. You should teach cooking classes!,English,The homemade pizza last night was incredible! Perfect crust and toppings. You should teach cooking classes!,,
normal,Greetings!,English,Greetings!,,
promo,ঈদ উপলক্ষে দারাজে huge sale চলছে! Get up to 70% off on electronics and fashion। এখনই shop করুন!,CodeMix,ঈদ উপলক্ষে দারাজে huge sale চলছে! Get up to 70% off on electronics and fashion। এখনই shop করুন!,,
promo,New Balance shoes up to 60% off at Bata stores nationwide!,English,New Balance shoes up to 60% off at Bata stores nationwide!,,
promo,New Year উপলক্ষে Daraz এ huge sale! Get up to 90% off on electronics and fashion। এখনই shop করুন!,CodeMix,New Year উপলক্ষে Daraz এ huge sale! Get up to 90% off on electronics and fashion। এখনই shop করুন!,,
normal,তুমি কি রবিবার ফ্রি আছো? আমরা কনসার্টে যাচ্ছি। চাইলে তুমি আসো।,Bengali,তুমি কি রবিবার ফ্রি আছো? আমরা কনসার্টে যাচ্ছি। চাইলে তুমি আসো।,,
promo,April-e 5GB data use kore May mash-e pabe lowest call rate- cutt.ly/0AA4sic,Banglish,April-e 5GB data use kore May mash-e pabe lowest call rate- cutt.ly/0AA4sic,,
normal,তুমি কি রবিবার সকালে সময় পাবে? আমরা সবাই ঠিক করেছি মিরপুর বোটানিক্যাল গার্ডেনে ঘুরতে যাবো। চাইলে তুমি আমাদের সাথে যোগ দিতে পারো।,Bengali,তুমি কি রবিবার সকালে সময় পাবে? আমরা সবাই ঠিক করেছি মিরপুর বোটানিক্যাল গার্ডেনে ঘুরতে যাবো। চাইলে তুমি আমাদের সাথে যোগ দিতে পারো।,,
promo,"২০০৳ সুপার ক্যাশব্যাকে নাও ৬১জিবি+১০০০মি@৳৬৯৯,৩০দিন: cutt.ly/OwG5T3ub",Bengali,"২০০৳ সুপার ক্যাশব্যাকে নাও ৬১জিবি+১০০০মি@৳৬৯৯,৩০দিন: cutt.ly/OwG5T3ub",,
normal,Happy Valentine's Day!,English,Happy Valentine's Day!,,
promo,Daraz Fashion-এ আজ সব কাপড়ে ২০% ছাড়। কোড: STYLE20 ব্যবহার করুন।,Bengali,Daraz Fashion-এ আজ সব কাপড়ে ২০% ছাড়। কোড: STYLE20 ব্যবহার করুন।,,
normal,Ami ekta notun protishthaner shommelon korte chai.,Banglish,Ami ekta notun protishthaner shommelon korte chai.,,
normal,Good morning! How did your job interview go yesterday?,English,Good morning! How did your job interview go yesterday?,,
normal,আমি এই বছরে অনেক বই পড়তে চাই।,Bengali,আমি এই বছরে অনেক বই পড়তে চাই।,,
normal,"প্রিয় customer আপনার কাছে Palli Bidyut Jamalpur branch-এর পাওনা রয়েছে ৫০৩৮/- টাকা, জলদি পাওনা payment না করলে electricity line disconnect করা হবে।",CodeMix,"প্রিয় customer আপনার কাছে Palli Bidyut Jamalpur branch-এর পাওনা রয়েছে ৫০৩৮/- টাকা, জলদি পাওনা payment না করলে electricity line disconnect করা হবে।",,
normal,I am going to the market in the morning.,English,I am going to the market in the morning.,,
normal,"Ajker din ta khub interesting chilo. Class e group presentation chilo, amar team bhalo kore dilo. Sir onek appreciate korse. Amar mone holo amar confidence barche aste aste. Tui ki ajke kono interesting class attend korso?",Banglish,"Ajker din ta khub interesting chilo. Class e group presentation chilo, amar team bhalo kore dilo. Sir onek appreciate korse. Amar mone holo amar confidence barche aste aste. Tui ki ajke kono interesting class attend korso?",,
normal,What I got a lot of time is the solution and the value is a great and a popular,English,What I got a lot of time is the solution and the value is a great and a popular,,
promo,"Double century cashback ৳200!61GB+1000min@৳699, 30দিন cutt.ly/FwQhpKHc",CodeMix,"Double century cashback ৳200!61GB+1000min@৳699, 30দিন cutt.ly/FwQhpKHc",,
normal,Reminder: Our cousin's wedding is next week. Have you bought the gift yet?,English,Reminder: Our cousin's wedding is next week. Have you bought the gift yet?,,
normal,আমাদের কলেজে আগামী সপ্তাহে সাংস্কৃতিক অনুষ্ঠান হবে। তুমি আসবে তো?,Bengali,আমাদের কলেজে আগামী সপ্তাহে সাংস্কৃতিক অনুষ্ঠান হবে। তুমি আসবে তো?,,
promo,Flat 10% discount storewide. Code: FLAT10. Online only.,English,Flat 10% discount storewide. Code: FLAT10. Online only.,,
promo,GP STAR গ্রাহকদের জন্য ১০০০ টাকা শপিং ভাউচার ফ্রি! জানতে *121*888# ডায়াল করুন।,Bengali,GP STAR গ্রাহকদের জন্য ১০০০ টাকা শপিং ভাউচার ফ্রি! জানতে *121*888# ডায়াল করুন।,,
normal,"Dear customer, your electricity bill is due 3045/- taka, please pay soon.",English,"Dear customer, your electricity bill is due 3045/- taka, please pay soon.",,
promo,"Burger Lab Dhaka: Double cheese burger + fries combo only 299TK. Order via Foodpanda, free delivery for Gulshan.",Banglish,"Burger Lab Dhaka: Double cheese burger + fries combo only 299TK. Order via Foodpanda, free delivery for Gulshan.",,
normal,প্রাণ চলার জন্য আমার প্রিয় জায়গা বার্বিকিউট।,Bengali,প্রাণ চলার জন্য আমার প্রিয় জায়গা বার্বিকিউট।,,
promo,"Pro-level chatting+interneting-10GB+250min@TK258, 30days cutt.ly/wwCctHGF",English,"Pro-level chatting+interneting-10GB+250min@TK258, 30days cutt.ly/wwCctHGF",,
normal,"Don’t be upset, I am here for you.",English,"Don’t be upset, I am here for you.",,
promo,৭৯ paisa per minute ১৫ days duration-এর call rate offer-টি নিতে ১১৯ TK recharge করুন। ,CodeMix,৭৯ paisa per minute ১৫ days duration-এর call rate offer-টি নিতে ১১৯ TK recharge করুন।,,
normal,Tell a story. Just once.,English,Tell a story. Just once.,,
normal,"Priyo shikkharthi, apnar tuition fee aj porjonto 22,900.00 taka baki achhe. (purber late fine o bakya soho) cholti masher tuition fee (jorimana chara) 20 September, 2024 modhhe porishodh korun. Bistrito https://student.ulab.edu.bd/ login korun. (ULAB)",Banglish,"Priyo shikkharthi, apnar tuition fee aj porjonto 22,900.00 taka baki achhe. (purber late fine o bakya soho) cholti masher tuition fee (jorimana chara) 20 September, 2024 modhhe porishodh korun. Bistrito [URL] login korun. (ULAB)",,
promo,"১৮ May International Museum Day। এবারের theme : ""Museum, sustainability and prosperity""। এ উপলক্ষে Bangladesh National Museum এর day-long আয়োজনে আপনি স্বাগত।",CodeMix,"১৮ May International Museum Day। এবারের theme : ""Museum, sustainability and prosperity""। এ উপলক্ষে Bangladesh National Museum এর day-long আয়োজনে আপনি স্বাগত।",,
normal,"বেশি চিন্তা করব না, সব ঠিক হবে।",Bengali,"বেশি চিন্তা করব না, সব ঠিক হবে।",,
normal,How are you friends?,English,How are you friends?,,
promo,Pathao Food: Order now and get 40% discount with free delivery!,English,Pathao Food: Order now and get 40% discount with free delivery!,,
normal,আজকে কি পড়ছো?,Bengali,আজকে কি পড়ছো?,,
promo,"399T te 499T er offer! Nao 31GB+450min.,30din: cutt.ly/2wQlYv6U",Banglish,"399T te 499T er offer! Nao 31GB+450min.,30din: cutt.ly/2wQlYv6U",,
normal, সেই ব্যক্তিই অভিশপ্ত যে মরে যায় অথচ তার খারাপ কাজগুলো পৃথিবীতে রয়ে যায়। — [আবু বকর (রাদিয়াল্লাহু আনহু)],Bengali,সেই ব্যক্তিই অভিশপ্ত যে মরে যায় অথচ তার খারাপ কাজগুলো পৃথিবীতে রয়ে যায়। — [আবু বকর (রাদিয়াল্লাহু আনহু)],,
normal,"আপা, আজ রান্না কি? আমি একটু দেরি করে আসবো।",Bengali,"আপা, আজ রান্না কি? আমি একটু দেরি করে আসবো।",,
normal,"কাল রাতে নতুন সিনেমাটা দেখলাম। গল্পটা দারুণ ছিল, একেবারে মন ছুঁয়ে গেছে। আবার দেখতে ইচ্ছে করছে।",Bengali,"কাল রাতে নতুন সিনেমাটা দেখলাম। গল্পটা দারুণ ছিল, একেবারে মন ছুঁয়ে গেছে। আবার দেখতে ইচ্ছে করছে।",,
normal,"Hi Shumi, তুমি কেমন আছো? আজকে coffee খেতে আসো না? আমাদের অনেক কথা catch up করতে হবে।",CodeMix,"Hi Shumi, তুমি কেমন আছো? আজকে coffee খেতে আসো না? আমাদের অনেক কথা catch up করতে হবে।",,
normal,কি খুব ভালো প্রশ্ন!,Bengali,কি খুব ভালো প্রশ্ন!,,
promo,amader product-e discount cholche. bistarito jante ei namber-e jogajog korun: 01789654321.,Banglish,amader product-e discount cholche. bistarito jante ei namber-e jogajog korun: [PHONE] .,,
promo,টেলিটক নতুন সিম! প্রথম রিচার্জে বোনাস ১০০% পর্যন্ত। কাছের রিটেইলার থেকে নিন।,Bengali,টেলিটক নতুন সিম! প্রথম রিচার্জে বোনাস ১০০% পর্যন্ত। কাছের রিটেইলার থেকে নিন।,,
normal,Happy November!,English,Happy November!,,
normal,Hey! What's up? অনেকদিন পর তোমার সাথে কথা হলো।,CodeMix,Hey! What's up? অনেকদিন পর তোমার সাথে কথা হলো।,,
normal,"দাদা, আজ আবহাওয়া খুব খারাপ। বের হওয়ার দরকার নেই।",Bengali,"দাদা, আজ আবহাওয়া খুব খারাপ। বের হওয়ার দরকার নেই।",,
promo,September-২৩ recharge:50৳ খরচ: data:168৳ voice:119৳ অন্যান্য:0৳,CodeMix,September-২৩ recharge:50৳ খরচ: data:168৳ voice:119৳ অন্যান্য:0৳,,
promo,"Robi ৫০০ TK recharge করুন এবং ১০০ TK extra bonus পান। Offer valid until ১০ Sep 2025, hurry up, first ৫০০ users only!",CodeMix,"Robi ৫০০ TK recharge করুন এবং ১০০ TK extra bonus পান। Offer valid until ১০ Sep 2025, hurry up, first ৫০০ users only!",,
normal,কি খবর তোমার?,Bengali,কি খবর তোমার?,,
normal,"Your package delivery will be today, call 01987654321 for more info.",English,"Your package delivery will be today, call [PHONE] for more info.",,
promo,Nagad app এর মাধ্যমে payment করলে cashback ১৫%। Use code: NAGAD15,CodeMix,Nagad app এর মাধ্যমে payment করলে cashback ১৫%। Use code: NAGAD15,,
promo,"মোবাইল রিচার্জে বোনাস! যত রিচার্জ তত বোনাস, সর্বোচ্চ ৫০০ টাকা।",Bengali,"মোবাইল রিচার্জে বোনাস! যত রিচার্জ তত বোনাস, সর্বোচ্চ ৫০০ টাকা।",,
normal,"Everything will be alright, be patient.",English,"Everything will be alright, be patient.",,
normal,আজ বিকেলে পার্কে হাঁটতে গিয়েছিলাম। বাতাসে হাঁটা খুব আরামদায়ক ছিল।,Bengali,আজ বিকেলে পার্কে হাঁটতে গিয়েছিলাম। বাতাসে হাঁটা খুব আরামদায়ক ছিল।,,
normal,আজকে dinner এ কি রান্না করবে?,CodeMix,আজকে dinner এ কি রান্না করবে?,,
normal,শুভ Kartik Purnima!,CodeMix,শুভ Kartik Purnima!,,
normal,What will we do tomorrow?,English,What will we do tomorrow?,,
promo,100৳ cashback শেষ day! 31GB+450min.@ 399৳ 30দিন: cutt.ly/2wQlYv6U,CodeMix,100৳ cashback শেষ day! 31GB+450min.@ 399৳ 30দিন: cutt.ly/2wQlYv6U,,
normal,আমাকে জরুরি কল দিন ০১৭২৪৮৩৯৮৫৬ এই নাম্বারে।,Bengali,আমাকে জরুরি কল দিন [PHONE] এই নাম্বারে।,,
promo,Up to 25% discount on home appliances! Take the opportunity before the offer ends.,English,Up to 25% discount on home appliances! Take the opportunity before the offer ends.,,
normal,Birds sing in the trees.,English,Birds sing in the trees.,,
normal,আমি একটি বিশেষ লোক হিসাবে পরিচিত করে এটি একটি মহান এবং ব্যাপারটির মধ্যে একটি সাথে একটি সমাধান দেওয়া হয়।,Bengali,আমি একটি বিশেষ লোক হিসাবে পরিচিত করে এটি একটি মহান এবং ব্যাপারটির মধ্যে একটি সাথে একটি সমাধান দেওয়া হয়।,,
promo,30GB (bonus soho) 300Tk 30din. Dial *121*5254# or mygp.li/mo,Banglish,30GB (bonus soho) 300Tk 30din. Dial *121*5254# or mygp.li/mo,,
normal,You can create polls in the messenger group. Isn't everyone in that group?,English,You can create polls in the messenger group. Isn't everyone in that group?,,
promo,"Call 16122 or visit land.gov.bd to get land services from home. -Ministry of Land.""",English,"Call 16122 or visit [URL] to get land services from home. -Ministry of Land.""",,
normal,আজকে বাসে বসে বই পড়ছিলাম। ভীষণ ভালো লাগছিলো।,Bengali,আজকে বাসে বসে বই পড়ছিলাম। ভীষণ ভালো লাগছিলো।,,
normal,পরশু কি free থাকবে? I want to meet you.,CodeMix,পরশু কি free থাকবে? I want to meet you.,,
promo,"১৮ মে আন্তর্জাতিক জাদুঘর দিবস। এবারের প্রতিপাদ্য : ""জাদুঘর, স্থায়িত্ব ও সমৃদ্ধি ""। এ উপলক্ষ্যে বাংলাদেশ জাতীয় জাদুঘরের দিনব্যাপী আয়োজনে আপনি সাদরে আমন্ত্রিত। ",Bengali,"১৮ মে আন্তর্জাতিক জাদুঘর দিবস। এবারের প্রতিপাদ্য : ""জাদুঘর, স্থায়িত্ব ও সমৃদ্ধি ""। এ উপলক্ষ্যে বাংলাদেশ জাতীয় জাদুঘরের দিনব্যাপী আয়োজনে আপনি সাদরে আমন্ত্রিত।",,
normal,Online e nirbachon kibhabe kora jabe,Banglish,Online e nirbachon kibhabe kora jabe,,
normal,কি খাবে আজ? Fish curry। তুমি কি prefer করো?,CodeMix,কি খাবে আজ? Fish curry। তুমি কি prefer করো?,,
promo,Airtel users get 15GB data + unlimited calls for 299TK. Dial *121*4040#,English,Airtel users get 15GB data + unlimited calls for 299TK. Dial *121*4040#,,
promo,শপে বিশেষ ছাড়! জুতা ও ব্যাগে ৪০% পর্যন্ত কমতি। সীমিত সময়।,Bengali,শপে বিশেষ ছাড়! জুতা ও ব্যাগে ৪০% পর্যন্ত কমতি। সীমিত সময়।,,
normal,Good morning! Hope you slept well after yesterday's long journey. Rest today and recover your energy.,English,Good morning! Hope you slept well after yesterday's long journey. Rest today and recover your energy.,,
promo,"DBBL কার্ডে শপিং করলে ১০% ক্যাশব্যাক, সর্বোচ্চ ৫০০ টাকা পর্যন্ত। অফার বৈধ এই মাসের শেষ পর্যন্ত।",Bengali,"DBBL কার্ডে শপিং করলে ১০% ক্যাশব্যাক, সর্বোচ্চ ৫০০ টাকা পর্যন্ত। অফার বৈধ এই মাসের শেষ পর্যন্ত।",,
normal,Apni ki korte paren?,Banglish,Apni ki korte paren?,,
promo,<#> আপনার মাইজিপি পিন (code) হচ্ছে: 4283. ভেরিফাই করতে এই পিনটি ব্যবহার করুন. অপব্যবহার ঠেকাতে এই পিনটি ফরওয়ার্ড অথবা কারো সাথে শেয়ার করবেন না FyXTPoy9ZDa,Bengali,<#> আপনার মাইজিপি পিন (code) হচ্ছে: 4283. ভেরিফাই করতে এই পিনটি ব্যবহার করুন. অপব্যবহার ঠেকাতে এই পিনটি ফরওয়ার্ড অথবা কারো সাথে শেয়ার করবেন না FyXTPoy9ZDa,,
promo,বাংলাদেশ বিমান বাহিনীতে ৮৯ বাফা কোর্সে অফিসার ক্যাডেট নিয়োগ চলছে। বিস্তারিতঃ https://joinairforce.baf.mil.bd,Bengali,বাংলাদেশ বিমান বাহিনীতে ৮৯ বাফা কোর্সে অফিসার ক্যাডেট নিয়োগ চলছে। বিস্তারিতঃ [URL],,
promo,MensWorld এখন নবরুপে Bashundhara City Apparel Zone-এ। Level-৮ ০১৮৯৬০০১৯০৩,CodeMix,MensWorld এখন নবরুপে Bashundhara City Apparel Zone-এ। Level- [PHONE],,
promo,"Robi recharge ২০০ TK এবং ৬০ TK bonus। Offer valid first ১০০০ users only, hurry up and claim today",CodeMix,"Robi recharge ২০০ TK এবং ৬০ TK bonus। Offer valid first ১০০০ users only, hurry up and claim today",,
normal,When can you come? I am by your side.,English,When can you come? I am by your side.,,
promo,"মহান বিজয় দিবসে সবাইকে জানাই শুভেচ্ছা।  
দিলীপ কুমার আগরওয়ালা",Bengali,মহান বিজয় দিবসে সবাইকে জানাই শুভেচ্ছা। দিলীপ কুমার আগরওয়ালা,,
promo,Dutch-Bangla loan special! Up to 8 lakh at 12% interest. Apply now!,English,Dutch-Bangla loan special! Up to 8 lakh at 12% interest. Apply now!,,
normal,শুভ নববর্ষ!,Bengali,শুভ নববর্ষ!,,
normal,আজকে বাসে এক ঘন্টা দেরি হলো। ঢাকা শহরের জ্যামের কোনো সমাধান নেই।,Bengali,আজকে বাসে এক ঘন্টা দেরি হলো। ঢাকা শহরের জ্যামের কোনো সমাধান নেই।,,
normal,শুভ Lakshmi Puja!,CodeMix,শুভ Lakshmi Puja!,,
promo,Shohoz Food অর্ডার করুন আর কোড: YUMMY25 ব্যবহার করে ২৫% ছাড় পান। সর্বোচ্চ ছাড় ২০০ টাকা পর্যন্ত। আজই বন্ধুদের সাথে আড্ডার জন্য অর্ডার দিন।,Bengali,Shohoz Food অর্ডার করুন আর কোড: YUMMY25 ব্যবহার করে ২৫% ছাড় পান। সর্বোচ্চ ছাড় ২০০ টাকা পর্যন্ত। আজই বন্ধুদের সাথে আড্ডার জন্য অর্ডার দিন।,,
normal,Tomar posha prani kemon ache?,Banglish,Tomar posha prani kemon ache?,,
promo,"সর্বকালের সর্বশ্রেষ্ঠ বাঙালি জাতির পিতা বঙ্গবন্ধু শেখ মুজিবুর রহমান এর ৪৭তম শাহাদত বার্ষিকীতে বিনম্র শ্রদ্ধা""-ডাক ও টেলিযোগাযোগ বিভাগ।",Bengali,"সর্বকালের সর্বশ্রেষ্ঠ বাঙালি জাতির পিতা বঙ্গবন্ধু শেখ মুজিবুর রহমান এর ৪৭তম শাহাদত বার্ষিকীতে বিনম্র শ্রদ্ধা""-ডাক ও টেলিযোগাযোগ বিভাগ।",,
promo,"Golden Harvest agro products fair! Seeds, fertilizers, tools 15% discount. Boost your harvest!",English,"Golden Harvest agro products fair! Seeds, fertilizers, tools 15% discount. Boost your harvest!",,
normal,"ধৈর্য ধরো, সব ঠিক হয়ে যাবে।",Bengali,"ধৈর্য ধরো, সব ঠিক হয়ে যাবে।",,
normal,বিকেলে কি করছো?,Bengali,বিকেলে কি করছো?,,
promo,DBBL online banking payment করুন এবং exclusive loyalty points পান। Register now এবং future bills এ redeem করুন,CodeMix,DBBL online banking payment করুন এবং exclusive loyalty points পান। Register now এবং future bills এ redeem করুন,,
promo,"Data mixer-এ করো pocket saving, নাও ৬০GB@ ৳৫৬৯,৩০দিন: cutt.ly/HwQzEu9E",CodeMix,"Data mixer-এ করো pocket saving, নাও ৬০GB@ ৳৫৬৯,৩০দিন: cutt.ly/HwQzEu9E",,
promo,GP internet pack আজ থেকে limited time offer। Activate করুন এখনই!,CodeMix,GP internet pack আজ থেকে limited time offer। Activate করুন এখনই!,,
normal,"০১৮২৭২৮৩৮৯২ এই নাম্বারে কল করুন, জরুরি।",Bengali,"[PHONE] এই নাম্বারে কল করুন, জরুরি।",,
promo,Othoba Furniture Fest: Sofa set up to 40% discount. Free delivery in Dhaka city. Shop othoba.com now.,Banglish,Othoba Furniture Fest: Sofa set up to 40% discount. Free delivery in Dhaka city. Shop [URL] now.,,
normal,Ami sokale ekta coffee kheyechi.,Banglish,Ami sokale ekta coffee kheyechi.,,
promo,"৳৮০ ক্যাশব্যাকে বেশি বেশি ডাটা ৩০জিবি@৳৩১৯, ৩০দিন cutt.ly/aw59tNYD",Bengali,"৳৮০ ক্যাশব্যাকে বেশি বেশি ডাটা ৩০জিবি@৳৩১৯, ৩০দিন cutt.ly/aw59tNYD",,
promo,Pathao Food: 200TK order e 50TK off. Code use korun: FOOD50,Banglish,Pathao Food: 200TK order e 50TK off. Code use korun: FOOD50,,
normal,আজ বিকেলে এক কাপ কফি খেতে খেতে পুরোনো দিনের কথা মনে পড়ছিলো। স্কুল জীবনের আড্ডাগুলো ভীষণ মিস করছি।,Bengali,আজ বিকেলে এক কাপ কফি খেতে খেতে পুরোনো দিনের কথা মনে পড়ছিলো। স্কুল জীবনের আড্ডাগুলো ভীষণ মিস করছি।,,
normal,তুমি কি swimming করছো?,CodeMix,তুমি কি swimming করছো?,,
normal,Raysha আজ play করবে garden এ। Want to join with us?,CodeMix,Raysha আজ play করবে garden এ। Want to join with us?,,
normal,Tomar protibha shimaheen.,Banglish,Tomar protibha shimaheen.,,
promo,GP App দিয়ে প্রথমবার রিচার্জ করলে ২০ টাকা বোনাস।,Bengali,GP App দিয়ে প্রথমবার রিচার্জ করলে ২০ টাকা বোনাস।,,
normal,তুমি কি work finished? I need help with task.,CodeMix,তুমি কি work finished? I need help with task.,,
normal,Thanks for taking care of the plants while I was away. They look healthier than before!,English,Thanks for taking care of the plants while I was away. They look healthier than before!,,
normal,আজ দুপুরে বাজারে গেলাম। সবজির দাম অনেক বেড়ে গেছে।,Bengali,আজ দুপুরে বাজারে গেলাম। সবজির দাম অনেক বেড়ে গেছে।,,
normal,সকালে হাঁটতে যাবে?,Bengali,সকালে হাঁটতে যাবে?,,
normal,তোমার প্রিয় খাবার কি?,Bengali,তোমার প্রিয় খাবার কি?,,
normal,"Good luck with your driving test tomorrow! You've practiced enough, you'll do great.",English,"Good luck with your driving test tomorrow! You've practiced enough, you'll do great.",,
normal,"বন্ধু, Sunday picnic এর জন্য plan ঠিক করেছো কি? আমরা early morning বের হব, Let’s discuss route এবং food arrangement",CodeMix,"বন্ধু, Sunday picnic এর জন্য plan ঠিক করেছো কি? আমরা early morning বের হব, Let’s discuss route এবং food arrangement",,
promo,"25 TK cashback! Now get more data – 50GB @ 473 TK, 30 days: cutt.ly/zwTmxzpd",CodeMix,"25 TK cashback! Now get more data – 50GB @ 473 TK, 30 days: cutt.ly/zwTmxzpd",,
normal,"Hello, kemon achen?",Banglish,"Hello, kemon achen?",,
promo,Daraz Mall-এ শপিং করলে ২০০ টাকা ডিসকাউন্ট ভাউচার ফ্রি। নতুন ইউজারদের জন্য।,Bengali,Daraz Mall-এ শপিং করলে ২০০ টাকা ডিসকাউন্ট ভাউচার ফ্রি। নতুন ইউজারদের জন্য।,,
promo,"Ajkerdeal mega sale: Electronics, clothing, home items up to 80% off!",English,"Ajkerdeal mega sale: Electronics, clothing, home items up to 80% off!",,
normal,Shuvo Bijoya Doshomi!,Banglish,Shuvo Bijoya Doshomi!,,
normal,tomar kaj kemon cholche?,Banglish,tomar kaj kemon cholche?,,
promo,"সিস্টেমের development এর জন্য ৮মে রাত ১১:৫৯ থেকে ৯মে সকাল ৬টা পর্যন্ত নগদ,উপায়,এসএসএল কমার্স সহ কিছু digital channel দিয়ে মোবাইল recharge বন্ধ থাকবে। তবে এই সময় মাইজিপি app থেকে recharge করা যাবে।",CodeMix,"সিস্টেমের development এর জন্য ৮মে রাত ১১:৫৯ থেকে ৯মে সকাল ৬টা পর্যন্ত নগদ,উপায়,এসএসএল কমার্স সহ কিছু digital channel দিয়ে মোবাইল recharge বন্ধ থাকবে। তবে এই সময় মাইজিপি app থেকে recharge করা যাবে।",,
promo,"27minute matro 19taka, meyad 5din; nite dial korun *121*5080#",Banglish,"27minute matro 19taka, meyad 5din; nite dial korun *121*5080#",,
promo,"Chaldal app festival: Order groceries worth 700TK and enjoy free delivery across Dhaka. Plus, paben 10% cashback using Bkash. Offer valid ajker din porjonto.",Banglish,"Chaldal app festival: Order groceries worth 700TK and enjoy free delivery across Dhaka. Plus, paben 10% cashback using Bkash. Offer valid ajker din porjonto.",,
normal,"০১৮৭৩৮২৭৩৮৪ এই number-এ call করুন, urgent।",CodeMix,"[PHONE] এই number-এ call করুন, urgent।",,
promo,"১৬১২২ numberএ call করে অথবা land.gov.bd visit করে ঘরে বসেই landservice গ্রহণ করুন।''-Land মন্ত্রণালয়।""",CodeMix,"১৬১২২ numberএ call করে অথবা [URL] visit করে ঘরে বসেই landservice গ্রহণ করুন।''-Land মন্ত্রণালয়।""",,
normal,তোমার দিন কেমন গেছে?,Bengali,তোমার দিন কেমন গেছে?,,
promo,"গহনায় বিশাল ছাড়! স্বর্ণ, রূপায় ২০% পর্যন্ত কমতি।",Bengali,"গহনায় বিশাল ছাড়! স্বর্ণ, রূপায় ২০% পর্যন্ত কমতি।",,
normal,Going on a picnic with friends this weekend.,English,Going on a picnic with friends this weekend.,,
normal,"আমি হলে তো আগে থেকেই remove করে দিতাম... কিন্তু এখন যেটা happening, তারা একটু stubborn যে outside থেকে এসে সব নিয়ে নিবে, এটা right না",CodeMix,"আমি হলে তো আগে থেকেই remove করে দিতাম... কিন্তু এখন যেটা happening, তারা একটু stubborn যে outside থেকে এসে সব নিয়ে নিবে, এটা right না",,
normal,Barite ekta notun gari ashche.,Banglish,Barite ekta notun gari ashche.,,
normal,"আপনার পেমেন্ট বাকি ৮০০/- টাকা, দ্রুত পরিশোধ করুন।",Bengali,"আপনার পেমেন্ট বাকি ৮০০/- টাকা, দ্রুত পরিশোধ করুন।",,
normal,"আপা, তোমার pen drive টা দিতে পারবে? আমার presentation save করতে হবে।",CodeMix,"আপা, তোমার pen drive টা দিতে পারবে? আমার presentation save করতে হবে।",,
promo,"আজই শেষ দিন! ৪০জিবি(বোনাসসহ)৫০০টাকা ৩০দিন।ডায়াল *১২১*৫০৪৯#, mygp.li/mo",Bengali,"আজই শেষ দিন! ৪০জিবি(বোনাসসহ)৫০০টাকা ৩০দিন।ডায়াল *১২১*৫০৪৯#, mygp.li/mo",,
normal,আমি wrong মনে হয় এবং আমি এটি solve করতে চাই।,CodeMix,আমি wrong মনে হয় এবং আমি এটি solve করতে চাই।,,
normal,"Mom, I'll be late for dinner tonight. Meeting is running longer than expected.",English,"Mom, I'll be late for dinner tonight. Meeting is running longer than expected.",,
promo,"17 May Bishho Telijogajog o Tothyo Shongho Dibosh, 2023 er protipadyo bishoy Tothyo o jogajog projuktir unnoti Sholponnoto deshosomuher khomotayon -Dak o Telijogajog Bibhag.",Banglish,"17 May Bishho Telijogajog o Tothyo Shongho Dibosh, 2023 er protipadyo bishoy Tothyo o jogajog projuktir unnoti Sholponnoto deshosomuher khomotayon -Dak o Telijogajog Bibhag.",,
promo,"Square Toiletries beauty products sale! All skincare items 35% off. Look beautiful, feel confident!",English,"Square Toiletries beauty products sale! All skincare items 35% off. Look beautiful, feel confident!",,
normal,আপনি কী করছেন?,Bengali,আপনি কী করছেন?,,
normal,আজকে অফিসে প্রচুর কাজ ছিল। বস বারবার রিপোর্ট চাইছিলেন। তবে টিমওয়ার্ক ভালো হওয়ায় শেষ করতে পেরেছি।,Bengali,আজকে অফিসে প্রচুর কাজ ছিল। বস বারবার রিপোর্ট চাইছিলেন। তবে টিমওয়ার্ক ভালো হওয়ায় শেষ করতে পেরেছি।,,
promo,City Bank app payment করুন এবং instant cashback ৫% পান। Download করুন app এখনই এবং enjoy secure online transactions।,CodeMix,City Bank app payment করুন এবং instant cashback ৫% পান। Download করুন app এখনই এবং enjoy secure online transactions।,,
promo,Banglalink music pack 49TK te unlimited gaan shunben. Dial *222*8#,Banglish,Banglalink music pack 49TK te unlimited gaan shunben. Dial *222*8#,,
promo,"Fresh Valley dairy products! Pure milk, butter, cheese home delivery. Order: 01711334455 for freshness!",English,"Fresh Valley dairy products! Pure milk, butter, cheese home delivery. Order: [PHONE] for freshness!",,
normal,তুমি কখন আসতে পারবো? আমি আপনার পাশে রয়েছি।,Bengali,তুমি কখন আসতে পারবো? আমি আপনার পাশে রয়েছি।,,
normal,"Ami thik achi, apni kemon achen?",Banglish,"Ami thik achi, apni kemon achen?",,
promo,"Pocket saving for full interneting, get 2GB@TK69, 7 days- cutt.ly/CwUPKGTR",English,"Pocket saving for full interneting, get 2GB@TK69, 7 days- cutt.ly/CwUPKGTR",,
normal,এই journey-র জন্য বাড়িতে আসতে চাই।,CodeMix,এই journey-র জন্য বাড়িতে আসতে চাই।,,
normal,Send TK 500 to Rocket at this number 01827281739.,English,Send TK 500 to Rocket at this number [PHONE] .,,
normal,০১৮২৭২৮৩৭৪৭ numberএ bKash করুন।,CodeMix,[PHONE] numberএ bKash করুন।,,
promo,Banglalink Music App সাবস্ক্রিপশন এখন মাত্র ১৫ টাকা প্রতি সপ্তাহে। সক্রিয় করতে *5000# ডায়াল করুন।,Bengali,Banglalink Music App সাবস্ক্রিপশন এখন মাত্র ১৫ টাকা প্রতি সপ্তাহে। সক্রিয় করতে *5000# ডায়াল করুন।,,
normal,Good luck with your exam tomorrow! You've studied hard and I'm confident you'll do excellently.,English,Good luck with your exam tomorrow! You've studied hard and I'm confident you'll do excellently.,,
promo,"System upgrade-এর জন্য ৩ October রাত ১২:০১minute থেকে সকাল ৮টা পর্যন্ত,Skitto SIM-র সকল service বন্ধ থাকবে। Details: cutt.ly/TwvBT4wH",CodeMix,"System upgrade-এর জন্য ৩ October রাত ১২:০১minute থেকে সকাল ৮টা পর্যন্ত,Skitto SIM-র সকল service বন্ধ থাকবে। Details: cutt.ly/TwvBT4wH",,
normal,"০১৮৭৩৮২৭৩৮৪ এই নাম্বারে কল করুন, জরুরি।",Bengali,"[PHONE] এই নাম্বারে কল করুন, জরুরি।",,
promo,Shohoz Bike rides: First 5 rides 40% discount new users jonne. Promo code BIKE40. Offer till 25th Sept.,Banglish,Shohoz Bike rides: First 5 rides 40% discount new users jonne. Promo code BIKE40. Offer till 25th Sept.,,
promo,GP 4G Swap Offer: Swap your SIM to 4G and get 10GB internet free instantly.,Banglish,GP 4G Swap Offer: Swap your SIM to 4G and get 10GB internet free instantly.,,
promo,"Golden Harvest food products fair! Rice, oil, spices 22% discount. Quality nutrition for families!",English,"Golden Harvest food products fair! Rice, oil, spices 22% discount. Quality nutrition for families!",,
promo,BRAC Bank credit card holders জন্য special cashback ১০% on electronics items। Apply করুন এখনই এবং instant reward points পান।,CodeMix,BRAC Bank credit card holders জন্য special cashback ১০% on electronics items। Apply করুন এখনই এবং instant reward points পান।,,
normal,Congratulations on completing your PhD! Dr. Rahman sounds perfect. So proud of your academic achievement!,English,Congratulations on completing your PhD! Dr. Rahman sounds perfect. So proud of your academic achievement!,,
normal,Are you going to the beach?,English,Are you going to the beach?,,
normal,House-এ একটি নতুন car আসছে।,CodeMix,House-এ একটি নতুন car আসছে।,,
promo,"Hotshot cashback ২০TK! Hotspot deal ২২GB@১৭৭TK, ৭days: cutt.ly/pw746B4G",CodeMix,"Hotshot cashback ২০TK! Hotspot deal ২২GB@১৭৭TK, ৭days: cutt.ly/pw746B4G",,
normal,How is your day?,English,How is your day?,,
normal,বাবা আজ বাড়ির পাশে রয়েছেন।,Bengali,বাবা আজ বাড়ির পাশে রয়েছেন।,,
promo,Eid উপলক্ষে Daraz এ huge sale! Get up to 70% off on electronics and fashion। এখনই shop করুন!,CodeMix,Eid উপলক্ষে Daraz এ huge sale! Get up to 70% off on electronics and fashion। এখনই shop করুন!,,
normal,"Hi Rumi, coffee খেতে আসছো আজ? Weather খুব nice, এবং অনেক gossip আছে।",CodeMix,"Hi Rumi, coffee খেতে আসছো আজ? Weather খুব nice, এবং অনেক gossip আছে।",,
normal,Assalamu Alaikum।,CodeMix,Assalamu Alaikum।,,
normal,"আমি ভালো আছি, আপনি কেমন আছেন?",Bengali,"আমি ভালো আছি, আপনি কেমন আছেন?",,
normal,Are you going to the garden?,English,Are you going to the garden?,,
normal,"Call this number 01827283873, urgent.",English,"Call this number [PHONE] , urgent.",,
promo,Robi গ্রাহকরা মাসিক ইন্টারনেট প্যাক কিনলে পাচ্ছেন অতিরিক্ত ৫ জিবি ফ্রি। সক্রিয় করতে *123*599#।,Bengali,Robi গ্রাহকরা মাসিক ইন্টারনেট প্যাক কিনলে পাচ্ছেন অতিরিক্ত ৫ জিবি ফ্রি। সক্রিয় করতে *123*599#।,,
normal,তুমি কি খেলাধুলা করছো?,Bengali,তুমি কি খেলাধুলা করছো?,,
promo,Bonus with 8GB-120TK-30 days. Dial *121*5072# or [https://mygp.li/mo](https://mygp.li/mo),English,Bonus with 8GB-120TK-30 days. Dial *121*5072# or [ [URL],,
promo,"Sheikh Hasina Government's Success:
On the instruction of Hon'ble Prime Minister Sheikh Hasina, the government has built houses with land for 13 lakh homeless families so far. As a result, the fate of about 50 lakh helpless people has changed.",English,"Sheikh Hasina Government's Success: On the instruction of Hon'ble Prime Minister Sheikh Hasina, the government has built houses with land for 13 lakh homeless families so far. As a result, the fate of about 50 lakh helpless people has changed.",,
normal,Ki khabe? Aj mangshor ranna hocche. Tumi?,Banglish,Ki khabe? Aj mangshor ranna hocche. Tumi?,,
normal,There are flowers blooming around my house.,English,There are flowers blooming around my house.,,
normal,"Inaya ajke notun ekta poem shikhlo, 'Twinkle Twinkle' abar abar geye amader bore kore dilo. Tobe maja laglo dekhe she ekhon English shikheche bhalo vabe.",Banglish,"Inaya ajke notun ekta poem shikhlo, 'Twinkle Twinkle' abar abar geye amader bore kore dilo. Tobe maja laglo dekhe she ekhon English shikheche bhalo vabe.",,
normal,০১৭২৮২৯১৭৬৫ এই নাম্বারে রকেটে ৫০০ টাকা দাও।,Bengali,[PHONE] এই নাম্বারে রকেটে ৫০০ টাকা দাও।,,
normal,আমি কাল রাতের খেলা দেখিনি। তুমি কি বলতে পারো কারা জিতেছে?,Bengali,আমি কাল রাতের খেলা দেখিনি। তুমি কি বলতে পারো কারা জিতেছে?,,
normal,সবচেয়ে সুন্দর পারবারিক কাজের জন্য আমি সময় দিতে চাই।,Bengali,সবচেয়ে সুন্দর পারবারিক কাজের জন্য আমি সময় দিতে চাই।,,
normal,"Takar kotha bolle i she uthe chole jay, ami or kache 3 lakh taka pai",Banglish,"Takar kotha bolle i she uthe chole jay, ami or kache 3 lakh taka pai",,
normal,01729172949 ei number e rocket e taka pathan.,Banglish,[PHONE] ei number e rocket e taka pathan.,,
promo,Aj o kal Mens World er shob shakhay flat 50% discount cutt.ly/fmw,Banglish,Aj o kal Mens World er shob shakhay flat 50% discount cutt.ly/fmw,,
normal,"Hya, amader shomoy lagchhilo",Banglish,"Hya, amader shomoy lagchhilo",,
promo,ইলেকট্রনিক্স পণ্যে মেগা সেল! সব পণ্যে ১০-৫০% ছাড়। আজই ভিজিট করুন।,Bengali,ইলেকট্রনিক্স পণ্যে মেগা সেল! সব পণ্যে ১০-৫০% ছাড়। আজই ভিজিট করুন।,,
promo,Shohoz Parcel: First 2 parcels up to 3kg free delivery. Promo code FREE2. Offer valid till month end.,Banglish,Shohoz Parcel: First 2 parcels up to 3kg free delivery. Promo code FREE2. Offer valid till month end.,,
normal,01927382894 number-এ call করুন।,CodeMix,[PHONE] number-এ call করুন।,,
normal,কেমন কাটছে দিনটা?,Bengali,কেমন কাটছে দিনটা?,,
promo,Walton refrigerator 50% discount! Only 3 days left. Visit showroom or call 16263.,Banglish,Walton refrigerator 50% discount! Only 3 days left. Visit showroom or call 16263.,,
normal,কি খাবে? আজ মাংসের রান্না হচ্ছে। তুমি?,Bengali,কি খাবে? আজ মাংসের রান্না হচ্ছে। তুমি?,,
normal,আমার কি করতে হবে বলো।,Bengali,আমার কি করতে হবে বলো।,,
normal,Apni kemon achen?,Banglish,Apni kemon achen?,,
normal,Call this number 01927289372.,English,Call this number [PHONE] .,,
normal,আমরা শুক্রবার গ্রামের বাড়ি যাচ্ছি। চাইলে তুমি আমাদের সাথে যেতে পারো।,Bengali,আমরা শুক্রবার গ্রামের বাড়ি যাচ্ছি। চাইলে তুমি আমাদের সাথে যেতে পারো।,,
normal,"Raysha painting korte giye floor e mess kore dile, kintu she khub cute lagse. Sobai hashilo.",Banglish,"Raysha painting korte giye floor e mess kore dile, kintu she khub cute lagse. Sobai hashilo.",,
normal,আমি আমার pair এর জন্য না।,CodeMix,আমি আমার pair এর জন্য না।,,
promo,Big Sale: Beximco fashion এ ৩৫% discount। Shop করুন online এখনই!,CodeMix,Big Sale: Beximco fashion এ ৩৫% discount। Shop করুন online এখনই!,,
promo,"200 TK cashback e shreshtho offer 61GB+1000min@699TK, 30din: cutt.ly/FwQhpKHc",Banglish,"200 TK cashback e shreshtho offer 61GB+1000min@699TK, 30din: cutt.ly/FwQhpKHc",,
promo,"স্মার্টফোনে মেগা ডিসকাউন্ট! Samsung, Xiaomi এ ২৫০০০ টাকা পর্যন্ত ছাড়।",Bengali,"স্মার্টফোনে মেগা ডিসকাউন্ট! Samsung, Xiaomi এ ২৫০০০ টাকা পর্যন্ত ছাড়।",,
normal,"ভাই, তুমি কি কালকে college যাবে? Let's go together, আমার class আছে।",CodeMix,"ভাই, তুমি কি কালকে college যাবে? Let's go together, আমার class আছে।",,
normal,তোমার সাথে দেখা করতে চাই। Can we meet on Saturday?,CodeMix,তোমার সাথে দেখা করতে চাই। Can we meet on Saturday?,,
normal,Thanks for being such a reliable friend through good times and bad. Your friendship means everything!,English,Thanks for being such a reliable friend through good times and bad. Your friendship means everything!,,
promo,GP Gamer Pack: 200 diamonds Free Fire top-up with only 199TK recharge. Dial *121*199# to activate now.,Banglish,GP Gamer Pack: 200 diamonds Free Fire top-up with only 199TK recharge. Dial *121*199# to activate now.,,
promo,"Lee Cooper-এ সকল shirt, jeans, gabardine flat 50% discount শপ্র",CodeMix,"Lee Cooper-এ সকল shirt, jeans, gabardine flat 50% discount শপ্র",,
normal,"বোন, আগামীকাল তোমার সাথে শপিং করতে যাবো। তৈরি থেকো।",Bengali,"বোন, আগামীকাল তোমার সাথে শপিং করতে যাবো। তৈরি থেকো।",,
promo,"এপ্রিল-২৪
রিচার্জ:0৳
খরচ:
ডেটা:19৳
ভয়েস:66৳
অন্যান্য:0৳",Bengali,এপ্রিল-২৪ রিচার্জ:0৳ খরচ: ডেটা:19৳ ভয়েস:66৳ অন্যান্য:0৳,,
promo,Ifad Autos Suzuki car fair! All models 10% discount with 5 year warranty. Test drive available!,English,Ifad Autos Suzuki car fair! All models 10% discount with 5 year warranty. Test drive available!,,
promo,বিকাশ অ্যাপ এ ২ জুন থেকে 'মাই চ্যালেঞ্জ' আইকন দেখতে না পেলেও বিকাশ এর অফার উপভোগ করে ক্যাশব্যাক পাবেন। বিকাশ অ্যাপ এর সাথেই থাকুন।,Bengali,বিকাশ অ্যাপ এ ২ জুন থেকে 'মাই চ্যালেঞ্জ' আইকন দেখতে না পেলেও বিকাশ এর অফার উপভোগ করে ক্যাশব্যাক পাবেন। বিকাশ অ্যাপ এর সাথেই থাকুন।,,
normal,০১৭২৮২৯১৭৬৫ এই number-এ rocket-এ ৫০০ টাকা দাও।,CodeMix,[PHONE] এই number-এ rocket-এ ৫০০ টাকা দাও।,,
promo,New season এ সব clothes এ 25% discount। Today ই shopping করুন।,CodeMix,New season এ সব clothes এ 25% discount। Today ই shopping করুন।,,
normal,The book club meeting was fantastic! Great discussion about the novel. Can't wait for next month's selection.,English,The book club meeting was fantastic! Great discussion about the novel. Can't wait for next month's selection.,,
normal,০১৮২৭৩৮২৭৩৯ এই নাম্বারে দ্রুত টাকা পাঠাও।,Bengali,[PHONE] এই নাম্বারে দ্রুত টাকা পাঠাও।,,
promo,Robi Music App-এ ৩০ দিনের সাবস্ক্রিপশন মাত্র ৩৯ টাকা। গান শুনুন সীমাহীন।,Bengali,Robi Music App-এ ৩০ দিনের সাবস্ক্রিপশন মাত্র ৩৯ টাকা। গান শুনুন সীমাহীন।,,
normal,The classical music concert at the national theater was simply magnificent.,English,The classical music concert at the national theater was simply magnificent.,,
promo,Banglalink গ্রাহকরা ১০০ টাকা রিচার্জে পাচ্ছেন ১০০ এসএমএস ফ্রি। অফার বৈধ আজ রাত পর্যন্ত।,Bengali,Banglalink গ্রাহকরা ১০০ টাকা রিচার্জে পাচ্ছেন ১০০ এসএমএস ফ্রি। অফার বৈধ আজ রাত পর্যন্ত।,,
normal,কালকে class এ আসবা তো? Let’s go together বাসা থেকে।,CodeMix,কালকে class এ আসবা তো? Let’s go together বাসা থেকে।,,
normal,I am here.,English,I am here.,,
normal,Birds sing beautifully in trees.,English,Birds sing beautifully in trees.,,
promo,আমাদের products এ discount চলছে। Details জানাতে এই number এ contact করুন: 01789654321।,CodeMix,আমাদের products এ discount চলছে। Details জানাতে এই number এ contact করুন: [PHONE] ।,,
promo,"Esquire Electronics smartphone festival: iPhone, Samsung, Xiaomi great prices!",English,"Esquire Electronics smartphone festival: iPhone, Samsung, Xiaomi great prices!",,
promo,Uber rides 50% cheaper this Friday! Use code FRIDAY50 for savings.,English,Uber rides 50% cheaper this Friday! Use code FRIDAY50 for savings.,,
normal,কেমন আছে তোমাদের পরিবার?,Bengali,কেমন আছে তোমাদের পরিবার?,,
promo,"100' Madani Avenue, Army Housing (Jolshiri) সংলগ্ন plot প্রতি katha TK5Lakh. Call: 01894841729",CodeMix,"100' Madani Avenue, Army Housing (Jolshiri) সংলগ্ন plot প্রতি katha TK5Lakh. Call: [PHONE]",,
normal,Your talent is extraordinary.,English,Your talent is extraordinary.,,
normal,01728291765 ei number-e rocket-e 500 taka dao.,Banglish,[PHONE] ei number-e rocket-e 500 taka dao.,,
normal,Are you going to college?,English,Are you going to college?,,
promo,ওয়াচে মেগা অফার! স্মার্ট ওয়াচে ৫০০০ টাকা পর্যন্ত ছাড়।,Bengali,ওয়াচে মেগা অফার! স্মার্ট ওয়াচে ৫০০০ টাকা পর্যন্ত ছাড়।,,
normal,Kalke amar phone kharap hoye gelo. Repair korte jete holo New Market. Mechanic bolse motherboard change korte hobe.,Banglish,Kalke amar phone kharap hoye gelo. Repair korte jete holo New Market. Mechanic bolse motherboard change korte hobe.,,
normal,"মামা, Eid gift buy করতে হবে। Shall we go together to Bashundhara Shopping Mall? Enjoy shopping time।",CodeMix,"মামা, Eid gift buy করতে হবে। Shall we go together to Bashundhara Shopping Mall? Enjoy shopping time।",,
normal,What are you reading today?,English,What are you reading today?,,
normal,Ajke amar ekjon old school friend eshechilo bari te. O sathe dekha hoye onek moja holo. Sobai kotha bolchilam old memories niye.,Banglish,Ajke amar ekjon old school friend eshechilo bari te. O sathe dekha hoye onek moja holo. Sobai kotha bolchilam old memories niye.,,
promo,New arrival: সব summer clothes এখন ২৫% discount। Shop online বা nearest outlet এ visit করুন এবং free delivery পান,CodeMix,New arrival: সব summer clothes এখন ২৫% discount। Shop online বা nearest outlet এ visit করুন এবং free delivery পান,,
normal,"তুমি অনেক strong, courage রাখো।",CodeMix,"তুমি অনেক strong, courage রাখো।",,
normal,I seem to be very sad.,English,I seem to be very sad.,,
promo,Will Dhoni lift the trophy? Watch IPL Final cutt.ly/ywqDAPVv,English,Will Dhoni lift the trophy? Watch IPL Final cutt.ly/ywqDAPVv,,
promo,"Hatil furniture anniversary sale! Bedroom, dining set special price. EMI available.",Banglish,"Hatil furniture anniversary sale! Bedroom, dining set special price. EMI available.",,
normal,"এই নাম্বারে ২০০০/- টাকা পাঠাও ০১৭৩৯৮৩৮৮৩ , বিকাশ রকেট বা নগদে",Bengali,"এই নাম্বারে ২০০০/- টাকা পাঠাও [PHONE] , বিকাশ রকেট বা নগদে",,
promo,টেলিটক নিয়ে এসেছে দেশের সবচেয়ে সাশ্রয়ী ইন্টারনেট প্যাকেজ! আমাদের বিশেষ 'গ্রামের ইন্টারনেট' অফারে মাত্র ১৯৯ টাকায় পাবেন ১৫ জিবি হাই স্পিড ৪জি ইন্টারনেট যা ব্যবহার করতে পারবেন সম্পূর্ণ ৩০ দিন। এই প্যাকেজের বিশেষত্ব হলো গ্রামীণ এলাকাতেও ভালো স্পিড পাবেন এবং রাত ১২টা থেকে সকাল ৬টা পর্যন্ত ডেটা খরচ হবে অর্ধেক। শুধুমাত্র এই মাসের জন্য এই অফার। *১৫২*১৯৯# ডায়াল করে এখনই কিনুন।,Bengali,টেলিটক নিয়ে এসেছে দেশের সবচেয়ে সাশ্রয়ী ইন্টারনেট প্যাকেজ! আমাদের বিশেষ 'গ্রামের ইন্টারনেট' অফারে মাত্র ১৯৯ টাকায় পাবেন ১৫ জিবি হাই স্পিড ৪জি ইন্টারনেট যা ব্যবহার করতে পারবেন সম্পূর্ণ ৩০ দিন। এই প্যাকেজের বিশেষত্ব হলো গ্রামীণ এলাকাতেও ভালো স্পিড পাবেন এবং রাত ১২টা থেকে সকাল ৬টা পর্যন্ত ডেটা খরচ হবে অর্ধেক। শুধুমাত্র এই মাসের জন্য এই অফার। *১৫২*১৯৯# ডায়াল করে এখনই কিনুন।,,
normal,"ভাই, আজ আমার পরীক্ষা ভালো হয়েছে। সব প্রশ্নের উত্তর দিতে পেরেছি।",Bengali,"ভাই, আজ আমার পরীক্ষা ভালো হয়েছে। সব প্রশ্নের উত্তর দিতে পেরেছি।",,
promo,"Eid kenakata hok Diamond World-er sathe, upobhog korun Diamond gohonay 25% chhad o Gold-er akorshoniyo collection. Visit: qrco.de/beuAOs, 01713199270",Banglish,"Eid kenakata hok Diamond World-er sathe, upobhog korun Diamond gohonay 25% chhad o Gold-er akorshoniyo collection. Visit: qrco.de/beuAOs, [PHONE]",,
promo,Pickaboo Flash Sale: Samsung Galaxy Buds 25% off. Free EMI. Order now before stock ends.,Banglish,Pickaboo Flash Sale: Samsung Galaxy Buds 25% off. Free EMI. Order now before stock ends.,,
normal,Call me quickly at this number 01738293748.,English,Call me quickly at this number [PHONE] .,,
promo,"Pro-level আড্ডা+interneting-১০GB+২৫০min@২৫৮৳,৩০দিন cutt.ly/wwCctHGF",CodeMix,"Pro-level আড্ডা+interneting-১০GB+২৫০min@২৫৮৳,৩০দিন cutt.ly/wwCctHGF",,
promo,"Daraz Electronics Week: Mobile, TV, fridge up to 60% discount. EMI option up to 12 months. Free delivery for Dhaka orders. Shop daraz.com.bd now.",Banglish,"Daraz Electronics Week: Mobile, TV, fridge up to 60% discount. EMI option up to 12 months. Free delivery for Dhaka orders. Shop [URL] now.",,
normal,গতকাল রাতে সবাই মিলে ফুটবল খেলতে গিয়েছিলাম। অনেকদিন পর খেলাটা দারুণ উপভোগ করেছি। শরীরটা ভালোভাবে ঝালিয়ে নেওয়া হলো।,Bengali,গতকাল রাতে সবাই মিলে ফুটবল খেলতে গিয়েছিলাম। অনেকদিন পর খেলাটা দারুণ উপভোগ করেছি। শরীরটা ভালোভাবে ঝালিয়ে নেওয়া হলো।,,
normal,What is your favorite food?,English,What is your favorite food?,,
promo,বড়দিনের শুভেচ্ছা। থাকছে ২৫% ছাড় ৩১ ডিসেম্বর পর্যন্ত । ০১৭১৩১৯৯২৭০,Bengali,বড়দিনের শুভেচ্ছা। থাকছে ২৫% ছাড় ৩১ ডিসেম্বর পর্যন্ত । [PHONE],,
normal,"প্রিয় student, আপনার tuition fee আজ পর্যন্ত ২২,৯০০.০০ TK বকেয়া আছে। (previous late fee সহ) current month-এর tuition fee (without fine) ২০ September, ২০২৪ মধ্যে pay করুন। Details https://student.ulab.edu.bd/ login করুন। (ULAB)",CodeMix,"প্রিয় student, আপনার tuition fee আজ পর্যন্ত ২২,৯০০.০০ TK বকেয়া আছে। (previous late fee সহ) current month-এর tuition fee (without fine) ২০ September, ২০২৪ মধ্যে pay করুন। Details [URL] login করুন। (ULAB)",,
promo,"২৭মিনিট মাত্র ১৯টাকা, মেয়াদ ৫দিন; নিতে ডায়াল করুন *১২১*৫০৮০#",Bengali,"২৭মিনিট মাত্র ১৯টাকা, মেয়াদ ৫দিন; নিতে ডায়াল করুন *১২১*৫০৮০#",,
promo,"8GB(bonus soho) 123Tk 15din. Dial *121*5548#, mygp.li/mo",Banglish,"8GB(bonus soho) 123Tk 15din. Dial *121*5548#, mygp.li/mo",,
normal,আজকে class এ আসবা তো? Let’s go together বাসা থেকে।,CodeMix,আজকে class এ আসবা তো? Let’s go together বাসা থেকে।,,
normal,The homemade biryani smells incredible from here! Can't wait for dinner tonight.,English,The homemade biryani smells incredible from here! Can't wait for dinner tonight.,,
normal,"Ajke bazar theke notun shobji kinlam. Khub fresh chhilo, maa onek ranna korte chay. Dinner e moja lagbe.",Banglish,"Ajke bazar theke notun shobji kinlam. Khub fresh chhilo, maa onek ranna korte chay. Dinner e moja lagbe.",,
normal,"This is Salim's number, call him when you come 01738838838",English,"This is Salim's number, call him when you come [PHONE]",,
normal,"কালকে holiday announced, so we can relax.",CodeMix,"কালকে holiday announced, so we can relax.",,
normal,আজ সন্ধ্যায় শাহবাগে দেখা করবো? অনেকদিন আড্ডা হয় না।,Bengali,আজ সন্ধ্যায় শাহবাগে দেখা করবো? অনেকদিন আড্ডা হয় না।,,
normal,"Mama, apnar swasthyo kemon? Doctor er kache giechen?",Banglish,"Mama, apnar swasthyo kemon? Doctor er kache giechen?",,
normal,"মামা, আগামীকাল আমাদের বাসায় আসবেন? খিচুড়ি রান্না করবো।",Bengali,"মামা, আগামীকাল আমাদের বাসায় আসবেন? খিচুড়ি রান্না করবো।",,
normal,খালার বিল তা দিলে উপকার হইতো দিতে পারতেছিনা একটু সাহায্য করো খালার বিল তা দিয়া দেই,Bengali,খালার বিল তা দিলে উপকার হইতো দিতে পারতেছিনা একটু সাহায্য করো খালার বিল তা দিয়া দেই,,
promo,"[Pathao] Delivery charge এখন ৳৩০! 
Pathao Food-এর delivery charge এখন ৳৩০ ফিরে এসেছে।
এখনই order করুন Pathao Food-এ: https://cutt.ly/QNMk4Eg",CodeMix,[Pathao] Delivery charge এখন ৳৩০! Pathao Food-এর delivery charge এখন ৳৩০ ফিরে এসেছে। এখনই order করুন Pathao Food-এ: [URL],,
promo,20% discount on all children's toys. Buy today!,English,20% discount on all children's toys. Buy today!,,
normal,What are you planning to do?,CodeMix,What are you planning to do?,,
normal,তোমার একটা কথা বলো। তোমার কথা ভালো লাগে।,Bengali,তোমার একটা কথা বলো। তোমার কথা ভালো লাগে।,,
normal,"আজ Sunday, chill করার ইচ্ছে আছে। Movie দেখতে যাবো কি? Weather অনেক সুন্দর এবং mood perfect",CodeMix,"আজ Sunday, chill করার ইচ্ছে আছে। Movie দেখতে যাবো কি? Weather অনেক সুন্দর এবং mood perfect",,
promo,"Summer festival: সব shirts, jeans, shoes ৩০% discount। Shop online অথবা nearest store visit করুন",CodeMix,"Summer festival: সব shirts, jeans, shoes ৩০% discount। Shop online অথবা nearest store visit করুন",,
normal,০১৯২৭৩৮২৮৯৪ নাম্বারে কল করুন।,Bengali,[PHONE] নাম্বারে কল করুন।,,
promo,Notun grahok der jonno special offer! Amader service e 30% discount.,Banglish,Notun grahok der jonno special offer! Amader service e 30% discount.,,
normal,The surprise farewell gathering was touching! Everyone will miss you greatly. Keep in touch always.,English,The surprise farewell gathering was touching! Everyone will miss you greatly. Keep in touch always.,,
normal,"Tumi eka no, ami achhi.",Banglish,"Tumi eka no, ami achhi.",,
promo,"১০০'মাদানীএভিনিউ আর্মি হাউজিং(জলসিড়ি)সংলগ্ন প্লট কাঠা৫লক্ষ
01894841729",Bengali,১০০'মাদানীএভিনিউ আর্মি হাউজিং(জলসিড়ি)সংলগ্ন প্লট কাঠা৫লক্ষ [PHONE],,
promo,Christmas-এর greetings। থাকছে 25% discount 31 December পর্যন্ত। 01713199270,CodeMix,Christmas-এর greetings। থাকছে 25% discount 31 December পর্যন্ত। [PHONE],,
normal,Lunch কোথায় যাব? I feel like having pizza আজ।,CodeMix,Lunch কোথায় যাব? I feel like having pizza আজ।,,
normal,Blessed month of Ramadan!,English,Blessed month of Ramadan!,,
normal,"মামা, Eid gift জন্য কিছু buy করতে হবে। Shall we go together to Bashundhara Shopping Mall? Enjoy shopping।",CodeMix,"মামা, Eid gift জন্য কিছু buy করতে হবে। Shall we go together to Bashundhara Shopping Mall? Enjoy shopping।",,
promo,"পূর্বাচলের এশিয়ান হাইওয়ে সংলগ্ন পরিকল্পিত শহর ""নাভানা হাইল্যন্ডে"" এ বিনিয়োগ করুন।উঁচু ও লাল মাটি।রয়েছে কিস্তির সুবিধা – ০১৭০৮৪৬৬৪৭১",Bengali,"পূর্বাচলের এশিয়ান হাইওয়ে সংলগ্ন পরিকল্পিত শহর ""নাভানা হাইল্যন্ডে"" এ বিনিয়োগ করুন।উঁচু ও লাল মাটি।রয়েছে কিস্তির সুবিধা – [PHONE]",,
promo,Robi recharge 100TK te paben 30 min free bonus call. Valid 7 days.,Banglish,Robi recharge 100TK te paben 30 min free bonus call. Valid 7 days.,,
promo,স্পেশাল ডিসকাউন্ট: সব ল্যাপটপে ৫% ছাড়। সীমিত স্টক।,Bengali,স্পেশাল ডিসকাউন্ট: সব ল্যাপটপে ৫% ছাড়। সীমিত স্টক।,,
promo,Banglalink offers 25GB at 250TK for 30 days. Don't miss out!,English,Banglalink offers 25GB at 250TK for 30 days. Don't miss out!,,
normal,সকালে বাসে ভিড় লাগছে।,Bengali,সকালে বাসে ভিড় লাগছে।,,
normal,Weekend e amader plan kora uchit ekta movie dekha. Sobai ek sathe jodi jai taile aro moja hobe. Tui ki free thakbi?,Banglish,Weekend e amader plan kora uchit ekta movie dekha. Sobai ek sathe jodi jai taile aro moja hobe. Tui ki free thakbi?,,
promo,Chaldal app e delivery free ajker din e order korle. Shop smart!,Banglish,Chaldal app e delivery free ajker din e order korle. Shop smart!,,
promo,"TK419 e TK499 er offer! nao 35GB+500min, 30din: cutt.ly/4w77ohWY",Banglish,"TK419 e TK499 er offer! nao 35GB+500min, 30din: cutt.ly/4w77ohWY",,
normal,"কি খবর, কেমন আছো?",Bengali,"কি খবর, কেমন আছো?",,
promo,গ্র্যাব বাইক রাইডে ২৫% ছাড়! সর্বোচ্চ ৭৫ টাকা পর্যন্ত সাশ্রয়।,Bengali,গ্র্যাব বাইক রাইডে ২৫% ছাড়! সর্বোচ্চ ৭৫ টাকা পর্যন্ত সাশ্রয়।,,
promo,০৫ May International Midwife Day. এবারের theme-তথ্য থেকে বাস্তবঃ সকল midwife এক সাথে।,CodeMix,০৫ May International Midwife Day. এবারের theme-তথ্য থেকে বাস্তবঃ সকল midwife এক সাথে।,,
normal,তোমার সকল wish পূরণ হোক!,CodeMix,তোমার সকল wish পূরণ হোক!,,
normal,"আপনার account থেকে ২০০০/- টাকা cut হয়েছে, details জানতে call করুন।",CodeMix,"আপনার account থেকে ২০০০/- টাকা cut হয়েছে, details জানতে call করুন।",,
promo,"TK 100 cashback! 31GB+450min@TK 399 30 days, নিয়ে নাও: cutt.ly/2wQlYv6U",CodeMix,"TK 100 cashback! 31GB+450min@TK 399 30 days, নিয়ে নাও: cutt.ly/2wQlYv6U",,
normal,পরের সপ্তাহে কক্সবাজার যাওয়ার প্ল্যান করছি। সমুদ্র দেখতে উত্তেজনা আছে।,Bengali,পরের সপ্তাহে কক্সবাজার যাওয়ার প্ল্যান করছি। সমুদ্র দেখতে উত্তেজনা আছে।,,
normal,Are you listening to music?,English,Are you listening to music?,,
normal,01738273828 ei number-e joruri TK pathan.,Banglish,[PHONE] ei number-e joruri TK pathan.,,
promo,Daraz Electronics Fair চলছে! ল্যাপটপ আর গ্যাজেট কিনলে ৩০% ডিসকাউন্ট। এখনই অর্ডার করুন।,Bengali,Daraz Electronics Fair চলছে! ল্যাপটপ আর গ্যাজেট কিনলে ৩০% ডিসকাউন্ট। এখনই অর্ডার করুন।,,
promo,"1GB (0.2GB+ 0.8GB Bonus) internet has been successfully activated. Total cost 19TK, validity 7 days. To know internet balance click mygp.li/check or dial *121*1*4#.",English,"1GB (0.2GB+ 0.8GB Bonus) internet has been successfully activated. Total cost 19TK, validity 7 days. To know internet balance click mygp.li/check or dial *121*1*4#.",,
normal,এই পবিত্র মাসে তোমার সবকিছু ভালো হোক!,Bengali,এই পবিত্র মাসে তোমার সবকিছু ভালো হোক!,,
normal,Shafolyor jonno tumi jodi onayyoer asroy niye thako tobe mone rekho tumi shofol nao. — Thomas Carlyle,Banglish,Shafolyor jonno tumi jodi onayyoer asroy niye thako tobe mone rekho tumi shofol nao. — Thomas Carlyle,,
promo,Online shopping e 20% porjonto discount! Code use kore subidha nin.,Banglish,Online shopping e 20% porjonto discount! Code use kore subidha nin.,,
normal,Ajker cricket match ta heart-breaking chilo. Bangladesh almost jite giye last over e hara gelo. Sobai disappointed but crowd ta khub support korse. Tor mone hoy ki team er performance improve hocche?,Banglish,Ajker cricket match ta heart-breaking chilo. Bangladesh almost jite giye last over e hara gelo. Sobai disappointed but crowd ta khub support korse. Tor mone hoy ki team er performance improve hocche?,,
normal,Tumi ki office e jacho?,Banglish,Tumi ki office e jacho?,,
normal,"Hi Rafiq, কালকের meeting time confirm করেছো কি? Planning করতে চাই, so kindly reply asap",CodeMix,"Hi Rafiq, কালকের meeting time confirm করেছো কি? Planning করতে চাই, so kindly reply asap",,
promo,বিশেষ অফার! গ্রামীণফোনে ৫০জিবি ডেটা মাত্র ৪৯৯ টাকায়। সীমিত সময়ের জন্য। *২৩৩# ডায়াল করুন।,Bengali,বিশেষ অফার! গ্রামীণফোনে ৫০জিবি ডেটা মাত্র ৪৯৯ টাকায়। সীমিত সময়ের জন্য। *২৩৩# ডায়াল করুন।,,
promo,GP internet pack আজ থেকে limited time offer। Activate করুন online!,CodeMix,GP internet pack আজ থেকে limited time offer। Activate করুন online!,,
normal,Happy Saraswati Puja!,English,Happy Saraswati Puja!,,
promo,বিকাশে ৫০০০ টাকা ডিপোজিট করলে ১০০০ টাকা বোনাস! আজই সুযোগ নিন।,Bengali,বিকাশে ৫০০০ টাকা ডিপোজিট করলে ১০০০ টাকা বোনাস! আজই সুযোগ নিন।,,
normal,Shubho Boishakhi!,Banglish,Shubho Boishakhi!,,
normal,You are always the best.,English,You are always the best.,,
normal,Birthday party তে তুমি আসছো তো? Everyone is excited to see you there।,CodeMix,Birthday party তে তুমি আসছো তো? Everyone is excited to see you there।,,
promo,"GP Pay দিয়ে বিল পরিশোধ করুন আর পান ৫% ক্যাশব্যাক, সর্বোচ্চ ২০০ টাকা পর্যন্ত।",Bengali,"GP Pay দিয়ে বিল পরিশোধ করুন আর পান ৫% ক্যাশব্যাক, সর্বোচ্চ ২০০ টাকা পর্যন্ত।",,
normal,What will you cook today?,English,What will you cook today?,,
normal,How is your day going?,English,How is your day going?,,
promo,Uber Eats: First order discount 60% up to 200TK. Use code UBEREATS60. Valid till 10 Sept.,Banglish,Uber Eats: First order discount 60% up to 200TK. Use code UBEREATS60. Valid till 10 Sept.,,
promo,বড় ডিসকাউন্ট! শীতের পোশাকে ৩০% ছাড়। আজই ভিজিট করুন আমাদের স্টোরে!,Bengali,বড় ডিসকাউন্ট! শীতের পোশাকে ৩০% ছাড়। আজই ভিজিট করুন আমাদের স্টোরে!,,
promo,Pickaboo electronics week: Smartphones up to 7000TK discount + EMI facility. Visit pickaboo.com for best deals.,Banglish,Pickaboo electronics week: Smartphones up to 7000TK discount + EMI facility. Visit [URL] for best deals.,,
normal,Are you going to the village?,English,Are you going to the village?,,
promo,"Special deal for you 4GB+80min @TK 87, 7 days: cutt.ly/Iw0edGlt",English,"Special deal for you 4GB+80min @TK 87, 7 days: cutt.ly/Iw0edGlt",,
normal,"আপনার due TK800, please pay it soon।",CodeMix,"আপনার due TK800, please pay it soon।",,
normal,Congratulations on your promotion! You really deserved it.,English,Congratulations on your promotion! You really deserved it.,,
normal,The homemade cake looks absolutely delicious! Your baking skills keep getting better every time you try.,English,The homemade cake looks absolutely delicious! Your baking skills keep getting better every time you try.,,
normal,What are you reading?,English,What are you reading?,,
normal,তুমি সবসময় best।,CodeMix,তুমি সবসময় best।,,
promo,"50TK cashback e nao data mixer 40GB@TK248, 7din: cutt.ly/WwZsAgMK",Banglish,"50TK cashback e nao data mixer 40GB@TK248, 7din: cutt.ly/WwZsAgMK",,
promo,"'Will insure, will build country
Bangladesh will be smart.' Insurance Development and Regulatory Authority and Financial Institutions Division, Ministry of Finance.",English,"'Will insure, will build country Bangladesh will be smart.' Insurance Development and Regulatory Authority and Financial Institutions Division, Ministry of Finance.",,
normal,তোমার কি বাস্তব ভালো লাগছে? আমি আমার বাসায় অল্প সময় দেওয়া ভালো লাগে।,Bengali,তোমার কি বাস্তব ভালো লাগছে? আমি আমার বাসায় অল্প সময় দেওয়া ভালো লাগে।,,
promo,"40Tk cashback! 46GB @458Tk, 30din, nie nao akhonii: cutt.ly/GwWYCCfJ",Banglish,"40Tk cashback! 46GB @458Tk, 30din, nie nao akhonii: cutt.ly/GwWYCCfJ",,
normal,Where are you?,English,Where are you?,,
promo,আজই শেষ দিন!বোনাস সহ ২জিবি-৩৫টাকা-৭দিন। ডায়াল *১২১*৫০৩৭# বা mygp.li/mo,Bengali,আজই শেষ দিন!বোনাস সহ ২জিবি-৩৫টাকা-৭দিন। ডায়াল *১২১*৫০৩৭# বা mygp.li/mo,,
normal,Electricity এর bill এর payment করা হয়।,CodeMix,Electricity এর bill এর payment করা হয়।,,
normal,ঈদের পরিবর্তে শুভ নববর্ষ!,Bengali,ঈদের পরিবর্তে শুভ নববর্ষ!,,
promo,"TK100 cashback pro-level deal-100GB@TK698, 30 days cutt.ly/AwQzYxAf",English,"TK100 cashback pro-level deal-100GB@TK698, 30 days cutt.ly/AwQzYxAf",,
promo,"Elephant Road furniture 60% off! Bedroom set, dining set available. Visit showroom.",Banglish,"Elephant Road furniture 60% off! Bedroom set, dining set available. Visit showroom.",,
promo,Bonus সহ ৮GB-১২০TK-৩০দিন। নিতে dial *১২১*৫০৭২# or https://mygp.li/mo,CodeMix,Bonus সহ ৮GB-১২০TK-৩০দিন। নিতে dial *১২১*৫০৭২# or [URL],,
normal,আমি একটি নতুন প্রতিষ্ঠানের সম্মেলন করতে চাই।,Bengali,আমি একটি নতুন প্রতিষ্ঠানের সম্মেলন করতে চাই।,,
normal,Are you thinking?,English,Are you thinking?,,
normal,Can you get me a tea?,English,Can you get me a tea?,,
promo,আজকেই শেষ ৳১০০ ক্যাশব্যাক! ৫০জিবি @৳৩৯৮ ৩০দিন: cutt.ly/hwltB5hC,Bengali,আজকেই শেষ ৳১০০ ক্যাশব্যাক! ৫০জিবি @৳৩৯৮ ৩০দিন: cutt.ly/hwltB5hC,,
promo,"May-24
Recharge: 0TK
Expenses:
Data: 287TK
Voice: 101TK
Others: 0TK",English,May-24 Recharge: 0TK Expenses: Data: 287TK Voice: 101TK Others: 0TK,,
normal,Congratulations on your graduation! So proud of all your hard work and achievements.,English,Congratulations on your graduation! So proud of all your hard work and achievements.,,
promo,"১৮০৳ cashback শেষ দিন,নাও 61GB+1000min@৳৭১৯,30দিন: cutt.ly/wwE5YMXC",CodeMix,"১৮০৳ cashback শেষ দিন,নাও 61GB+1000min@৳৭১৯,30দিন: cutt.ly/wwE5YMXC",,
promo,মাত্র TK 97 30 days World Cup cricket + 1GB data নিতে: cutt.ly/YwmtpRRj,CodeMix,মাত্র TK 97 30 days World Cup cricket + 1GB data নিতে: cutt.ly/YwmtpRRj,,
normal,Thanks for picking up the kids from school today. Really appreciate your help during busy times.,English,Thanks for picking up the kids from school today. Really appreciate your help during busy times.,,
normal,Eid Mubarak!,English,Eid Mubarak!,,
normal,"Cox’s Bazar trip er plan ready. Hotel book kora hoyeche, bus ticket confirm. Khali tui confirm korle group complete hobe. Please joldi decide kor.",Banglish,"Cox’s Bazar trip er plan ready. Hotel book kora hoyeche, bus ticket confirm. Khali tui confirm korle group complete hobe. Please joldi decide kor.",,
normal,আপনি কেমন আছেন? I was thinking about yesterday’s meeting।,CodeMix,আপনি কেমন আছেন? I was thinking about yesterday’s meeting।,,
normal,This hardship will also pass.,English,This hardship will also pass.,,
promo,Rupali Bank home loan festival! Property financing up to 1 crore at 8% interest. Own your home!,English,Rupali Bank home loan festival! Property financing up to 1 crore at 8% interest. Own your home!,,
promo,"৫০TK cashback নাও data mixer ৪০GB@২৪৮TK, ৭দিন: cutt.ly/WwZsAgMK",CodeMix,"৫০TK cashback নাও data mixer ৪০GB@২৪৮TK, ৭দিন: cutt.ly/WwZsAgMK",,
normal,ki korbe tumi?,Banglish,ki korbe tumi?,,
promo,Pathao App থেকে রাইড বুক করলে আজ ২৫% ডিসকাউন্ট। কোড PATHAO25 ব্যবহার করুন। বৈধ শুধুমাত্র আজকের জন্য।,Bengali,Pathao App থেকে রাইড বুক করলে আজ ২৫% ডিসকাউন্ট। কোড PATHAO25 ব্যবহার করুন। বৈধ শুধুমাত্র আজকের জন্য।,,
normal,"TK 3000 has been deducted from your account, please call.",English,"TK 3000 has been deducted from your account, please call.",,
normal,Congratulations on your new baby! Both mother and child are healthy. Such wonderful news for the family!,English,Congratulations on your new baby! Both mother and child are healthy. Such wonderful news for the family!,,
normal,তুমি কি মিটিংয়ে যাচ্ছো?,Bengali,তুমি কি মিটিংয়ে যাচ্ছো?,,
promo,"New deal for chatting + internet: 12GB + 300 min @TK 297, 30 days cutt.ly/Nw0efEst",English,"New deal for chatting + internet: 12GB + 300 min @TK 297, 30 days cutt.ly/Nw0efEst",,
normal,"Tui ajke class e gelo? Sir onek interesting topic niye porashona dilen, jeta ami age konodin sunini. Amar mone hochhe tumi enjoy korta, kintu tumi miss kore geli.",Banglish,"Tui ajke class e gelo? Sir onek interesting topic niye porashona dilen, jeta ami age konodin sunini. Amar mone hochhe tumi enjoy korta, kintu tumi miss kore geli.",,
normal,The new coffee shop near the university has excellent cappuccino.,English,The new coffee shop near the university has excellent cappuccino.,,
promo,"Buy 1 Get 1 free at Aarong! এই offer টা valid 15th December পর্যন্ত। Don't miss out, সুযোগ হাতছাড়া করবেন না!",CodeMix,"Buy 1 Get 1 free at Aarong! এই offer টা valid 15th December পর্যন্ত। Don't miss out, সুযোগ হাতছাড়া করবেন না!",,
normal,শুভ অসুস্থ্য দিনের wishes!,CodeMix,শুভ অসুস্থ্য দিনের wishes!,,
normal,Aj ki korben?,Banglish,Aj ki korben?,,
normal,"আমার account এ 50 হাজার taka আছে , এই 01738838884 number এ খোলা দেখো check করে।",CodeMix,"আমার account এ 50 হাজার taka আছে , এই [PHONE] number এ খোলা দেখো check করে।",,
promo,GP recharge করুন আজকে এবং extra ২৫% bonus পান। Hurry up!,CodeMix,GP recharge করুন আজকে এবং extra ২৫% bonus পান। Hurry up!,,
normal,"Apnar chele bipode, joldi 01672563891 taka pathan.",Banglish,"Apnar chele bipode, joldi [PHONE] taka pathan.",,
promo,26 January 2024 international customs dibosh udjaponito hocche. Ebarer protipadok bishoy ''mile nobin-purono ongshijon/customs korbe lokkho orjon''. Jatio rajsho board,Banglish,26 January 2024 international customs dibosh udjaponito hocche. Ebarer protipadok bishoy ''mile nobin-purono ongshijon/customs korbe lokkho orjon''. Jatio rajsho board,,
normal,তুমি কি cinema hall এ যাচ্ছো?,CodeMix,তুমি কি cinema hall এ যাচ্ছো?,,
promo,অনলাইনে ওষুধ কিনুন। ঢাকায় ৩০ মিনিটে হোম ডেলিভারি। ১০% ছাড়।,Bengali,অনলাইনে ওষুধ কিনুন। ঢাকায় ৩০ মিনিটে হোম ডেলিভারি। ১০% ছাড়।,,
normal,"Jururi, 01672572938 number-e bKash korun.",Banglish,"Jururi, [PHONE] number-e bKash korun.",,
normal,How is your time passing?,English,How is your time passing?,,
promo,"Today, March 15 is World Consumer Rights Day. Theme of the day - 'Build Smart Bangladesh, Use Artificial Intelligence for Consumer Interest'. National Consumer Rights Protection Directorate, Ministry of Commerce.",English,"Today, March 15 is World Consumer Rights Day. Theme of the day - 'Build Smart Bangladesh, Use Artificial Intelligence for Consumer Interest'. National Consumer Rights Protection Directorate, Ministry of Commerce.",,
promo,Sheikh Hasina government's success: ২০০৬ সালে সরকারি ওয়েবসাইট ছিল মাত্র ৯৮টি। ২০২৩ সালে তা বেড়ে দাঁড়িয়েছে ৫২ হাজার ২০০টি।,CodeMix,Sheikh Hasina government's success: ২০০৬ সালে সরকারি ওয়েবসাইট ছিল মাত্র ৯৮টি। ২০২৩ সালে তা বেড়ে দাঁড়িয়েছে ৫২ হাজার ২০০টি।,,
normal,"Hi, who are you?",English,"Hi, who are you?",,
normal,আমি আমার life এর main আমাদের সঙ্গে সময় কাটাতে চাই।,CodeMix,আমি আমার life এর main আমাদের সঙ্গে সময় কাটাতে চাই।,,
normal,The weather is so nice today. Perfect for a walk in Ramna Park.,English,The weather is so nice today. Perfect for a walk in Ramna Park.,,
promo,bKash app থেকে নাও তোমার favorite Skitto packs এখনই: cutt.ly/Zwcqh6YQ,CodeMix,bKash app থেকে নাও তোমার favorite Skitto packs এখনই: cutt.ly/Zwcqh6YQ,,
promo,"TK200 cashback only for today- 61GB+1000min@TK699,30 days: cutt.ly/FwQhpKHc",English,"TK200 cashback only for today- 61GB+1000min@TK699,30 days: cutt.ly/FwQhpKHc",,
normal,"দাদু, আপনার ওষুধ খাওয়ার সময় হয়েছে। ভুলে যাবেন না।",Bengali,"দাদু, আপনার ওষুধ খাওয়ার সময় হয়েছে। ভুলে যাবেন না।",,
promo,"5GB+150min 130Tk (30din), dial *121*5205# othoba https://mygp.li/a0",Banglish,"5GB+150min 130Tk (30din), dial *121*5205# othoba [URL]",,
normal,tomar din kemon katche?,Banglish,tomar din kemon katche?,,
promo,"Pro-level internet এ pocket saving- 3GB@TK98,7 দিন cutt.ly/9wEyjoLc",CodeMix,"Pro-level internet এ pocket saving- 3GB@TK98,7 দিন cutt.ly/9wEyjoLc",,
promo,"Save in data mixer, get 60GB @ TK 569, 30 days: cutt.ly/HwQzEu9E",English,"Save in data mixer, get 60GB @ TK 569, 30 days: cutt.ly/HwQzEu9E",,
normal,Ami tomake ekta golpo shunate chai.,Banglish,Ami tomake ekta golpo shunate chai.,,
normal,"ভাই, তুমি কি airport এ যাবে? Can you drop me on your way?",CodeMix,"ভাই, তুমি কি airport এ যাবে? Can you drop me on your way?",,
normal,"তুমি কি new series টা দেখেছ? It's trending everywhere, you should watch.",CodeMix,"তুমি কি new series টা দেখেছ? It's trending everywhere, you should watch.",,
normal,Shokale hate jabe?,Banglish,Shokale hate jabe?,,
promo,Eid উপলক্ষে Daraz এ huge sale! Get up to 80% off on electronics and fashion। এখনই shop করুন!,CodeMix,Eid উপলক্ষে Daraz এ huge sale! Get up to 80% off on electronics and fashion। এখনই shop করুন!,,
normal,এই কষ্টটাও কেটে যাবে।,Bengali,এই কষ্টটাও কেটে যাবে।,,
promo,পূর্বাচল 30নং sector সংলগ্ন ভরাট চলমান plot! কাঠা 1.6 lakh 01894841736,CodeMix,পূর্বাচল 30নং sector সংলগ্ন ভরাট চলমান plot! কাঠা 1.6 lakh [PHONE],,
normal,"যখন তুমি দেখবে, namaz-এর মধ্যে তোমার অন্তর উপস্থিত থাকছে না, তখন বুঝে নেবে, এটা iman-এর দূর্বলতার কারণ। কঠোর পরিশ্রম করো নিজের iman-কে মজবুত করার জন্য। -[ইমাম ইবনু কুদামাহ আল মাকদিসি (রহ.)]",CodeMix,"যখন তুমি দেখবে, namaz-এর মধ্যে তোমার অন্তর উপস্থিত থাকছে না, তখন বুঝে নেবে, এটা iman-এর দূর্বলতার কারণ। কঠোর পরিশ্রম করো নিজের iman-কে মজবুত করার জন্য। -[ইমাম ইবনু কুদামাহ আল মাকদিসি (রহ.)]",,
normal,Dinner কোথায় যাব? I feel like having Chinese food আজ।,CodeMix,Dinner কোথায় যাব? I feel like having Chinese food আজ।,,
normal,আজ কেমন feel করছ? আমি fine। আপনার কেমন লাগছে?,CodeMix,আজ কেমন feel করছ? আমি fine। আপনার কেমন লাগছে?,,
normal,"বন্ধু, পরীক্ষার প্রস্তুতি কেমন? গণিতের কোন টপিক কঠিন লাগছে?",Bengali,"বন্ধু, পরীক্ষার প্রস্তুতি কেমন? গণিতের কোন টপিক কঠিন লাগছে?",,
normal,"What's up, hi?",English,"What's up, hi?",,
promo,"১৮০৳ cashback-এ best offer 61GB+1000min@ ৳৭১৯,30দিন: cutt.ly/wwE5YMXC",CodeMix,"১৮০৳ cashback-এ best offer 61GB+1000min@ ৳৭১৯,30দিন: cutt.ly/wwE5YMXC",,
normal,01827281739 ei number e rocket e 500 taka dao.,Banglish,[PHONE] ei number e rocket e 500 taka dao.,,
normal,"তুমি কি প্রিয় বই পড়ছো? হ্যাঁ, বিখ্যাত বই পড়ি।",Bengali,"তুমি কি প্রিয় বই পড়ছো? হ্যাঁ, বিখ্যাত বই পড়ি।",,
normal,Allaher kache apni prarthona kora bondho kore dile tini raganbito hon. Othoch Adam shontaner kache kichu prarthona korle she rege jay. - [Imam Ibnul Qaiyyim (Rahimahullah)],Banglish,Allaher kache apni prarthona kora bondho kore dile tini raganbito hon. Othoch Adam shontaner kache kichu prarthona korle she rege jay. - [Imam Ibnul Qaiyyim (Rahimahullah)],,
normal,আমি কালকে লাইব্রেরি থেকে 'মেঘনাদবধ কাব্য' এনেছি। পড়া শুরু করবো রাতে।,Bengali,আমি কালকে লাইব্রেরি থেকে 'মেঘনাদবধ কাব্য' এনেছি। পড়া শুরু করবো রাতে।,,
normal,That person is cursed who dies but his bad deeds remain in the world. — [Abu Bakr (Radiyallahu Anhu)],English,That person is cursed who dies but his bad deeds remain in the world. — [Abu Bakr (Radiyallahu Anhu)],,
normal,Hope your visa interview goes smoothly tomorrow. You have all documents ready perfectly.,English,Hope your visa interview goes smoothly tomorrow. You have all documents ready perfectly.,,
normal,কেমন আছে আপনার দিনটি?,Bengali,কেমন আছে আপনার দিনটি?,,
promo,সানগ্লাসে স্পেশাল ডিসকাউন্ট! ব্র্যান্ডেড গ্লাসে ৪০% ছাড়।,Bengali,সানগ্লাসে স্পেশাল ডিসকাউন্ট! ব্র্যান্ডেড গ্লাসে ৪০% ছাড়।,,
promo,GP internet pack আজ থেকে ৭ দিন limited offer। Activate করুন online এখনই!,CodeMix,GP internet pack আজ থেকে ৭ দিন limited offer। Activate করুন online এখনই!,,
promo,Thalassemia disease থেকে বাঁচতে বিয়ের আগে blood test করিয়ে নিন । Patient ও carrier কিংবা carrier-এ carrier-এ বিয়ে নয়-Bangladesh Thalassemia Society।,CodeMix,Thalassemia disease থেকে বাঁচতে বিয়ের আগে blood test করিয়ে নিন । Patient ও carrier কিংবা carrier-এ carrier-এ বিয়ে নয়-Bangladesh Thalassemia Society।,,
normal,আজকে কি free আছো? আমার তোমার সাথে কথা আছে about our new project।,CodeMix,আজকে কি free আছো? আমার তোমার সাথে কথা আছে about our new project।,,
normal,Eti IQ porikha porbor ekta ongsho.,Banglish,Eti IQ porikha porbor ekta ongsho.,,
normal,Are you going to the party?,English,Are you going to the party?,,
normal,ভালো সময় আবার আসবে।,Bengali,ভালো সময় আবার আসবে।,,
normal,"বাবা, অফিসের কাজ শেষ। এখন বাসায় ফিরছি।",Bengali,"বাবা, অফিসের কাজ শেষ। এখন বাসায় ফিরছি।",,
normal,আপনি কেমন আছেন? I was thinking about yesterday’s class।,CodeMix,আপনি কেমন আছেন? I was thinking about yesterday’s class।,,
promo,"১৩০টাকায় ১৫০মিনিট(৩০দিন) সাথে বোনাস,নিতে*১২১*৫২০৫#  https://mygp.li/a0",Bengali,"১৩০টাকায় ১৫০মিনিট(৩০দিন) সাথে বোনাস,নিতে*১২১*৫২০৫# [URL]",,
normal,আমি একটি প্রতিষ্ঠানের সঙ্গে যে মূল্য আছে তার দৃশ্যটি অন্যদিকের সাথে একটি দৃশ্য আছে।,Bengali,আমি একটি প্রতিষ্ঠানের সঙ্গে যে মূল্য আছে তার দৃশ্যটি অন্যদিকের সাথে একটি দৃশ্য আছে।,,
normal,Tumi ki meeting-e jachcho?,Banglish,Tumi ki meeting-e jachcho?,,
normal,Lunch কোথায় খাবো? I feel like burger আজ।,CodeMix,Lunch কোথায় খাবো? I feel like burger আজ।,,
normal,Give money to Hasan's number then come.,English,Give money to Hasan's number then come.,,
promo,"40Tk chil cashback e 35GB+500min.@459Tk 30din, nao: cutt.ly/0wO6Jggn",Banglish,"40Tk chil cashback e 35GB+500min.@459Tk 30din, nao: cutt.ly/0wO6Jggn",,
normal,Adhika notun ekta gaan shikhse school e. Bari eshe pura family ke shunalo. Sobai clap kore khushi hoilo.,Banglish,Adhika notun ekta gaan shikhse school e. Bari eshe pura family ke shunalo. Sobai clap kore khushi hoilo.,,
normal,Kalke amar ekjon old friend rastay dekha hoye gelo. Onar sathe boshe ek cup cha kheye onek purono golpo holo. Amar din ta special hoye gelo.,Banglish,Kalke amar ekjon old friend rastay dekha hoye gelo. Onar sathe boshe ek cup cha kheye onek purono golpo holo. Amar din ta special hoye gelo.,,
promo,Daraz App ডাউনলোড করলে নতুন ইউজাররা পাচ্ছেন ২৫০ টাকা ভাউচার।,Bengali,Daraz App ডাউনলোড করলে নতুন ইউজাররা পাচ্ছেন ২৫০ টাকা ভাউচার।,,
normal,Pakhira gache gan gay.,Banglish,Pakhira gache gan gay.,,
promo,Bonus soho 1GB-30Tk-3din. Dial *121*5215# or https://mygp.li/mo,Banglish,Bonus soho 1GB-30Tk-3din. Dial *121*5215# or [URL],,
promo,Only today's offer! 40GB (with bonus) 500 TK 30 days. Dial *121*5049# or mygp.li/mo,English,Only today's offer! 40GB (with bonus) 500 TK 30 days. Dial *121*5049# or mygp.li/mo,,
normal,"Keep courage, success awaits you.",English,"Keep courage, success awaits you.",,
promo,টেলিটকে নতুন অফার! ৭দিনে ২জিবি ডেটা মাত্র ৪৯ টাকা। *১১৪*৬# ডায়াল করুন।,Bengali,টেলিটকে নতুন অফার! ৭দিনে ২জিবি ডেটা মাত্র ৪৯ টাকা। *১১৪*৬# ডায়াল করুন।,,
normal,"I am fine, আপনি কেমন আছেন?",CodeMix,"I am fine, আপনি কেমন আছেন?",,
normal,How was your first day at the new office? Hope everything went smoothly and you liked the team.,English,How was your first day at the new office? Hope everything went smoothly and you liked the team.,,
normal,"Money-র কথা বললেই সে উঠে চলে যায়, আমি ওর কাছে 3 lakh টাকা পাই",CodeMix,"Money-র কথা বললেই সে উঠে চলে যায়, আমি ওর কাছে 3 lakh টাকা পাই",,
normal,আমার জন্য একটু অপেক্ষা করো। I am running late। 30 minutes এর মধ্যে চলে আসছি।,CodeMix,আমার জন্য একটু অপেক্ষা করো। I am running late। 30 minutes এর মধ্যে চলে আসছি।,,
promo,Meena Bazar online grocery: Order fresh vegetables and fruits today and get 15% off. Use promo code: FRESH15. Free delivery available.,Banglish,Meena Bazar online grocery: Order fresh vegetables and fruits today and get 15% off. Use promo code: FRESH15. Free delivery available.,,
normal,তুমি কি sea তে যাচ্ছো?,CodeMix,তুমি কি sea তে যাচ্ছো?,,
promo,New home loan available! minimal documents starting 6217 TK. Call 01715483926!,English,New home loan available! minimal documents starting 6217 TK. Call [PHONE] !,,
promo,"Mohan bijoy diboshe shobaike janai shubhechchha.  
Dilip Kumar Agorowala",Banglish,Mohan bijoy diboshe shobaike janai shubhechchha. Dilip Kumar Agorowala,,
normal,"হাই, কি তুমি?",Bengali,"হাই, কি তুমি?",,
normal,"Priyo shikkharthi, apnar tuition fee aj porjonto 20,500.00 taka bokeya ache. (Purbobor late fine o bokeyashoho) cholti maser tuition fee (jorimana chhada) 15i September, 2024 moddhe porishod korun. Bistarito https://student.aiub.edu.bd/ login korun. (AIUB)",Banglish,"Priyo shikkharthi, apnar tuition fee aj porjonto 20,500.00 taka bokeya ache. (Purbobor late fine o bokeyashoho) cholti maser tuition fee (jorimana chhada) 15i September, 2024 moddhe porishod korun. Bistarito [URL] login korun. (AIUB)",,
normal,আপনি কেমন অনুভব করছেন? My day was tiring।,CodeMix,আপনি কেমন অনুভব করছেন? My day was tiring।,,
promo,সব কসমেটিক্সে ১০% ছাড়। অফারটি সীমিত সময়ের জন্য।,Bengali,সব কসমেটিক্সে ১০% ছাড়। অফারটি সীমিত সময়ের জন্য।,,
promo,"শেখ হাসিনা সরকারের সাফল্য: 
২০০৬ সালে সামাজিক নিরাপত্তা খাতে বরাদ্দ ছিল মাত্র ২ হাজার ৫০৫ কোটি টাকা। ২০২৩ সালে বেড়ে দাঁড়িয়েছে ১ লক্ষ ২৬ হাজার ২৭২ কোটি টাকা।",Bengali,শেখ হাসিনা সরকারের সাফল্য: ২০০৬ সালে সামাজিক নিরাপত্তা খাতে বরাদ্দ ছিল মাত্র ২ হাজার ৫০৫ কোটি টাকা। ২০২৩ সালে বেড়ে দাঁড়িয়েছে ১ লক্ষ ২৬ হাজার ২৭২ কোটি টাকা।,,
normal,আমি প্রায় weekly একবার field-এ যায়।,CodeMix,আমি প্রায় weekly একবার field-এ যায়।,,
normal,"Ajker puro din ta brishtir moddhe katlam. Office jete jam kom chhilo tai bhalo laglo, kintu rasta ghore pani poray jete kosto hoise. Bari fire eshe ek cup cha kheye relax korlam.",Banglish,"Ajker puro din ta brishtir moddhe katlam. Office jete jam kom chhilo tai bhalo laglo, kintu rasta ghore pani poray jete kosto hoise. Bari fire eshe ek cup cha kheye relax korlam.",,
normal,"Hi Rafiq, কালকের meeting time confirm করেছো কি? আমি prepare করতে চাই, so kindly reply asap",CodeMix,"Hi Rafiq, কালকের meeting time confirm করেছো কি? আমি prepare করতে চাই, so kindly reply asap",,
normal,Tomar ekta kotha bolo. Tomar kotha bhalo lage.,Banglish,Tomar ekta kotha bolo. Tomar kotha bhalo lage.,,
promo,"Aj 15 March Bishwo Bhokta-Adhikar Dibosh. Dibosher protipadyo- 'Smart Bangladesh gori, bhoktaer shworthe kritrimo buddhimotta bybohar kori'. Jatiyo Bhokta-Adhikar Shongrokkhon Adhidoptor, Banijjo Montronaloy.",Banglish,"Aj 15 March Bishwo Bhokta-Adhikar Dibosh. Dibosher protipadyo- 'Smart Bangladesh gori, bhoktaer shworthe kritrimo buddhimotta bybohar kori'. Jatiyo Bhokta-Adhikar Shongrokkhon Adhidoptor, Banijjo Montronaloy.",,
promo,Shohoz অ্যাপে আজ টিকিট কিনলে ১০% ছাড়! কোড ব্যবহার করুন: TRAVEL10 এবং নিরাপদ ভ্রমণ উপভোগ করুন।,Bengali,Shohoz অ্যাপে আজ টিকিট কিনলে ১০% ছাড়! কোড ব্যবহার করুন: TRAVEL10 এবং নিরাপদ ভ্রমণ উপভোগ করুন।,,
promo,New personal loan available! 0% interest starting 3528 TK. Call 01784629517!,English,New personal loan available! 0% interest starting 3528 TK. Call [PHONE] !,,
normal,01729173892 number e rocket e taka pathao.,Banglish,[PHONE] number e rocket e taka pathao.,,
normal,তুমি কি পাহাড়ে যাচ্ছো?,Bengali,তুমি কি পাহাড়ে যাচ্ছো?,,
normal,Kal ki korbo?,Banglish,Kal ki korbo?,,
normal,সকাল সকাল ঘুম ভাঙলো। জানালার বাইরে প্রচুর বৃষ্টি হচ্ছে। মনে হচ্ছে আজকে বাইরে যাওয়া ঠিক হবে না।,Bengali,সকাল সকাল ঘুম ভাঙলো। জানালার বাইরে প্রচুর বৃষ্টি হচ্ছে। মনে হচ্ছে আজকে বাইরে যাওয়া ঠিক হবে না।,,
normal,"Shobkichu thikthak hobe, ami jani.",Banglish,"Shobkichu thikthak hobe, ami jani.",,
normal,আগামীকাল ঈদের শপিং করতে যাবো। তুমি কি যাবে সাথে?,Bengali,আগামীকাল ঈদের শপিং করতে যাবো। তুমি কি যাবে সাথে?,,
promo,Xiaomi phone flash sale! 50% off original price. Limited time. mi.com/bd,Banglish,Xiaomi phone flash sale! 50% off original price. Limited time. [URL],,
promo,"Winter clothing sale! Up to 60% off on jackets, sweaters. Aarong stores nationwide. Limited time!",English,"Winter clothing sale! Up to 60% off on jackets, sweaters. Aarong stores nationwide. Limited time!",,
promo,"Lee Cooper e flat 50% chhar Shokol shirt, jeans, gabardine Aj o kal Shopr",Banglish,"Lee Cooper e flat 50% chhar Shokol shirt, jeans, gabardine Aj o kal Shopr",,
promo,"আজই শেষ দিন!৫জিবি+১৫০মিনিট ১৩০টাকা (৩০দিন),ডায়াল *১২১*৫২০৫# বা https://mygp.li/a0",Bengali,"আজই শেষ দিন!৫জিবি+১৫০মিনিট ১৩০টাকা (৩০দিন),ডায়াল *১২১*৫২০৫# বা [URL]",,
promo,"Shadhinata Complex winter clothing sale: Jackets, sweaters, coats 50% off!",English,"Shadhinata Complex winter clothing sale: Jackets, sweaters, coats 50% off!",,
promo,Cashback pao upto 99tk! skitto app theke chill deal-e- cutt.ly/aAhiAsI,Banglish,Cashback pao upto 99tk! skitto app theke chill deal-e- cutt.ly/aAhiAsI,,
normal,"1500/- taka has been deducted from your account, call for details.",English,"1500/- taka has been deducted from your account, call for details.",,
normal,Eider poriborte shuvo noboborsho!,Banglish,Eider poriborte shuvo noboborsho!,,
normal,"Emergency, 01937283894 এই number-এ Rocket-এ money পাঠান।",CodeMix,"Emergency, [PHONE] এই number-এ Rocket-এ money পাঠান।",,
promo,ট্রাভেল প্যাকেজে অফার! কক্সবাজার ট্যুরে ৩০% ছাড়।,Bengali,ট্রাভেল প্যাকেজে অফার! কক্সবাজার ট্যুরে ৩০% ছাড়।,,
promo,Robi eShop থেকে মোবাইল কিনলে সাথে পাচ্ছেন ফ্রি ব্যাগ আর ইয়ারফোন। অফার স্টক শেষ হওয়া পর্যন্ত।,Bengali,Robi eShop থেকে মোবাইল কিনলে সাথে পাচ্ছেন ফ্রি ব্যাগ আর ইয়ারফোন। অফার স্টক শেষ হওয়া পর্যন্ত।,,
normal,How are you feeling today? I'm fine. How about you?,English,How are you feeling today? I'm fine. How about you?,,
normal,Thanks for the delicious homemade sweets! They were perfectly made and brought back childhood memories.,English,Thanks for the delicious homemade sweets! They were perfectly made and brought back childhood memories.,,
normal,Tomar shob iccha puron hok!,Banglish,Tomar shob iccha puron hok!,,
normal,তুমি কি lunch করতে এসেছ? I saved a seat for you.,CodeMix,তুমি কি lunch করতে এসেছ? I saved a seat for you.,,
promo,এক্সক্লুসিভ সেল! ল্যাপটপ ও কম্পিউটারে ১৮০০০ টাকা পর্যন্ত ছাড়।,Bengali,এক্সক্লুসিভ সেল! ল্যাপটপ ও কম্পিউটারে ১৮০০০ টাকা পর্যন্ত ছাড়।,,
normal,আজ দুপুরে অফিসে প্রচুর চাপ ছিল। বস আবার নতুন প্রজেক্ট নিয়ে মিটিং ডাকলো।,Bengali,আজ দুপুরে অফিসে প্রচুর চাপ ছিল। বস আবার নতুন প্রজেক্ট নিয়ে মিটিং ডাকলো।,,
normal,Notun restaurant-ta try korechio?,Banglish,Notun restaurant-ta try korechio?,,
promo,"Nagad app recharge ৫০০ TK এবং ৫০ TK extra credit পান। Limited offer, recharge today to secure bonus",CodeMix,"Nagad app recharge ৫০০ TK এবং ৫০ TK extra credit পান। Limited offer, recharge today to secure bonus",,
normal,I won't go to any work today.,English,I won't go to any work today.,,
normal,অন্যায়ের প্রতি আনুগত্য সম্মান এর পথে বাধা হয়ে দাড়াতে পারে। — সংগৃহীত,Bengali,অন্যায়ের প্রতি আনুগত্য সম্মান এর পথে বাধা হয়ে দাড়াতে পারে। — সংগৃহীত,,
normal,Can you send me the photos from last night? আমি ছবি তুলতে ভুলে গিয়েছিলাম।,CodeMix,Can you send me the photos from last night? আমি ছবি তুলতে ভুলে গিয়েছিলাম।,,
normal,"বাবা, আমার এক্সামের রেজাল্ট ভালো হয়েছে। A+ পেয়েছি।",Bengali,"বাবা, আমার এক্সামের রেজাল্ট ভালো হয়েছে। A+ পেয়েছি।",,
normal,"সবকিছু ঠিকঠাক হবে, আমি জানি।",Bengali,"সবকিছু ঠিকঠাক হবে, আমি জানি।",,
promo,৭৯পয়সা প্রতি মিনিট ১৫দিন মেয়াদের কল রেট অফারটি নিতে ১১৯ টাকা রিচার্জ  করুন। ,Bengali,৭৯পয়সা প্রতি মিনিট ১৫দিন মেয়াদের কল রেট অফারটি নিতে ১১৯ টাকা রিচার্জ করুন।,,
promo,Sundarban Courier অনলাইন বুকিং করলে পাচ্ছেন ১০% ক্যাশব্যাক। নিরাপদে প্যাকেজ পাঠাতে আজই চেষ্টা করুন।,Bengali,Sundarban Courier অনলাইন বুকিং করলে পাচ্ছেন ১০% ক্যাশব্যাক। নিরাপদে প্যাকেজ পাঠাতে আজই চেষ্টা করুন।,,
normal,তোমার সময় কোথায় যাচ্ছে?,Bengali,তোমার সময় কোথায় যাচ্ছে?,,
normal,আমার একটি সমস্যা আছে।,Bengali,আমার একটি সমস্যা আছে।,,
normal,"আমি আজকে খুব ব্যস্ত ছিলাম অফিসে। বস হঠাৎ মিটিং ডেকেছিল। কাল দেখা করি, কফি খেতে যাই।",Bengali,"আমি আজকে খুব ব্যস্ত ছিলাম অফিসে। বস হঠাৎ মিটিং ডেকেছিল। কাল দেখা করি, কফি খেতে যাই।",,
normal,"আমি ভালো আছি, ধন্যবাদ।",Bengali,"আমি ভালো আছি, ধন্যবাদ।",,
promo,"২০০৳ ক্যাশব্যাকে সেরা অফার ৬১জিবি+১০০০মি@৳৬৯৯, ৩০দিন: cutt.ly/FwQhpKHc",Bengali,"২০০৳ ক্যাশব্যাকে সেরা অফার ৬১জিবি+১০০০মি@৳৬৯৯, ৩০দিন: cutt.ly/FwQhpKHc",,
normal,সুপ্রভাত!,Bengali,সুপ্রভাত!,,
normal,Aj ki korbo?,Banglish,Aj ki korbo?,,
normal,"আমি ঠিক আছি, thanks।",CodeMix,"আমি ঠিক আছি, thanks।",,
normal,তোমার day কেমন গেছে?,CodeMix,তোমার day কেমন গেছে?,,
normal,Tui amar message read korso but reply dite deri korli. Amar mone holo tumi busy chile. Jodi amar sathe kotha bolish tahole amar kharap lage na.,Banglish,Tui amar message read korso but reply dite deri korli. Amar mone holo tumi busy chile. Jodi amar sathe kotha bolish tahole amar kharap lage na.,,
promo,"Insurance is the arrangement to reduce unwanted/accidental damage to your life, health, and property. Get insured, stay risk-free  - Insurance Development and Regulatory Authority.",English,"Insurance is the arrangement to reduce unwanted/accidental damage to your life, health, and property. Get insured, stay risk-free - Insurance Development and Regulatory Authority.",,
normal,এখানে অবস্থান করতে চাও?,Bengali,এখানে অবস্থান করতে চাও?,,
normal,Kemon jeno tomar time কাটছে?,CodeMix,Kemon jeno tomar time কাটছে?,,
normal,Ei bochor ami onek boi porbo।,CodeMix,Ei bochor ami onek boi porbo।,,
normal,"মা, market থেকে vegetables এবং fruits আনো। আমি cash দিবো, তুমি কি snacks ও আনবে? Let's coordinate",CodeMix,"মা, market থেকে vegetables এবং fruits আনো। আমি cash দিবো, তুমি কি snacks ও আনবে? Let's coordinate",,
normal,shuvo Pohela Boishakh er preeti o shubhechha!,Banglish,shuvo Pohela Boishakh er preeti o shubhechha!,,
promo,"তোমার জন্য স্পেশাল গিফট, ৬০পয়সা/মিনিট কলরেট, নাও: cutt.ly/qwnfrXbV",Bengali,"তোমার জন্য স্পেশাল গিফট, ৬০পয়সা/মিনিট কলরেট, নাও: cutt.ly/qwnfrXbV",,
promo,Sheikh Hasina sarkarer safollo: 2008 shale 1 Mbps internet bandwidth er mullo chhilo 27 hajar TK bortomane ekdesh ekrate r awtay ta 60 TK te nirdharito hoyeche.,Banglish,Sheikh Hasina sarkarer safollo: 2008 shale 1 Mbps internet bandwidth er mullo chhilo 27 hajar TK bortomane ekdesh ekrate r awtay ta 60 TK te nirdharito hoyeche.,,
normal,Kolkata trip er plan abar discuss korte hobe. Amar mone hocche December e giye pora jabe. Tor passport ready ache to? Plan properly korle moja hobe.,Banglish,Kolkata trip er plan abar discuss korte hobe. Amar mone hocche December e giye pora jabe. Tor passport ready ache to? Plan properly korle moja hobe.,,
normal,How was today's meeting?,English,How was today's meeting?,,
promo,"Grameenphone offer: Recharge ৫০০ TK এবং ২ GB extra data পান। Limited time offer, তাই আজই recharge করুন to enjoy full benefit",CodeMix,"Grameenphone offer: Recharge ৫০০ TK এবং ২ GB extra data পান। Limited time offer, তাই আজই recharge করুন to enjoy full benefit",,
promo,electronics ponno kinlei free shipping! offer shesh howar age kenakata korun.,Banglish,electronics ponno kinlei free shipping! offer shesh howar age kenakata korun.,,
normal,How’s কাটছে তোমার দিনটা?,CodeMix,How’s কাটছে তোমার দিনটা?,,
promo,"Double century cashback TK200!61GB+1000min@ TK699, 30din cutt.ly/FwQhpKHc",Banglish,"Double century cashback TK200!61GB+1000min@ TK699, 30din cutt.ly/FwQhpKHc",,
normal,Inaya amar sathe cartoon dekhe onek moja korlo. She abar ekta notun gaan shikhse ar amader ke shunalo. Amar din bright hoye gelo.,Banglish,Inaya amar sathe cartoon dekhe onek moja korlo. She abar ekta notun gaan shikhse ar amader ke shunalo. Amar din bright hoye gelo.,,
promo,"Buy 1 Get 1 free at Aarong! এই offer টা valid 15th January পর্যন্ত। Don't miss out, সুযোগ হাতছাড়া করবেন না!",CodeMix,"Buy 1 Get 1 free at Aarong! এই offer টা valid 15th January পর্যন্ত। Don't miss out, সুযোগ হাতছাড়া করবেন না!",,
normal,Shubho Pohela Boishakh!,Banglish,Shubho Pohela Boishakh!,,
normal,Inaya ajke brishtir modhye khelte giye thanda lege geche. Doctor e niye jete hobe shondhay. Amar sathe tui ashbi naki?,Banglish,Inaya ajke brishtir modhye khelte giye thanda lege geche. Doctor e niye jete hobe shondhay. Amar sathe tui ashbi naki?,,
normal,তোমার সাথে দেখা করতে চাই। Can we meet on Tuesday?,CodeMix,তোমার সাথে দেখা করতে চাই। Can we meet on Tuesday?,,
promo,"Daraz App আজ দিচ্ছে মেগা সেল অফার! ইলেকট্রনিক্স, ফ্যাশন ও হোম প্রোডাক্টে সর্বোচ্চ ৭০% ডিসকাউন্ট। কোড ব্যবহার করুন BIG70 আর উপভোগ করুন বিশাল সাশ্রয়। অফার আজ রাত পর্যন্ত।",Bengali,"Daraz App আজ দিচ্ছে মেগা সেল অফার! ইলেকট্রনিক্স, ফ্যাশন ও হোম প্রোডাক্টে সর্বোচ্চ ৭০% ডিসকাউন্ট। কোড ব্যবহার করুন BIG70 আর উপভোগ করুন বিশাল সাশ্রয়। অফার আজ রাত পর্যন্ত।",,
normal,"বন্ধু, Sunday picnic plan ঠিক করেছো কি? আমরা early morning বের হবো, Let’s discuss route এবং food arrangement",CodeMix,"বন্ধু, Sunday picnic plan ঠিক করেছো কি? আমরা early morning বের হবো, Let’s discuss route এবং food arrangement",,
normal,"Don’t be sad, I’m with you।",CodeMix,"Don’t be sad, I’m with you।",,
promo,Airtel 4G এর unlimited data pack এখন discounted price এ। Subscribe করুন এখনই!,CodeMix,Airtel 4G এর unlimited data pack এখন discounted price এ। Subscribe করুন এখনই!,,
normal,Tumi ki museum-e jachcho?,Banglish,Tumi ki museum-e jachcho?,,
normal,Aj tomar pashe thakte pari na. Ami apnar pashe royechi.,Banglish,Aj tomar pashe thakte pari na. Ami apnar pashe royechi.,,
normal,"Apnar moto hok na, ami jeno taramul.",Banglish,"Apnar moto hok na, ami jeno taramul.",,
normal,Apnar chele ki valo ache? Onek din dekhi na.,Banglish,Apnar chele ki valo ache? Onek din dekhi na.,,
promo,বিকাশ আ্যপ থেকে নাও তোমার পছন্দের স্কিটো প্যাকস এখনই: cutt.ly/Zwcqh6YQ,Bengali,বিকাশ আ্যপ থেকে নাও তোমার পছন্দের স্কিটো প্যাকস এখনই: cutt.ly/Zwcqh6YQ,,
promo,"Boundari krito ready plot ekhonei bari kore ay korun, katha 4.5 lokkho 01894841736",Banglish,"Boundari krito ready plot ekhonei bari kore ay korun, katha 4.5 lokkho [PHONE]",,
normal,হাই!,Bengali,হাই!,,
normal,কালকে class এ আসবা তো? Let’s go together from বাসা।,CodeMix,কালকে class এ আসবা তো? Let’s go together from বাসা।,,
normal,"আম্মু, আমি ট্রেনে উঠে গেছি। সন্ধ্যায় পৌঁছাবো।",Bengali,"আম্মু, আমি ট্রেনে উঠে গেছি। সন্ধ্যায় পৌঁছাবো।",,
promo,Borodiner shubhechha. Thakche 25% chhad 31 December porjonto. 01713199270,Banglish,Borodiner shubhechha. Thakche 25% chhad 31 December porjonto. [PHONE],,
promo,"The biopic film 'Mujib-The Maker of a Nation' based on the life of Father of the Nation Bangabandhu Sheikh Mujibur Rahman will be released nationwide on October 13, 2023. Come to your nearest cinema hall.",English,"The biopic film 'Mujib-The Maker of a Nation' based on the life of Father of the Nation Bangabandhu Sheikh Mujibur Rahman will be released nationwide on October 13, 2023. Come to your nearest cinema hall.",,
promo,"Robi recharge blast: Recharge 249TK and get 20GB data + 250 mins call, validity 30 days. Activate now from Robi app.",Banglish,"Robi recharge blast: Recharge 249TK and get 20GB data + 250 mins call, validity 30 days. Activate now from Robi app.",,
promo,"TK৩০ cashback এ pro-level data deal-২২GB\@TK১৬৭, ৭দিন cutt.ly/7w9OKeZ2",CodeMix,"TK৩০ cashback এ pro-level data deal-২২GB\@TK১৬৭, ৭দিন cutt.ly/7w9OKeZ2",,
promo,10 years ago today your journey with Grameenphone started. Hope the coming days will be more beautiful and promising.,English,10 years ago today your journey with Grameenphone started. Hope the coming days will be more beautiful and promising.,,
promo,"Pathao Food mega offer: First order e paben flat 100TK discount! Minimum order 250TK. Use promo code PATHAO100. Hurry, ei chance miss korben na. Download app and enjoy food from top restaurants.",Banglish,"Pathao Food mega offer: First order e paben flat 100TK discount! Minimum order 250TK. Use promo code PATHAO100. Hurry, ei chance miss korben na. Download app and enjoy food from top restaurants.",,
normal,কালকের training session cancel হয়েছে। নতুন date পরে জানানো হবে। Please inform all teammates,CodeMix,কালকের training session cancel হয়েছে। নতুন date পরে জানানো হবে। Please inform all teammates,,
normal,How is your family doing?,English,How is your family doing?,,
promo,"Dekko Isho steel furniture! Office chairs, tables 35% discount. Ergonomic design, 5 year warranty!",English,"Dekko Isho steel furniture! Office chairs, tables 35% discount. Ergonomic design, 5 year warranty!",,
normal,"Ami bhalo achi, apni kemon achen?",Banglish,"Ami bhalo achi, apni kemon achen?",,
normal,তোমার জন্য একটি story আছে?,CodeMix,তোমার জন্য একটি story আছে?,,
promo,"100TK cashback! 31GB+450min@399TK, 30din, niye nao: cutt.ly/2wQlYv6U",Banglish,"100TK cashback! 31GB+450min@399TK, 30din, niye nao: cutt.ly/2wQlYv6U",,
normal,"Weekend e family outing plan kora ache. Dhaka city explore korbo, food ar sightseeing hobe.",Banglish,"Weekend e family outing plan kora ache. Dhaka city explore korbo, food ar sightseeing hobe.",,
normal,তুমি কি শহরে যাচ্ছো?,Bengali,তুমি কি শহরে যাচ্ছো?,,
promo,Robi travel data pack: 20GB roaming internet only 999TK. Dial *123*999# before traveling abroad.,Banglish,Robi travel data pack: 20GB roaming internet only 999TK. Dial *123*999# before traveling abroad.,,
promo,10% discount on new menu! Come to our restaurant today.,English,10% discount on new menu! Come to our restaurant today.,,
normal,There are two blessings in which most people suffer loss. They are health and leisure time. - [Muhammad (PBUH)],English,There are two blessings in which most people suffer loss. They are health and leisure time. - [Muhammad (PBUH)],,
normal,Raysha আজ garden এ খেলবে। Want to join her?,CodeMix,Raysha আজ garden এ খেলবে। Want to join her?,,
promo,"GP offer: Recharge ৩০০ TK এবং ৩ GB extra data পান। Limited time, recharge today এবং enjoy full benefit",CodeMix,"GP offer: Recharge ৩০০ TK এবং ৩ GB extra data পান। Limited time, recharge today এবং enjoy full benefit",,
normal,"01827283873 ei number-e call korun, joruri.",Banglish,"[PHONE] ei number-e call korun, joruri.",,
promo,MensWorld ekhon noborupe Bashundhara City Apparel Zone e. Level-8 01896001903,Banglish,MensWorld ekhon noborupe Bashundhara City Apparel Zone e. Level- [PHONE],,
normal,আজ সকালে বিদ্যুৎ ছিল না। সবকিছু গরম ও অস্বস্তিকর লাগছিল।,Bengali,আজ সকালে বিদ্যুৎ ছিল না। সবকিছু গরম ও অস্বস্তিকর লাগছিল।,,
normal,Bondhura kemon achho?,Banglish,Bondhura kemon achho?,,
normal,"Business করা অপরাধ না, কিন্তু political power use করে business করা বড় অপরাধ। কারণ এদের income সাধারণ মানুষের কাছ থেকে আসে। — Redwan Masud",CodeMix,"Business করা অপরাধ না, কিন্তু political power use করে business করা বড় অপরাধ। কারণ এদের income সাধারণ মানুষের কাছ থেকে আসে। — Redwan Masud",,
normal,কালকে class এ আসবা তো? আমরা বাসা থেকে একসাথে যাই। After class coffee খেতে যেতে পারি।,CodeMix,কালকে class এ আসবা তো? আমরা বাসা থেকে একসাথে যাই। After class coffee খেতে যেতে পারি।,,
promo,Daraz Big Friday সেলে ৭০% পর্যন্ত ছাড়! হাজারো পণ্য কিনুন কম দামে। আজ রাত ১২টা পর্যন্ত।,Bengali,Daraz Big Friday সেলে ৭০% পর্যন্ত ছাড়! হাজারো পণ্য কিনুন কম দামে। আজ রাত ১২টা পর্যন্ত।,,
normal,tumi ki somudre jaccho?,Banglish,tumi ki somudre jaccho?,,
normal,তোমার জন্য একটি গল্প আছে?,Bengali,তোমার জন্য একটি গল্প আছে?,,
promo,GP Mega Recharge: 399TK recharge e paben 35GB internet + 200 mins free calls. Offer valid this week. Activate *121*399# now.,Banglish,GP Mega Recharge: 399TK recharge e paben 35GB internet + 200 mins free calls. Offer valid this week. Activate *121*399# now.,,
normal,এই যা আমি একটি solution দেওয়া হয় যে solution দিতে হবে।,CodeMix,এই যা আমি একটি solution দেওয়া হয় যে solution দিতে হবে।,,
normal,Send bKash to this number 01672573851.,English,Send bKash to this number [PHONE] .,,
normal,আজকে কি তুমi swimming যাবে? Let's go together in the afternoon.,CodeMix,আজকে কি তুমi swimming যাবে? Let's go together in the afternoon.,,
normal,Hope your mother is feeling better today. Sending positive thoughts and prayers for recovery.,English,Hope your mother is feeling better today. Sending positive thoughts and prayers for recovery.,,
normal,Ajkey kono kajey jabo na.,Banglish,Ajkey kono kajey jabo na.,,
normal,Hope your son's school admission process goes smoothly. He's a bright student.,English,Hope your son's school admission process goes smoothly. He's a bright student.,,
promo,বোনাস সহ ১জিবি-৩০টাকা-৩দিন। ডায়াল *১২১*৫২১৫# বা https://mygp.li/mo,Bengali,বোনাস সহ ১জিবি-৩০টাকা-৩দিন। ডায়াল *১২১*৫২১৫# বা [URL],,
promo,"Beshi beshi adda+interneting,nao 5GB+150min@TK159,7din cutt.ly/owEyhCVt",Banglish,"Beshi beshi adda+interneting,nao 5GB+150min@TK159,7din cutt.ly/owEyhCVt",,
normal,I'm thinking of going to Cox's Bazar next month. Want to join?,English,I'm thinking of going to Cox's Bazar next month. Want to join?,,
promo,ফার্নিচারে মেগা সেল! সব পণ্যে ১৫-৩০% ছাড়। আজই ভিজিট করুন।,Bengali,ফার্নিচারে মেগা সেল! সব পণ্যে ১৫-৩০% ছাড়। আজই ভিজিট করুন।,,
normal,০১৭৩৮২৯৩৭৬৫ এই number-এ Rocket-এ money পাঠান।,CodeMix,[PHONE] এই number-এ Rocket-এ money পাঠান।,,
promo,"Fullon internetying e pocket saving,nao 2GB@TK69,7 din- cutt.ly/CwUPKGTR",Banglish,"Fullon internetying e pocket saving,nao 2GB@TK69,7 din- cutt.ly/CwUPKGTR",,
normal,"If you resort to injustice for success, remember you are not successful. — Thomas Carlyle",English,"If you resort to injustice for success, remember you are not successful. — Thomas Carlyle",,
promo,City Bank app pay করুন এবং instant cashback ১৮% পান। Download now এবং enjoy secure transactions,CodeMix,City Bank app pay করুন এবং instant cashback ১৮% পান। Download now এবং enjoy secure transactions,,
promo,Chaldal app mega saver: Order minimum 500TK and delivery free across Dhaka city. Ei offer sudhu 48 hours er jonno. Save time and shop smart!,Banglish,Chaldal app mega saver: Order minimum 500TK and delivery free across Dhaka city. Ei offer sudhu 48 hours er jonno. Save time and shop smart!,,
normal,তুমি কি পার্কে যাচ্ছো?,Bengali,তুমি কি পার্কে যাচ্ছো?,,
promo,"১০০৳ ক্যাশব্যাক! ৩১জিবি+৪৫০মি.@৩৯৯৳,৩০দিন,নিয়ে নাও: cutt.ly/2wQlYv6U",Bengali,"১০০৳ ক্যাশব্যাক! ৩১জিবি+৪৫০মি.@৩৯৯৳,৩০দিন,নিয়ে নাও: cutt.ly/2wQlYv6U",,
promo,Notun menu-te 10% chhar! Aaj-i amader restaurant-e ashun.,Banglish,Notun menu-te 10% chhar! Aaj-i amader restaurant-e ashun.,,
normal,May everything be good for you in this holy month!,English,May everything be good for you in this holy month!,,
promo,"মানবাধিকার দিবস-২০২৩
এবারের theme সবার জন্য freedom, সমতা এবং justice। জাতীয় মানবাধিকার commission।",CodeMix,"মানবাধিকার দিবস-২০২৩ এবারের theme সবার জন্য freedom, সমতা এবং justice। জাতীয় মানবাধিকার commission।",,
promo,Daraz 11.11 sale - up to 15% cashback + free delivery. https://click.daraz.com.bd/e/_CUeCuf Terms apply,English,Daraz 11.11 sale - up to 15% cashback + free delivery. [URL] Terms apply,,
promo,"To prevent thalassemia disease, get blood tests done before marriage. No marriage between patient & carrier or carrier & carrier - Bangladesh Thalassemia Society.",English,"To prevent thalassemia disease, get blood tests done before marriage. No marriage between patient & carrier or carrier & carrier - Bangladesh Thalassemia Society.",,
promo,Chaldal Weekly Saver: Grocery order 1200TK+ and get 200TK cashback using Nagad. Free delivery ajker din e.,Banglish,Chaldal Weekly Saver: Grocery order 1200TK+ and get 200TK cashback using Nagad. Free delivery ajker din e.,,
promo,Karnaphuli Gas distribution connection! New gas line installation 8500 TK. Cook with clean energy!,English,Karnaphuli Gas distribution connection! New gas line installation 8500 TK. Cook with clean energy!,,
normal,আপনার car-এর servicing-এর time limit শেষ হয়ে গেছে। দ্রুত contact করুন 01876543321।,CodeMix,আপনার car-এর servicing-এর time limit শেষ হয়ে গেছে। দ্রুত contact করুন [PHONE] ।,,
normal,Ei shomoyto o kete jabe.,Banglish,Ei shomoyto o kete jabe.,,
promo,Banglalink গ্রাহকদের জন্য শুক্রবার বিশেষ অফার: ৪ জিবি মাত্র ৭৯ টাকা। বৈধতা ৩ দিন।,Bengali,Banglalink গ্রাহকদের জন্য শুক্রবার বিশেষ অফার: ৪ জিবি মাত্র ৭৯ টাকা। বৈধতা ৩ দিন।,,
promo,Ajkei shesh TK100 cashback! 50GB @TK398 30din: cutt.ly/hwltB5hC,Banglish,Ajkei shesh TK100 cashback! 50GB @TK398 30din: cutt.ly/hwltB5hC,,
promo,New year offer! 40GB internet + 1000 minutes talk time only 299 TK. Robi users dial *123*40#,English,New year offer! 40GB internet + 1000 minutes talk time only 299 TK. Robi users dial *123*40#,,
normal,তুমি কি বইয়ের দোকানে যাচ্ছো?,Bengali,তুমি কি বইয়ের দোকানে যাচ্ছো?,,
promo,নতুন গ্রাহকদের জন্য বিশেষ! ইন্টারনেট কানেকশনে ৩ মাস ফ্রি।,Bengali,নতুন গ্রাহকদের জন্য বিশেষ! ইন্টারনেট কানেকশনে ৩ মাস ফ্রি।,,
promo,Dhaka-Mawa Expressway songlogno abasik plot katha nimno 2lakh 01894939231,Banglish,Dhaka-Mawa Expressway songlogno abasik plot katha nimno 2lakh [PHONE],,
normal,What are you doing in the afternoon?,English,What are you doing in the afternoon?,,
promo,"১৮০৳ ক্যাশব্যাক শেষ দিন,নাও ৬১জিবি+১০০০মি@৳৭১৯,৩০দিন: cutt.ly/wwE5YMXC",Bengali,"১৮০৳ ক্যাশব্যাক শেষ দিন,নাও ৬১জিবি+১০০০মি@৳৭১৯,৩০দিন: cutt.ly/wwE5YMXC",,
normal,Are you going to university?,English,Are you going to university?,,
normal,"Jururi, 01937283894 ei number e rocket e taka pathan.",Banglish,"Jururi, [PHONE] ei number e rocket e taka pathan.",,
normal,Hope your exam results are excellent tomorrow! You studied hard and deserve success. Fingers crossed!,English,Hope your exam results are excellent tomorrow! You studied hard and deserve success. Fingers crossed!,,
normal,The concert last night was incredible. You should have come!,English,The concert last night was incredible. You should have come!,,
normal,তোমার এখন কি work হচ্ছে?,CodeMix,তোমার এখন কি work হচ্ছে?,,
promo,"Cashback-এ century ৳১০০! 46GB @ ৳৩৯৮,30দিন: cutt.ly/AwQzYxAf",CodeMix,"Cashback-এ century ৳১০০! 46GB @ ৳৩৯৮,30দিন: cutt.ly/AwQzYxAf",,
normal,"01672592871 ei number e call korun, amar taka dorkar.",Banglish,"[PHONE] ei number e call korun, amar taka dorkar.",,
promo,"৳200 super cashback-এ নাও 61GB+1000min@৳699, 30দিন: cutt.ly/OwG5T3ub",CodeMix,"৳200 super cashback-এ নাও 61GB+1000min@৳699, 30দিন: cutt.ly/OwG5T3ub",,
normal,"TK 1000/- has been paid from your account, call to complain.",English,"TK 1000/- has been paid from your account, call to complain.",,
promo,"30TK cashback! 31GB+450min.@469TK 30din, niye nao: cutt.ly/hwTmxGd8",Banglish,"30TK cashback! 31GB+450min.@469TK 30din, niye nao: cutt.ly/hwTmxGd8",,
promo,Square Hospital health checkup package 40% discount! Complete body checkup just 3600 TK. Book now!,English,Square Hospital health checkup package 40% discount! Complete body checkup just 3600 TK. Book now!,,
normal,আপনি কি চিন্তা করছেন?,Bengali,আপনি কি চিন্তা করছেন?,,
normal,Happy Durga Puja!,English,Happy Durga Puja!,,
normal,apnar din kemon katche?,Banglish,apnar din kemon katche?,,
promo,"Daraz Mega Sale: Fashion, electronics, and lifestyle products up to 75% discount. Flash sale shuru prottek din 12PM e. Free delivery on orders above 1500TK.",Banglish,"Daraz Mega Sale: Fashion, electronics, and lifestyle products up to 75% discount. Flash sale shuru prottek din 12PM e. Free delivery on orders above 1500TK.",,
promo,"১৫০৳ ক্যাশব্যাকে সেরা অফার ৬১জিবি+১০০০মি@ ৳৭৪৯, ৩০দিন: cutt.ly/NwYKElsc",Bengali,"১৫০৳ ক্যাশব্যাকে সেরা অফার ৬১জিবি+১০০০মি@ ৳৭৪৯, ৩০দিন: cutt.ly/NwYKElsc",,
promo,"Fagun er gungun deal nao- 13GB@113TK, 3din: cutt.ly/0wVxZ5vA",Banglish,"Fagun er gungun deal nao- 13GB@113TK, 3din: cutt.ly/0wVxZ5vA",,
normal,"নানি, আপনার স্বাস্থ্য কেমন? ডাক্তারের কাছে গিয়েছিলেন?",Bengali,"নানি, আপনার স্বাস্থ্য কেমন? ডাক্তারের কাছে গিয়েছিলেন?",,
normal,"আমি একটা message পাচ্ছি যা কোন solution দেয়, আরেকটা solution অন্যভাবে দেয়।",CodeMix,"আমি একটা message পাচ্ছি যা কোন solution দেয়, আরেকটা solution অন্যভাবে দেয়।",,
normal,Looking forward to our weekend trip to Sylhet. The tea gardens will look beautiful now.,English,Looking forward to our weekend trip to Sylhet. The tea gardens will look beautiful now.,,
promo,Grameenphone users! Get 20GB data for just 199TK. Dial *121*3020# now!,English,Grameenphone users! Get 20GB data for just 199TK. Dial *121*3020# now!,,
normal,আজকে আমি একটি নতুন restaurant-এ যাব।,CodeMix,আজকে আমি একটি নতুন restaurant-এ যাব।,,
promo,"স্পেশাল ডিল শেষ দিন,৩০জিবি @৩০০৳,৩০দিন! আজই নাও- cutt.ly/jwkuSC76",Bengali,"স্পেশাল ডিল শেষ দিন,৩০জিবি @৩০০৳,৩০দিন! আজই নাও- cutt.ly/jwkuSC76",,
normal," আসক্তের মতো ভালবাসবেন না, ধ্বংসাত্মকভাবে কাউকে ঘৃণা করবেন না। - [উমার ইবনুল খাত্তাব ( রাঃ)]",Bengali,"আসক্তের মতো ভালবাসবেন না, ধ্বংসাত্মকভাবে কাউকে ঘৃণা করবেন না। - [উমার ইবনুল খাত্তাব ( রাঃ)]",,
normal,আমার জন্য একটু অপেক্ষা করো। I am running late। 25 minutes এর মধ্যে চলে আসছি।,CodeMix,আমার জন্য একটু অপেক্ষা করো। I am running late। 25 minutes এর মধ্যে চলে আসছি।,,
normal,শুভ নববর্ষের অভিনন্দন!,Bengali,শুভ নববর্ষের অভিনন্দন!,,
normal,How are you? আমি ঠিক আছি। তুমি কি new করে?,CodeMix,How are you? আমি ঠিক আছি। তুমি কি new করে?,,
promo,"Shwapno Eid fest: Grocery shopping e buy 1 get 1 free on selected products like rice, oil, and sugar. Visit your nearest Shwapno today and enjoy special discount.",Banglish,"Shwapno Eid fest: Grocery shopping e buy 1 get 1 free on selected products like rice, oil, and sugar. Visit your nearest Shwapno today and enjoy special discount.",,
promo,"শেখ হাসিনা সরকারের সাফল্য:
বিগত ১৪ বছরে ১৪৪১ কি.মি. বাঁধ নির্মাণের ফলে দেশব্যাপী ৪.৪৩ লক্ষ হেক্টের এলাকায় বন্যা নিয়ন্ত্রণ ও নিষ্কাশন সুবিধার সম্প্রসারণ ঘটেছে।",Bengali,শেখ হাসিনা সরকারের সাফল্য: বিগত ১৪ বছরে ১৪৪১ কি.মি. বাঁধ নির্মাণের ফলে দেশব্যাপী ৪.৪৩ লক্ষ হেক্টের এলাকায় বন্যা নিয়ন্ত্রণ ও নিষ্কাশন সুবিধার সম্প্রসারণ ঘটেছে।,,
promo,"Shwapno Eid Saver: Buy 2kg beef and get 500gm chicken free. Limited stock, visit nearest outlet.",Banglish,"Shwapno Eid Saver: Buy 2kg beef and get 500gm chicken free. Limited stock, visit nearest outlet.",,
promo,"হেলথ সাপ্লিমেন্টে ছাড়! ভিটামিন, প্রোটিনে ৩৫% কমতি।",Bengali,"হেলথ সাপ্লিমেন্টে ছাড়! ভিটামিন, প্রোটিনে ৩৫% কমতি।",,
normal,আজকে বাজারে গিয়ে দেখলাম সবজির দাম অনেক বেড়ে গেছে। কচুপাতা পর্যন্ত ৫০ টাকা কেজি।,Bengali,আজকে বাজারে গিয়ে দেখলাম সবজির দাম অনেক বেড়ে গেছে। কচুপাতা পর্যন্ত ৫০ টাকা কেজি।,,
normal,আমাদের কলেজে আগামী মাসে বার্ষিক অনুষ্ঠান হবে। সবাই প্রস্তুতি নিচ্ছে।,Bengali,আমাদের কলেজে আগামী মাসে বার্ষিক অনুষ্ঠান হবে। সবাই প্রস্তুতি নিচ্ছে।,,
normal,"কালকে holiday declare করা হয়েছে, so we can sleep late.",CodeMix,"কালকে holiday declare করা হয়েছে, so we can sleep late.",,
normal,তুমি কি bus catch করতে পেরেছ? Let me know when you reach Mohakhali.,CodeMix,তুমি কি bus catch করতে পেরেছ? Let me know when you reach Mohakhali.,,
promo,Bikroy.com weekend sale! All electronics 60% off + free delivery. Shop now with code: WEEKEND60!,English,[URL] weekend sale! All electronics 60% off + free delivery. Shop now with code: WEEKEND60!,,
normal,Shubho jonmodin ovinondone!,Banglish,Shubho jonmodin ovinondone!,,
normal,আজ কি সিনেমা দেখবে?,Bengali,আজ কি সিনেমা দেখবে?,,
normal,Thanks for the delicious lunch! The fish curry was perfectly spiced. Please share the recipe with me.,English,Thanks for the delicious lunch! The fish curry was perfectly spiced. Please share the recipe with me.,,
normal,01729172964 number-এ Rocket-এ টাকা পাঠান।,CodeMix,[PHONE] number-এ Rocket-এ টাকা পাঠান।,,
promo,May month-এ 5GB-এর বেশি use করে পাও ৪৫paisa/min call rate- cutt.ly/0AA4sic,CodeMix,May month-এ 5GB-এর বেশি use করে পাও ৪৫paisa/min call rate- cutt.ly/0AA4sic,,
normal,Thanks for the surprise birthday cake! It was such a sweet gesture. You made my day special.,English,Thanks for the surprise birthday cake! It was such a sweet gesture. You made my day special.,,
normal,তুমি কি গাড়ি চালাচ্ছো?,Bengali,তুমি কি গাড়ি চালাচ্ছো?,,
normal,Tumi ki ekta cha pabe?,Banglish,Tumi ki ekta cha pabe?,,
promo,GP Internet Carnival extended: Recharge 399TK and instantly paben 30GB internet + 250 mins bonus calls. Amar GP app e aro voucher available. Ei super deal valid till 25th Sept.,Banglish,GP Internet Carnival extended: Recharge 399TK and instantly paben 30GB internet + 250 mins bonus calls. Amar GP app e aro voucher available. Ei super deal valid till 25th Sept.,,
normal,dhonnobad bhai.,Banglish,dhonnobad bhai.,,
normal,০১৯২৭২৮৯৩৭২ এই নাম্বারে কল করুন।,Bengali,[PHONE] এই নাম্বারে কল করুন।,,
normal,The movie last night was incredible! Thanks for the great recommendation and company.,English,The movie last night was incredible! Thanks for the great recommendation and company.,,
normal,আপনি কি market যাবেন? I can join আপনার সাথে।,CodeMix,আপনি কি market যাবেন? I can join আপনার সাথে।,,
normal,"বন্ধু, Sunday bike ride plan confirm করেছো কি? Weather perfect, so আমরা early বের হব।",CodeMix,"বন্ধু, Sunday bike ride plan confirm করেছো কি? Weather perfect, so আমরা early বের হব।",,
promo,"Robi ৫০০ TK recharge করে ১২০ TK bonus পান। Offer valid until ১৫ Sep, hurry up, first ৫০০ users only",CodeMix,"Robi ৫০০ TK recharge করে ১২০ TK bonus পান। Offer valid until ১৫ Sep, hurry up, first ৫০০ users only",,
normal,তোমার fever better হয়েছে? Drink plenty of fluids and rest.,CodeMix,তোমার fever better হয়েছে? Drink plenty of fluids and rest.,,
promo,Bkash দিয়ে Daraz-এ পেমেন্ট করলে ১৫% ইনস্ট্যান্ট ক্যাশব্যাক। সর্বোচ্চ ২০০ টাকা।,Bengali,Bkash দিয়ে Daraz-এ পেমেন্ট করলে ১৫% ইনস্ট্যান্ট ক্যাশব্যাক। সর্বোচ্চ ২০০ টাকা।,,
normal,"Ami ekta special person হিসেবে পরিচিত, and situation টা সুন্দরভাবে solve হয়েছে।",CodeMix,"Ami ekta special person হিসেবে পরিচিত, and situation টা সুন্দরভাবে solve হয়েছে।",,
normal,ক্লাসে কি আজকে sir আসছিলেন? আমি attend করতে পারিনি today।,CodeMix,ক্লাসে কি আজকে sir আসছিলেন? আমি attend করতে পারিনি today।,,
promo,"Lee Cooper - All shirts, jeans, gabardine Flat 50% off Shop",English,"Lee Cooper - All shirts, jeans, gabardine Flat 50% off Shop",,
normal,"মামা, Eid gift জন্য কিছু buy করতে হবে। Shall we go together to Bashundhara Shopping Mall? Enjoy shopping and choose gifts wisely",CodeMix,"মামা, Eid gift জন্য কিছু buy করতে হবে। Shall we go together to Bashundhara Shopping Mall? Enjoy shopping and choose gifts wisely",,
promo,"এক্সক্লুসিভ ফ্যাশন সেল! জিন্স, টিশার্টে ৫০% পর্যন্ত ছাড়।",Bengali,"এক্সক্লুসিভ ফ্যাশন সেল! জিন্স, টিশার্টে ৫০% পর্যন্ত ছাড়।",,
normal,Good morning! The sunrise looks beautiful today. Perfect weather for our morning walk together.,English,Good morning! The sunrise looks beautiful today. Perfect weather for our morning walk together.,,
promo,"ইন্টারনেটিংয়ে পকেট সেভিং, নাও ১০জিবি@৳১৫৮, ৭দিন: cutt.ly/FwUC6vh",Bengali,"ইন্টারনেটিংয়ে পকেট সেভিং, নাও ১০জিবি@৳১৫৮, ৭দিন: cutt.ly/FwUC6vh",,
normal,"Tumi eka nou, amra shobai tomar pashe achi.",Banglish,"Tumi eka nou, amra shobai tomar pashe achi.",,
normal,I'm volunteering at the local orphanage this weekend. Very rewarding experience.,English,I'm volunteering at the local orphanage this weekend. Very rewarding experience.,,
normal,I want to tell you a story.,English,I want to tell you a story.,,
normal,আজকে Sunday। Let’s plan something fun আজ।,CodeMix,আজকে Sunday। Let’s plan something fun আজ।,,
promo,"TK30 cashback e pocket saving- 12GB+200mi.@TK169,7din: cutt.ly/Mw59ykAZ",Banglish,"TK30 cashback e pocket saving- 12GB+200mi.@TK169,7din: cutt.ly/Mw59ykAZ",,
normal,"(Koshto nebe koshto horek rokom koshto ache koshto nebe koshto ! Lal koshto nil koshto kancha holud ronger koshto pathor chapa sobuj ghaser sada koshto, alor majhe kalor koshto 'multi-color' koshto ache koshto nebe koshto. -Helal Hafiz",Banglish,"(Koshto nebe koshto horek rokom koshto ache koshto nebe koshto ! Lal koshto nil koshto kancha holud ronger koshto pathor chapa sobuj ghaser sada koshto, alor majhe kalor koshto 'multi-color' koshto ache koshto nebe koshto. -Helal Hafiz",,
promo,"TK100 cashback! 30GB+500min. @TK399 30din,niye nao: cutt.ly/AwkY4L2C",Banglish,"TK100 cashback! 30GB+500min. @TK399 30din,niye nao: cutt.ly/AwkY4L2C",,
normal,Thanks for taking care of my plants while I was away. They look healthier than before!,English,Thanks for taking care of my plants while I was away. They look healthier than before!,,
normal,"সময় কম তাড়াতাড়ি টাকা পাঠাও,  আমি চলে যাবো, আমার বিকাশ ০১৭২৮২৮৮২৯২",Bengali,"সময় কম তাড়াতাড়ি টাকা পাঠাও, আমি চলে যাবো, আমার বিকাশ [PHONE]",,
promo,"৳১০০ ক্যাশব্যাক!৩০জিবি+৬০০মি. @৳৩৯৯,৩০দিন: cutt.ly/AwkY4L2C",Bengali,"৳১০০ ক্যাশব্যাক!৩০জিবি+৬০০মি. @৳৩৯৯,৩০দিন: cutt.ly/AwkY4L2C",,
normal,"ki khobor, hello?",Banglish,"ki khobor, hello?",,
normal,"কখনো injustice, oppression-এর জন্য নিজের voice-কে রুখে দিও সত্য ও ন্যায়ের কথা বলতে।",CodeMix,"কখনো injustice, oppression-এর জন্য নিজের voice-কে রুখে দিও সত্য ও ন্যায়ের কথা বলতে।",,
normal,I can't be with you today. I am by your side.,English,I can't be with you today. I am by your side.,,
promo,১০০৳ ক্যাশব্যাক শেষ দিন! ৩১জিবি+৪৫০মি.@ ৩৯৯৳ ৩০দিন: cutt.ly/2wQlYv6U,Bengali,১০০৳ ক্যাশব্যাক শেষ দিন! ৩১জিবি+৪৫০মি.@ ৩৯৯৳ ৩০দিন: cutt.ly/2wQlYv6U,,
promo,20% discount on new fashion collection. Come today!,English,20% discount on new fashion collection. Come today!,,
promo,Banglalink গ্রাহকরা শুক্রবার ৪ জিবি মাত্র ৭৯ টাকায় পাবেন। বৈধতা ৩ দিন।,Bengali,Banglalink গ্রাহকরা শুক্রবার ৪ জিবি মাত্র ৭৯ টাকায় পাবেন। বৈধতা ৩ দিন।,,
promo,"Sheikh Hasina government-এর success:
2006 সালে Rural Social Service program-এর আওতায় interest-free micro credit assistance প্রাপ্ত জনগোষ্ঠীর সংখ্যা ছিল 21 lakh 77 thousand। Current government-এর সময়ে তা দাঁড়িয়েছে 34 lakh 90 thousand।",CodeMix,Sheikh Hasina government-এর success: 2006 সালে Rural Social Service program-এর আওতায় interest-free micro credit assistance প্রাপ্ত জনগোষ্ঠীর সংখ্যা ছিল 21 lakh 77 thousand। Current government-এর সময়ে তা দাঁড়িয়েছে 34 lakh 90 thousand।,,
promo,"২০জিবি @৩০৯৳ ৩০দিন,মন মতো বানিয়ে নাও ডাটা মিক্সারে- cutt.ly/HwFKsbAy",Bengali,"২০জিবি @৩০৯৳ ৩০দিন,মন মতো বানিয়ে নাও ডাটা মিক্সারে- cutt.ly/HwFKsbAy",,
promo,GP bondho SIM campaign: Reactivate your GP bondho SIM and get 7GB free data instantly. Just recharge 48TK to enjoy this exciting offer.,Banglish,GP bondho SIM campaign: Reactivate your GP bondho SIM and get 7GB free data instantly. Just recharge 48TK to enjoy this exciting offer.,,
promo,"আজই last day! ৪০GB(bonus-সহ)৫০০টাকা ৩০দিন।Dial *১২১*৫০৪৯#, mygp.li/mo",CodeMix,"আজই last day! ৪০GB(bonus-সহ)৫০০টাকা ৩০দিন।Dial *১২১*৫০৪৯#, mygp.li/mo",,
normal,তুমি কি আমার কাছে আসতে চাও?,Bengali,তুমি কি আমার কাছে আসতে চাও?,,
promo,Unimart fresh fest: Fruits and vegetables up to 30% discount. Delivery free for orders above 1500TK. Valid till 20th Sept.,Banglish,Unimart fresh fest: Fruits and vegetables up to 30% discount. Delivery free for orders above 1500TK. Valid till 20th Sept.,,
normal,Will you go shopping today?,English,Will you go shopping today?,,
normal,তুমি কি song শুনছো?,CodeMix,তুমি কি song শুনছো?,,
promo,Up to 80% discount on all books at Rokomari.com। ৳900 এর উপরের orders এর জন্য free home delivery।,CodeMix,Up to 80% discount on all books at [URL] ৳900 এর উপরের orders এর জন্য free home delivery।,,
promo,"নভেম্বর-২৩
রিচার্জ:0৳
খরচ:
ডেটা:38৳
ভয়েস:57৳
অন্যান্য:0৳",Bengali,নভেম্বর-২৩ রিচার্জ:0৳ খরচ: ডেটা:38৳ ভয়েস:57৳ অন্যান্য:0৳,,
normal,"Shob thik hoye jabe, shahosh rekho.",Banglish,"Shob thik hoye jabe, shahosh rekho.",,
normal,আজকের ক্লাস কেমন হলো?,Bengali,আজকের ক্লাস কেমন হলো?,,
normal,"Hi, ki khobor?",Banglish,"Hi, ki khobor?",,
promo,"ফুলঅন ইন্টারনেটিংয়ে পকেট সেভিং,নাও ২জিবি@৳৬৯,৭ দিন- cutt.ly/CwUPKGTR",Bengali,"ফুলঅন ইন্টারনেটিংয়ে পকেট সেভিং,নাও ২জিবি@৳৬৯,৭ দিন- cutt.ly/CwUPKGTR",,
promo,Special discount for new customers. Register today.,English,Special discount for new customers. Register today.,,
normal,"Kotha bolte ichche korche, phone korbo ekhon?",Banglish,"Kotha bolte ichche korche, phone korbo ekhon?",,
normal,Messenger group-এ poll দিলে তো হয়। সবাই কি নেই ওই group-এ?,CodeMix,Messenger group-এ poll দিলে তো হয়। সবাই কি নেই ওই group-এ?,,
normal,শুভ Maha Ashtami!,CodeMix,শুভ Maha Ashtami!,,
normal,আমি কিছু বলতে পারছি না।,CodeMix,আমি কিছু বলতে পারছি না।,,
promo,আজকের স্পেশাল: সব বইয়ে ১৫% ছাড়। দেরি না করে এখনই অর্ডার করুন।,Bengali,আজকের স্পেশাল: সব বইয়ে ১৫% ছাড়। দেরি না করে এখনই অর্ডার করুন।,,
promo,"Banglalink 4G internet: 15GB pack sudhu 199TK, validity 7 days. Dial *222*199# to activate now. Don’t miss it.",Banglish,"Banglalink 4G internet: 15GB pack sudhu 199TK, validity 7 days. Dial *222*199# to activate now. Don’t miss it.",,
promo,"Apex shoes Eid collection: Formal, casual, sports shoes 30% discount!",English,"Apex shoes Eid collection: Formal, casual, sports shoes 30% discount!",,
normal,Thanks for taking care of the house while we were away. Everything looks perfect as always!,English,Thanks for taking care of the house while we were away. Everything looks perfect as always!,,
normal,আশা করি তোমার success হোক!,CodeMix,আশা করি তোমার success হোক!,,
promo,নতুন লাইফস্টাইল প্রোডাক্টে ২৫% ছাড়! স্টক শেষ হওয়ার আগে সুযোগ নিন।,Bengali,নতুন লাইফস্টাইল প্রোডাক্টে ২৫% ছাড়! স্টক শেষ হওয়ার আগে সুযোগ নিন।,,
promo,Evaly Carnival: Home appliances and kitchen items up to 70% discount. EMI option up to 18 months. Shop now before stock ends.,Banglish,Evaly Carnival: Home appliances and kitchen items up to 70% discount. EMI option up to 18 months. Shop now before stock ends.,,
normal,Tell me what I should do.,English,Tell me what I should do.,,
promo,"৳২৫ ক্যাশব্যাকে এবার আরো বেশি ডাটা ৫০জিবি@৳৪৭৩,৩০দিন cutt.ly/zwTmxzpd",Bengali,"৳২৫ ক্যাশব্যাকে এবার আরো বেশি ডাটা ৫০জিবি@৳৪৭৩,৩০দিন cutt.ly/zwTmxzpd",,
normal,Weekend e amra plan korte pari ekta movie dekhte. Tui ki free thakbi? Jodi thakis amra ek sathe plan korte pari.,Banglish,Weekend e amra plan korte pari ekta movie dekhte. Tui ki free thakbi? Jodi thakis amra ek sathe plan korte pari.,,
promo,KFC Tuesday offer: 2 pieces chicken + fries + drink only 299TK!,English,KFC Tuesday offer: 2 pieces chicken + fries + drink only 299TK!,,
promo,"Evaly shopping carnival: Fashion, electronics, and beauty products up to 60% discount. Shop from home and save big. Limited stock available.",Banglish,"Evaly shopping carnival: Fashion, electronics, and beauty products up to 60% discount. Shop from home and save big. Limited stock available.",,
normal,আজকে dinner এর জন্য কি plan? তুমি কিছু cook করতে চাও নাকি বাইরে order করি? Let me know,CodeMix,আজকে dinner এর জন্য কি plan? তুমি কিছু cook করতে চাও নাকি বাইরে order করি? Let me know,,
normal,I want to give time to build a book reading family.,English,I want to give time to build a book reading family.,,
promo,"Ajei shesh din! 40GB(bonus shoho) 500 taka 30din. Dial *121*5049#, mygp.li/mo",Banglish,"Ajei shesh din! 40GB(bonus shoho) 500 taka 30din. Dial *121*5049#, mygp.li/mo",,
promo,Buy a new mobile and get 1000 TK cashback! Trade in today.,English,Buy a new mobile and get 1000 TK cashback! Trade in today.,,
normal,বাড়িতে new house নিচ্ছে।,CodeMix,বাড়িতে new house নিচ্ছে।,,
promo,আজকের special: সব বইয়ে ১৫% discount। দেরি না করে এখনই order করুন।,CodeMix,আজকের special: সব বইয়ে ১৫% discount। দেরি না করে এখনই order করুন।,,
promo,special discount: shob laptop e 5% chhata. simitto stock.,Banglish,special discount: shob laptop e 5% chhata. simitto stock.,,
promo,TK60 cashback! 20GB @TK249 30din niye nao: cutt.ly/Pwlt8cOy,Banglish,TK60 cashback! 20GB @TK249 30din niye nao: cutt.ly/Pwlt8cOy,,
normal,আজকে dinner এর জন্য কি plan? তুমি cook করতে চাও নাকি বাইরে order করি? Let me know before ৭ pm,CodeMix,আজকে dinner এর জন্য কি plan? তুমি cook করতে চাও নাকি বাইরে order করি? Let me know before ৭ pm,,
promo,"ডাটা মিক্সারে করো পকেট সেভিং, নাও ১০জিবি@৳২৪৯,৩০দিন: cutt.ly/owARsARN",Bengali,"ডাটা মিক্সারে করো পকেট সেভিং, নাও ১০জিবি@৳২৪৯,৩০দিন: cutt.ly/owARsARN",,
normal,আমি স্বাস্থ্য মনে হয় এবং আমার শরীর ভালো মনে হয়।,Bengali,আমি স্বাস্থ্য মনে হয় এবং আমার শরীর ভালো মনে হয়।,,
promo,Beximco smartphones special offer! 45% off + free delivery. Visit showroom!,English,Beximco smartphones special offer! 45% off + free delivery. Visit showroom!,,
normal,Send urgent money to 01827382918.,English,Send urgent money to [PHONE] .,,
normal,"01827382785 ei number e call korun, TK dorkar.",Banglish,"[PHONE] ei number e call korun, TK dorkar.",,
normal,আম্মা বলছে তুমি অনেকদিন বাসায় আসোনি। এবার একদিন দেখা করে যেও।,Bengali,আম্মা বলছে তুমি অনেকদিন বাসায় আসোনি। এবার একদিন দেখা করে যেও।,,
normal,আমি একটি organization-এর director হিসাবে manage করতে চাই।,CodeMix,আমি একটি organization-এর director হিসাবে manage করতে চাই।,,
normal,"খালা, আপনি কি পরশু free থাকবেন? I need to discuss property papers.",CodeMix,"খালা, আপনি কি পরশু free থাকবেন? I need to discuss property papers.",,
promo,১ ডিলেই সপ্তাহের সব ইন্টারনেটিং- নাও ১০জিবি@৳১৫৮: cutt.ly/FwUC6vhp,Bengali,১ ডিলেই সপ্তাহের সব ইন্টারনেটিং- নাও ১০জিবি@৳১৫৮: cutt.ly/FwUC6vhp,,
normal,"Shahos rekho, shafollota tomar opekkhay.",Banglish,"Shahos rekho, shafollota tomar opekkhay.",,
normal,আপনার পাওনা টাকা জলদি পাঠান ০১৭২৮২৭২৯৩৮।,Bengali,আপনার পাওনা টাকা জলদি পাঠান [PHONE] ।,,
promo,Bonus shoho 2GB-40taka-7din. Dial *121*5037# ba mygp.li/mo,Banglish,Bonus shoho 2GB-40taka-7din. Dial *121*5037# ba mygp.li/mo,,
normal,আজ দুপুরে হঠাৎ বন্ধুর ফোন পেলাম। অনেকদিন পর কথা হলো। জীবনের অনেক নতুন খবর শেয়ার করলো।,Bengali,আজ দুপুরে হঠাৎ বন্ধুর ফোন পেলাম। অনেকদিন পর কথা হলো। জীবনের অনেক নতুন খবর শেয়ার করলো।,,
normal,Thanks for the delicious dinner yesterday! The fish curry was perfectly spiced and aromatic.,English,Thanks for the delicious dinner yesterday! The fish curry was perfectly spiced and aromatic.,,
normal,When will we meet? I will try to come here. You?,English,When will we meet? I will try to come here. You?,,
promo,"Sheikh Hasina sorkarer shafollyo: 
Krishokbandhu sorkar sharer mulyo komiye TSP 80 taka theke 27 taka, DAP 90 taka theke 21 taka ebong MOP 70 taka theke 20 taka kora hoy.",Banglish,"Sheikh Hasina sorkarer shafollyo: Krishokbandhu sorkar sharer mulyo komiye TSP 80 taka theke 27 taka, DAP 90 taka theke 21 taka ebong MOP 70 taka theke 20 taka kora hoy.",,
promo,Pathao Rides saver: Daily commute er jonno enjoy 30% discount on 5 rides each week. Promo code: PATH30. Offer valid till end of month.,Banglish,Pathao Rides saver: Daily commute er jonno enjoy 30% discount on 5 rides each week. Promo code: PATH30. Offer valid till end of month.,,
promo,"Banglalink গ্রাহকগণ, বিকেলে রিচার্জ করলে ৩০% বোনাস। অফার ৬টা পর্যন্ত।",Bengali,"Banglalink গ্রাহকগণ, বিকেলে রিচার্জ করলে ৩০% বোনাস। অফার ৬টা পর্যন্ত।",,
normal,Do you have a story for me?,English,Do you have a story for me?,,
promo,Guardian Life Insurance special premium! Health insurance with 10 lakh coverage just 5000 TK yearly!,English,Guardian Life Insurance special premium! Health insurance with 10 lakh coverage just 5000 TK yearly!,,
normal,Call me at 01724383987,English,Call me at [PHONE],,
promo,"150Tk cashback e nao data mixer 80GB@699Tk,30din: cutt.ly/lwMwLrfw",Banglish,"150Tk cashback e nao data mixer 80GB@699Tk,30din: cutt.ly/lwMwLrfw",,
normal,01827283951 number-e call korun.,Banglish,[PHONE] number-e call korun.,,
normal,"Hi Rafiq, meeting time কাল confirm করেছো কি? আমি ready করতে চাই, so kindly reply asap",CodeMix,"Hi Rafiq, meeting time কাল confirm করেছো কি? আমি ready করতে চাই, so kindly reply asap",,
promo,Shohoz Tickets দিয়ে ট্রেন টিকিট কিনলে ১২% ছাড়। কোড: TRAIN12।,Bengali,Shohoz Tickets দিয়ে ট্রেন টিকিট কিনলে ১২% ছাড়। কোড: TRAIN12।,,
normal,Your due amount of 5000TK needs immediate payment.,English,Your due amount of 5000TK needs immediate payment.,,
normal,Life in this world is three days - yesterday's day with what was done is gone; tomorrow's day you may not even reach; but today's day is for you so do whatever you have to do today. -[Imam Al-Hasan Al-Basri (R)],English,Life in this world is three days - yesterday's day with what was done is gone; tomorrow's day you may not even reach; but today's day is for you so do whatever you have to do today. -[Imam Al-Hasan Al-Basri (R)],,
promo,Greetings to all on the great Victory Day. Dilip Kumar Agarwala,English,Greetings to all on the great Victory Day. Dilip Kumar Agarwala,,
normal,"Power হলো sun-এর light-এর মতো, তাতে কেউ enlightened হয় আবার কেউ burn হয়ে শেষ হয়ে যায়।",CodeMix,"Power হলো sun-এর light-এর মতো, তাতে কেউ enlightened হয় আবার কেউ burn হয়ে শেষ হয়ে যায়।",,
promo,"TK100 cashback e prolevel deal-100GB@TK698,30din cutt.ly/AwQzYxAf",Banglish,"TK100 cashback e prolevel deal-100GB@TK698,30din cutt.ly/AwQzYxAf",,
normal,01672572938 number-e bKash korun.,Banglish,[PHONE] number-e bKash korun.,,
normal,baromash-er bondhuder shonge adda dite jacchi.,Banglish,baromash-er bondhuder shonge adda dite jacchi.,,
promo,"Happy New Year 2024. Sonali Bank is always with you in smart banking services. Md. Afzal Karim, CEO & MD",English,"Happy New Year 2024. Sonali Bank is always with you in smart banking services. Md. Afzal Karim, CEO & MD",,
normal,"Hi, কি happening?",CodeMix,"Hi, কি happening?",,
normal,বাড়ির পাশে একটি host রাখা হয়।,CodeMix,বাড়ির পাশে একটি host রাখা হয়।,,
normal,"আপনার electricity bill বাকি 950/- taka, তাড়াতাড়ি payment করুন।",CodeMix,"আপনার electricity bill বাকি 950/- taka, তাড়াতাড়ি payment করুন।",,
normal,"আজকে অনেকদিন পর পুরোনো বন্ধুদের সাথে দেখা হলো। সবাই মিলে আড্ডা, গল্প আর হাসি-মজায় সময়টা অসাধারণ কাটলো।",Bengali,"আজকে অনেকদিন পর পুরোনো বন্ধুদের সাথে দেখা হলো। সবাই মিলে আড্ডা, গল্প আর হাসি-মজায় সময়টা অসাধারণ কাটলো।",,
promo,"আড্ডা+ইন্টারনেটিংয়ে নতুন ডিল ১০জিবি+২৫০মি@২৫৮৳,৩০দিন cutt.ly/wwCctHGF",Bengali,"আড্ডা+ইন্টারনেটিংয়ে নতুন ডিল ১০জিবি+২৫০মি@২৫৮৳,৩০দিন cutt.ly/wwCctHGF",,
promo,Shohoz Food অ্যাপে আজ ৩০০ টাকার অর্ডারে ১০০ টাকা ছাড়! কোড: FOOD100।,Bengali,Shohoz Food অ্যাপে আজ ৩০০ টাকার অর্ডারে ১০০ টাকা ছাড়! কোড: FOOD100।,,
normal,Are you free this weekend? Let's catch up over tea.,English,Are you free this weekend? Let's catch up over tea.,,
normal,Kothay jachho?,Banglish,Kothay jachho?,,
promo,City Bank app pay করুন এবং instant cashback ২০% পান। Download now এবং enjoy hassle-free secure transactions,CodeMix,City Bank app pay করুন এবং instant cashback ২০% পান। Download now এবং enjoy hassle-free secure transactions,,
promo,Dutch-Bangla Bank education loan! Study abroad financing up to 25 lakh. Fulfill your academic dreams!,English,Dutch-Bangla Bank education loan! Study abroad financing up to 25 lakh. Fulfill your academic dreams!,,
promo,<#> আপনার MyGP PIN (code): 4283. Verify করতে use করুন. Don't share FyXTPoy9ZDa,CodeMix,<#> আপনার MyGP PIN (code): 4283. Verify করতে use করুন. Don't share FyXTPoy9ZDa,,
normal,"Tumi nijer upor bishbash rakho, shob kichu shombhob.",Banglish,"Tumi nijer upor bishbash rakho, shob kichu shombhob.",,
promo,"GP new offer: Recharge ২০০ TK এবং ২ GB extra data পান। Offer valid ২৪ hours, তাই recharge করুন আজই এবং enjoy data",CodeMix,"GP new offer: Recharge ২০০ TK এবং ২ GB extra data পান। Offer valid ২৪ hours, তাই recharge করুন আজই এবং enjoy data",,
promo,"১৩০TK-এ ১৫০min(৩০days) সাথে bonus,নিতে*১২১*৫২০৫#  https://mygp.li/a0",CodeMix,"১৩০TK-এ ১৫০min(৩০days) সাথে bonus,নিতে*১২১*৫২০৫# [URL]",,
promo,"ক্যামেরায় বিশেষ ছাড়! DSLR, অ্যাকশন ক্যামেরায় ৩৫% কমতি।",Bengali,"ক্যামেরায় বিশেষ ছাড়! DSLR, অ্যাকশন ক্যামেরায় ৩৫% কমতি।",,
promo,নতুন ফ্যাশন কালেকশনে ২০% ডিসকাউন্ট। আজই আসুন!,Bengali,নতুন ফ্যাশন কালেকশনে ২০% ডিসকাউন্ট। আজই আসুন!,,
promo,Balance low? Get up to 200TK GP emergency balance by dialing *9#,English,Balance low? Get up to 200TK GP emergency balance by dialing *9#,,
normal,Exam এর জন্য পড়াশোনা কেমন চলছে? I am so stressed about the final exam।,CodeMix,Exam এর জন্য পড়াশোনা কেমন চলছে? I am so stressed about the final exam।,,
normal,I wouldn't have known if you hadn't said,English,I wouldn't have known if you hadn't said,,
normal,The movie was fantastic! Thanks for suggesting it. We should watch more together.,English,The movie was fantastic! Thanks for suggesting it. We should watch more together.,,
normal,আসসালামু আলাইকুম।,Bengali,আসসালামু আলাইকুম।,,
normal,০১৬৭২৫৮৩৯৮৭ number-এ টাকা পাঠাও।,CodeMix,[PHONE] number-এ টাকা পাঠাও।,,
promo,Fitness equipment e 15% discount! Ajii order korun.,Banglish,Fitness equipment e 15% discount! Ajii order korun.,,
promo,"২০০৳ ক্যাশব্যাক শুধু আজকের জন্য- ৬১জিবি+১০০০মি@৳৬৯৯,৩০দিন: cutt.ly/FwQhpKHc",Bengali,"২০০৳ ক্যাশব্যাক শুধু আজকের জন্য- ৬১জিবি+১০০০মি@৳৬৯৯,৩০দিন: cutt.ly/FwQhpKHc",,
normal,Shubho Eid-ul-Fitr!,Banglish,Shubho Eid-ul-Fitr!,,
normal,তুমি কি my message পেয়েছ? I sent it earlier.,CodeMix,তুমি কি my message পেয়েছ? I sent it earlier.,,
normal,"তুমি alone নও, I'm here।",CodeMix,"তুমি alone নও, I'm here।",,
promo,"Century TK100 cashback! 26GB+500min@TK399, 30 days: cutt.ly/mwmJFpRa",English,"Century TK100 cashback! 26GB+500min@TK399, 30 days: cutt.ly/mwmJFpRa",,
normal,"Tumi parbe, ami jani.",Banglish,"Tumi parbe, ami jani.",,
normal,"বন্ধু, Sunday picnic এর জন্য plan ঠিক করেছো কি? আমরা early morning বের হব, Let’s coordinate",CodeMix,"বন্ধু, Sunday picnic এর জন্য plan ঠিক করেছো কি? আমরা early morning বের হব, Let’s coordinate",,
normal,Bidyaloyer boi pora khub pochondo.,Banglish,Bidyaloyer boi pora khub pochondo.,,
promo,Last day TK100 cashback! 50GB @TK398 30 days: cutt.ly/hwltB5hC,English,Last day TK100 cashback! 50GB @TK398 30 days: cutt.ly/hwltB5hC,,
normal,তোমার সাথে দেখা করতে চাই। Can we meet on Sunday?,CodeMix,তোমার সাথে দেখা করতে চাই। Can we meet on Sunday?,,
normal,"০১৬৭২৫৯২৮৭১ এই number-এ call করুন, আমার money দরকার।",CodeMix,"[PHONE] এই number-এ call করুন, আমার money দরকার।",,
promo,"Buy 1 Get 1 free at Aarong! এই অফারটি valid 10th October পর্যন্ত। Don't miss out, সুযোগ হাতছাড়া করবেন না!",CodeMix,"Buy 1 Get 1 free at Aarong! এই অফারটি valid 10th October পর্যন্ত। Don't miss out, সুযোগ হাতছাড়া করবেন না!",,
normal,I really like reading school books.,English,I really like reading school books.,,
normal,একটা story বলো। একবারে।,CodeMix,একটা story বলো। একবারে।,,
promo,Bkash er maddhome Shohoz ride payment e 25% cashback. Code: BK25,Banglish,Bkash er maddhome Shohoz ride payment e 25% cashback. Code: BK25,,
normal,"হাই, কেমন কাটছে দিনটি?",Bengali,"হাই, কেমন কাটছে দিনটি?",,
normal,"Shukrobar bazar e giye onek taka khoroch hoilo. Shobji, machh, mangsho kinte hoilo. Sob fresh chhilo.",Banglish,"Shukrobar bazar e giye onek taka khoroch hoilo. Shobji, machh, mangsho kinte hoilo. Sob fresh chhilo.",,
normal,emon karor shongi hon je apnake Allahor kotha smoron koriye dey. - [Dr. Bilal Phillips],Banglish,emon karor shongi hon je apnake Allahor kotha smoron koriye dey. - [Dr. Bilal Phillips],,
normal,"You are amazing, have faith in yourself.",English,"You are amazing, have faith in yourself.",,
normal,I'm planning to learn French next year. Any recommendations for classes?,English,I'm planning to learn French next year. Any recommendations for classes?,,
normal,Mejban pakhi pokkhe priyo premer ekti drishyo bishwas kora hoy.,Banglish,Mejban pakhi pokkhe priyo premer ekti drishyo bishwas kora hoy.,,
promo,"House decor items-এ ২০% discount। Stock limited, delay করবেন না।",CodeMix,"House decor items-এ ২০% discount। Stock limited, delay করবেন না।",,
normal,"আপনার পেমেন্ট বাকি রয়েছে, ০১৭২৮২৭৩৮১৯ টাকা পাঠান।",Bengali,"আপনার পেমেন্ট বাকি রয়েছে, [PHONE] টাকা পাঠান।",,
normal,I want to spend the main time of my life with you.,English,I want to spend the main time of my life with you.,,
normal,আজকের lunch time-এ বড় rain হচ্ছে।,CodeMix,আজকের lunch time-এ বড় rain হচ্ছে।,,
promo,Boro discount! Shiter poshake 30% chhar. Ajei visit korun amader store-e!,Banglish,Boro discount! Shiter poshake 30% chhar. Ajei visit korun amader store-e!,,
normal,The weather is perfect for a picnic. Should we plan something for this weekend at Suhrawardy Park?,English,The weather is perfect for a picnic. Should we plan something for this weekend at Suhrawardy Park?,,
normal,Congratulations on your son's graduation! Such a proud moment for the whole family. Well deserved success!,English,Congratulations on your son's graduation! Such a proud moment for the whole family. Well deserved success!,,
normal,০১৮৭৩৮২৮১৭৪ এই নাম্বারে টাকা পাঠান।,Bengali,[PHONE] এই নাম্বারে টাকা পাঠান।,,
promo,"Shohoz travel special: Dhaka to Sylhet bus tickets 15% discount, valid till 30th Sept. Use code: SYL15 in Shohoz app. Comfortable travel, save taka.",Banglish,"Shohoz travel special: Dhaka to Sylhet bus tickets 15% discount, valid till 30th Sept. Use code: SYL15 in Shohoz app. Comfortable travel, save taka.",,
promo,Meghna Group cement discount! All construction cement 15% off with free transportation. Build your dreams!,English,Meghna Group cement discount! All construction cement 15% off with free transportation. Build your dreams!,,
normal,What you can do is amazing.,English,What you can do is amazing.,,
normal,The homemade biryani smells amazing! Can't wait to taste it. You're such a great cook.,English,The homemade biryani smells amazing! Can't wait to taste it. You're such a great cook.,,
normal,"Ajke shokale khub brishti porse, college e jete parini.",Banglish,"Ajke shokale khub brishti porse, college e jete parini.",,
promo,"GP offer: Recharge ৩০০ TK এবং ৩ GB extra data। Limited period, recharge today এবং enjoy full benefit",CodeMix,"GP offer: Recharge ৩০০ TK এবং ৩ GB extra data। Limited period, recharge today এবং enjoy full benefit",,
normal,Tomar choto bhai admission niyeche? Kon university te?,Banglish,Tomar choto bhai admission niyeche? Kon university te?,,
promo,Walton smart appliance কিনলে gift voucher পাবেন TK 800। Order করুন আজই!,CodeMix,Walton smart appliance কিনলে gift voucher পাবেন TK 800। Order করুন আজই!,,
normal,Ajker rastar jam ekdom unbearable chhilo. Amar office pouchote 2 ghonta laglo. Stress full day.,Banglish,Ajker rastar jam ekdom unbearable chhilo. Amar office pouchote 2 ghonta laglo. Stress full day.,,
promo,Up to 90% discount on all books at Rokomari.com। ৳1000 এর উপরের orders এর জন্য free home delivery।,CodeMix,Up to 90% discount on all books at [URL] ৳1000 এর উপরের orders এর জন্য free home delivery।,,
normal,Inaya amar sathe ludo kheltese ar unexpected win korlo. Amar khub moja laglo.,Banglish,Inaya amar sathe ludo kheltese ar unexpected win korlo. Amar khub moja laglo.,,
normal,"Tawhid means all prayers, all weeping, all appeals for help, all hopes and prayers for the arrival of all good and prevention of all harm must be directed to no one else but only Allah. - [Imam Muhammad Ali Ash-Shawkani (Al Durr Al-Nadid)]",English,"Tawhid means all prayers, all weeping, all appeals for help, all hopes and prayers for the arrival of all good and prevention of all harm must be directed to no one else but only Allah. - [Imam Muhammad Ali Ash-Shawkani (Al Durr Al-Nadid)]",,
normal,Where are you? আমি 30 minutes ধরে তোমার জন্য wait করছি।,CodeMix,Where are you? আমি 30 minutes ধরে তোমার জন্য wait করছি।,,
normal,Call me urgently at this number 01724839856.,English,Call me urgently at this number [PHONE] .,,
normal,Hope তোমার জীবন becomes সমৃদ্ধ!,CodeMix,Hope তোমার জীবন becomes সমৃদ্ধ!,,
normal,Ajke class test easy chhilo. Sob question familiar laglo. Matha relax hoilo.,Banglish,Ajke class test easy chhilo. Sob question familiar laglo. Matha relax hoilo.,,
normal,আজ lunch কোথায় খাওয়া যায়? Any idea? আমরা দুইটা restaurant check করতে পারি।,CodeMix,আজ lunch কোথায় খাওয়া যায়? Any idea? আমরা দুইটা restaurant check করতে পারি।,,
promo,"Bangladesh noubahinite sorasori commissioned officer pade niyog cholche. 
Visit korun: www.joinnavy.navy.mil.bd",Banglish,Bangladesh noubahinite sorasori commissioned officer pade niyog cholche. Visit korun: [URL],,
normal,"Aajke Inaya k onek rojroja lagche, doctor er kache niye jabo.",Banglish,"Aajke Inaya k onek rojroja lagche, doctor er kache niye jabo.",,
normal,Bhaiya bhortir jonno ki babar ay er shonod dite i hoy?? Bolben ektu,Banglish,Bhaiya bhortir jonno ki babar ay er shonod dite i hoy?? Bolben ektu,,
normal,"Kokhono mone hoy shob je distractoin, ei mobile internet ei online duniya, shobai emon bhabe bhitore dhukshe je eshob chara single ekta day spend kora kothin",Banglish,"Kokhono mone hoy shob je distractoin, ei mobile internet ei online duniya, shobai emon bhabe bhitore dhukshe je eshob chara single ekta day spend kora kothin",,
normal,"ভাই, তুমি কি কালকে doctor's appointment এ যাবে? Can you pick me up on the way?",CodeMix,"ভাই, তুমি কি কালকে doctor's appointment এ যাবে? Can you pick me up on the way?",,
promo,"Hotshot 20TK cashback! Hotspot deal 22GB@177TK, 7 days: cutt.ly/pw746B4G",English,"Hotshot 20TK cashback! Hotspot deal 22GB@177TK, 7 days: cutt.ly/pw746B4G",,
normal,আজ রাতে ক্রিকেট ম্যাচ আছে বাংলাদেশ বনাম ভারত। সবাই একসাথে ক্যাফেতে বসে দেখব কেমন হয়?,Bengali,আজ রাতে ক্রিকেট ম্যাচ আছে বাংলাদেশ বনাম ভারত। সবাই একসাথে ক্যাফেতে বসে দেখব কেমন হয়?,,
normal,Your hard work will pay off.,English,Your hard work will pay off.,,
promo,"Summer sale: সব shirts, trousers, এবং accessories ২৫% discount। Online বা physical store থেকে buy করুন এবং free delivery পান",CodeMix,"Summer sale: সব shirts, trousers, এবং accessories ২৫% discount। Online বা physical store থেকে buy করুন এবং free delivery পান",,
promo,"TK 40 cashback! 46GB@TK 458, 30 days, grab it now: cutt.ly/GwWYCCfJ",English,"TK 40 cashback! 46GB@TK 458, 30 days, grab it now: cutt.ly/GwWYCCfJ",,
normal,"মামা, আগামীকাল আমাদের পারিবারিক অনুষ্ঠান। সময়মতো আসবেন।",Bengali,"মামা, আগামীকাল আমাদের পারিবারিক অনুষ্ঠান। সময়মতো আসবেন।",,
promo,Get your favorite Skitto packs from bKash app now: cutt.ly/Zwcqh6YQ,English,Get your favorite Skitto packs from bKash app now: cutt.ly/Zwcqh6YQ,,
normal,"Apnar bidyut bill baki 950/- taka, joldi porishod korun.",Banglish,"Apnar bidyut bill baki 950/- taka, joldi porishod korun.",,
promo,"শেখ হাসিনা সরকারের সাফল্য:
২০০৮ সালে মোবাইল হ্যান্ডসেট উৎপাদন ছিল শূণ্য %, বর্তমানে দেশের ১৫টি কারখানা থেকে চাহিদার ৯৭% পূরণ হচ্ছে।",Bengali,"শেখ হাসিনা সরকারের সাফল্য: ২০০৮ সালে মোবাইল হ্যান্ডসেট উৎপাদন ছিল শূণ্য %, বর্তমানে দেশের ১৫টি কারখানা থেকে চাহিদার ৯৭% পূরণ হচ্ছে।",,
promo,"Yellow fashion autumn sale: Saree, panjabi, jeans up to 50% discount. Extra 10% off with City Bank card.",Banglish,"Yellow fashion autumn sale: Saree, panjabi, jeans up to 50% discount. Extra 10% off with City Bank card.",,
promo,Daraz Electronics Fair-এ ল্যাপটপে ৩০% পর্যন্ত ডিসকাউন্ট।,Bengali,Daraz Electronics Fair-এ ল্যাপটপে ৩০% পর্যন্ত ডিসকাউন্ট।,,
normal,Ajker rastar jam ekdom unbearable chhilo. Bus e boshe 2 ghonta waste hoise. Metro use korle eto time waste hoto na. Amar matha gorom hoye geche.,Banglish,Ajker rastar jam ekdom unbearable chhilo. Bus e boshe 2 ghonta waste hoise. Metro use korle eto time waste hoto na. Amar matha gorom hoye geche.,,
normal,আজকে কি শপিং করতে যাবে?,Bengali,আজকে কি শপিং করতে যাবে?,,
normal,"প্রিয় শিক্ষার্থী, আপনার টিউশন ফি আজ পর্যন্ত ২০,৫০০.০০ টাকা বকেয়া আছে। (পূর্বের লেট ফাইন ও বকেয়াসহ) চলতি মাসের টিউশন ফি (জরিমানা ছাড়া) ১৫ই সেপ্টেম্বর, ২০২৪ মধ্যে পরিশোধ করুন। বিস্তারিত https://student.aiub.edu.bd/ লগইন করুন। (AIUB)",Bengali,"প্রিয় শিক্ষার্থী, আপনার টিউশন ফি আজ পর্যন্ত ২০,৫০০.০০ টাকা বকেয়া আছে। (পূর্বের লেট ফাইন ও বকেয়াসহ) চলতি মাসের টিউশন ফি (জরিমানা ছাড়া) ১৫ই সেপ্টেম্বর, ২০২৪ মধ্যে পরিশোধ করুন। বিস্তারিত [URL] লগইন করুন। (AIUB)",,
promo,"গ্রীষ্মের special discount at shops! সব items এ amazing offers. Hurry, offer valid soon.",CodeMix,"গ্রীষ্মের special discount at shops! সব items এ amazing offers. Hurry, offer valid soon.",,
normal,Shubho Bhalobasha Dibosh!,Banglish,Shubho Bhalobasha Dibosh!,,
promo,"পূর্বাচল সংলগ্ন নাভানা'র ৩,৫ ও ১০ কাঠার প্লট কিনুন – ০১৮৪৭-২১৪০১৮",Bengali,"পূর্বাচল সংলগ্ন নাভানা'র ৩,৫ ও ১০ কাঠার প্লট কিনুন – [PHONE]",,
normal,Tumi ki college-e jachcho?,Banglish,Tumi ki college-e jachcho?,,
normal,Ki khobor?,Banglish,Ki khobor?,,
normal,01672573848 namber-e call korun.,Banglish,[PHONE] namber-e call korun.,,
normal,Happy birthday! Hope you have a wonderful day filled with joy and laughter.,English,Happy birthday! Hope you have a wonderful day filled with joy and laughter.,,
promo,সোনালী ব্যাংকের সেভিংস অ্যাকাউন্টে এখন ১০% পর্যন্ত সুদ। আজই খুলুন এবং বোনাস ৫০০ টাকা পান।,Bengali,সোনালী ব্যাংকের সেভিংস অ্যাকাউন্টে এখন ১০% পর্যন্ত সুদ। আজই খুলুন এবং বোনাস ৫০০ টাকা পান।,,
normal,Apnar pawna taka joldi pathan 01728272938.,Banglish,Apnar pawna taka joldi pathan [PHONE] .,,
normal,Today I will go to a new restaurant.,English,Today I will go to a new restaurant.,,
promo,Janata Bank loan special! Up to 12 lakh at 9% interest. Apply now!,English,Janata Bank loan special! Up to 12 lakh at 9% interest. Apply now!,,
normal,Adhika school e ajke drawing competition e participate korse. O ekta rongin bird er chhobi akse. Sobai appreciate korse. Tore dekhale tumi enjoy korba.,Banglish,Adhika school e ajke drawing competition e participate korse. O ekta rongin bird er chhobi akse. Sobai appreciate korse. Tore dekhale tumi enjoy korba.,,
normal,Shuvo Pohela Boishakh!,CodeMix,Shuvo Pohela Boishakh!,,
normal,"আজ তোমার কাছে আসতে পারবো না? হ্যাঁ, আমি এখানে রয়েছি। আপনি কি চান?",Bengali,"আজ তোমার কাছে আসতে পারবো না? হ্যাঁ, আমি এখানে রয়েছি। আপনি কি চান?",,
normal,Amar ekta shomoshya ache.,Banglish,Amar ekta shomoshya ache.,,
promo,GP গ্রাহকরা বিল পরিশোধ করলে ৫% ক্যাশব্যাক পাবেন। অফার মাস শেষ হওয়া পর্যন্ত বৈধ।,Bengali,GP গ্রাহকরা বিল পরিশোধ করলে ৫% ক্যাশব্যাক পাবেন। অফার মাস শেষ হওয়া পর্যন্ত বৈধ।,,
promo,"প্রো-লেভেল ৳১০০ ক্যাশব্যাকে ৩৫জিবি+৫০০মি.@৳৩৯৯, ৩০দিন cutt.ly/2wQlYv6U",Bengali,"প্রো-লেভেল ৳১০০ ক্যাশব্যাকে ৩৫জিবি+৫০০মি.@৳৩৯৯, ৩০দিন cutt.ly/2wQlYv6U",,
promo,Robi combo pack মাত্র TK 400। Shop করুন এখনই!,CodeMix,Robi combo pack মাত্র TK 400। Shop করুন এখনই!,,
normal,"Hi Arif, কালকে library এ study session হবে। তুমি আসছো কি? Let’s meet around ৫ pm and discuss notes",CodeMix,"Hi Arif, কালকে library এ study session হবে। তুমি আসছো কি? Let’s meet around ৫ pm and discuss notes",,
promo,GP Music App সাবস্ক্রিপশন প্রথম মাস ফ্রি। সক্রিয় করতে *121*99#।,Bengali,GP Music App সাবস্ক্রিপশন প্রথম মাস ফ্রি। সক্রিয় করতে *121*99#।,,
promo,"৫০৳ চিল ক্যাশব্যাকে ৩১জিবি+৪৫০মি.@৪৪৯৳ ৩০দিন, নাও: cutt.ly/KwMwLOgt",Bengali,"৫০৳ চিল ক্যাশব্যাকে ৩১জিবি+৪৫০মি.@৪৪৯৳ ৩০দিন, নাও: cutt.ly/KwMwLOgt",,
normal,আমরা শুক্রবার সবাই মিলে গ্রামের বাড়ি যাচ্ছি। অনেকদিন হয়ে গেছে সবাই একসাথে যাওয়া হয়নি। ভাবছি মাছ ধরবো আর আড্ডা দেবো। তুমি আসবে তো আমাদের সাথে?,Bengali,আমরা শুক্রবার সবাই মিলে গ্রামের বাড়ি যাচ্ছি। অনেকদিন হয়ে গেছে সবাই একসাথে যাওয়া হয়নি। ভাবছি মাছ ধরবো আর আড্ডা দেবো। তুমি আসবে তো আমাদের সাথে?,,
normal,শুভ Rath Yatra!,CodeMix,শুভ Rath Yatra!,,
promo,Up to 60% discount on all books at Rokomari.com। ৳700 এর উপরের orders এর জন্য free home delivery।,CodeMix,Up to 60% discount on all books at [URL] ৳700 এর উপরের orders এর জন্য free home delivery।,,
normal,কালকে storm warning আছে। Should we postpone our river trip?,CodeMix,কালকে storm warning আছে। Should we postpone our river trip?,,
normal,সন্ধ্যায় বন্ধুরা নিয়ে ক্যাফেতে আড্ডা দিলাম। অনেকদিন পর একসাথে বসে গল্প করলাম। হাসি-মজায় সময়টা দুর্দান্ত কেটেছে।,Bengali,সন্ধ্যায় বন্ধুরা নিয়ে ক্যাফেতে আড্ডা দিলাম। অনেকদিন পর একসাথে বসে গল্প করলাম। হাসি-মজায় সময়টা দুর্দান্ত কেটেছে।,,
promo,নতুন মেনুতে ১০% ছাড়! আজই আমাদের রেস্তোরাঁয় আসুন।,Bengali,নতুন মেনুতে ১০% ছাড়! আজই আমাদের রেস্তোরাঁয় আসুন।,,
normal,Tumi kothay acho?,Banglish,Tumi kothay acho?,,
promo,"১২৫TK cashback! ৬১GB+১০০০min@৭৭৪TK, ৩০days: cutt.ly/8wBQC0MC",CodeMix,"১২৫TK cashback! ৬১GB+১০০০min@৭৭৪TK, ৩০days: cutt.ly/8wBQC0MC",,
normal,Kemon jeno tomar shomoy katchhe?,Banglish,Kemon jeno tomar shomoy katchhe?,,
normal,তোমার house কতটুকু দূরে?,CodeMix,তোমার house কতটুকু দূরে?,,
normal,"Tumi ki priyo boi porcho? Hyan, bikhyato boi pori.",Banglish,"Tumi ki priyo boi porcho? Hyan, bikhyato boi pori.",,
promo,"cashback e century 100TK! 30GB+500min. @399TK,30din: cutt.ly/AwkY4L2C",Banglish,"cashback e century 100TK! 30GB+500min. @399TK,30din: cutt.ly/AwkY4L2C",,
promo,"150TK cashback! Get Data Mixer 80GB@699TK,30days: cutt.ly/lwMwLrfw",English,"150TK cashback! Get Data Mixer 80GB@699TK,30days: cutt.ly/lwMwLrfw",,
normal,Ha ha ha good joke. Girls are investigators of situations.,English,Ha ha ha good joke. Girls are investigators of situations.,,
promo,"Get 499TK offer for just 399TK! 31GB+450min,30days: cutt.ly/2wQlYv6U",English,"Get 499TK offer for just 399TK! 31GB+450min,30days: cutt.ly/2wQlYv6U",,
normal,01873828174 ei number e taka pathan.,Banglish,[PHONE] ei number e taka pathan.,,
promo,"ডাটা মিক্সারে করো pocket saving, নাও 60GB@TK569, 30days: cutt.ly/HwQzEu9E",CodeMix,"ডাটা মিক্সারে করো pocket saving, নাও 60GB@TK569, 30days: cutt.ly/HwQzEu9E",,
normal,"Rag kore kokhono bhalobashar manushke kosto dite nei. Rag kore beshi obhela korte nei, bhalobashar manushke. Ete kore jiboner shobcheye dami jinish, bhalobashar manushke harate hoy.",Banglish,"Rag kore kokhono bhalobashar manushke kosto dite nei. Rag kore beshi obhela korte nei, bhalobashar manushke. Ete kore jiboner shobcheye dami jinish, bhalobashar manushke harate hoy.",,
normal,তোমার SIM change হয়েছে? I tried calling but number not reachable.,CodeMix,তোমার SIM change হয়েছে? I tried calling but number not reachable.,,
normal,আমি একটি নতুন প্রতিষ্ঠানের ব্যবসায় করতে চাই।,Bengali,আমি একটি নতুন প্রতিষ্ঠানের ব্যবসায় করতে চাই।,,
normal,তুমি কি new market যাবে? I need to buy wedding gifts.,CodeMix,তুমি কি new market যাবে? I need to buy wedding gifts.,,
normal,Chhoto bhai ajke amar sathe football khelar somoy goal korlo. She onek excited hoye amar sathe celebrate korlo. Amar mon khushi hoye gelo.,Banglish,Chhoto bhai ajke amar sathe football khelar somoy goal korlo. She onek excited hoye amar sathe celebrate korlo. Amar mon khushi hoye gelo.,,
promo,নতুন ক্লায়েন্টদের জন্য স্পেশাল অফার! আমাদের সার্ভিসে ২০% ছাড়।,Bengali,নতুন ক্লায়েন্টদের জন্য স্পেশাল অফার! আমাদের সার্ভিসে ২০% ছাড়।,,
normal,আমি একটি নতুন organization-এর conference করতে চাই।,CodeMix,আমি একটি নতুন organization-এর conference করতে চাই।,,
normal,Ajker rastar jam dekhe amar matha gorom hoye jacchilo. Metro use kore porte gelo ektu bhalo lagse. Bus e jete gele aro deri hoto.,Banglish,Ajker rastar jam dekhe amar matha gorom hoye jacchilo. Metro use kore porte gelo ektu bhalo lagse. Bus e jete gele aro deri hoto.,,
normal,Ami ekta Bangla choto golpo porte chai.,Banglish,Ami ekta Bangla choto golpo porte chai.,,
normal,Exam er stress khub beshi hocche ajke kalke. Amar matha thik moto kaj korte chay na. Tore preparation kemon cholche?,Banglish,Exam er stress khub beshi hocche ajke kalke. Amar matha thik moto kaj korte chay na. Tore preparation kemon cholche?,,
promo,Shwapno Eid special! All food items 20% discount + free home delivery on orders above 1000 TK!,English,Shwapno Eid special! All food items 20% discount + free home delivery on orders above 1000 TK!,,
normal,তুমি কি একটা চা পাবে?,Bengali,তুমি কি একটা চা পাবে?,,
normal,Barir pashe ekti mejban rakha hoy.,Banglish,Barir pashe ekti mejban rakha hoy.,,
normal,শুভ বিজয়া দশমী!,Bengali,শুভ বিজয়া দশমী!,,
promo,"সেপ্টেম্বর-২৩
রিচার্জ:50৳
খরচ:
ডেটা:168৳
ভয়েস:119৳
অন্যান্য:0৳",Bengali,সেপ্টেম্বর-২৩ রিচার্জ:50৳ খরচ: ডেটা:168৳ ভয়েস:119৳ অন্যান্য:0৳,,
promo,Bonus সহ ২GB-৪০TK-৭days। Dial *১২১*৫০৩৭# বা mygp.li/mo,CodeMix,Bonus সহ ২GB-৪০TK-৭days। Dial *১২১*৫০৩৭# বা mygp.li/mo,,
normal,আজকে কি exercise যাবে? Let's go together.,CodeMix,আজকে কি exercise যাবে? Let's go together.,,
normal,What's new?,English,What's new?,,
normal,"০১৮২৭২৮৩৮৯২ এই number-এ call করুন, emergency।",CodeMix,"[PHONE] এই number-এ call করুন, emergency।",,
normal,01827382739 এই number-এ দ্রুত money পাঠাও।,CodeMix,[PHONE] এই number-এ দ্রুত money পাঠাও।,,
promo,"Adda+interneting e notun deal 10GB+250min@258TK,30din cutt.ly/wwCctHGF",Banglish,"Adda+interneting e notun deal 10GB+250min@258TK,30din cutt.ly/wwCctHGF",,
promo,"নবরাত্রি অফার! সব শাড়িতে ৪০% ছাড়। বসুন্ধরা মল, আজ থেকে ৯ দিন।",Bengali,"নবরাত্রি অফার! সব শাড়িতে ৪০% ছাড়। বসুন্ধরা মল, আজ থেকে ৯ দিন।",,
promo,নতুন mobile কিনুন এবং ১০০০ TK cashback পান! আজই trade-in করুন।,CodeMix,নতুন mobile কিনুন এবং ১০০০ TK cashback পান! আজই trade-in করুন।,,
normal,Kalke amar old friend sathe rastay dekha holo. Ek cup cha kheye purono golpo korte korte moja holo.,Banglish,Kalke amar old friend sathe rastay dekha holo. Ek cup cha kheye purono golpo korte korte moja holo.,,
normal,আজকে কি free আছো? আমার তোমার সাথে কথা আছে about our project।,CodeMix,আজকে কি free আছো? আমার তোমার সাথে কথা আছে about our project।,,
promo,Robi গ্রাহকদের জন্য ডেটা বোনাস: ২০০ টাকা রিচার্জে ২ জিবি ফ্রি। অফার সীমিত সময়ের জন্য।,Bengali,Robi গ্রাহকদের জন্য ডেটা বোনাস: ২০০ টাকা রিচার্জে ২ জিবি ফ্রি। অফার সীমিত সময়ের জন্য।,,
promo,"Pro-level TK100 cashback e 35GB+500mi.@TK399,30din cutt.ly/2wQlYv6U",Banglish,"Pro-level TK100 cashback e 35GB+500mi.@TK399,30din cutt.ly/2wQlYv6U",,
promo,"ইন্টারনেটিংয়ে পকেট সেভিং, নাও ২জিবি@৳৬৯, ৭দিন: cutt.ly/CwUPKGTR",Bengali,"ইন্টারনেটিংয়ে পকেট সেভিং, নাও ২জিবি@৳৬৯, ৭দিন: cutt.ly/CwUPKGTR",,
promo,"Pocket saving for internet, take 2GB@TK69, 7 days: cutt.ly/CwUPKGTR",English,"Pocket saving for internet, take 2GB@TK69, 7 days: cutt.ly/CwUPKGTR",,
promo,"TK399 te TK499 er offer! Nao 31GB+450mi., 30din: cutt.ly/2wQlYv6U",Banglish,"TK399 te TK499 er offer! Nao 31GB+450mi., 30din: cutt.ly/2wQlYv6U",,
normal,তোমার pet কেমন আছে?,CodeMix,তোমার pet কেমন আছে?,,
normal,Ajker rastar jam dekhe matha gorom hoye jacchilo. Metro niye jawar karone ektu bacha gelo. Bus e thakle aro deri hoto.,Banglish,Ajker rastar jam dekhe matha gorom hoye jacchilo. Metro niye jawar karone ektu bacha gelo. Bus e thakle aro deri hoto.,,
normal,A favorite love scene is believed to be on the side of the guest bird.,English,A favorite love scene is believed to be on the side of the guest bird.,,
normal,আমার জন্য একটু অপেক্ষা করো। I am running late। 35 minutes এর মধ্যে চলে আসছি।,CodeMix,আমার জন্য একটু অপেক্ষা করো। I am running late। 35 minutes এর মধ্যে চলে আসছি।,,
promo,30GB (with bonus) for 300TK valid 30 days. Dial *121*5254# or mygp.li/mo,English,30GB (with bonus) for 300TK valid 30 days. Dial *121*5254# or mygp.li/mo,,
promo,Bonus সহ ৭GB-১৩০TK-৩০days। Dial *১২১*৫৪৬৯# বা visit mygp.li/mo,CodeMix,Bonus সহ ৭GB-১৩০TK-৩০days। Dial *১২১*৫৪৬৯# বা visit mygp.li/mo,,
promo,Samsung Galaxy S21 only 65000 TK! EMI facility available. Visit Bashundhara City today.,Banglish,Samsung Galaxy S21 only 65000 TK! EMI facility available. Visit Bashundhara City today.,,
promo,Smart mobile phone-এ display করে e-driving license ব্যবহার করা যাবে।-BRTA,CodeMix,Smart mobile phone-এ display করে e-driving license ব্যবহার করা যাবে।-BRTA,,
promo,"Hotel Cox Today: Book 3 nights, pay for 2 + free breakfast. Call 01300011223 to reserve your room.",Banglish,"Hotel Cox Today: Book 3 nights, pay for 2 + free breakfast. Call [PHONE] to reserve your room.",,
promo,"Adda+internetinge notun deal 12GB+300mi@297TK,30din cutt.ly/Nw0efEst",Banglish,"Adda+internetinge notun deal 12GB+300mi@297TK,30din cutt.ly/Nw0efEst",,
promo,"Apnar jibon, swasthyo o shompoder onakankkhito/durghotonajonit khoti laghober byobostha holo bima. Bima korun, jhuktimukto thakun -Bima unnoti o niyontron kortripokkhyo.",Banglish,"Apnar jibon, swasthyo o shompoder onakankkhito/durghotonajonit khoti laghober byobostha holo bima. Bima korun, jhuktimukto thakun -Bima unnoti o niyontron kortripokkhyo.",,
promo,Home appliances-এর উপর 25% পর্যন্ত discount! Offer শেষ হওয়ার আগে opportunity নিন।,CodeMix,Home appliances-এর উপর 25% পর্যন্ত discount! Offer শেষ হওয়ার আগে opportunity নিন।,,
normal,"বন্ধু, picnic plan ঠিক করেছো কি? Early morning বের হবো, Let’s discuss route এবং food arrangement",CodeMix,"বন্ধু, picnic plan ঠিক করেছো কি? Early morning বের হবো, Let’s discuss route এবং food arrangement",,
normal,আজ বৃষ্টি হচ্ছে। ক্লাস বাতিল হয়েছে কিনা জানো?,Bengali,আজ বৃষ্টি হচ্ছে। ক্লাস বাতিল হয়েছে কিনা জানো?,,
normal,আজকে movie দেখবে?,CodeMix,আজকে movie দেখবে?,,
normal,একটা গল্প বলো। একবারে।,Bengali,একটা গল্প বলো। একবারে।,,
promo,"১৭ মে বিশ্ব টেলিযোগাযোগ ও তথ্য সংঘ দিবস, ২০২৩ এর প্রতিপাদ্য বিষয়
“তথ্য ও যোগাযোগ প্রযুক্তির উন্নয়ন
স্বল্পোন্নত দেশসমূহের ক্ষমতায়ন”-ডাক ও টেলিযোগাযোগ বিভাগ।",Bengali,"১৭ মে বিশ্ব টেলিযোগাযোগ ও তথ্য সংঘ দিবস, ২০২৩ এর প্রতিপাদ্য বিষয় “তথ্য ও যোগাযোগ প্রযুক্তির উন্নয়ন স্বল্পোন্নত দেশসমূহের ক্ষমতায়ন”-ডাক ও টেলিযোগাযোগ বিভাগ।",,
normal,It's very cold today.,English,It's very cold today.,,
normal,01672563741 ei number e taka patha.,Banglish,[PHONE] ei number e taka patha.,,
normal,আজ সকালে হাঁটতে বের হয়েছিলাম। ঠাণ্ডা বাতাসে মনটা ফ্রেশ হয়ে গেলো। দিনের শুরুটা সুন্দর হলো।,Bengali,আজ সকালে হাঁটতে বের হয়েছিলাম। ঠাণ্ডা বাতাসে মনটা ফ্রেশ হয়ে গেলো। দিনের শুরুটা সুন্দর হলো।,,
promo,ফ্ল্যাট ১০% ছাড় সারা স্টোরে। কোড: FLAT10. শুধুমাত্র অনলাইনে।,Bengali,ফ্ল্যাট ১০% ছাড় সারা স্টোরে। কোড: FLAT10. শুধুমাত্র অনলাইনে।,,
promo,Buy 2 get 1 free on all Kazi Nazrul items at Aarong this weekend only!,English,Buy 2 get 1 free on all Kazi Nazrul items at Aarong this weekend only!,,
promo,Rate list update-এর জন্য public opinion collect করা হচ্ছে। Opinion দেওয়ার জন্য BTRC-র website-এর notice board দেখুন (http://www.btrc.gov.bd/)। আপনার valuable opinion আমাদের কাছে অত্যন্ত important।-BTRC,CodeMix,Rate list update-এর জন্য public opinion collect করা হচ্ছে। Opinion দেওয়ার জন্য BTRC-র website-এর notice board দেখুন [URL] আপনার valuable opinion আমাদের কাছে অত্যন্ত important।-BTRC,,
promo,"Call duration 00:02:51, charged 3.6 Taka, remaining balance is   10.94  Taka",Bengali,"Call duration 00:02:51, charged 3.6 Taka, remaining balance is 10.94 Taka",,
promo,Masco Group job circular! Management trainee positions available. Salary 50000 TK. Apply: mascojobs.bd!,English,Masco Group job circular! Management trainee positions available. Salary 500 TK. Apply: [URL],,
normal,"Aj bishesh din, ami barite bose achi.",Banglish,"Aj bishesh din, ami barite bose achi.",,
promo,Flat 15% discount shob shopping e. Code: DISCOUNT15.,Banglish,Flat 15% discount shob shopping e. Code: DISCOUNT15.,,
normal,Shuvo shondhya!,Banglish,Shuvo shondhya!,,
promo,আজ ধানমন্ডি শাখার শুভ উদ্বোধনে ফ্ল্যাট৫০%ছাড়! ০১৮৯৬০০১৯২৯ cutt.ly/fmw,Bengali,আজ ধানমন্ডি শাখার শুভ উদ্বোধনে ফ্ল্যাট৫০%ছাড়! [PHONE] cutt.ly/fmw,,
normal,তোমার পাশে একটি পাথুরি আছে। ধন্যবাদ।,Bengali,তোমার পাশে একটি পাথুরি আছে। ধন্যবাদ।,,
promo,"ফুলঅন আড্ডা+ইন্টারনেটিং করতে ৬১জিবি+১০০০মি@৳৮৯৯,৩০দিন cutt.ly/LwEXIUPL",Bengali,"ফুলঅন আড্ডা+ইন্টারনেটিং করতে ৬১জিবি+১০০০মি@৳৮৯৯,৩০দিন cutt.ly/LwEXIUPL",,
normal,I want to do business with a new organization.,English,I want to do business with a new organization.,,
normal,The garden looks beautiful with all the new flowers blooming everywhere. Spring is here!,English,The garden looks beautiful with all the new flowers blooming everywhere. Spring is here!,,
normal,Do you want to stay here?,English,Do you want to stay here?,,
promo,"ক্যাশব্যাকে সেঞ্চুরি ৳১০০! ৪৬জিবি @ ৳৩৯৮,৩০দিন: cutt.ly/AwQzYxAf",Bengali,"ক্যাশব্যাকে সেঞ্চুরি ৳১০০! ৪৬জিবি @ ৳৩৯৮,৩০দিন: cutt.ly/AwQzYxAf",,
normal,তুমি কি cooking করছো?,CodeMix,তুমি কি cooking করছো?,,
promo,"GP YouTube Pack: 20GB only 249TK, validity 30 days. Dial *121*249# now.",Banglish,"GP YouTube Pack: 20GB only 249TK, validity 30 days. Dial *121*249# now.",,
promo,নতুন সিজনে সব পোশাকে ২৫% ডিসকাউন্ট। আজই শপিং করুন।,Bengali,নতুন সিজনে সব পোশাকে ২৫% ডিসকাউন্ট। আজই শপিং করুন।,,
promo,Dutch-Bangla home loan launched! 0% interest at only 4829 TK. Apply today!,English,Dutch-Bangla home loan launched! 0% interest at only 4829 TK. Apply today!,,
promo,"পূর্বাচল সংলগ্ন ভরাটকৃত রেডি প্লট, কাঠা সর্বনিম্ন ৪.৫লক্ষ
01894841736",Bengali,"পূর্বাচল সংলগ্ন ভরাটকৃত রেডি প্লট, কাঠা সর্বনিম্ন ৪.৫লক্ষ [PHONE]",,
normal,Tomar ki bastob bhalo lagche? Ami amar basay alpo somoy deowa bhalo lage.,Banglish,Tomar ki bastob bhalo lagche? Ami amar basay alpo somoy deowa bhalo lage.,,
normal,সকালটা ভালো গেল? My morning was hectic।,CodeMix,সকালটা ভালো গেল? My morning was hectic।,,
normal,০১৭২৯১৭২৯৪৯ এই number-এ Rocket-এ money পাঠান।,CodeMix,[PHONE] এই number-এ Rocket-এ money পাঠান।,,
promo,Banglalink Game Portal-এ সাবস্ক্রিপশন এখন মাত্র ১২ টাকা প্রতিদিন। খেলা হোক আরও মজার। সক্রিয় করতে *5000# ডায়াল করুন।,Bengali,Banglalink Game Portal-এ সাবস্ক্রিপশন এখন মাত্র ১২ টাকা প্রতিদিন। খেলা হোক আরও মজার। সক্রিয় করতে *5000# ডায়াল করুন।,,
normal,"আম্মা তোমাকে খুঁজছিলো। সে বললো, দুপুরে ফোন করতে ভুলোনা।",Bengali,"আম্মা তোমাকে খুঁজছিলো। সে বললো, দুপুরে ফোন করতে ভুলোনা।",,
normal,ami ekti barta pachhi ei ja kono apni hol ei ja pelam ei ja shomadhan dey ei ja onnano ekti shomadhan dey.,Banglish,ami ekti barta pachhi ei ja kono apni hol ei ja pelam ei ja shomadhan dey ei ja onnano ekti shomadhan dey.,,
normal,Kani ajke school er debate competition e participate korse. O boro confidence diye kotha bollo ar judges appreciate korlo. Sobai clapping korlo.,Banglish,Kani ajke school er debate competition e participate korse. O boro confidence diye kotha bollo ar judges appreciate korlo. Sobai clapping korlo.,,
normal,Are you with family?,English,Are you with family?,,
promo,"আড্ডা+ইন্টারনেটিংয়ে নতুন ডিল ১২জিবি+৩০০মি@২৯৭৳,৩০দিন cutt.ly/Nw0efEst",Bengali,"আড্ডা+ইন্টারনেটিংয়ে নতুন ডিল ১২জিবি+৩০০মি@২৯৭৳,৩০দিন cutt.ly/Nw0efEst",,
normal,Are you going to the gym?,English,Are you going to the gym?,,
normal,পাখিরা tree-তে very beautiful গান গায়।,CodeMix,পাখিরা tree-তে very beautiful গান গায়।,,
normal,শুভ কলকাতার কল্যাণ মেলা!,Bengali,শুভ কলকাতার কল্যাণ মেলা!,,
normal,I was introduced as a special person and given a solution with greatness and importance.,English,I was introduced as a special person and given a solution with greatness and importance.,,
normal,"Tawhid হলো সমস্ত prayer, সমস্ত crying, help চেয়ে সমস্ত request, সমস্ত hope এবং সকল benefit-এর arrival ও সকল damage prevention-এর জন্য prayer অন্য কেউ নয় বরং কেবলই Allah-র purpose-এ হতে হবে। - [Imam Muhammad Ali Ash-Shawkani (Al Dur Al-Nadid)]",CodeMix,"Tawhid হলো সমস্ত prayer, সমস্ত crying, help চেয়ে সমস্ত request, সমস্ত hope এবং সকল benefit-এর arrival ও সকল damage prevention-এর জন্য prayer অন্য কেউ নয় বরং কেবলই Allah-র purpose-এ হতে হবে। - [Imam Muhammad Ali Ash-Shawkani (Al Dur Al-Nadid)]",,
normal,তোমার সাহস অসাধারণ।,Bengali,তোমার সাহস অসাধারণ।,,
normal,"Priyo shikkharthi, apnar tuition fee aj porjonto 27,950.00 taka bokeya ache. (Purber late fine o bokeya shoho) cholti masher tuition fee (jorimana chara) 22i September, 2024 moddhe porishod korun. Bistarito https://student.northsouth.edu.bd/ login korun. (North South)",Banglish,"Priyo shikkharthi, apnar tuition fee aj porjonto 27,950.00 taka bokeya ache. (Purber late fine o bokeya shoho) cholti masher tuition fee (jorimana chara) 22i September, 2024 moddhe porishod korun. Bistarito [URL] login korun. (North South)",,
promo,"TK200 cashback! 60GB+1000 minutes @699TK 30 days, take it- cutt.ly/aAhiAsI",English,"TK200 cashback! 60GB+1000 minutes @699TK 30 days, take it- cutt.ly/aAhiAsI",,
normal,অন্যায়ের প্রতি loyalty respect এর পথে barrier হয়ে দাড়াতে পারে। — সংগৃহীত,CodeMix,অন্যায়ের প্রতি loyalty respect এর পথে barrier হয়ে দাড়াতে পারে। — সংগৃহীত,,
promo,Daraz Mall থেকে যেকোনো মোবাইল কিনলে পাচ্ছেন ১২ মাসের ওয়ারেন্টি আর সাথে ফ্রি ডেলিভারি। অফার সীমিত সময়ের জন্য। আজই মোবাইল অর্ডার করুন।,Bengali,Daraz Mall থেকে যেকোনো মোবাইল কিনলে পাচ্ছেন ১২ মাসের ওয়ারেন্টি আর সাথে ফ্রি ডেলিভারি। অফার সীমিত সময়ের জন্য। আজই মোবাইল অর্ডার করুন।,,
promo,Robi app এ special offer: recharge করলে ১৫% extra credit। Hurry!,CodeMix,Robi app এ special offer: recharge করলে ১৫% extra credit। Hurry!,,
normal,"চাচী, আজ বিকেলে আপনার সাথে দেখা করতে যাবো।",Bengali,"চাচী, আজ বিকেলে আপনার সাথে দেখা করতে যাবো।",,
normal,Tomar bhai bon kemon ache?,Banglish,Tomar bhai bon kemon ache?,,
promo,"Candidates interested in participating in the 12th National Parliament Election can submit nomination papers online alongside the traditional method. To submit nominations online, visit the commission's website www.ecs.gov.bd-EC",English,"Candidates interested in participating in the 12th National Parliament Election can submit nomination papers online alongside the traditional method. To submit nominations online, visit the commission's website [URL]",,
normal,কাজটা কি শেষ হয়েছে? I need to submit it by tomorrow।,CodeMix,কাজটা কি শেষ হয়েছে? I need to submit it by tomorrow।,,
normal,Tumi ki concert e jachcho?,Banglish,Tumi ki concert e jachcho?,,
normal,"আজ সন্ধ্যায় নিউ মার্কেটে ঘুরতে গিয়েছিলাম। নতুন জামাকাপড় দেখলাম। দাম একটু বেশি, কিন্তু ডিজাইনগুলো সুন্দর। ভাবছি একদিন তোমার সাথে গিয়ে কিনবো।",Bengali,"আজ সন্ধ্যায় নিউ মার্কেটে ঘুরতে গিয়েছিলাম। নতুন জামাকাপড় দেখলাম। দাম একটু বেশি, কিন্তু ডিজাইনগুলো সুন্দর। ভাবছি একদিন তোমার সাথে গিয়ে কিনবো।",,
promo,DBBL online banking ব্যবহার করে bill pay করুন এবং exclusive reward points পান। Register করুন এখনই and enjoy benefits।,CodeMix,DBBL online banking ব্যবহার করে bill pay করুন এবং exclusive reward points পান। Register করুন এখনই and enjoy benefits।,,
promo,"Uniquely beautiful in architecture, Diamond World's ""The Signature"" showroom is opening today at 4 PM. Your presence with family and prayers are earnestly desired. If needed: 01713199270",English,"Uniquely beautiful in architecture, Diamond World's ""The Signature"" showroom is opening today at 4 PM. Your presence with family and prayers are earnestly desired. If needed: [PHONE]",,
normal,তুমি কি রেস্টুরেন্টে যাচ্ছো?,Bengali,তুমি কি রেস্টুরেন্টে যাচ্ছো?,,
normal,"আজ special day, আমি বাড়িতে বসে আছি।",CodeMix,"আজ special day, আমি বাড়িতে বসে আছি।",,
normal,আমার বাড়ির আশেপাশে ফুল ফোটে আছে।,Bengali,আমার বাড়ির আশেপাশে ফুল ফোটে আছে।,,
normal,তোমার প্রিয় বই কোনটি? সাইকেলোপেডিয়া। তুমি?,Bengali,তোমার প্রিয় বই কোনটি? সাইকেলোপেডিয়া। তুমি?,,
promo,Daraz 11.11 sale! Upto 80% off on mobiles. Free shipping. Shop now: daraz.com.bd,Banglish,Daraz 11.11 sale! Upto 80% off on mobiles. Free shipping. Shop now: [URL],,
normal,আমি নতুন একটা গিটার কিনেছি। এবার সত্যিই শেখা শুরু করবো।,Bengali,আমি নতুন একটা গিটার কিনেছি। এবার সত্যিই শেখা শুরু করবো।,,
normal,Let's meet for coffee tomorrow. আমার অনেক কথা বলার আছে।,CodeMix,Let's meet for coffee tomorrow. আমার অনেক কথা বলার আছে।,,
normal,My favorite place to hang out is Barbeque.,English,My favorite place to hang out is Barbeque.,,
normal,"দুঃখিত, আমি মিটিংয়ে পরে ফোন করবো।",Bengali,"দুঃখিত, আমি মিটিংয়ে পরে ফোন করবো।",,
normal,"আমি ঠিক আছি, আপনি কেমন আছেন?",Bengali,"আমি ঠিক আছি, আপনি কেমন আছেন?",,
promo,"Grameenphone special offer: ৫০০ TK recharge করুন এবং ১ GB extra data পান। Offer valid for ২৪ hours only, তাই আজই recharge করুন!",CodeMix,"Grameenphone special offer: ৫০০ TK recharge করুন এবং ১ GB extra data পান। Offer valid for ২৪ hours only, তাই আজই recharge করুন!",,
normal,Dinner কোথায় খাবো? I feel like having Chinese food আজ।,CodeMix,Dinner কোথায় খাবো? I feel like having Chinese food আজ।,,
normal,সেই ব্যক্তিই অভিশপ্ত যে মরে যায় অথচ তার খারাপ কাজগুলো পৃথিবীতে রয়ে যায়। — [আবু বকর (রাদিয়াল্লাহু আনহু)],CodeMix,সেই ব্যক্তিই অভিশপ্ত যে মরে যায় অথচ তার খারাপ কাজগুলো পৃথিবীতে রয়ে যায়। — [আবু বকর (রাদিয়াল্লাহু আনহু)],,
normal,আজকে party করতে যাচ্ছি। তুমি join করছো কি? Let's enjoy and plan together।,CodeMix,আজকে party করতে যাচ্ছি। তুমি join করছো কি? Let's enjoy and plan together।,,
promo,GP App দিয়ে রিচার্জ করলে ১০% ক্যাশব্যাক। মাসের শেষ পর্যন্ত প্রযোজ্য।,Bengali,GP App দিয়ে রিচার্জ করলে ১০% ক্যাশব্যাক। মাসের শেষ পর্যন্ত প্রযোজ্য।,,
promo,"Pickaboo laptop fair: HP, Dell, Lenovo laptops up to 9000TK discount + free bag. EMI option up to 12 months. Visit pickaboo.com today.",Banglish,"Pickaboo laptop fair: HP, Dell, Lenovo laptops up to 9000TK discount + free bag. EMI option up to 12 months. Visit [URL] today.",,
promo,"তোমার জন্য special deal!10GB+250minutes @৳২৫০,30দিনঃ cutt.ly/Lwg2MRlr",CodeMix,"তোমার জন্য special deal!10GB+250minutes @৳২৫০,30দিনঃ cutt.ly/Lwg2MRlr",,
normal,What's your favorite book? আমারটা 'Cyclopedia'. তোমারটা?,CodeMix,What's your favorite book? আমারটা 'Cyclopedia'. তোমারটা?,,
promo,"Special deal shesh din, 30GB @300Tk, 30din! Ajii nao- cutt.ly/jwkuSC76",Banglish,"Special deal shesh din, 30GB @300Tk, 30din! Ajii nao- cutt.ly/jwkuSC76",,
normal,01672582978 এই number এ Rocket এ 200 TK পাঠান।,CodeMix,[PHONE] এই number এ Rocket এ 200 TK পাঠান।,,
promo,Pathao Parcel: First parcel delivery free up to 3kg. Promo code FREEDEL.,Banglish,Pathao Parcel: First parcel delivery free up to 3kg. Promo code FREEDEL.,,
normal,আজ সকালে রাস্তায় ভয়ংকর জ্যাম ছিল। অফিসে পৌঁছাতে এক ঘন্টা লেগেছে।,Bengali,আজ সকালে রাস্তায় ভয়ংকর জ্যাম ছিল। অফিসে পৌঁছাতে এক ঘন্টা লেগেছে।,,
promo,Apex Footwear Eid collection! Designer shoes and sandals up to 45% discount. All showrooms open!,English,Apex Footwear Eid collection! Designer shoes and sandals up to 45% discount. All showrooms open!,,
normal,"Bhabi rasanna ta khub bhalo hoyeche, recipe ta diben?",Banglish,"Bhabi rasanna ta khub bhalo hoyeche, recipe ta diben?",,
normal,Pakhir gachhe khub shundor gan gay.,Banglish,Pakhir gachhe khub shundor gan gay.,,
normal,কাজ কিভাবে চলছে?,Bengali,কাজ কিভাবে চলছে?,,
normal,তোমাদের day কেমন যাচ্ছে?,CodeMix,তোমাদের day কেমন যাচ্ছে?,,
promo,Pickaboo Electronics Week: Smartphone discounts up to 8000TK. EMI available. Free delivery within Dhaka.,Banglish,Pickaboo Electronics Week: Smartphone discounts up to 8000TK. EMI available. Free delivery within Dhaka.,,
normal,"নানি, আপনার জন্য ওষুধ এনেছি। নিয়মিত খাবেন।",Bengali,"নানি, আপনার জন্য ওষুধ এনেছি। নিয়মিত খাবেন।",,
promo,"Call duration 00:02:51, charged 3.6 Taka, remaining balance is 10.94 Taka",English,"Call duration 00:02:51, charged 3.6 Taka, remaining balance is 10.94 Taka",,
promo,Flash Sale! 50% off on all electronics at Daraz. Use code FLASH50. Valid till midnight!,English,Flash Sale! 50% off on all electronics at Daraz. Use code FLASH50. Valid till midnight!,,
promo,City Bank SME business loan! Small business financing up to 2 crore at competitive rates!,English,City Bank SME business loan! Small business financing up to 2 crore at competitive rates!,,
normal,তোমার siblings কেমন আছে?,CodeMix,তোমার siblings কেমন আছে?,,
normal,Thank you for the lovely gift! It was such a sweet surprise. You're the best!,English,Thank you for the lovely gift! It was such a sweet surprise. You're the best!,,
normal,"আসক্তের মতো ভালবাসবেন না, ধ্বংসাত্মকভাবে কাউকে ঘৃণা করবেন না। - [উমার ইবনুল খাত্তাব ( রাঃ)]",CodeMix,"আসক্তের মতো ভালবাসবেন না, ধ্বংসাত্মকভাবে কাউকে ঘৃণা করবেন না। - [উমার ইবনুল খাত্তাব ( রাঃ)]",,
normal,"বন্ধু, picnic plan ঠিক করেছো কি? আমরা early morning বের হবো, Let’s discuss route এবং food arrangement",CodeMix,"বন্ধু, picnic plan ঠিক করেছো কি? আমরা early morning বের হবো, Let’s discuss route এবং food arrangement",,
normal,The surprise farewell party was perfect! Everyone will miss you. Stay in touch and visit often.,English,The surprise farewell party was perfect! Everyone will miss you. Stay in touch and visit often.,,
normal,Raysha school এ যাবে কি? I will drop her।,CodeMix,Raysha school এ যাবে কি? I will drop her।,,
normal,apni ki chinta korchen?,Banglish,apni ki chinta korchen?,,
normal,"Happy birthday! May this new year bring happiness, health and prosperity to your life.",English,"Happy birthday! May this new year bring happiness, health and prosperity to your life.",,
promo,"“E-passport services for Mugda, Shajahanpur, Khilgaon, Rampura, Motijheel, Paltan, Badda, Hatirjil police stations will be provided from the Regional Passport Office, Dhaka East (Aftabnagar) starting from 07 May 2023”.",English,"“E-passport services for Mugda, Shajahanpur, Khilgaon, Rampura, Motijheel, Paltan, Badda, Hatirjil police stations will be provided from the Regional Passport Office, Dhaka East (Aftabnagar) starting from 07 May 2023”.",,
normal,Ami shob shomoy amar shomoshyar jonno shomadhan dite chai.,Banglish,Ami shob shomoy amar shomoshyar jonno shomadhan dite chai.,,
normal,How's work going?,English,How's work going?,,
normal,কালকে কি তুমi office যাবে? I need to collect the files.,CodeMix,কালকে কি তুমi office যাবে? I need to collect the files.,,
promo,"TK40 cashback! 31GB+450min.@459TK 30 days, get it: cutt.ly/0wO6Jggn",English,"TK40 cashback! 31GB+450min.@459TK 30 days, get it: cutt.ly/0wO6Jggn",,
promo,Pathao Food অর্ডারে কোড FOOD30 ব্যবহার করে ৩০% ছাড়।,Bengali,Pathao Food অর্ডারে কোড FOOD30 ব্যবহার করে ৩০% ছাড়।,,
promo,Robi গ্রাহকরা ২০০ টাকা রিচার্জ করলে ২ জিবি ফ্রি পাবেন। সীমিত সময়ের জন্য।,Bengali,Robi গ্রাহকরা ২০০ টাকা রিচার্জ করলে ২ জিবি ফ্রি পাবেন। সীমিত সময়ের জন্য।,,
normal,তুমি কি পড়ছো?,Bengali,তুমি কি পড়ছো?,,
normal,01672583987 number-e taka pathao.,Banglish,[PHONE] number-e taka pathao.,,
promo,সবার favourite burger নিয়ে Burger King এখন Dhanmondi 27-এ। দেরি না করে attractive সব offer উপভোগ করতে চলে আসুন Burger King-এ। Home delivery পেতে call করুন 16606,CodeMix,সবার favourite burger নিয়ে Burger King এখন Dhanmondi 27-এ। দেরি না করে attractive সব offer উপভোগ করতে চলে আসুন Burger King-এ। Home delivery পেতে call করুন 16606,,
normal,"If you pay the electricity bill and aunt's bill quickly, I would benefit a lot. Aunt keeps saying. Please take it seriously. It would be very helpful.",English,"If you pay the electricity bill and aunt's bill quickly, I would benefit a lot. Aunt keeps saying. Please take it seriously. It would be very helpful.",,
normal,"Brother, Azhar brother asked to meet you. About M.Phil Synopsis",English,"Brother, Azhar brother asked to meet you. About M.Phil Synopsis",,
promo,Unimart online shopping fest: Fruits and vegetables e 20% discount till 18th Sept. Delivery across Dhaka free. Shop online today.,Banglish,Unimart online shopping fest: Fruits and vegetables e 20% discount till 18th Sept. Delivery across Dhaka free. Shop online today.,,
promo,"Pocket saving in interneting, get 10GB@TK158, 7 days: cutt.ly/FwUC6vh",English,"Pocket saving in interneting, get 10GB@TK158, 7 days: cutt.ly/FwUC6vh",,
normal,শুভ দুর্গাপূজা!,Bengali,শুভ দুর্গাপূজা!,,
normal,আমি সকালে একটি কফি খেয়েছি।,Bengali,আমি সকালে একটি কফি খেয়েছি।,,
normal,আজকের আপনার দিন কেমন কাটছে?,Bengali,আজকের আপনার দিন কেমন কাটছে?,,
promo,"Arong Fashion Festival: Panjabi, kurti, and scarves up to 40% off. Extra 5% off with bKash payment.",Banglish,"Arong Fashion Festival: Panjabi, kurti, and scarves up to 40% off. Extra 5% off with bKash payment.",,
promo,Carnival internet café gaming tournament! Win cash prizes up to 25000 TK. Registration open: 01711445566!,English,Carnival internet café gaming tournament! Win cash prizes up to 25000 TK. Registration open: [PHONE] !,,
normal,Do you really like it? I like spending a little time at my home.,English,Do you really like it? I like spending a little time at my home.,,
normal,"Your due TK 6000/-, pay quickly.",English,"Your due TK 6000/-, pay quickly.",,
promo,"Pocket saving in interneting, get 10GB@TK158,7 days: cutt.ly/FwUC6vhp",English,"Pocket saving in interneting, get 10GB@TK158,7 days: cutt.ly/FwUC6vhp",,
promo,Bonus soho 7GB-130Tk-30din. Nite dial *121*5469# othoba visit mygp.li/mo,Banglish,Bonus soho 7GB-130Tk-30din. Nite dial *121*5469# othoba visit mygp.li/mo,,
normal,Give money to Mithu bhai's number then come.,English,Give money to Mithu bhai's number then come.,,
normal,কেমন আছো তুমি? আমি ঠিক আছি। তুমি কি নতুন করে?,Bengali,কেমন আছো তুমি? আমি ঠিক আছি। তুমি কি নতুন করে?,,
normal,Move forward with confidence.,English,Move forward with confidence.,,
promo,"নতুন Samsung phone-এ 10% discount! Stock limited, আজই buy করুন!",CodeMix,"নতুন Samsung phone-এ 10% discount! Stock limited, আজই buy করুন!",,
normal,I want to spend time with my family.,English,I want to spend time with my family.,,
promo,"Amar takay amar shetu,Bangladesh er Padma shetu.Ekta shopner ummochon. 25 June manoniyo prodhanmontri shopner Padma shetu shubho udbodhon korben.Chokh rakhun,BTV,shokal 10 tay. Bangladesh shetu kortripokho, shetu bibhag.",Banglish,"Amar takay amar shetu,Bangladesh er Padma shetu.Ekta shopner ummochon. 25 June manoniyo prodhanmontri shopner Padma shetu shubho udbodhon korben.Chokh rakhun,BTV,shokal 10 tay. Bangladesh shetu kortripokho, shetu bibhag.",,
normal,"Hi Shumi, তুমি কেমন আছো? আজকে coffee খেতে আসো না? অনেক gossip share করতে হবে, তাই time fix করি",CodeMix,"Hi Shumi, তুমি কেমন আছো? আজকে coffee খেতে আসো না? অনেক gossip share করতে হবে, তাই time fix করি",,
promo,বিশেষ অফার: সব বাচ্চাদের পোশাকে ২০% ডিসকাউন্ট।,Bengali,বিশেষ অফার: সব বাচ্চাদের পোশাকে ২০% ডিসকাউন্ট।,,
normal,"মা, আমি অফিস থেকে বের হয়েছি। ৮টার মধ্যে বাসায় পৌঁছাবো।",Bengali,"মা, আমি অফিস থেকে বের হয়েছি। ৮টার মধ্যে বাসায় পৌঁছাবো।",,
promo,iPhone 14 Pro Max available with 0% EMI! Down payment just 15000 TK. StarTech showrooms.,English,iPhone 14 Pro Max available with 0% EMI! Down payment just 15000 TK. StarTech showrooms.,,
normal,"চাচা, আপনার তবিয়ত কেমন? ডাক্তার কি বললেন?",Bengali,"চাচা, আপনার তবিয়ত কেমন? ডাক্তার কি বললেন?",,
promo,"Online shop এ shopping করুন এবং পাচ্ছেন free delivery. Today only, shop now!",CodeMix,"Online shop এ shopping করুন এবং পাচ্ছেন free delivery. Today only, shop now!",,
normal,The morning walk was refreshing! Perfect weather and great company as always.,English,The morning walk was refreshing! Perfect weather and great company as always.,,
normal,তোমার day কেমন চলছে?,CodeMix,তোমার day কেমন চলছে?,,
promo,"200TK cashback e shera offer 61GB+1000mi@TK699,30din: cutt.ly/OwG5T3ub",Banglish,"200TK cashback e shera offer 61GB+1000mi@TK699,30din: cutt.ly/OwG5T3ub",,
normal,Ekta golpo bolo. Ekbare.,Banglish,Ekta golpo bolo. Ekbare.,,
normal,"তুমি parbe, I know।",CodeMix,"তুমি parbe, I know।",,
promo,"বিকাশে মানি ট্রান্সফার করুন, পাবেন ৫% বোনাস! সর্বোচ্চ ৫০০ টাকা।",Bengali,"বিকাশে মানি ট্রান্সফার করুন, পাবেন ৫% বোনাস! সর্বোচ্চ ৫০০ টাকা।",,
normal, World-এর জীবনটা তিনটি day-এর– গতকালের day-টিতে যা করা হয়েছে সেগুলো নিয়ে সেটি চলে গেছে; আগামীকালের day-টিতে হয়ত আপনি না-ও পৌছতে পারেন; কিন্তু আজকের day-টি আপনার জন্য সুতরাং যা করার আজই করে নিন। -[Imam Al-Hasan Al-Basri (Rah)],CodeMix,World-এর জীবনটা তিনটি day-এর– গতকালের day-টিতে যা করা হয়েছে সেগুলো নিয়ে সেটি চলে গেছে; আগামীকালের day-টিতে হয়ত আপনি না-ও পৌছতে পারেন; কিন্তু আজকের day-টি আপনার জন্য সুতরাং যা করার আজই করে নিন। -[Imam Al-Hasan Al-Basri (Rah)],,
promo,Meena Click Online: Grocery order 1000TK+ get free 1L oil. Offer valid till stocks last.,Banglish,Meena Click Online: Grocery order 1000TK+ get free 1L oil. Offer valid till stocks last.,,
promo,10 বছর আগে আজকের দিনেই শুরু হয়েছিল গ্রামীণফোনের সাথে আপনার পথচলা। আশা করি আগামী দিনগুলো হবে আরো সুন্দর ও সম্ভাবনাময়।,Bengali,10 বছর আগে আজকের দিনেই শুরু হয়েছিল গ্রামীণফোনের সাথে আপনার পথচলা। আশা করি আগামী দিনগুলো হবে আরো সুন্দর ও সম্ভাবনাময়।,,
normal,Do you want to come to me?,English,Do you want to come to me?,,
normal,কেমন আছেন?,Bengali,কেমন আছেন?,,
normal,The surprise birthday celebration was perfect! Everyone loved the decorations and cake. Great job organizing!,English,The surprise birthday celebration was perfect! Everyone loved the decorations and cake. Great job organizing!,,
normal,"তুমি একা নও, আমি আছি।",Bengali,"তুমি একা নও, আমি আছি।",,
normal,আমাকে urgent call দিন ০১৭২৪৮৩৯৮৫৬ এই number-এ।,CodeMix,আমাকে urgent call দিন [PHONE] এই number-এ।,,
normal,"Apni jodi Islam ke chorcha na koren, doya kore Islam shomporke kichu bolte ashben na! -[Dr: Zakir Nayek]",Banglish,"Apni jodi Islam ke chorcha na koren, doya kore Islam shomporke kichu bolte ashben na! -[Dr: Zakir Nayek]",,
normal,There's a stone beside you. Thank you.,English,There's a stone beside you. Thank you.,,
promo,"180TK cashback shesh din,nao 61GB+1000min@TK719,30din: cutt.ly/wwE5YMXC",Banglish,"180TK cashback shesh din,nao 61GB+1000min@TK719,30din: cutt.ly/wwE5YMXC",,
promo,Cool shob update miss na korte ekhoni join Skitto telegram: cutt.ly/NwJt7qvx,Banglish,Cool shob update miss na korte ekhoni join Skitto telegram: cutt.ly/NwJt7qvx,,
normal,The homemade cake was delicious! Your baking skills improve with every attempt.,English,The homemade cake was delicious! Your baking skills improve with every attempt.,,
promo,menzworld basundhara city notun shakhar uddhone flat30%chad!cutt.ly/fmw,Banglish,menzworld basundhara city notun shakhar uddhone flat30%chad!cutt.ly/fmw,,
normal,০১৯২৭২৮২৮৯৩ এই নাম্বারে দ্রুত টাকা পাঠাও।,Bengali,[PHONE] এই নাম্বারে দ্রুত টাকা পাঠাও।,,
normal,I want to organize a conference of a new institution.,English,I want to organize a conference of a new institution.,,
promo,Bonus soho 4GB-66taka-7din.Dial *121*5047# ba https://mygp.li/mo,Banglish,Bonus soho 4GB-66taka-7din.Dial *121*5047# ba [URL],,
normal,আপনি কি করতে পারেন?,Bengali,আপনি কি করতে পারেন?,,
promo,"Pocket saving on internet, get 10GB@TK158,7 days: cutt.ly/FwUC6vhp",English,"Pocket saving on internet, get 10GB@TK158,7 days: cutt.ly/FwUC6vhp",,
promo,Flash Sale! 50% OFF on all smartphones this weekend only. Visit TechMart Dhanmondi or call 01977665544. Limited stock!,English,Flash Sale! 50% OFF on all smartphones this weekend only. Visit TechMart Dhanmondi or call [PHONE] . Limited stock!,,
normal,"চাচা, তুমি কি town এ যাবে? Can you drop me at the station?",CodeMix,"চাচা, তুমি কি town এ যাবে? Can you drop me at the station?",,
normal,"Everything ঠিক হয়ে যাবে, patience রাখো।",CodeMix,"Everything ঠিক হয়ে যাবে, patience রাখো।",,
normal,"shob kichu thik hoye jabe, shash rekho.",Banglish,"shob kichu thik hoye jabe, shash rekho.",,
promo,Bangladesh Air Force এ ৮৯ BAFA course এ officer cadet নিয়োগ চলছে। Details: https://joinairforce.baf.mil.bd,CodeMix,Bangladesh Air Force এ ৮৯ BAFA course এ officer cadet নিয়োগ চলছে। Details: [URL],,
promo,Applications are invited from youth aged 18-45 for the 'Sheikh Hasina Youth Volunteer Award-2024'. All information is available on the Ministry of Youth and Sports website www.moysports.gov.bd.,English,Applications are invited from youth aged 18-45 for the 'Sheikh Hasina Youth Volunteer Award-2024'. All information is available on the Ministry of Youth and Sports website [URL],,
promo,"২০০মিনিট (৩০দিন) ১৭৪ টাকা, ডায়াল *১২১*৪৪১০# বা https://mygp.li/v1",Bengali,"২০০মিনিট (৩০দিন) ১৭৪ টাকা, ডায়াল *১২১*৪৪১০# বা [URL]",,
normal,"কি খবর, হ্যালো?",Bengali,"কি খবর, হ্যালো?",,
normal,Khalar bill ta dile upokar hoto dite parteshina ektu shahajjo koro khalar bill ta diya dei,Banglish,Khalar bill ta dile upokar hoto dite parteshina ektu shahajjo koro khalar bill ta diya dei,,
normal,আজ তোমার school-এর কী কাজ হয়েছে?,CodeMix,আজ তোমার school-এর কী কাজ হয়েছে?,,
normal,Ajke amader flat e load shedding holo 2 ghonta. Sobai roof e boshe adda marlam. Hawa enjoy korlam.,Banglish,Ajke amader flat e load shedding holo 2 ghonta. Sobai roof e boshe adda marlam. Hawa enjoy korlam.,,
normal,"Everything will be alright, stay strong.",English,"Everything will be alright, stay strong.",,
promo,Robi app recharge করলে ২০% extra credit। Don’t miss out!,CodeMix,Robi app recharge করলে ২০% extra credit। Don’t miss out!,,
promo,GP recharge করুন আজকে এবং extra ২০% bonus পান। Hurry up!,CodeMix,GP recharge করুন আজকে এবং extra ২০% bonus পান। Hurry up!,,
normal,"দোস্ত, নতুন সিনেমা দেখেছো? রিভিউ ভালো শুনলাম।",Bengali,"দোস্ত, নতুন সিনেমা দেখেছো? রিভিউ ভালো শুনলাম।",,
promo,"লোটো লি কুপারে
নগদ পেমেন্টে BMW জেতার সুযোগ
বিকাশে ১০% ক্যাশব্যাক
শপ্র",Bengali,লোটো লি কুপারে নগদ পেমেন্টে BMW জেতার সুযোগ বিকাশে ১০% ক্যাশব্যাক শপ্র,,
normal,"Ami busy ছিলাম আজ, but tomorrow free আছি। Shall we meet?",CodeMix,"Ami busy ছিলাম আজ, but tomorrow free আছি। Shall we meet?",,
promo,"Notun Samsung phone e 10% discount! Stock limited, ajei kinun!",Banglish,"Notun Samsung phone e 10% discount! Stock limited, ajei kinun!",,
normal,"তুমি strong, তুমি পারবে।",CodeMix,"তুমি strong, তুমি পারবে।",,
normal,Happy Diwali!,English,Happy Diwali!,,
normal,Shob kichu thik hoye jabe.,Banglish,Shob kichu thik hoye jabe.,,
normal,Are you going to the park?,English,Are you going to the park?,,
promo,10% discount on all cosmetics. This offer is for a limited time.,English,10% discount on all cosmetics. This offer is for a limited time.,,
promo,"Durga pujay kenakata korun 25% chhar-e, 25 October porjonto. 01713199270",Banglish,"Durga pujay kenakata korun 25% chhar-e, 25 October porjonto. [PHONE]",,
normal,"Apnar pawna 800/- TK, druto porishodh korun.",Banglish,"Apnar pawna 800/- TK, druto porishodh korun.",,
normal,"জরুরি, ০১৬৭২৫৭২৯৩৮ নাম্বারে বিকাশ করুন।",Bengali,"জরুরি, [PHONE] নাম্বারে বিকাশ করুন।",,
promo,Bangladesh Machine Tools factory outlet! Industrial equipment 30% discount. Productivity solutions available!,English,Bangladesh Machine Tools factory outlet! Industrial equipment 30% discount. Productivity solutions available!,,
normal,"Thank you, brother.",English,"Thank you, brother.",,
normal,"তুমি একা নও, আমরা আছি।",Bengali,"তুমি একা নও, আমরা আছি।",,
promo,Airtel 5G network launch offer! 50GB high-speed data for 7 days only 99 TK. Don't miss!,English,Airtel 5G network launch offer! 50GB high-speed data for 7 days only 99 TK. Don't miss!,,
normal,I need to read a story.,English,I need to read a story.,,
promo,Banglalink internet package! 30GB internet 30 days validity 299TK. *5000*41#,Banglish,Banglalink internet package! 30GB internet 30 days validity 299TK. *5000*41#,,
promo,Robi eShop থেকে ল্যাপটপ কিনলে ফ্রি ব্যাগ ও মাউস পাচ্ছেন। সীমিত সময়ের অফার।,Bengali,Robi eShop থেকে ল্যাপটপ কিনলে ফ্রি ব্যাগ ও মাউস পাচ্ছেন। সীমিত সময়ের অফার।,,
normal,"Hello, আপনি কি করছেন?",CodeMix,"Hello, আপনি কি করছেন?",,
promo,"shudhumatro MyGP-te notun SIM-er offer ekhon 2GB internet matro 17TK-te, meyad 7din (mas-e shorbhochcho ekbar). visit korun https://mygp.li/ga",Banglish,"shudhumatro MyGP-te notun SIM-er offer ekhon 2GB internet matro 17TK-te, meyad 7din (mas-e shorbhochcho ekbar). visit korun [URL]",,
normal,Send Bkash to 01927283765 quickly.,English,Send Bkash to [PHONE] quickly.,,
promo,"TK30 cashback! 31GB+450min@TK469 for 30 days, grab it now: cutt.ly/hwTmxGd8",English,"TK30 cashback! 31GB+450min@TK469 for 30 days, grab it now: cutt.ly/hwTmxGd8",,
normal,আজকে কি study করছো?,CodeMix,আজকে কি study করছো?,,
normal,তুমি কি meeting-এ যাচ্ছো?,CodeMix,তুমি কি meeting-এ যাচ্ছো?,,
normal,"তুমি alone নও, আমরা আছি।",CodeMix,"তুমি alone নও, আমরা আছি।",,
normal,আমার ফোনটা ঠিক মতো কাজ করছে না। তোমার কাছে কি ভালো কোনো মেকানিকের নাম্বার আছে?,Bengali,আমার ফোনটা ঠিক মতো কাজ করছে না। তোমার কাছে কি ভালো কোনো মেকানিকের নাম্বার আছে?,,
normal,আমি যে অনেক দুঃখ এবং কারণ পেয়েছি সেটি হল বিশেষ সময় সম্পর্কে আমি আবার বলতে চাই।,Bengali,আমি যে অনেক দুঃখ এবং কারণ পেয়েছি সেটি হল বিশেষ সময় সম্পর্কে আমি আবার বলতে চাই।,,
promo,Ecstasy anniversary sale! All bags up to 40% discount. Today only!,English,Ecstasy anniversary sale! All bags up to 40% discount. Today only!,,
normal,Good morning! Hope you slept well. Don't forget about our meeting at 3 PM today.,English,Good morning! Hope you slept well. Don't forget about our meeting at 3 PM today.,,
normal,Tumi ki khelcho?,Banglish,Tumi ki khelcho?,,
normal,Do I have any new updates?,English,Do I have any new updates?,,
promo,"“স্বাস্থ্য, পুষ্টি ও সমৃদ্ধি চাই, নিরাপদ খাদ্যের বিকল্প নাই”। ০২ ফেব্রুয়ারি জাতীয় নিরাপদ খাদ্য দিবস ২০২৪ সফল হোক। বাংলাদেশ নিরাপদ খাদ্য কর্তৃপক্ষ, খাদ্য মন্ত্রণালয়।",Bengali,"“স্বাস্থ্য, পুষ্টি ও সমৃদ্ধি চাই, নিরাপদ খাদ্যের বিকল্প নাই”। ০২ ফেব্রুয়ারি জাতীয় নিরাপদ খাদ্য দিবস ২০২৪ সফল হোক। বাংলাদেশ নিরাপদ খাদ্য কর্তৃপক্ষ, খাদ্য মন্ত্রণালয়।",,
normal,Brishti na thakle khub gorom hoy.,Banglish,Brishti na thakle khub gorom hoy.,,
promo,"Shohoz bus ticket booking e 15% discount across Bangladesh. Use code: RIDE15. Valid till 30th Sept. Book tickets from Dhaka to Chittagong, Sylhet, Khulna and more with Shohoz app.",Banglish,"Shohoz bus ticket booking e 15% discount across Bangladesh. Use code: RIDE15. Valid till 30th Sept. Book tickets from Dhaka to Chittagong, Sylhet, Khulna and more with Shohoz app.",,
promo,Bonus সহ 4GB-৬৬টাকা-7দিন।Dial *১২১*৫০৪৭# বা https://mygp.li/mo,CodeMix,Bonus সহ 4GB-৬৬টাকা-7দিন।Dial *১২১*৫০৪৭# বা [URL],,
normal,তোমার প্রিয় ঋতু কোনটা?,Bengali,তোমার প্রিয় ঋতু কোনটা?,,
promo,"নতুন বছরের মেগা সেল এসেছে বসুন্ধরা সিটি শপিং মলে! জানুয়ারি মাসব্যাপী চলবে এই বিশাল সেল যেখানে ফ্যাশন থেকে ইলেকট্রনিক্স, কসমেটিকস থেকে হোম অ্যাপ্লায়েন্স - সব কিছুতেই পাবেন ৫০-৮০% পর্যন্ত ছাড়। বিশেষ আকর্ষণ হলো উইকএন্ডে ফ্ল্যাশ সেল যেখানে প্রতিদিন ১০০টি আইটেম থাকবে ৯০% ছাড়ে। প্রতিদিন সকাল ১০টা থেকে রাত ১০টা পর্যন্ত খোলা। ৫০০০ টাকার উপরে কেনাকাটায় ফ্রি ভ্যালেট পার্কিং। সাথে থাকছে বিশেষ লটারি - জিতুন গাড়ি, বাইক এবং অন্যান্য আকর্ষণীয় পুরস্কার।",Bengali,"নতুন বছরের মেগা সেল এসেছে বসুন্ধরা সিটি শপিং মলে! জানুয়ারি মাসব্যাপী চলবে এই বিশাল সেল যেখানে ফ্যাশন থেকে ইলেকট্রনিক্স, কসমেটিকস থেকে হোম অ্যাপ্লায়েন্স - সব কিছুতেই পাবেন ৫০-৮০% পর্যন্ত ছাড়। বিশেষ আকর্ষণ হলো উইকএন্ডে ফ্ল্যাশ সেল যেখানে প্রতিদিন ১০০টি আইটেম থাকবে ৯০% ছাড়ে। প্রতিদিন সকাল ১০টা থেকে রাত ১০টা পর্যন্ত খোলা। ৫০০০ টাকার উপরে কেনাকাটায় ফ্রি ভ্যালেট পার্কিং। সাথে থাকছে বিশেষ লটারি - জিতুন গাড়ি, বাইক এবং অন্যান্য আকর্ষণীয় পুরস্কার।",,
normal,শুভ Saraswati Puja!,CodeMix,শুভ Saraswati Puja!,,
promo,Ratelist halnaagader jonno jonmot shongroho kora hocche. Motamot prodaner jonno BTRC'r website-er notice board dekhun (http://www.btrc.gov.bd/). Apnar mulyoban motamot amader kache otyonto gurutopurno. -BTRC,Banglish,Ratelist halnaagader jonno jonmot shongroho kora hocche. Motamot prodaner jonno BTRC'r website-er notice board dekhun [URL] Apnar mulyoban motamot amader kache otyonto gurutopurno. -BTRC,,
normal,আশা করি তোমার জীবন সমৃদ্ধ হোক!,Bengali,আশা করি তোমার জীবন সমৃদ্ধ হোক!,,
normal,Thanks for the thoughtful gift! It's exactly what I needed. You always know how to make me happy.,English,Thanks for the thoughtful gift! It's exactly what I needed. You always know how to make me happy.,,
normal,"বাবা, আমি নতুন জায়গায় ভালো আছি। চিন্তা করবেন না।",Bengali,"বাবা, আমি নতুন জায়গায় ভালো আছি। চিন্তা করবেন না।",,
promo,অফার: সব গ্রোসারিতে ১০% ক্যাশব্যাক। শুধু আজকের জন্য।,Bengali,অফার: সব গ্রোসারিতে ১০% ক্যাশব্যাক। শুধু আজকের জন্য।,,
promo,"Pickaboo smartphone fair: Xiaomi, Realme, Samsung devices up to 7000TK discount plus 6 month EMI. Shop now at pickaboo.com and grab limited stock deals.",Banglish,"Pickaboo smartphone fair: Xiaomi, Realme, Samsung devices up to 7000TK discount plus 6 month EMI. Shop now at [URL] and grab limited stock deals.",,
normal,What's the plan for Friday?,English,What's the plan for Friday?,,
normal,০১৮২৭২৮৩৭৪৭ নাম্বারে বিকাশ করুন।,Bengali,[PHONE] নাম্বারে বিকাশ করুন।,,
normal,"টাকার কথা বললেই সে উঠে চলে যায়, আমি ওর কাছে ৩ লাখ টাকা পাই",Bengali,"টাকার কথা বললেই সে উঠে চলে যায়, আমি ওর কাছে ৩ লাখ টাকা পাই",,
promo,"Rangpur Foundry iron products sale! Gates, grills, furniture 25% off. Durable and affordable!",English,"Rangpur Foundry iron products sale! Gates, grills, furniture 25% off. Durable and affordable!",,
promo,8GB (with bonus) for 123TK valid 15 days. Dial *121*5548# or mygp.li/mo,English,8GB (with bonus) for 123TK valid 15 days. Dial *121*5548# or mygp.li/mo,,
promo,Pathao ride free first 5 trips! Promo code: WELCOME2023,Banglish,Pathao ride free first 5 trips! Promo code: WELCOME2023,,
normal,আমরা কাল রাতে একসাথে ডিনার করেছিলাম। অনেকদিন পর আড্ডা দিতে ভালো লেগেছে।,Bengali,আমরা কাল রাতে একসাথে ডিনার করেছিলাম। অনেকদিন পর আড্ডা দিতে ভালো লেগেছে।,,
promo,"Daraz Mega Fest! Shop electronics, fashion, and kitchen items up to 75% discount. Free delivery on orders above 1000TK. Flash deals prottek 2 ghontay. Visit daraz.com.bd and grab the deal now.",Banglish,"Daraz Mega Fest! Shop electronics, fashion, and kitchen items up to 75% discount. Free delivery on orders above 1000TK. Flash deals prottek 2 ghontay. Visit [URL] and grab the deal now.",,
promo,"নতুন ডিলে লেভেলআপ ইন্টারনেটিং ২৫জিবি+৪০০মি@৳৩৯৭,৩০দিন cutt.ly/oeeJSDbP",Bengali,"নতুন ডিলে লেভেলআপ ইন্টারনেটিং ২৫জিবি+৪০০মি@৳৩৯৭,৩০দিন cutt.ly/oeeJSDbP",,
promo,GP-তে রবিবার স্পেশাল অফার: ৫ জিবি মাত্র ১০০ টাকা। ডায়াল করুন *121*100#।,Bengali,GP-তে রবিবার স্পেশাল অফার: ৫ জিবি মাত্র ১০০ টাকা। ডায়াল করুন *121*100#।,,
promo,car loan membership offer! Annual fee only 2753 TK. Benefits: priority support!,English,car loan membership offer! Annual fee only 2753 TK. Benefits: priority support!,,
normal,I wish I could tell you something.,English,I wish I could tell you something.,,
promo,Chaldal fest: Grocery order 2000TK+ and get 350TK cashback using bkash. Free delivery within Dhaka same day. Order now.,Banglish,Chaldal fest: Grocery order 2000TK+ and get 350TK cashback using bkash. Free delivery within Dhaka same day. Order now.,,
promo,"Today only! 40GB (bonus সহ) TK500, valid 30 days. Dial *121*5049# or visit mygp.li/mo",CodeMix,"Today only! 40GB (bonus সহ) TK500, valid 30 days. Dial *121*5049# or visit mygp.li/mo",,
promo,Bonus offer: 2GB-TK35-7days. Dial *121*5037# or visit mygp.li/mo,English,Bonus offer: 2GB-TK35-7days. Dial *121*5037# or visit mygp.li/mo,,
normal,কবে তোমাকে দেখা হবে? আমি এখানে আসতে চেষ্টা করবো। তুমি?,Bengali,কবে তোমাকে দেখা হবে? আমি এখানে আসতে চেষ্টা করবো। তুমি?,,
normal,তোমার প্রিয় রঙ কি?,Bengali,তোমার প্রিয় রঙ কি?,,
normal,"Aj tomar kache ashte parbo na? Hyan, ami ekhane royechi. Apni ki chan?",Banglish,"Aj tomar kache ashte parbo na? Hyan, ami ekhane royechi. Apni ki chan?",,
normal,"আপা, রাতের খাবার কি রান্না করবেন? আমি সবজি কিনে আনি।",Bengali,"আপা, রাতের খাবার কি রান্না করবেন? আমি সবজি কিনে আনি।",,
normal,Most beautiful family কাজের জন্য আমি সময় দিতে চাই।,CodeMix,Most beautiful family কাজের জন্য আমি সময় দিতে চাই।,,
promo,২০০TK সেইই cashback! নাও ৬০GB+১০০০min@৬৯৯TK ৩০দিন: cutt.ly/aAhiAsI,CodeMix,২০০TK সেইই cashback! নাও ৬০GB+১০০০min@৬৯৯TK ৩০দিন: cutt.ly/aAhiAsI,,
normal,Sei byakti-i obyshato je more jay othoch tar kharap kajgulo prithibite roye jay. — [Abu Bakr (Radiallahu Anhu)],Banglish,Sei byakti-i obyshato je more jay othoch tar kharap kajgulo prithibite roye jay. — [Abu Bakr (Radiallahu Anhu)],,
normal,Do you want আমার কাছে আসতে?,CodeMix,Do you want আমার কাছে আসতে?,,
promo,Unimart fresh fest: Fruits and vegetables e 20% discount till 12th Sept. Home delivery available instantly. Shop online at unimart.com.bd.,Banglish,Unimart fresh fest: Fruits and vegetables e 20% discount till 12th Sept. Home delivery available instantly. Shop online at [URL],,
normal,"Sorry, I'm in a meeting, will call later.",English,"Sorry, I'm in a meeting, will call later.",,
normal,"Kalke jamuna future park e giyechilam. New food court open hoyeche, khub moja kore khawa dawa korlam. Tore sathe next time ek sathe giye explore korte parbo.",Banglish,"Kalke jamuna future park e giyechilam. New food court open hoyeche, khub moja kore khawa dawa korlam. Tore sathe next time ek sathe giye explore korte parbo.",,
promo,Meghna Cement building materials expo! All construction supplies 18% off. Build your dreams strong!,English,Meghna Cement building materials expo! All construction supplies 18% off. Build your dreams strong!,,
promo,"Pro-level internetinge pocket saving- 3GB@TK98,7 din cutt.ly/9wEyjoLc",Banglish,"Pro-level internetinge pocket saving- 3GB@TK98,7 din cutt.ly/9wEyjoLc",,
normal,Good times will come again.,English,Good times will come again.,,
normal,ki hocche shob amake bolo.,Banglish,ki hocche shob amake bolo.,,
promo,"Robi গ্রাহকগণ, মাসিক প্যাক ৬০জিবি মাত্র ৫৯৯ টাকা। ডায়াল করুন *123*599#।",Bengali,"Robi গ্রাহকগণ, মাসিক প্যাক ৬০জিবি মাত্র ৫৯৯ টাকা। ডায়াল করুন *123*599#।",,
promo,ফুড পান্ডায় বিশেষ কম্বো অফার! পিজা + কোক মাত্র ৩৯৯ টাকা।,Bengali,ফুড পান্ডায় বিশেষ কম্বো অফার! পিজা + কোক মাত্র ৩৯৯ টাকা।,,
normal,"Ajke chhoto bhai amar sathe football khelte giye, amazing goal korlo. Sobai cheer kore.",Banglish,"Ajke chhoto bhai amar sathe football khelte giye, amazing goal korlo. Sobai cheer kore.",,
normal,Can I tell you something?,English,Can I tell you something?,,
promo,"Even if you can't see the 'My Challenge' icon in bKash app from June 2, you will get cashback by enjoying bKash offers. Stay with bKash app.",English,"Even if you can't see the 'My Challenge' icon in bKash app from June 2, you will get cashback by enjoying bKash offers. Stay with bKash app.",,
normal,"ফারহান, তোমার project report finished? I need to submit mine tomorrow.",CodeMix,"ফারহান, তোমার project report finished? I need to submit mine tomorrow.",,
promo,১০ বছর আগে আজকের দিনেই শুরু হয়েছিল Grameenphone এর সাথে আপনার journey. Let's hope for brighter days ahead!,CodeMix,১০ বছর আগে আজকের দিনেই শুরু হয়েছিল Grameenphone এর সাথে আপনার journey. Let's hope for brighter days ahead!,,
promo,"25% cashback on online shopping! Code: SHOP25. Don't delay, shop now.",English,"25% cashback on online shopping! Code: SHOP25. Don't delay, shop now.",,
normal,"আপনার একাউন্ট থেকে ১০০০/- টাকা প্রদান করা হয়েছে, অভিযোগ করতে কল করুন।",Bengali,"আপনার একাউন্ট থেকে ১০০০/- টাকা প্রদান করা হয়েছে, অভিযোগ করতে কল করুন।",,
promo,Pathao ride এ ২৫% discount আজ। Book করুন online!,CodeMix,Pathao ride এ ২৫% discount আজ। Book করুন online!,,
normal,"আপনার due ৫০০০/- TK, quickly pay করুন।",CodeMix,"আপনার due ৫০০০/- TK, quickly pay করুন।",,
promo,Meena Bazar fresh vegetables e ajke 10% discount. Delivery free.,Banglish,Meena Bazar fresh vegetables e ajke 10% discount. Delivery free.,,
normal,Kaj kibhabe cholchhe?,Banglish,Kaj kibhabe cholchhe?,,
normal,The weather is beautiful today. Perfect for our planned visit to the botanical garden.,English,The weather is beautiful today. Perfect for our planned visit to the botanical garden.,,
promo,"Now more data with TK 25 cashback! 50GB@TK 473, 30 days: cutt.ly/zwTmxzpd",English,"Now more data with TK 25 cashback! 50GB@TK 473, 30 days: cutt.ly/zwTmxzpd",,
promo,Best offer! 5GB with bonus-50 taka-3 days. Dial *121*5650# or mygp.li/my,English,Best offer! 5GB with bonus-50 taka-3 days. Dial *121*5650# or mygp.li/my,,
promo,ACI furniture special offer! 65% off + cashback. Visit showroom!,English,ACI furniture special offer! 65% off + cashback. Visit showroom!,,
normal,"তুমি অনেক শক্তিশালী, তুমি পারবে।",Bengali,"তুমি অনেক শক্তিশালী, তুমি পারবে।",,
promo,Robi 4.5G unlimited internet + calls package! Only 599 TK for 30 days. Activate: *8444*599#,English,Robi 4.5G unlimited internet + calls package! Only 599 TK for 30 days. Activate: *8444*599#,,
normal,বারোমাসের বন্ধুদের সঙ্গে আড্ডা দিতে যাচ্ছি।,Bengali,বারোমাসের বন্ধুদের সঙ্গে আড্ডা দিতে যাচ্ছি।,,
promo,"Filled ready plots adjacent to Purbachal, minimum 4.5 lakh per katha 01894841736",English,"Filled ready plots adjacent to Purbachal, minimum 4.5 lakh per katha [PHONE]",,
promo,Bkash er maddhome recharge korle 5% cashback upto 50TK. Limited time offer!,Banglish,Bkash er maddhome recharge korle 5% cashback upto 50TK. Limited time offer!,,
normal,Will you go for a morning walk?,English,Will you go for a morning walk?,,
promo,"৩০জিবি@৩৮৯৳,৩০দিন pack কিনে পাও ""Dunki"" movie ticket: cutt.ly/SwFqDlAs",CodeMix,"৩০জিবি@৩৮৯৳,৩০দিন pack কিনে পাও ""Dunki"" movie ticket: cutt.ly/SwFqDlAs",,
normal,Thanks for helping me move furniture yesterday. Couldn't have managed without your support.,English,Thanks for helping me move furniture yesterday. Couldn't have managed without your support.,,
normal,Shokale bash-e bhir lagche.,Banglish,Shokale bash-e bhir lagche.,,
promo,"GP binge internet: 50GB pack only 599TK for 30 days. Ideal for students, gaming, and heavy users. Activate ekhuni *121*599# e. Limited time only.",Banglish,"GP binge internet: 50GB pack only 599TK for 30 days. Ideal for students, gaming, and heavy users. Activate ekhuni *121*599# e. Limited time only.",,
promo,City Bank credit card special! 0% interest for 12 months on all purchases. Apply today: 16234!,English,City Bank credit card special! 0% interest for 12 months on all purchases. Apply today: 16234!,,
normal,"Dear student, আপনার tuition fee আজ পর্যন্ত 24,500.00 টাকা due আছে। (Previous late fine ও due-সহ) Current month-এর tuition fee (fine ছাড়া) 30th September, 2024 মধ্যে pay করুন। Details https://student.iba-du.edu.bd/ login করুন। (IBA)",CodeMix,"Dear student, আপনার tuition fee আজ পর্যন্ত 24,500.00 টাকা due আছে। (Previous late fine ও due-সহ) Current month-এর tuition fee (fine ছাড়া) 30th September, 2024 মধ্যে pay করুন। Details [URL] login করুন। (IBA)",,
promo,Star Kabab grand opening! 50% off all items. Banani. Book now: 01739584672!,English,Star Kabab grand opening! 50% off all items. Banani. Book now: [PHONE] !,,
normal,"চাচা, আজ জুম্মার নামাজ পড়ে আসলাম। আপনি গেছেন?",Bengali,"চাচা, আজ জুম্মার নামাজ পড়ে আসলাম। আপনি গেছেন?",,
normal,আমার এই নাম্বারে কল করুন ০১৭২৯১৮২৮৯৩।,Bengali,আমার এই নাম্বারে কল করুন [PHONE] ।,,
normal,"Hi Arif, কালকে football খেলা হবে। তুমি আসছো কি? আমরা early morning মিলব usual place এ।",CodeMix,"Hi Arif, কালকে football খেলা হবে। তুমি আসছো কি? আমরা early morning মিলব usual place এ।",,
normal,আজ dinner জন্য কি plan? তুমি cook করতে চাও নাকি বাইরে order করি? Let me know before ৭ pm,CodeMix,আজ dinner জন্য কি plan? তুমি cook করতে চাও নাকি বাইরে order করি? Let me know before ৭ pm,,
promo,"সপ্তাহজুড়ে প্রো-লেভেল ইন্টারনেটিং,নাও ২৫জিবি@২১৯৳: cutt.ly/2wEyml8b",Bengali,"সপ্তাহজুড়ে প্রো-লেভেল ইন্টারনেটিং,নাও ২৫জিবি@২১৯৳: cutt.ly/2wEyml8b",,
normal,"Call this number 01672592871, I need money.",English,"Call this number [PHONE] , I need money.",,
promo,Robi combo pack মাত্র TK 300। Shop করুন এখনই!,CodeMix,Robi combo pack মাত্র TK 300। Shop করুন এখনই!,,
normal,"সুমাইয়া, তোমার assignment finished? I need to check something.",CodeMix,"সুমাইয়া, তোমার assignment finished? I need to check something.",,
promo,GP Binge Mega Pack: 150GB internet only 999TK. Validity 30 days. Dial *121*999# or Amar GP app. Perfect for heavy streamers.,Banglish,GP Binge Mega Pack: 150GB internet only 999TK. Validity 30 days. Dial *121*999# or Amar GP app. Perfect for heavy streamers.,,
normal,The garden party was wonderful! Everyone enjoyed the food and decorations. Great job organizing!,English,The garden party was wonderful! Everyone enjoyed the food and decorations. Great job organizing!,,
promo,"Mega cashback TK250! Get 60GB+1600min.@TK749, 30days: cutt.ly/yeqcP3pE",English,"Mega cashback TK250! Get 60GB+1600min.@TK749, 30days: cutt.ly/yeqcP3pE",,
normal,"Ajker din khub bhalo katlo, karon office er kaj time moto shesh korte parlam. Rasta jam kom chhilo, tai ekdom stress free vabe bari pouchhlam. Amar mone hochhe ekhon ektu relax kora uchit.",Banglish,"Ajker din khub bhalo katlo, karon office er kaj time moto shesh korte parlam. Rasta jam kom chhilo, tai ekdom stress free vabe bari pouchhlam. Amar mone hochhe ekhon ektu relax kora uchit.",,
normal,তুমি কি shopping এ গেছো?,CodeMix,তুমি কি shopping এ গেছো?,,
normal,"আজকে আমি tired, can we reschedule our plan?",CodeMix,"আজকে আমি tired, can we reschedule our plan?",,
promo,ঈদ কেনাকাটায় ডায়মন্ড গহনায় ২৫% ছাড় চাঁদরাত পর্যন্ত। ফোন: ০১৭১৩১৯৯২৭০,Bengali,ঈদ কেনাকাটায় ডায়মন্ড গহনায় ২৫% ছাড় চাঁদরাত পর্যন্ত। ফোন: [PHONE],,
promo,দারাজ ১১.১১ সেল! সব ক্যাটাগরিতে মেগা ডিসকাউন্ট। ফ্ল্যাশ সেল শুরু!,Bengali,দারাজ ১১.১১ সেল! সব ক্যাটাগরিতে মেগা ডিসকাউন্ট। ফ্ল্যাশ সেল শুরু!,,
normal,Ajker porikkolpona ki?,Banglish,Ajker porikkolpona ki?,,
promo,BTRC-র database-এ handset-টি নিবন্ধিত নয়। handset-টি automatically registration হবে।,CodeMix,BTRC-র database-এ handset-টি নিবন্ধিত নয়। handset-টি automatically registration হবে।,,
normal,Hope your life is prosperous!,English,Hope your life is prosperous!,,
promo,Bashundhara Group job circular! Apply today. Salary upto 1 lakh. careers.bashundhara.com,Banglish,Bashundhara Group job circular! Apply today. Salary upto 1 lakh. [URL],,
normal,I finally finished that 1000-piece puzzle we started last month.,English,I finally finished that 1000-piece puzzle we started last month.,,
promo,Grameenphone Special: 25GB + unlimited calls for only 399 TK. Valid 30 days. Dial *121*3399# now!,English,Grameenphone Special: 25GB + unlimited calls for only 399 TK. Valid 30 days. Dial *121*3399# now!,,
promo,Pizza Hut family feast: Large pizza + garlic bread + drinks 899TK!,English,Pizza Hut family feast: Large pizza + garlic bread + drinks 899TK!,,
promo,"Apex Tannery leather goods exhibition! Shoes, bags, wallets up to 45% discount. Dhaka Trade Center!",English,"Apex Tannery leather goods exhibition! Shoes, bags, wallets up to 45% discount. Dhaka Trade Center!",,
promo,Airtel postpaid user এর জন্য ২৫% discount offer চলছে। Don’t miss!,CodeMix,Airtel postpaid user এর জন্য ২৫% discount offer চলছে। Don’t miss!,,
normal,"Hello, ki korcho?",Banglish,"Hello, ki korcho?",,
normal,"Your electricity bill is due 7200/- taka, urgent.",English,"Your electricity bill is due 7200/- taka, urgent.",,
normal,"tumi ja korte chaibe, ta parbe.",Banglish,"tumi ja korte chaibe, ta parbe.",,
promo,বোনাস সহ ৪জিবি-৬৬টাকা-৭দিন।ডায়াল *১২১*৫০৪৭# বা https://mygp.li/mo,Bengali,বোনাস সহ ৪জিবি-৬৬টাকা-৭দিন।ডায়াল *১২১*৫০৪৭# বা [URL],,
normal,তুমি কি গান শুনছো?,Bengali,তুমি কি গান শুনছো?,,
normal,"তোমার পাশে আছি, কোনো tension করো না।",CodeMix,"তোমার পাশে আছি, কোনো tension করো না।",,
normal,ami amar poribarer shonge ami shomoy katate chai.,Banglish,ami amar poribarer shonge ami shomoy katate chai.,,
normal,Hope your day goes well!,English,Hope your day goes well!,,
normal,আমি এখানে।,Bengali,আমি এখানে।,,
normal,Tumi ki theater e jachho?,Banglish,Tumi ki theater e jachho?,,
normal,Tumi ki cinema dekhcho?,Banglish,Tumi ki cinema dekhcho?,,
normal,The family reunion was amazing! So good to see everyone after such a long time. Great memories made.,English,The family reunion was amazing! So good to see everyone after such a long time. Great memories made.,,
normal,ঈদ মোবারক!,Bengali,ঈদ মোবারক!,,
promo,Fresh fish and meat home delivery! Kazi Farms Kitchen delivers in 3 hours. Order: 09666701010,English,Fresh fish and meat home delivery! Kazi Farms Kitchen delivers in 3 hours. Order: [PHONE],,
normal,শুভ নববর্ষের শুভেচ্ছা!,Bengali,শুভ নববর্ষের শুভেচ্ছা!,,
normal,"Call this number 01672592897, I need money.",English,"Call this number [PHONE] , I need money.",,
normal,"ধৈর্য ধরো, ভালো সময় আসবে।",Bengali,"ধৈর্য ধরো, ভালো সময় আসবে।",,
